time,f7_time,stage,type,id,target,position,velocity,current,state,code,desired_position,chirp_phase
0.005018441006541252,1084.467,observe,1,2,,20.15447998046875,5.82249641418457,-0.0,0,1,,
0.005018441006541252,1084.467,observe,1,1,,71.80467987060547,-0.0,-0.0,0,1,,
0.005018441006541252,1084.467,observe,0,4,,0.000335693359375,-0.0,-0.006000000052154064,0,1,,
0.005018441006541252,1084.467,observe,0,1,,0.0005965481395833194,0.0,-0.004999999888241291,0,1,,
0.013298430014401674,1084.477,observe,1,2,,20.15447998046875,2.2223849296569824,-0.0,0,1,,
0.013298430014401674,1084.477,observe,1,1,,71.80467987060547,-0.0,-0.0,0,1,,
0.013298430014401674,1084.477,observe,0,4,,0.000335693359375,-0.0,-0.006000000052154064,0,1,,
0.013298430014401674,1084.477,observe,0,1,,0.0005965481395833194,0.0,-0.004999999888241291,0,1,,
0.023436321003828198,1084.487,observe,1,2,,20.151580810546875,-0.8593748807907104,-0.0,0,1,,
0.023436321003828198,1084.487,observe,1,1,,71.80467987060547,-0.0,-0.0,0,1,,
0.023436321003828198,1084.487,observe,0,4,,0.000335693359375,-0.0,-0.010999999940395355,0,1,,
0.023436321003828198,1084.487,observe,0,1,,0.0005965481395833194,0.0,-0.004999999888241291,0,1,,
0.033244632999412715,1084.497,observe,1,2,,20.14593505859375,-9.923604965209961,-0.0,0,1,,
0.033244632999412715,1084.497,observe,1,1,,71.80467987060547,-0.0,-0.0,0,1,,
0.033244632999412715,1084.497,observe,0,4,,0.000335693359375,-0.0,-0.010999999940395355,0,1,,
0.033244632999412715,1084.497,observe,0,1,,0.0005965481395833194,0.0,-0.004999999888241291,0,1,,
0.04353001102572307,1084.507,observe,1,2,,20.157257080078125,7.590195655822754,-0.0,0,1,,
0.04353001102572307,1084.507,observe,1,1,,71.80467987060547,-0.0,-0.0,0,1,,
0.04353001102572307,1084.507,observe,0,4,,0.000335693359375,-0.0,-0.010999999940395355,0,1,,
0.04353001102572307,1084.507,observe,0,1,,0.0005965481395833194,0.0,0.029999999329447746,0,1,,
0.053394078044220805,1084.517,observe,1,2,,20.157257080078125,2.1778030395507812,-0.0,0,1,,
0.053394078044220805,1084.517,observe,1,1,,71.80467987060547,-0.0,-0.0,0,1,,
0.053394078044220805,1084.517,observe,0,4,,0.000335693359375,-0.0,0.05000000074505806,0,1,,
0.053394078044220805,1084.517,observe,0,1,,0.0005965481395833194,0.0,-0.004999999888241291,0,1,,
0.06367745203897357,1084.527,observe,1,2,,20.15447998046875,1.7644894123077393,-0.0,0,1,,
0.06367745203897357,1084.527,observe,1,1,,71.80467987060547,-0.0,-0.0,0,1,,
0.06367745203897357,1084.527,observe,0,4,,0.000335693359375,-0.0,-0.006000000052154064,0,1,,
0.06367745203897357,1084.527,observe,0,1,,0.0005965481395833194,0.0,-0.004999999888241291,0,1,,
0.07346714904997498,1084.537,observe,1,2,,20.15447998046875,4.887601852416992,-0.0,0,1,,
0.07346714904997498,1084.537,observe,1,1,,71.80467987060547,-0.0,-0.0,0,1,,
0.07346714904997498,1084.537,observe,0,4,,0.000335693359375,-0.0,-0.010999999940395355,0,1,,
0.07346714904997498,1084.537,observe,0,1,,0.0005965481395833194,0.0,-0.004999999888241291,0,1,,
0.08358914003474638,1084.547,observe,1,2,,20.151580810546875,-7.022821426391602,-0.0,0,1,,
0.08358914003474638,1084.547,observe,1,1,,71.80467987060547,-0.0,-0.0,0,1,,
0.08358914003474638,1084.547,observe,0,4,,0.000335693359375,-0.0,-0.006000000052154064,0,1,,
0.08358914003474638,1084.547,observe,0,1,,0.0005965481395833194,0.0,-0.004999999888241291,0,1,,
0.09349118801765144,1084.557,observe,1,2,,20.15447998046875,0.42239895462989807,-0.0,0,1,,
0.09349118801765144,1084.557,observe,1,1,,71.80467987060547,-0.0,-0.0,0,1,,
0.09349118801765144,1084.557,observe,0,4,,0.000335693359375,-0.0,-0.010999999940395355,0,1,,
0.09349118801765144,1084.557,observe,0,1,,0.0005965481395833194,0.0,-0.004999999888241291,0,1,,
0.10369074501795694,1084.567,observe,1,2,,20.151580810546875,2.3624625205993652,-0.0,0,1,,
0.10369074501795694,1084.567,observe,1,1,,71.80467987060547,-0.0,-0.0,0,1,,
0.10369074501795694,1084.567,observe,0,4,,0.000335693359375,-0.0,-0.010999999940395355,0,1,,
0.10369074501795694,1084.567,observe,0,1,,0.0005965481395833194,0.0,0.032999999821186066,0,1,,
0.11330354900564998,1084.577,observe,1,2,,20.14593505859375,-8.073944091796875,-0.0,0,1,,
0.11330354900564998,1084.577,observe,1,1,,71.80467987060547,-0.0,-0.0,0,1,,
0.11330354900564998,1084.577,observe,0,4,,0.000335693359375,-0.0,-0.006000000052154064,0,1,,
0.11330354900564998,1084.577,observe,0,1,,0.0005965481395833194,0.0,-0.004999999888241291,0,1,,
0.12363854004070163,1084.587,observe,1,2,,20.15447998046875,0.8190668225288391,-0.0,0,1,,
0.12363854004070163,1084.587,observe,1,1,,71.80467987060547,-0.0,-0.0,0,1,,
0.12363854004070163,1084.587,observe,0,4,,0.000335693359375,-0.0,-0.006000000052154064,0,1,,
0.12363854004070163,1084.587,observe,0,1,,0.0005965481395833194,0.0,0.032999999821186066,0,1,,
0.13324802805436775,1084.597,observe,1,2,,20.15447998046875,-0.1089562401175499,-0.0,0,1,,
0.13324802805436775,1084.597,observe,1,1,,71.80467987060547,-0.0,-0.0,0,1,,
0.13324802805436775,1084.597,observe,0,4,,0.000335693359375,-0.0,-0.006000000052154064,0,1,,
0.13324802805436775,1084.597,observe,0,1,,0.0005965481395833194,0.0,-0.004999999888241291,0,1,,
0.14353389700409025,1084.607,observe,1,2,,20.151580810546875,-4.732700347900391,-0.0,0,1,,
0.14353389700409025,1084.607,observe,1,1,,71.80467987060547,-0.0,-0.0,0,1,,
0.14353389700409025,1084.607,observe,0,4,,0.000335693359375,-0.0,-0.010999999940395355,0,1,,
0.14353389700409025,1084.607,observe,0,1,,0.0005965481395833194,0.0,0.029999999329447746,0,1,,
0.15327627502847463,1084.617,observe,1,2,,20.16009521484375,5.444456577301025,-0.0,0,1,,
0.15327627502847463,1084.617,observe,1,1,,71.80467987060547,-0.0,-0.0,0,1,,
0.15327627502847463,1084.617,observe,0,4,,0.000335693359375,-0.0,-0.010999999940395355,0,1,,
0.15327627502847463,1084.617,observe,0,1,,0.0005965481395833194,0.0,-0.004999999888241291,0,1,,
0.1635177710559219,1084.627,observe,1,2,,20.157257080078125,4.315896034240723,-0.0,0,1,,
0.1635177710559219,1084.627,observe,1,1,,71.80467987060547,-0.0,-0.0,0,1,,
0.1635177710559219,1084.627,observe,0,4,,0.000335693359375,-0.0,-0.006000000052154064,0,1,,
0.1635177710559219,1084.627,observe,0,1,,0.0005965481395833194,0.0,-0.0430000014603138,0,1,,
0.1734015040565282,1084.637,observe,1,2,,20.151580810546875,3.2495174407958984,-0.0,0,1,,
0.1734015040565282,1084.637,observe,1,1,,71.80467987060547,-0.0,-0.0,0,1,,
0.1734015040565282,1084.637,observe,0,4,,0.000335693359375,-0.0,-0.010999999940395355,0,1,,
0.1734015040565282,1084.637,observe,0,1,,0.0005965481395833194,0.0,-0.004999999888241291,0,1,,
0.18347285001073033,1084.647,observe,1,2,,20.14593505859375,-5.727385520935059,-0.0,0,1,,
0.18347285001073033,1084.647,observe,1,1,,71.80467987060547,-0.0,-0.0,0,1,,
0.18347285001073033,1084.647,observe,0,4,,0.000335693359375,-0.0,-0.006000000052154064,0,1,,
0.18347285001073033,1084.647,observe,0,1,,0.0005965481395833194,0.0,-0.004999999888241291,0,1,,
0.19346246303757653,1084.657,observe,1,2,,20.148773193359375,-8.38251781463623,-0.0,0,1,,
0.19346246303757653,1084.657,observe,1,1,,71.80467987060547,-0.0,-0.0,0,1,,
0.19346246303757653,1084.657,observe,0,4,,0.000335693359375,-0.0,-0.006000000052154064,0,1,,
0.19346246303757653,1084.657,observe,0,1,,0.0005965481395833194,0.0,-0.004999999888241291,0,1,,
0.203526605037041,1084.667,observe,1,2,,20.143035888671875,-2.3161826133728027,-0.0,0,1,,
0.203526605037041,1084.667,observe,1,1,,71.80467987060547,-0.0,-0.0,0,1,,
0.203526605037041,1084.667,observe,0,4,,0.000335693359375,-0.0,-0.006000000052154064,0,1,,
0.203526605037041,1084.667,observe,0,1,,0.0005965481395833194,0.0,-0.004999999888241291,0,1,,
0.2132523610489443,1084.677,observe,1,2,,20.16009521484375,7.001169204711914,-0.0,0,1,,
0.2132523610489443,1084.677,observe,1,1,,71.80467987060547,-0.0,-0.0,0,1,,
0.2132523610489443,1084.677,observe,0,4,,0.000335693359375,-0.0,-0.006000000052154064,0,1,,
0.2132523610489443,1084.677,observe,0,1,,0.0005965481395833194,0.0,-0.004999999888241291,0,1,,
0.22354579501552507,1084.687,observe,1,2,,20.151580810546875,0.6355386972427368,-0.0,0,1,,
0.22354579501552507,1084.687,observe,1,1,,71.80467987060547,-0.0,-0.0,0,1,,
0.22354579501552507,1084.687,observe,0,4,,0.000335693359375,-0.0,-0.010999999940395355,0,1,,
0.22354579501552507,1084.687,observe,0,1,,0.0005965481395833194,0.0,0.029999999329447746,0,1,,
0.23338555602822453,1084.697,observe,1,2,,20.15447998046875,5.89532470703125,-0.0,0,1,,
0.23338555602822453,1084.697,observe,1,1,,71.80467987060547,-0.0,-0.0,0,1,,
0.23338555602822453,1084.697,observe,0,4,,0.000335693359375,-0.0,-0.010999999940395355,0,1,,
0.23338555602822453,1084.697,observe,0,1,,0.0005965481395833194,0.0,-0.00800000037997961,0,1,,
0.24358717602444813,1084.707,observe,1,2,,20.151580810546875,2.689316511154175,-0.0,0,1,,
0.24358717602444813,1084.707,observe,1,1,,71.80467987060547,-0.0,-0.0,0,1,,
0.24358717602444813,1084.707,observe,0,4,,0.000335693359375,-0.0,0.054999999701976776,0,1,,
0.24358717602444813,1084.707,observe,0,1,,0.0005965481395833194,0.0,-0.004999999888241291,0,1,,
0.2535105740535073,1084.717,observe,1,2,,20.14593505859375,4.092447280883789,-0.0,0,1,,
0.2535105740535073,1084.717,observe,1,1,,71.80467987060547,-0.0,-0.0,0,1,,
0.2535105740535073,1084.717,observe,0,4,,0.000335693359375,-0.0,-0.006000000052154064,0,1,,
0.2535105740535073,1084.717,observe,0,1,,0.0005965481395833194,0.0,-0.004999999888241291,0,1,,
0.26369183702627197,1084.727,observe,1,2,,20.151580810546875,-0.7240298986434937,-0.0,0,1,,
0.26369183702627197,1084.727,observe,1,1,,71.80467987060547,-0.0,-0.0,0,1,,
0.26369183702627197,1084.727,observe,0,4,,0.000335693359375,-0.0,-0.010999999940395355,0,1,,
0.26369183702627197,1084.727,observe,0,1,,0.0005965481395833194,0.0,-0.004999999888241291,0,1,,
0.2734363990020938,1084.737,observe,1,2,,20.157257080078125,-7.113919734954834,-0.0,0,1,,
0.2734363990020938,1084.737,observe,1,1,,71.80467987060547,-0.0,-0.0,0,1,,
0.2734363990020938,1084.737,observe,0,4,,0.000335693359375,-0.0,-0.006000000052154064,0,1,,
0.2734363990020938,1084.737,observe,0,1,,0.0005965481395833194,0.0,-0.004999999888241291,0,1,,
0.28393631003564224,1084.747,observe,1,2,,20.148773193359375,-0.35083743929862976,-0.0,0,1,,
0.28393631003564224,1084.747,observe,1,1,,71.80467987060547,-0.0,-0.0,0,1,,
0.28393631003564224,1084.747,observe,0,4,,0.000335693359375,-0.0,-0.006000000052154064,0,1,,
0.28393631003564224,1084.747,observe,0,1,,0.0005965481395833194,0.0,-0.0430000014603138,0,1,,
0.2938330380129628,1084.757,observe,1,2,,20.151580810546875,4.467985153198242,-0.0,0,1,,
0.2938330380129628,1084.757,observe,1,1,,71.80467987060547,-0.0,-0.0,0,1,,
0.2938330380129628,1084.757,observe,0,4,,0.000335693359375,-0.0,-0.006000000052154064,0,1,,
0.2938330380129628,1084.757,observe,0,1,,0.0005965481395833194,0.0,-0.00800000037997961,0,1,,
0.3034875800367445,1084.767,observe,1,2,,20.1402587890625,-5.9955668449401855,-0.0,0,1,,
0.3034875800367445,1084.767,observe,1,1,,71.80467987060547,-0.0,-0.0,0,1,,
0.3034875800367445,1084.767,observe,0,4,,0.000335693359375,-0.0,-0.006000000052154064,0,1,,
0.3034875800367445,1084.767,observe,0,1,,0.0005965481395833194,0.0,-0.004999999888241291,0,1,,
0.31342299102107063,1084.777,observe,1,2,,20.157257080078125,4.926170349121094,-0.0,0,1,,
0.31342299102107063,1084.777,observe,1,1,,71.80467987060547,-0.0,-0.0,0,1,,
0.31342299102107063,1084.777,observe,0,4,,0.000335693359375,-0.0,-0.006000000052154064,0,1,,
0.31342299102107063,1084.777,observe,0,1,,0.0005965481395833194,0.0,-0.004999999888241291,0,1,,
0.3234097380191088,1084.787,observe,1,2,,20.148773193359375,5.702548503875732,-0.0,0,1,,
0.3234097380191088,1084.787,observe,1,1,,71.80467987060547,-0.0,-0.0,0,1,,
0.3234097380191088,1084.787,observe,0,4,,0.000335693359375,-0.0,-0.006000000052154064,0,1,,
0.3234097380191088,1084.787,observe,0,1,,0.0005965481395833194,0.0,-0.004999999888241291,0,1,,
0.3332669510273263,1084.797,observe,1,2,,20.14593505859375,-6.34158992767334,-0.0,0,1,,
0.3332669510273263,1084.797,observe,1,1,,71.80467987060547,-0.0,-0.0,0,1,,
0.3332669510273263,1084.797,observe,0,4,,0.000335693359375,-0.0,0.05000000074505806,0,1,,
0.3332669510273263,1084.797,observe,0,1,,0.0005965481395833194,0.0,-0.004999999888241291,0,1,,
0.3437190930126235,1084.807,observe,1,2,,20.157257080078125,8.673637390136719,-0.0,0,1,,
0.3437190930126235,1084.807,observe,1,1,,71.80467987060547,-0.0,-0.0,0,1,,
0.3437190930126235,1084.807,observe,0,4,,0.000335693359375,-0.0,-0.010999999940395355,0,1,,
0.3437190930126235,1084.807,observe,0,1,,0.0005965481395833194,0.0,0.029999999329447746,0,1,,
0.35335761605529115,1084.817,observe,1,2,,20.151580810546875,0.6179841756820679,-0.0,0,1,,
0.35335761605529115,1084.817,observe,1,1,,71.80467987060547,-0.0,-0.0,0,1,,
0.35335761605529115,1084.817,observe,0,4,,0.000335693359375,-0.0,-0.006000000052154064,0,1,,
0.35335761605529115,1084.817,observe,0,1,,0.0005965481395833194,0.0,-0.004999999888241291,0,1,,
0.36352359905140474,1084.827,observe,1,2,,20.157257080078125,5.1018548011779785,-0.0,0,1,,
0.36352359905140474,1084.827,observe,1,1,,71.80467987060547,-0.0,-0.0,0,1,,
0.36352359905140474,1084.827,observe,0,4,,0.000335693359375,-0.0,-0.006000000052154064,0,1,,
0.36352359905140474,1084.827,observe,0,1,,0.0005965481395833194,0.0,0.029999999329447746,0,1,,
0.37314957805210724,1084.837,observe,1,2,,20.157257080078125,2.6972031593322754,-0.0,0,1,,
0.37314957805210724,1084.837,observe,1,1,,71.80467987060547,-0.0,-0.0,0,1,,
0.37314957805210724,1084.837,observe,0,4,,0.000335693359375,-0.0,-0.006000000052154064,0,1,,
0.37314957805210724,1084.837,observe,0,1,,0.0005965481395833194,0.0,-0.004999999888241291,0,1,,
0.3835467570461333,1084.847,observe,1,2,,20.148773193359375,-0.4908410608768463,-0.0,0,1,,
0.3835467570461333,1084.847,observe,1,1,,71.80467987060547,-0.0,-0.0,0,1,,
0.3835467570461333,1084.847,observe,0,4,,0.000335693359375,-0.0,-0.006000000052154064,0,1,,
0.3835467570461333,1084.847,observe,0,1,,0.0005965481395833194,0.0,-0.004999999888241291,0,1,,
0.39315018302295357,1084.857,observe,1,2,,20.151580810546875,0.5127866864204407,-0.0,0,1,,
0.39315018302295357,1084.857,observe,1,1,,71.80467987060547,-0.0,-0.0,0,1,,
0.39315018302295357,1084.857,observe,0,4,,0.000335693359375,-0.0,0.054999999701976776,0,1,,
0.39315018302295357,1084.857,observe,0,1,,0.0005965481395833194,0.0,-0.004999999888241291,0,1,,
0.4034592660027556,1084.867,observe,1,2,,20.157257080078125,2.402207851409912,-0.0,0,1,,
0.4034592660027556,1084.867,observe,1,1,,71.80467987060547,-0.0,-0.0,0,1,,
0.4034592660027556,1084.867,observe,0,4,,0.000335693359375,-0.0,-0.010999999940395355,0,1,,
0.4034592660027556,1084.867,observe,0,1,,0.0005965481395833194,0.0,-0.0430000014603138,0,1,,
0.41355077002663165,1084.877,observe,1,2,,20.151580810546875,0.7912471890449524,-0.0,0,1,,
0.41355077002663165,1084.877,observe,1,1,,71.80467987060547,-0.0,-0.0,0,1,,
0.41355077002663165,1084.877,observe,0,4,,0.000335693359375,-0.0,-0.006000000052154064,0,1,,
0.41355077002663165,1084.877,observe,0,1,,0.0005965481395833194,0.0,-0.004999999888241291,0,1,,
0.42363759502768517,1084.887,observe,1,2,,20.151580810546875,-3.036900043487549,-0.0,0,1,,
0.42363759502768517,1084.887,observe,1,1,,71.80467987060547,-0.0,-0.0,0,1,,
0.42363759502768517,1084.887,observe,0,4,,0.000335693359375,-0.0,-0.006000000052154064,0,1,,
0.42363759502768517,1084.887,observe,0,1,,0.0005965481395833194,0.0,-0.004999999888241291,0,1,,
0.4336150440503843,1084.897,observe,1,2,,20.15447998046875,-4.349559783935547,-0.0,0,1,,
0.4336150440503843,1084.897,observe,1,1,,71.80467987060547,-0.0,-0.0,0,1,,
0.4336150440503843,1084.897,observe,0,4,,0.000335693359375,-0.0,-0.010999999940395355,0,1,,
0.4336150440503843,1084.897,observe,0,1,,0.0005965481395833194,0.0,0.029999999329447746,0,1,,
0.4435742700006813,1084.907,observe,1,2,,20.14593505859375,-4.011195659637451,-0.0,0,1,,
0.4435742700006813,1084.907,observe,1,1,,71.80467987060547,-0.0,-0.0,0,1,,
0.4435742700006813,1084.907,observe,0,4,,0.000335693359375,-0.0,0.054999999701976776,0,1,,
0.4435742700006813,1084.907,observe,0,1,,0.0005965481395833194,0.0,-0.004999999888241291,0,1,,
0.4534598270547576,1084.917,observe,1,2,,20.151580810546875,-1.9852607250213623,-0.0,0,1,,
0.4534598270547576,1084.917,observe,1,1,,71.80467987060547,-0.0,-0.0,0,1,,
0.4534598270547576,1084.917,observe,0,4,,0.000335693359375,-0.0,-0.006000000052154064,0,1,,
0.4534598270547576,1084.917,observe,0,1,,0.0005965481395833194,0.0,-0.04100000113248825,0,1,,
0.46345691301394254,1084.927,observe,1,2,,20.16009521484375,3.061929941177368,-0.0,0,1,,
0.46345691301394254,1084.927,observe,1,1,,71.80467987060547,-0.0,-0.0,0,1,,
0.46345691301394254,1084.927,observe,0,4,,0.000335693359375,-0.0,-0.010999999940395355,0,1,,
0.46345691301394254,1084.927,observe,0,1,,0.0005965481395833194,0.0,-0.004999999888241291,0,1,,
0.4735827910481021,1084.937,observe,1,2,,20.16009521484375,10.270085334777832,-0.0,0,1,,
0.4735827910481021,1084.937,observe,1,1,,71.80467987060547,-0.0,-0.0,0,1,,
0.4735827910481021,1084.937,observe,0,4,,0.000335693359375,-0.0,-0.006000000052154064,0,1,,
0.4735827910481021,1084.937,observe,0,1,,0.0005965481395833194,0.0,-0.004999999888241291,0,1,,
0.48355721501866356,1084.947,observe,1,2,,20.148773193359375,-10.3649320602417,-0.0,0,1,,
0.48355721501866356,1084.947,observe,1,1,,71.80467987060547,-0.0,-0.0,0,1,,
0.48355721501866356,1084.947,observe,0,4,,0.000335693359375,-0.0,-0.006000000052154064,0,1,,
0.48355721501866356,1084.947,observe,0,1,,0.0005965481395833194,0.0,0.06800000369548798,0,1,,
0.4936216080095619,1084.957,observe,1,2,,20.151580810546875,-3.6003811359405518,-0.0,0,1,,
0.4936216080095619,1084.957,observe,1,1,,71.80467987060547,-0.0,-0.0,0,1,,
0.4936216080095619,1084.957,observe,0,4,,0.000335693359375,-0.0,-0.010999999940395355,0,1,,
0.4936216080095619,1084.957,observe,0,1,,0.0005965481395833194,0.0,-0.004999999888241291,0,1,,
0.5038376260199584,1084.967,observe,1,2,,20.15447998046875,-2.264066457748413,-0.0,0,1,,
0.5038376260199584,1084.967,observe,1,1,,71.80467987060547,-0.0,-0.0,0,1,,
0.5038376260199584,1084.967,observe,0,4,,0.000335693359375,-0.0,-0.010999999940395355,0,1,,
0.5038376260199584,1084.967,observe,0,1,,0.0005965481395833194,0.0,-0.004999999888241291,0,1,,
0.5135877980501391,1084.977,observe,1,2,,20.16009521484375,12.639758110046387,-0.0,0,1,,
0.5135877980501391,1084.977,observe,1,1,,71.80467987060547,-0.0,-0.0,0,1,,
0.5135877980501391,1084.977,observe,0,4,,0.000335693359375,-0.0,-0.010999999940395355,0,1,,
0.5135877980501391,1084.977,observe,0,1,,0.0005965481395833194,0.0,-0.004999999888241291,0,1,,
0.523545891046524,1084.987,observe,1,2,,20.15447998046875,1.935909628868103,-0.0,0,1,,
0.523545891046524,1084.987,observe,1,1,,71.80467987060547,-0.0,-0.0,0,1,,
0.523545891046524,1084.987,observe,0,4,,0.000335693359375,-0.0,-0.006000000052154064,0,1,,
0.523545891046524,1084.987,observe,0,1,,0.0005965481395833194,0.0,-0.004999999888241291,0,1,,
0.5338845700025558,1084.997,observe,1,2,,20.14593505859375,-9.629473686218262,-0.0,0,1,,
0.5338845700025558,1084.997,observe,1,1,,71.80467987060547,-0.0,-0.0,0,1,,
0.5338845700025558,1084.997,observe,0,4,,0.000335693359375,-0.0,0.054999999701976776,0,1,,
0.5338845700025558,1084.997,observe,0,1,,0.0005965481395833194,0.0,-0.0430000014603138,0,1,,
0.5438941600150429,1085.007,observe,1,2,,20.151580810546875,-2.5487475395202637,-0.0,0,1,,
0.5438941600150429,1085.007,observe,1,1,,71.80467987060547,-0.0,-0.0,0,1,,
0.5438941600150429,1085.007,observe,0,4,,0.000335693359375,-0.0,-0.006000000052154064,0,1,,
0.5438941600150429,1085.007,observe,0,1,,0.0005965481395833194,0.0,-0.004999999888241291,0,1,,
0.5536278510116972,1085.017,observe,1,2,,20.15447998046875,-0.713187038898468,-0.0,0,1,,
0.5536278510116972,1085.017,observe,1,1,,71.80467987060547,-0.0,-0.0,0,1,,
0.5536278510116972,1085.017,observe,0,4,,0.000335693359375,-0.0,-0.006000000052154064,0,1,,
0.5536278510116972,1085.017,observe,0,1,,0.0005965481395833194,0.0,-0.00800000037997961,0,1,,
0.5640886890469119,1085.027,observe,1,2,,20.14593505859375,-7.124946117401123,-0.0,0,1,,
0.5640886890469119,1085.027,observe,1,1,,71.80467987060547,-0.0,-0.0,0,1,,
0.5640886890469119,1085.027,observe,0,4,,0.000335693359375,-0.0,-0.006000000052154064,0,1,,
0.5640886890469119,1085.027,observe,0,1,,0.0005965481395833194,0.0,-0.004999999888241291,0,1,,
0.57367355102906,1085.037,observe,1,2,,20.151580810546875,-0.25866591930389404,-0.0,0,1,,
0.57367355102906,1085.037,observe,1,1,,71.80467987060547,-0.0,-0.0,0,1,,
0.57367355102906,1085.037,observe,0,4,,0.000335693359375,-0.0,0.054999999701976776,0,1,,
0.57367355102906,1085.037,observe,0,1,,0.0005965481395833194,0.0,-0.004999999888241291,0,1,,
0.5837780490401201,1085.047,observe,1,2,,20.151580810546875,-3.2885971069335938,-0.0,0,1,,
0.5837780490401201,1085.047,observe,1,1,,71.80467987060547,-0.0,-0.0,0,1,,
0.5837780490401201,1085.047,observe,0,4,,0.000335693359375,-0.0,-0.006000000052154064,0,1,,
0.5837780490401201,1085.047,observe,0,1,,0.0005965481395833194,0.0,-0.0430000014603138,0,1,,
0.5936982710263692,1085.057,observe,1,2,,20.148773193359375,-3.893666982650757,-0.0,0,1,,
0.5936982710263692,1085.057,observe,1,1,,71.80467987060547,-0.0,-0.0,0,1,,
0.5936982710263692,1085.057,observe,0,4,,0.000335693359375,-0.0,-0.006000000052154064,0,1,,
0.5936982710263692,1085.057,observe,0,1,,0.0005965481395833194,0.0,-0.004999999888241291,0,1,,
0.6038161340402439,1085.067,observe,1,2,,20.16009521484375,1.139184832572937,-0.0,0,1,,
0.6038161340402439,1085.067,observe,1,1,,71.80467987060547,-0.0,-0.0,0,1,,
0.6038161340402439,1085.067,observe,0,4,,0.000335693359375,-0.0,-0.006000000052154064,0,1,,
0.6038161340402439,1085.067,observe,0,1,,0.0005965481395833194,0.0,-0.004999999888241291,0,1,,
0.6135767460218631,1085.077,observe,1,2,,20.148773193359375,-6.482283115386963,-0.0,0,1,,
0.6135767460218631,1085.077,observe,1,1,,71.80467987060547,-0.0,-0.0,0,1,,
0.6135767460218631,1085.077,observe,0,4,,0.000335693359375,-0.0,0.054999999701976776,0,1,,
0.6135767460218631,1085.077,observe,0,1,,0.0005965481395833194,0.0,-0.004999999888241291,0,1,,
0.6236156510422006,1085.087,observe,1,2,,20.148773193359375,-4.09441614151001,-0.0,0,1,,
0.6236156510422006,1085.087,observe,1,1,,71.80467987060547,-0.0,-0.0,0,1,,
0.6236156510422006,1085.087,observe,0,4,,0.000335693359375,-0.0,-0.010999999940395355,0,1,,
0.6236156510422006,1085.087,observe,0,1,,0.0005965481395833194,0.0,-0.004999999888241291,0,1,,
0.633493724046275,1085.097,observe,1,2,,20.15447998046875,5.186175346374512,-0.0,0,1,,
0.633493724046275,1085.097,observe,1,1,,71.80467987060547,-0.0,-0.0,0,1,,
0.633493724046275,1085.097,observe,0,4,,0.000335693359375,-0.0,-0.006000000052154064,0,1,,
0.633493724046275,1085.097,observe,0,1,,0.0005965481395833194,0.0,0.06800000369548798,0,1,,
0.6442351990262978,1085.107,observe,1,2,,20.15447998046875,2.4324958324432373,-0.0,0,1,,
0.6442351990262978,1085.107,observe,1,1,,71.80467987060547,-0.0,-0.0,0,1,,
0.6442351990262978,1085.107,observe,0,4,,0.000335693359375,-0.0,-0.006000000052154064,0,1,,
0.6442351990262978,1085.107,observe,0,1,,0.0005965481395833194,0.0,-0.004999999888241291,0,1,,
0.6534036890370771,1085.117,observe,1,2,,20.157257080078125,3.6880202293395996,-0.0,0,1,,
0.6534036890370771,1085.117,observe,1,1,,71.80467987060547,-0.0,-0.0,0,1,,
0.6534036890370771,1085.117,observe,0,4,,0.000335693359375,-0.0,0.054999999701976776,0,1,,
0.6534036890370771,1085.117,observe,0,1,,0.0005965481395833194,0.0,-0.004999999888241291,0,1,,
0.6636433810344897,1085.127,observe,1,2,,20.157257080078125,6.238555431365967,-0.0,0,1,,
0.6636433810344897,1085.127,observe,1,1,,71.80467987060547,-0.0,-0.0,0,1,,
0.6636433810344897,1085.127,observe,0,4,,0.000335693359375,-0.0,-0.006000000052154064,0,1,,
0.6636433810344897,1085.127,observe,0,1,,0.0005965481395833194,0.0,0.06800000369548798,0,1,,
0.6735026080277748,1085.137,observe,1,2,,20.157257080078125,2.9893100261688232,-0.0,0,1,,
0.6735026080277748,1085.137,observe,1,1,,71.80467987060547,-0.0,-0.0,0,1,,
0.6735026080277748,1085.137,observe,0,4,,0.000335693359375,-0.0,-0.006000000052154064,0,1,,
0.6735026080277748,1085.137,observe,0,1,,0.0005965481395833194,0.0,-0.004999999888241291,0,1,,
0.6835425450117327,1085.147,observe,1,2,,20.15447998046875,-2.2971792221069336,-0.0,0,1,,
0.6835425450117327,1085.147,observe,1,1,,71.80467987060547,-0.0,-0.0,0,1,,
0.6835425450117327,1085.147,observe,0,4,,0.000335693359375,-0.0,-0.006000000052154064,0,1,,
0.6835425450117327,1085.147,observe,0,1,,0.0005965481395833194,0.0,0.029999999329447746,0,1,,
0.6933814040385187,1085.157,observe,1,2,,20.15447998046875,2.607107639312744,-0.0,0,1,,
0.6933814040385187,1085.157,observe,1,1,,71.80467987060547,-0.0,-0.0,0,1,,
0.6933814040385187,1085.157,observe,0,4,,0.000335693359375,-0.0,-0.006000000052154064,0,1,,
0.6933814040385187,1085.157,observe,0,1,,0.0005965481395833194,0.0,0.029999999329447746,0,1,,
0.7034580500330776,1085.167,observe,1,2,,20.151580810546875,-8.464346885681152,-0.0,0,1,,
0.7034580500330776,1085.167,observe,1,1,,71.80467987060547,-0.0,-0.0,0,1,,
0.7034580500330776,1085.167,observe,0,4,,0.000335693359375,-0.0,0.054999999701976776,0,1,,
0.7034580500330776,1085.167,observe,0,1,,0.0005965481395833194,0.0,-0.004999999888241291,0,1,,
0.7134169350028969,1085.177,observe,1,2,,20.151580810546875,-1.486902117729187,-0.0,0,1,,
0.7134169350028969,1085.177,observe,1,1,,71.80467987060547,-0.0,-0.0,0,1,,
0.7134169350028969,1085.177,observe,0,4,,0.000335693359375,-0.0,-0.010999999940395355,0,1,,
0.7134169350028969,1085.177,observe,0,1,,0.0005965481395833194,0.0,-0.004999999888241291,0,1,,
0.7233996740542352,1085.187,observe,1,2,,20.14593505859375,-0.35197126865386963,-0.0,0,1,,
0.7233996740542352,1085.187,observe,1,1,,71.80467987060547,-0.0,-0.0,0,1,,
0.7233996740542352,1085.187,observe,0,4,,0.000335693359375,-0.0,-0.010999999940395355,0,1,,
0.7233996740542352,1085.187,observe,0,1,,0.0005965481395833194,0.0,-0.00800000037997961,0,1,,
0.733276425045915,1085.197,observe,1,2,,20.162933349609375,10.044546127319336,-0.0,0,1,,
0.733276425045915,1085.197,observe,1,1,,71.80467987060547,-0.0,-0.0,0,1,,
0.733276425045915,1085.197,observe,0,4,,0.000335693359375,-0.0,-0.010999999940395355,0,1,,
0.733276425045915,1085.197,observe,0,1,,0.0005965481395833194,0.0,-0.004999999888241291,0,1,,
0.7438747810083441,1085.207,observe,1,2,,20.151580810546875,0.5981829762458801,-0.0,0,1,,
0.7438747810083441,1085.207,observe,1,1,,71.80467987060547,-0.0,-0.0,0,1,,
0.7438747810083441,1085.207,observe,0,4,,0.000335693359375,-0.0,-0.010999999940395355,0,1,,
0.7438747810083441,1085.207,observe,0,1,,0.0005965481395833194,0.0,0.029999999329447746,0,1,,
0.7534589710412547,1085.217,observe,1,2,,20.148773193359375,4.351433277130127,-0.0,0,1,,
0.7534589710412547,1085.217,observe,1,1,,71.80467987060547,-0.0,-0.0,0,1,,
0.7534589710412547,1085.217,observe,0,4,,0.000335693359375,-0.0,-0.006000000052154064,0,1,,
0.7534589710412547,1085.217,observe,0,1,,0.0005965481395833194,0.0,-0.004999999888241291,0,1,,
0.7635517480084673,1085.227,observe,1,2,,20.151580810546875,1.421271562576294,-0.0,0,1,,
0.7635517480084673,1085.227,observe,1,1,,71.80467987060547,-0.0,-0.0,0,1,,
0.7635517480084673,1085.227,observe,0,4,,0.000335693359375,-0.0,0.05000000074505806,0,1,,
0.7635517480084673,1085.227,observe,0,1,,0.0005965481395833194,0.0,-0.004999999888241291,0,1,,
0.7732843270059675,1085.237,observe,1,2,,20.148773193359375,-3.8527956008911133,-0.0,0,1,,
0.7732843270059675,1085.237,observe,1,1,,71.80467987060547,-0.0,-0.0,0,1,,
0.7732843270059675,1085.237,observe,0,4,,0.000335693359375,-0.0,-0.010999999940395355,0,1,,
0.7732843270059675,1085.237,observe,0,1,,0.0005965481395833194,0.0,-0.0430000014603138,0,1,,
0.7835541360545903,1085.247,observe,1,2,,20.148773193359375,-6.845457553863525,-0.0,0,1,,
0.7835541360545903,1085.247,observe,1,1,,71.80467987060547,-0.0,-0.0,0,1,,
0.7835541360545903,1085.247,observe,0,4,,0.000335693359375,-0.0,-0.010999999940395355,0,1,,
0.7835541360545903,1085.247,observe,0,1,,0.0005965481395833194,0.0,-0.22599999606609344,0,1,,
0.7934833250474185,1085.257,observe,1,2,,20.148773193359375,-6.232798099517822,-0.0,0,1,,
0.7934833250474185,1085.257,observe,1,1,,71.80467987060547,-0.0,-0.0,0,1,,
0.7934833250474185,1085.257,observe,0,4,,0.000335693359375,-0.0,0.054999999701976776,0,1,,
0.7934833250474185,1085.257,observe,0,1,,0.0005965481395833194,0.0,-0.004999999888241291,0,1,,
0.8035449020098895,1085.267,observe,1,2,,20.151580810546875,-4.118304252624512,-0.0,0,1,,
0.8035449020098895,1085.267,observe,1,1,,71.80467987060547,-0.0,-0.0,0,1,,
0.8035449020098895,1085.267,observe,0,4,,0.000335693359375,-0.0,-0.010999999940395355,0,1,,
0.8035449020098895,1085.267,observe,0,1,,0.0005965481395833194,0.0,-0.004999999888241291,0,1,,
0.8135458660544828,1085.277,observe,1,2,,20.148773193359375,-4.680190086364746,-0.0,0,1,,
0.8135458660544828,1085.277,observe,1,1,,71.80467987060547,-0.0,-0.0,0,1,,
0.8135458660544828,1085.277,observe,0,4,,0.000335693359375,-0.0,-0.010999999940395355,0,1,,
0.8135458660544828,1085.277,observe,0,1,,0.0005965481395833194,0.0,-0.004999999888241291,0,1,,
0.823670853045769,1085.287,observe,1,2,,20.157257080078125,5.752867221832275,-0.0,0,1,,
0.823670853045769,1085.287,observe,1,1,,71.80467987060547,-0.0,-0.0,0,1,,
0.823670853045769,1085.287,observe,0,4,,0.000335693359375,-0.0,-0.006000000052154064,0,1,,
0.823670853045769,1085.287,observe,0,1,,0.0005965481395833194,0.0,-0.004999999888241291,0,1,,
0.8334420850151218,1085.297,observe,1,2,,20.15447998046875,-0.7739793062210083,-0.0,0,1,,
0.8334420850151218,1085.297,observe,1,1,,71.80467987060547,-0.0,-0.0,0,1,,
0.8334420850151218,1085.297,observe,0,4,,0.000335693359375,-0.0,-0.006000000052154064,0,1,,
0.8334420850151218,1085.297,observe,0,1,,0.0005965481395833194,0.0,-0.004999999888241291,0,1,,
0.8438305470044725,1085.307,observe,1,2,,20.151580810546875,5.164242267608643,-0.0,0,1,,
0.8438305470044725,1085.307,observe,1,1,,71.80467987060547,-0.0,-0.0,0,1,,
0.8438305470044725,1085.307,observe,0,4,,0.000335693359375,-0.0,-0.006000000052154064,0,1,,
0.8438305470044725,1085.307,observe,0,1,,0.0005965481395833194,0.0,-0.004999999888241291,0,1,,
0.8532303310348652,1085.317,observe,1,2,,20.151580810546875,-5.004539489746094,-0.0,0,1,,
0.8532303310348652,1085.317,observe,1,1,,71.80467987060547,-0.0,-0.0,0,1,,
0.8532303310348652,1085.317,observe,0,4,,0.000335693359375,-0.0,-0.010999999940395355,0,1,,
0.8532303310348652,1085.317,observe,0,1,,0.0005965481395833194,0.0,0.029999999329447746,0,1,,
0.8635923830443062,1085.327,observe,1,2,,20.165771484375,4.786581993103027,-0.0,0,1,,
0.8635923830443062,1085.327,observe,1,1,,71.80467987060547,-0.0,-0.0,0,1,,
0.8635923830443062,1085.327,observe,0,4,,0.000335693359375,-0.0,-0.010999999940395355,0,1,,
0.8635923830443062,1085.327,observe,0,1,,0.0005965481395833194,0.0,-0.004999999888241291,0,1,,
0.8731757019995712,1085.337,observe,1,2,,20.148773193359375,-5.636195182800293,-0.0,0,1,,
0.8731757019995712,1085.337,observe,1,1,,71.80467987060547,-0.0,-0.0,0,1,,
0.8731757019995712,1085.337,observe,0,4,,0.000335693359375,-0.0,-0.006000000052154064,0,1,,
0.8731757019995712,1085.337,observe,0,1,,0.0005965481395833194,0.0,-0.004999999888241291,0,1,,
0.8833942140336148,1085.347,observe,1,2,,20.15447998046875,-0.32570260763168335,-0.0,0,1,,
0.8833942140336148,1085.347,observe,1,1,,71.80467987060547,-0.0,-0.0,0,1,,
0.8833942140336148,1085.347,observe,0,4,,0.000335693359375,-0.0,-0.006000000052154064,0,1,,
0.8833942140336148,1085.347,observe,0,1,,0.0005965481395833194,0.0,-0.004999999888241291,0,1,,
0.8934590380522422,1085.357,observe,1,2,,20.16009521484375,-2.543581485748291,-0.0,0,1,,
0.8934590380522422,1085.357,observe,1,1,,71.80467987060547,-0.0,-0.0,0,1,,
0.8934590380522422,1085.357,observe,0,4,,0.000335693359375,-0.0,-0.006000000052154064,0,1,,
0.8934590380522422,1085.357,observe,0,1,,0.0005965481395833194,0.0,0.032999999821186066,0,1,,
0.9034134040120989,1085.367,observe,1,2,,20.162933349609375,1.4842257499694824,-0.0,0,1,,
0.9034134040120989,1085.367,observe,1,1,,71.80467987060547,-0.0,-0.0,0,1,,
0.9034134040120989,1085.367,observe,0,4,,0.000335693359375,-0.0,-0.006000000052154064,0,1,,
0.9034134040120989,1085.367,observe,0,1,,0.0005965481395833194,0.0,-0.004999999888241291,0,1,,
0.913441238051746,1085.377,observe,1,2,,20.148773193359375,-10.821099281311035,-0.0,0,1,,
0.913441238051746,1085.377,observe,1,1,,71.80467987060547,-0.0,-0.0,0,1,,
0.913441238051746,1085.377,observe,0,4,,0.000335693359375,-0.0,0.05000000074505806,0,1,,
0.913441238051746,1085.377,observe,0,1,,0.0005965481395833194,0.0,-0.004999999888241291,0,1,,
0.9234860640135594,1085.387,observe,1,2,,20.16009521484375,1.8693962097167969,-0.0,0,1,,
0.9234860640135594,1085.387,observe,1,1,,71.80467987060547,-0.0,-0.0,0,1,,
0.9234860640135594,1085.387,observe,0,4,,0.000335693359375,-0.0,0.054999999701976776,0,1,,
0.9234860640135594,1085.387,observe,0,1,,0.0005965481395833194,0.0,-0.004999999888241291,0,1,,
0.9332772540510632,1085.397,observe,1,2,,20.14593505859375,-0.8696074485778809,-0.0,0,1,,
0.9332772540510632,1085.397,observe,1,1,,71.80467987060547,-0.0,-0.0,0,1,,
0.9332772540510632,1085.397,observe,0,4,,0.000335693359375,-0.0,-0.006000000052154064,0,1,,
0.9332772540510632,1085.397,observe,0,1,,0.0005965481395833194,0.0,-0.004999999888241291,0,1,,
0.9435497880331241,1085.407,observe,1,2,,20.15447998046875,4.919172763824463,-0.0,0,1,,
0.9435497880331241,1085.407,observe,1,1,,71.80467987060547,-0.0,-0.0,0,1,,
0.9435497880331241,1085.407,observe,0,4,,0.000335693359375,-0.0,-0.010999999940395355,0,1,,
0.9435497880331241,1085.407,observe,0,1,,0.0005965481395833194,0.0,-0.0430000014603138,0,1,,
0.9532348180073313,1085.417,observe,1,2,,20.157257080078125,5.873415946960449,-0.0,0,1,,
0.9532348180073313,1085.417,observe,1,1,,71.80467987060547,-0.0,-0.0,0,1,,
0.9532348180073313,1085.417,observe,0,4,,0.000335693359375,-0.0,0.05000000074505806,0,1,,
0.9532348180073313,1085.417,observe,0,1,,0.0005965481395833194,0.0,-0.004999999888241291,0,1,,
0.9634990160120651,1085.427,observe,1,2,,20.15447998046875,-2.3897476196289062,-0.0,0,1,,
0.9634990160120651,1085.427,observe,1,1,,71.80467987060547,-0.0,-0.0,0,1,,
0.9634990160120651,1085.427,observe,0,4,,0.000335693359375,-0.0,-0.010999999940395355,0,1,,
0.9634990160120651,1085.427,observe,0,1,,0.0005965481395833194,0.0,-0.004999999888241291,0,1,,
0.9731491510174237,1085.437,observe,1,2,,20.151580810546875,1.724214792251587,-0.0,0,1,,
0.9731491510174237,1085.437,observe,1,1,,71.80467987060547,-0.0,-0.0,0,1,,
0.9731491510174237,1085.437,observe,0,4,,0.000335693359375,-0.0,-0.010999999940395355,0,1,,
0.9731491510174237,1085.437,observe,0,1,,0.0005965481395833194,0.0,-0.004999999888241291,0,1,,
0.9836076440406032,1085.447,observe,1,2,,20.16009521484375,-1.1077418327331543,-0.0,0,1,,
0.9836076440406032,1085.447,observe,1,1,,71.80467987060547,-0.0,-0.0,0,1,,
0.9836076440406032,1085.447,observe,0,4,,0.000335693359375,-0.0,-0.006000000052154064,0,1,,
0.9836076440406032,1085.447,observe,0,1,,0.0005965481395833194,0.0,-0.004999999888241291,0,1,,
0.9935707970289513,1085.457,observe,1,2,,20.157257080078125,5.605944633483887,-0.0,0,1,,
0.9935707970289513,1085.457,observe,1,1,,71.80467987060547,-0.0,-0.0,0,1,,
0.9935707970289513,1085.457,observe,0,4,,0.000335693359375,-0.0,-0.006000000052154064,0,1,,
0.9935707970289513,1085.457,observe,0,1,,0.0005965481395833194,0.0,-0.004999999888241291,0,1,,
1.0034577670157887,1085.467,observe,1,2,,20.151580810546875,-4.999293327331543,-0.0,0,1,,
1.0034577670157887,1085.467,observe,1,1,,71.80467987060547,-0.0,-0.0,0,1,,
1.0034577670157887,1085.467,observe,0,4,,0.000335693359375,-0.0,0.054999999701976776,0,1,,
1.0034577670157887,1085.467,observe,0,1,,0.0005965481395833194,0.0,-0.0430000014603138,0,1,,
1.013518443040084,1085.477,observe,1,2,,20.15447998046875,5.41103982925415,-0.0,0,1,,
1.013518443040084,1085.477,observe,1,1,,71.80467987060547,-0.0,-0.0,0,1,,
1.013518443040084,1085.477,observe,0,4,,0.000335693359375,-0.0,-0.010999999940395355,0,1,,
1.013518443040084,1085.477,observe,0,1,,0.0005965481395833194,0.0,0.029999999329447746,0,1,,
1.0235936060198583,1085.487,observe,1,2,,20.15447998046875,-1.556196928024292,-0.0,0,1,,
1.0235936060198583,1085.487,observe,1,1,,71.80467987060547,-0.0,-0.0,0,1,,
1.0235936060198583,1085.487,observe,0,4,,0.000335693359375,-0.0,0.05000000074505806,0,1,,
1.0235936060198583,1085.487,observe,0,1,,0.0005965481395833194,0.0,-0.004999999888241291,0,1,,
1.033375067054294,1085.497,observe,1,2,,20.16009521484375,2.8764660358428955,-0.0,0,1,,
1.033375067054294,1085.497,observe,1,1,,71.80467987060547,-0.0,-0.0,0,1,,
1.033375067054294,1085.497,observe,0,4,,0.000335693359375,-0.0,-0.010999999940395355,0,1,,
1.033375067054294,1085.497,observe,0,1,,0.0005965481395833194,0.0,-0.004999999888241291,0,1,,
1.0437271110131405,1085.507,observe,1,2,,20.157257080078125,3.90902042388916,-0.0,0,1,,
1.0437271110131405,1085.507,observe,1,1,,71.80467987060547,-0.0,-0.0,0,1,,
1.0437271110131405,1085.507,observe,0,4,,0.000335693359375,-0.0,-0.006000000052154064,0,1,,
1.0437271110131405,1085.507,observe,0,1,,0.0005965481395833194,0.0,-0.004999999888241291,0,1,,
1.0532836590427905,1085.517,observe,1,2,,20.148773193359375,2.615766763687134,-0.0,0,1,,
1.0532836590427905,1085.517,observe,1,1,,71.80467987060547,-0.0,-0.0,0,1,,
1.0532836590427905,1085.517,observe,0,4,,0.000335693359375,-0.0,-0.006000000052154064,0,1,,
1.0532836590427905,1085.517,observe,0,1,,0.0005965481395833194,0.0,-0.004999999888241291,0,1,,
1.063547166006174,1085.527,observe,1,2,,20.151580810546875,-6.172980308532715,-0.0,0,1,,
1.063547166006174,1085.527,observe,1,1,,71.80467987060547,-0.0,-0.0,0,1,,
1.063547166006174,1085.527,observe,0,4,,0.000335693359375,-0.0,-0.010999999940395355,0,1,,
1.063547166006174,1085.527,observe,0,1,,0.0005965481395833194,0.0,0.029999999329447746,0,1,,
1.0733608580194414,1085.537,observe,1,2,,20.15447998046875,-2.270857334136963,-0.0,0,1,,
1.0733608580194414,1085.537,observe,1,1,,71.80467987060547,-0.0,-0.0,0,1,,
1.0733608580194414,1085.537,observe,0,4,,0.000335693359375,-0.0,0.18799999356269836,0,1,,
1.0733608580194414,1085.537,observe,0,1,,0.0005965481395833194,0.0,-0.004999999888241291,0,1,,
1.0836631280253641,1085.547,observe,1,2,,20.165771484375,1.680613398551941,-0.0,0,1,,
1.0836631280253641,1085.547,observe,1,1,,71.80467987060547,-0.0,-0.0,0,1,,
1.0836631280253641,1085.547,observe,0,4,,0.000335693359375,-0.0,-0.006000000052154064,0,1,,
1.0836631280253641,1085.547,observe,0,1,,0.0005965481395833194,0.0,0.029999999329447746,0,1,,
1.093266495037824,1085.557,observe,1,2,,20.14593505859375,-4.941833019256592,-0.0,0,1,,
1.093266495037824,1085.557,observe,1,1,,71.80467987060547,-0.0,-0.0,0,1,,
1.093266495037824,1085.557,observe,0,4,,0.000335693359375,-0.0,-0.006000000052154064,0,1,,
1.093266495037824,1085.557,observe,0,1,,0.0005965481395833194,0.0,-0.004999999888241291,0,1,,
1.103640991030261,1085.567,observe,1,2,,20.151580810546875,-1.0110762119293213,-0.0,0,1,,
1.103640991030261,1085.567,observe,1,1,,71.80467987060547,-0.0,-0.0,0,1,,
1.103640991030261,1085.567,observe,0,4,,0.000335693359375,-0.0,-0.006000000052154064,0,1,,
1.103640991030261,1085.567,observe,0,1,,0.0005965481395833194,0.0,-0.004999999888241291,0,1,,
1.1132825090317056,1085.577,observe,1,2,,20.148773193359375,-0.49244189262390137,-0.0,0,1,,
1.1132825090317056,1085.577,observe,1,1,,71.80467987060547,-0.0,-0.0,0,1,,
1.1132825090317056,1085.577,observe,0,4,,0.000335693359375,-0.0,-0.006000000052154064,0,1,,
1.1132825090317056,1085.577,observe,0,1,,0.0005965481395833194,0.0,-0.004999999888241291,0,1,,
1.1235741390264593,1085.587,observe,1,2,,20.15447998046875,-3.0360469818115234,-0.0,0,1,,
1.1235741390264593,1085.587,observe,1,1,,71.80467987060547,-0.0,-0.0,0,1,,
1.1235741390264593,1085.587,observe,0,4,,0.000335693359375,-0.0,-0.006000000052154064,0,1,,
1.1235741390264593,1085.587,observe,0,1,,0.0005965481395833194,0.0,0.032999999821186066,0,1,,
1.1337747680372559,1085.597,observe,1,2,,20.16009521484375,4.984717845916748,-0.0,0,1,,
1.1337747680372559,1085.597,observe,1,1,,71.80467987060547,-0.0,-0.0,0,1,,
1.1337747680372559,1085.597,observe,0,4,,0.000335693359375,-0.0,-0.010999999940395355,0,1,,
1.1337747680372559,1085.597,observe,0,1,,0.0005965481395833194,0.0,0.029999999329447746,0,1,,
1.1437146570533514,1085.607,observe,1,2,,20.157257080078125,2.113616943359375,-0.0,0,1,,
1.1437146570533514,1085.607,observe,1,1,,71.80467987060547,-0.0,-0.0,0,1,,
1.1437146570533514,1085.607,observe,0,4,,0.000335693359375,-0.0,-0.010999999940395355,0,1,,
1.1437146570533514,1085.607,observe,0,1,,0.0005965481395833194,0.0,-0.004999999888241291,0,1,,
1.15358499501599,1085.617,observe,1,2,,20.14593505859375,-7.40177059173584,-0.0,0,1,,
1.15358499501599,1085.617,observe,1,1,,71.80467987060547,-0.0,-0.0,0,1,,
1.15358499501599,1085.617,observe,0,4,,0.000335693359375,-0.0,-0.006000000052154064,0,1,,
1.15358499501599,1085.617,observe,0,1,,0.0005965481395833194,0.0,-0.00800000037997961,0,1,,
1.1638261310290545,1085.627,observe,1,2,,20.15447998046875,-0.7818394303321838,-0.0,0,1,,
1.1638261310290545,1085.627,observe,1,1,,71.80467987060547,-0.0,-0.0,0,1,,
1.1638261310290545,1085.627,observe,0,4,,0.000335693359375,-0.0,-0.006000000052154064,0,1,,
1.1638261310290545,1085.627,observe,0,1,,0.0005965481395833194,0.0,-0.004999999888241291,0,1,,
1.1734088680241257,1085.637,observe,1,2,,20.157257080078125,2.8860573768615723,-0.0,0,1,,
1.1734088680241257,1085.637,observe,1,1,,71.80467987060547,-0.0,-0.0,0,1,,
1.1734088680241257,1085.637,observe,0,4,,0.000335693359375,-0.0,-0.010999999940395355,0,1,,
1.1734088680241257,1085.637,observe,0,1,,0.0005965481395833194,0.0,-0.004999999888241291,0,1,,
1.1835780380060896,1085.647,observe,1,2,,20.148773193359375,-7.023744583129883,-0.0,0,1,,
1.1835780380060896,1085.647,observe,1,1,,71.80467987060547,-0.0,-0.0,0,1,,
1.1835780380060896,1085.647,observe,0,4,,0.000335693359375,-0.0,0.054999999701976776,0,1,,
1.1835780380060896,1085.647,observe,0,1,,0.0005965481395833194,0.0,0.029999999329447746,0,1,,
1.1937297550030053,1085.657,observe,1,2,,20.148773193359375,-3.7905845642089844,-0.0,0,1,,
1.1937297550030053,1085.657,observe,1,1,,71.80467987060547,-0.0,-0.0,0,1,,
1.1937297550030053,1085.657,observe,0,4,,0.000335693359375,-0.0,-0.006000000052154064,0,1,,
1.1937297550030053,1085.657,observe,0,1,,0.0005965481395833194,0.0,-0.004999999888241291,0,1,,
1.2035544180544093,1085.667,observe,1,2,,20.15447998046875,-4.246047019958496,-0.0,0,1,,
1.2035544180544093,1085.667,observe,1,1,,71.80467987060547,-0.0,-0.0,0,1,,
1.2035544180544093,1085.667,observe,0,4,,0.000335693359375,-0.0,-0.006000000052154064,0,1,,
1.2035544180544093,1085.667,observe,0,1,,0.0005965481395833194,0.0,-0.004999999888241291,0,1,,
1.2132222360232845,1085.677,observe,1,2,,20.15447998046875,-5.465564250946045,-0.0,0,1,,
1.2132222360232845,1085.677,observe,1,1,,71.80467987060547,-0.0,-0.0,0,1,,
1.2132222360232845,1085.677,observe,0,4,,0.000335693359375,-0.0,-0.006000000052154064,0,1,,
1.2132222360232845,1085.677,observe,0,1,,0.0005965481395833194,0.0,-0.004999999888241291,0,1,,
1.2236641480121762,1085.687,observe,1,2,,20.148773193359375,-2.75229811668396,-0.0,0,1,,
1.2236641480121762,1085.687,observe,1,1,,71.80467987060547,-0.0,-0.0,0,1,,
1.2236641480121762,1085.687,observe,0,4,,0.000335693359375,-0.0,-0.006000000052154064,0,1,,
1.2236641480121762,1085.687,observe,0,1,,0.0005965481395833194,0.0,-0.004999999888241291,0,1,,
1.233367442036979,1085.697,observe,1,2,,20.16009521484375,2.9444990158081055,-0.0,0,1,,
1.233367442036979,1085.697,observe,1,1,,71.80467987060547,-0.0,-0.0,0,1,,
1.233367442036979,1085.697,observe,0,4,,0.000335693359375,-0.0,-0.010999999940395355,0,1,,
1.233367442036979,1085.697,observe,0,1,,0.0005965481395833194,0.0,-0.22300000488758087,0,1,,
1.243701883009635,1085.707,observe,1,2,,20.15447998046875,-7.779969215393066,-0.0,0,1,,
1.243701883009635,1085.707,observe,1,1,,71.80467987060547,-0.0,-0.0,0,1,,
1.243701883009635,1085.707,observe,0,4,,0.000335693359375,-0.0,0.054999999701976776,0,1,,
1.243701883009635,1085.707,observe,0,1,,0.0005965481395833194,0.0,-0.004999999888241291,0,1,,
1.2533829860039987,1085.717,observe,1,2,,20.148773193359375,-2.0974864959716797,-0.0,0,1,,
1.2533829860039987,1085.717,observe,1,1,,71.80467987060547,-0.0,-0.0,0,1,,
1.2533829860039987,1085.717,observe,0,4,,0.000335693359375,-0.0,-0.006000000052154064,0,1,,
1.2533829860039987,1085.717,observe,0,1,,0.0005965481395833194,0.0,-0.004999999888241291,0,1,,
1.2635832640226,1085.727,observe,1,2,,20.16009521484375,5.658932685852051,-0.0,0,1,,
1.2635832640226,1085.727,observe,1,1,,71.80467987060547,-0.0,-0.0,0,1,,
1.2635832640226,1085.727,observe,0,4,,0.000335693359375,-0.0,-0.006000000052154064,0,1,,
1.2635832640226,1085.727,observe,0,1,,0.0005965481395833194,0.0,-0.004999999888241291,0,1,,
1.27366918703774,1085.737,observe,1,2,,20.151580810546875,-5.072534561157227,-0.0,0,1,,
1.27366918703774,1085.737,observe,1,1,,71.80467987060547,-0.0,-0.0,0,1,,
1.27366918703774,1085.737,observe,0,4,,0.000335693359375,-0.0,-0.010999999940395355,0,1,,
1.27366918703774,1085.737,observe,0,1,,0.0005965481395833194,0.0,-0.004999999888241291,0,1,,
1.2835869150003418,1085.747,observe,1,2,,20.157257080078125,7.3399505615234375,-0.0,0,1,,
1.2835869150003418,1085.747,observe,1,1,,71.80467987060547,-0.0,-0.0,0,1,,
1.2835869150003418,1085.747,observe,0,4,,0.000335693359375,-0.0,-0.006000000052154064,0,1,,
1.2835869150003418,1085.747,observe,0,1,,0.0005965481395833194,0.0,0.029999999329447746,0,1,,
1.2935877780546434,1085.757,observe,1,2,,20.157257080078125,-1.175431728363037,-0.0,0,1,,
1.2935877780546434,1085.757,observe,1,1,,71.80467987060547,-0.0,-0.0,0,1,,
1.2935877780546434,1085.757,observe,0,4,,0.000335693359375,-0.0,-0.006000000052154064,0,1,,
1.2935877780546434,1085.757,observe,0,1,,0.0005965481395833194,0.0,-0.004999999888241291,0,1,,
1.3036280360538512,1085.767,observe,1,2,,20.14593505859375,-6.707614898681641,-0.0,0,1,,
1.3036280360538512,1085.767,observe,1,1,,71.80467987060547,-0.0,-0.0,0,1,,
1.3036280360538512,1085.767,observe,0,4,,0.000335693359375,-0.0,0.054999999701976776,0,1,,
1.3036280360538512,1085.767,observe,0,1,,0.0005965481395833194,0.0,-0.0430000014603138,0,1,,
1.313345888047479,1085.777,observe,1,2,,20.16009521484375,2.03115177154541,-0.0,0,1,,
1.313345888047479,1085.777,observe,1,1,,71.80467987060547,-0.0,-0.0,0,1,,
1.313345888047479,1085.777,observe,0,4,,0.000335693359375,-0.0,-0.006000000052154064,0,1,,
1.313345888047479,1085.777,observe,0,1,,0.0005965481395833194,0.0,-0.0430000014603138,0,1,,
1.3236089940182865,1085.787,observe,1,2,,20.15447998046875,1.4456565380096436,-0.0,0,1,,
1.3236089940182865,1085.787,observe,1,1,,71.80467987060547,-0.0,-0.0,0,1,,
1.3236089940182865,1085.787,observe,0,4,,0.000335693359375,-0.0,-0.010999999940395355,0,1,,
1.3236089940182865,1085.787,observe,0,1,,0.0005965481395833194,0.0,0.029999999329447746,0,1,,
1.333474193001166,1085.797,observe,1,2,,20.151580810546875,-1.3180381059646606,-0.0,0,1,,
1.333474193001166,1085.797,observe,1,1,,71.80467987060547,-0.0,-0.0,0,1,,
1.333474193001166,1085.797,observe,0,4,,0.000335693359375,-0.0,-0.006000000052154064,0,1,,
1.333474193001166,1085.797,observe,0,1,,0.0005965481395833194,0.0,-0.004999999888241291,0,1,,
1.3437341840472072,1085.807,observe,1,2,,20.157257080078125,7.287850856781006,-0.0,0,1,,
1.3437341840472072,1085.807,observe,1,1,,71.80467987060547,-0.0,-0.0,0,1,,
1.3437341840472072,1085.807,observe,0,4,,0.000335693359375,-0.0,-0.010999999940395355,0,1,,
1.3437341840472072,1085.807,observe,0,1,,0.0005965481395833194,0.0,-0.004999999888241291,0,1,,
1.3534029930015095,1085.817,observe,1,2,,20.14593505859375,-2.340087890625,-0.0,0,1,,
1.3534029930015095,1085.817,observe,1,1,,71.80467987060547,-0.0,-0.0,0,1,,
1.3534029930015095,1085.817,observe,0,4,,0.000335693359375,-0.0,-0.006000000052154064,0,1,,
1.3534029930015095,1085.817,observe,0,1,,0.0005965481395833194,0.0,-0.004999999888241291,0,1,,
1.3635518050286919,1085.827,observe,1,2,,20.151580810546875,2.3951616287231445,-0.0,0,1,,
1.3635518050286919,1085.827,observe,1,1,,71.80467987060547,-0.0,-0.0,0,1,,
1.3635518050286919,1085.827,observe,0,4,,0.000335693359375,-0.0,-0.006000000052154064,0,1,,
1.3635518050286919,1085.827,observe,0,1,,0.0005965481395833194,0.0,-0.004999999888241291,0,1,,
1.3733959940145724,1085.837,observe,1,2,,20.16009521484375,6.6904730796813965,-0.0,0,1,,
1.3733959940145724,1085.837,observe,1,1,,71.80467987060547,-0.0,-0.0,0,1,,
1.3733959940145724,1085.837,observe,0,4,,0.000335693359375,-0.0,-0.010999999940395355,0,1,,
1.3733959940145724,1085.837,observe,0,1,,0.0005965481395833194,0.0,-0.004999999888241291,0,1,,
1.383606902032625,1085.847,observe,1,2,,20.151580810546875,-4.598169803619385,-0.0,0,1,,
1.383606902032625,1085.847,observe,1,1,,71.80467987060547,-0.0,-0.0,0,1,,
1.383606902032625,1085.847,observe,0,4,,0.000335693359375,-0.0,-0.006000000052154064,0,1,,
1.383606902032625,1085.847,observe,0,1,,0.0005965481395833194,0.0,-0.0430000014603138,0,1,,
1.393427036004141,1085.857,observe,1,2,,20.151580810546875,4.109482765197754,-0.0,0,1,,
1.393427036004141,1085.857,observe,1,1,,71.80467987060547,-0.0,-0.0,0,1,,
1.393427036004141,1085.857,observe,0,4,,0.000335693359375,-0.0,-0.006000000052154064,0,1,,
1.393427036004141,1085.857,observe,0,1,,0.0005965481395833194,0.0,0.029999999329447746,0,1,,
1.4036093809991144,1085.867,observe,1,2,,20.162933349609375,7.205765724182129,-0.0,0,1,,
1.4036093809991144,1085.867,observe,1,1,,71.80467987060547,-0.0,-0.0,0,1,,
1.4036093809991144,1085.867,observe,0,4,,0.000335693359375,-0.0,-0.006000000052154064,0,1,,
1.4036093809991144,1085.867,observe,0,1,,0.0005965481395833194,0.0,-0.004999999888241291,0,1,,
1.413488115009386,1085.877,observe,1,2,,20.16009521484375,2.6346845626831055,-0.0,0,1,,
1.413488115009386,1085.877,observe,1,1,,71.80467987060547,-0.0,-0.0,0,1,,
1.413488115009386,1085.877,observe,0,4,,0.000335693359375,-0.0,-0.010999999940395355,0,1,,
1.413488115009386,1085.877,observe,0,1,,0.0005965481395833194,0.0,-0.0430000014603138,0,1,,
1.423648669035174,1085.887,observe,1,2,,20.15447998046875,5.189747333526611,-0.0,0,1,,
1.423648669035174,1085.887,observe,1,1,,71.80467987060547,-0.0,-0.0,0,1,,
1.423648669035174,1085.887,observe,0,4,,0.000335693359375,-0.0,-0.010999999940395355,0,1,,
1.423648669035174,1085.887,observe,0,1,,0.0005965481395833194,0.0,-0.004999999888241291,0,1,,
1.433427746000234,1085.897,observe,1,2,,20.151580810546875,-0.5162957310676575,-0.0,0,1,,
1.433427746000234,1085.897,observe,1,1,,71.80467987060547,-0.0,-0.0,0,1,,
1.433427746000234,1085.897,observe,0,4,,0.000335693359375,-0.0,0.05000000074505806,0,1,,
1.433427746000234,1085.897,observe,0,1,,0.0005965481395833194,0.0,-0.004999999888241291,0,1,,
1.4436598040047102,1085.907,observe,1,2,,20.148773193359375,-10.03315544128418,-0.0,0,1,,
1.4436598040047102,1085.907,observe,1,1,,71.80467987060547,-0.0,-0.0,0,1,,
1.4436598040047102,1085.907,observe,0,4,,0.000335693359375,-0.0,-0.006000000052154064,0,1,,
1.4436598040047102,1085.907,observe,0,1,,0.0005965481395833194,0.0,-0.004999999888241291,0,1,,
1.4534510030061938,1085.917,observe,1,2,,20.162933349609375,5.452966213226318,-0.0,0,1,,
1.4534510030061938,1085.917,observe,1,1,,71.80467987060547,-0.0,-0.0,0,1,,
1.4534510030061938,1085.917,observe,0,4,,0.000335693359375,-0.0,-0.006000000052154064,0,1,,
1.4534510030061938,1085.917,observe,0,1,,0.0005965481395833194,0.0,-0.00800000037997961,0,1,,
1.463697528000921,1085.927,observe,1,2,,20.148773193359375,-0.6765838265419006,-0.0,0,1,,
1.463697528000921,1085.927,observe,1,1,,71.80467987060547,-0.0,-0.0,0,1,,
1.463697528000921,1085.927,observe,0,4,,0.000335693359375,-0.0,-0.006000000052154064,0,1,,
1.463697528000921,1085.927,observe,0,1,,0.0005965481395833194,0.0,0.029999999329447746,0,1,,
1.4732459119986743,1085.937,observe,1,2,,20.151580810546875,2.780031204223633,-0.0,0,1,,
1.4732459119986743,1085.937,observe,1,1,,71.80467987060547,-0.0,-0.0,0,1,,
1.4732459119986743,1085.937,observe,0,4,,0.000335693359375,-0.0,-0.006000000052154064,0,1,,
1.4732459119986743,1085.937,observe,0,1,,0.0005965481395833194,0.0,0.029999999329447746,0,1,,
1.4834880590206012,1085.947,observe,1,2,,20.143035888671875,-10.790543556213379,-0.0,0,1,,
1.4834880590206012,1085.947,observe,1,1,,71.80467987060547,-0.0,-0.0,0,1,,
1.4834880590206012,1085.947,observe,0,4,,0.000335693359375,-0.0,-0.010999999940395355,0,1,,
1.4834880590206012,1085.947,observe,0,1,,0.0005965481395833194,0.0,-0.004999999888241291,0,1,,
1.4932748500141315,1085.957,observe,1,2,,20.15447998046875,2.126147985458374,-0.0,0,1,,
1.4932748500141315,1085.957,observe,1,1,,71.80467987060547,-0.0,-0.0,0,1,,
1.4932748500141315,1085.957,observe,0,4,,0.000335693359375,-0.0,-0.010999999940395355,0,1,,
1.4932748500141315,1085.957,observe,0,1,,0.0005965481395833194,0.0,-0.004999999888241291,0,1,,
1.5034525060327724,1085.967,observe,1,2,,20.148773193359375,-8.325027465820312,-0.0,0,1,,
1.5034525060327724,1085.967,observe,1,1,,71.80467987060547,-0.0,-0.0,0,1,,
1.5034525060327724,1085.967,observe,0,4,,0.000335693359375,-0.0,0.054999999701976776,0,1,,
1.5034525060327724,1085.967,observe,0,1,,0.0005965481395833194,0.0,-0.004999999888241291,0,1,,
1.5135321070556529,1085.977,observe,1,2,,20.157257080078125,3.077723264694214,-0.0,0,1,,
1.5135321070556529,1085.977,observe,1,1,,71.80467987060547,-0.0,-0.0,0,1,,
1.5135321070556529,1085.977,observe,0,4,,0.000335693359375,-0.0,-0.006000000052154064,0,1,,
1.5135321070556529,1085.977,observe,0,1,,0.0005965481395833194,0.0,-0.004999999888241291,0,1,,
1.5236497610458173,1085.987,observe,1,2,,20.151580810546875,-3.6955742835998535,-0.0,0,1,,
1.5236497610458173,1085.987,observe,1,1,,71.80467987060547,-0.0,-0.0,0,1,,
1.5236497610458173,1085.987,observe,0,4,,0.000335693359375,-0.0,-0.010999999940395355,0,1,,
1.5236497610458173,1085.987,observe,0,1,,0.0005965481395833194,0.0,0.029999999329447746,0,1,,
1.533362673013471,1085.997,observe,1,2,,20.14593505859375,2.150616407394409,-0.0,0,1,,
1.533362673013471,1085.997,observe,1,1,,71.80467987060547,-0.0,-0.0,0,1,,
1.533362673013471,1085.997,observe,0,4,,0.000335693359375,-0.0,-0.010999999940395355,0,1,,
1.533362673013471,1085.997,observe,0,1,,0.0005965481395833194,0.0,0.029999999329447746,0,1,,
1.5436498550116085,1086.007,observe,1,2,,20.148773193359375,-5.45449161529541,-0.0,0,1,,
1.5436498550116085,1086.007,observe,1,1,,71.80467987060547,-0.0,-0.0,0,1,,
1.5436498550116085,1086.007,observe,0,4,,0.000335693359375,-0.0,-0.010999999940395355,0,1,,
1.5436498550116085,1086.007,observe,0,1,,0.0005965481395833194,0.0,-0.004999999888241291,0,1,,
1.5533612540457398,1086.017,observe,1,2,,20.148773193359375,4.707585334777832,-0.0,0,1,,
1.5533612540457398,1086.017,observe,1,1,,71.80467987060547,-0.0,-0.0,0,1,,
1.5533612540457398,1086.017,observe,0,4,,0.000335693359375,-0.0,-0.006000000052154064,0,1,,
1.5533612540457398,1086.017,observe,0,1,,0.0005965481395833194,0.0,-0.0430000014603138,0,1,,
1.5634628970292397,1086.027,observe,1,2,,20.148773193359375,-8.263141632080078,-0.0,0,1,,
1.5634628970292397,1086.027,observe,1,1,,71.80467987060547,-0.0,-0.0,0,1,,
1.5634628970292397,1086.027,observe,0,4,,0.000335693359375,-0.0,-0.006000000052154064,0,1,,
1.5634628970292397,1086.027,observe,0,1,,0.0005965481395833194,0.0,-0.004999999888241291,0,1,,
1.5732586560188793,1086.037,observe,1,2,,20.15447998046875,-7.979682922363281,-0.0,0,1,,
1.5732586560188793,1086.037,observe,1,1,,71.80467987060547,-0.0,-0.0,0,1,,
1.5732586560188793,1086.037,observe,0,4,,0.000335693359375,-0.0,0.054999999701976776,0,1,,
1.5732586560188793,1086.037,observe,0,1,,0.0005965481395833194,0.0,-0.004999999888241291,0,1,,
1.5834423130145296,1086.047,observe,1,2,,20.14593505859375,-5.040868282318115,-0.0,0,1,,
1.5834423130145296,1086.047,observe,1,1,,71.80467987060547,-0.0,-0.0,0,1,,
1.5834423130145296,1086.047,observe,0,4,,0.000335693359375,-0.0,-0.006000000052154064,0,1,,
1.5834423130145296,1086.047,observe,0,1,,0.0005965481395833194,0.0,-0.004999999888241291,0,1,,
1.5932665140135214,1086.057,observe,1,2,,20.148773193359375,-2.839384078979492,-0.0,0,1,,
1.5932665140135214,1086.057,observe,1,1,,71.80467987060547,-0.0,-0.0,0,1,,
1.5932665140135214,1086.057,observe,0,4,,0.000335693359375,-0.0,-0.006000000052154064,0,1,,
1.5932665140135214,1086.057,observe,0,1,,0.0005965481395833194,0.0,-0.004999999888241291,0,1,,
1.6034365960513242,1086.067,observe,1,2,,20.16009521484375,3.2139275074005127,-0.0,0,1,,
1.6034365960513242,1086.067,observe,1,1,,71.80467987060547,-0.0,-0.0,0,1,,
1.6034365960513242,1086.067,observe,0,4,,0.000335693359375,-0.0,-0.006000000052154064,0,1,,
1.6034365960513242,1086.067,observe,0,1,,0.0005965481395833194,0.0,-0.004999999888241291,0,1,,
1.6132662080344744,1086.077,observe,1,2,,20.148773193359375,-1.9304585456848145,-0.0,0,1,,
1.6132662080344744,1086.077,observe,1,1,,71.80467987060547,-0.0,-0.0,0,1,,
1.6132662080344744,1086.077,observe,0,4,,0.000335693359375,-0.0,0.054999999701976776,0,1,,
1.6132662080344744,1086.077,observe,0,1,,0.0005965481395833194,0.0,0.029999999329447746,0,1,,
1.6234811739996076,1086.087,observe,1,2,,20.148773193359375,-0.9158603549003601,-0.0,0,1,,
1.6234811739996076,1086.087,observe,1,1,,71.80467987060547,-0.0,-0.0,0,1,,
1.6234811739996076,1086.087,observe,0,4,,0.000335693359375,-0.0,-0.006000000052154064,0,1,,
1.6234811739996076,1086.087,observe,0,1,,0.0005965481395833194,0.0,-0.004999999888241291,0,1,,
1.6333613800234161,1086.097,observe,1,2,,20.148773193359375,-3.7517993450164795,-0.0,0,1,,
1.6333613800234161,1086.097,observe,1,1,,71.80467987060547,-0.0,-0.0,0,1,,
1.6333613800234161,1086.097,observe,0,4,,0.000335693359375,-0.0,-0.006000000052154064,0,1,,
1.6333613800234161,1086.097,observe,0,1,,0.0005965481395833194,0.0,-0.004999999888241291,0,1,,
1.64349171705544,1086.107,observe,1,2,,20.14593505859375,-12.04974365234375,-0.0,0,1,,
1.64349171705544,1086.107,observe,1,1,,71.80467987060547,-0.0,-0.0,0,1,,
1.64349171705544,1086.107,observe,0,4,,0.000335693359375,-0.0,-0.010999999940395355,0,1,,
1.64349171705544,1086.107,observe,0,1,,0.0005965481395833194,0.0,-0.0430000014603138,0,1,,
1.6532847300404683,1086.117,observe,1,2,,20.16009521484375,9.17367172241211,-0.0,0,1,,
1.6532847300404683,1086.117,observe,1,1,,71.80467987060547,-0.0,-0.0,0,1,,
1.6532847300404683,1086.117,observe,0,4,,0.000335693359375,-0.0,-0.010999999940395355,0,1,,
1.6532847300404683,1086.117,observe,0,1,,0.0005965481395833194,0.0,0.029999999329447746,0,1,,
1.6635467750020325,1086.127,observe,1,2,,20.148773193359375,-3.0811076164245605,-0.0,0,1,,
1.6635467750020325,1086.127,observe,1,1,,71.80467987060547,-0.0,-0.0,0,1,,
1.6635467750020325,1086.127,observe,0,4,,0.000335693359375,-0.0,-0.006000000052154064,0,1,,
1.6635467750020325,1086.127,observe,0,1,,0.0005965481395833194,0.0,-0.0430000014603138,0,1,,
1.6735220100381412,1086.137,observe,1,2,,20.14593505859375,-4.506954669952393,-0.0,0,1,,
1.6735220100381412,1086.137,observe,1,1,,71.80467987060547,-0.0,-0.0,0,1,,
1.6735220100381412,1086.137,observe,0,4,,0.000335693359375,-0.0,-0.006000000052154064,0,1,,
1.6735220100381412,1086.137,observe,0,1,,0.0005965481395833194,0.0,-0.004999999888241291,0,1,,
1.6838898840360343,1086.147,observe,1,2,,20.14593505859375,-0.886752724647522,-0.0,0,1,,
1.6838898840360343,1086.147,observe,1,1,,71.80467987060547,-0.0,-0.0,0,1,,
1.6838898840360343,1086.147,observe,0,4,,0.000335693359375,-0.0,-0.006000000052154064,0,1,,
1.6838898840360343,1086.147,observe,0,1,,0.0005965481395833194,0.0,-0.004999999888241291,0,1,,
1.6935938490205444,1086.157,observe,1,2,,20.148773193359375,-3.3389732837677,-0.0,0,1,,
1.6935938490205444,1086.157,observe,1,1,,71.80467987060547,-0.0,-0.0,0,1,,
1.6935938490205444,1086.157,observe,0,4,,0.000335693359375,-0.0,-0.010999999940395355,0,1,,
1.6935938490205444,1086.157,observe,0,1,,0.0005965481395833194,0.0,0.032999999821186066,0,1,,
1.7036122560384683,1086.167,observe,1,2,,20.157257080078125,0.9350194334983826,-0.0,0,1,,
1.7036122560384683,1086.167,observe,1,1,,71.80467987060547,-0.0,-0.0,0,1,,
1.7036122560384683,1086.167,observe,0,4,,0.000335693359375,-0.0,-0.010999999940395355,0,1,,
1.7036122560384683,1086.167,observe,0,1,,0.0005965481395833194,0.0,0.029999999329447746,0,1,,
1.7131796350004151,1086.177,observe,1,2,,20.15447998046875,-4.253119945526123,-0.0,0,1,,
1.7131796350004151,1086.177,observe,1,1,,71.80467987060547,-0.0,-0.0,0,1,,
1.7131796350004151,1086.177,observe,0,4,,0.000335693359375,-0.0,0.05000000074505806,0,1,,
1.7131796350004151,1086.177,observe,0,1,,0.0005965481395833194,0.0,0.029999999329447746,0,1,,
1.723374463035725,1086.187,observe,1,2,,20.148773193359375,-9.037437438964844,-0.0,0,1,,
1.723374463035725,1086.187,observe,1,1,,71.80467987060547,-0.0,-0.0,0,1,,
1.723374463035725,1086.187,observe,0,4,,0.000335693359375,-0.0,-0.010999999940395355,0,1,,
1.723374463035725,1086.187,observe,0,1,,0.0005965481395833194,0.0,-0.004999999888241291,0,1,,
1.733323549036868,1086.197,observe,1,2,,20.15447998046875,2.6829450130462646,-0.0,0,1,,
1.733323549036868,1086.197,observe,1,1,,71.80467987060547,-0.0,-0.0,0,1,,
1.733323549036868,1086.197,observe,0,4,,0.000335693359375,-0.0,-0.006000000052154064,0,1,,
1.733323549036868,1086.197,observe,0,1,,0.0005965481395833194,0.0,0.029999999329447746,0,1,,
1.7435422820271924,1086.207,observe,1,2,,20.151580810546875,-4.374804973602295,-0.0,0,1,,
1.7435422820271924,1086.207,observe,1,1,,71.80467987060547,-0.0,-0.0,0,1,,
1.7435422820271924,1086.207,observe,0,4,,0.000335693359375,-0.0,-0.006000000052154064,0,1,,
1.7435422820271924,1086.207,observe,0,1,,0.0005965481395833194,0.0,-0.004999999888241291,0,1,,
1.7532266010530293,1086.217,observe,1,2,,20.151580810546875,0.739342451095581,-0.0,0,1,,
1.7532266010530293,1086.217,observe,1,1,,71.80467987060547,-0.0,-0.0,0,1,,
1.7532266010530293,1086.217,observe,0,4,,0.000335693359375,-0.0,0.054999999701976776,0,1,,
1.7532266010530293,1086.217,observe,0,1,,0.0005965481395833194,0.0,-0.004999999888241291,0,1,,
1.7635473660193384,1086.227,observe,1,2,,20.16009521484375,2.609936475753784,-0.0,0,1,,
1.7635473660193384,1086.227,observe,1,1,,71.80467987060547,-0.0,-0.0,0,1,,
1.7635473660193384,1086.227,observe,0,4,,0.000335693359375,-0.0,0.05000000074505806,0,1,,
1.7635473660193384,1086.227,observe,0,1,,0.0005965481395833194,0.0,0.029999999329447746,0,1,,
1.773290936020203,1086.237,observe,1,2,,20.143035888671875,-8.205761909484863,-0.0,0,1,,
1.773290936020203,1086.237,observe,1,1,,71.80467987060547,-0.0,-0.0,0,1,,
1.773290936020203,1086.237,observe,0,4,,0.000335693359375,-0.0,-0.010999999940395355,0,1,,
1.773290936020203,1086.237,observe,0,1,,0.0005965481395833194,0.0,-0.0430000014603138,0,1,,
1.783534565998707,1086.247,observe,1,2,,20.157257080078125,1.68024480342865,-0.0,0,1,,
1.783534565998707,1086.247,observe,1,1,,71.80467987060547,-0.0,-0.0,0,1,,
1.783534565998707,1086.247,observe,0,4,,0.000335693359375,-0.0,-0.010999999940395355,0,1,,
1.783534565998707,1086.247,observe,0,1,,0.0005965481395833194,0.0,0.029999999329447746,0,1,,
1.7932257470092736,1086.257,observe,1,2,,20.14593505859375,-5.70303201675415,-0.0,0,1,,
1.7932257470092736,1086.257,observe,1,1,,71.80467987060547,-0.0,-0.0,0,1,,
1.7932257470092736,1086.257,observe,0,4,,0.000335693359375,-0.0,0.054999999701976776,0,1,,
1.7932257470092736,1086.257,observe,0,1,,0.0005965481395833194,0.0,-0.004999999888241291,0,1,,
1.803800699999556,1086.267,observe,1,2,,20.143035888671875,-7.809669494628906,-0.0,0,1,,
1.803800699999556,1086.267,observe,1,1,,71.80467987060547,-0.0,-0.0,0,1,,
1.803800699999556,1086.267,observe,0,4,,0.000335693359375,-0.0,0.05000000074505806,0,1,,
1.803800699999556,1086.267,observe,0,1,,0.0005965481395833194,0.0,-0.004999999888241291,0,1,,
1.8134341630502604,1086.277,observe,1,2,,20.157257080078125,1.4729094505310059,-0.0,0,1,,
1.8134341630502604,1086.277,observe,1,1,,71.80467987060547,-0.0,-0.0,0,1,,
1.8134341630502604,1086.277,observe,0,4,,0.000335693359375,-0.0,-0.010999999940395355,0,1,,
1.8134341630502604,1086.277,observe,0,1,,0.0005965481395833194,0.0,-0.004999999888241291,0,1,,
1.82348407903919,1086.287,observe,1,2,,20.15447998046875,4.0645365715026855,-0.0,0,1,,
1.82348407903919,1086.287,observe,1,1,,71.80467987060547,-0.0,-0.0,0,1,,
1.82348407903919,1086.287,observe,0,4,,0.000335693359375,-0.0,-0.006000000052154064,0,1,,
1.82348407903919,1086.287,observe,0,1,,0.0005965481395833194,0.0,-0.004999999888241291,0,1,,
1.8334206220461056,1086.297,observe,1,2,,20.151580810546875,-4.5354743003845215,-0.0,0,1,,
1.8334206220461056,1086.297,observe,1,1,,71.80467987060547,-0.0,-0.0,0,1,,
1.8334206220461056,1086.297,observe,0,4,,0.000335693359375,-0.0,-0.010999999940395355,0,1,,
1.8334206220461056,1086.297,observe,0,1,,0.0005965481395833194,0.0,-0.004999999888241291,0,1,,
1.8439094320056029,1086.307,observe,1,2,,20.148773193359375,-6.049480438232422,-0.0,0,1,,
1.8439094320056029,1086.307,observe,1,1,,71.80467987060547,-0.0,-0.0,0,1,,
1.8439094320056029,1086.307,observe,0,4,,0.000335693359375,-0.0,-0.006000000052154064,0,1,,
1.8439094320056029,1086.307,observe,0,1,,0.0005965481395833194,0.0,0.029999999329447746,0,1,,
1.8532714450266212,1086.317,observe,1,2,,20.15447998046875,3.520148992538452,-0.0,0,1,,
1.8532714450266212,1086.317,observe,1,1,,71.80467987060547,-0.0,-0.0,0,1,,
1.8532714450266212,1086.317,observe,0,4,,0.000335693359375,-0.0,-0.010999999940395355,0,1,,
1.8532714450266212,1086.317,observe,0,1,,0.0005965481395833194,0.0,0.029999999329447746,0,1,,
1.8635119390091859,1086.327,observe,1,2,,20.14593505859375,-7.117202281951904,-0.0,0,1,,
1.8635119390091859,1086.327,observe,1,1,,71.80467987060547,-0.0,-0.0,0,1,,
1.8635119390091859,1086.327,observe,0,4,,0.000335693359375,-0.0,-0.006000000052154064,0,1,,
1.8635119390091859,1086.327,observe,0,1,,0.0005965481395833194,0.0,-0.004999999888241291,0,1,,
1.8734354670159519,1086.337,observe,1,2,,20.157257080078125,2.493446111679077,-0.0,0,1,,
1.8734354670159519,1086.337,observe,1,1,,71.80467987060547,-0.0,-0.0,0,1,,
1.8734354670159519,1086.337,observe,0,4,,0.000335693359375,-0.0,0.05000000074505806,0,1,,
1.8734354670159519,1086.337,observe,0,1,,0.0005965481395833194,0.0,-0.004999999888241291,0,1,,
1.8834947410505265,1086.347,observe,1,2,,20.151580810546875,-2.6934165954589844,-0.0,0,1,,
1.8834947410505265,1086.347,observe,1,1,,71.80467987060547,-0.0,-0.0,0,1,,
1.8834947410505265,1086.347,observe,0,4,,0.000335693359375,-0.0,-0.006000000052154064,0,1,,
1.8834947410505265,1086.347,observe,0,1,,0.0005965481395833194,0.0,-0.004999999888241291,0,1,,
1.8934329970506951,1086.357,observe,1,2,,20.15447998046875,2.3233180046081543,-0.0,0,1,,
1.8934329970506951,1086.357,observe,1,1,,71.80467987060547,-0.0,-0.0,0,1,,
1.8934329970506951,1086.357,observe,0,4,,0.000335693359375,-0.0,-0.006000000052154064,0,1,,
1.8934329970506951,1086.357,observe,0,1,,0.0005965481395833194,0.0,-0.004999999888241291,0,1,,
1.9036471310537308,1086.367,observe,1,2,,20.151580810546875,-1.8004016876220703,-0.0,0,1,,
1.9036471310537308,1086.367,observe,1,1,,71.80467987060547,-0.0,-0.0,0,1,,
1.9036471310537308,1086.367,observe,0,4,,0.000335693359375,-0.0,0.05000000074505806,0,1,,
1.9036471310537308,1086.367,observe,0,1,,0.0005965481395833194,0.0,0.25099998712539673,0,1,,
1.9133247270365246,1086.377,observe,1,2,,20.157257080078125,-0.4386499226093292,-0.0,0,1,,
1.9133247270365246,1086.377,observe,1,1,,71.80467987060547,-0.0,-0.0,0,1,,
1.9133247270365246,1086.377,observe,0,4,,0.000335693359375,-0.0,-0.010999999940395355,0,1,,
1.9133247270365246,1086.377,observe,0,1,,0.0005965481395833194,0.0,-0.004999999888241291,0,1,,
1.923656553030014,1086.387,observe,1,2,,20.16009521484375,1.6555957794189453,-0.0,0,1,,
1.923656553030014,1086.387,observe,1,1,,71.80467987060547,-0.0,-0.0,0,1,,
1.923656553030014,1086.387,observe,0,4,,0.000335693359375,-0.0,-0.010999999940395355,0,1,,
1.923656553030014,1086.387,observe,0,1,,0.0005965481395833194,0.0,-0.004999999888241291,0,1,,
1.9335985260549933,1086.397,observe,1,2,,20.14593505859375,-2.940997838973999,-0.0,0,1,,
1.9335985260549933,1086.397,observe,1,1,,71.80467987060547,-0.0,-0.0,0,1,,
1.9335985260549933,1086.397,observe,0,4,,0.000335693359375,-0.0,-0.010999999940395355,0,1,,
1.9335985260549933,1086.397,observe,0,1,,0.0005965481395833194,0.0,0.029999999329447746,0,1,,
1.9438354630256072,1086.407,observe,1,2,,20.15447998046875,1.2677199840545654,-0.0,0,1,,
1.9438354630256072,1086.407,observe,1,1,,71.80467987060547,-0.0,-0.0,0,1,,
1.9438354630256072,1086.407,observe,0,4,,0.000335693359375,-0.0,-0.006000000052154064,0,1,,
1.9438354630256072,1086.407,observe,0,1,,0.0005965481395833194,0.0,-0.04100000113248825,0,1,,
1.9532452660496347,1086.417,observe,1,2,,20.15447998046875,0.9324267506599426,-0.0,0,1,,
1.9532452660496347,1086.417,observe,1,1,,71.80467987060547,-0.0,-0.0,0,1,,
1.9532452660496347,1086.417,observe,0,4,,0.000335693359375,-0.0,0.054999999701976776,0,1,,
1.9532452660496347,1086.417,observe,0,1,,0.0005965481395833194,0.0,-0.004999999888241291,0,1,,
1.9636970470310189,1086.427,observe,1,2,,20.148773193359375,-5.605001449584961,-0.0,0,1,,
1.9636970470310189,1086.427,observe,1,1,,71.80467987060547,-0.0,-0.0,0,1,,
1.9636970470310189,1086.427,observe,0,4,,0.000335693359375,-0.0,-0.006000000052154064,0,1,,
1.9636970470310189,1086.427,observe,0,1,,0.0005965481395833194,0.0,-0.004999999888241291,0,1,,
1.9736754780169576,1086.437,observe,1,2,,20.15447998046875,1.3165291547775269,-0.0,0,1,,
1.9736754780169576,1086.437,observe,1,1,,71.80467987060547,-0.0,-0.0,0,1,,
1.9736754780169576,1086.437,observe,0,4,,0.000335693359375,-0.0,-0.010999999940395355,0,1,,
1.9736754780169576,1086.437,observe,0,1,,0.0005965481395833194,0.0,-0.004999999888241291,0,1,,
1.9836273399996571,1086.447,observe,1,2,,20.14593505859375,-5.074005603790283,-0.0,0,1,,
1.9836273399996571,1086.447,observe,1,1,,71.80467987060547,-0.0,-0.0,0,1,,
1.9836273399996571,1086.447,observe,0,4,,0.000335693359375,-0.0,0.054999999701976776,0,1,,
1.9836273399996571,1086.447,observe,0,1,,0.0005965481395833194,0.0,-0.004999999888241291,0,1,,
1.993453165050596,1086.457,observe,1,2,,20.16009521484375,10.989830017089844,-0.0,0,1,,
1.993453165050596,1086.457,observe,1,1,,71.80467987060547,-0.0,-0.0,0,1,,
1.993453165050596,1086.457,observe,0,4,,0.000335693359375,-0.0,-0.010999999940395355,0,1,,
1.993453165050596,1086.457,observe,0,1,,0.0005965481395833194,0.0,-0.004999999888241291,0,1,,
2.0035171670024283,1086.467,observe,1,2,,20.151580810546875,-3.1064324378967285,-0.0,0,1,,
2.0035171670024283,1086.467,observe,1,1,,71.80467987060547,-0.0,-0.0,0,1,,
2.0035171670024283,1086.467,observe,0,4,,0.000335693359375,-0.0,0.054999999701976776,0,1,,
2.0035171670024283,1086.467,observe,0,1,,0.0005965481395833194,0.0,0.25099998712539673,0,1,,
2.0134547620546073,1086.477,observe,1,2,,20.157257080078125,7.399109363555908,-0.0,0,1,,
2.0134547620546073,1086.477,observe,1,1,,71.80467987060547,-0.0,-0.0,0,1,,
2.0134547620546073,1086.477,observe,0,4,,0.000335693359375,-0.0,-0.006000000052154064,0,1,,
2.0134547620546073,1086.477,observe,0,1,,0.0005965481395833194,0.0,-0.004999999888241291,0,1,,
2.0236681650276296,1086.487,observe,1,2,,20.15447998046875,0.3606313467025757,-0.0,0,1,,
2.0236681650276296,1086.487,observe,1,1,,71.80467987060547,-0.0,-0.0,0,1,,
2.0236681650276296,1086.487,observe,0,4,,0.000335693359375,-0.0,-0.010999999940395355,0,1,,
2.0236681650276296,1086.487,observe,0,1,,0.0005965481395833194,0.0,0.029999999329447746,0,1,,
2.0332788260420784,1086.497,observe,1,2,,20.15447998046875,-5.846114635467529,-0.0,0,1,,
2.0332788260420784,1086.497,observe,1,1,,71.80467987060547,-0.0,-0.0,0,1,,
2.0332788260420784,1086.497,observe,0,4,,0.000335693359375,-0.0,-0.006000000052154064,0,1,,
2.0332788260420784,1086.497,observe,0,1,,0.0005965481395833194,0.0,0.029999999329447746,0,1,,
2.0437316989991814,1086.507,observe,1,2,,20.151580810546875,-0.7403049468994141,-0.0,0,1,,
2.0437316989991814,1086.507,observe,1,1,,71.80467987060547,-0.0,-0.0,0,1,,
2.0437316989991814,1086.507,observe,0,4,,0.000335693359375,-0.0,0.05000000074505806,0,1,,
2.0437316989991814,1086.507,observe,0,1,,0.0005965481395833194,0.0,-0.004999999888241291,0,1,,
2.053466763056349,1086.517,observe,1,2,,20.15447998046875,2.388035774230957,-0.0,0,1,,
2.053466763056349,1086.517,observe,1,1,,71.80467987060547,-0.0,-0.0,0,1,,
2.053466763056349,1086.517,observe,0,4,,0.000335693359375,-0.0,-0.006000000052154064,0,1,,
2.053466763056349,1086.517,observe,0,1,,0.0005965481395833194,0.0,-0.07900000363588333,0,1,,
2.0634745900169946,1086.527,observe,1,2,,20.148773193359375,4.649285793304443,-0.0,0,1,,
2.0634745900169946,1086.527,observe,1,1,,71.80467987060547,-0.0,-0.0,0,1,,
2.0634745900169946,1086.527,observe,0,4,,0.000335693359375,-0.0,-0.010999999940395355,0,1,,
2.0634745900169946,1086.527,observe,0,1,,0.0005965481395833194,0.0,-0.004999999888241291,0,1,,
2.0734375920146704,1086.537,observe,1,2,,20.16009521484375,5.774925231933594,-0.0,0,1,,
2.0734375920146704,1086.537,observe,1,1,,71.80467987060547,-0.0,-0.0,0,1,,
2.0734375920146704,1086.537,observe,0,4,,0.000335693359375,-0.0,-0.010999999940395355,0,1,,
2.0734375920146704,1086.537,observe,0,1,,0.0005965481395833194,0.0,-0.004999999888241291,0,1,,
2.0837311560171656,1086.547,observe,1,2,,20.143035888671875,-10.2605562210083,-0.0,0,1,,
2.0837311560171656,1086.547,observe,1,1,,71.80467987060547,-0.0,-0.0,0,1,,
2.0837311560171656,1086.547,observe,0,4,,0.000335693359375,-0.0,-0.06800000369548798,0,1,,
2.0837311560171656,1086.547,observe,0,1,,0.0005965481395833194,0.0,0.029999999329447746,0,1,,
2.0933903380064294,1086.557,observe,1,2,,20.151580810546875,-2.297346591949463,-0.0,0,1,,
2.0933903380064294,1086.557,observe,1,1,,71.80467987060547,-0.0,-0.0,0,1,,
2.0933903380064294,1086.557,observe,0,4,,0.000335693359375,-0.0,-0.006000000052154064,0,1,,
2.0933903380064294,1086.557,observe,0,1,,0.0005965481395833194,0.0,-0.004999999888241291,0,1,,
2.103567322017625,1086.567,observe,1,2,,20.157257080078125,5.486868381500244,-0.0,0,1,,
2.103567322017625,1086.567,observe,1,1,,71.80467987060547,-0.0,-0.0,0,1,,
2.103567322017625,1086.567,observe,0,4,,0.000335693359375,-0.0,-0.006000000052154064,0,1,,
2.103567322017625,1086.567,observe,0,1,,0.0005965481395833194,0.0,0.029999999329447746,0,1,,
2.113441468041856,1086.577,observe,1,2,,20.148773193359375,-4.572004795074463,-0.0,0,1,,
2.113441468041856,1086.577,observe,1,1,,71.80467987060547,-0.0,-0.0,0,1,,
2.113441468041856,1086.577,observe,0,4,,0.000335693359375,-0.0,-0.006000000052154064,0,1,,
2.113441468041856,1086.577,observe,0,1,,0.0005965481395833194,0.0,-0.004999999888241291,0,1,,
2.1237823310075328,1086.587,observe,1,2,,20.148773193359375,-0.4127563238143921,-0.0,0,1,,
2.1237823310075328,1086.587,observe,1,1,,71.80467987060547,-0.0,-0.0,0,1,,
2.1237823310075328,1086.587,observe,0,4,,0.000335693359375,-0.0,-0.20100000500679016,0,1,,
2.1237823310075328,1086.587,observe,0,1,,0.0005965481395833194,0.0,-0.00800000037997961,0,1,,
2.133507647027727,1086.597,observe,1,2,,20.151580810546875,-2.4746456146240234,-0.0,0,1,,
2.133507647027727,1086.597,observe,1,1,,71.80467987060547,-0.0,-0.0,0,1,,
2.133507647027727,1086.597,observe,0,4,,0.000335693359375,-0.0,-0.010999999940395355,0,1,,
2.133507647027727,1086.597,observe,0,1,,0.0005965481395833194,0.0,-0.004999999888241291,0,1,,
2.1436901520355605,1086.607,observe,1,2,,20.151580810546875,-1.078920602798462,-0.0,0,1,,
2.1436901520355605,1086.607,observe,1,1,,71.80467987060547,-0.0,-0.0,0,1,,
2.1436901520355605,1086.607,observe,0,4,,0.000335693359375,-0.0,-0.010999999940395355,0,1,,
2.1436901520355605,1086.607,observe,0,1,,0.0005965481395833194,0.0,-0.004999999888241291,0,1,,
2.1532895310083404,1086.617,observe,1,2,,20.157257080078125,6.117460250854492,-0.0,0,1,,
2.1532895310083404,1086.617,observe,1,1,,71.80467987060547,-0.0,-0.0,0,1,,
2.1532895310083404,1086.617,observe,0,4,,0.000335693359375,-0.0,0.054999999701976776,0,1,,
2.1532895310083404,1086.617,observe,0,1,,0.0005965481395833194,0.0,-0.004999999888241291,0,1,,
2.1635297940229066,1086.627,observe,1,2,,20.16009521484375,9.473624229431152,-0.0,0,1,,
2.1635297940229066,1086.627,observe,1,1,,71.80467987060547,-0.0,-0.0,0,1,,
2.1635297940229066,1086.627,observe,0,4,,0.000335693359375,-0.0,-0.006000000052154064,0,1,,
2.1635297940229066,1086.627,observe,0,1,,0.0005965481395833194,0.0,0.06800000369548798,0,1,,
2.173540717049036,1086.637,observe,1,2,,20.15447998046875,7.285110950469971,-0.0,0,1,,
2.173540717049036,1086.637,observe,1,1,,71.80467987060547,-0.0,-0.0,0,1,,
2.173540717049036,1086.637,observe,0,4,,0.000335693359375,-0.0,-0.010999999940395355,0,1,,
2.173540717049036,1086.637,observe,0,1,,0.0005965481395833194,0.0,-0.004999999888241291,0,1,,
2.1836873050197028,1086.647,observe,1,2,,20.151580810546875,1.2781330347061157,-0.0,0,1,,
2.1836873050197028,1086.647,observe,1,1,,71.80467987060547,-0.0,-0.0,0,1,,
2.1836873050197028,1086.647,observe,0,4,,0.000335693359375,-0.0,-0.006000000052154064,0,1,,
2.1836873050197028,1086.647,observe,0,1,,0.0005965481395833194,0.0,0.029999999329447746,0,1,,
2.193322822044138,1086.657,observe,1,2,,20.157257080078125,7.5392656326293945,-0.0,0,1,,
2.193322822044138,1086.657,observe,1,1,,71.80467987060547,-0.0,-0.0,0,1,,
2.193322822044138,1086.657,observe,0,4,,0.000335693359375,-0.0,0.05000000074505806,0,1,,
2.193322822044138,1086.657,observe,0,1,,0.0005965481395833194,0.0,0.029999999329447746,0,1,,
2.203517740010284,1086.667,observe,1,2,,20.151580810546875,-3.261521816253662,-0.0,0,1,,
2.203517740010284,1086.667,observe,1,1,,71.80467987060547,-0.0,-0.0,0,1,,
2.203517740010284,1086.667,observe,0,4,,0.000335693359375,-0.0,-0.010999999940395355,0,1,,
2.203517740010284,1086.667,observe,0,1,,0.0005965481395833194,0.0,-0.004999999888241291,0,1,,
2.213383981026709,1086.677,observe,1,2,,20.148773193359375,2.088233709335327,-0.0,0,1,,
2.213383981026709,1086.677,observe,1,1,,71.80467987060547,-0.0,-0.0,0,1,,
2.213383981026709,1086.677,observe,0,4,,0.000335693359375,-0.0,-0.006000000052154064,0,1,,
2.213383981026709,1086.677,observe,0,1,,0.0005965481395833194,0.0,-0.00800000037997961,0,1,,
2.2236266290419735,1086.687,observe,1,2,,20.14593505859375,-13.811248779296875,-0.0,0,1,,
2.2236266290419735,1086.687,observe,1,1,,71.80467987060547,-0.0,-0.0,0,1,,
2.2236266290419735,1086.687,observe,0,4,,0.000335693359375,-0.0,-0.010999999940395355,0,1,,
2.2236266290419735,1086.687,observe,0,1,,0.0005965481395833194,0.0,-0.004999999888241291,0,1,,
2.233406998042483,1086.697,observe,1,2,,20.151580810546875,0.11637254059314728,-0.0,0,1,,
2.233406998042483,1086.697,observe,1,1,,71.80467987060547,-0.0,-0.0,0,1,,
2.233406998042483,1086.697,observe,0,4,,0.000335693359375,-0.0,-0.010999999940395355,0,1,,
2.233406998042483,1086.697,observe,0,1,,0.0005965481395833194,0.0,-0.0430000014603138,0,1,,
2.2435441680136137,1086.707,observe,1,2,,20.151580810546875,3.637910842895508,-0.0,0,1,,
2.2435441680136137,1086.707,observe,1,1,,71.80467987060547,-0.0,-0.0,0,1,,
2.2435441680136137,1086.707,observe,0,4,,0.000335693359375,-0.0,-0.006000000052154064,0,1,,
2.2435441680136137,1086.707,observe,0,1,,0.0005965481395833194,0.0,-0.004999999888241291,0,1,,
2.2533060330315493,1086.717,observe,1,2,,20.151580810546875,-5.376917839050293,-0.0,0,1,,
2.2533060330315493,1086.717,observe,1,1,,71.80467987060547,-0.0,-0.0,0,1,,
2.2533060330315493,1086.717,observe,0,4,,0.000335693359375,-0.0,-0.010999999940395355,0,1,,
2.2533060330315493,1086.717,observe,0,1,,0.0005965481395833194,0.0,-0.004999999888241291,0,1,,
2.2636412450228818,1086.727,observe,1,2,,20.157257080078125,-0.08357717841863632,-0.0,0,1,,
2.2636412450228818,1086.727,observe,1,1,,71.80467987060547,-0.0,-0.0,0,1,,
2.2636412450228818,1086.727,observe,0,4,,0.000335693359375,-0.0,-0.010999999940395355,0,1,,
2.2636412450228818,1086.727,observe,0,1,,0.0005965481395833194,0.0,-0.004999999888241291,0,1,,
2.273421223042533,1086.737,observe,1,2,,20.171417236328125,17.8450984954834,-0.0,0,1,,
2.273421223042533,1086.737,observe,1,1,,71.80467987060547,-0.0,-0.0,0,1,,
2.273421223042533,1086.737,observe,0,4,,0.000335693359375,-0.0,-0.010999999940395355,0,1,,
2.273421223042533,1086.737,observe,0,1,,0.0005965481395833194,0.0,-0.004999999888241291,0,1,,
2.283549486019183,1086.747,observe,1,2,,20.15447998046875,1.2375187873840332,-0.0,0,1,,
2.283549486019183,1086.747,observe,1,1,,71.80467987060547,-0.0,-0.0,0,1,,
2.283549486019183,1086.747,observe,0,4,,0.000335693359375,-0.0,-0.006000000052154064,0,1,,
2.283549486019183,1086.747,observe,0,1,,0.0005965481395833194,0.0,-0.004999999888241291,0,1,,
2.2935981600312516,1086.757,observe,1,2,,20.15447998046875,8.047160148620605,-0.0,0,1,,
2.2935981600312516,1086.757,observe,1,1,,71.80467987060547,-0.0,-0.0,0,1,,
2.2935981600312516,1086.757,observe,0,4,,0.000335693359375,-0.0,-0.006000000052154064,0,1,,
2.2935981600312516,1086.757,observe,0,1,,0.0005965481395833194,0.0,0.029999999329447746,0,1,,
2.3035203760373406,1086.767,observe,1,2,,20.148773193359375,-7.193277359008789,-0.0,0,1,,
2.3035203760373406,1086.767,observe,1,1,,71.80467987060547,-0.0,-0.0,0,1,,
2.3035203760373406,1086.767,observe,0,4,,0.000335693359375,-0.0,-0.006000000052154064,0,1,,
2.3035203760373406,1086.767,observe,0,1,,0.0005965481395833194,0.0,-0.004999999888241291,0,1,,
2.313431691029109,1086.777,observe,1,2,,20.148773193359375,-2.9149935245513916,-0.0,0,1,,
2.313431691029109,1086.777,observe,1,1,,71.80467987060547,-0.0,-0.0,0,1,,
2.313431691029109,1086.777,observe,0,4,,0.000335693359375,-0.0,-0.006000000052154064,0,1,,
2.313431691029109,1086.777,observe,0,1,,0.0005965481395833194,0.0,0.029999999329447746,0,1,,
2.323622702038847,1086.787,observe,1,2,,20.151580810546875,-1.4068613052368164,-0.0,0,1,,
2.323622702038847,1086.787,observe,1,1,,71.80467987060547,-0.0,-0.0,0,1,,
2.323622702038847,1086.787,observe,0,4,,0.000335693359375,-0.0,-0.006000000052154064,0,1,,
2.323622702038847,1086.787,observe,0,1,,0.0005965481395833194,0.0,-0.004999999888241291,0,1,,
2.3334503110381775,1086.797,observe,1,2,,20.15447998046875,-0.6156113147735596,-0.0,0,1,,
2.3334503110381775,1086.797,observe,1,1,,71.80467987060547,-0.0,-0.0,0,1,,
2.3334503110381775,1086.797,observe,0,4,,0.000335693359375,-0.0,-0.010999999940395355,0,1,,
2.3334503110381775,1086.797,observe,0,1,,0.0005965481395833194,0.0,-0.004999999888241291,0,1,,
2.343538959044963,1086.807,observe,1,2,,20.148773193359375,-5.501213073730469,-0.0,0,1,,
2.343538959044963,1086.807,observe,1,1,,71.80467987060547,-0.0,-0.0,0,1,,
2.343538959044963,1086.807,observe,0,4,,0.000335693359375,-0.0,-0.010999999940395355,0,1,,
2.343538959044963,1086.807,observe,0,1,,0.0005965481395833194,0.0,0.029999999329447746,0,1,,
2.353276027017273,1086.817,observe,1,2,,20.157257080078125,-0.04462365061044693,-0.0,0,1,,
2.353276027017273,1086.817,observe,1,1,,71.80467987060547,-0.0,-0.0,0,1,,
2.353276027017273,1086.817,observe,0,4,,0.000335693359375,-0.0,-0.010999999940395355,0,1,,
2.353276027017273,1086.817,observe,0,1,,0.0005965481395833194,0.0,-0.004999999888241291,0,1,,
2.363525428052526,1086.827,observe,1,2,,20.157257080078125,-5.140327453613281,-0.0,0,1,,
2.363525428052526,1086.827,observe,1,1,,71.80467987060547,-0.0,-0.0,0,1,,
2.363525428052526,1086.827,observe,0,4,,0.000335693359375,-0.0,-0.006000000052154064,0,1,,
2.363525428052526,1086.827,observe,0,1,,0.0005965481395833194,0.0,-0.004999999888241291,0,1,,
2.3733318760059774,1086.837,observe,1,2,,20.16009521484375,6.452632904052734,-0.0,0,1,,
2.3733318760059774,1086.837,observe,1,1,,71.80467987060547,-0.0,-0.0,0,1,,
2.3733318760059774,1086.837,observe,0,4,,0.000335693359375,-0.0,-0.010999999940395355,0,1,,
2.3733318760059774,1086.837,observe,0,1,,0.0005965481395833194,0.0,0.06800000369548798,0,1,,
2.383492751047015,1086.847,observe,1,2,,20.157257080078125,1.7865781784057617,-0.0,0,1,,
2.383492751047015,1086.847,observe,1,1,,71.80467987060547,-0.0,-0.0,0,1,,
2.383492751047015,1086.847,observe,0,4,,0.000335693359375,-0.0,-0.010999999940395355,0,1,,
2.383492751047015,1086.847,observe,0,1,,0.0005965481395833194,0.0,-0.004999999888241291,0,1,,
2.393670527031645,1086.857,observe,1,2,,20.148773193359375,0.6998298764228821,-0.0,0,1,,
2.393670527031645,1086.857,observe,1,1,,71.80467987060547,-0.0,-0.0,0,1,,
2.393670527031645,1086.857,observe,0,4,,0.000335693359375,-0.0,-0.010999999940395355,0,1,,
2.393670527031645,1086.857,observe,0,1,,0.0005965481395833194,0.0,-0.004999999888241291,0,1,,
2.4034664960345253,1086.867,observe,1,2,,20.151580810546875,2.6411197185516357,-0.0,0,1,,
2.4034664960345253,1086.867,observe,1,1,,71.80467987060547,-0.0,-0.0,0,1,,
2.4034664960345253,1086.867,observe,0,4,,0.000335693359375,-0.0,-0.010999999940395355,0,1,,
2.4034664960345253,1086.867,observe,0,1,,0.0005965481395833194,0.0,-0.004999999888241291,0,1,,
2.413464142999146,1086.877,observe,1,2,,20.15447998046875,1.4252228736877441,-0.0,0,1,,
2.413464142999146,1086.877,observe,1,1,,71.80467987060547,-0.0,-0.0,0,1,,
2.413464142999146,1086.877,observe,0,4,,0.000335693359375,-0.0,-0.006000000052154064,0,1,,
2.413464142999146,1086.877,observe,0,1,,0.0005965481395833194,0.0,0.029999999329447746,0,1,,
2.4234485960332677,1086.887,observe,1,2,,20.15447998046875,-2.5516600608825684,-0.0,0,1,,
2.4234485960332677,1086.887,observe,1,1,,71.80467987060547,-0.0,-0.0,0,1,,
2.4234485960332677,1086.887,observe,0,4,,0.000335693359375,-0.0,-0.006000000052154064,0,1,,
2.4234485960332677,1086.887,observe,0,1,,0.0005965481395833194,0.0,-0.004999999888241291,0,1,,
2.4333241440472193,1086.897,observe,1,2,,20.151580810546875,-1.9646888971328735,-0.0,0,1,,
2.4333241440472193,1086.897,observe,1,1,,71.80467987060547,-0.0,-0.0,0,1,,
2.4333241440472193,1086.897,observe,0,4,,0.000335693359375,-0.0,-0.010999999940395355,0,1,,
2.4333241440472193,1086.897,observe,0,1,,0.0005965481395833194,0.0,0.029999999329447746,0,1,,
2.444161260034889,1086.907,observe,1,2,,20.15447998046875,5.257890224456787,-0.0,0,1,,
2.444161260034889,1086.907,observe,1,1,,71.80467987060547,-0.0,-0.0,0,1,,
2.444161260034889,1086.907,observe,0,4,,0.000335693359375,-0.0,-0.006000000052154064,0,1,,
2.444161260034889,1086.907,observe,0,1,,0.0005965481395833194,0.0,0.029999999329447746,0,1,,
2.453211888030637,1086.917,observe,1,2,,20.15447998046875,4.177393436431885,-0.0,0,1,,
2.453211888030637,1086.917,observe,1,1,,71.80467987060547,-0.0,-0.0,0,1,,
2.453211888030637,1086.917,observe,0,4,,0.000335693359375,-0.0,-0.010999999940395355,0,1,,
2.453211888030637,1086.917,observe,0,1,,0.0005965481395833194,0.0,-0.004999999888241291,0,1,,
2.4636329510249197,1086.927,observe,1,2,,20.151580810546875,2.463181257247925,-0.0,0,1,,
2.4636329510249197,1086.927,observe,1,1,,71.80467987060547,-0.0,-0.0,0,1,,
2.4636329510249197,1086.927,observe,0,4,,0.000335693359375,-0.0,0.054999999701976776,0,1,,
2.4636329510249197,1086.927,observe,0,1,,0.0005965481395833194,0.0,-0.004999999888241291,0,1,,
2.4734107050462626,1086.937,observe,1,2,,20.15447998046875,-5.547998428344727,-0.0,0,1,,
2.4734107050462626,1086.937,observe,1,1,,71.80467987060547,-0.0,-0.0,0,1,,
2.4734107050462626,1086.937,observe,0,4,,0.000335693359375,-0.0,-0.010999999940395355,0,1,,
2.4734107050462626,1086.937,observe,0,1,,0.0005965481395833194,0.0,0.032999999821186066,0,1,,
2.4836205320316367,1086.947,observe,1,2,,20.15447998046875,-2.3549282550811768,-0.0,0,1,,
2.4836205320316367,1086.947,observe,1,1,,71.80467987060547,-0.0,-0.0,0,1,,
2.4836205320316367,1086.947,observe,0,4,,0.000335693359375,-0.0,-0.006000000052154064,0,1,,
2.4836205320316367,1086.947,observe,0,1,,0.0005965481395833194,0.0,-0.004999999888241291,0,1,,
2.4935939740389585,1086.957,observe,1,2,,20.16009521484375,-3.1850621700286865,-0.0,0,1,,
2.4935939740389585,1086.957,observe,1,1,,71.80467987060547,-0.0,-0.0,0,1,,
2.4935939740389585,1086.957,observe,0,4,,0.000335693359375,-0.0,-0.010999999940395355,0,1,,
2.4935939740389585,1086.957,observe,0,1,,0.0005965481395833194,0.0,0.029999999329447746,0,1,,
2.5035082950489596,1086.967,observe,1,2,,20.151580810546875,0.24011416733264923,-0.0,0,1,,
2.5035082950489596,1086.967,observe,1,1,,71.80467987060547,-0.0,-0.0,0,1,,
2.5035082950489596,1086.967,observe,0,4,,0.000335693359375,-0.0,-0.010999999940395355,0,1,,
2.5035082950489596,1086.967,observe,0,1,,0.0005965481395833194,0.0,0.032999999821186066,0,1,,
2.5133348810486495,1086.977,observe,1,2,,20.14593505859375,-9.642430305480957,-0.0,0,1,,
2.5133348810486495,1086.977,observe,1,1,,71.80467987060547,-0.0,-0.0,0,1,,
2.5133348810486495,1086.977,observe,0,4,,0.000335693359375,-0.0,-0.006000000052154064,0,1,,
2.5133348810486495,1086.977,observe,0,1,,0.0005965481395833194,0.0,0.06800000369548798,0,1,,
2.523616963007953,1086.987,observe,1,2,,20.16009521484375,4.441829204559326,-0.0,0,1,,
2.523616963007953,1086.987,observe,1,1,,71.80467987060547,-0.0,-0.0,0,1,,
2.523616963007953,1086.987,observe,0,4,,0.000335693359375,-0.0,-0.006000000052154064,0,1,,
2.523616963007953,1086.987,observe,0,1,,0.0005965481395833194,0.0,-0.18799999356269836,0,1,,
2.533448729023803,1086.997,observe,1,2,,20.16009521484375,10.371301651000977,-0.0,0,1,,
2.533448729023803,1086.997,observe,1,1,,71.80467987060547,-0.0,-0.0,0,1,,
2.533448729023803,1086.997,observe,0,4,,0.000335693359375,-0.0,-0.006000000052154064,0,1,,
2.533448729023803,1086.997,observe,0,1,,0.0005965481395833194,0.0,-0.0430000014603138,0,1,,
2.543564088002313,1087.007,observe,1,2,,20.148773193359375,2.479520797729492,-0.0,0,1,,
2.543564088002313,1087.007,observe,1,1,,71.80467987060547,-0.0,-0.0,0,1,,
2.543564088002313,1087.007,observe,0,4,,0.000335693359375,-0.0,-0.010999999940395355,0,1,,
2.543564088002313,1087.007,observe,0,1,,0.0005965481395833194,0.0,-0.004999999888241291,0,1,,
2.553162365045864,1087.017,observe,1,2,,20.151580810546875,-1.0648497343063354,-0.0,0,1,,
2.553162365045864,1087.017,observe,1,1,,71.80467987060547,-0.0,-0.0,0,1,,
2.553162365045864,1087.017,observe,0,4,,0.000335693359375,-0.0,0.054999999701976776,0,1,,
2.553162365045864,1087.017,observe,0,1,,0.0005965481395833194,0.0,0.029999999329447746,0,1,,
2.563758588046767,1087.027,observe,1,2,,20.162933349609375,6.612858295440674,-0.0,0,1,,
2.563758588046767,1087.027,observe,1,1,,71.80467987060547,-0.0,-0.0,0,1,,
2.563758588046767,1087.027,observe,0,4,,0.000335693359375,-0.0,-0.010999999940395355,0,1,,
2.563758588046767,1087.027,observe,0,1,,0.0005965481395833194,0.0,-0.004999999888241291,0,1,,
2.5733972010202706,1087.037,observe,1,2,,20.15447998046875,2.9286279678344727,-0.0,0,1,,
2.5733972010202706,1087.037,observe,1,1,,71.80467987060547,-0.0,-0.0,0,1,,
2.5733972010202706,1087.037,observe,0,4,,0.000335693359375,-0.0,-0.010999999940395355,0,1,,
2.5733972010202706,1087.037,observe,0,1,,0.0005965481395833194,0.0,-0.004999999888241291,0,1,,
2.5835778120090254,1087.047,observe,1,2,,20.15447998046875,3.8540122509002686,-0.0,0,1,,
2.5835778120090254,1087.047,observe,1,1,,71.80467987060547,-0.0,-0.0,0,1,,
2.5835778120090254,1087.047,observe,0,4,,0.000335693359375,-0.0,-0.010999999940395355,0,1,,
2.5835778120090254,1087.047,observe,0,1,,0.0005965481395833194,0.0,-0.004999999888241291,0,1,,
2.593362279003486,1087.057,observe,1,2,,20.151580810546875,-2.907275438308716,-0.0,0,1,,
2.593362279003486,1087.057,observe,1,1,,71.80467987060547,-0.0,-0.0,0,1,,
2.593362279003486,1087.057,observe,0,4,,0.000335693359375,-0.0,-0.006000000052154064,0,1,,
2.593362279003486,1087.057,observe,0,1,,0.0005965481395833194,0.0,-0.004999999888241291,0,1,,
2.603589088015724,1087.067,observe,1,2,,20.148773193359375,-4.90287446975708,-0.0,0,1,,
2.603589088015724,1087.067,observe,1,1,,71.80467987060547,-0.0,-0.0,0,1,,
2.603589088015724,1087.067,observe,0,4,,0.000335693359375,-0.0,0.05000000074505806,0,1,,
2.603589088015724,1087.067,observe,0,1,,0.0005965481395833194,0.0,-0.00800000037997961,0,1,,
2.6132049080333672,1087.077,observe,1,2,,20.162933349609375,0.4243830144405365,-0.0,0,1,,
2.6132049080333672,1087.077,observe,1,1,,71.80467987060547,-0.0,-0.0,0,1,,
2.6132049080333672,1087.077,observe,0,4,,0.000335693359375,-0.0,-0.006000000052154064,0,1,,
2.6132049080333672,1087.077,observe,0,1,,0.0005965481395833194,0.0,0.029999999329447746,0,1,,
2.623373357055243,1087.087,observe,1,2,,20.157257080078125,-0.4873468279838562,-0.0,0,1,,
2.623373357055243,1087.087,observe,1,1,,71.80467987060547,-0.0,-0.0,0,1,,
2.623373357055243,1087.087,observe,0,4,,0.000335693359375,-0.0,-0.006000000052154064,0,1,,
2.623373357055243,1087.087,observe,0,1,,0.0005965481395833194,0.0,-0.004999999888241291,0,1,,
2.633271708036773,1087.097,observe,1,2,,20.157257080078125,8.442182540893555,-0.0,0,1,,
2.633271708036773,1087.097,observe,1,1,,71.80467987060547,-0.0,-0.0,0,1,,
2.633271708036773,1087.097,observe,0,4,,0.000335693359375,-0.0,-0.010999999940395355,0,1,,
2.633271708036773,1087.097,observe,0,1,,0.0005965481395833194,0.0,-0.004999999888241291,0,1,,
2.6435331610264257,1087.107,observe,1,2,,20.157257080078125,5.11523962020874,-0.0,0,1,,
2.6435331610264257,1087.107,observe,1,1,,71.80467987060547,-0.0,-0.0,0,1,,
2.6435331610264257,1087.107,observe,0,4,,0.000335693359375,-0.0,-0.010999999940395355,0,1,,
2.6435331610264257,1087.107,observe,0,1,,0.0005965481395833194,0.0,0.029999999329447746,0,1,,
2.653379034018144,1087.117,observe,1,2,,20.151580810546875,-7.730125904083252,-0.0,0,1,,
2.653379034018144,1087.117,observe,1,1,,71.80467987060547,-0.0,-0.0,0,1,,
2.653379034018144,1087.117,observe,0,4,,0.000335693359375,-0.0,-0.006000000052154064,0,1,,
2.653379034018144,1087.117,observe,0,1,,0.0005965481395833194,0.0,-0.0430000014603138,0,1,,
2.6636634500464424,1087.127,observe,1,2,,20.162933349609375,1.7093182802200317,-0.0,0,1,,
2.6636634500464424,1087.127,observe,1,1,,71.80467987060547,-0.0,-0.0,0,1,,
2.6636634500464424,1087.127,observe,0,4,,0.000335693359375,-0.0,-0.010999999940395355,0,1,,
2.6636634500464424,1087.127,observe,0,1,,0.0005965481395833194,0.0,-0.004999999888241291,0,1,,
2.673477182048373,1087.137,observe,1,2,,20.15447998046875,6.115170478820801,-0.0,0,1,,
2.673477182048373,1087.137,observe,1,1,,71.80467987060547,-0.0,-0.0,0,1,,
2.673477182048373,1087.137,observe,0,4,,0.000335693359375,-0.0,-0.010999999940395355,0,1,,
2.673477182048373,1087.137,observe,0,1,,0.0005965481395833194,0.0,-0.004999999888241291,0,1,,
2.6834246960352175,1087.147,observe,1,2,,20.16009521484375,1.320846676826477,-0.0,0,1,,
2.6834246960352175,1087.147,observe,1,1,,71.80467987060547,-0.0,-0.0,0,1,,
2.6834246960352175,1087.147,observe,0,4,,0.000335693359375,-0.0,-0.006000000052154064,0,1,,
2.6834246960352175,1087.147,observe,0,1,,0.0005965481395833194,0.0,-0.004999999888241291,0,1,,
2.6934629400493577,1087.157,observe,1,2,,20.15447998046875,0.7884705662727356,-0.0,0,1,,
2.6934629400493577,1087.157,observe,1,1,,71.80467987060547,-0.0,-0.0,0,1,,
2.6934629400493577,1087.157,observe,0,4,,0.000335693359375,-0.0,-0.006000000052154064,0,1,,
2.6934629400493577,1087.157,observe,0,1,,0.0005965481395833194,0.0,-0.004999999888241291,0,1,,
2.7035511870053597,1087.167,observe,1,2,,20.148773193359375,-3.574737071990967,-0.0,0,1,,
2.7035511870053597,1087.167,observe,1,1,,71.80467987060547,-0.0,-0.0,0,1,,
2.7035511870053597,1087.167,observe,0,4,,0.000335693359375,-0.0,0.054999999701976776,0,1,,
2.7035511870053597,1087.167,observe,0,1,,0.0005965481395833194,0.0,0.029999999329447746,0,1,,
2.7134593370137736,1087.177,observe,1,2,,20.16009521484375,2.609332323074341,-0.0,0,1,,
2.7134593370137736,1087.177,observe,1,1,,71.80467987060547,-0.0,-0.0,0,1,,
2.7134593370137736,1087.177,observe,0,4,,0.000335693359375,-0.0,-0.010999999940395355,0,1,,
2.7134593370137736,1087.177,observe,0,1,,0.0005965481395833194,0.0,-0.004999999888241291,0,1,,
2.723314166010823,1087.187,observe,1,2,,20.148773193359375,-7.4885573387146,-0.0,0,1,,
2.723314166010823,1087.187,observe,1,1,,71.80467987060547,-0.0,-0.0,0,1,,
2.723314166010823,1087.187,observe,0,4,,0.000335693359375,-0.0,-0.010999999940395355,0,1,,
2.723314166010823,1087.187,observe,0,1,,0.0005965481395833194,0.0,-0.004999999888241291,0,1,,
2.733297416998539,1087.197,observe,1,2,,20.148773193359375,-7.254726886749268,-0.0,0,1,,
2.733297416998539,1087.197,observe,1,1,,71.80467987060547,-0.0,-0.0,0,1,,
2.733297416998539,1087.197,observe,0,4,,0.000335693359375,-0.0,-0.006000000052154064,0,1,,
2.733297416998539,1087.197,observe,0,1,,0.0005965481395833194,0.0,-0.0430000014603138,0,1,,
2.743462138052564,1087.207,observe,1,2,,20.148773193359375,-1.097202181816101,-0.0,0,1,,
2.743462138052564,1087.207,observe,1,1,,71.80467987060547,-0.0,-0.0,0,1,,
2.743462138052564,1087.207,observe,0,4,,0.000335693359375,-0.0,-0.010999999940395355,0,1,,
2.743462138052564,1087.207,observe,0,1,,0.0005965481395833194,0.0,-0.22599999606609344,0,1,,
2.7532886450062506,1087.217,observe,1,2,,20.14593505859375,-7.047073841094971,-0.0,0,1,,
2.7532886450062506,1087.217,observe,1,1,,71.80467987060547,-0.0,-0.0,0,1,,
2.7532886450062506,1087.217,observe,0,4,,0.000335693359375,-0.0,-0.006000000052154064,0,1,,
2.7532886450062506,1087.217,observe,0,1,,0.0005965481395833194,0.0,0.032999999821186066,0,1,,
2.763422739051748,1087.227,observe,1,2,,20.157257080078125,1.9880374670028687,-0.0,0,1,,
2.763422739051748,1087.227,observe,1,1,,71.80467987060547,-0.0,-0.0,0,1,,
2.763422739051748,1087.227,observe,0,4,,0.000335693359375,-0.0,0.054999999701976776,0,1,,
2.763422739051748,1087.227,observe,0,1,,0.0005965481395833194,0.0,-0.004999999888241291,0,1,,
2.7732020360417664,1087.237,observe,1,2,,20.16009521484375,0.6258563995361328,-0.0,0,1,,
2.7732020360417664,1087.237,observe,1,1,,71.80467987060547,-0.0,-0.0,0,1,,
2.7732020360417664,1087.237,observe,0,4,,0.000335693359375,-0.0,-0.006000000052154064,0,1,,
2.7732020360417664,1087.237,observe,0,1,,0.0005965481395833194,0.0,-0.004999999888241291,0,1,,
2.7834545930381864,1087.247,observe,1,2,,20.15447998046875,-6.242124080657959,-0.0,0,1,,
2.7834545930381864,1087.247,observe,1,1,,71.80467987060547,-0.0,-0.0,0,1,,
2.7834545930381864,1087.247,observe,0,4,,0.000335693359375,-0.0,0.054999999701976776,0,1,,
2.7834545930381864,1087.247,observe,0,1,,0.0005965481395833194,0.0,-0.004999999888241291,0,1,,
2.7934506570454687,1087.257,observe,1,2,,20.157257080078125,3.187199115753174,-0.0,0,1,,
2.7934506570454687,1087.257,observe,1,1,,71.80467987060547,-0.0,-0.0,0,1,,
2.7934506570454687,1087.257,observe,0,4,,0.000335693359375,-0.0,0.054999999701976776,0,1,,
2.7934506570454687,1087.257,observe,0,1,,0.0005965481395833194,0.0,-0.00800000037997961,0,1,,
2.80344112199964,1087.267,observe,1,2,,20.157257080078125,1.3244235515594482,-0.0,0,1,,
2.80344112199964,1087.267,observe,1,1,,71.80467987060547,-0.0,-0.0,0,1,,
2.80344112199964,1087.267,observe,0,4,,0.000335693359375,-0.0,0.054999999701976776,0,1,,
2.80344112199964,1087.267,observe,0,1,,0.0005965481395833194,0.0,-0.004999999888241291,0,1,,
2.8131931280368008,1087.277,observe,1,2,,20.15447998046875,6.833059310913086,-0.0,0,1,,
2.8131931280368008,1087.277,observe,1,1,,71.80467987060547,-0.0,-0.0,0,1,,
2.8131931280368008,1087.277,observe,0,4,,0.000335693359375,-0.0,-0.010999999940395355,0,1,,
2.8131931280368008,1087.277,observe,0,1,,0.0005965481395833194,0.0,-0.004999999888241291,0,1,,
2.823476562043652,1087.287,observe,1,2,,20.143035888671875,-3.3360443115234375,-0.0,0,1,,
2.823476562043652,1087.287,observe,1,1,,71.80467987060547,-0.0,-0.0,0,1,,
2.823476562043652,1087.287,observe,0,4,,0.000335693359375,-0.0,-0.010999999940395355,0,1,,
2.823476562043652,1087.287,observe,0,1,,0.0005965481395833194,0.0,-0.0430000014603138,0,1,,
2.833349716034718,1087.297,observe,1,2,,20.151580810546875,-0.7203086018562317,-0.0,0,1,,
2.833349716034718,1087.297,observe,1,1,,71.80467987060547,-0.0,-0.0,0,1,,
2.833349716034718,1087.297,observe,0,4,,0.000335693359375,-0.0,-0.010999999940395355,0,1,,
2.833349716034718,1087.297,observe,0,1,,0.0005965481395833194,0.0,-0.004999999888241291,0,1,,
2.843390364025254,1087.307,observe,1,2,,20.15447998046875,0.7042298316955566,-0.0,0,1,,
2.843390364025254,1087.307,observe,1,1,,71.80467987060547,-0.0,-0.0,0,1,,
2.843390364025254,1087.307,observe,0,4,,0.000335693359375,-0.0,-0.006000000052154064,0,1,,
2.843390364025254,1087.307,observe,0,1,,0.0005965481395833194,0.0,-0.004999999888241291,0,1,,
2.853417768026702,1087.317,observe,1,2,,20.151580810546875,1.6610922813415527,-0.0,0,1,,
2.853417768026702,1087.317,observe,1,1,,71.80467987060547,-0.0,-0.0,0,1,,
2.853417768026702,1087.317,observe,0,4,,0.000335693359375,-0.0,-0.006000000052154064,0,1,,
2.853417768026702,1087.317,observe,0,1,,0.0005965481395833194,0.0,0.029999999329447746,0,1,,
2.8637182650272734,1087.327,observe,1,2,,20.14593505859375,-2.7321767807006836,-0.0,0,1,,
2.8637182650272734,1087.327,observe,1,1,,71.80467987060547,-0.0,-0.0,0,1,,
2.8637182650272734,1087.327,observe,0,4,,0.000335693359375,-0.0,0.05000000074505806,0,1,,
2.8637182650272734,1087.327,observe,0,1,,0.0005965481395833194,0.0,-0.004999999888241291,0,1,,
2.8733485320117325,1087.337,observe,1,2,,20.157257080078125,-1.4375451803207397,-0.0,0,1,,
2.8733485320117325,1087.337,observe,1,1,,71.80467987060547,-0.0,-0.0,0,1,,
2.8733485320117325,1087.337,observe,0,4,,0.000335693359375,-0.0,-0.006000000052154064,0,1,,
2.8733485320117325,1087.337,observe,0,1,,0.0005965481395833194,0.0,0.029999999329447746,0,1,,
2.88352647901047,1087.347,observe,1,2,,20.157257080078125,5.696025371551514,-0.0,0,1,,
2.88352647901047,1087.347,observe,1,1,,71.80467987060547,-0.0,-0.0,0,1,,
2.88352647901047,1087.347,observe,0,4,,0.000335693359375,-0.0,0.054999999701976776,0,1,,
2.88352647901047,1087.347,observe,0,1,,0.0005965481395833194,0.0,-0.004999999888241291,0,1,,
2.893322367046494,1087.357,observe,1,2,,20.15447998046875,5.954833030700684,-0.0,0,1,,
2.893322367046494,1087.357,observe,1,1,,71.80467987060547,-0.0,-0.0,0,1,,
2.893322367046494,1087.357,observe,0,4,,0.000335693359375,-0.0,-0.006000000052154064,0,1,,
2.893322367046494,1087.357,observe,0,1,,0.0005965481395833194,0.0,0.029999999329447746,0,1,,
2.9034813080215827,1087.367,observe,1,2,,20.151580810546875,2.3625214099884033,-0.0,0,1,,
2.9034813080215827,1087.367,observe,1,1,,71.80467987060547,-0.0,-0.0,0,1,,
2.9034813080215827,1087.367,observe,0,4,,0.000335693359375,-0.0,-0.010999999940395355,0,1,,
2.9034813080215827,1087.367,observe,0,1,,0.0005965481395833194,0.0,-0.004999999888241291,0,1,,
2.913222333008889,1087.377,observe,1,2,,20.16009521484375,-2.1480441093444824,-0.0,0,1,,
2.913222333008889,1087.377,observe,1,1,,71.80467987060547,-0.0,-0.0,0,1,,
2.913222333008889,1087.377,observe,0,4,,0.000335693359375,-0.0,-0.006000000052154064,0,1,,
2.913222333008889,1087.377,observe,0,1,,0.0005965481395833194,0.0,-0.004999999888241291,0,1,,
2.9234503840561956,1087.387,observe,1,2,,20.148773193359375,-5.356964111328125,-0.0,0,1,,
2.9234503840561956,1087.387,observe,1,1,,71.80467987060547,-0.0,-0.0,0,1,,
2.9234503840561956,1087.387,observe,0,4,,0.000335693359375,-0.0,-0.006000000052154064,0,1,,
2.9234503840561956,1087.387,observe,0,1,,0.0005965481395833194,0.0,-0.004999999888241291,0,1,,
2.933476074016653,1087.397,observe,1,2,,20.15447998046875,0.213094100356102,-0.0,0,1,,
2.933476074016653,1087.397,observe,1,1,,71.80467987060547,-0.0,-0.0,0,1,,
2.933476074016653,1087.397,observe,0,4,,0.000335693359375,-0.0,-0.010999999940395355,0,1,,
2.933476074016653,1087.397,observe,0,1,,0.0005965481395833194,0.0,-0.004999999888241291,0,1,,
2.9436409760382958,1087.407,observe,1,2,,20.151580810546875,-0.1782718300819397,-0.0,0,1,,
2.9436409760382958,1087.407,observe,1,1,,71.80467987060547,-0.0,-0.0,0,1,,
2.9436409760382958,1087.407,observe,0,4,,0.000335693359375,-0.0,-0.006000000052154064,0,1,,
2.9436409760382958,1087.407,observe,0,1,,0.0005965481395833194,0.0,-0.004999999888241291,0,1,,
2.953500925039407,1087.417,observe,1,2,,20.16009521484375,4.577023983001709,-0.0,0,1,,
2.953500925039407,1087.417,observe,1,1,,71.80467987060547,-0.0,-0.0,0,1,,
2.953500925039407,1087.417,observe,0,4,,0.000335693359375,-0.0,-0.010999999940395355,0,1,,
2.953500925039407,1087.417,observe,0,1,,0.0005965481395833194,0.0,0.029999999329447746,0,1,,
2.963498833007179,1087.427,observe,1,2,,20.151580810546875,1.9646743535995483,-0.0,0,1,,
2.963498833007179,1087.427,observe,1,1,,71.80467987060547,-0.0,-0.0,0,1,,
2.963498833007179,1087.427,observe,0,4,,0.000335693359375,-0.0,-0.010999999940395355,0,1,,
2.963498833007179,1087.427,observe,0,1,,0.0005965481395833194,0.0,-0.004999999888241291,0,1,,
2.973239759041462,1087.437,observe,1,2,,20.16009521484375,-2.613657236099243,-0.0,0,1,,
2.973239759041462,1087.437,observe,1,1,,71.80467987060547,-0.0,-0.0,0,1,,
2.973239759041462,1087.437,observe,0,4,,0.000335693359375,-0.0,-0.010999999940395355,0,1,,
2.973239759041462,1087.437,observe,0,1,,0.0005965481395833194,0.0,-0.004999999888241291,0,1,,
2.9834071150398813,1087.447,observe,1,2,,20.16009521484375,-2.8237721920013428,-0.0,0,1,,
2.9834071150398813,1087.447,observe,1,1,,71.80467987060547,-0.0,-0.0,0,1,,
2.9834071150398813,1087.447,observe,0,4,,0.000335693359375,-0.0,-0.006000000052154064,0,1,,
2.9834071150398813,1087.447,observe,0,1,,0.0005965481395833194,0.0,-0.004999999888241291,0,1,,
2.993366652051918,1087.457,observe,1,2,,20.151580810546875,0.09559542685747147,-0.0,0,1,,
2.993366652051918,1087.457,observe,1,1,,71.80467987060547,-0.0,-0.0,0,1,,
2.993366652051918,1087.457,observe,0,4,,0.000335693359375,-0.0,-0.006000000052154064,0,1,,
2.993366652051918,1087.457,observe,0,1,,0.0005965481395833194,0.0,-0.004999999888241291,0,1,,
3.003700461005792,1087.467,observe,1,2,,20.15447998046875,-1.0389580726623535,-0.0,0,1,,
3.003700461005792,1087.467,observe,1,1,,71.80467987060547,-0.0,-0.0,0,1,,
3.003700461005792,1087.467,observe,0,4,,0.000335693359375,-0.0,-0.010999999940395355,0,1,,
3.003700461005792,1087.467,observe,0,1,,0.0005965481395833194,0.0,0.029999999329447746,0,1,,
