tick,id,target,model,velocity,current,position,reference_current
146121,2,0.0,0.0,0.0,0.0,112.59700012207031,0.00021262247173581272
146141,2,0.0,0.0,0.639999270439148,-0.12754230201244354,112.59700012207031,-0.011694235727190971
146161,2,0.0,0.0,-0.4539659917354584,0.09059799462556839,112.59700012207031,0.0720805823802948
146181,2,0.0,0.0,-0.5642203092575073,0.11559393256902695,112.61897277832031,0.05719700828194618
146201,2,0.0,0.0,0.039765626192092896,-0.002234052401036024,112.61897277832031,0.020199134945869446
146221,2,0.0,0.0,0.13318681716918945,-0.023953193798661232,112.57504272460938,-0.05847274139523506
146241,2,0.0,0.0,0.3113822340965271,-0.06435755640268326,112.57504272460938,-0.06867861747741699
146261,2,0.0,0.0,-0.602128267288208,0.11013852059841156,112.53109741210938,-0.06825337558984756
146281,2,0.0,0.0,-0.09838315844535828,0.012885509990155697,112.59700012207031,-0.02104962430894375
146301,2,0.0,0.0,0.2216048687696457,-0.04950089752674103,112.59700012207031,0.012544725090265274
146321,2,0.0,0.0,0.5125288963317871,-0.10313054174184799,112.61897277832031,0.05719700828194618
146341,2,0.0,0.0,-0.16030754148960114,0.03075730986893177,112.61897277832031,0.036785248667001724
146361,2,0.0,0.0,-0.10089850425720215,0.02617495507001877,112.61897277832031,0.1222594827413559
146381,2,0.0,0.0,-0.5424468517303467,0.11562993377447128,112.61897277832031,0.05974847450852394
146401,2,0.0,0.0,-0.7621959447860718,0.16677464544773102,112.64093017578125,0.0980205163359642
146421,2,0.0,0.0,-0.8616623878479004,0.19727930426597595,112.66290283203125,0.15755636990070343
146441,2,0.0,0.0,-0.8270853757858276,0.19821694493293762,112.66290283203125,0.12948864698410034
146461,2,0.0,0.0,-0.7529213428497314,0.19151157140731812,112.66290283203125,0.114179827272892
146481,2,0.0,0.0,0.26586201786994934,-0.006392267998307943,112.68486022949219,0.043589167296886444
146501,2,0.0,0.0,0.14517290890216827,0.01786397024989128,112.68486022949219,0.06315043568611145
146521,2,0.0,0.0,-0.11148752272129059,0.0680852085351944,112.68486022949219,0.038911473006010056
146541,2,0.0,0.0,-0.04994554817676544,0.05782303959131241,112.68486022949219,0.05974847450852394
146561,2,0.0,0.0,-0.6119781136512756,0.16513000428676605,112.64093017578125,0.015096195042133331
146581,2,0.0,0.0,-0.6897266507148743,0.1802300363779068,112.66290283203125,0.028705596923828125
146601,2,0.0,0.0,0.5874983072280884,-0.07223165780305862,112.70683288574219,0.01849815435707569
146621,2,0.0,0.0,0.10723048448562622,0.02101932466030121,112.68486022949219,0.018923399969935417
146641,2,0.0,0.0,-0.26605314016342163,0.09147460758686066,112.66290283203125,0.0027640920598059893
146661,2,0.0,0.0,0.005980849266052246,0.030381442978978157,112.64093017578125,-0.08526317030191422
146681,2,0.0,0.0,1.5769448280334473,-0.2755804657936096,112.70683288574219,-0.006591296289116144
146701,2,0.0,0.0,-0.27200424671173096,0.08802565187215805,112.64093017578125,0.06612715125083923
146721,2,0.0,0.0,-0.013395696878433228,0.03013802506029606,112.66290283203125,-0.032531239092350006
146741,2,0.0,0.0,0.4749988913536072,-0.07104634493589401,112.64093017578125,-0.0737815573811531
146761,2,0.0,0.0,0.3554397523403168,-0.050138138234615326,112.64093017578125,-0.04656431823968887
146781,2,0.0,0.0,0.9376533627510071,-0.16630561649799347,112.68486022949219,-0.030405012890696526
146801,2,0.0,0.0,0.34860461950302124,-0.054966527968645096,112.61897277832031,-0.04316236078739166
146821,2,0.0,0.0,1.285338282585144,-0.24876832962036133,112.59700012207031,-0.10099723190069199
146841,2,0.0,0.0,0.554766058921814,-0.11346609890460968,112.55307006835938,-0.133741095662117
146861,2,0.0,0.0,0.9549437761306763,-0.19665619730949402,112.55307006835938,-0.08271170407533646
146881,2,0.0,0.0,0.5329912900924683,-0.12010280787944794,112.53109741210938,-0.07760876417160034
146901,2,0.0,0.0,0.4385748505592346,-0.11210482567548752,112.50914001464844,-0.1749914139509201
146921,2,0.0,0.0,0.2616834044456482,-0.08144251257181168,112.50914001464844,-0.08909037709236145
146941,2,0.0,0.0,0.43382006883621216,-0.12310171127319336,112.487060546875,-0.1273624151945114
146961,2,0.0,0.0,0.1318504959344864,-0.06477800011634827,112.50914001464844,-0.058047495782375336
146981,2,0.0,0.0,0.6141501665115356,-0.15873633325099945,112.53109741210938,-0.015096195042133331
147001,2,0.0,0.0,0.03313945233821869,-0.049328528344631195,112.487060546875,-0.10822639614343643
147021,2,0.0,0.0,-0.015778720378875732,-0.039737313985824585,112.50914001464844,-0.020624378696084023
147041,2,0.0,0.0,0.06171080842614174,-0.05433139204978943,112.53109741210938,-0.03423221781849861
147061,2,0.0,0.0,0.3312501609325409,-0.10982879996299744,112.50914001464844,-0.08271170407533646
147081,2,0.0,0.0,0.17508375644683838,-0.08135904371738434,112.50914001464844,-0.0865389034152031
147101,2,0.0,0.0,-0.8767556548118591,0.12690486013889313,112.50914001464844,-0.02657780796289444
147121,2,0.0,0.0,-0.4162638783454895,0.038509074598550797,112.55307006835938,-0.012969970703125
147141,2,5.902909379074117e-06,2.314562692617983e-07,-0.05271710455417633,-0.03229638561606407,112.55307006835938,-0.04358760640025139
147161,2,0.0006249771104194224,2.7634821890387684e-05,-0.4451286792755127,0.046519700437784195,112.53109741210938,-0.017222419381141663
147181,2,0.00250542676076293,0.00016265893646050245,-0.5892800688743591,0.07842592895030975,112.53109741210938,0.035509515553712845
147201,2,0.005900292657315731,0.0005038672243244946,-0.892403244972229,0.14327672123908997,112.53109741210938,0.021474869921803474
147221,2,0.007933693937957287,0.0011165747418999672,-0.3169780373573303,0.038345031440258026,112.55307006835938,0.09164184331893921
147241,2,0.013342679478228092,0.0021236559841781855,-0.1651381105184555,0.01669241301715374,112.53109741210938,0.07930974662303925
147261,2,0.020368635654449463,0.003595096757635474,-0.9185687303543091,0.174721822142601,112.55307006835938,0.10142248123884201
147281,2,0.029028281569480896,0.005569451954215765,-0.48783600330352783,0.09785541892051697,112.55307006835938,0.11120311170816422
147301,2,0.038324642926454544,0.008204525336623192,-0.6809245347976685,0.14519360661506653,112.57504272460938,0.1354420781135559
147321,2,0.0496692955493927,0.011478922329843044,-0.39028480648994446,0.09584413468837738,112.57504272460938,0.11077786982059479
147341,2,0.05566677078604698,0.015462479554116726,0.058802295476198196,0.007962947711348534,112.57504272460938,0.0006378673715516925
147361,2,0.06959282606840134,0.020304972305893898,0.6137607097625732,-0.10353441536426544,112.55307006835938,-0.02317584864795208
147381,2,0.08367220312356949,0.02600068226456642,1.1465896368026733,-0.21014650166034698,112.57504272460938,-0.0486905463039875
147401,2,0.10100434720516205,0.03251137211918831,0.572729229927063,-0.09951943159103394,112.55307006835938,-0.054218728095293045
147421,2,0.11999908089637756,0.03990316390991211,0.4056323766708374,-0.06794548034667969,112.53109741210938,-0.020199134945869446
147441,2,0.14080877602100372,0.048309676349163055,0.2161482572555542,-0.028326334431767464,112.55307006835938,0.0019136022310703993
147461,2,0.151376411318779,0.05772753432393074,-0.17996610701084137,0.05333777517080307,112.57504272460938,0.03040657564997673
147481,2,0.17366249859333038,0.06825994700193405,-0.49902814626693726,0.11987864226102829,112.57504272460938,0.020624378696084023
147501,2,0.19803550839424133,0.07962200045585632,-0.3172670602798462,0.08856512606143951,112.61897277832031,0.012969970703125
147521,2,0.22419634461402893,0.09205865114927292,0.24886766076087952,-0.02092735283076763,112.59700012207031,0.0010631122859194875
147541,2,0.252215176820755,0.1056622788310051,-0.017530791461467743,0.03390142321586609,112.59700012207031,-0.011694235727190971
147561,2,0.2657349109649658,0.12026802450418472,0.35572847723960876,-0.032698843628168106,112.64093017578125,0.06485141813755035
147581,2,0.2944769561290741,0.13605864346027374,0.6598957777023315,-0.09042564779520035,112.64093017578125,0.03168231248855591
147601,2,0.3246769607067108,0.15304191410541534,0.2470267415046692,-0.005111187230795622,112.64093017578125,0.02317584864795208
147621,2,0.35339778661727905,0.17090000212192535,0.27681177854537964,-0.009508371353149414,112.61897277832031,-0.013395215384662151
147641,2,0.38582155108451843,0.18986253440380096,-0.0163077712059021,0.05390903353691101,112.61897277832031,0.0363600067794323
147661,2,0.41985660791397095,0.20977061986923218,0.2570689618587494,0.0038663761224597692,112.61897277832031,0.015521439723670483
147681,2,0.43524184823036194,0.23065893352031708,0.17643222212791443,0.024674616754055023,112.64093017578125,0.04529014974832535
147701,2,0.47012677788734436,0.252515971660614,0.6472234129905701,-0.06539738178253174,112.64093017578125,0.004039826802909374
147721,2,0.5051031708717346,0.27530330419540405,0.07721716165542603,0.05413134768605232,112.66290283203125,0.03976196423172951
147741,2,0.5374486446380615,0.29888439178466797,0.2884344160556793,0.014743773266673088,112.64093017578125,-0.009993256069719791
147761,2,0.5739409923553467,0.323243647813797,0.43096473813056946,-0.0032478144858032465,112.68486022949219,0.06867861747741699
147781,2,0.6071645617485046,0.3485662341117859,0.11724361777305603,0.06233688071370125,112.68486022949219,0.0036145818885415792
147801,2,0.6430151462554932,0.3744865953922272,0.24627310037612915,0.044609855860471725,112.70683288574219,0.03295804560184479
147821,2,0.6602736115455627,0.40088218450546265,0.7338219285011292,-0.0418832041323185,112.75076293945312,0.05166882276535034
147841,2,0.6960052251815796,0.42787569761276245,0.10979816317558289,0.08939842879772186,112.75076293945312,0.08441267907619476
147861,2,0.732032835483551,0.45537513494491577,0.6619752049446106,-0.010168924927711487,112.75076293945312,0.07973498851060867
147881,2,0.7640910744667053,0.4834126830101013,0.15376150608062744,0.09732578694820404,112.75076293945312,0.020624378696084023
147901,2,0.8002535104751587,0.5117481350898743,-0.2730633616447449,0.1930672973394394,112.77273559570312,0.11885752528905869
147921,2,0.8343672752380371,0.540467381477356,0.7523585557937622,0.0015464122407138348,112.75076293945312,0.08356219530105591
147941,2,0.8502432107925415,0.5692098140716553,-0.1192706897854805,0.18125280737876892,112.75076293945312,0.07548253983259201
147961,2,0.88252192735672,0.5983348488807678,-0.04371589422225952,0.17664822936058044,112.75076293945312,0.08781464397907257
147981,2,0.9148609638214111,0.6273100972175598,0.2208191454410553,0.1329801082611084,112.75076293945312,0.03593476116657257
148001,2,0.9466187357902527,0.6562331914901733,0.4927011728286743,0.08365166187286377,112.75076293945312,0.009993256069719791
148021,2,0.9624100923538208,0.6847865581512451,0.018790706992149353,0.18692995607852936,112.75076293945312,0.08568841964006424
148041,2,0.9911746978759766,0.713187575340271,-0.5552781224250793,0.315311998128891,112.77273559570312,0.1945526897907257
148061,2,1.0174782276153564,0.7411960363388062,0.20625567436218262,0.17314980924129486,112.77273559570312,0.07930974662303925
148081,2,1.0421303510665894,0.7686246037483215,-0.04142996668815613,0.23467525839805603,112.79469299316406,0.14309804141521454
148101,2,1.0649691820144653,0.7955244183540344,-0.39296862483024597,0.318913072347641,112.81666564941406,0.19540317356586456
148121,2,1.074859380722046,0.8217412829399109,0.5814270377159119,0.13844776153564453,112.860595703125,0.11885752528905869
148141,2,1.0941593647003174,0.8471754789352417,1.3116750717163086,0.0005066150333732367,112.860595703125,0.04401441290974617
148161,2,1.111215353012085,0.871631383895874,-0.13193100690841675,0.2922969162464142,112.88267517089844,0.10057199001312256
148181,2,1.1255590915679932,0.895109236240387,1.4004501104354858,-0.0055310362949967384,112.92660522460938,0.06357567757368088
148201,2,1.1377060413360596,0.9175263047218323,0.5316210389137268,0.17141152918338776,112.94856262207031,0.09121660143136978
148221,2,1.1421427726745605,0.9387374520301819,0.9431350231170654,0.09397102892398834,112.97053527832031,0.07505729049444199
148241,2,1.149601936340332,0.9586617946624756,1.0333631038665771,0.08044348657131195,113.01446533203125,0.08483792841434479
148261,2,1.1541590690612793,0.9771432280540466,0.47716784477233887,0.19664277136325836,113.05839538574219,0.13501682877540588
148281,2,1.1555590629577637,0.9940798282623291,1.4366402626037598,0.013362988829612732,113.08036804199219,0.1239604577422142
148301,2,1.1540125608444214,1.0093975067138672,1.348587989807129,0.0318312868475914,113.10232543945312,0.08101072162389755
148321,2,1.1489439010620117,1.022993564605713,1.2669397592544556,0.04832521080970764,113.08036804199219,0.06315043568611145
148341,2,1.145495891571045,1.034778356552124,1.1023913621902466,0.08182553201913834,113.08036804199219,0.061449456959962845
148361,2,1.1353981494903564,1.0446429252624512,1.0109915733337402,0.09890773892402649,113.08036804199219,0.05634651705622673
148381,2,1.1215534210205078,1.052479863166809,1.0240787267684937,0.09656904637813568,113.08036804199219,0.0720805823802948
148401,2,1.1043654680252075,1.0582996606826782,1.153216004371643,0.07020743191242218,113.08036804199219,0.03380853682756424
148421,2,1.0830345153808594,1.0618935823440552,2.015683650970459,-0.10223431140184402,113.08036804199219,0.029981331899762154
148441,2,1.0716480016708374,1.0632423162460327,1.77596116065979,-0.059479303658008575,113.05839538574219,0.008717521093785763
148461,2,1.0452704429626465,1.0621312856674194,1.746720790863037,-0.058659885078668594,113.08036804199219,0.006591296289116144
148481,2,1.0141221284866333,1.0587122440338135,1.4135942459106445,0.0012350009055808187,113.08036804199219,-0.010418500751256943
148501,2,0.9786888957023621,1.052889347076416,0.873809814453125,0.10515768826007843,113.08036804199219,0.05549602583050728
148521,2,0.9397435188293457,1.0444095134735107,1.6533100605010986,-0.04780770093202591,113.12429809570312,0.08696415275335312
148541,2,0.9203628897666931,1.0335042476654053,1.5757111310958862,-0.040162984281778336,113.10232543945312,-0.012119480408728123
148561,2,0.8719828724861145,1.0197786092758179,0.9314310550689697,0.08119352161884308,113.10232543945312,0.010843745432794094
148581,2,0.8217889666557312,1.0034621953964233,0.9229137301445007,0.07934489846229553,113.10232543945312,0.016797175630927086
148601,2,0.7683184742927551,0.9841758608818054,0.3450746536254883,0.19123229384422302,113.10232543945312,0.07505729049444199
148621,2,0.7413636445999146,0.9623197913169861,0.7531384229660034,0.11128810048103333,113.14625549316406,0.10142248123884201
148641,2,0.6835055351257324,0.9370732307434082,0.5403017997741699,0.15008212625980377,113.12429809570312,0.10312345623970032
148661,2,0.6195607781410217,0.9092024564743042,0.032222211360931396,0.24937178194522858,113.12429809570312,0.14012132585048676
148681,2,0.5530703663825989,0.8786259293556213,2.5216312408447266,-0.2465711385011673,113.212158203125,0.05209406837821007
148701,2,0.479632705450058,0.844871461391449,0.48295873403549194,0.1499508023262024,113.14625549316406,0.10652542114257812
148721,2,0.44536328315734863,0.8081189393997192,-0.47180551290512085,0.3316749930381775,113.14625549316406,0.0980205163359642
148741,2,0.3695545196533203,0.7684675455093384,1.8732300996780396,-0.13555428385734558,113.27816772460938,0.06655239313840866
148761,2,0.2882303297519684,0.7257819175720215,-0.6773898601531982,0.3585638403892517,113.16822814941406,0.11970800906419754
148781,2,0.20333224534988403,0.6803131699562073,0.6372920274734497,0.08891918510198593,113.23423767089844,0.07335631549358368
148801,2,0.1159449964761734,0.631705641746521,0.19249272346496582,0.17011244595050812,113.23423767089844,0.1286381483078003
148821,2,0.07302137464284897,0.5801247358322144,0.15492033958435059,0.17300410568714142,113.23423767089844,0.13076438009738922
148841,2,-0.01818842627108097,0.525208055973053,0.6108625531196594,0.07300803065299988,113.23423767089844,0.10014674812555313
148861,2,-0.10555727034807205,0.46762335300445557,0.5539339780807495,0.0737748071551323,113.23423767089844,0.1061001718044281
148881,2,-0.2058277279138565,0.4071798026561737,0.37563249468803406,0.09569340944290161,113.212158203125,0.09036611020565033
148901,2,-0.30795934796333313,0.3443010151386261,-0.6081244945526123,0.2824362516403198,113.23423767089844,0.1715894639492035
148921,2,-0.41223350167274475,0.27827897667884827,-0.8702268600463867,0.3290739357471466,113.23423767089844,0.2515370547771454
148941,2,-0.4637787342071533,0.20956626534461975,-0.23794852197170258,0.19985587894916534,113.23423767089844,0.20518380403518677
148961,2,-0.5704077482223511,0.13766247034072876,0.05070619285106659,0.13186220824718475,113.23423767089844,0.14012132585048676
148981,2,-0.6824373006820679,0.06366068869829178,0.18418532609939575,0.0826253890991211,113.190185546875,0.009142765775322914
149001,2,-0.7963916063308716,-0.012533764354884624,0.5429317355155945,-0.00868111103773117,113.190185546875,0.013395215384662151
149021,2,-0.9143317341804504,-0.09166015684604645,0.5444232821464539,-0.029506703838706017,113.190185546875,0.016797175630927086
149041,2,-0.9695731401443481,-0.17316469550132751,0.8641185164451599,-0.11319940537214279,113.16822814941406,-0.016797175630927086
149061,2,-1.0878936052322388,-0.25714191794395447,-0.004755109548568726,0.0331232026219368,113.14625549316406,-0.05762225016951561
149081,2,-1.2114976644515991,-0.34352049231529236,0.4610721170902252,-0.08208448439836502,113.14625549316406,-0.02530207298696041
149101,2,-1.3346656560897827,-0.43164175748825073,0.048480212688446045,-0.02494252845644951,113.12429809570312,-0.038484666496515274
149121,2,-1.456041693687439,-0.5221558213233948,0.47553449869155884,-0.13775810599327087,113.10232543945312,-0.09419331699609756
149141,2,-1.5144720077514648,-0.6144295930862427,0.2977055311203003,-0.12306739389896393,113.10232543945312,-0.007016541436314583
149161,2,-1.637670636177063,-0.7091739773750305,-0.4300428032875061,-0.0028621586970984936,113.08036804199219,-0.015521439723670483
149181,2,-1.7531713247299194,-0.8047484755516052,-1.054870843887329,0.10054408013820648,113.10232543945312,0.03040657564997673
149201,2,-1.8775417804718018,-0.9018043875694275,-0.7730780839920044,0.024521930143237114,113.10232543945312,0.0282803513109684
149221,2,-2.0079548358917236,-1.000488519668579,-0.5409551858901978,-0.04453328996896744,113.10232543945312,0.0010631122859194875
149241,2,-2.131971597671509,-1.1009658575057983,0.1729620099067688,-0.2134234607219696,113.08036804199219,-0.0737815573811531
149261,2,-2.190469264984131,-1.2024857997894287,-0.07950711250305176,-0.1888391524553299,113.05839538574219,-0.07675827294588089
149281,2,-2.316196918487549,-1.3051466941833496,0.5266916751861572,-0.34132739901542664,113.03642272949219,-0.1371430605649948
149301,2,-2.440901041030884,-1.4082305431365967,-0.638713002204895,-0.146550714969635,113.01446533203125,-0.1452227085828781
149321,2,-2.5639054775238037,-1.512148380279541,0.0894460678100586,-0.32392922043800354,112.99249267578125,-0.18562254309654236
149341,2,-2.6832377910614014,-1.6170350313186646,-0.7778124809265137,-0.18782593309879303,112.99249267578125,-0.19200120866298676
149361,2,-2.7473628520965576,-1.7222317457199097,-0.9115544557571411,-0.19319437444210052,112.94856262207031,-0.2090110033750534
149381,2,-2.867661476135254,-1.8282023668289185,-0.9517292976379395,-0.21977566182613373,112.92660522460938,-0.19710415601730347
149401,2,-2.989426851272583,-1.9344429969787598,0.07280692458152771,-0.4588894546031952,112.88267517089844,-0.27237406373023987
149421,2,-3.104512929916382,-2.0400781631469727,-0.8610162734985352,-0.3087935149669647,112.838623046875,-0.23750242590904236
149441,2,-3.2215147018432617,-2.145798683166504,-1.1423554420471191,-0.28779444098472595,112.79469299316406,-0.24218010902404785
149461,2,-3.3244433403015137,-2.2517216205596924,-1.9273426532745361,-0.16380572319030762,112.72879028320312,-0.20220708847045898
149481,2,-3.375784158706665,-2.356309175491333,-1.6407479047775269,-0.24526667594909668,112.70683288574219,-0.14564795792102814
149501,2,-3.4836413860321045,-2.4612390995025635,-2.0400478839874268,-0.18979725241661072,112.66290283203125,-0.10057199001312256
149521,2,-3.588937997817993,-2.5646910667419434,-2.4846603870391846,-0.1281801164150238,112.59700012207031,-0.114179827272892
149541,2,-3.6925301551818848,-2.6668636798858643,-1.99807870388031,-0.24479246139526367,112.57504272460938,-0.133741095662117
149561,2,-3.791011095046997,-2.7680957317352295,-2.6451680660247803,-0.14266625046730042,112.46510314941406,-0.1545780897140503
149581,2,-3.834742546081543,-2.867985248565674,-1.7732789516448975,-0.33169740438461304,112.487060546875,-0.13629256188869476
149601,2,-3.9302446842193604,-2.966506242752075,-2.757890224456787,-0.16392891108989716,112.35527038574219,-0.15585383772850037
149621,2,-4.016147613525391,-3.063305616378784,-2.6704699993133545,-0.19501644372940063,112.28936767578125,-0.09036611020565033
149641,2,-4.100618362426758,-3.157881736755371,-3.35555362701416,-0.07309114933013916,112.22346496582031,0.004465071950107813
149661,2,-4.1825270652771,-3.250769853591919,-3.597296714782715,-0.04027065634727478,112.22346496582031,-0.04316236078739166
149681,2,-4.218703746795654,-3.341545581817627,-3.397313117980957,-0.09767237305641174,112.15757751464844,-0.055921271443367004
149701,2,-4.290698051452637,-3.4300246238708496,-4.654816627502441,0.13352279365062714,112.00360107421875,-0.03976039960980415
149721,2,-4.358453273773193,-3.5159480571746826,-3.298933744430542,-0.1481790542602539,111.98162841796875,-0.08526317030191422
149741,2,-4.421584606170654,-3.599008083343506,-3.3135244846343994,-0.16388435661792755,111.89376831054688,-0.08398743718862534
149761,2,-4.478100299835205,-3.679396390914917,-2.769298791885376,-0.2835882008075714,111.805908203125,-0.08526317030191422
149781,2,-4.501909255981445,-3.756563901901245,-4.661602020263672,0.08244243264198303,111.71792602539062,0.04486490413546562
149801,2,-4.549711227416992,-3.831014633178711,-4.121558666229248,-0.03536713495850563,111.69595336914062,-0.02785354293882847
149821,2,-4.592147350311279,-3.9019582271575928,-4.761785507202148,0.0720554068684578,111.56417846679688,-0.08611366152763367
149841,2,-4.6294426918029785,-3.9694254398345947,-3.2474095821380615,-0.23286397755146027,111.58612060546875,-0.046139076352119446
149861,2,-4.6589436531066895,-4.033360958099365,-4.058165073394775,-0.08729245513677597,111.476318359375,-0.06017372012138367
149881,2,-4.670631408691406,-4.093573570251465,-3.421837091445923,-0.22793592512607574,111.432373046875,-0.12821291387081146
149901,2,-4.69149112701416,-4.150051593780518,-4.794944763183594,0.03145763278007507,111.30047607421875,-0.08271170407533646
149921,2,-4.705752372741699,-4.202452182769775,-2.683241844177246,-0.3966313600540161,111.30047607421875,-0.1371430605649948
149941,2,-4.713086128234863,-4.250750541687012,-4.396918296813965,-0.06838496029376984,111.124755859375,-0.09419331699609756
149961,2,-4.713956356048584,-4.294831275939941,-3.597458839416504,-0.23791423439979553,111.102783203125,-0.16733700037002563
149981,2,-4.7120208740234375,-4.334603309631348,-3.499223232269287,-0.26951196789741516,111.01492309570312,-0.14692369103431702
150001,2,-4.702746868133545,-4.369928359985352,-3.8383166790008545,-0.216087207198143,110.97085571289062,-0.17626714706420898
150021,2,-4.686703205108643,-4.400622367858887,-3.984032392501831,-0.19652950763702393,110.90496826171875,-0.159681037068367
150041,2,-4.663984298706055,-4.426830768585205,-3.3723926544189453,-0.332543283700943,110.83908081054688,-0.2379276603460312
150061,2,-4.633387565612793,-4.448289394378662,-4.676580429077148,-0.07179126888513565,110.707275390625,-0.05039152503013611
150081,2,-4.61639928817749,-4.464913368225098,-4.563920497894287,-0.0999126136302948,110.61929321289062,-0.12140899151563644
150101,2,-4.576827526092529,-4.476835250854492,-3.66471266746521,-0.27887582778930664,110.53143310546875,-0.13246536254882812
150121,2,-4.5286431312561035,-4.4835405349731445,-4.232517242431641,-0.16985197365283966,110.44357299804688,-0.133741095662117
150141,2,-4.4753804206848145,-4.485476970672607,-3.7289016246795654,-0.27297842502593994,110.355712890625,-0.15670432150363922
150161,2,-4.412561893463135,-4.4821367263793945,-3.8453783988952637,-0.24942928552627563,110.28970336914062,-0.10865164548158646
150181,2,-4.381639003753662,-4.473714351654053,-4.525439262390137,-0.11771336942911148,110.17987060546875,-0.1749914139509201
150201,2,-4.3095269203186035,-4.46000862121582,-4.526112079620361,-0.1143941879272461,110.07003784179688,-0.11758178472518921
150221,2,-4.231475353240967,-4.441144943237305,-4.953313827514648,-0.022804975509643555,110.004150390625,-0.08568841964006424
150241,2,-4.147056579589844,-4.417384624481201,-4.758591651916504,-0.0494198352098465,109.96023559570312,-0.049541033804416656
150261,2,-4.05135440826416,-4.388113975524902,-4.653768539428711,-0.06350531429052353,109.87225341796875,-0.054218728095293045
150281,2,-4.006286144256592,-4.353443145751953,-3.9629104137420654,-0.1885385662317276,109.78439331054688,-0.0801602303981781
150301,2,-3.904388189315796,-4.3134989738464355,-3.3079590797424316,-0.31141436100006104,109.74044799804688,-0.14267124235630035
150321,2,-3.7969553470611572,-4.268816947937012,-4.280426502227783,-0.10941237211227417,109.652587890625,-0.10397394746541977
150341,2,-3.6790173053741455,-4.218142509460449,-3.3367056846618652,-0.2909063696861267,109.608642578125,-0.20178185403347015
150361,2,-3.5595638751983643,-4.162540435791016,-5.513573169708252,0.16411413252353668,109.47674560546875,0.041037701070308685
150381,2,-3.5008106231689453,-4.101738452911377,-4.634023666381836,-0.003646509489044547,109.43283081054688,-0.09844576567411423
150401,2,-3.3706610202789307,-4.035560607910156,-3.5586001873016357,-0.19147959351539612,109.344970703125,-0.03678368777036667
150421,2,-3.2355923652648926,-3.964287042617798,-4.636295318603516,0.03786267712712288,109.257080078125,-0.04656431823968887
150441,2,-3.094900608062744,-3.888526201248169,-2.8709816932678223,-0.3008617162704468,109.21304321289062,-0.17881861329078674
150461,2,-2.9425418376922607,-3.8072593212127686,-4.077793121337891,-0.037134792655706406,109.08126831054688,-0.01977388933300972
150481,2,-2.8719286918640137,-3.721527576446533,-4.1576337814331055,-0.014516210183501244,108.971435546875,-0.1222594827413559
150501,2,-2.7188620567321777,-3.63010311126709,-2.7356371879577637,-0.26142415404319763,108.927490234375,0.02104962430894375
150521,2,-2.5570733547210693,-3.5338990688323975,-4.777975082397461,0.16025787591934204,108.77362060546875,-0.01764766499400139
150541,2,-2.393672466278076,-3.4335575103759766,-3.6425442695617676,-0.03723590075969696,108.75164794921875,-0.020199134945869446
150561,2,-2.218702554702759,-3.3280420303344727,-3.553858995437622,-0.030881019309163094,108.68576049804688,-0.052942994982004166
150581,2,-2.1387133598327637,-3.217816114425659,-2.74755597114563,-0.17145824432373047,108.619873046875,-0.11205360293388367
150601,2,-1.9629837274551392,-3.102388620376587,-3.217522382736206,-0.05610361695289612,108.53201293945312,-0.10822639614343643
150621,2,-1.7770750522613525,-2.9831018447875977,-3.4388651847839355,0.015925908461213112,108.46600341796875,-0.00956801138818264
150641,2,-1.6019928455352783,-2.8606889247894287,-2.799726724624634,-0.08359668403863907,108.37814331054688,-0.05507078021764755
150661,2,-1.4113452434539795,-2.733797550201416,-2.963392972946167,-0.023835286498069763,108.31222534179688,-0.05251774936914444
150681,2,-1.3223645687103271,-2.6027674674987793,-3.2114923000335693,0.049673911184072495,108.224365234375,-0.01849815435707569
150701,2,-1.1272538900375366,-2.4676852226257324,-3.1179423332214355,0.06280933320522308,108.18045043945312,-0.022325359284877777
150721,2,-0.9323689341545105,-2.32867431640625,-2.7743663787841797,0.029279962182044983,108.13638305664062,-0.01126899104565382
150741,2,-0.742431104183197,-2.1872663497924805,-2.6018500328063965,0.02920389361679554,108.09246826171875,0.0036145818885415792
150761,2,-0.5379364490509033,-2.0420119762420654,-1.5701134204864502,-0.13749030232429504,108.07049560546875,0.017222419381141663
150781,2,-0.441382497549057,-1.894171118736267,-1.838431477546692,-0.05892864987254143,108.00460815429688,-0.030405012890696526
150801,2,-0.2414497584104538,-1.741296648979187,-2.101670265197754,0.023588066920638084,107.96066284179688,-0.04443809390068054
150821,2,-0.029439348727464676,-1.586102843284607,-2.2407126426696777,0.09301996231079102,107.98263549804688,0.08738939464092255
150841,2,0.1643475890159607,-1.429300308227539,-1.370485544204712,-0.04606493562459946,107.93869018554688,-0.04784005507826805
150861,2,0.3771962523460388,-1.2694694995880127,-2.0295867919921875,0.1180257648229599,107.916748046875,-0.04656431823968887
150881,2,0.4760306179523468,-1.1079479455947876,-1.6298494338989258,0.0748029574751854,107.93869018554688,0.049117352813482285
150901,2,0.6821813583374023,-0.9431355595588684,-1.5473709106445312,0.0963875874876976,107.916748046875,0.03593476116657257
150921,2,0.8916487097740173,-0.7772315144538879,-1.5063965320587158,0.12926414608955383,107.93869018554688,0.04826686158776283
150941,2,1.0890616178512573,-0.6095078587532043,-1.494433045387268,0.1729382425546646,107.98263549804688,0.15287868678569794
150961,2,1.3034974336624146,-0.4395599961280823,-0.6730507016181946,0.05271836370229721,108.00460815429688,0.07548253983259201
150981,2,1.398593544960022,-0.26814815402030945,-0.7983990907669067,0.11275698989629745,108.00460815429688,0.06740288436412811
151001,2,1.6015828847885132,-0.09549729526042938,-0.0984468162059784,0.011731727048754692,108.00460815429688,0.024876829236745834
151021,2,1.8140443563461304,0.07839123159646988,0.6950430870056152,-0.11455521732568741,108.00460815429688,-0.06825337558984756
151041,2,2.013383150100708,0.25242239236831665,0.09854558855295181,0.03820836544036865,108.00460815429688,0.03040657564997673
151061,2,2.2155771255493164,0.42740657925605774,-0.4292139708995819,0.17917536199092865,108.02658081054688,0.028705596923828125
151081,2,2.309206247329712,0.6021397113800049,0.8888266086578369,-0.05062542483210564,108.07049560546875,-0.03210599347949028
151101,2,2.507246732711792,0.7772823572158813,0.4570174813270569,0.06972379237413406,108.04852294921875,0.0031893369741737843
151121,2,2.7107648849487305,0.9538342356681824,0.11941273510456085,0.1768825650215149,108.09246826171875,0.06825337558984756
151141,2,2.8907313346862793,1.1290693283081055,1.0399082899093628,0.02872493676841259,108.11444091796875,0.01764766499400139
151161,2,3.071031332015991,1.3047785758972168,0.8389497995376587,0.10460004210472107,108.13638305664062,0.01467095036059618
151181,2,3.171718120574951,1.4787232875823975,1.2305259704589844,0.0640784502029419,108.15835571289062,0.09674478322267532
151201,2,3.361961603164673,1.6520614624023438,1.5270791053771973,0.04133898392319679,108.15835571289062,0.032107554376125336
151221,2,3.5409936904907227,1.8244513273239136,1.2402435541152954,0.1364395022392273,108.15835571289062,0.07675827294588089
151241,2,3.7135848999023438,1.9956423044204712,1.844093918800354,0.05625579133629799,108.18045043945312,0.07973498851060867
151261,2,3.8924880027770996,2.1659228801727295,1.6935311555862427,0.13059654831886292,108.29025268554688,0.12183423340320587
151281,2,3.9729700088500977,2.3341517448425293,0.6985210180282593,0.36521223187446594,108.33419799804688,0.19072547554969788
151301,2,4.139164924621582,2.5008227825164795,0.7747865915298462,0.4009983539581299,108.37814331054688,0.27705177664756775
151321,2,4.305422782897949,2.6663222312927246,0.5407599210739136,0.4999856948852539,108.42205810546875,0.3599760830402374
151341,2,4.455089092254639,2.8297107219696045,1.1019761562347412,0.4379422962665558,108.44403076171875,0.30299171805381775
151361,2,4.614137172698975,2.990358591079712,0.9639071226119995,0.5168725848197937,108.50991821289062,0.35146963596343994
151381,2,4.681621074676514,3.1481733322143555,1.0911654233932495,0.5392308235168457,108.575927734375,0.36380329728126526
151401,2,4.826761722564697,3.3047876358032227,2.561406373977661,0.2910853624343872,108.619873046875,0.23069849610328674
151421,2,4.967446327209473,3.4578323364257812,2.3462929725646973,0.3723195195198059,108.68576049804688,0.2664206326007843
151441,2,5.097982406616211,3.6074182987213135,2.9163360595703125,0.2982722520828247,108.77362060546875,0.23537619411945343
151461,2,5.229678153991699,3.754279375076294,3.161606550216675,0.27895617485046387,108.81756591796875,0.10269821435213089
151481,2,5.287320613861084,3.8980376720428467,4.735062599182129,-0.003642863593995571,108.949462890625,0.1222594827413559
151501,2,5.406306266784668,4.038496494293213,3.3741276264190674,0.28474676609039307,108.905517578125,0.038911473006010056
151521,2,5.521722793579102,4.175454616546631,5.901049613952637,-0.18498444557189941,109.08126831054688,0.06952910870313644
151541,2,5.6296281814575195,4.308422565460205,4.047247886657715,0.19506995379924774,109.10321044921875,0.020199134945869446
151561,2,5.73077917098999,4.437928676605225,5.2701520919799805,-0.017347436398267746,109.301025390625,0.12693718075752258
151581,2,5.776756763458252,4.563636302947998,3.779865026473999,0.29551267623901367,109.344970703125,0.12906339764595032
151601,2,5.868823051452637,4.685828685760498,4.9228835105896,0.09254055470228195,109.45477294921875,0.11162836104631424
151621,2,5.9557366371154785,4.803492069244385,3.5704903602600098,0.38633668422698975,109.47674560546875,0.1715894639492035
151641,2,6.035176753997803,4.9167327880859375,5.206604480743408,0.08342576026916504,109.696533203125,0.12438570708036423
151661,2,6.1092119216918945,5.025981903076172,4.102987766265869,0.3238694369792938,109.76242065429688,0.12991389632225037
151681,2,6.140030384063721,5.130860805511475,4.845168590545654,0.2023627758026123,109.87225341796875,0.20178185403347015
151701,2,6.205445289611816,5.231405258178711,5.3277740478515625,0.12768088281154633,109.96023559570312,0.10907688736915588
151721,2,6.262608051300049,5.327273845672607,4.766809463500977,0.2658902108669281,110.026123046875,0.20050610601902008
151741,2,6.314338684082031,5.418643474578857,4.721259117126465,0.29264935851097107,110.13595581054688,0.17626714706420898
151761,2,6.3603715896606445,5.5056376457214355,5.503001689910889,0.15287068486213684,110.24578857421875,0.11460506916046143
151781,2,6.382078647613525,5.587828636169434,5.916865348815918,0.08599982410669327,110.355712890625,0.09674478322267532
151801,2,6.418446063995361,5.665579319000244,6.365418910980225,0.016607483848929405,110.48751831054688,0.1554301530122757
151821,2,6.4474077224731445,5.738564491271973,5.261648654937744,0.24710336327552795,110.50949096679688,0.14352329075336456
151841,2,6.471223831176758,5.806942939758301,5.589530944824219,0.19356244802474976,110.61929321289062,0.10737590491771698
151861,2,6.479858875274658,5.87066125869751,4.877683639526367,0.34706348180770874,110.66336059570312,0.14820098876953125
151881,2,6.494624137878418,5.929688930511475,7.874786853790283,-0.2354193776845932,110.90496826171875,0.03295804560184479
151901,2,6.503847122192383,5.984030246734619,7.053816318511963,-0.06579938530921936,110.99282836914062,0.10014674812555313
151921,2,6.507035732269287,6.033685684204102,5.966345310211182,0.16007018089294434,111.102783203125,0.17031371593475342
151941,2,6.504949569702148,6.0786919593811035,5.488343238830566,0.26144686341285706,111.14669799804688,0.13459157943725586
151961,2,6.502110004425049,6.119091987609863,6.251942157745361,0.11673925817012787,111.30047607421875,0.09291758388280869
151981,2,6.4923014640808105,6.154848575592041,6.324233531951904,0.11324777454137802,111.454345703125,0.1945526897907257
152001,2,6.476733207702637,6.186089992523193,6.325819492340088,0.12339583039283752,111.56417846679688,0.20858576893806458
152021,2,6.457662105560303,6.212916374206543,5.378495693206787,0.3149857223033905,111.63006591796875,0.15330392122268677
152041,2,6.431918621063232,6.235280990600586,5.678550720214844,0.26457807421684265,111.761962890625,0.2298480123281479
152061,2,6.405616283416748,6.253116130828857,6.098471641540527,0.18439626693725586,111.89376831054688,0.13118962943553925
152081,2,6.3910932540893555,6.266920566558838,5.77471923828125,0.2538659870624542,112.02555847167969,0.18179532885551453
152101,2,6.355891227722168,6.276183128356934,6.054378032684326,0.20388250052928925,112.15757751464844,0.16818749904632568
152121,2,6.316781520843506,6.281647205352783,5.853202819824219,0.24616317451000214,112.26741027832031,0.17711764574050903
152141,2,6.302746772766113,6.283620357513428,6.611746311187744,0.0979352593421936,112.42117309570312,0.1158808097243309
152161,2,6.257166862487793,6.283779144287109,5.635799884796143,0.2865448296070099,112.53109741210938,0.08441267907619476
152181,2,6.2307047843933105,6.2799553871154785,5.8484625816345215,0.24769069254398346,112.68486022949219,0.17754288017749786
152201,2,6.176331996917725,6.272106647491455,5.925647258758545,0.23275771737098694,112.81666564941406,0.17073896527290344
152221,2,6.119670391082764,6.260537624359131,6.822440147399902,0.051775507628917694,112.94856262207031,0.11205360293388367
152241,2,6.055595397949219,6.2447967529296875,5.8679633140563965,0.23685409128665924,113.08036804199219,0.1554301530122757
152261,2,6.019378662109375,6.225025653839111,5.813028812408447,0.24650037288665771,113.190185546875,0.1571311354637146
152281,2,5.946909427642822,6.201529026031494,4.972980499267578,0.40727245807647705,113.25619506835938,0.16776224970817566
152301,2,5.87403678894043,6.174015998840332,7.046763896942139,-0.002463748212903738,113.47586059570312,0.10992737859487534
152321,2,5.790691375732422,6.142321586608887,5.750658988952637,0.23953689634799957,113.563720703125,0.06825337558984756
152341,2,5.75243616104126,6.106632709503174,7.343677997589111,-0.07707402110099792,113.73956298828125,0.10482443869113922
152361,2,5.665783882141113,6.067350387573242,5.336649417877197,0.30925047397613525,113.76152038574219,0.1975293904542923
152381,2,5.573775768280029,6.024055480957031,6.8765482902526855,-0.009869552217423916,113.915283203125,0.07250582426786423
152401,2,5.475663185119629,5.976781845092773,5.682584285736084,0.22290539741516113,113.98129272460938,0.18051959574222565
152421,2,5.373837947845459,5.925361156463623,6.5488104820251465,0.016374066472053528,114.20094299316406,-0.10567492991685867
152441,2,5.325846195220947,5.870081901550293,8.621807098388672,-0.39760565757751465,114.37678527832031,0.0031893369741737843
152461,2,5.217936992645264,5.8108811378479,3.924604654312134,0.4976665675640106,114.33285522460938,0.030831821262836456
152481,2,5.105936527252197,5.748359203338623,8.547101020812988,-0.4345572888851166,114.64048767089844,-0.10567492991685867
152501,2,4.987787246704102,5.681912422180176,4.675873279571533,0.3105062246322632,114.618408203125,0.08398743718862534
152521,2,4.867585182189941,5.611360549926758,6.954420566558838,-0.16605183482170105,114.86013793945312,-0.07123009115457535
152541,2,4.808986663818359,5.537723064422607,6.100282669067383,-0.0065265619195997715,114.92604064941406,0.08909037709236145
152561,2,4.684388160705566,5.459258556365967,3.672614574432373,0.4511820375919342,114.94801330566406,0.12651193141937256
152581,2,4.551929473876953,5.378285884857178,6.951411247253418,-0.21167567372322083,115.14581298828125,0.016797175630927086
152601,2,4.418147087097168,5.293592929840088,4.98313045501709,0.16236954927444458,115.18974304199219,0.13884559273719788
152621,2,4.27441930770874,5.204904556274414,5.158535480499268,0.10024015605449677,115.343505859375,0.01467095036059618
152641,2,4.209537029266357,5.112579822540283,5.469541072845459,0.03102591447532177,115.43147277832031,0.13459157943725586
152661,2,4.066943168640137,5.016879081726074,4.002682685852051,0.2942056953907013,115.47540283203125,0.04188818857073784
152681,2,3.921160936355591,4.918445587158203,5.104584217071533,0.05951627343893051,115.62916564941406,0.1222594827413559
152701,2,3.7716097831726074,4.816005706787109,4.676183223724365,0.12531150877475739,115.695068359375,0.09929625689983368
152721,2,3.61478328704834,4.710685729980469,5.318821907043457,-0.02584894560277462,115.80500793457031,0.0461406372487545
152741,2,3.5412580966949463,4.602115154266357,4.767834663391113,0.05553733557462692,115.84893798828125,-0.033806972205638885
152761,2,3.3808300495147705,4.4901041984558105,4.491256237030029,0.0822269394993782,115.95877075195312,0.00021262247173581272
152781,2,3.220698595046997,4.375831127166748,4.787423610687256,-0.004422151483595371,116.046630859375,-0.004890316631644964
152801,2,3.0564615726470947,4.258441925048828,4.127119541168213,0.10265131294727325,116.13459777832031,0.0997214987874031
152821,2,2.88608717918396,4.137546539306641,4.08781623840332,0.08660832792520523,116.20050048828125,0.07293106615543365
152841,2,2.8062357902526855,4.013804912567139,4.580134868621826,-0.03307588770985603,116.31033325195312,0.041037701070308685
152861,2,2.6349005699157715,3.887155055999756,3.6218981742858887,0.1266302913427353,116.33229064941406,0.0461406372487545
152881,2,2.4611153602600098,3.758507251739502,3.708892583847046,0.0833827555179596,116.398193359375,0.09249233454465866
152901,2,2.2862634658813477,3.6270670890808105,3.240617513656616,0.14814171195030212,116.44223022460938,0.06952910870313644
152921,2,2.102565050125122,3.4925034046173096,3.25465989112854,0.11857469379901886,116.50813293457031,0.08483792841434479
152941,2,2.0208020210266113,3.355471611022949,3.100701093673706,0.12518784403800964,116.55206298828125,0.061449456959962845
152961,2,1.8413277864456177,3.2151966094970703,2.995074510574341,0.11727957427501678,116.59599304199219,0.05336980149149895
152981,2,1.6572505235671997,3.07430100440979,2.618166208267212,0.16343390941619873,116.61796569824219,0.08781464397907257
153001,2,1.4722230434417725,2.930997610092163,2.868319272994995,0.08918800950050354,116.70582580566406,0.11332933604717255
153021,2,1.2775832414627075,2.7850356101989746,2.273322582244873,0.18462978303432465,116.749755859375,0.16776224970817566
153041,2,1.192888617515564,2.636650800704956,3.178344249725342,-0.03371793031692505,116.83772277832031,-0.07250582426786423
153061,2,1.0082032680511475,2.4865882396698,2.8738346099853516,0.006807363126426935,116.92559814453125,0.0963195413351059
153081,2,0.8173790574073792,2.334634780883789,1.8421180248260498,0.17228364944458008,116.94755554199219,0.05166882276535034
153101,2,0.6251757740974426,2.181533098220825,2.837275743484497,-0.05838274955749512,116.96952819824219,0.0027640920598059893
153121,2,0.4355360269546509,2.0263397693634033,2.1145713329315186,0.053264498710632324,116.96952819824219,0.06782812625169754
153141,2,0.3446742296218872,1.8696638345718384,1.5447404384613037,0.14468497037887573,117.01345825195312,0.11843227595090866
153161,2,0.15594017505645752,1.7106192111968994,0.8915766477584839,0.24668964743614197,117.03541564941406,0.1877487599849701
153181,2,-0.0181295033544302,1.5501797199249268,0.8696683645248413,0.22296221554279327,117.05738830566406,0.15457965433597565
153201,2,-0.21328063309192657,1.390238881111145,1.4498506784439087,0.08314906060695648,117.12339782714844,0.15117770433425903
153221,2,-0.40452560782432556,1.2289782762527466,0.3815038800239563,0.26629048585891724,117.14535522460938,0.18519729375839233
153241,2,-0.6012758612632751,1.0660839080810547,0.39027369022369385,0.2332647442817688,117.14535522460938,0.12906339764595032
153261,2,-0.692585825920105,0.9029604196548462,0.6162415742874146,0.1609056144952774,117.14535522460938,0.08483792841434479
153281,2,-0.8803921341896057,0.737890899181366,0.8076332807540894,0.09117361158132553,117.16732788085938,0.07165533304214478
153301,2,-1.0817265510559082,0.572093665599823,1.293846845626831,-0.03970170021057129,117.14535522460938,0.0542202927172184
153321,2,-1.2656288146972656,0.4065326452255249,0.15216007828712463,0.14913146197795868,117.101318359375,0.042313434183597565
153341,2,-1.4593064785003662,0.24005241692066193,0.980338454246521,-0.05050283297896385,117.12339782714844,0.044439658522605896
153361,2,-1.5500768423080444,0.07391020655632019,-0.5044885873794556,0.211619034409523,117.05738830566406,0.07165533304214478
153381,2,-1.7380445003509521,-0.09283694624900818,-0.5694457292556763,0.1915607750415802,117.101318359375,0.08909037709236145
153401,2,-1.926410436630249,-0.25975337624549866,0.2265639305114746,-0.0019099012715741992,117.07936096191406,0.033383291214704514
153421,2,-2.1123404502868652,-0.42688074707984924,0.9467126131057739,-0.18012748658657074,117.07936096191406,0.017222419381141663
153441,2,-2.303048849105835,-0.5943983793258667,-0.3889726996421814,0.044792767614126205,117.01345825195312,-0.020199134945869446
153461,2,-2.386164426803589,-0.7618380784988403,-0.9994500875473022,0.1329183578491211,117.01345825195312,0.022750603035092354
153481,2,-2.5684847831726074,-0.9299566149711609,-0.76451176404953,0.050929296761751175,117.01345825195312,0.011694235727190971
153501,2,-2.751427412033081,-1.0959395170211792,-0.6621579527854919,-0.006107167340815067,117.01345825195312,0.026152562350034714
153521,2,-2.9287147521972656,-1.2615810632705688,-1.230168104171753,0.06858990341424942,117.01345825195312,0.03380853682756424
153541,2,-3.1076462268829346,-1.427071213722229,-0.11550827324390411,-0.19006504118442535,117.01345825195312,-0.03976039960980415
153561,2,-3.19156813621521,-1.591886281967163,-1.6229455471038818,0.0688583105802536,116.90362548828125,-0.06697764247655869
153581,2,-3.380171775817871,-1.7550140619277954,-0.9900256395339966,-0.09548341482877731,116.90362548828125,-0.05889798700809479
153601,2,-3.5383050441741943,-1.9179856777191162,-1.3078726530075073,-0.07374019175767899,116.88166809082031,-0.09206709265708923
153621,2,-3.702864170074463,-2.0800881385803223,-1.1217823028564453,-0.14871898293495178,116.88166809082031,-0.0720805823802948
153641,2,-3.870445966720581,-2.2409207820892334,-1.607343077659607,-0.08985782414674759,116.90362548828125,-0.03550795093178749
153661,2,-3.9473390579223633,-2.400467872619629,-1.9246251583099365,-0.059760965406894684,116.90362548828125,-0.04571383073925972
153681,2,-4.107224941253662,-2.557929515838623,-1.4590725898742676,-0.19089797139167786,116.88166809082031,-0.11673129349946976
153701,2,-4.265080451965332,-2.7139346599578857,-2.431342840194702,-0.041839491575956345,116.79379272460938,-0.1320401132106781
153721,2,-4.419340133666992,-2.8685386180877686,-2.1952524185180664,-0.12240951508283615,116.749755859375,-0.08228645473718643
153741,2,-4.570446968078613,-3.0217432975769043,-1.34920334815979,-0.32864540815353394,116.749755859375,-0.13799354434013367
153761,2,-4.6392364501953125,-3.173128128051758,-1.959177017211914,-0.2445412129163742,116.66189575195312,-0.1239604577422142
153781,2,-4.782759666442871,-3.3219118118286133,-1.9381083250045776,-0.29112836718559265,116.61796569824219,-0.19200120866298676
153801,2,-4.924671649932861,-3.4686691761016846,-2.6473536491394043,-0.19461804628372192,116.57403564453125,-0.2396286427974701
153821,2,-5.060277462005615,-3.614086151123047,-2.603026866912842,-0.23829768598079681,116.55206298828125,-0.12608668208122253
153841,2,-5.195403099060059,-3.7568721771240234,-3.120528221130371,-0.17207984626293182,116.48616027832031,-0.13884402811527252
153861,2,-5.2564544677734375,-3.8973217010498047,-3.1739513874053955,-0.1945822685956955,116.42027282714844,-0.16308298707008362
153881,2,-5.383177280426025,-4.0354204177856445,-3.3665480613708496,-0.19178184866905212,116.376220703125,-0.14734892547130585
153901,2,-5.506356716156006,-4.170467376708984,-4.008615493774414,-0.09774623811244965,116.33229064941406,-0.1239604577422142
153921,2,-5.622021675109863,-4.302888870239258,-3.358771800994873,-0.2579069435596466,116.31033325195312,-0.17754288017749786
153941,2,-5.736312389373779,-4.43282413482666,-3.5200774669647217,-0.25886070728302,116.17852783203125,-0.1499004065990448
153961,2,-5.836112976074219,-4.560322284698486,-3.5750656127929688,-0.27854451537132263,116.11264038085938,-0.15883053839206696
153981,2,-5.892908096313477,-4.684500217437744,-4.127055644989014,-0.19861169159412384,116.024658203125,-0.16946323215961456
154001,2,-5.99705696105957,-4.805657863616943,-4.190387725830078,-0.2121453583240509,115.95877075195312,-0.1303391307592392
154021,2,-6.089839935302734,-4.923262119293213,-5.431626319885254,0.0011738664470613003,115.82696533203125,-0.133741095662117
154041,2,-6.183627128601074,-5.037856578826904,-4.4361958503723145,-0.21942399442195892,115.80500793457031,-0.15415285527706146
154061,2,-6.22409725189209,-5.148863792419434,-4.591531276702881,-0.21438167989253998,115.695068359375,-0.16776224970817566
154081,2,-6.305037021636963,-5.256773948669434,-4.755644798278809,-0.20827323198318481,115.58523559570312,-0.15670432150363922
154101,2,-6.384637832641602,-5.361274719238281,-4.665560722351074,-0.25444144010543823,115.47540283203125,-0.23537619411945343
154121,2,-6.457738399505615,-5.461876392364502,-5.321140289306641,-0.14821851253509521,115.40951538085938,-0.16648651659488678
154141,2,-6.522741317749023,-5.5590691566467285,-4.762121200561523,-0.2804456055164337,115.29957580566406,-0.12353521585464478
154161,2,-6.552495002746582,-5.6525068283081055,-5.131109237670898,-0.22648122906684875,115.21170043945312,-0.10992737859487534
154181,2,-6.609829902648926,-5.742404937744141,-5.554805278778076,-0.16465462744235992,115.03598022460938,-0.16776224970817566
154201,2,-6.658596515655518,-5.828040599822998,-4.839580535888672,-0.32924678921699524,114.92604064941406,-0.21028675138950348
154221,2,-6.707045555114746,-5.909928321838379,-5.672949314117432,-0.18339857459068298,114.83818054199219,-0.13629256188869476
154241,2,-6.748202800750732,-5.987656593322754,-5.000345230102539,-0.3383602797985077,114.72834777832031,-0.17456616461277008
154261,2,-6.783956050872803,-6.0613861083984375,-5.017605304718018,-0.34653398394584656,114.64048767089844,-0.11035262048244476
154281,2,-6.799050807952881,-6.130884647369385,-7.494327545166016,0.12278731167316437,114.46464538574219,-0.1320401132106781
154301,2,-6.826092720031738,-6.196365833282471,-4.310035705566406,-0.5132598876953125,114.46464538574219,-0.15117613971233368
154321,2,-6.847560882568359,-6.2575812339782715,-8.013840675354004,0.20568138360977173,114.17898559570312,-0.062299944460392
154341,2,-6.8622918128967285,-6.314408302307129,-5.758673191070557,-0.2530401349067688,114.15701293945312,-0.20773527026176453
154361,2,-6.871123790740967,-6.366957664489746,-6.211123943328857,-0.17331191897392273,114.00325012207031,-0.1371430605649948
154381,2,-6.874847412109375,-6.415114402770996,-6.565136909484863,-0.10915695130825043,113.84938049316406,-0.04146138206124306
154401,2,-6.874523639678955,-6.458846092224121,-7.326470851898193,0.04363693669438362,113.67366027832031,0.0014883573167026043
154421,2,-6.8694281578063965,-6.498097896575928,-6.589604377746582,-0.11405447125434875,113.58580017089844,-0.14224599301815033
154441,2,-6.858184814453125,-6.532857894897461,-6.694679260253906,-0.08717359602451324,113.43193054199219,0.0010631122859194875
154461,2,-6.842525005340576,-6.563020706176758,-7.865506172180176,0.13710176944732666,113.23423767089844,-0.02317584864795208
154481,2,-6.821031093597412,-6.588498115539551,-6.434834003448486,-0.14195576310157776,113.16822814941406,-0.05549602583050728
154501,2,-6.7913594245910645,-6.609524726867676,-7.305847644805908,0.028154680505394936,113.01446533203125,-0.088239885866642
154521,2,-6.775084972381592,-6.626036167144775,-5.054115295410156,-0.42991989850997925,112.94856262207031,-0.22049261629581451
154541,2,-6.734248638153076,-6.63775634765625,-6.76791524887085,-0.08090971410274506,112.72879028320312,0.009142765775322914
154561,2,-6.689148902893066,-6.644744396209717,-7.150812149047852,-0.01528205070644617,112.61897277832031,-0.12183423340320587
154581,2,-6.6381659507751465,-6.647104263305664,-5.040815353393555,-0.42111608386039734,112.55307006835938,-0.07250582426786423
154601,2,-6.6127424240112305,-6.644773006439209,-7.366796970367432,0.030867546796798706,112.35527038574219,-0.0963195413351059
154621,2,-6.552911281585693,-6.637382984161377,-6.243986129760742,-0.18398228287696838,112.26741027832031,-0.08313694596290588
154641,2,-6.486347675323486,-6.625489234924316,-7.455927848815918,0.05950787663459778,112.04753112792969,-0.014245704747736454
154661,2,-6.418299198150635,-6.608997344970703,-5.472563743591309,-0.32778996229171753,112.00360107421875,-0.14564795792102814
154681,2,-6.346349716186523,-6.587767124176025,-7.224559307098389,0.027784595265984535,111.783935546875,-0.006591296289116144
154701,2,-6.2628912925720215,-6.561774253845215,-7.0964555740356445,0.0035485588014125824,111.63006591796875,-0.1222594827413559
154721,2,-6.222837448120117,-6.530999660491943,-4.418560981750488,-0.5075037479400635,111.56417846679688,-0.06697764247655869
154741,2,-6.132995128631592,-6.495129108428955,-8.189850807189941,0.2427787035703659,111.34439086914062,0.00021262247173581272
154761,2,-6.036167144775391,-6.454990386962891,-6.048784255981445,-0.16853715479373932,111.36636352539062,-0.05762225016951561
154781,2,-5.93584680557251,-6.410582065582275,-6.373880863189697,-0.09392596781253815,111.25653076171875,-0.06442616879940033
154801,2,-5.827202796936035,-6.3613152503967285,-6.327097415924072,-0.08876889199018478,111.124755859375,-0.0469895638525486
154821,2,-5.7751030921936035,-6.307453155517578,-6.004668235778809,-0.13970638811588287,111.01492309570312,-0.010843745432794094
154841,2,-5.66033935546875,-6.248865604400635,-6.574052810668945,-0.010719852522015572,110.90496826171875,-0.009142765775322914
154861,2,-5.5364251136779785,-6.185555934906006,-5.873146057128906,-0.13002781569957733,110.79513549804688,0.020199134945869446
154881,2,-5.413949966430664,-6.118325710296631,-7.080844402313232,0.127200186252594,110.64126586914062,0.017222419381141663
154901,2,-5.280563831329346,-6.046220779418945,-6.825779438018799,0.09999950230121613,110.55340576171875,0.014245704747736454
154921,2,-5.217609405517578,-5.969694137573242,-6.75795316696167,0.102187380194664,110.44357299804688,-0.013395215384662151
154941,2,-5.080542087554932,-5.888014793395996,-5.214279651641846,-0.18348106741905212,110.377685546875,-0.03976039960980415
154961,2,-4.950340270996094,-5.803088188171387,-4.992707252502441,-0.20909567177295685,110.26773071289062,-0.11162836104631424
154981,2,-4.801905632019043,-5.713164329528809,-5.667193412780762,-0.06231118366122246,110.13595581054688,-0.0640009269118309
155001,2,-4.653488636016846,-5.6192522048950195,-6.297698497772217,0.08589359372854233,109.982177734375,0.0036145818885415792
155021,2,-4.492961883544922,-5.521376132965088,-5.44764518737793,-0.06675595790147781,109.89422607421875,-0.12353521585464478
155041,2,-4.4187092781066895,-5.419185638427734,-4.2663702964782715,-0.2746303081512451,109.80633544921875,-0.03976039960980415
155061,2,-4.25560998916626,-5.312812805175781,-5.634631156921387,0.01368578802794218,109.674560546875,-0.031680747866630554
155081,2,-4.089513778686523,-5.2025556564331055,-4.769858360290527,-0.13996879756450653,109.652587890625,-0.15117613971233368
155101,2,-3.916254758834839,-5.088815689086914,-4.26890230178833,-0.22189240157604218,109.58657836914062,-0.1286381483078003
155121,2,-3.742814779281616,-4.970819473266602,-6.215936183929443,0.18978983163833618,109.38888549804688,-0.013820460066199303
155141,2,-3.658254623413086,-4.849035739898682,-3.2059733867645264,-0.3901826739311218,109.36691284179688,-0.1877487599849701
155161,2,-3.4789023399353027,-4.722683906555176,-4.021420955657959,-0.19893430173397064,109.21304321289062,-0.0469895638525486
155181,2,-3.2961373329162598,-4.593625545501709,-5.127542018890381,0.0410265289247036,109.12518310546875,-0.06910386681556702
155201,2,-3.1039133071899414,-4.461523056030273,-3.4595322608947754,-0.2691698670387268,109.10321044921875,-0.19667890667915344
155221,2,-2.9136416912078857,-4.325297832489014,-4.707413673400879,0.007231398951262236,108.905517578125,-0.047414809465408325
155241,2,-2.8273680210113525,-4.185936450958252,-4.382878303527832,-0.03798551484942436,108.83953857421875,-0.08611366152763367
155261,2,-2.6319475173950195,-4.043178558349609,-3.4855031967163086,-0.18487849831581116,108.77362060546875,-0.0784592553973198
155281,2,-2.4311954975128174,-3.8970353603363037,-4.5548930168151855,0.05894887074828148,108.70773315429688,-0.0010631122859194875
155301,2,-2.239758014678955,-3.748225212097168,-4.308434963226318,0.03616531193256378,108.641845703125,-0.10312345623970032
155321,2,-2.0295357704162598,-3.5967252254486084,-2.61044979095459,-0.2656995356082916,108.641845703125,-0.07633303105831146
155341,2,-1.9360430240631104,-3.442142963409424,-3.0597586631774902,-0.15484924614429474,108.575927734375,-0.133741095662117
155361,2,-1.7307777404785156,-3.2845892906188965,-2.317068338394165,-0.27034759521484375,108.553955078125,-0.10482443869113922
155381,2,-1.5189216136932373,-3.1243021488189697,-3.5585622787475586,0.004414200317114592,108.46600341796875,-0.05251774936914444
155401,2,-1.3167790174484253,-2.961613178253174,-2.9228668212890625,-0.08620557188987732,108.42205810546875,-0.07123009115457535
155421,2,-1.0989465713500977,-2.7969186305999756,-2.939208745956421,-0.044709742069244385,108.33419799804688,-0.009993256069719791
155441,2,-1.0025771856307983,-2.6297225952148438,-2.9562058448791504,-0.011276221834123135,108.268310546875,-0.037208929657936096
155461,2,-0.7918881177902222,-2.459392786026001,-3.3850574493408203,0.11332159489393234,108.224365234375,0.013820460066199303
155481,2,-0.577354371547699,-2.2879958152770996,-2.585127353668213,0.0026778485625982285,108.18045043945312,0.11460506916046143
155501,2,-0.3652682304382324,-2.115339756011963,-2.448455572128296,0.018813705071806908,108.13638305664062,0.0703795999288559
155521,2,-0.14534622430801392,-1.9403843879699707,-1.4517453908920288,-0.14236287772655487,108.07049560546875,-0.05251774936914444
155541,2,-0.04425292834639549,-1.7636771202087402,-1.743361473083496,-0.051677457988262177,108.04852294921875,-0.023601094260811806
155561,2,0.17060458660125732,-1.5853325128555298,-2.590261220932007,0.15773025155067444,108.02658081054688,0.07420680671930313
155581,2,0.3860420286655426,-1.4045073986053467,-1.8168236017227173,0.047982532531023026,108.00460815429688,0.061449456959962845
155601,2,0.5855748653411865,-1.2234810590744019,-1.7061728239059448,0.06675895303487778,108.00460815429688,0.03125706687569618
155621,2,0.7955666780471802,-1.0420427322387695,-1.2167366743087769,0.007849039509892464,107.98263549804688,-0.004039826802909374
155641,2,1.0135380029678345,-0.8589063286781311,-1.3526438474655151,0.07694404572248459,108.00460815429688,0.0703795999288559
155661,2,1.1148983240127563,-0.6748170852661133,-1.492647409439087,0.1404455453157425,108.00460815429688,-0.005315561778843403
155681,2,1.3296109437942505,-0.4904458522796631,-0.9583278298377991,0.07230991870164871,108.00460815429688,-0.007016541436314583
155701,2,1.545570969581604,-0.30444443225860596,-0.1395481824874878,-0.04573366418480873,108.04852294921875,0.06442616879940033
155721,2,1.7598934173583984,-0.11905552446842194,0.42941486835479736,-0.12551423907279968,108.04852294921875,-0.07463204860687256
155741,2,1.9718022346496582,0.06747248023748398,0.4532942771911621,-0.09504619985818863,108.04852294921875,-0.0640009269118309
155761,2,2.0694539546966553,0.25345584750175476,0.37062084674835205,-0.04690926522016525,108.04852294921875,-0.04656431823968887
155781,2,2.2733914852142334,0.44034135341644287,0.42925822734832764,-0.02172348089516163,108.04852294921875,-0.022325359284877777
155801,2,2.4818618297576904,0.6262218356132507,1.291480541229248,-0.15297146141529083,108.07049560546875,-0.02317584864795208
155821,2,2.6838889122009277,0.8120449185371399,1.0251544713974,-0.0657062903046608,108.04852294921875,-0.037208929657936096
155841,2,2.8946967124938965,0.9983318448066711,0.7203490138053894,0.030630556866526604,108.04852294921875,-0.04656431823968887
155861,2,2.990253448486328,1.1843593120574951,0.2692873179912567,0.16040410101413727,108.09246826171875,0.11162836104631424
155881,2,3.1833994388580322,1.370368480682373,1.1171050071716309,0.02533365972340107,108.13638305664062,-0.030830256640911102
155901,2,3.384340524673462,1.5548630952835083,2.158452033996582,-0.13733728229999542,108.18045043945312,0.004465071950107813
155921,2,3.57124924659729,1.7382392883300781,1.2110724449157715,0.09201343357563019,108.202392578125,0.07930974662303925
155941,2,3.770358085632324,1.9202508926391602,1.2292289733886719,0.1294115036725998,108.202392578125,0.05294455587863922
155961,2,3.855670928955078,2.1012799739837646,1.5593738555908203,0.1020839735865593,108.224365234375,0.07888449728488922
155981,2,4.04161262512207,2.2811458110809326,1.7053728103637695,0.11693111807107925,108.246337890625,0.11758178472518921
156001,2,4.224752426147461,2.4595186710357666,1.4436577558517456,0.20554478466510773,108.268310546875,0.07123009115457535
156021,2,4.405946731567383,2.635753631591797,2.2860360145568848,0.07834558188915253,108.31222534179688,0.025727318599820137
156041,2,4.579723834991455,2.8106589317321777,2.0803918838500977,0.16193053126335144,108.33419799804688,0.13629412651062012
156061,2,4.658871650695801,2.983616828918457,2.322923421859741,0.14986830949783325,108.37814331054688,0.10950213670730591
156081,2,4.825508117675781,3.1546149253845215,2.1518666744232178,0.2261635661125183,108.40008544921875,0.16478553414344788
156101,2,4.973684787750244,3.3229432106018066,1.8141167163848877,0.3362719714641571,108.37814331054688,0.21921688318252563
156121,2,5.138713359832764,3.4896750450134277,1.5414375066757202,0.4416486322879791,108.42205810546875,0.29491204023361206
156141,2,5.288072109222412,3.6538960933685303,2.3373727798461914,0.33782634139060974,108.48794555664062,0.3535958528518677
156161,2,5.441636085510254,3.815342426300049,2.6073403358459473,0.33604785799980164,108.53201293945312,0.35699936747550964
156181,2,5.509674549102783,3.9740662574768066,2.604928731918335,0.38233429193496704,108.575927734375,0.3472171723842621
156201,2,5.6563849449157715,4.13031530380249,2.8072173595428467,0.38862019777297974,108.619873046875,0.32425394654273987
156221,2,5.794016361236572,4.283543109893799,1.4199588298797607,0.7125001549720764,108.68576049804688,0.4003743529319763
156241,2,5.922362804412842,4.433000087738037,2.2052814960479736,0.611376166343689,108.77362060546875,0.42716479301452637
156261,2,6.052246570587158,4.579721450805664,3.574241876602173,0.38724225759506226,108.88345336914062,0.3510443866252899
156281,2,6.109493732452393,4.723184585571289,4.076902866363525,0.3225235641002655,108.971435546875,0.2974635064601898
156301,2,6.228675842285156,4.863438129425049,4.625545978546143,0.24816659092903137,109.10321044921875,0.23367521166801453
156321,2,6.345422744750977,5.000267505645752,5.104629039764404,0.18133535981178284,109.19110107421875,0.16138358414173126
156341,2,6.446813583374023,5.133767127990723,5.165162086486816,0.1931021362543106,109.301025390625,0.1320401132106781
156361,2,6.544922828674316,5.26315975189209,5.311007022857666,0.1881447732448578,109.43283081054688,0.12991389632225037
156381,2,6.598092079162598,5.3882317543029785,5.445080280303955,0.18232686817646027,109.58657836914062,0.1256614476442337
156401,2,6.687934398651123,5.509613990783691,4.846959590911865,0.3227526843547821,109.71847534179688,0.14947672188282013
156421,2,6.773976802825928,5.626875877380371,5.257603168487549,0.26497653126716614,109.85028076171875,0.16308455169200897
156441,2,6.845820426940918,5.739887714385986,4.904107093811035,0.3549625277519226,109.89422607421875,0.13842035830020905
156461,2,6.918101787567139,5.848479747772217,6.569353103637695,0.05223783478140831,110.09201049804688,0.1473504900932312
156481,2,6.985792636871338,5.952869415283203,5.431389331817627,0.28956103324890137,110.22381591796875,0.13416634500026703
156501,2,7.014389514923096,6.052830219268799,5.865982532501221,0.21959088742733002,110.399658203125,0.12906339764595032
156521,2,7.071268081665039,6.1483073234558105,6.86233377456665,0.043515052646398544,110.55340576171875,0.14224755764007568
156541,2,7.122093200683594,6.239194869995117,5.024615287780762,0.4200584888458252,110.59735107421875,0.17414093017578125
156561,2,7.165516376495361,6.325173377990723,8.370040893554688,-0.22969594597816467,110.86105346679688,-0.010843745432794094
156581,2,7.200772762298584,6.406491756439209,6.335714817047119,0.18103477358818054,110.90496826171875,0.06272519379854202
156601,2,7.215548038482666,6.482937335968018,7.0517168045043945,0.046455830335617065,111.124755859375,0.056771762669086456
156621,2,7.2412638664245605,6.554486274719238,5.818285942077637,0.3029883801937103,111.16867065429688,0.12778766453266144
156641,2,7.2603230476379395,6.621025085449219,7.292177677154541,0.023768121376633644,111.34439086914062,0.08271170407533646
156661,2,7.271747589111328,6.682421684265137,5.603857517242432,0.3637726902961731,111.454345703125,0.12651193141937256
156681,2,7.276560306549072,6.73874568939209,7.672894477844238,-0.039338577538728714,111.63006591796875,0.020624378696084023
156701,2,7.276234149932861,6.789905548095703,6.856412887573242,0.13953669369220734,111.761962890625,0.16946323215961456
156721,2,7.270337104797363,6.835794448852539,5.3105692863464355,0.4499165713787079,111.87179565429688,0.1732904314994812
156741,2,7.2571797370910645,6.876471519470215,6.313385486602783,0.25746750831604004,112.04753112792969,0.07760876417160034
156761,2,7.236293315887451,6.911810398101807,6.838630676269531,0.16705431044101715,112.22346496582031,0.17456616461277008
156781,2,7.20953893661499,6.941758632659912,6.135318756103516,0.31509292125701904,112.33329772949219,0.1945526897907257
156801,2,7.194166660308838,6.966345310211182,6.65146541595459,0.2188563048839569,112.50914001464844,0.15330392122268677
156821,2,7.156506538391113,6.985297203063965,7.190540313720703,0.11493024975061417,112.64093017578125,0.12098374962806702
156841,2,7.11191463470459,6.998720645904541,6.667424201965332,0.216534823179245,112.77273559570312,0.10397394746541977
156861,2,7.063276767730713,7.006906032562256,6.696837425231934,0.20787964761257172,112.90463256835938,0.12055850028991699
156881,2,7.007668495178223,7.009600639343262,7.2122931480407715,0.10156583786010742,113.05839538574219,0.06272519379854202
156901,2,6.939817428588867,7.006887435913086,6.673219680786133,0.21438023447990417,113.190185546875,0.18902449309825897
156921,2,6.906119346618652,6.998860836029053,5.120883464813232,0.5166558027267456,113.27816772460938,0.17116421461105347
156941,2,6.8305535316467285,6.984526634216309,9.161260604858398,-0.28035175800323486,113.541748046875,0.11545556038618088
156961,2,6.748481273651123,6.965023994445801,6.494641304016113,0.23637086153030396,113.58580017089844,0.11928276717662811
156981,2,6.667464733123779,6.940114974975586,5.612631320953369,0.40598756074905396,113.76152038574219,0.18689827620983124
157001,2,6.574004650115967,6.909968376159668,7.891844749450684,-0.050640299916267395,113.98129272460938,0.1043991968035698
157021,2,6.4693098068237305,6.874016284942627,6.893184185028076,0.14112600684165955,114.04718017578125,0.16393505036830902
157041,2,6.418687343597412,6.832555770874023,7.127915859222412,0.07659660279750824,114.244873046875,0.03593476116657257
157061,2,6.3174214363098145,6.785416126251221,7.208106517791748,0.05206948146224022,114.35481262207031,0.07760876417160034
157081,2,6.189122676849365,6.732326984405518,5.976753234863281,0.27322256565093994,114.46464538574219,0.06782812625169754
157101,2,6.0756378173828125,6.67460298538208,7.614443778991699,-0.05720069631934166,114.72834777832031,0.09461855888366699
157121,2,5.942229270935059,6.611615180969238,6.158276081085205,0.20798391103744507,114.79425048828125,0.06825337558984756
157141,2,5.80617618560791,6.542991638183594,6.84791374206543,0.05268602818250656,114.969970703125,0.030831821262836456
157161,2,5.741206169128418,6.469090938568115,5.3952765464782715,0.3319503664970398,115.01400756835938,0.16393505036830902
157181,2,5.596442222595215,6.3898606300354,6.900533676147461,0.019162660464644432,115.18974304199219,0.08696415275335312
157201,2,5.445224285125732,6.3055644035339355,5.202247142791748,0.3353177309036255,115.23367309570312,0.13799510896205902
157221,2,5.283519744873047,6.216436386108398,8.16721248626709,-0.2650250494480133,115.51933288574219,0.04273867979645729
157241,2,5.121647834777832,6.121773719787598,4.4863152503967285,0.43211090564727783,115.47540283203125,0.0784592553973198
157261,2,5.043426513671875,6.0227861404418945,7.047398567199707,-0.08681754767894745,115.695068359375,0.08738939464092255
157281,2,4.876632213592529,5.9181809425354,4.719768524169922,0.3520960509777069,115.73910522460938,0.137569859623909
157301,2,4.6994218826293945,5.808648586273193,8.848492622375488,-0.49864429235458374,116.046630859375,-0.07930974662303925
157321,2,4.536677837371826,5.6944580078125,5.618791103363037,0.11293154954910278,116.00270080566406,0.05549602583050728
157341,2,4.347743988037109,5.575777053833008,5.2466230392456055,0.15800079703330994,116.09066772460938,0.07888449728488922
157361,2,4.15716028213501,5.451968669891357,6.392495632171631,-0.09735918045043945,116.24443054199219,0.03848623111844063
157381,2,4.06953239440918,5.323647499084473,5.875651836395264,-0.0268496572971344,116.33229064941406,-0.030830256640911102
157401,2,3.8732800483703613,5.190807342529297,5.272345542907715,0.05400737002491951,116.398193359375,-0.09206709265708923
157421,2,3.6744351387023926,5.053600311279297,5.552759170532227,-0.03655766695737839,116.48616027832031,-0.02785354293882847
157441,2,3.4618406295776367,4.9126105308532715,5.198248863220215,-0.0009956907015293837,116.59599304199219,-0.0010631122859194875
157461,2,3.2532060146331787,4.7669548988342285,4.704998016357422,0.06429442018270493,116.68385314941406,0.015521439723670483
157481,2,3.1574172973632812,4.617324352264404,4.66152811050415,0.04774652421474457,116.77183532714844,0.05889798700809479
157501,2,2.944089889526367,4.462723255157471,3.9301135540008545,0.16206659376621246,116.83772277832031,0.1043991968035698
157521,2,2.72387957572937,4.305215358734131,3.3491275310516357,0.24716874957084656,116.92559814453125,0.1256614476442337
157541,2,2.505394697189331,4.144724369049072,4.3447184562683105,0.02216188609600067,117.03541564941406,0.11077786982059479
157561,2,2.2796576023101807,3.980238676071167,3.3073513507843018,0.20229102671146393,117.07936096191406,0.1652107834815979
157581,2,2.172989845275879,3.8121941089630127,2.780653476715088,0.27956220507621765,117.12339782714844,0.11843227595090866
157601,2,1.9464930295944214,3.6396985054016113,3.2914891242980957,0.15163147449493408,117.21125793457031,0.12991389632225037
157621,2,1.7137274742126465,3.46476411819458,2.9410650730133057,0.18619407713413239,117.27716064453125,0.11758178472518921
157641,2,1.4768292903900146,3.2874937057495117,4.185308456420898,-0.0932198315858841,117.38699340820312,0.06570190191268921
157661,2,1.2488503456115723,3.106781244277954,3.283478260040283,0.03264753893017769,117.38699340820312,-0.06102421134710312
157681,2,1.1366987228393555,2.9234447479248047,3.6862165927886963,-0.07792266458272934,117.49691772460938,0.023601094260811806
157701,2,0.9018773436546326,2.7371435165405273,2.3640496730804443,0.14025898277759552,117.49691772460938,0.030831821262836456
157721,2,0.6637906432151794,2.5483906269073486,1.9209620952606201,0.1845158338546753,117.49691772460938,-0.0036145818885415792
157741,2,0.41880056262016296,2.3580756187438965,3.121661424636841,-0.08861038833856583,117.62872314453125,0.03295804560184479
157761,2,0.1817239373922348,2.164801836013794,2.073547840118408,0.07052066922187805,117.56282043457031,-0.032956480979919434
157781,2,0.06820333749055862,1.9705497026443481,2.232109308242798,-8.894283382687718e-05,117.58479309082031,-0.05166725814342499
157801,2,-0.1688895970582962,1.7731488943099976,2.382747173309326,-0.0720503106713295,117.60675048828125,0.0006378673715516925
157821,2,-0.4091636538505554,1.5751014947891235,2.317554473876953,-0.10764802247285843,117.58479309082031,-0.08101072162389755
157841,2,-0.6553869247436523,1.3751661777496338,1.822156548500061,-0.053781356662511826,117.60675048828125,0.0014883573167026043
157861,2,-0.8938592076301575,1.1730618476867676,1.7498905658721924,-0.08329026401042938,117.62872314453125,-0.005740806460380554
157881,2,-1.0026683807373047,0.9700317978858948,2.3634684085845947,-0.2513563632965088,117.62872314453125,-0.14054501056671143
157901,2,-1.2394295930862427,0.7648593783378601,1.5946658849716187,-0.15308991074562073,117.60675048828125,-0.1452227085828781
157921,2,-1.4803451299667358,0.5597314834594727,0.563209593296051,-0.0011422716779634356,117.60675048828125,-0.12098374962806702
157941,2,-1.7182984352111816,0.3546925187110901,0.1548396795988083,0.03866460546851158,117.62872314453125,0.016797175630927086
157961,2,-1.9577105045318604,0.14845359325408936,0.030861392617225647,0.026978222653269768,117.62872314453125,0.06952910870313644
157981,2,-2.068262815475464,-0.0573660209774971,-0.336864709854126,0.0640164464712143,117.62872314453125,0.019348643720149994
158001,2,-2.303738594055176,-0.26510655879974365,0.04984443262219429,-0.05032677203416824,117.67265319824219,0.032107554376125336
158021,2,-2.5327987670898438,-0.47254428267478943,0.11806449294090271,-0.10485492646694183,117.65068054199219,0.004890316631644964
158041,2,-2.765423059463501,-0.6791026592254639,-0.5048491954803467,-0.02349381148815155,117.65068054199219,0.01126899104565382
158061,2,-2.990659713745117,-0.8858649134635925,-0.744368314743042,-0.018236052244901657,117.62872314453125,-0.004465071950107813
158081,2,-3.0937068462371826,-1.0921635627746582,-0.8644908666610718,-0.03465455397963524,117.60675048828125,-0.06102421134710312
158101,2,-3.3140997886657715,-1.2978932857513428,-1.0937166213989258,-0.03263123333454132,117.60675048828125,-0.00021262247173581272
158121,2,-3.5339760780334473,-1.501849889755249,-1.0531377792358398,-0.08897063881158829,117.56282043457031,-0.06867861747741699
158141,2,-3.7565276622772217,-1.7051750421524048,-1.133262276649475,-0.11654791235923767,117.56282043457031,-0.04571383073925972
158161,2,-3.9678640365600586,-1.9081169366836548,-1.4555573463439941,-0.1025005653500557,117.54086303710938,-0.1371430605649948
158181,2,-4.063759803771973,-2.1097123622894287,-1.2375669479370117,-0.1842791587114334,117.51889038085938,-0.10652542114257812
158201,2,-4.268935680389404,-2.309976100921631,-0.5270059108734131,-0.3776741623878479,117.47496032714844,-0.2119877189397812
158221,2,-4.4744791984558105,-2.5086658000946045,-2.7906808853149414,0.03045789711177349,117.32109069824219,-0.020624378696084023
158241,2,-4.6746649742126465,-2.7047278881073,-2.2333149909973145,-0.12424536794424057,117.29911804199219,-0.08271170407533646
158261,2,-4.86461067199707,-2.899320363998413,-2.015282392501831,-0.21098974347114563,117.25518798828125,-0.11120311170816422
158281,2,-4.95537805557251,-3.090768814086914,-3.010885000228882,-0.04348229616880417,117.18930053710938,0.029556086286902428
158301,2,-5.139899730682373,-3.2810049057006836,-3.2113282680511475,-0.04576898366212845,117.14535522460938,-0.05124201253056526
158321,2,-5.325782775878906,-3.4688925743103027,-2.173403263092041,-0.29452773928642273,117.101318359375,-0.11290409415960312
158341,2,-5.492158889770508,-3.653043031692505,-2.0478858947753906,-0.3681483566761017,117.01345825195312,-0.2187916487455368
158361,2,-5.6702423095703125,-3.8348498344421387,-2.449817657470703,-0.339170902967453,116.96952819824219,-0.22602081298828125
158381,2,-5.750245571136475,-4.013413906097412,-2.0897367000579834,-0.4544176459312439,116.92559814453125,-0.25025975704193115
158401,2,-5.908061504364014,-4.189539432525635,-2.31813907623291,-0.4628300666809082,116.81576538085938,-0.32425394654273987
158421,2,-6.061417579650879,-4.362224102020264,-2.2062008380889893,-0.5378106236457825,116.727783203125,-0.3374365568161011
158441,2,-6.212119102478027,-4.530925273895264,-4.378786563873291,-0.15693221986293793,116.61796569824219,-0.28002849221229553
158461,2,-6.359328269958496,-4.696536064147949,-4.7379350662231445,-0.12354322522878647,116.55206298828125,-0.14947515726089478
158481,2,-6.434112071990967,-4.858419418334961,-5.007203102111816,-0.10098420083522797,116.48616027832031,-0.12098374962806702
158501,2,-6.570208549499512,-5.016495227813721,-4.109444618225098,-0.30870282649993896,116.42027282714844,-0.10737590491771698
158521,2,-6.693080425262451,-5.170065879821777,-5.378100395202637,-0.09349305927753448,116.26640319824219,-0.1562790721654892
158541,2,-6.816037654876709,-5.3197832107543945,-4.195638656616211,-0.35697779059410095,116.24443054199219,-0.1579800546169281
158561,2,-6.867626667022705,-5.465174674987793,-7.416127681732178,0.2537168264389038,116.00270080566406,-0.06485141813755035
158581,2,-6.976098537445068,-5.606171131134033,-5.285879611968994,-0.19353961944580078,115.98072814941406,-0.11970800906419754
158601,2,-7.077974319458008,-5.7425336837768555,-5.504560470581055,-0.17951315641403198,115.89286804199219,-0.12183423340320587
158621,2,-7.171501636505127,-5.874032497406006,-6.980310916900635,0.08913177996873856,115.695068359375,-0.07463204860687256
158641,2,-7.258657932281494,-6.0008063316345215,-5.928234100341797,-0.13875655829906464,115.60720825195312,-0.04911578819155693
158661,2,-7.295546054840088,-6.122654914855957,-6.155362129211426,-0.10751640796661377,115.49737548828125,-0.020199134945869446
158681,2,-7.370262145996094,-6.239426612854004,-7.491566181182861,0.13187672197818756,115.36558532714844,-0.04231186956167221
158701,2,-7.4367828369140625,-6.350743293762207,-4.95661735534668,-0.38651469349861145,115.343505859375,-0.15202662348747253
158721,2,-7.495459079742432,-6.4568281173706055,-7.2029194831848145,0.041721053421497345,115.05795288085938,-0.021474869921803474
158741,2,-7.548666477203369,-6.557741641998291,-7.117826461791992,0.006421077996492386,114.99205017089844,-0.06570190191268921
158761,2,-7.569509029388428,-6.6530561447143555,-5.603425025939941,-0.3129517436027527,114.90408325195312,-0.1669117659330368
158781,2,-7.608100414276123,-6.742959499359131,-6.704819679260254,-0.10701525211334229,114.79425048828125,-0.06059896573424339
158801,2,-7.638680458068848,-6.827144622802734,-7.310410976409912,-0.014109711162745953,114.64048767089844,-0.14054501056671143
158821,2,-7.661499500274658,-6.905483245849609,-5.7518229484558105,-0.3308769166469574,114.55250549316406,-0.12098374962806702
158841,2,-7.676148414611816,-6.978037357330322,-6.721663951873779,-0.160592183470726,114.37678527832031,-0.14904990792274475
158861,2,-7.6800150871276855,-7.044696807861328,-5.577477931976318,-0.4014463722705841,114.266845703125,-0.20986150205135345
158881,2,-7.682069301605225,-7.1053643226623535,-7.305050373077393,-0.07768474519252777,114.06915283203125,-0.16818749904632568
158901,2,-7.6760077476501465,-7.159964561462402,-6.392240524291992,-0.2724945545196533,114.02522277832031,-0.17414093017578125
158921,2,-7.661309242248535,-7.208463191986084,-7.605993747711182,-0.03557366505265236,113.84938049316406,-0.04911578819155693
158941,2,-7.63811731338501,-7.250744342803955,-7.019502639770508,-0.16058626770973206,113.71759033203125,-0.1354420781135559
158961,2,-7.624521732330322,-7.2869439125061035,-6.231043338775635,-0.322719544172287,113.60775756835938,-0.14734892547130585
158981,2,-7.590170860290527,-7.316608905792236,-7.852878093719482,-0.008666985668241978,113.40995788574219,-0.10524968057870865
159001,2,-7.546406269073486,-7.339898109436035,-7.2787251472473145,-0.12512421607971191,113.27816772460938,-0.10184772312641144
159021,2,-7.4945526123046875,-7.357203483581543,-7.27375602722168,-0.12684230506420135,113.14625549316406,-0.056771762669086456
159041,2,-7.43232536315918,-7.367987155914307,-7.4991607666015625,-0.08452434092760086,113.01446533203125,-0.09036611020565033
159061,2,-7.401904582977295,-7.372625827789307,-5.34525203704834,-0.5238450765609741,112.92660522460938,-0.29023435711860657
159081,2,-7.331038475036621,-7.370282173156738,-6.372522830963135,-0.32226642966270447,112.72879028320312,-0.18859925866127014
159101,2,-7.251199722290039,-7.36219596862793,-5.887614727020264,-0.4191342294216156,112.57504272460938,-0.1715894639492035
159121,2,-7.161528587341309,-7.347199440002441,-7.839165210723877,-0.03237643092870712,112.39920043945312,-0.13586731255054474
159141,2,-7.0625996589660645,-7.325890064239502,-8.173314094543457,0.03075103648006916,112.22346496582031,-0.16308298707008362
159161,2,-7.015869140625,-7.298111915588379,-6.28206729888916,-0.33236032724380493,112.09156799316406,-0.107801154255867
159181,2,-6.908262252807617,-7.2633514404296875,-7.688321590423584,-0.036605432629585266,111.95965576171875,-0.0023388471454381943
159201,2,-6.79064416885376,-7.2226786613464355,-7.4399871826171875,-0.08093316853046417,111.84982299804688,-0.10354870557785034
159221,2,-6.664163112640381,-7.175901889801025,-7.4779253005981445,-0.05241531506180763,111.67401123046875,-0.02530207298696041
159241,2,-6.536369323730469,-7.12255334854126,-6.543474197387695,-0.23125751316547394,111.56417846679688,-0.16308298707008362
159261,2,-6.4704413414001465,-7.062931060791016,-6.521541118621826,-0.2158365249633789,111.410400390625,-0.046139076352119446
159281,2,-6.329611301422119,-6.996875286102295,-8.077693939208984,0.10097745805978775,111.25653076171875,-0.06655239313840866
159301,2,-6.178609371185303,-6.9243879318237305,-6.7459869384765625,-0.14579784870147705,111.14669799804688,-0.12651193141937256
159321,2,-6.025113582611084,-6.84649133682251,-5.774052143096924,-0.3198166787624359,111.01492309570312,-0.11503031849861145
159341,2,-5.855152606964111,-6.761981964111328,-7.164454936981201,-0.025641538202762604,110.79513549804688,-0.06952910870313644
159361,2,-5.778003215789795,-6.671924591064453,-7.379518032073975,0.03410698473453522,110.64126586914062,-0.03805942088365555
159381,2,-5.6079535484313965,-6.574390888214111,-7.20973014831543,0.02836425043642521,110.50949096679688,0.008292276412248611
159401,2,-5.42608118057251,-6.4717254638671875,-7.286424160003662,0.07179620116949081,110.377685546875,-0.026152562350034714
159421,2,-5.235347270965576,-6.363517761230469,-6.2306694984436035,-0.10373692214488983,110.26773071289062,0.04401441290974617
159441,2,-5.046303749084473,-6.249078273773193,-6.596383571624756,-0.0039482214488089085,110.09201049804688,-0.00956801138818264
159461,2,-4.954662799835205,-6.129283428192139,-6.586331844329834,0.022145604714751244,109.982177734375,0.01467095036059618
159481,2,-4.7356719970703125,-6.00282096862793,-6.62609338760376,0.06618708372116089,109.85028076171875,0.054645538330078125
159501,2,-4.525401592254639,-5.872381210327148,-6.315115451812744,0.03946451470255852,109.74044799804688,0.01764766499400139
159521,2,-4.307403087615967,-5.736098766326904,-5.290717601776123,-0.12990517914295197,109.652587890625,-0.015521439723670483
159541,2,-4.205776691436768,-5.595184326171875,-5.585941791534424,-0.04788796976208687,109.47674560546875,-0.0737815573811531
159561,2,-3.9904074668884277,-5.447158336639404,-5.231926441192627,-0.08625771850347519,109.38888549804688,-0.033806972205638885
159581,2,-3.763038396835327,-5.29511022567749,-5.661475658416748,0.03095611184835434,109.279052734375,-0.023601094260811806
159601,2,-3.536008596420288,-5.138923168182373,-5.023207187652588,-0.06297319382429123,109.19110107421875,-0.06612715125083923
159621,2,-3.2933404445648193,-4.977278709411621,-4.17924165725708,-0.199536994099617,109.10321044921875,-0.10354870557785034
159641,2,-3.1857120990753174,-4.810762882232666,-5.083103179931641,0.00623030960559845,109.01535034179688,-0.0640009269118309
159661,2,-2.9479269981384277,-4.639699459075928,-5.495998382568359,0.1273619830608368,108.927490234375,0.006166051607578993
159681,2,-2.7022576332092285,-4.465280055999756,-4.865847587585449,0.04459289088845253,108.86148071289062,0.0023388471454381943
159701,2,-2.4488117694854736,-4.2860918045043945,-4.47571325302124,0.009388879872858524,108.79559326171875,0.010418500751256943
159721,2,-2.2048022747039795,-4.102199077606201,-4.4714250564575195,0.04922233894467354,108.70773315429688,-0.02785354293882847
159741,2,-2.0858452320098877,-3.9147098064422607,-4.575075626373291,0.10602229833602905,108.66378784179688,0.01467095036059618
159761,2,-1.828536868095398,-3.7219512462615967,-4.066408634185791,0.0475764125585556,108.597900390625,-0.008292276412248611
159781,2,-1.5678701400756836,-3.5265052318573,-3.1463019847869873,-0.09306831657886505,108.575927734375,-0.026152562350034714
159801,2,-1.321130633354187,-3.3280346393585205,-2.912696123123169,-0.10003166645765305,108.53201293945312,-0.05847274139523506
159821,2,-1.1882810592651367,-3.128070831298828,-2.922731876373291,-0.06616463512182236,108.44403076171875,-0.06740288436412811
159841,2,-0.9244930148124695,-2.92288875579834,-1.3473546504974365,-0.33665338158607483,108.42205810546875,-0.08738939464092255
159861,2,-0.6627997159957886,-2.7135133743286133,-3.1029884815216064,0.05458316579461098,108.29025268554688,0.03295804560184479
159881,2,-0.39908289909362793,-2.5029804706573486,-3.057757616043091,0.07700087130069733,108.202392578125,-0.11290409415960312
159901,2,-0.13657598197460175,-2.2907912731170654,-0.691040575504303,-0.33700716495513916,108.246337890625,-0.040610890835523605
159921,2,0.13233456015586853,-2.0756995677948,-3.818264961242676,0.3155747354030609,108.07049560546875,-0.05507078021764755
159941,2,0.25812333822250366,-1.8582524061203003,-1.253376841545105,-0.15149416029453278,108.11444091796875,-0.081861212849617
159961,2,0.5222073197364807,-1.6373862028121948,-1.5043703317642212,-0.05868133157491684,108.07049560546875,-0.04273711517453194
159981,2,0.7939632534980774,-1.4157493114471436,-1.3203741312026978,-0.054965849965810776,108.07049560546875,-0.06867861747741699
160001,2,1.054594874382019,-1.192518949508667,0.11214055120944977,-0.3037658929824829,108.02658081054688,-0.19030022621154785
160021,2,1.3278270959854126,-0.9684497714042664,-1.842005729675293,0.1325855404138565,107.894775390625,0.0019136022310703993
160041,2,1.4495395421981812,-0.7439939975738525,-0.86652010679245,-0.025091856718063354,107.894775390625,-0.08951561897993088
160061,2,1.7083606719970703,-0.516218364238739,0.01999834179878235,-0.15630044043064117,107.850830078125,-0.10482443869113922
160081,2,1.9761614799499512,-0.2886667251586914,-0.0837400034070015,-0.09005924314260483,107.850830078125,-0.046139076352119446
160101,2,2.237866163253784,-0.061413973569869995,0.20918156206607819,-0.10653335601091385,107.82888793945312,-0.1367178112268448
160121,2,2.496537923812866,0.16682833433151245,-0.6792347431182861,0.11801574379205704,107.82888793945312,-0.009142765775322914
160141,2,2.6353487968444824,0.3952992260456085,-0.2931835353374481,0.08567196130752563,107.82888793945312,-0.004039826802909374
160161,2,2.89361572265625,0.6238595843315125,0.32574039697647095,0.014743550680577755,107.850830078125,0.052519313991069794
160181,2,3.150646448135376,0.8513320684432983,1.2146488428115845,-0.11480821669101715,107.82888793945312,-0.05166725814342499
160201,2,3.3962502479553223,1.0790953636169434,1.104471206665039,-0.0513727031648159,107.80679321289062,-0.06612715125083923
160221,2,3.5082547664642334,1.3061243295669556,0.5385379195213318,0.10354935377836227,107.82888793945312,0.005740806460380554
160241,2,3.7485146522521973,1.5334292650222778,0.7410033345222473,0.11847701668739319,107.82888793945312,0.10822639614343643
160261,2,3.9860401153564453,1.7573533058166504,0.6358180046081543,0.1945134699344635,107.850830078125,0.11162836104631424
160281,2,4.217880725860596,1.9800398349761963,0.6485870480537415,0.25175923109054565,107.82888793945312,0.21496443450450897
160301,2,4.457103729248047,2.2021324634552,0.5271923542022705,0.33613985776901245,107.850830078125,0.22431983053684235
160321,2,4.561585426330566,2.4228055477142334,0.548450767993927,0.393207311630249,107.872802734375,0.33828702569007874
160341,2,4.781667709350586,2.6416656970977783,-0.24315160512924194,0.6165738105773926,107.916748046875,0.37145769596099854
160361,2,4.997885704040527,2.858233690261841,0.20419931411743164,0.594047486782074,107.93869018554688,0.3459414541721344
160381,2,5.2091965675354,3.0716116428375244,1.5311323404312134,0.39337781071662903,108.00460815429688,0.29321107268333435
160401,2,5.421278476715088,3.28316593170166,0.7337875366210938,0.617626428604126,108.09246826171875,0.4386464059352875
160421,2,5.515528678894043,3.4912309646606445,2.4916388988494873,0.32837650179862976,108.18045043945312,0.3727334439754486
160441,2,5.711141109466553,3.697394847869873,3.7947559356689453,0.12326223403215408,108.268310546875,0.24388109147548676
160461,2,5.904149532318115,3.9005515575408936,3.4449331760406494,0.2379675805568695,108.35617065429688,0.19795463979244232
160481,2,6.083762168884277,4.099452018737793,4.002147197723389,0.17358152568340302,108.46600341796875,0.215389683842659
160501,2,6.2663445472717285,4.295241355895996,4.626344680786133,0.08183703571557999,108.50991821289062,0.05379504710435867
160521,2,6.3465118408203125,4.487485408782959,5.505873680114746,-0.05930376052856445,108.575927734375,0.005740806460380554
160541,2,6.514358997344971,4.675942420959473,4.264108180999756,0.22423841059207916,108.641845703125,0.15117770433425903
160561,2,6.670898914337158,4.860832691192627,4.717147350311279,0.16484607756137848,108.77362060546875,0.06570190191268921
160581,2,6.822272300720215,5.040136337280273,5.549684047698975,0.042904745787382126,108.905517578125,0.13671937584877014
160601,2,6.9704508781433105,5.215322017669678,4.941922664642334,0.18857985734939575,109.01535034179688,0.08781464397907257
160621,2,7.035111904144287,5.386110305786133,7.499361515045166,-0.2805502116680145,109.279052734375,0.05847274139523506
160641,2,7.166250705718994,5.552066802978516,3.71040940284729,0.48828232288360596,109.257080078125,0.09759527444839478
160661,2,7.289789199829102,5.713555335998535,7.3218865394592285,-0.19597706198692322,109.54266357421875,0.0023388471454381943
160681,2,7.405047416687012,5.868960380554199,5.289046764373779,0.2385774552822113,109.56460571289062,0.17626714706420898
160701,2,7.515713214874268,6.019355773925781,6.109645366668701,0.09447803348302841,109.74044799804688,-0.016797175630927086
160721,2,7.561163425445557,6.164400577545166,5.879309177398682,0.17475463449954987,109.89422607421875,0.15968260169029236
160741,2,7.665363788604736,6.303411960601807,4.366017818450928,0.5109809041023254,110.004150390625,0.2825799584388733
160761,2,7.749269962310791,6.437291622161865,5.353725433349609,0.3535114824771881,110.15792846679688,0.2766265273094177
160781,2,7.826779365539551,6.565145015716553,5.103547096252441,0.4316110610961914,110.28970336914062,0.17626714706420898
160801,2,7.858419895172119,6.686748504638672,5.670976638793945,0.346661776304245,110.42160034179688,0.20858576893806458
160821,2,7.919492721557617,6.802797317504883,5.9366888999938965,0.31971848011016846,110.55340576171875,0.18519729375839233
160841,2,7.973165988922119,6.912301063537598,6.307153701782227,0.2683407962322235,110.685302734375,0.12821291387081146
160861,2,8.014480590820312,7.01552677154541,7.571523189544678,0.04119586572051048,110.88299560546875,0.15840686857700348
160881,2,8.049601554870605,7.1120100021362305,7.715316295623779,0.03162640705704689,111.036865234375,0.1439485400915146
160901,2,8.061983108520508,7.20183801651001,6.822783470153809,0.22785115242004395,111.16867065429688,0.1958284229040146
160921,2,8.081086158752441,7.285149097442627,7.014711380004883,0.20886097848415375,111.32244873046875,0.1847720444202423
160941,2,8.09127426147461,7.361562728881836,6.738656044006348,0.2758202850818634,111.454345703125,0.11205360293388367
160961,2,8.09164047241211,7.431074142456055,7.2662482261657715,0.18434187769889832,111.63006591796875,0.14479902386665344
160981,2,8.081947326660156,7.493648052215576,7.497541427612305,0.14877749979496002,111.761962890625,0.1426728069782257
161001,2,8.074143409729004,7.549254417419434,7.3305511474609375,0.20191608369350433,111.91574096679688,0.20305758714675903
161021,2,8.051116943359375,7.597562789916992,7.485972881317139,0.16654245555400848,112.04753112792969,0.044439658522605896
161041,2,8.016919136047363,7.638784408569336,7.241254806518555,0.22591476142406464,112.15757751464844,0.14139705896377563
161061,2,7.974198818206787,7.67290735244751,6.585357666015625,0.3564040958881378,112.26741027832031,0.12268472462892532
161081,2,7.920625686645508,7.699621200561523,10.332679748535156,-0.37175458669662476,112.55307006835938,0.05762225016951561
161101,2,7.893300533294678,7.719061374664307,5.589822292327881,0.545647382736206,112.55307006835938,0.04316392540931702
161121,2,7.826878070831299,7.73079252243042,11.324941635131836,-0.5833882093429565,112.97053527832031,-0.05379348248243332
161141,2,7.7509260177612305,7.735790252685547,5.944448947906494,0.4694759249687195,112.92660522460938,0.13416634500026703
161161,2,7.6658406257629395,7.7330121994018555,9.382411003112793,-0.21804028749465942,113.25619506835938,0.010843745432794094
161181,2,7.568058490753174,7.722884654998779,5.823235034942627,0.4884907901287079,113.23423767089844,0.2268712967634201
161201,2,7.520497798919678,7.705379962921143,8.857990264892578,-0.12419702112674713,113.51979064941406,-0.004890316631644964
161221,2,7.411473751068115,7.679780960083008,6.707873344421387,0.2986364960670471,113.49781799316406,0.1877487599849701
161241,2,7.289775371551514,7.647154808044434,6.414699554443359,0.3374328911304474,113.65168762207031,0.037635739892721176
161261,2,7.168496131896973,7.6072187423706055,7.617532730102539,0.09503776580095291,113.82742309570312,0.09461855888366699
161281,2,7.026260852813721,7.560150146484375,7.345344543457031,0.137799471616745,113.93736267089844,0.11503031849861145
161301,2,6.961040496826172,7.505543231964111,8.71087646484375,-0.14989285171031952,114.13505554199219,0.00021262247173581272
161321,2,6.814055919647217,7.44352912902832,7.1074724197387695,0.1502971053123474,114.22291564941406,0.03465902432799339
161341,2,6.641088485717773,7.375271797180176,7.856812477111816,-0.02140246331691742,114.44268798828125,-0.009142765775322914
161361,2,6.4841413497924805,7.298746109008789,7.323312759399414,0.07406681776046753,114.55250549316406,0.12481094896793365
161381,2,6.3121466636657715,7.214984893798828,7.00029182434082,0.10288599133491516,114.72834777832031,-0.06952910870313644
161401,2,6.227905750274658,7.124959468841553,6.93171501159668,0.10422228276729584,114.81620788574219,0.07165533304214478
161421,2,6.043428421020508,7.026936054229736,6.814043998718262,0.1041501984000206,114.99205017089844,0.08441267907619476
161441,2,5.8502516746521,6.921952724456787,5.72102689743042,0.31212136149406433,115.07991027832031,0.284706175327301
161461,2,5.644165515899658,6.810707092285156,6.520511150360107,0.11262241005897522,115.27760314941406,-0.08398743718862534
161481,2,5.439727783203125,6.6921186447143555,6.899916172027588,0.026662012562155724,115.40951538085938,0.12140899151563644
161501,2,5.339521884918213,6.567102909088135,5.188323497772217,0.3317863643169403,115.49737548828125,0.07420680671930313
161521,2,5.120784759521484,6.435220718383789,5.524580478668213,0.2432490438222885,115.56327819824219,0.12693718075752258
161541,2,4.893772125244141,6.296800136566162,6.760911464691162,-0.01941339112818241,115.71714782714844,0.12438570708036423
161561,2,4.665406703948975,6.1530537605285645,5.58401346206665,0.1713591068983078,115.82696533203125,-0.010418500751256943
161581,2,4.426163673400879,6.002497673034668,6.114081382751465,0.04028971493244171,115.93679809570312,0.07505729049444199
161601,2,4.313659191131592,5.845938205718994,5.693062782287598,0.0966198593378067,116.06871032714844,0.10227297246456146
161621,2,4.065972805023193,5.683158874511719,4.679510116577148,0.26416802406311035,116.11264038085938,0.1239604577422142
161641,2,3.8164350986480713,5.514525413513184,4.979396820068359,0.17401713132858276,116.22247314453125,0.11843227595090866
161661,2,3.5528483390808105,5.3407487869262695,5.569243431091309,0.01819210685789585,116.35426330566406,0.037635739892721176
161681,2,3.2909390926361084,5.161000728607178,5.262971878051758,0.03833150863647461,116.398193359375,0.03168231248855591
161701,2,3.168957233428955,4.975936412811279,5.374768257141113,-0.02331918105483055,116.46420288085938,-0.04103613644838333
161721,2,2.904841899871826,4.784705638885498,4.7498459815979,0.05832492560148239,116.57403564453125,0.017222419381141663
161741,2,2.626413345336914,4.589356899261475,4.4028706550598145,0.08890974521636963,116.66189575195312,0.10014674812555313
161761,2,2.35164213180542,4.3900651931762695,4.479297161102295,0.030060404911637306,116.727783203125,0.020199134945869446
161781,2,2.070512056350708,4.185681343078613,4.147685527801514,0.05141304060816765,116.79379272460938,0.026152562350034714
161801,2,1.9401496648788452,3.976804256439209,4.20418643951416,-0.0015648050466552377,116.85969543457031,-0.026152562350034714
161821,2,1.654969334602356,3.7635138034820557,3.9671719074249268,-0.004686427302658558,116.88166809082031,-0.031680747866630554
161841,2,1.3490475416183472,3.547300338745117,3.3718013763427734,0.06649471819400787,116.94755554199219,-0.0014883573167026043
161861,2,1.196936011314392,3.3292508125305176,3.0117921829223633,0.09894216060638428,116.99148559570312,0.058047495782375336
161881,2,0.9063385128974915,3.105018138885498,2.1279714107513428,0.23323167860507965,117.03541564941406,0.11673129349946976
161901,2,0.6180857419967651,2.8772974014282227,2.271319627761841,0.16286897659301758,117.05738830566406,0.11290409415960312
161921,2,0.3218531310558319,2.646167755126953,1.9988269805908203,0.17289477586746216,117.07936096191406,0.08568841964006424
161941,2,0.021429363638162613,2.413726806640625,1.9491101503372192,0.14168521761894226,117.101318359375,0.13671937584877014
161961,2,-0.13253362476825714,2.1771037578582764,1.978851318359375,0.10124435275793076,117.14535522460938,0.13246536254882812
161981,2,-0.4252438545227051,1.937015414237976,1.5081417560577393,0.1511167287826538,117.14535522460938,0.16436029970645905
162001,2,-0.7196680903434753,1.6949909925460815,0.8410146832466125,0.23648706078529358,117.16732788085938,0.10482443869113922
162021,2,-1.0191001892089844,1.451714038848877,0.7183933258056641,0.21862690150737762,117.21125793457031,0.14352329075336456
162041,2,-1.3132623434066772,1.2057491540908813,1.6834502220153809,-0.02143828757107258,117.23323059082031,0.04529014974832535
162061,2,-1.4477872848510742,0.9581992626190186,1.0055584907531738,0.07091858237981796,117.21125793457031,0.1043991968035698
162081,2,-1.739234209060669,0.7105146646499634,1.112700343132019,-0.0007239399128593504,117.23323059082031,0.08441267907619476
162101,2,-2.022867441177368,0.46076124906539917,-0.17530691623687744,0.1986488550901413,117.12339782714844,0.01764766499400139
162121,2,-2.3154985904693604,0.2099284529685974,-0.7098672986030579,0.25490912795066833,117.16732788085938,0.08781464397907257
162141,2,-2.5976123809814453,-0.04077108949422836,0.3543045222759247,-0.0017121677519753575,117.23323059082031,0.09036611020565033
162161,2,-2.7274179458618164,-0.2916458547115326,-0.20820248126983643,0.06522530317306519,117.21125793457031,0.04316392540931702
162181,2,-3.004929542541504,-0.5439278483390808,0.11926557123661041,-0.05214837193489075,117.18930053710938,0.03168231248855591
162201,2,-3.2548165321350098,-0.7948936223983765,-1.063228964805603,0.1321226805448532,117.16732788085938,0.04954259842634201
162221,2,-3.52813982963562,-1.0452557802200317,-0.9466272592544556,0.060843661427497864,117.18930053710938,0.1061001718044281
162241,2,-3.7757456302642822,-1.2947560548782349,-0.8057072162628174,-0.0173663143068552,117.16732788085938,0.024876829236745834
162261,2,-4.0309247970581055,-1.5424162149429321,-1.5266355276107788,0.0742051899433136,117.16732788085938,0.055921271443367004
162281,2,-4.299301624298096,-1.7895692586898804,-1.6679317951202393,0.04790370166301727,117.12339782714844,-0.027003053575754166
162301,2,-4.420896053314209,-2.035482406616211,-1.6835671663284302,-0.000834526086691767,117.07936096191406,-0.046139076352119446
162321,2,-4.672799587249756,-2.2810840606689453,-1.6093140840530396,-0.06211895868182182,117.05738830566406,0.03040657564997673
162341,2,-4.917514801025391,-2.5233216285705566,-1.3016091585159302,-0.17921182513237,117.01345825195312,-0.08738939464092255
162361,2,-5.139604568481445,-2.7630302906036377,-0.9636415243148804,-0.3049217760562897,116.96952819824219,-0.17116421461105347
162381,2,-5.379816055297852,-2.999962091445923,-1.4710685014724731,-0.268546998500824,116.90362548828125,-0.16903798282146454
162401,2,-5.61034631729126,-3.234968900680542,-0.49227434396743774,-0.5294404625892639,116.85969543457031,-0.3085198998451233
162421,2,-5.71306848526001,-3.4669976234436035,-1.3704346418380737,-0.4172755479812622,116.81576538085938,-0.2625918686389923
162441,2,-5.930438041687012,-3.6959028244018555,-2.4800078868865967,-0.2591569721698761,116.77183532714844,-0.22219359874725342
162461,2,-6.146174907684326,-3.9214911460876465,-3.4579734802246094,-0.12224970757961273,116.70582580566406,-0.21156248450279236
162481,2,-6.345458984375,-4.142212867736816,-3.093073844909668,-0.24655339121818542,116.63992309570312,-0.15117613971233368
162501,2,-6.5494771003723145,-4.359576225280762,-3.151160717010498,-0.2893538177013397,116.57403564453125,-0.2119877189397812
162521,2,-6.63580322265625,-4.573001861572266,-3.7948989868164062,-0.21072423458099365,116.48616027832031,-0.1847720444202423
162541,2,-6.823702335357666,-4.783148765563965,-3.886876344680786,-0.24502362310886383,116.398193359375,-0.2090110033750534
162561,2,-7.002049446105957,-4.987856388092041,-3.703853130340576,-0.3315331041812897,116.31033325195312,-0.20645953714847565
162581,2,-7.170291900634766,-5.187167644500732,-4.528870582580566,-0.21764616668224335,116.20050048828125,-0.21411395072937012
162601,2,-7.32827091217041,-5.381699085235596,-4.42075252532959,-0.2844209372997284,116.09066772460938,-0.20305758714675903
162621,2,-7.397430896759033,-5.570966720581055,-4.55155086517334,-0.30207592248916626,115.98072814941406,-0.24728305637836456
162641,2,-7.541907787322998,-5.755476474761963,-4.849095821380615,-0.2822761535644531,115.87089538574219,-0.13884402811527252
162661,2,-7.678771018981934,-5.933686256408691,-5.4277801513671875,-0.20784083008766174,115.73910522460938,-0.15883053839206696
162681,2,-7.7945075035095215,-6.105933666229248,-6.03004789352417,-0.12823064625263214,115.58523559570312,-0.20220708847045898
162701,2,-7.911520481109619,-6.272440433502197,-6.14388370513916,-0.14255377650260925,115.45344543457031,-0.19370219111442566
162721,2,-8.019161224365234,-6.432464599609375,-6.5979228019714355,-0.08513803035020828,115.343505859375,-0.10099723190069199
162741,2,-8.064798355102539,-6.586118221282959,-5.972783088684082,-0.23356592655181885,115.27760314941406,-0.0865389034152031
162761,2,-8.159741401672363,-6.7330098152160645,-7.20711612701416,-0.019953399896621704,115.07991027832031,-0.09461855888366699
162781,2,-8.240999221801758,-6.873275279998779,-5.819693088531494,-0.3147135078907013,114.99205017089844,-0.10822639614343643
162801,2,-8.310997009277344,-7.006662845611572,-7.773993015289307,0.04079189524054527,114.77227783203125,-0.107801154255867
162821,2,-8.371452331542969,-7.1330413818359375,-5.524929046630859,-0.4300691485404968,114.75032043457031,-0.21453920006752014
162841,2,-8.396096229553223,-7.252093315124512,-8.42190170288086,0.11845648288726807,114.46464538574219,-0.08526317030191422
162861,2,-8.440415382385254,-7.363841533660889,-6.030294418334961,-0.3787264823913574,114.42071533203125,-0.19625365734100342
162881,2,-8.472711563110352,-7.4681291580200195,-6.946722030639648,-0.21531938016414642,114.266845703125,-0.12055850028991699
162901,2,-8.494377136230469,-7.564881324768066,-8.372753143310547,0.037206459790468216,114.06915283203125,-0.146498441696167
162921,2,-8.501580238342285,-7.653818607330322,-6.069885730743408,-0.42011722922325134,113.98129272460938,-0.03763417527079582
162941,2,-8.507281303405762,-7.734977722167969,-9.809598922729492,0.2989211082458496,113.67366027832031,-0.05124201253056526
162961,2,-8.50179386138916,-7.808173179626465,-7.428128242492676,-0.17828677594661713,113.60775756835938,-0.05974847450852394
162981,2,-8.485382080078125,-7.873343467712402,-8.573111534118652,0.035108018666505814,113.40995788574219,-0.09717003256082535
163001,2,-8.457060813903809,-7.930357456207275,-7.467861175537109,-0.18736281991004944,113.30012512207031,-0.0899408683180809
163021,2,-8.440299987792969,-7.9795026779174805,-7.746038913726807,-0.13790223002433777,113.10232543945312,-0.08228645473718643
163041,2,-8.394420623779297,-8.0200777053833,-7.456927299499512,-0.2095775008201599,112.94856262207031,-0.14947515726089478
163061,2,-8.342674255371094,-8.052032470703125,-7.22967529296875,-0.26300373673439026,112.75076293945312,-0.19412744045257568
163081,2,-8.275115013122559,-8.075777053833008,-7.713009834289551,-0.17267753183841705,112.59700012207031,-0.12055850028991699
163101,2,-8.196352005004883,-8.091276168823242,-6.794795989990234,-0.3595755696296692,112.50914001464844,-0.20986150205135345
163121,2,-8.10826301574707,-8.098076820373535,-9.718544006347656,0.21946606040000916,112.22346496582031,-0.04911578819155693
163141,2,-8.05584716796875,-8.096489906311035,-6.956993579864502,-0.3232927918434143,112.17953491210938,-0.12140899151563644
163161,2,-7.948881149291992,-8.086365699768066,-8.545737266540527,-0.0017741603078320622,111.93768310546875,-0.0023388471454381943
163181,2,-7.844171524047852,-8.067753791809082,-7.048434257507324,-0.29400601983070374,111.91574096679688,-0.16010628640651703
163201,2,-7.720027923583984,-8.040879249572754,-9.453348159790039,0.18880169093608856,111.58612060546875,-0.01467095036059618
163221,2,-7.581951141357422,-8.005278587341309,-5.938817024230957,-0.4918019771575928,111.56417846679688,-0.1256614476442337
163241,2,-7.515926837921143,-7.961149215698242,-10.340529441833496,0.38183969259262085,111.21261596679688,-0.008292276412248611
163261,2,-7.365851879119873,-7.907778739929199,-4.946547985076904,-0.6637647151947021,111.27850341796875,-0.1222594827413559
163281,2,-7.2017598152160645,-7.846567630767822,-9.572173118591309,0.2607068121433258,110.88299560546875,-0.03210599347949028
163301,2,-7.028225421905518,-7.777610778808594,-5.734885215759277,-0.4851008951663971,110.94891357421875,-0.24005389213562012
163321,2,-6.8484039306640625,-7.699766159057617,-9.91883659362793,0.3626612722873688,110.61929321289062,0.02657780796289444
163341,2,-6.761914253234863,-7.613714218139648,-6.2261199951171875,-0.3519574701786041,110.59735107421875,-0.1401197612285614
163361,2,-6.571300506591797,-7.518770694732666,-8.900906562805176,0.20906846225261688,110.31179809570312,0.09164184331893921
163381,2,-6.365752696990967,-7.416491985321045,-7.791421890258789,0.010300745256245136,110.26773071289062,-0.06697764247655869
163401,2,-6.156055450439453,-7.306970596313477,-7.32370662689209,-0.05948049947619438,110.09201049804688,-0.088239885866642
163421,2,-5.9265031814575195,-7.188932418823242,-6.547765731811523,-0.17330525815486908,109.93814086914062,0.02530207298696041
163441,2,-5.821959018707275,-7.063696384429932,-8.344629287719727,0.2040231078863144,109.74044799804688,-0.0036145818885415792
163461,2,-5.592490196228027,-6.928746223449707,-7.788614273071289,0.12913842499256134,109.652587890625,0.021474869921803474
163481,2,-5.35099458694458,-6.7862868309021,-8.5419921875,0.3196313679218292,109.52069091796875,0.1222594827413559
163501,2,-5.10085391998291,-6.638284206390381,-7.528079032897949,0.1623089611530304,109.38888549804688,0.10992737859487534
163521,2,-4.839622497558594,-6.48236083984375,-7.294977188110352,0.15670904517173767,109.257080078125,0.05294455587863922
163541,2,-4.716959476470947,-6.3200507164001465,-7.0548529624938965,0.14432422816753387,109.14715576171875,0.07803400605916977
163561,2,-4.4586334228515625,-6.1485595703125,-6.618020057678223,0.09826688468456268,109.05929565429688,0.051243577152490616
163581,2,-4.178607940673828,-5.9713568687438965,-5.824199676513672,-0.018958350643515587,108.949462890625,-0.0023388471454381943
163601,2,-3.905142307281494,-5.788524627685547,-5.518272876739502,-0.03578011319041252,108.88345336914062,0.04018720984458923
163621,2,-3.6145071983337402,-5.598199367523193,-4.890337944030762,-0.1201201006770134,108.77362060546875,-0.0036145818885415792
163641,2,-3.4775383472442627,-5.402745723724365,-4.580452919006348,-0.15250341594219208,108.68576049804688,-0.11800703406333923
163661,2,-3.189204216003418,-5.199934005737305,-3.7816178798675537,-0.2750732898712158,108.619873046875,-0.13756829500198364
163681,2,-2.8900856971740723,-4.990962505340576,-5.413514614105225,0.08371300250291824,108.44403076171875,-0.07930974662303925
163701,2,-2.584890127182007,-4.777324676513672,-3.6015608310699463,-0.22415105998516083,108.44403076171875,-0.004890316631644964
163721,2,-2.2841885089874268,-4.557361602783203,-6.125558376312256,0.31328219175338745,108.268310546875,-0.008292276412248611
163741,2,-2.1408491134643555,-4.3326921463012695,-3.1655008792877197,-0.23417076468467712,108.268310546875,-0.08738939464092255
163761,2,-1.828023910522461,-4.1024322509765625,-3.4650068283081055,-0.12928976118564606,108.202392578125,-0.07250582426786423
163781,2,-1.511518955230713,-3.8675472736358643,-4.401289939880371,0.09370134025812149,108.09246826171875,-0.05974847450852394
163801,2,-1.1942216157913208,-3.629124641418457,-1.564658284187317,-0.4232478737831116,108.07049560546875,-0.189449742436409
163821,2,-0.8730032444000244,-3.3856568336486816,-4.48542594909668,0.20833367109298706,107.93869018554688,0.050393085926771164
163841,2,-0.7267978191375732,-3.1380317211151123,-2.7686190605163574,-0.10153298079967499,107.96066284179688,-0.1860477775335312
163861,2,-0.4096364378929138,-2.8851583003997803,-1.4870269298553467,-0.28930675983428955,107.894775390625,0.027855105698108673
163881,2,-0.08777548372745514,-2.6318471431732178,-3.0088207721710205,0.053320761770009995,107.78482055664062,-0.03805942088365555
163901,2,0.24598881602287292,-2.374790906906128,-1.577263593673706,-0.1861715316772461,107.74090576171875,-0.19030022621154785
163921,2,0.5673225522041321,-2.113675117492676,-1.3100355863571167,-0.18544884026050568,107.71893310546875,-0.07080484181642532
163941,2,0.715181827545166,-1.8499337434768677,-1.4617282152175903,-0.11552663892507553,107.69696044921875,-0.10397394746541977
163961,2,1.0357978343963623,-1.5837286710739136,-2.085277795791626,0.06400950253009796,107.69696044921875,0.04061245545744896
163981,2,1.3589048385620117,-1.3153096437454224,-2.3839168548583984,0.1891057789325714,107.69696044921875,0.1749914139509201
164001,2,1.6723403930664062,-1.0449787378311157,-1.2697598934173584,0.029010068625211716,107.63107299804688,0.033383291214704514
164021,2,1.9969346523284912,-0.7739930152893066,-1.0922664403915405,0.05177227407693863,107.60910034179688,-0.0019136022310703993
164041,2,2.1472606658935547,-0.5015502572059631,-0.3089417815208435,-0.053123775869607925,107.60910034179688,-0.012119480408728123
164061,2,2.4619510173797607,-0.2265661060810089,-0.9070220589637756,0.12633834779262543,107.58712768554688,0.07675827294588089
164081,2,2.7801618576049805,0.0479612834751606,0.08350199460983276,-0.00907565001398325,107.60910034179688,0.0542202927172184
164101,2,3.083256483078003,0.32143181562423706,0.22743333876132965,0.018237164244055748,107.60910034179688,-0.004039826802909374
164121,2,3.3881349563598633,0.5957167744636536,0.7467984557151794,-0.03341617062687874,107.60910034179688,-0.08058547973632812
164141,2,3.5292868614196777,0.8696704506874084,1.048405408859253,-0.0404549166560173,107.65304565429688,0.04486490413546562
164161,2,3.821686267852783,1.1443946361541748,1.0003937482833862,0.023300468921661377,107.65304565429688,0.008292276412248611
164181,2,4.120497703552246,1.4168857336044312,1.1598557233810425,0.04772251844406128,107.65304565429688,0.005740806460380554
164201,2,4.3809990882873535,1.6880689859390259,0.8946036100387573,0.15882138907909393,107.71893310546875,0.10695066303014755
164221,2,4.668323516845703,1.9571470022201538,2.732792854309082,-0.1518329679965973,107.76287841796875,0.008292276412248611
164241,2,4.947154521942139,2.2255005836486816,2.399022102355957,-0.028394468128681183,107.78482055664062,0.06825337558984756
164261,2,5.070598602294922,2.4916887283325195,2.0795140266418457,0.08305348455905914,107.80679321289062,0.05847274139523506
164281,2,5.33503532409668,2.7564499378204346,2.1566174030303955,0.1269810050725937,107.850830078125,0.10567492991685867
164301,2,5.599170684814453,3.0176093578338623,1.70773184299469,0.2774607241153717,107.894775390625,0.14224755764007568
164321,2,5.853764533996582,3.274780511856079,1.5362772941589355,0.37908849120140076,107.96066284179688,0.2430306077003479
164341,2,6.100575923919678,3.5295233726501465,3.8313798904418945,-0.014746054075658321,107.98263549804688,0.11545556038618088
164361,2,6.211318492889404,3.780642032623291,4.002763271331787,-0.0037883941549807787,108.02658081054688,0.04273867979645729
164381,2,6.442911148071289,4.029054164886475,3.7834577560424805,0.09084004163742065,108.04852294921875,0.07293106615543365
164401,2,6.666468620300293,4.27314567565918,3.0482070446014404,0.2861984372138977,108.09246826171875,0.1239604577422142
164421,2,6.877556800842285,4.512105464935303,3.0123562812805176,0.35088592767715454,108.18045043945312,0.1864730268716812
164441,2,7.0663371086120605,4.746373653411865,3.8393006324768066,0.24414204061031342,108.246337890625,0.20986150205135345
164461,2,7.26817512512207,4.974925994873047,4.085704803466797,0.2520442306995392,108.33419799804688,0.25919148325920105
164481,2,7.357804298400879,5.19837760925293,3.622987747192383,0.39483189582824707,108.37814331054688,0.26429441571235657
164501,2,7.543107509613037,5.417412281036377,4.736471176147461,0.22595328092575073,108.44403076171875,0.202632337808609
164521,2,7.7188005447387695,5.629920959472656,4.423727989196777,0.33638978004455566,108.53201293945312,0.18562254309654236
164541,2,7.873044967651367,5.836315631866455,4.666330337524414,0.34198060631752014,108.641845703125,0.27535077929496765
164561,2,8.031021118164062,6.0362162590026855,5.111394882202148,0.30566170811653137,108.72970581054688,0.2830051779747009
164581,2,8.09807014465332,6.229950904846191,5.437337875366211,0.28368014097213745,108.81756591796875,0.27024784684181213
164601,2,8.230198860168457,6.41750955581665,4.627089500427246,0.49070289731025696,108.927490234375,0.284280925989151
164621,2,8.356796264648438,6.597601413726807,5.162356376647949,0.43502098321914673,109.05929565429688,0.3148985505104065
164641,2,8.468904495239258,6.7701873779296875,5.207552433013916,0.4677220284938812,109.16912841796875,0.2668458819389343
164661,2,8.568212509155273,6.935611248016357,5.717709064483643,0.41079583764076233,109.301025390625,0.29958975315093994
164681,2,8.610182762145996,7.093419075012207,6.379861354827881,0.31506678462028503,109.45477294921875,0.2698225975036621
164701,2,8.693489074707031,7.243957996368408,6.960292816162109,0.23473647236824036,109.608642578125,0.228572279214859
164721,2,8.763839721679688,7.386123180389404,6.5899224281311035,0.33889204263687134,109.78439331054688,0.23112374544143677
164741,2,8.820561408996582,7.5198822021484375,7.353013515472412,0.21968160569667816,109.91616821289062,0.23707717657089233
164761,2,8.867080688476562,7.6454997062683105,7.488643169403076,0.21628031134605408,110.07003784179688,0.16265931725502014
164781,2,8.883868217468262,7.762568950653076,8.606955528259277,0.01652224175632,110.26773071289062,0.14224755764007568
164801,2,8.910256385803223,7.871179103851318,8.084019660949707,0.1392902433872223,110.399658203125,0.15032720565795898
164821,2,8.924221992492676,7.970900058746338,7.332041263580322,0.3000016212463379,110.53143310546875,0.1303391307592392
164841,2,8.926024436950684,8.061775207519531,8.968119621276855,-0.004568133968859911,110.729248046875,0.10524968057870865
164861,2,8.916069030761719,8.143634796142578,8.282635688781738,0.13506276905536652,110.92694091796875,0.06357567757368088
164881,2,8.892391204833984,8.216347694396973,7.460629940032959,0.31248384714126587,111.124755859375,0.20688478648662567
164901,2,8.87741756439209,8.279808044433594,7.753631114959717,0.2707061767578125,111.32244873046875,0.21156248450279236
164921,2,8.83596134185791,8.333698272705078,7.806503772735596,0.2695333957672119,111.476318359375,0.1715894639492035
164941,2,8.781014442443848,8.378548622131348,8.069920539855957,0.22294984757900238,111.65203857421875,0.13501682877540588
164961,2,8.712895393371582,8.4138765335083,8.29022216796875,0.18692058324813843,111.827880859375,0.17881861329078674
164981,2,8.631821632385254,8.439461708068848,8.24544906616211,0.19313591718673706,111.98162841796875,0.1222594827413559
165001,2,8.591062545776367,8.455392837524414,7.9227824211120605,0.2619619071483612,112.135498046875,0.14862622320652008
165021,2,8.493176460266113,8.46168327331543,10.455982208251953,-0.24051101505756378,112.44313049316406,0.0784592553973198
165041,2,8.38370132446289,8.458226203918457,7.490777492523193,0.3329293429851532,112.46510314941406,0.1061001718044281
165061,2,8.272232055664062,8.445250511169434,10.448199272155762,-0.2626713216304779,112.77273559570312,-0.023601094260811806
165081,2,8.140069961547852,8.422223091125488,7.731173515319824,0.2653375566005707,112.79469299316406,0.1456495225429535
165101,2,7.9921650886535645,8.389749526977539,10.20811653137207,-0.2444297820329666,113.05839538574219,-0.032531239092350006
165121,2,7.920223712921143,8.347723960876465,7.998476028442383,0.1886218786239624,113.12429809570312,0.14182230830192566
165141,2,7.754914283752441,8.295037269592285,7.121511936187744,0.34616154432296753,113.23423767089844,0.14692525565624237
165161,2,7.579344272613525,8.233418464660645,8.105232238769531,0.1342845857143402,113.38798522949219,0.052519313991069794
165181,2,7.396968364715576,8.162936210632324,8.966943740844727,-0.05567540228366852,113.60775756835938,0.02190011367201805
165201,2,7.1952104568481445,8.082403182983398,7.6730828285217285,0.18563637137413025,113.78349304199219,0.18009436130523682
165221,2,7.096700191497803,7.992236614227295,7.573032855987549,0.1829124391078949,113.915283203125,0.09887100756168365
165241,2,6.886702537536621,7.892758369445801,9.707704544067383,-0.25648126006126404,114.22291564941406,0.006166051607578993
165261,2,6.663812637329102,7.782932281494141,5.873071670532227,0.4512465298175812,114.244873046875,-0.022325359284877777
165281,2,6.43174409866333,7.665637493133545,11.542825698852539,-0.6913431882858276,114.66244506835938,-0.09546905010938644
165301,2,6.180830001831055,7.53883171081543,4.65704345703125,0.632826566696167,114.57447814941406,0.13884559273719788
165321,2,6.0659990310668945,7.4029107093811035,8.820584297180176,-0.22240033745765686,114.92604064941406,-0.06825337558984756
165341,2,5.808678150177002,7.256911277770996,7.469000816345215,0.017995253205299377,114.99205017089844,0.05379504710435867
165361,2,5.537457466125488,7.103306770324707,5.509319305419922,0.3754521310329437,115.01400756835938,0.16138358414173126
165381,2,5.273840427398682,6.942598342895508,8.064082145690918,-0.16237294673919678,115.25564575195312,0.0006378673715516925
165401,2,4.984521865844727,6.772644519805908,5.277191638946533,0.35542207956314087,115.29957580566406,0.11503031849861145
165421,2,4.847048759460449,6.594476222991943,7.128193378448486,-0.044713426381349564,115.49737548828125,0.005740806460380554
165441,2,4.555740833282471,6.406757354736328,6.653649806976318,0.0120503855869174,115.58523559570312,0.07675827294588089
165461,2,4.255758762359619,6.212789058685303,6.226503849029541,0.0544847808778286,115.695068359375,0.036785248667001724
165481,2,3.9474549293518066,6.012440204620361,6.3920512199401855,-0.025699971243739128,115.82696533203125,0.011694235727190971
165501,2,3.6224095821380615,5.803694248199463,5.636697769165039,0.0747026577591896,115.93679809570312,0.008717521093785763
165521,2,3.3352136611938477,5.586365222930908,5.5946125984191895,0.03342032432556152,116.046630859375,-0.008292276412248611
165541,2,3.1848809719085693,5.364806175231934,5.300666809082031,0.04942098259925842,116.13459777832031,0.01467095036059618
165561,2,2.8314473628997803,5.13709020614624,4.779512882232666,0.09782636910676956,116.24443054199219,-0.029129277914762497
165581,2,2.501948356628418,4.899673938751221,5.127143383026123,-0.021545307710766792,116.398193359375,0.02657780796289444
165601,2,2.154822826385498,4.658151149749756,4.757420539855957,0.003572052577510476,116.46420288085938,0.07250582426786423
165621,2,1.9902775287628174,4.411902904510498,3.549312114715576,0.20326779782772064,116.55206298828125,0.1158808097243309
165641,2,1.6524447202682495,4.156623363494873,4.184516906738281,0.028118234127759933,116.66189575195312,0.08951561897993088
165661,2,1.3022291660308838,3.8978793621063232,3.5616743564605713,0.10549948364496231,116.749755859375,0.14012132585048676
165681,2,0.96547532081604,3.6356089115142822,2.65069580078125,0.22866661846637726,116.81576538085938,0.07930974662303925
165701,2,0.6028329730033875,3.3676633834838867,3.3416833877563477,0.042018305510282516,116.92559814453125,0.07633303105831146
165721,2,0.4383165240287781,3.0949740409851074,2.306570291519165,0.20179395377635956,116.94755554199219,0.1222594827413559
165741,2,0.08843810111284256,2.8165957927703857,2.591618537902832,0.09648332744836807,117.03541564941406,0.1222594827413559
165761,2,-0.2679689824581146,2.5362355709075928,2.018601179122925,0.15725275874137878,117.05738830566406,0.13842035830020905
165781,2,-0.6228138208389282,2.253568410873413,2.431065797805786,0.02132502757012844,117.12339782714844,0.09376806765794754
165801,2,-0.9727256894111633,1.9669570922851562,1.9104622602462769,0.06790491938591003,117.16732788085938,0.10014674812555313
165821,2,-1.1404039859771729,1.677444338798523,1.3535854816436768,0.12914201617240906,117.23323059082031,0.11673129349946976
165841,2,-1.4849060773849487,1.3856583833694458,0.9667752981185913,0.14583292603492737,117.25518798828125,0.0461406372487545
165861,2,-1.843772530555725,1.0912930965423584,0.9751928448677063,0.08285723626613617,117.29911804199219,0.02530207298696041
165881,2,-2.192181348800659,0.7964502573013306,2.1940417289733887,-0.21816867589950562,117.38699340820312,0.0027640920598059893
165901,2,-2.537222385406494,0.4994189441204071,0.5698837637901306,0.03566275164484978,117.38699340820312,-0.014245704747736454
165921,2,-2.6924314498901367,0.2014058232307434,0.1968688666820526,0.053987808525562286,117.40895080566406,0.007867030799388885
165941,2,-3.0312395095825195,-0.09897597879171371,0.8238040208816528,-0.13623814284801483,117.40895080566406,-0.03423221781849861
165961,2,-3.3642144203186035,-0.39640605449676514,0.6696211099624634,-0.17768311500549316,117.40895080566406,-0.14224599301815033
165981,2,-3.7061197757720947,-0.6942183375358582,0.7732806205749512,-0.2699314057826996,117.40895080566406,-0.16308298707008362
166001,2,-4.033273696899414,-0.9928382039070129,0.5434093475341797,-0.302032470703125,117.38699340820312,-0.215389683842659
166021,2,-4.179397106170654,-1.290683388710022,0.21816647052764893,-0.3075599670410156,117.38699340820312,-0.24685780704021454
166041,2,-4.495577335357666,-1.588932991027832,-0.3286910951137543,-0.2744141221046448,117.34304809570312,-0.19880513846874237
166061,2,-4.811371803283691,-1.8839529752731323,-0.608997642993927,-0.2904679775238037,117.32109069824219,-0.176692396402359
166081,2,-5.116244792938232,-2.176305055618286,-1.647046685218811,-0.15306752920150757,117.29911804199219,-0.15415285527706146
166101,2,-5.416241645812988,-2.4671714305877686,-1.6078548431396484,-0.2225944995880127,117.27716064453125,-0.08271170407533646
166121,2,-5.554126739501953,-2.755842924118042,-2.2288999557495117,-0.15871255099773407,117.18930053710938,-0.14054501056671143
166141,2,-5.837868690490723,-3.041905403137207,-2.3900392055511475,-0.18830132484436035,117.14535522460938,-0.081861212849617
166161,2,-6.119924545288086,-3.3246958255767822,-3.1161227226257324,-0.10642344504594803,117.05738830566406,-0.11375458538532257
166181,2,-6.378572940826416,-3.6033782958984375,-3.0758728981018066,-0.16898716986179352,117.01345825195312,-0.047414809465408325
166201,2,-6.644552707672119,-3.877814292907715,-3.4247350692749023,-0.15792985260486603,116.92559814453125,-0.09929625689983368
166221,2,-6.761702060699463,-4.147926330566406,-3.3724782466888428,-0.22040796279907227,116.85969543457031,-0.12608668208122253
166241,2,-7.007441997528076,-4.413762092590332,-2.5998542308807373,-0.432033896446228,116.77183532714844,-0.1499004065990448
166261,2,-7.241980075836182,-4.674405574798584,-2.8366968631744385,-0.44405171275138855,116.68385314941406,-0.16946323215961456
166281,2,-7.462240695953369,-4.9288225173950195,-4.20840311050415,-0.23174118995666504,116.55206298828125,-0.18264582753181458
166301,2,-7.684962272644043,-5.178478240966797,-4.592984676361084,-0.21045655012130737,116.46420288085938,-0.14734892547130585
166321,2,-7.778657913208008,-5.421570777893066,-4.422726154327393,-0.29481977224349976,116.35426330566406,-0.2119877189397812
166341,2,-7.9730000495910645,-5.659220218658447,-4.909117698669434,-0.2553166449069977,116.26640319824219,-0.23452571034431458
166361,2,-8.157561302185059,-5.8902177810668945,-5.760647773742676,-0.13801823556423187,116.13459777832031,-0.20008087158203125
166381,2,-8.330530166625977,-6.113831520080566,-5.092668056488037,-0.3151325583457947,116.046630859375,-0.13289059698581696
166401,2,-8.489236831665039,-6.330846786499023,-6.049954414367676,-0.17057962715625763,115.91484069824219,-0.14139550924301147
166421,2,-8.558721542358398,-6.540290355682373,-5.577157974243164,-0.3050893247127533,115.78303527832031,-0.15415285527706146
166441,2,-8.698381423950195,-6.742680549621582,-6.071152687072754,-0.25137168169021606,115.62916564941406,-0.17073896527290344
166461,2,-8.828476905822754,-6.9365034103393555,-5.569751262664795,-0.3919364809989929,115.51933288574219,-0.16436029970645905
166481,2,-8.939715385437012,-7.12160587310791,-5.753964900970459,-0.4007824659347534,115.343505859375,-0.27237406373023987
166501,2,-9.04216480255127,-7.298645496368408,-6.154517650604248,-0.3653372824192047,115.16777038574219,-0.24685780704021454
166521,2,-9.084773063659668,-7.467042922973633,-5.985737323760986,-0.4340807795524597,115.01400756835938,-0.21964213252067566
166541,2,-9.163801193237305,-7.626851558685303,-6.1183977127075195,-0.4492452144622803,114.83818054199219,-0.2910848557949066
166561,2,-9.229965209960938,-7.777401447296143,-6.5383148193359375,-0.40372395515441895,114.66244506835938,-0.27407506108283997
166581,2,-9.277913093566895,-7.9182538986206055,-7.8818840980529785,-0.170324444770813,114.46464538574219,-0.22261884808540344
166601,2,-9.315961837768555,-8.049408912658691,-7.513849258422852,-0.2683168947696686,114.35481262207031,-0.19242645800113678
166621,2,-9.34074592590332,-8.170988082885742,-7.6554274559021,-0.2586434483528137,114.244873046875,-0.14097025990486145
166641,2,-9.347131729125977,-8.28268051147461,-8.060815811157227,-0.2080746740102768,114.11308288574219,-0.22644604742527008
166661,2,-9.350101470947266,-8.38425064086914,-9.282665252685547,0.03706793114542961,113.87135314941406,0.07335631549358368
166681,2,-9.338197708129883,-8.475570678710938,-9.938206672668457,0.14567628502845764,113.65168762207031,-0.03678368777036667
166701,2,-9.313064575195312,-8.55662727355957,-7.236136436462402,-0.38111066818237305,113.58580017089844,0.01467095036059618
166721,2,-9.271519660949707,-8.627108573913574,-11.077672004699707,0.37303781509399414,113.27816772460938,0.10227297246456146
166741,2,-9.246586799621582,-8.687215805053711,-8.066871643066406,-0.23059134185314178,113.14625549316406,-0.11120311170816422
166761,2,-9.186171531677246,-8.736085891723633,-8.321403503417969,-0.17782062292099,112.88267517089844,-0.03593319654464722
166781,2,-9.108722686767578,-8.774467468261719,-8.934439659118652,-0.07556887716054916,112.68486022949219,-0.17626714706420898
166801,2,-9.015114784240723,-8.80218505859375,-7.16910457611084,-0.41010358929634094,112.53109741210938,-0.04018564522266388
166821,2,-8.911731719970703,-8.818771362304688,-10.52321720123291,0.23602886497974396,112.22346496582031,-0.11843227595090866
166841,2,-8.855762481689453,-8.8248872756958,-5.9964728355407715,-0.6386339664459229,112.22346496582031,-0.03763417527079582
166861,2,-8.729615211486816,-8.81937026977539,-12.188434600830078,0.5860795378684998,111.761962890625,0.08909037709236145
166881,2,-8.592623710632324,-8.80288314819336,-6.7674784660339355,-0.4743824005126953,111.805908203125,-0.1481994241476059
166901,2,-8.451740264892578,-8.775496482849121,-10.354978561401367,0.2523275911808014,111.454345703125,0.10227297246456146
166921,2,-8.288188934326172,-8.737495422363281,-7.536114692687988,-0.3059324026107788,111.410400390625,-0.2090110033750534
166941,2,-8.124372482299805,-8.687660217285156,-8.468939781188965,-0.09310180693864822,111.16867065429688,0.02445158362388611
166961,2,-7.934367656707764,-8.627157211303711,-9.07048511505127,0.028170699253678322,110.99282836914062,-0.11630605161190033
166981,2,-7.838055610656738,-8.555620193481445,-6.822301387786865,-0.4031795859336853,110.94891357421875,-0.13331584632396698
167001,2,-7.633253574371338,-8.47258186340332,-10.302700996398926,0.3026338815689087,110.61929321289062,0.008717521093785763
167021,2,-7.411434173583984,-8.379801750183105,-7.856906414031982,-0.15581895411014557,110.53143310546875,-0.049541033804416656
167041,2,-7.171895503997803,-8.276875495910645,-7.789772033691406,-0.13826483488082886,110.355712890625,-0.020199134945869446
167061,2,-6.926210403442383,-8.162829399108887,-8.439384460449219,0.0151407765224576,110.17987060546875,-0.05251774936914444
167081,2,-6.8093414306640625,-8.038341522216797,-8.526871681213379,0.0623251311480999,110.026123046875,0.04486490413546562
167101,2,-6.548532009124756,-7.9036407470703125,-8.05575180053711,0.004546979442238808,109.85028076171875,0.0363600067794323
167121,2,-6.269947528839111,-7.7585768699646,-7.875064373016357,0.0028548792470246553,109.696533203125,-0.005740806460380554
167141,2,-5.990818500518799,-7.604492664337158,-7.544558525085449,-0.02400214783847332,109.54266357421875,0.042313434183597565
167161,2,-5.689209461212158,-7.43958044052124,-8.304608345031738,0.16728542745113373,109.38888549804688,0.024876829236745834
167181,2,-5.54935359954834,-7.26486873626709,-8.149942398071289,0.1770777702331543,109.257080078125,0.08951561897993088
167201,2,-5.245143413543701,-7.080562114715576,-7.301825046539307,0.05085362493991852,109.10321044921875,-0.016797175630927086
167221,2,-4.927591323852539,-6.887331962585449,-6.740633487701416,-0.01903105340898037,108.971435546875,-0.012969970703125
167241,2,-4.606329441070557,-6.686362266540527,-6.185250282287598,-0.08437542617321014,108.86148071289062,0.004890316631644964
167261,2,-4.266058444976807,-6.475401401519775,-6.1106276512146,-0.0509248822927475,108.75164794921875,0.04656588286161423
167281,2,-4.1046037673950195,-6.2557525634765625,-5.946320533752441,-0.04479314014315605,108.641845703125,-0.0023388471454381943
167301,2,-3.762861490249634,-6.026180744171143,-5.719318866729736,-0.04458193480968475,108.53201293945312,-0.052942994982004166
167321,2,-3.4096267223358154,-5.790079593658447,-5.553671836853027,-0.032537974417209625,108.40008544921875,-0.06952910870313644
167341,2,-3.0637638568878174,-5.548038959503174,-4.71258020401001,-0.14877058565616608,108.35617065429688,-0.05251774936914444
167361,2,-2.686979293823242,-5.297304630279541,-4.4539875984191895,-0.14913225173950195,108.268310546875,-0.04231186956167221
167381,2,-2.517577886581421,-5.039033889770508,-5.4306769371032715,0.08834387362003326,108.18045043945312,-0.01764766499400139
167401,2,-2.1520302295684814,-4.77427339553833,-5.0224223136901855,0.06504495441913605,108.11444091796875,0.014245704747736454
167421,2,-1.778140902519226,-4.502959728240967,-4.1628007888793945,-0.045964181423187256,108.07049560546875,0.013820460066199303
167441,2,-1.398138403892517,-4.226429462432861,-4.115684509277344,0.001001095399260521,107.98263549804688,-0.027428297325968742
167461,2,-1.0221790075302124,-3.943002939224243,-2.9273126125335693,-0.17748117446899414,107.93869018554688,-0.04784005507826805
167481,2,-0.8370682597160339,-3.6542704105377197,-3.8892173767089844,0.06821125745773315,107.894775390625,0.088239885866642
167501,2,-0.45443230867385864,-3.360034942626953,-3.409299850463867,0.03913116455078125,107.872802734375,0.07505729049444199
167521,2,-0.07180523127317429,-3.061230182647705,-2.643749475479126,-0.05128217488527298,107.82888793945312,0.009142765775322914
167541,2,0.3144369423389435,-2.759173631668091,-1.6351100206375122,-0.19958718121051788,107.74090576171875,-0.15712957084178925
167561,2,0.6973140835762024,-2.4524738788604736,-1.118288516998291,-0.24833165109157562,107.71893310546875,-0.15245187282562256
167581,2,0.876291036605835,-2.1423096656799316,-2.045865297317505,-0.01770249381661415,107.69696044921875,-0.07675827294588089
167601,2,1.2620354890823364,-1.828626275062561,-1.4282737970352173,-0.0762948989868164,107.71893310546875,0.007016541436314583
167621,2,1.6459509134292603,-1.511754035949707,-0.79688960313797,-0.14007849991321564,107.69696044921875,-0.07888449728488922
167641,2,2.030134677886963,-1.1937968730926514,-1.0169856548309326,-0.04216543585062027,107.65304565429688,-0.13118962943553925
167661,2,2.406087875366211,-0.8728299736976624,-0.10428495705127716,-0.1601853221654892,107.65304565429688,-0.07420680671930313
167681,2,2.58573055267334,-0.5520385503768921,0.12703420221805573,-0.1530400812625885,107.65304565429688,-0.061449456959962845
167701,2,2.9559082984924316,-0.22817455232143402,0.019818812608718872,-0.06878659129142761,107.65304565429688,0.0023388471454381943
167721,2,3.3321382999420166,0.09697046875953674,0.066616952419281,-0.008379276841878891,107.67501831054688,0.03423377871513367
167741,2,3.6868443489074707,0.4220035970211029,0.24437320232391357,0.022391388192772865,107.65304565429688,0.0031893369741737843
167761,2,4.04980993270874,0.746310830116272,0.2527589797973633,0.09017902612686157,107.67501831054688,0.04656588286161423
167781,2,4.218859672546387,1.068924903869629,-0.17920257151126862,0.24310889840126038,107.69696044921875,0.17073896527290344
167801,2,4.565899848937988,1.3938504457473755,0.527016818523407,0.1820400059223175,107.74090576171875,0.1847720444202423
167821,2,4.906434059143066,1.7158347368240356,0.30495402216911316,0.2988043427467346,107.74090576171875,0.15500490367412567
167841,2,5.242000102996826,2.034496784210205,1.0656895637512207,0.22299213707447052,107.78482055664062,0.18519729375839233
167861,2,5.57138204574585,2.3523693084716797,1.8725563287734985,0.13459844887256622,107.80679321289062,0.12523619830608368
167881,2,5.724759101867676,2.6661791801452637,1.445993185043335,0.28431156277656555,107.872802734375,0.1864730268716812
167901,2,6.03326416015625,2.978532314300537,1.5771207809448242,0.3352145850658417,107.916748046875,0.2668458819389343
167921,2,6.336287021636963,3.2873165607452393,2.805783271789551,0.1636122167110443,107.98263549804688,0.18859925866127014
167941,2,6.630242347717285,3.5913467407226562,3.4646642208099365,0.10123483836650848,108.04852294921875,0.16478553414344788
167961,2,6.920019626617432,3.89156436920166,3.877796173095703,0.08274457603693008,108.11444091796875,0.11885752528905869
167981,2,7.052773475646973,4.1862335205078125,4.360603332519531,0.04193437844514847,108.18045043945312,0.09546905010938644
168001,2,7.3175578117370605,4.477250099182129,4.158198833465576,0.1462511569261551,108.268310546875,0.1652107834815979
168021,2,7.576566696166992,4.762760162353516,3.1682093143463135,0.4074057638645172,108.33419799804688,0.24090437591075897
168041,2,7.8135786056518555,5.041169166564941,3.409991502761841,0.4301318824291229,108.44403076171875,0.29958975315093994
168061,2,8.052925109863281,5.314045429229736,4.134846210479736,0.3530542850494385,108.53201293945312,0.24728462100028992
168081,2,8.15584945678711,5.5806779861450195,4.595034122467041,0.31667813658714294,108.619873046875,0.18392156064510345
168101,2,8.365907669067383,5.840150356292725,5.323549747467041,0.23057568073272705,108.72970581054688,0.19412744045257568
168121,2,8.56457805633545,6.092259407043457,5.85548210144043,0.17923018336296082,108.81756591796875,0.18817400932312012
168141,2,8.748590469360352,6.335987567901611,5.788150310516357,0.24265587329864502,108.927490234375,0.16436029970645905
168161,2,8.921769142150879,6.572279930114746,5.862415790557861,0.2783663868904114,109.05929565429688,0.176692396402359
168181,2,8.996127128601074,6.800195217132568,5.9543561935424805,0.3060491681098938,109.19110107421875,0.189449742436409
168201,2,9.142088890075684,7.019493579864502,5.293664455413818,0.4894307255744934,109.322998046875,0.33701130747795105
168221,2,9.278672218322754,7.229726314544678,4.48599910736084,0.7033976912498474,109.45477294921875,0.34509095549583435
168241,2,9.395271301269531,7.430043697357178,6.833992958068848,0.29266348481178284,109.652587890625,0.3148985505104065
168261,2,9.500082015991211,7.621192455291748,6.899587631225586,0.31875401735305786,109.76242065429688,0.1928517073392868
168281,2,9.543502807617188,7.802519798278809,7.587841033935547,0.21606138348579407,109.91616821289062,0.1601078361272812
168301,2,9.622381210327148,7.973301410675049,7.58387565612793,0.2501022517681122,109.982177734375,0.17031371593475342
168321,2,9.686105728149414,8.133806228637695,8.695952415466309,0.060854222625494,110.15792846679688,0.11885752528905869
168341,2,9.732169151306152,8.283946990966797,8.277917861938477,0.16108284890651703,110.333740234375,0.08611366152763367
168361,2,9.764205932617188,8.423120498657227,8.649158477783203,0.11869438737630844,110.46554565429688,0.18009436130523682
168381,2,9.7730131149292,8.551253318786621,7.328329563140869,0.3897133469581604,110.61929321289062,0.10184772312641144
168401,2,9.779772758483887,8.668103218078613,11.634132385253906,-0.4321594536304474,110.94891357421875,0.08526317030191422
168421,2,9.769857406616211,8.773453712463379,8.250428199768066,0.24704398214817047,111.01492309570312,0.09717003256082535
168441,2,9.744569778442383,8.867115020751953,7.7076921463012695,0.36867260932922363,111.19064331054688,0.18009436130523682
168461,2,9.700906753540039,8.949045181274414,8.158249855041504,0.2917924225330353,111.388427734375,0.1286381483078003
168481,2,9.67463207244873,9.019063949584961,9.15851879119873,0.10921145230531693,111.60809326171875,0.14692525565624237
168501,2,9.608139038085938,9.07702922821045,8.072732925415039,0.3400093615055084,111.761962890625,0.2234693318605423
168521,2,9.525687217712402,9.123122215270996,8.170930862426758,0.3320480287075043,111.93768310546875,0.22729654610157013
168541,2,9.436395645141602,9.156746864318848,7.798738956451416,0.414562463760376,112.09156799316406,0.22814702987670898
168561,2,9.318787574768066,9.178192138671875,8.161401748657227,0.3492520749568939,112.28936767578125,0.24047914147377014
168581,2,9.192046165466309,9.186969757080078,8.858951568603516,0.2073822170495987,112.487060546875,0.14692525565624237
168601,2,9.124248504638672,9.183502197265625,9.08358097076416,0.1612038016319275,112.68486022949219,0.12055850028991699
168621,2,8.972945213317871,9.166891098022461,8.800958633422852,0.21183626353740692,112.90463256835938,0.15840686857700348
168641,2,8.802631378173828,9.13840389251709,8.192461967468262,0.3254871368408203,113.10232543945312,0.22261884808540344
168661,2,8.612388610839844,9.097156524658203,8.62015151977539,0.23515576124191284,113.30012512207031,0.22559556365013123
168681,2,8.417108535766602,9.043841361999512,7.835829734802246,0.3743011951446533,113.40995788574219,0.1426728069782257
168701,2,8.316752433776855,8.978355407714844,11.067837715148926,-0.2700257897377014,113.67366027832031,0.058047495782375336
168721,2,8.100371360778809,8.899649620056152,6.426834583282471,0.6192756295204163,113.67366027832031,0.13289059698581696
168741,2,7.86241340637207,8.809577941894531,11.337631225585938,-0.3720148205757141,114.04718017578125,-0.03465746343135834
168761,2,7.617006301879883,8.708298683166504,7.378419399261475,0.3743792176246643,114.09112548828125,0.05166882276535034
168781,2,7.3491034507751465,8.594206809997559,12.352112770080566,-0.6409016847610474,114.48661804199219,-0.10014674812555313
168801,2,7.218308925628662,8.469342231750488,7.690911293029785,0.24932734668254852,114.44268798828125,0.0737815573811531
168821,2,6.943627834320068,8.33016586303711,8.748014450073242,-0.005718149244785309,114.64048767089844,-0.05039152503013611
168841,2,6.644139289855957,8.180535316467285,9.605178833007812,-0.21358820796012878,114.83818054199219,-0.04443809390068054
168861,2,6.331692218780518,8.020426750183105,8.60478687286377,-0.05613967031240463,114.99205017089844,0.017222419381141663
168881,2,6.0127339363098145,7.848030090332031,7.74381160736084,0.0765380784869194,115.14581298828125,0.062299944460392
168901,2,5.864705562591553,7.6647562980651855,7.678959846496582,0.05587908998131752,115.29957580566406,0.05379504710435867
168921,2,5.535721778869629,7.4708685874938965,7.951648235321045,-0.04871566966176033,115.40951538085938,-0.049541033804416656
168941,2,5.186644554138184,7.266310691833496,7.675177097320557,-0.0465332455933094,115.56327819824219,-0.03465746343135834
168961,2,4.8354716300964355,7.052515029907227,7.690879821777344,-0.10355600714683533,115.695068359375,-0.07463204860687256
168981,2,4.46857213973999,6.8277268409729,6.947968006134033,-0.01402171142399311,115.84893798828125,-0.07080484181642532
169001,2,4.2963786125183105,6.593195915222168,6.993908882141113,-0.07210224121809006,115.95877075195312,-0.06102421134710312
169021,2,3.929532051086426,6.3478851318359375,6.777057647705078,-0.08874299377202988,116.046630859375,-0.06867861747741699
169041,2,3.547938823699951,6.0952467918396,6.298501014709473,-0.0474211685359478,116.15657043457031,0.030831821262836456
169061,2,3.1462550163269043,5.833040237426758,5.718813896179199,0.009829086251556873,116.24443054199219,-0.007441786117851734
169081,2,2.753840684890747,5.5630879402160645,5.091629505157471,0.078647181391716,116.33229064941406,0.05507078021764755
169101,2,2.5704269409179688,5.285069942474365,4.73850154876709,0.1008833795785904,116.398193359375,0.04018720984458923
169121,2,2.173490285873413,4.997828006744385,3.9710426330566406,0.1972375512123108,116.46420288085938,0.0703795999288559
169141,2,1.763061285018921,4.704883098602295,4.426211357116699,0.051893360912799835,116.55206298828125,0.09291758388280869
169161,2,1.3457165956497192,4.406223773956299,3.884434700012207,0.0998520627617836,116.59599304199219,0.09546905010938644
169181,2,0.9351941347122192,4.099664211273193,3.7095539569854736,0.07677879929542542,116.63992309570312,0.11290409415960312
169201,2,0.7366572618484497,3.786961317062378,2.5068092346191406,0.2652551233768463,116.68385314941406,0.10269821435213089
169221,2,0.3268561363220215,3.4666740894317627,4.607776165008545,-0.20932163298130035,116.83772277832031,0.062299944460392
169241,2,-0.09970083832740784,3.1427791118621826,2.02683687210083,0.2304905205965042,116.81576538085938,0.04316392540931702
169261,2,-0.5058895349502563,2.815875291824341,2.4663429260253906,0.07720312476158142,116.85969543457031,0.03380853682756424
169281,2,-0.9365957379341125,2.483121871948242,2.3870513439178467,0.025824543088674545,116.85969543457031,0.024026338011026382
169301,2,-1.1348644495010376,2.1480228900909424,1.266250729560852,0.1930667906999588,116.90362548828125,0.07293106615543365
169321,2,-1.5813109874725342,1.8056889772415161,2.637038469314575,-0.14255425333976746,117.01345825195312,0.09929625689983368
169341,2,-1.9990745782852173,1.4637281894683838,0.7950314879417419,0.15428216755390167,116.96952819824219,0.07080484181642532
169361,2,-2.4283111095428467,1.1178644895553589,0.6890674829483032,0.10936415940523148,116.99148559570312,0.0865389034152031
169381,2,-2.647296667098999,0.7697211503982544,0.5376328229904175,0.08049726486206055,117.01345825195312,0.10354870557785034
169401,2,-3.061899423599243,0.4200771749019623,-0.5930575728416443,0.23951740562915802,117.03541564941406,0.13671937584877014
169421,2,-3.470384120941162,0.07061323523521423,-0.24726416170597076,0.10482458770275116,117.03541564941406,0.08143597096204758
169441,2,-3.860870361328125,-0.28063809871673584,-0.5713739395141602,0.10084150731563568,117.03541564941406,0.05549602583050728
169461,2,-4.040156364440918,-0.6317827701568604,-1.257138729095459,0.1776052713394165,117.05738830566406,0.05762225016951561
169481,2,-4.429871559143066,-0.9845982193946838,-0.5584967732429504,-0.032021764665842056,117.03541564941406,0.022750603035092354
169501,2,-4.811805725097656,-1.334697961807251,-0.17679403722286224,-0.1857108175754547,117.03541564941406,-0.08738939464092255
169521,2,-5.1815690994262695,-1.6823374032974243,-0.08360002934932709,-0.2880856692790985,116.99148559570312,-0.18902449309825897
169541,2,-5.543570041656494,-2.029053211212158,-0.9659168124198914,-0.19386355578899384,116.96952819824219,-0.1384187936782837
169561,2,-5.7129106521606445,-2.37176251411438,-1.2211806774139404,-0.21766139566898346,116.92559814453125,-0.1715894639492035
169581,2,-6.052197456359863,-2.7145535945892334,-1.2588318586349487,-0.2947688400745392,116.88166809082031,-0.23367521166801453
169601,2,-6.400954723358154,-3.0527255535125732,-0.961850643157959,-0.44149649143218994,116.81576538085938,-0.2706715166568756
169621,2,-6.717817306518555,-3.3871912956237793,-2.057243585586548,-0.3103005290031433,116.749755859375,-0.3051179349422455
169641,2,-7.040122985839844,-3.7167840003967285,-2.76151180267334,-0.25182297825813293,116.68385314941406,-0.25196075439453125
169661,2,-7.186440944671631,-4.041561126708984,-3.274564743041992,-0.21992048621177673,116.59599304199219,-0.22644604742527008
169681,2,-7.480782985687256,-4.3624796867370605,-3.242565393447876,-0.30090466141700745,116.50813293457031,-0.2298480123281479
169701,2,-7.773085594177246,-4.676645755767822,-4.200192928314209,-0.17870241403579712,116.44223022460938,-0.1533023566007614
169721,2,-8.032831192016602,-4.9854302406311035,-4.441376686096191,-0.19518136978149414,116.35426330566406,-0.14734892547130585
169741,2,-8.304119110107422,-5.285782814025879,-5.561961650848389,-0.03804820030927658,116.22247314453125,-0.13331584632396698
169761,2,-8.418928146362305,-5.5797014236450195,-5.40656852722168,-0.12547937035560608,116.09066772460938,-0.15925578773021698
169781,2,-8.653104782104492,-5.866976261138916,-4.9352192878723145,-0.28142985701560974,115.98072814941406,-0.19540317356586456
169801,2,-8.87354850769043,-6.1450653076171875,-5.698488235473633,-0.18841618299484253,115.89286804199219,-0.1452227085828781
169821,2,-9.084453582763672,-6.414341926574707,-5.399814128875732,-0.30708447098731995,115.73910522460938,-0.22814702987670898
169841,2,-9.269660949707031,-6.675353050231934,-6.428884029388428,-0.15649846196174622,115.60720825195312,-0.1384187936782837
169861,2,-9.35230541229248,-6.927046298980713,-6.78922176361084,-0.13120070099830627,115.47540283203125,-0.14607319235801697
169881,2,-9.518508911132812,-7.169436931610107,-6.948373794555664,-0.1482820063829422,115.343505859375,-0.13076438009738922
169901,2,-9.670327186584473,-7.402010917663574,-6.340922832489014,-0.31331437826156616,115.23367309570312,-0.1124788448214531
169921,2,-9.794671058654785,-7.624076843261719,-7.398654937744141,-0.1485213041305542,115.03598022460938,-0.14267124235630035
169941,2,-9.912214279174805,-7.835261821746826,-7.246121406555176,-0.22219997644424438,114.90408325195312,-0.18732352554798126
169961,2,-9.959178924560547,-8.035645484924316,-6.443877220153809,-0.419764906167984,114.79425048828125,-0.1975293904542923
169981,2,-10.046942710876465,-8.225198745727539,-7.798341751098633,-0.1906955987215042,114.618408203125,-0.146498441696167
170001,2,-10.115753173828125,-8.402705192565918,-7.901931285858154,-0.20941908657550812,114.53054809570312,-0.16903798282146454
170021,2,-10.166332244873047,-8.568137168884277,-8.249269485473633,-0.16823074221611023,114.35481262207031,-0.1256614476442337
170041,2,-10.199501991271973,-8.721640586853027,-7.891360759735107,-0.2796400785446167,114.266845703125,-0.25025975704193115
170061,2,-10.208577156066895,-8.862804412841797,-8.808422088623047,-0.11341163516044617,114.00325012207031,-0.03763417527079582
170081,2,-10.213740348815918,-8.991351127624512,-9.697907447814941,0.029680024832487106,113.80545043945312,-0.16095677018165588
170101,2,-10.200275421142578,-9.107048034667969,-8.281829833984375,-0.2551212012767792,113.73956298828125,-0.005315561778843403
170121,2,-10.16765308380127,-9.209732055664062,-9.20296573638916,-0.0920095145702362,113.51979064941406,-0.06059896573424339
170141,2,-10.117582321166992,-9.299149513244629,-9.215158462524414,-0.10495411604642868,113.27816772460938,-0.13416634500026703
170161,2,-10.086151123046875,-9.375205039978027,-8.87288761138916,-0.189455047249794,113.10232543945312,-0.16393505036830902
170181,2,-10.008647918701172,-9.437980651855469,-8.783489227294922,-0.225028395652771,112.94856262207031,-0.2298480123281479
170201,2,-9.908531188964844,-9.486557960510254,-8.649465560913086,-0.2623811662197113,112.77273559570312,-0.1779681295156479
170221,2,-9.79576587677002,-9.521759033203125,-8.981574058532715,-0.20371989905834198,112.59700012207031,-0.1533023566007614
170241,2,-9.663411140441895,-9.542964935302734,-8.578062057495117,-0.2889719009399414,112.44313049316406,-0.2447315901517868
170261,2,-9.593416213989258,-9.550352096557617,-8.403155326843262,-0.3198215067386627,112.24543762207031,-0.07973498851060867
170281,2,-9.436193466186523,-9.543893814086914,-10.585238456726074,0.11207490414381027,111.98162841796875,-0.06867861747741699
170301,2,-9.254559516906738,-9.523092269897461,-9.327189445495605,-0.1342134028673172,111.87179565429688,-0.1516013741493225
170321,2,-9.070636749267578,-9.48941421508789,-8.523580551147461,-0.27693411707878113,111.67401123046875,-0.10567492991685867
170341,2,-8.871726036071777,-9.441179275512695,-9.865394592285156,-0.0038466735277324915,111.410400390625,-0.12013325840234756
170361,2,-8.645132064819336,-9.378445625305176,-7.491188049316406,-0.45794013142585754,111.34439086914062,-0.2090110033750534
170381,2,-8.536478042602539,-9.30233383178711,-10.794998168945312,0.2083795666694641,111.01492309570312,-0.052942994982004166
170401,2,-8.284393310546875,-9.212445259094238,-7.356527805328369,-0.46061867475509644,110.94891357421875,-0.2766265273094177
170421,2,-8.015785217285156,-9.10842227935791,-9.366044998168945,-0.027005404233932495,110.64126586914062,0.0291308406740427
170441,2,-7.738761901855469,-8.990815162658691,-9.05833625793457,-0.06502219289541245,110.53143310546875,-0.08313694596290588
170461,2,-7.437962532043457,-8.860342025756836,-7.619749069213867,-0.3125499188899994,110.44357299804688,-0.08781464397907257
170481,2,-7.297597408294678,-8.716811180114746,-9.350887298583984,0.05086423456668854,110.20184326171875,-0.06315043568611145
170501,2,-6.978099346160889,-8.560029029846191,-8.549966812133789,-0.06549057364463806,110.09201049804688,-0.01467095036059618
170521,2,-6.646884918212891,-8.390288352966309,-8.344620704650879,-0.05658695846796036,109.91616821289062,0.06527666002511978
170541,2,-6.296421527862549,-8.207181930541992,-8.53658676147461,0.032346926629543304,109.74044799804688,0.09121660143136978
170561,2,-5.945621967315674,-8.01227855682373,-8.750272750854492,0.13063944876194,109.58657836914062,0.1354420781135559
170581,2,-5.609301567077637,-7.804133415222168,-8.60550594329834,0.15963886678218842,109.41085815429688,0.11077786982059479
170601,2,-5.4056830406188965,-7.585340976715088,-8.73758602142334,0.2385261505842209,109.279052734375,0.1524534374475479
170621,2,-5.016727447509766,-7.354865550994873,-7.427059650421143,0.03660230711102486,109.12518310546875,0.08738939464092255
170641,2,-4.615104675292969,-7.114408493041992,-7.799006462097168,0.16586415469646454,108.971435546875,0.03168231248855591
170661,2,-4.215354919433594,-6.861932754516602,-7.052075386047363,0.07584407925605774,108.86148071289062,0.02317584864795208
170681,2,-4.0294108390808105,-6.599247932434082,-6.5731730461120605,0.028106557205319405,108.72970581054688,0.025727318599820137
170701,2,-3.6130528450012207,-6.327815055847168,-5.509067058563232,-0.12885935604572296,108.597900390625,-0.05974847450852394
170721,2,-3.1851627826690674,-6.0441484451293945,-5.697047233581543,-0.037530675530433655,108.50991821289062,-0.07080484181642532
170741,2,-2.764768362045288,-5.753033638000488,-5.1785502433776855,-0.07935915142297745,108.44403076171875,-0.018923399969935417
170761,2,-2.3174357414245605,-5.451579570770264,-4.486024856567383,-0.1562051624059677,108.33419799804688,-0.09376806765794754
170781,2,-2.1118834018707275,-5.141354560852051,-4.272380352020264,-0.1496887505054474,108.268310546875,-0.07973498851060867
170801,2,-1.671977162361145,-4.823107719421387,-4.104145050048828,-0.12218402326107025,108.18045043945312,-0.08356219530105591
170821,2,-1.2249233722686768,-4.497060298919678,-4.732608795166016,0.06323841214179993,108.07049560546875,-0.08738939464092255
170841,2,-0.7753763198852539,-4.165558338165283,-4.905864238739014,0.1718110740184784,108.04852294921875,0.05889798700809479
170861,2,-0.3197200894355774,-3.825540781021118,-4.192093372344971,0.10808895528316498,108.00460815429688,0.107801154255867
170881,2,-0.10495174676179886,-3.4794106483459473,-4.36411190032959,0.20468740165233612,107.916748046875,0.02104962430894375
170901,2,0.34671899676322937,-3.125127077102661,-3.7989494800567627,0.17753519117832184,107.894775390625,0.15415441989898682
170921,2,0.8023221492767334,-2.7678937911987305,-2.6900393962860107,0.04104476422071457,107.894775390625,0.12140899151563644
170941,2,1.2599886655807495,-2.4074039459228516,-2.4316258430480957,0.06334275007247925,107.850830078125,0.04061245545744896
170961,2,1.711547613143921,-2.0418121814727783,-1.6685752868652344,-0.01369432546198368,107.82888793945312,0.01126899104565382
170981,2,1.919911503791809,-1.6744707822799683,-1.4117294549942017,-0.004659031052142382,107.80679321289062,-0.052942994982004166
171001,2,2.363206624984741,-1.3019949197769165,-2.2005672454833984,0.23034361004829407,107.82888793945312,0.0963195413351059
171021,2,2.765866756439209,-0.9280320405960083,-0.8848956227302551,0.0519065335392952,107.850830078125,0.13884559273719788
171041,2,3.199272632598877,-0.5511701107025146,0.40522342920303345,-0.12874417006969452,107.82888793945312,0.010843745432794094
171061,2,3.5890183448791504,-0.17348574101924896,0.4917064607143402,-0.07427693903446198,107.850830078125,-0.02657780796289444
171081,2,4.03064489364624,0.2063666731119156,0.1258143037557602,0.07042871415615082,107.82888793945312,-0.049541033804416656
171101,2,4.442642688751221,0.5855910181999207,0.5680153965950012,0.059539444744586945,107.872802734375,0.042313434183597565
171121,2,4.6444783210754395,0.9624815583229065,0.7331548929214478,0.09507623314857483,107.894775390625,0.05507078021764755
171141,2,5.048747539520264,1.338913917541504,0.8414223194122314,0.14613895118236542,107.872802734375,-0.015096195042133331
171161,2,5.448200702667236,1.71382737159729,1.4217990636825562,0.112814761698246,107.96066284179688,0.08866513520479202
171181,2,5.854625225067139,2.087407112121582,1.0531649589538574,0.2682601511478424,107.98263549804688,0.17073896527290344
171201,2,6.227584362030029,2.459643840789795,1.5741440057754517,0.24573490023612976,108.00460815429688,0.176692396402359
171221,2,6.400146007537842,2.826626777648926,1.7267236709594727,0.2901158630847931,108.07049560546875,0.2187916487455368
171241,2,6.758311748504639,3.192894220352173,2.7475216388702393,0.17260408401489258,108.11444091796875,0.2651449143886566
171261,2,7.109178066253662,3.5516648292541504,1.4830158948898315,0.5114209651947021,108.18045043945312,0.35742461681365967
171281,2,7.4480814933776855,3.9074249267578125,2.8846709728240967,0.3190590739250183,108.224365234375,0.310220867395401
171301,2,7.7846503257751465,4.2572431564331055,4.317541599273682,0.1093359962105751,108.268310546875,0.10992737859487534
171321,2,7.9285993576049805,4.599939823150635,4.69405460357666,0.09769872575998306,108.33419799804688,0.1520281881093979
171341,2,8.229288101196289,4.935983180999756,3.8864078521728516,0.3267884850502014,108.35617065429688,0.16436029970645905
171361,2,8.5126371383667,5.266307353973389,4.6980767250061035,0.23567187786102295,108.46600341796875,0.16393505036830902
171381,2,8.760480880737305,5.588585376739502,3.8135201930999756,0.48218607902526855,108.597900390625,0.2796032428741455
171401,2,9.014248847961426,5.903360366821289,4.456454277038574,0.4353537857532501,108.70773315429688,0.3837898075580597
171421,2,9.25953483581543,6.208972454071045,4.016645431518555,0.6034323573112488,108.81756591796875,0.4599086344242096
171441,2,9.365457534790039,6.505439281463623,4.961505889892578,0.4881608486175537,108.949462890625,0.4029258191585541
171461,2,9.5772123336792,6.7923126220703125,6.180437088012695,0.3152278661727905,109.10321044921875,0.3408384919166565
171481,2,9.772762298583984,7.0699052810668945,6.478831768035889,0.3155118525028229,109.21304321289062,0.25281280279159546
171501,2,9.947294235229492,7.335551738739014,6.338804244995117,0.39975056052207947,109.36691284179688,0.26727113127708435
171521,2,10.111369132995605,7.590447425842285,6.673151969909668,0.3864876329898834,109.49871826171875,0.23197424411773682
171541,2,10.178990364074707,7.8336405754089355,7.486011028289795,0.2704116106033325,109.696533203125,0.20518380403518677
171561,2,10.30683422088623,8.065627098083496,7.569229602813721,0.2958459258079529,109.82830810546875,0.17456616461277008
171581,2,10.415243148803711,8.285364151000977,8.383859634399414,0.1741415560245514,109.982177734375,0.12310997396707535
171601,2,10.504467964172363,8.492218971252441,7.976804256439209,0.29722368717193604,110.13595581054688,0.19837988913059235
171621,2,10.573141098022461,8.686409950256348,8.750694274902344,0.16191332042217255,110.28970336914062,0.0006378673715516925
171641,2,10.597268104553223,8.86736011505127,10.033061981201172,-0.05248997360467911,110.50949096679688,0.13671937584877014
171661,2,10.63536548614502,9.03475284576416,6.769636631011963,0.6065424680709839,110.55340576171875,0.11375458538532257
171681,2,10.652875900268555,9.18824291229248,12.995266914367676,-0.5958274602890015,110.97085571289062,-0.004465071950107813
171701,2,10.649290084838867,9.327582359313965,8.304987907409668,0.343522846698761,110.97085571289062,0.11460506916046143
171721,2,10.623828887939453,9.452548027038574,9.247674942016602,0.1683034598827362,111.23455810546875,0.030831821262836456
171741,2,10.604889869689941,9.563088417053223,9.57075023651123,0.12986025214195251,111.36636352539062,0.14862622320652008
171761,2,10.544032096862793,9.658889770507812,9.082134246826172,0.2320365309715271,111.58612060546875,0.05974847450852394
171781,2,10.465777397155762,9.739328384399414,9.871213912963867,0.09696441143751144,111.805908203125,0.1732904314994812
171801,2,10.373333930969238,9.804438591003418,8.391467094421387,0.3934190273284912,111.95965576171875,0.1392708420753479
171821,2,10.256763458251953,9.854416847229004,10.09536361694336,0.06505046784877777,112.22346496582031,0.14479902386665344
171841,2,10.194726943969727,9.889680862426758,9.291080474853516,0.2410302758216858,112.42117309570312,0.2251703143119812
171861,2,10.047362327575684,9.908079147338867,9.588294982910156,0.179927796125412,112.57504272460938,0.12353521585464478
171881,2,9.88049030303955,9.912341117858887,9.134736061096191,0.2647942006587982,112.75076293945312,0.12140899151563644
171901,2,9.693645477294922,9.9009370803833,9.272397994995117,0.23309245705604553,112.99249267578125,0.1796691119670868
171921,2,9.480629920959473,9.873258590698242,9.264902114868164,0.22966618835926056,113.16822814941406,0.20943625271320343
171941,2,9.380684852600098,9.830074310302734,9.05259895324707,0.2716540992259979,113.36602783203125,0.245583638548851
171961,2,9.148152351379395,9.770277976989746,10.079567909240723,0.0582561232149601,113.58580017089844,0.18434680998325348
171981,2,8.88811206817627,9.695826530456543,8.796187400817871,0.2940003573894501,113.67366027832031,0.20220708847045898
172001,2,8.613310813903809,9.606588363647461,9.280867576599121,0.17403025925159454,113.893310546875,0.09036611020565033
172021,2,8.322223663330078,9.50157356262207,10.776389122009277,-0.13561074435710907,114.13505554199219,0.14820098876953125
172041,2,8.182777404785156,9.381224632263184,7.999074459075928,0.3737580180168152,114.244873046875,0.037635739892721176
172061,2,7.873647689819336,9.244501113891602,11.23525333404541,-0.3006969392299652,114.55250549316406,-0.056771762669086456
172081,2,7.540889739990234,9.094281196594238,7.667134761810303,0.3696294128894806,114.57447814941406,0.15032720565795898
172101,2,7.1920928955078125,8.930676460266113,10.050511360168457,-0.15427759289741516,114.90408325195312,-0.0980205163359642
172121,2,6.855612754821777,8.75030517578125,9.11098575592041,-0.003266517771407962,114.99205017089844,0.09036611020565033
172141,2,6.4872541427612305,8.556745529174805,8.168573379516602,0.13678982853889465,115.10188293457031,0.0784592553973198
172161,2,6.310742378234863,8.349528312683105,7.917156219482422,0.13953515887260437,115.25564575195312,-0.033806972205638885
172181,2,5.91908597946167,8.128362655639648,8.263279914855957,0.014100296422839165,115.45344543457031,-0.0801602303981781
172201,2,5.51229190826416,7.895808219909668,8.41975212097168,-0.07381070405244827,115.62916564941406,-0.007016541436314583
172221,2,5.098117351531982,7.649986267089844,8.750709533691406,-0.19929656386375427,115.80500793457031,-0.06017372012138367
172241,2,4.649580955505371,7.390103340148926,8.723906517028809,-0.26176750659942627,115.91484069824219,-0.09376806765794754
172261,2,4.452792167663574,7.117849349975586,7.510336399078369,-0.07875480502843857,116.046630859375,-0.07293106615543365
172281,2,4.006774425506592,6.831582069396973,6.904230117797852,-0.02602524310350418,116.15657043457031,-0.04018564522266388
172301,2,3.5651180744171143,6.5365190505981445,6.7822794914245605,-0.07127813249826431,116.26640319824219,-0.07803400605916977
172321,2,3.142699956893921,6.231303691864014,6.827965259552002,-0.15530472993850708,116.35426330566406,-0.1783933788537979
172341,2,2.6812472343444824,5.916347503662109,6.383612155914307,-0.14201804995536804,116.44223022460938,-0.11035262048244476
172361,2,2.1994850635528564,5.590003490447998,4.860103130340576,0.08964506536722183,116.53009033203125,0.006591296289116144
172381,2,1.9718595743179321,5.254096031188965,4.128800392150879,0.1792420595884323,116.59599304199219,0.07165533304214478
172401,2,1.493678331375122,4.909173011779785,4.1771464347839355,0.10469552129507065,116.66189575195312,0.08866513520479202
172421,2,1.0046288967132568,4.555303573608398,4.684628486633301,-0.06663332879543304,116.70582580566406,0.005315561778843403
172441,2,0.5137218236923218,4.195014476776123,4.036569595336914,-0.011964154429733753,116.749755859375,0.037635739892721176
172461,2,0.028692593798041344,3.8263766765594482,3.773280620574951,-0.034975551068782806,116.77183532714844,0.019348643720149994
172481,2,-0.2065274864435196,3.4512810707092285,2.309541702270508,0.19146312773227692,116.81576538085938,0.08781464397907257
172501,2,-0.688712477684021,3.0702292919158936,2.672959566116333,0.04768472909927368,116.88166809082031,0.08101072162389755
172521,2,-1.1790558099746704,2.683673620223999,2.5450680255889893,-0.0037814504466950893,116.85969543457031,-0.007867030799388885
172541,2,-1.6234047412872314,2.2905404567718506,0.66963791847229,0.2939157485961914,116.88166809082031,0.09036611020565033
172561,2,-2.0986340045928955,1.8941503763198853,1.4672960042953491,0.06531823426485062,116.96952819824219,0.12481094896793365
172581,2,-2.5969202518463135,1.4950616359710693,0.8519365787506104,0.10985421389341354,116.94755554199219,0.09079135954380035
172601,2,-2.815981864929199,1.0929012298583984,0.4438108205795288,0.12647220492362976,116.96952819824219,0.11928276717662811
172621,2,-3.2882492542266846,0.6860795617103577,0.8219137191772461,-0.02182522974908352,116.99148559570312,0.12055850028991699
172641,2,-3.7567431926727295,0.2819235920906067,-0.5045097470283508,0.15880274772644043,116.94755554199219,-0.0019136022310703993
172661,2,-4.213045597076416,-0.12334296107292175,-0.5633314251899719,0.0909154862165451,116.94755554199219,0.04273867979645729
172681,2,-4.688578128814697,-0.5309221744537354,-0.8660486936569214,0.07167722284793854,116.94755554199219,0.04316392540931702
172701,2,-4.895574569702148,-0.9386298060417175,-0.9869697093963623,0.027333492413163185,116.94755554199219,0.008292276412248611
172721,2,-5.335677146911621,-1.3455902338027954,-1.6056369543075562,0.07143832743167877,116.94755554199219,0.07930974662303925
172741,2,-5.757732391357422,-1.752102255821228,-1.1279569864273071,-0.10582864284515381,116.92559814453125,-0.008717521093785763
172761,2,-6.17938232421875,-2.1527929306030273,-1.3422654867172241,-0.14808166027069092,116.90362548828125,-0.07633303105831146
172781,2,-6.6072564125061035,-2.5521743297576904,-1.1693025827407837,-0.27383339405059814,116.85969543457031,-0.17031371593475342
172801,2,-6.8231730461120605,-2.948596954345703,-0.8479475975036621,-0.4271128177642822,116.81576538085938,-0.32595494389533997
172821,2,-7.21055793762207,-3.338820219039917,-1.671705961227417,-0.35754382610321045,116.79379272460938,-0.2523860037326813
172841,2,-7.597711086273193,-3.7264604568481445,-2.604412078857422,-0.26658880710601807,116.727783203125,-0.2689705491065979
172861,2,-7.951359272003174,-4.107938766479492,-2.616302251815796,-0.352981299161911,116.70582580566406,-0.22049261629581451
172881,2,-8.111733436584473,-4.483029365539551,-2.88956356048584,-0.37931978702545166,116.63992309570312,-0.22389458119869232
172901,2,-8.439165115356445,-4.852409839630127,-2.9191343784332275,-0.464192658662796,116.55206298828125,-0.32425394654273987
172921,2,-8.760645866394043,-5.2117486000061035,-2.7869694232940674,-0.581864595413208,116.46420288085938,-0.38931798934936523
172941,2,-9.06493854522705,-5.563385963439941,-3.2881600856781006,-0.5702856183052063,116.376220703125,-0.33190834522247314
172961,2,-9.346851348876953,-5.907080173492432,-3.928917646408081,-0.5279297828674316,116.26640319824219,-0.34806767106056213
172981,2,-9.46895980834961,-6.2415289878845215,-5.563793659210205,-0.273496150970459,116.13459777832031,-0.26684433221817017
173001,2,-9.72307014465332,-6.567271709442139,-5.796141147613525,-0.299407035112381,116.00270080566406,-0.2621666193008423
173021,2,-9.96189022064209,-6.8817458152771,-6.113687992095947,-0.30624449253082275,115.84893798828125,-0.2693957984447479
173041,2,-10.169270515441895,-7.184220314025879,-6.814272880554199,-0.23167133331298828,115.695068359375,-0.20305758714675903
173061,2,-10.363808631896973,-7.475806713104248,-7.352658271789551,-0.1851956844329834,115.51933288574219,-0.22261884808540344
173081,2,-10.446670532226562,-7.754677772521973,-7.596939563751221,-0.18607789278030396,115.38754272460938,-0.10142248123884201
173101,2,-10.60330867767334,-8.022515296936035,-7.533852577209473,-0.24875181913375854,115.23367309570312,-0.1418207436800003
173121,2,-10.742216110229492,-8.276527404785156,-8.79980754852295,-0.042941220104694366,115.03598022460938,-0.10524968057870865
173141,2,-10.84957504272461,-8.51699447631836,-9.708230972290039,0.09233393520116806,114.83818054199219,-0.10227297246456146
173161,2,-10.946160316467285,-8.743444442749023,-6.368526935577393,-0.6120554804801941,114.81620788574219,-0.2430306077003479
173181,2,-11.017361640930176,-8.955846786499023,-10.547384262084961,0.17683051526546478,114.44268798828125,-0.07718351483345032
173201,2,-11.044036865234375,-9.153581619262695,-7.85174036026001,-0.3961189091205597,114.37678527832031,-0.23750242590904236
173221,2,-11.082590103149414,-9.336459159851074,-8.362968444824219,-0.32155096530914307,114.15701293945312,-0.114179827272892
173241,2,-11.098624229431152,-9.503753662109375,-10.144987106323242,-0.012927557341754436,113.893310546875,-0.16308298707008362
173261,2,-11.090417861938477,-9.655296325683594,-8.540504455566406,-0.34560132026672363,113.73956298828125,-0.10950213670730591
173281,2,-11.058979034423828,-9.790887832641602,-8.876184463500977,-0.30110108852386475,113.49781799316406,-0.133741095662117
173301,2,-11.036577224731445,-9.910258293151855,-9.913540840148926,-0.11028678715229034,113.27816772460938,-0.017222419381141663
173321,2,-10.971899032592773,-10.012862205505371,-10.882739067077637,0.06643345952033997,113.05839538574219,-0.07080484181642532
173341,2,-10.882275581359863,-10.099024772644043,-8.618185997009277,-0.3969900906085968,112.97053527832031,-0.1928517073392868
173361,2,-10.766936302185059,-10.1685152053833,-11.121273040771484,0.0864756628870964,112.64093017578125,-0.10524968057870865
173381,2,-10.634682655334473,-10.22077465057373,-8.679659843444824,-0.40392357110977173,112.53109741210938,-0.1813700944185257
173401,2,-10.563270568847656,-10.256004333496094,-11.218107223510742,0.09321009367704391,112.20150756835938,-0.058047495782375336
173421,2,-10.3939790725708,-10.273786544799805,-8.946260452270508,-0.35591188073158264,112.135498046875,-0.20178185403347015
173441,2,-10.201615333557129,-10.274089813232422,-10.831503868103027,0.02990018017590046,111.827880859375,0.03933671861886978
173461,2,-9.991371154785156,-10.25775146484375,-11.375394821166992,0.1363740861415863,111.58612060546875,-0.09887100756168365
173481,2,-9.751949310302734,-10.223603248596191,-8.077946662902832,-0.4904155731201172,111.54220581054688,-0.0963195413351059
173501,2,-9.637002944946289,-10.172024726867676,-11.288564682006836,0.14941830933094025,111.23455810546875,-0.031680747866630554
173521,2,-9.372923851013184,-10.101761817932129,-7.849236011505127,-0.5134710669517517,111.14669799804688,-0.22729654610157013
173541,2,-9.08121109008789,-10.01534652709961,-10.866631507873535,0.10818902403116226,110.83908081054688,-0.00956801138818264
173561,2,-8.768417358398438,-9.912354469299316,-8.874441146850586,-0.2704692780971527,110.729248046875,-0.19540317356586456
173581,2,-8.446210861206055,-9.791962623596191,-10.007572174072266,0.00442615756765008,110.399658203125,0.1320401132106781
173601,2,-8.288708686828613,-9.654723167419434,-9.744199752807617,-0.034555017948150635,110.26773071289062,-0.1158808097243309
173621,2,-7.934680461883545,-9.498905181884766,-7.984581470489502,-0.32637539505958557,110.07003784179688,0.07335631549358368
173641,2,-7.565052509307861,-9.328316688537598,-10.886191368103027,0.27845871448516846,109.78439331054688,-0.0023388471454381943
173661,2,-7.168541431427002,-9.14275074005127,-6.998656272888184,-0.44455623626708984,109.74044799804688,-0.11843227595090866
173681,2,-6.769554615020752,-8.940404891967773,-8.754646301269531,-0.04355451837182045,109.47674560546875,0.02104962430894375
173701,2,-6.576262474060059,-8.722567558288574,-8.902297019958496,0.027319958433508873,109.322998046875,0.024876829236745834
173721,2,-6.153083324432373,-8.489355087280273,-8.693473815917969,0.039785921573638916,109.12518310546875,0.004465071950107813
173741,2,-5.711487770080566,-8.240962982177734,-8.799300193786621,0.11744562536478043,108.927490234375,0.011694235727190971
173761,2,-5.253679275512695,-7.979498386383057,-8.222826957702637,0.06958011537790298,108.77362060546875,0.08909037709236145
173781,2,-4.78417444229126,-7.7030558586120605,-8.404609680175781,0.17388442158699036,108.641845703125,0.09844576567411423
173801,2,-4.567444801330566,-7.4126667976379395,-7.857639789581299,0.12450782209634781,108.48794555664062,0.06825337558984756
173821,2,-4.088506698608398,-7.108795642852783,-7.646565914154053,0.15832756459712982,108.35617065429688,0.1426728069782257
173841,2,-3.6031746864318848,-6.794802188873291,-7.529928684234619,0.21104182302951813,108.224365234375,0.1652107834815979
173861,2,-3.103806734085083,-6.465792655944824,-6.367066383361816,0.05690532177686691,108.11444091796875,0.0899408683180809
173881,2,-2.582197904586792,-6.126040458679199,-6.431039810180664,0.14476452767848969,108.00460815429688,0.06272519379854202
173901,2,-2.3439903259277344,-5.777182102203369,-5.840972423553467,0.09613831341266632,107.93869018554688,0.13246536254882812
173921,2,-1.8308171033859253,-5.415134906768799,-4.908486366271973,-0.013718826696276665,107.82888793945312,0.01977388933300972
173941,2,-1.3117157220840454,-5.045578956604004,-5.261318206787109,0.13400346040725708,107.78482055664062,0.08313694596290588
173961,2,-0.8037100434303284,-4.663763046264648,-4.058551788330078,-0.025312498211860657,107.71893310546875,0.0282803513109684
173981,2,-0.2587430775165558,-4.274923324584961,-3.4089813232421875,-0.0755830630660057,107.69696044921875,-0.01467095036059618
174001,2,-0.0025093795266002417,-3.8802356719970703,-3.422105312347412,-0.012601478025317192,107.63107299804688,-0.11290409415960312
174021,2,0.5135610103607178,-3.473132610321045,-2.408557653427124,-0.1365050971508026,107.60910034179688,-0.058047495782375336
174041,2,1.0531240701675415,-3.0618042945861816,-2.273308038711548,-0.08537068963050842,107.58712768554688,-0.04826530069112778
174061,2,1.5911126136779785,-2.6459319591522217,-1.3100886344909668,-0.20285575091838837,107.521240234375,-0.15500333905220032
174081,2,2.1073148250579834,-2.2234091758728027,-1.376401424407959,-0.10856132209300995,107.47732543945312,-0.06952910870313644
174101,2,2.348776340484619,-1.797224760055542,-1.1863582134246826,-0.08550066500902176,107.43325805664062,-0.13756829500198364
174121,2,2.864940881729126,-1.3643590211868286,-0.8073070049285889,-0.06757863610982895,107.38934326171875,0.033383291214704514
174141,2,3.3813374042510986,-0.9311444163322449,-1.6499555110931396,0.1834009438753128,107.36737060546875,0.012119480408728123
174161,2,3.8437132835388184,-0.4960896074771881,-0.004967004060745239,-0.056923381984233856,107.45523071289062,-0.02657780796289444
174181,2,4.351605415344238,-0.05807966738939285,0.3085428774356842,-0.027136467397212982,107.47732543945312,0.04954259842634201
174201,2,4.839910984039307,0.37945181131362915,0.020993996411561966,0.11847888678312302,107.45523071289062,0.05379504710435867
174221,2,5.061887741088867,0.8168474435806274,1.0505353212356567,-0.0067961630411446095,107.47732543945312,0.03976196423172951
174241,2,5.541039943695068,1.2560067176818848,1.4883217811584473,-0.0033262812066823244,107.47732543945312,0.07930974662303925
174261,2,6.000670433044434,1.6890084743499756,0.12948870658874512,0.35991692543029785,107.47732543945312,0.20050610601902008
174281,2,6.418166160583496,2.1215782165527344,0.20412760972976685,0.44828134775161743,107.521240234375,0.3021412193775177
174301,2,6.836948394775391,2.551278591156006,0.8349432945251465,0.42065542936325073,107.521240234375,0.228572279214859
174321,2,7.284088134765625,2.976161479949951,0.25857624411582947,0.6402612924575806,107.60910034179688,0.3455162048339844
174341,2,7.470164775848389,3.396951198577881,1.2340848445892334,0.5407923460006714,107.65304565429688,0.34636667370796204
174361,2,7.87532901763916,3.8127598762512207,2.2912302017211914,0.4280664920806885,107.71893310546875,0.2693973481655121
174381,2,8.266141891479492,4.222857475280762,2.1494669914245605,0.5539606809616089,107.80679321289062,0.36720526218414307
174401,2,8.635376930236816,4.624377250671387,2.7761993408203125,0.5330878496170044,107.93869018554688,0.45735716819763184
174421,2,8.99106216430664,5.019470691680908,3.631577253341675,0.4582659602165222,108.02658081054688,0.37145769596099854
174441,2,9.172097206115723,5.406247138977051,4.599874496459961,0.3482421934604645,108.13638305664062,0.3459414541721344
174461,2,9.493786811828613,5.783725738525391,5.100888729095459,0.32587867975234985,108.246337890625,0.18902449309825897
174481,2,9.797500610351562,6.150601387023926,5.6509904861450195,0.2895546555519104,108.37814331054688,0.16478553414344788
174501,2,10.07490348815918,6.508155822753906,6.050448894500732,0.2806326448917389,108.553955078125,0.17201469838619232
174521,2,10.196785926818848,6.854674339294434,6.919900894165039,0.16798709332942963,108.68576049804688,0.1222594827413559
174541,2,10.445345878601074,7.189921855926514,6.43218994140625,0.3319770097732544,108.79559326171875,0.15117770433425903
174561,2,10.661941528320312,7.512404918670654,7.793583393096924,0.11879270523786545,109.01535034179688,0.11205360293388367
174581,2,10.854621887207031,7.820958614349365,8.346654891967773,0.06800902634859085,109.19110107421875,0.12438570708036423
174601,2,11.033358573913574,8.116732597351074,7.8150129318237305,0.22254708409309387,109.279052734375,0.12991389632225037
174621,2,11.107071876525879,8.397882461547852,9.460762977600098,-0.05083951726555824,109.47674560546875,0.10950213670730591
174641,2,11.242608070373535,8.664546012878418,7.238978385925293,0.4279252290725708,109.56460571289062,0.11460506916046143
174661,2,11.356374740600586,8.916778564453125,10.383793830871582,-0.14328959584236145,109.87225341796875,0.1222594827413559
174681,2,11.444437980651855,9.153009414672852,8.347166061401367,0.3115273416042328,110.004150390625,0.23877815902233124
174701,2,11.504603385925293,9.373515129089355,8.381269454956055,0.3539380729198456,110.22381591796875,0.2727993130683899
174721,2,11.524848937988281,9.577489852905273,8.82975959777832,0.3053172528743744,110.377685546875,0.20518380403518677
174741,2,11.547877311706543,9.764566421508789,8.384657859802246,0.43448638916015625,110.57537841796875,0.2872576415538788
174761,2,11.544758796691895,9.934269905090332,9.332401275634766,0.2853966951370239,110.79513549804688,0.28853338956832886
174781,2,11.516724586486816,10.086400032043457,9.883227348327637,0.20566041767597198,110.99282836914062,0.21156248450279236
174801,2,11.460700988769531,10.220562934875488,9.595803260803223,0.2862977087497711,111.16867065429688,0.2217683643102646
174821,2,11.425692558288574,10.336539268493652,10.343671798706055,0.1635548174381256,111.432373046875,0.22602081298828125
174841,2,11.332571983337402,10.433911323547363,10.686083793640137,0.11082641035318375,111.60809326171875,0.1588321030139923
174861,2,11.21090316772461,10.51244831085205,9.731413841247559,0.3104173243045807,111.761962890625,0.16223406791687012
174881,2,11.070459365844727,10.572678565979004,10.815389633178711,0.09821955114603043,112.02555847167969,0.107801154255867
174901,2,10.897090911865234,10.613677978515625,9.687840461730957,0.3309975862503052,112.20150756835938,0.22431983053684235
174921,2,10.804791450500488,10.636148452758789,9.98072624206543,0.26570770144462585,112.46510314941406,0.05719700828194618
174941,2,10.599898338317871,10.638466835021973,12.343854904174805,-0.20286725461483002,112.79469299316406,0.10737590491771698
174961,2,10.363306999206543,10.621092796325684,9.903098106384277,0.27006107568740845,112.90463256835938,0.14437377452850342
174981,2,10.119027137756348,10.583500862121582,9.081295013427734,0.4075806438922882,113.10232543945312,0.0703795999288559
175001,2,9.829237937927246,10.528440475463867,10.583280563354492,0.10685481876134872,113.36602783203125,0.1830710768699646
175021,2,9.693961143493652,10.454025268554688,8.784218788146973,0.4361291825771332,113.563720703125,0.06910386681556702
175041,2,9.380908012390137,10.360288619995117,12.164270401000977,-0.24944165349006653,113.893310546875,0.05762225016951561
175061,2,9.032257080078125,10.246919631958008,7.91337251663208,0.5576159954071045,113.93736267089844,0.20050610601902008
175081,2,8.675419807434082,10.115788459777832,13.163302421569824,-0.517865777015686,114.42071533203125,-0.04231186956167221
175101,2,8.302399635314941,9.966532707214355,9.422489166259766,0.18410851061344147,114.46464538574219,0.11673129349946976
175121,2,8.121603965759277,9.797642707824707,10.613845825195312,-0.09417656809091568,114.75032043457031,-0.0640009269118309
175141,2,7.714812755584717,9.608613967895508,8.765368461608887,0.23324792087078094,114.86013793945312,0.15755636990070343
175161,2,7.291389465332031,9.403326034545898,8.379345893859863,0.2564098536968231,115.07991027832031,0.07930974662303925
175181,2,6.859427452087402,9.180638313293457,11.101316452026367,-0.3280283510684967,115.321533203125,0.045715391635894775
175201,2,6.386007308959961,8.941845893859863,8.769925117492676,0.0697936937212944,115.43147277832031,0.029981331899762154
175221,2,6.163995265960693,8.685697555541992,8.282381057739258,0.11570023745298386,115.62916564941406,0.015521439723670483
175241,2,5.6848673820495605,8.410935401916504,9.00876522064209,-0.09889014065265656,115.82696533203125,-0.09164184331893921
175261,2,5.189484119415283,8.122673988342285,8.963459968566895,-0.15991555154323578,116.046630859375,-0.052092503756284714
175281,2,4.670433521270752,7.82025671005249,9.006670951843262,-0.2438596785068512,116.17852783203125,-0.08441267907619476
175301,2,4.162204265594482,7.501946926116943,8.936728477478027,-0.31187087297439575,116.33229064941406,-0.16946323215961456
175321,2,3.906421661376953,7.171655178070068,7.885994911193848,-0.1718163937330246,116.50813293457031,-0.09504380822181702
175341,2,3.38596510887146,6.825399875640869,7.689465045928955,-0.2139149308204651,116.61796569824219,-0.10397394746541977
175361,2,2.822246789932251,6.4647722244262695,6.827079772949219,-0.1301036775112152,116.70582580566406,-0.12438570708036423
175381,2,2.294729471206665,6.091917037963867,6.927821636199951,-0.23929516971111298,116.79379272460938,-0.1533023566007614
175401,2,1.7237244844436646,5.708695411682129,6.181301593780518,-0.18397898972034454,116.88166809082031,-0.17243994772434235
175421,2,1.4551851749420166,5.313836097717285,4.5971999168396,0.059933096170425415,116.99148559570312,0.004890316631644964
175441,2,0.9029819965362549,4.906054973602295,3.961306095123291,0.11339055746793747,117.101318359375,0.13331584632396698
175461,2,0.3267340362071991,4.493515491485596,3.3391616344451904,0.15737901628017426,117.12339782714844,0.06952910870313644
175481,2,-0.2533893585205078,4.070886611938477,3.3894712924957275,0.0727255642414093,117.25518798828125,0.14054657518863678
175501,2,-0.8229750990867615,3.6382343769073486,3.1466259956359863,0.031925689429044724,117.32109069824219,0.036785248667001724
175521,2,-1.0868202447891235,3.198329210281372,2.4696576595306396,0.10024907439947128,117.34304809570312,0.11290409415960312
175541,2,-1.6940064430236816,2.7530834674835205,2.927194118499756,-0.09060868620872498,117.47496032714844,-0.07973498851060867
175561,2,-2.2647366523742676,2.301320791244507,2.1882994174957275,-0.02928609400987625,117.51889038085938,0.03976196423172951
175581,2,-2.8363265991210938,1.844927191734314,0.8844538927078247,0.13784465193748474,117.54086303710938,0.08228645473718643
175601,2,-3.093897819519043,1.384447455406189,0.5049428939819336,0.1371106058359146,117.58479309082031,0.03848623111844063
175621,2,-3.6387979984283447,0.9178532361984253,1.696264386177063,-0.19264797866344452,117.56282043457031,-0.03465746343135834
175641,2,-4.181201457977295,0.4541654884815216,0.6920220851898193,-0.08560914546251297,117.54086303710938,0.01977388933300972
175661,2,-4.7097930908203125,-0.013661724515259266,-0.23583664000034332,0.0014656390994787216,117.54086303710938,-0.038909912109375
175681,2,-5.255328178405762,-0.48145562410354614,-0.13554760813713074,-0.11599192023277283,117.51889038085938,-0.04784005507826805
175701,2,-5.495254039764404,-0.9497215747833252,-0.8747442364692688,-0.05811639502644539,117.51889038085938,-0.11928276717662811
175721,2,-5.9973015785217285,-1.4190363883972168,-1.3037564754486084,-0.07207483798265457,117.51889038085938,-0.10354870557785034
175741,2,-6.498968601226807,-1.8846726417541504,-1.0579837560653687,-0.2198275923728943,117.51889038085938,-0.163509801030159
175761,2,-6.984375476837158,-2.3454792499542236,-1.0234159231185913,-0.3281829059123993,117.51889038085938,-0.18689827620983124
175781,2,-7.441433429718018,-2.8039345741271973,-0.8805418014526367,-0.45746612548828125,117.51889038085938,-0.17456616461277008
175801,2,-7.650688171386719,-3.257436990737915,-0.8306071758270264,-0.5645581483840942,117.452880859375,-0.31915101408958435
175821,2,-8.087262153625488,-3.707498788833618,-1.3661211729049683,-0.5713896751403809,117.40895080566406,-0.41228121519088745
175841,2,-8.510258674621582,-4.149399280548096,-1.9102615118026733,-0.5751138925552368,117.34304809570312,-0.43141722679138184
175861,2,-8.914682388305664,-4.582788467407227,-2.8535914421081543,-0.49788662791252136,117.23323059082031,-0.40420156717300415
175881,2,-9.291703224182129,-5.0098466873168945,-3.50903058052063,-0.47001945972442627,117.18930053710938,-0.3786852955818176
175901,2,-9.46311092376709,-5.427299976348877,-4.5106024742126465,-0.35905468463897705,117.07936096191406,-0.3586987853050232
175921,2,-9.80784797668457,-5.836872577667236,-5.4249467849731445,-0.26558929681777954,116.99148559570312,-0.25493746995925903
175941,2,-10.134429931640625,-6.233987808227539,-5.341922283172607,-0.3662521243095398,116.85969543457031,-0.2859818935394287
175961,2,-10.44150161743164,-6.619133472442627,-5.776003837585449,-0.3611190915107727,116.749755859375,-0.2477083057165146
175981,2,-10.713508605957031,-6.993062973022461,-5.892755508422852,-0.4163210988044739,116.57403564453125,-0.28343042731285095
176001,2,-10.832765579223633,-7.354057312011719,-6.231544494628906,-0.4187195897102356,116.42027282714844,-0.26344236731529236
176021,2,-11.070242881774902,-7.702795505523682,-7.037615776062012,-0.3315052390098572,116.26640319824219,-0.2494092732667923
176041,2,-11.284834861755371,-8.035264015197754,-7.4230265617370605,-0.3155978322029114,116.09066772460938,-0.12991389632225037
176061,2,-11.455160140991211,-8.353740692138672,-8.410063743591309,-0.17997035384178162,115.89286804199219,-0.15117613971233368
176081,2,-11.619536399841309,-8.656496047973633,-9.082632064819336,-0.10213763266801834,115.695068359375,-0.13246536254882812
176101,2,-11.753107070922852,-8.943582534790039,-8.568596839904785,-0.25073063373565674,115.51933288574219,-0.107801154255867
176121,2,-11.805234909057617,-9.213982582092285,-8.128558158874512,-0.38155439496040344,115.343505859375,-0.15287712216377258
176141,2,-11.89882755279541,-9.46764850616455,-9.25658130645752,-0.20358814299106598,115.12384033203125,-0.1320401132106781
176161,2,-11.963711738586426,-9.703036308288574,-9.038705825805664,-0.2850564122200012,114.92604064941406,-0.1256614476442337
176181,2,-11.998010635375977,-9.919869422912598,-10.242754936218262,-0.08678490668535233,114.70637512207031,-0.16053152084350586
176201,2,-12.005245208740234,-10.118130683898926,-7.909432411193848,-0.5864610075950623,114.64048767089844,-0.25706368684768677
176221,2,-11.998335838317871,-10.29731273651123,-11.083844184875488,0.017761941999197006,114.31088256835938,-0.031680747866630554
176241,2,-11.962623596191406,-10.456711769104004,-9.577202796936035,-0.31645721197128296,114.22291564941406,-0.2366519272327423
176261,2,-11.897245407104492,-10.596332550048828,-11.082892417907715,-0.029163774102926254,113.87135314941406,-0.046139076352119446
176281,2,-11.812471389770508,-10.715782165527344,-10.730636596679688,-0.11832859367132187,113.69561767578125,-0.10652542114257812
176301,2,-11.695244789123535,-10.81499195098877,-9.787100791931152,-0.30898070335388184,113.51979064941406,-0.09504380822181702
176321,2,-11.541437149047852,-10.893228530883789,-13.517468452453613,0.4128378927707672,113.16822814941406,-0.0640009269118309
176341,2,-11.464594841003418,-10.950437545776367,-9.43750286102295,-0.3920556902885437,113.12429809570312,-0.10822639614343643
176361,2,-11.276144981384277,-10.985588073730469,-10.425727844238281,-0.19514641165733337,112.88267517089844,-0.06059896573424339
176381,2,-11.055715560913086,-11.000285148620605,-12.213433265686035,0.15330664813518524,112.64093017578125,-0.07590778172016144
176401,2,-10.8046236038208,-10.994461059570312,-8.201338768005371,-0.6223772168159485,112.55307006835938,-0.1320401132106781
176421,2,-10.532755851745605,-10.966638565063477,-14.490229606628418,0.6269350051879883,112.04753112792969,0.008292276412248611
176441,2,-10.397533416748047,-10.91875171661377,-9.020379066467285,-0.4425802230834961,112.02555847167969,-0.19327694177627563
176461,2,-10.09119701385498,-10.846811294555664,-12.015071868896484,0.1858883947134018,111.71792602539062,0.09461855888366699
176481,2,-9.75428295135498,-10.75512409210205,-10.005217552185059,-0.19418153166770935,111.60809326171875,-0.11843227595090866
176501,2,-9.39696979522705,-10.64210033416748,-10.471478462219238,-0.06405245512723923,111.34439086914062,-0.06187470257282257
176521,2,-9.001855850219727,-10.509084701538086,-9.936624526977539,-0.15099695324897766,111.14669799804688,-0.17073896527290344
176541,2,-8.820547103881836,-10.355097770690918,-8.278753280639648,-0.44265350699424744,110.94891357421875,-0.10822639614343643
176561,2,-8.404728889465332,-10.180655479431152,-12.86874771118164,0.488540917634964,110.57537841796875,-0.0737815573811531
176581,2,-7.960326671600342,-9.987349510192871,-7.00275993347168,-0.6066530346870422,110.59735107421875,-0.07675827294588089
176601,2,-7.50546932220459,-9.773870468139648,-11.947242736816406,0.4220847487449646,110.17987060546875,0.07760876417160034
176621,2,-7.02202844619751,-9.539602279663086,-9.712913513183594,0.02670268528163433,110.09201049804688,-0.1061001718044281
176641,2,-6.78810453414917,-9.286399841308594,-8.469815254211426,-0.15268346667289734,109.91616821289062,0.06527666002511978
176661,2,-6.285258769989014,-9.011823654174805,-9.519412994384766,0.11932944506406784,109.74044799804688,0.06442616879940033
176681,2,-5.756792068481445,-8.723743438720703,-9.724154472351074,0.22843006253242493,109.52069091796875,0.06527666002511978
176701,2,-5.235281944274902,-8.416374206542969,-10.018400192260742,0.36545735597610474,109.344970703125,0.1409718245267868
176721,2,-4.6793670654296875,-8.092766761779785,-10.078993797302246,0.4626840651035309,109.21304321289062,0.1779681295156479
176741,2,-4.416748046875,-7.752644062042236,-8.747589111328125,0.27528196573257446,109.08126831054688,0.19837988913059235
176761,2,-3.8509879112243652,-7.3936638832092285,-8.109932899475098,0.23726260662078857,108.927490234375,0.16903798282146454
176781,2,-3.276442766189575,-7.019930839538574,-7.201117515563965,0.1401664763689041,108.77362060546875,0.06570190191268921
176801,2,-2.7375261783599854,-6.63505220413208,-6.301246166229248,0.04120086878538132,108.641845703125,0.033383291214704514
176821,2,-2.1361289024353027,-6.234725475311279,-5.352460861206055,-0.06893744319677353,108.53201293945312,-0.0865389034152031
176841,2,-1.53775954246521,-5.822793006896973,-5.276046276092529,-0.0018364458810538054,108.42205810546875,-0.049541033804416656
176861,2,-1.2581477165222168,-5.3987345695495605,-4.750092506408691,-0.04020610451698303,108.29025268554688,-0.10695066303014755
176881,2,-0.6509656310081482,-4.960389614105225,-4.0819010734558105,-0.08571304380893707,108.224365234375,-0.050816770642995834
176901,2,-0.04493667185306549,-4.514575958251953,-4.382075786590576,0.06268405169248581,108.13638305664062,-0.006166051607578993
176921,2,0.5559294819831848,-4.058812618255615,-3.9143311977386475,0.06268231570720673,108.09246826171875,0.012119480408728123
176941,2,1.1836884021759033,-3.597888946533203,-4.156374931335449,0.2068750411272049,108.02658081054688,0.024026338011026382
176961,2,1.4772740602493286,-3.1285436153411865,-4.004284858703613,0.2614775002002716,107.98263549804688,0.05847274139523506
176981,2,2.079800605773926,-2.648759365081787,-2.630434989929199,0.09196320921182632,107.93869018554688,0.07675827294588089
177001,2,2.6798744201660156,-2.1635961532592773,-2.5689334869384766,0.1790701150894165,107.894775390625,0.042313434183597565
177021,2,3.275641441345215,-1.675402283668518,-1.9578416347503662,0.16222330927848816,107.872802734375,0.08228645473718643
177041,2,3.8818116188049316,-1.181326985359192,-0.8743838667869568,0.050449542701244354,107.850830078125,0.07165533304214478
177061,2,4.168008804321289,-0.6855480074882507,-0.6146882772445679,0.08734560012817383,107.850830078125,0.04954259842634201
177081,2,4.7231292724609375,-0.1857454627752304,-0.5373409390449524,0.16845594346523285,107.850830078125,0.01637193001806736
177101,2,5.298063278198242,0.3153074383735657,-0.008076665922999382,0.16740626096725464,107.872802734375,0.08568841964006424
177121,2,5.859179973602295,0.8150580525398254,-0.5404669046401978,0.3836400508880615,107.916748046875,0.22134311497211456
177141,2,6.391834259033203,1.314989686012268,0.8282445669174194,0.22199104726314545,107.96066284179688,0.1860477775335312
177161,2,6.637935161590576,1.8124473094940186,1.9636930227279663,0.09014268219470978,107.98263549804688,0.1571311354637146
177181,2,7.146975040435791,2.3091917037963867,1.9401601552963257,0.19541634619235992,108.02658081054688,0.13799510896205902
177201,2,7.664221286773682,2.7998902797698975,2.1438822746276855,0.2614647448062897,108.09246826171875,0.22261884808540344
177221,2,8.135330200195312,3.285897970199585,2.624061346054077,0.26737987995147705,108.13638305664062,0.1864730268716812
177241,2,8.600883483886719,3.7652883529663086,2.6931796073913574,0.3597860634326935,108.202392578125,0.2749255299568176
177261,2,8.809141159057617,4.237583160400391,3.307758331298828,0.3354117274284363,108.29025268554688,0.31277233362197876
177281,2,9.237217903137207,4.704331874847412,3.9883434772491455,0.3034347891807556,108.37814331054688,0.2876828908920288
177301,2,9.656301498413086,5.160578727722168,4.637354850769043,0.2722359895706177,108.46600341796875,0.2468593716621399
177321,2,10.032320022583008,5.606561183929443,4.760842323303223,0.34375879168510437,108.597900390625,0.29321107268333435
177341,2,10.391885757446289,6.041672229766846,4.568883419036865,0.47845014929771423,108.70773315429688,0.32085198163986206
177361,2,10.55156421661377,6.464949131011963,5.9704909324646,0.28466102480888367,108.79559326171875,0.2515370547771454
177381,2,10.870973587036133,6.877590656280518,6.367637634277344,0.29397204518318176,108.949462890625,0.2940615713596344
177401,2,11.167024612426758,7.275303363800049,6.373987674713135,0.3786875307559967,109.10321044921875,0.29491204023361206
177421,2,11.437308311462402,7.657997131347656,7.143727779388428,0.30596664547920227,109.23501586914062,0.33020737767219543
177441,2,11.668876647949219,8.026477813720703,7.3157148361206055,0.34574076533317566,109.38888549804688,0.24218010902404785
177461,2,11.771000862121582,8.379043579101562,7.736090183258057,0.3277897834777832,109.54266357421875,0.23877815902233124
177481,2,11.962702751159668,8.715275764465332,7.952837944030762,0.34945011138916016,109.74044799804688,0.22389458119869232
177501,2,12.124920845031738,9.034188270568848,7.6684417724609375,0.4713577628135681,109.91616821289062,0.27407506108283997
177521,2,12.255204200744629,9.334481239318848,7.770402908325195,0.5177447199821472,110.09201049804688,0.32552969455718994
177541,2,12.357109069824219,9.616568565368652,8.805511474609375,0.37216851115226746,110.31179809570312,0.3412637412548065
177561,2,12.39268684387207,9.879437446594238,8.265420913696289,0.5306930541992188,110.50949096679688,0.29618778824806213
177581,2,12.4469633102417,10.12256908416748,9.087838172912598,0.4194054901599884,110.751220703125,0.2936363220214844
177601,2,12.46843433380127,10.345125198364258,9.676897048950195,0.34525424242019653,110.99282836914062,0.23750242590904236
177621,2,12.460420608520508,10.546908378601074,10.512367248535156,0.21589724719524384,111.21261596679688,0.22134311497211456
177641,2,12.421491622924805,10.727398872375488,11.029130935668945,0.13714422285556793,111.432373046875,0.11162836104631424
177661,2,12.356346130371094,10.885955810546875,10.92578411102295,0.1801876276731491,111.69595336914062,0.16903798282146454
177681,2,12.256699562072754,11.022491455078125,11.75238037109375,0.037500444799661636,111.93768310546875,0.12608668208122253
177701,2,12.199861526489258,11.13663101196289,10.0348482131958,0.39238348603248596,112.09156799316406,0.19880513846874237
177721,2,12.054404258728027,11.22729206085205,12.233076095581055,-0.03722139447927475,112.42117309570312,0.05847274139523506
177741,2,11.873847961425781,11.295472145080566,11.52896499633789,0.10767780244350433,112.61897277832031,0.1256614476442337
177761,2,11.668383598327637,11.340335845947266,11.04970932006836,0.18567003309726715,112.77273559570312,0.032107554376125336
177781,2,11.418774604797363,11.362271308898926,13.16845417022705,-0.23152072727680206,113.01446533203125,0.07080484181642532
177801,2,11.298361778259277,11.360636711120605,9.506314277648926,0.4772420823574066,113.10232543945312,0.07548253983259201
177821,2,11.014431953430176,11.335430145263672,10.93748950958252,0.1775856763124466,113.38798522949219,0.08101072162389755
177841,2,10.70189380645752,11.286420822143555,13.05325698852539,-0.25884920358657837,113.73956298828125,-0.012544725090265274
177861,2,10.356549263000488,11.214874267578125,11.49656867980957,0.024511737748980522,113.84938049316406,0.11545556038618088
177881,2,9.984895706176758,11.119197845458984,10.306199073791504,0.2282939851284027,114.09112548828125,0.09291758388280869
177901,2,9.80113410949707,11.000554084777832,12.696523666381836,-0.2802417576313019,114.39875793457031,-0.10652542114257812
177921,2,9.395853996276855,10.856865882873535,11.47469425201416,-0.07889267057180405,114.53054809570312,0.0019136022310703993
177941,2,8.958288192749023,10.69212532043457,11.26016616821289,-0.08245787024497986,114.75032043457031,-0.008717521093785763
177961,2,8.503681182861328,10.506402015686035,10.22901725769043,0.07046572118997574,114.92604064941406,-0.01637193001806736
177981,2,8.014242172241211,10.297502517700195,10.222417831420898,0.022360388189554214,115.12384033203125,0.03721049427986145
178001,2,7.782017230987549,10.066697120666504,10.687346458435059,-0.11695098876953125,115.29957580566406,-0.02445158362388611
178021,2,7.264606952667236,9.81396484375,10.060412406921387,-0.055967215448617935,115.47540283203125,-0.030830256640911102
178041,2,6.737349987030029,9.542549133300781,9.19661808013916,0.052677642554044724,115.65113830566406,-0.0006378673715516925
178061,2,6.183941841125488,9.250415802001953,9.469555854797363,-0.07077179104089737,115.82696533203125,-0.015096195042133331
178081,2,5.606762886047363,8.936996459960938,9.285555839538574,-0.10848404467105865,115.98072814941406,-0.027428297325968742
178101,2,5.320718288421631,8.606128692626953,8.734284400939941,-0.0659707561135292,116.09066772460938,-0.05039152503013611
178121,2,4.739681243896484,8.253796577453613,7.529958724975586,0.09040480852127075,116.22247314453125,-0.05507078021764755
178141,2,4.139926433563232,7.884420394897461,7.179005146026611,0.07291734963655472,116.33229064941406,-0.08696415275335312
178161,2,3.510272741317749,7.496920108795166,6.8581695556640625,0.04923948273062706,116.44223022460938,-0.052092503756284714
178181,2,2.8794009685516357,7.094003200531006,6.7736310958862305,-0.01931936666369438,116.57403564453125,-0.00021262247173581272
178201,2,2.593000650405884,6.676251411437988,6.92252254486084,-0.12042027711868286,116.68385314941406,-0.004465071950107813
178221,2,1.952243447303772,6.243402004241943,5.591336727142334,0.05101313441991806,116.727783203125,-0.018923399969935417
178241,2,1.293445110321045,5.796069145202637,5.299270153045654,0.020091943442821503,116.85969543457031,0.06952910870313644
178261,2,0.6655274033546448,5.335987567901611,4.552602291107178,0.07676079869270325,116.90362548828125,0.06952910870313644
178281,2,-0.011216205544769764,4.865854740142822,3.9646823406219482,0.09605157375335693,116.94755554199219,-0.01637193001806736
178301,2,-0.3197682499885559,4.386693954467773,3.056215524673462,0.1967245191335678,117.01345825195312,0.07888449728488922
178321,2,-0.9639565348625183,3.891838788986206,3.0357422828674316,0.10508964210748672,117.05738830566406,0.049967844039201736
178341,2,-1.6208406686782837,3.3935863971710205,2.2157750129699707,0.16875895857810974,117.05738830566406,0.06017372012138367
178361,2,-2.269021987915039,2.8866798877716064,2.375241756439209,0.03984101489186287,117.12339782714844,0.08441267907619476
178381,2,-2.922348976135254,2.371166706085205,2.0200793743133545,0.0010634054196998477,117.101318359375,-0.05039152503013611
178401,2,-3.2239136695861816,1.8498609066009521,2.233255386352539,-0.1339416801929474,117.12339782714844,-0.07080484181642532
178421,2,-3.8578124046325684,1.3229281902313232,1.3735331296920776,-0.07030832767486572,117.12339782714844,-0.04784005507826805
178441,2,-4.488845348358154,0.7923646569252014,0.33609628677368164,0.02834375388920307,117.101318359375,0.010843745432794094
178461,2,-5.1163153648376465,0.26156190037727356,0.2668309807777405,-0.06617628782987595,117.07936096191406,-0.06017372012138367
178481,2,-5.7100653648376465,-0.272338330745697,-0.9318197965621948,0.06375142931938171,117.07936096191406,-0.033806972205638885
178501,2,-5.98317289352417,-0.8057107329368591,-0.8097975254058838,-0.05017812177538872,117.07936096191406,0.005740806460380554
178521,2,-6.566555500030518,-1.3384935855865479,-0.4599805772304535,-0.22651469707489014,117.05738830566406,-0.032956480979919434
178541,2,-7.129146099090576,-1.8693645000457764,-1.1913734674453735,-0.19356650114059448,116.99148559570312,-0.10950213670730591
178561,2,-7.682406425476074,-2.397557258605957,-1.558814525604248,-0.23329462110996246,116.92559814453125,-0.12608668208122253
178581,2,-8.203727722167969,-2.919930934906006,-2.323958158493042,-0.19311460852622986,116.88166809082031,-0.1779681295156479
178601,2,-8.451066970825195,-3.4348134994506836,-3.5206263065338135,-0.04674208164215088,116.85969543457031,-0.06017372012138367
178621,2,-8.939263343811035,-3.945875406265259,-3.674447536468506,-0.12597014009952545,116.77183532714844,-0.14734892547130585
178641,2,-9.410053253173828,-4.448847770690918,-3.1190812587738037,-0.34071558713912964,116.70582580566406,-0.18987499177455902
178661,2,-9.861922264099121,-4.9436140060424805,-2.717832326889038,-0.5285691618919373,116.61796569824219,-0.25493746995925903
178681,2,-10.280385971069336,-5.427206516265869,-4.509377956390381,-0.28089016675949097,116.53009033203125,-0.24898403882980347
178701,2,-10.472864151000977,-5.898433685302734,-4.814669132232666,-0.3119282126426697,116.44223022460938,-0.22304409742355347
178721,2,-10.841523170471191,-6.361056804656982,-5.037398815155029,-0.36651748418807983,116.35426330566406,-0.2298480123281479
178741,2,-11.196809768676758,-6.808732509613037,-5.698901176452637,-0.3320627808570862,116.24443054199219,-0.24430634081363678
178761,2,-11.525482177734375,-7.241174697875977,-6.067627906799316,-0.3489286005496979,116.13459777832031,-0.19030022621154785
178781,2,-11.811697006225586,-7.659678936004639,-6.434146881103516,-0.36210402846336365,116.024658203125,-0.1877487599849701
178801,2,-11.934419631958008,-8.061941146850586,-7.211864471435547,-0.2887200117111206,115.89286804199219,-0.2693957984447479
178821,2,-12.177292823791504,-8.448630332946777,-7.3117451667785645,-0.3544207513332367,115.71714782714844,-0.30639365315437317
178841,2,-12.39348316192627,-8.816423416137695,-6.940846920013428,-0.5140711665153503,115.54130554199219,-0.3854907751083374
178861,2,-12.563653945922852,-9.16540813446045,-7.578315734863281,-0.4675532877445221,115.38754272460938,-0.3314831256866455
178881,2,-12.711318969726562,-9.494705200195312,-8.340579986572266,-0.3920120894908905,115.21170043945312,-0.3310578763484955
178901,2,-12.766927719116211,-9.804045677185059,-9.677881240844727,-0.18801896274089813,115.01400756835938,-0.2766265273094177
178921,2,-12.858502388000488,-10.092586517333984,-9.642375946044922,-0.24929673969745636,114.86013793945312,-0.21326346695423126
178941,2,-12.916153907775879,-10.359464645385742,-9.928728103637695,-0.25066298246383667,114.618408203125,-0.3280811607837677
178961,2,-12.937251091003418,-10.604113578796387,-10.0149507522583,-0.28055185079574585,114.42071533203125,-0.2187916487455368
178981,2,-12.925408363342285,-10.825803756713867,-10.686858177185059,-0.18916234374046326,114.22291564941406,-0.20348282158374786
179001,2,-12.907594680786133,-11.024566650390625,-10.666239738464355,-0.23038633167743683,113.98129272460938,-0.20858576893806458
179021,2,-12.844531059265137,-11.199359893798828,-10.31714153289795,-0.3263248801231384,113.73956298828125,-0.163509801030159
179041,2,-12.744063377380371,-11.349702835083008,-10.632926940917969,-0.2903132140636444,113.49781799316406,-0.24430634081363678
179061,2,-12.613253593444824,-11.475492477416992,-10.836033821105957,-0.2626263201236725,113.25619506835938,-0.09759527444839478
179081,2,-12.448781967163086,-11.576590538024902,-11.048882484436035,-0.23274731636047363,112.99249267578125,-0.15500333905220032
179101,2,-12.2434663772583,-11.652093887329102,-12.17625904083252,-0.01877656765282154,112.70683288574219,-0.12055850028991699
179121,2,-12.135697364807129,-11.702091217041016,-10.615921974182129,-0.3327643573284149,112.57504272460938,-0.15117613971233368
179141,2,-11.881878852844238,-11.724898338317871,-13.998690605163574,0.3370332717895508,112.20150756835938,-0.07463204860687256
179161,2,-11.596059799194336,-11.724249839782715,-9.909067153930664,-0.4564394950866699,112.135498046875,-0.1847720444202423
179181,2,-11.281496047973633,-11.697994232177734,-13.916250228881836,0.35809326171875,111.739990234375,0.0784592553973198
179201,2,-10.920924186706543,-11.645048141479492,-10.455216407775879,-0.3031129539012909,111.69595336914062,-0.12693718075752258
179221,2,-10.741118431091309,-11.567370414733887,-10.783145904541016,-0.2111590951681137,111.454345703125,-0.012119480408728123
179241,2,-10.353032112121582,-11.46224594116211,-12.209824562072754,0.10116724669933319,111.16867065429688,-0.028278788551688194
179261,2,-9.923834800720215,-11.331560134887695,-11.888397216796875,0.07480928301811218,110.94891357421875,-0.05847274139523506
179281,2,-9.465773582458496,-11.177169799804688,-12.25130558013916,0.19871100783348083,110.77316284179688,0.1273624151945114
179301,2,-8.982345581054688,-10.996673583984375,-11.447816848754883,0.09754271805286407,110.53143310546875,0.13289059698581696
179321,2,-8.742414474487305,-10.793283462524414,-11.369413375854492,0.12386898696422577,110.28970336914062,0.015096195042133331
179341,2,-8.23185920715332,-10.56307601928711,-10.935380935668945,0.0978088229894638,110.09201049804688,0.044439658522605896
179361,2,-7.684202194213867,-10.308782577514648,-9.92769718170166,-0.041080668568611145,109.87225341796875,-0.024026338011026382
179381,2,-7.128666400909424,-10.031371116638184,-8.808813095092773,-0.19719213247299194,109.71847534179688,-0.004465071950107813
179401,2,-6.535350322723389,-9.732474327087402,-9.956855773925781,0.09857535362243652,109.49871826171875,0.013820460066199303
179421,2,-6.244550704956055,-9.41129207611084,-9.427050590515137,0.0548880398273468,109.301025390625,0.009142765775322914
179441,2,-5.634544372558594,-9.068524360656738,-8.79308795928955,0.005367318633943796,109.12518310546875,-0.029554523527622223
179461,2,-4.999163627624512,-8.707215309143066,-8.950470924377441,0.12123239785432816,108.993408203125,0.07250582426786423
179481,2,-4.35131311416626,-8.32497787475586,-7.850471019744873,-0.00878140702843666,108.81756591796875,0.061449456959962845
179501,2,-3.7508342266082764,-7.9204206466674805,-8.090883255004883,0.12052936106920242,108.641845703125,-0.038484666496515274
179521,2,-3.0838911533355713,-7.499509334564209,-6.775537014007568,-0.05173823609948158,108.53201293945312,-0.012969970703125
179541,2,-2.771947145462036,-7.061141014099121,-6.9783034324646,0.06401138007640839,108.37814331054688,-0.020624378696084023
179561,2,-2.094884157180786,-6.606185436248779,-6.032543182373047,-0.029040586203336716,108.268310546875,-0.020199134945869446
179581,2,-1.398986577987671,-6.136307239532471,-7.271851062774658,0.3218463659286499,108.18045043945312,0.15798161923885345
179601,2,-0.6868071556091309,-5.653558254241943,-6.368750095367432,0.26005804538726807,108.09246826171875,0.2532380521297455
179621,2,0.01815968193113804,-5.155429363250732,-6.042322635650635,0.3162783980369568,108.04852294921875,0.28002849221229553
179641,2,0.33595341444015503,-4.644590377807617,-5.521190166473389,0.31480714678764343,107.98263549804688,0.23537619411945343
179661,2,1.0251758098602295,-4.122259616851807,-4.150399208068848,0.15735572576522827,107.93869018554688,0.14607475697994232
179681,2,1.7406286001205444,-3.5901050567626953,-3.094512939453125,0.06277884542942047,107.916748046875,0.13076438009738922
179701,2,2.4154064655303955,-3.0526010990142822,-2.8717896938323975,0.12790535390377045,107.894775390625,0.10014674812555313
179721,2,3.121354341506958,-2.5050573348999023,-2.1120951175689697,0.09431308507919312,107.894775390625,0.11545556038618088
179741,2,3.4460911750793457,-1.950722098350525,-1.5806694030761719,0.08750022202730179,107.894775390625,0.09929625689983368
179761,2,4.114091873168945,-1.3944060802459717,-1.4033466577529907,0.16314278542995453,107.894775390625,0.05209406837821007
179781,2,4.781298637390137,-0.8335219025611877,0.5705875158309937,-0.1165628507733345,107.916748046875,0.04954259842634201
179801,2,5.428450584411621,-0.269465833902359,0.35493892431259155,0.033032745122909546,107.916748046875,0.02530207298696041
179821,2,6.096672058105469,0.29830729961395264,1.041300654411316,0.003062554867938161,107.916748046875,-0.02530207298696041
179841,2,6.384846210479736,0.8668764233589172,1.1160520315170288,0.08042696118354797,107.916748046875,0.0036145818885415792
179861,2,6.994128227233887,1.4362952709197998,1.6275792121887207,0.0917431116104126,107.98263549804688,0.04741637408733368
179881,2,7.585578918457031,2.000148057937622,1.7583646774291992,0.16685564815998077,108.00460815429688,-0.04656431823968887
179901,2,8.181757926940918,2.561368942260742,3.2384302616119385,-0.013292812742292881,108.11444091796875,0.03508426994085312
179921,2,8.736185073852539,3.11673903465271,1.9701437950134277,0.3503822386264801,108.13638305664062,0.14777573943138123
179941,2,9.022714614868164,3.6654739379882812,1.991018533706665,0.4585898816585541,108.224365234375,0.29151010513305664
179961,2,9.544549942016602,4.204117298126221,2.15834641456604,0.5494812726974487,108.29025268554688,0.3565741181373596
179981,2,10.03976058959961,4.734964370727539,2.443021059036255,0.6199169158935547,108.37814331054688,0.45948341488838196
180001,2,10.502237319946289,5.257158279418945,3.1691176891326904,0.5953521132469177,108.44403076171875,0.36550426483154297
180021,2,10.704303741455078,5.768060684204102,4.612678527832031,0.4141477644443512,108.53201293945312,0.3901684880256653
180041,2,11.12197208404541,6.268446922302246,4.938075065612793,0.4561065137386322,108.619873046875,0.2953372895717621
180061,2,11.504570960998535,6.752920627593994,5.179049015045166,0.5123965740203857,108.72970581054688,0.310646116733551
180081,2,11.866307258605957,7.2216691970825195,5.949742794036865,0.46047675609588623,108.86148071289062,0.3327588438987732
180101,2,12.179637908935547,7.675297260284424,6.559086322784424,0.4401620626449585,109.03732299804688,0.4063277840614319
180121,2,12.318058967590332,8.112005233764648,6.623851776123047,0.5136507153511047,109.16912841796875,0.3616770803928375
180141,2,12.584697723388672,8.531987190246582,6.653721809387207,0.6021459102630615,109.344970703125,0.42801526188850403
180161,2,12.817901611328125,8.931520462036133,7.392212867736816,0.5467057228088379,109.54266357421875,0.4263142943382263
180181,2,13.006355285644531,9.310873031616211,8.261781692504883,0.4545193016529083,109.76242065429688,0.3676304817199707
180201,2,13.166299819946289,9.668954849243164,8.667027473449707,0.4470808506011963,109.96023559570312,0.3251044452190399
180221,2,13.228099822998047,10.00478458404541,9.891711235046387,0.26873520016670227,110.17987060546875,0.2813042104244232
180241,2,13.32650089263916,10.318501472473145,9.72630786895752,0.35984933376312256,110.377685546875,0.258340984582901
180261,2,13.388885498046875,10.608943939208984,9.76877498626709,0.40514588356018066,110.61929321289062,0.28853338956832886
180281,2,13.411808013916016,10.874906539916992,11.480634689331055,0.11126189678907394,110.88299560546875,0.17286519706249237
180301,2,13.400495529174805,11.11603832244873,11.988020896911621,0.04370952025055885,111.102783203125,0.12268472462892532
180321,2,13.347325325012207,11.331697463989258,12.238042831420898,0.02195345237851143,111.30047607421875,0.0899408683180809
180341,2,13.310349464416504,11.521353721618652,11.479105949401855,0.19385220110416412,111.54220581054688,0.10184772312641144
180361,2,13.20122241973877,11.683894157409668,11.85401439666748,0.14134010672569275,111.827880859375,0.11545556038618088
180381,2,13.05357551574707,11.820466995239258,12.092497825622559,0.10847732424736023,112.09156799316406,0.13799510896205902
180401,2,12.871501922607422,11.929750442504883,11.602428436279297,0.21198317408561707,112.31134033203125,0.11800703406333923
180421,2,12.641963958740234,12.010859489440918,13.911314964294434,-0.23912107944488525,112.64093017578125,0.05549602583050728
180441,2,12.52491283416748,12.06410026550293,10.010186195373535,0.5362866520881653,112.72879028320312,0.23877815902233124
180461,2,12.243937492370605,12.087459564208984,12.286574363708496,0.0693836435675621,113.05839538574219,0.006591296289116144
180481,2,11.915794372558594,12.083878517150879,11.745304107666016,0.17458774149417877,113.23423767089844,0.18392156064510345
180501,2,11.581088066101074,12.053332328796387,10.459041595458984,0.41215330362319946,113.47586059570312,0.1618088185787201
180521,2,11.184925079345703,11.993542671203613,14.040058135986328,-0.31971365213394165,113.87135314941406,0.016797175630927086
180541,2,10.99558162689209,11.905566215515137,9.476945877075195,0.5692816972732544,113.893310546875,0.2298480123281479
180561,2,10.565604209899902,11.787664413452148,14.978408813476562,-0.5664743185043335,114.37678527832031,-0.1452227085828781
180581,2,10.090145111083984,11.643630027770996,10.896286964416504,0.2072184681892395,114.42071533203125,0.13884559273719788
180601,2,9.581024169921875,11.473047256469727,12.761330604553223,-0.23309333622455597,114.72834777832031,-0.19965562224388123
180621,2,9.063620567321777,11.27383041381836,12.46517562866211,-0.21843992173671722,114.94801330566406,0.006166051607578993
180641,2,8.802597045898438,11.048295974731445,9.194753646850586,0.38659900426864624,115.05795288085938,0.17073896527290344
180661,2,8.23945140838623,10.793667793273926,12.348045349121094,-0.30844172835350037,115.43147277832031,-0.06570190191268921
180681,2,7.637757778167725,10.515292167663574,10.728034973144531,-0.04821952059864998,115.56327819824219,0.035509515553712845
180701,2,7.032253742218018,10.214414596557617,10.31002426147461,-0.03323433920741081,115.73910522460938,0.03125706687569618
180721,2,6.377764701843262,9.887051582336426,8.881120681762695,0.16595469415187836,115.91484069824219,-0.02530207298696041
180741,2,6.069882392883301,9.535168647766113,9.298612594604492,0.013793393969535828,116.13459777832031,-0.04656431823968887
180761,2,5.406786918640137,9.160357475280762,9.203241348266602,-0.0580439418554306,116.33229064941406,-0.0997214987874031
180781,2,4.716623783111572,8.763031959533691,8.48957347869873,-0.0063575925305485725,116.50813293457031,-0.03338172659277916
180801,2,4.011063575744629,8.346667289733887,8.500096321105957,-0.09741315990686417,116.70582580566406,0.022325359284877777
180821,2,3.2933900356292725,7.907357215881348,8.234170913696289,-0.13700827956199646,116.90362548828125,0.00021262247173581272
180841,2,2.955350637435913,7.45179557800293,7.878354549407959,-0.1462836116552353,117.01345825195312,0.044439658522605896
180861,2,2.2348105907440186,6.974430561065674,7.092029571533203,-0.09389141947031021,117.14535522460938,-0.035082705318927765
180881,2,1.4867091178894043,6.479977607727051,6.666464328765869,-0.1181267648935318,117.27716064453125,-0.0486905463039875
180901,2,0.7672029137611389,5.9722418785095215,7.1537275314331055,-0.3319755494594574,117.36502075195312,-0.18519729375839233
180921,2,0.0023629923816770315,5.4478349685668945,5.575065612792969,-0.13949239253997803,117.49691772460938,-0.1303391307592392
180941,2,-0.3436928689479828,4.909477233886719,5.13203763961792,-0.15418194234371185,117.56282043457031,-0.15117613971233368
180961,2,-1.1030563116073608,4.35401725769043,5.2860894203186035,-0.3077392280101776,117.65068054199219,-0.17286519706249237
180981,2,-1.8554567098617554,3.7899465560913086,4.138224124908447,-0.20499548316001892,117.69473266601562,-0.14947515726089478
181001,2,-2.579261064529419,3.2199859619140625,3.274508476257324,-0.1602933555841446,117.71669006347656,-0.17626714706420898
181021,2,-3.325658082962036,2.639423370361328,2.8245701789855957,-0.19615410268306732,117.73866271972656,-0.16818749904632568
181041,2,-3.670413017272949,2.051694393157959,2.2485406398773193,-0.19002029299736023,117.7606201171875,-0.12013325840234756
181061,2,-4.38160514831543,1.454910159111023,1.4996047019958496,-0.16790810227394104,117.7606201171875,-0.14904990792274475
181081,2,-5.098912239074707,0.8569289445877075,1.6939927339553833,-0.3373434543609619,117.73866271972656,-0.22559556365013123
181101,2,-5.814047336578369,0.25786593556404114,0.5339003801345825,-0.24287308752536774,117.69473266601562,-0.2796032428741455
181121,2,-6.492577075958252,-0.3453338146209717,-0.08653222769498825,-0.24407878518104553,117.67265319824219,-0.14692369103431702
181141,2,-6.853831768035889,-0.9479394555091858,-0.8475691080093384,-0.20530487596988678,117.62872314453125,-0.1877487599849701
181161,2,-7.523334980010986,-1.5492712259292603,-1.948244333267212,-0.10990636795759201,117.58479309082031,-0.1562790721654892
181181,2,-8.143858909606934,-2.1483047008514404,-1.8993407487869263,-0.23601461946964264,117.56282043457031,-0.13161486387252808
181201,2,-8.747325897216797,-2.741964101791382,-1.7667838335037231,-0.380229651927948,117.49691772460938,-0.16436029970645905
181221,2,-9.026653289794922,-3.3297159671783447,-3.141227960586548,-0.21432635188102722,117.40895080566406,-0.1516013741493225
181241,2,-9.588072776794434,-3.9132983684539795,-3.161348342895508,-0.3315873146057129,117.29911804199219,-0.21028675138950348
181261,2,-10.119357109069824,-4.484771251678467,-3.776893377304077,-0.3258432447910309,117.21125793457031,-0.215389683842659
181281,2,-10.627874374389648,-5.044144630432129,-3.9900104999542236,-0.401591956615448,117.07936096191406,-0.27832749485969543
181301,2,-11.109907150268555,-5.593807697296143,-5.494420528411865,-0.2122432142496109,117.01345825195312,-0.18349631130695343
181321,2,-11.325969696044922,-6.129270076751709,-5.252470970153809,-0.35384711623191833,116.90362548828125,-0.1749914139509201
181341,2,-11.756372451782227,-6.653082370758057,-5.341754913330078,-0.44675320386886597,116.749755859375,-0.310220867395401
181361,2,-12.131487846374512,-7.159389972686768,-6.627866268157959,-0.29786521196365356,116.61796569824219,-0.2876828908920288
181381,2,-12.462949752807617,-7.651839733123779,-6.4773430824279785,-0.42627662420272827,116.50813293457031,-0.2685452997684479
181401,2,-12.77707290649414,-8.125402450561523,-7.13290548324585,-0.39386266469955444,116.35426330566406,-0.2774769961833954
181421,2,-13.06117057800293,-8.57921314239502,-7.675774097442627,-0.37915709614753723,116.15657043457031,-0.24898403882980347
181441,2,-13.178459167480469,-9.012556076049805,-7.866036891937256,-0.42308610677719116,116.00270080566406,-0.26812005043029785
181461,2,-13.400708198547363,-9.425639152526855,-9.31411075592041,-0.218040332198143,115.80500793457031,-0.25025975704193115
181481,2,-13.584300994873047,-9.814979553222656,-9.472585678100586,-0.26200070977211,115.60720825195312,-0.22389458119869232
181501,2,-13.713776588439941,-10.18077564239502,-9.292279243469238,-0.36756831407546997,115.40951538085938,-0.28172945976257324
181521,2,-13.81432819366455,-10.521815299987793,-9.360530853271484,-0.42007216811180115,115.21170043945312,-0.27875274419784546
181541,2,-13.876077651977539,-10.837807655334473,-10.318988800048828,-0.2862301170825958,115.01400756835938,-0.21751591563224792
181561,2,-13.889732360839844,-11.127732276916504,-9.561929702758789,-0.48958849906921387,114.79425048828125,-0.2494092732667923
181581,2,-13.886716842651367,-11.390603065490723,-10.069343566894531,-0.445882111787796,114.53054809570312,-0.361675500869751
181601,2,-13.83903980255127,-11.625691413879395,-10.030097007751465,-0.5046434998512268,114.28892517089844,-0.3650774657726288
181621,2,-13.752418518066406,-11.832406044006348,-11.583908081054688,-0.235127255320549,114.04718017578125,-0.2447315901517868
181641,2,-13.618956565856934,-12.0103759765625,-12.48143196105957,-0.08062251657247543,113.73956298828125,-0.15287712216377258
181661,2,-13.54041576385498,-12.158882141113281,-12.275558471679688,-0.14133118093013763,113.49781799316406,-0.15202662348747253
181681,2,-13.348865509033203,-12.277581214904785,-12.557567596435547,-0.09204617887735367,113.23423767089844,-0.05549602583050728
181701,2,-13.108729362487793,-12.365822792053223,-11.556367874145508,-0.28883036971092224,113.03642272949219,-0.08228645473718643
181721,2,-12.836467742919922,-12.424532890319824,-13.270769119262695,0.03772975131869316,112.68486022949219,-0.12438570708036423
181741,2,-12.514634132385254,-12.451667785644531,-10.664735794067383,-0.46152812242507935,112.57504272460938,-0.14224599301815033
181761,2,-12.347923278808594,-12.447953224182129,-15.172569274902344,0.43085989356040955,112.15757751464844,-0.0036145818885415792
181781,2,-11.973597526550293,-12.413116455078125,-10.476740837097168,-0.4658569097518921,112.11354064941406,-0.0703795999288559
181801,2,-11.55875015258789,-12.347162246704102,-13.49802303314209,0.15547116100788116,111.69595336914062,-0.01764766499400139
181821,2,-11.105623245239258,-12.251967430114746,-10.401851654052734,-0.4252088665962219,111.56417846679688,-0.1613820195198059
181841,2,-10.620769500732422,-12.12508773803711,-13.605527877807617,0.25124281644821167,111.16867065429688,0.02104962430894375
181861,2,-10.375082015991211,-11.96762752532959,-11.871845245361328,-0.06410707533359528,110.99282836914062,-0.0997214987874031
181881,2,-9.839726448059082,-11.779668807983398,-11.179698944091797,-0.15418706834316254,110.751220703125,-0.11120311170816422
181901,2,-9.27747631072998,-11.561834335327148,-12.09078598022461,0.0905078575015068,110.46554565429688,0.03508426994085312
181921,2,-8.72603988647461,-11.315415382385254,-12.08276653289795,0.14832867681980133,110.17987060546875,0.0006378673715516925
181941,2,-8.121617317199707,-11.03948974609375,-12.40254020690918,0.2824748158454895,109.93814086914062,0.052519313991069794
181961,2,-7.447760105133057,-10.736515998840332,-11.709935188293457,0.23124249279499054,109.76242065429688,0.13799510896205902
181981,2,-7.143024444580078,-10.405802726745605,-12.467263221740723,0.4585728049278259,109.56460571289062,0.2715235650539398
182001,2,-6.450075149536133,-10.048340797424316,-12.0358247756958,0.47959762811660767,109.36691284179688,0.34211423993110657
182021,2,-5.744225978851318,-9.665108680725098,-10.49098014831543,0.27537184953689575,109.16912841796875,0.22389458119869232
182041,2,-5.0139594078063965,-9.258810043334961,-9.042173385620117,0.08678954839706421,108.993408203125,0.11120311170816422
182061,2,-4.271108150482178,-8.826944351196289,-8.348685264587402,0.05031123012304306,108.83953857421875,0.11885752528905869
182081,2,-3.899531364440918,-8.375276565551758,-7.545335292816162,-0.026620185002684593,108.68576049804688,0.029981331899762154
182101,2,-3.14957594871521,-7.895164489746094,-7.3312764167785645,0.0324123315513134,108.553955078125,0.04869210720062256
182121,2,-2.3617286682128906,-7.3971452713012695,-6.97425651550293,0.06940499693155289,108.42205810546875,0.06655239313840866
182141,2,-1.5783356428146362,-6.882079124450684,-5.8078742027282715,-0.05593631789088249,108.29025268554688,-0.037208929657936096
182161,2,-0.7911597490310669,-6.3483405113220215,-6.080262660980225,0.10796468704938889,108.202392578125,0.015521439723670483
182181,2,-0.423685222864151,-5.798106670379639,-6.324897766113281,0.25701579451560974,108.13638305664062,0.13118962943553925
182201,2,0.3789931833744049,-5.2311882972717285,-5.686276435852051,0.25691163539886475,108.09246826171875,0.14947672188282013
182221,2,1.1803441047668457,-4.6534318923950195,-5.321903705596924,0.31475743651390076,108.04852294921875,0.22304409742355347
182241,2,1.9680578708648682,-4.062924861907959,-4.559729099273682,0.2948748469352722,108.04852294921875,0.1992303729057312
182261,2,2.774351119995117,-3.4582159519195557,-2.868377447128296,0.08844584226608276,108.00460815429688,0.1354420781135559
182281,2,3.1478655338287354,-2.8468925952911377,-2.345860481262207,0.08901821821928024,107.98263549804688,0.06867861747741699
182301,2,3.910367488861084,-2.2243616580963135,-1.0311129093170166,-0.051219552755355835,107.96066284179688,-0.015521439723670483
182321,2,4.700798988342285,-1.5940834283828735,-0.592024564743042,-0.016507713124155998,107.96066284179688,-0.010843745432794094
182341,2,5.417577266693115,-0.9598292112350464,-0.04387511685490608,-0.004648282658308744,107.98263549804688,0.014245704747736454
182361,2,6.12308931350708,-0.32109856605529785,-0.2898579239845276,0.16633442044258118,108.00460815429688,0.0542202927172184
182381,2,6.823565483093262,0.31826648116111755,0.482707679271698,0.14063957333564758,108.07049560546875,0.10695066303014755
182401,2,7.159049987792969,0.9568642377853394,0.651533305644989,0.22039781510829926,108.11444091796875,0.14607475697994232
182421,2,7.845503330230713,1.5945278406143188,1.3242075443267822,0.2151283323764801,108.13638305664062,0.13289059698581696
182441,2,8.511816024780273,2.2260003089904785,1.450130820274353,0.318672239780426,108.202392578125,0.1392708420753479
182461,2,9.166434288024902,2.853693723678589,1.6831285953521729,0.40559446811676025,108.268310546875,0.27067309617996216
182481,2,9.772884368896484,3.4765443801879883,2.4808733463287354,0.3738037347793579,108.29025268554688,0.12906339764595032
182501,2,10.038420677185059,4.091183185577393,3.3103690147399902,0.3227776885032654,108.35617065429688,0.17881861329078674
182521,2,10.609074592590332,4.69932746887207,3.672729253768921,0.38490623235702515,108.44403076171875,0.3391375243663788
182541,2,11.142752647399902,5.293006420135498,4.28415584564209,0.3915764093399048,108.53201293945312,0.3285064101219177
182561,2,11.641535758972168,5.8724236488342285,4.1274094581604,0.5485742688179016,108.619873046875,0.36678001284599304
182581,2,12.097684860229492,6.438582420349121,4.645391941070557,0.5726586580276489,108.75164794921875,0.43141722679138184
182601,2,12.300726890563965,6.9889421463012695,4.8812055587768555,0.6420387029647827,108.88345336914062,0.4769200086593628
182621,2,12.697526931762695,7.523638725280762,6.527040004730225,0.432779461145401,109.01535034179688,0.3791121244430542
182641,2,13.071109771728516,8.038119316101074,7.122288703918457,0.4187491834163666,109.16912841796875,0.28640714287757874
182661,2,13.390179634094238,8.531770706176758,7.953765869140625,0.35223618149757385,109.322998046875,0.3072441518306732
182681,2,13.66463565826416,9.004733085632324,8.239036560058594,0.3854720890522003,109.45477294921875,0.2396286427974701
182701,2,13.782414436340332,9.45504093170166,8.638589859008789,0.3871902823448181,109.630615234375,0.24983608722686768
182721,2,13.989015579223633,9.882254600524902,8.647235870361328,0.46889621019363403,109.82830810546875,0.310220867395401
182741,2,14.161566734313965,10.283553123474121,9.43466567993164,0.3942034840583801,110.026123046875,0.34168899059295654
182761,2,14.279516220092773,10.658683776855469,10.831206321716309,0.1873190999031067,110.24578857421875,0.24218010902404785
182781,2,14.355116844177246,11.006481170654297,11.113557815551758,0.19159077107906342,110.44357299804688,0.2039080709218979
182801,2,14.373502731323242,11.326042175292969,10.763612747192383,0.3128577768802643,110.64126586914062,0.19710415601730347
182821,2,14.377881050109863,11.616662979125977,11.10654354095459,0.28955361247062683,110.88299560546875,0.14352329075336456
182841,2,14.336501121520996,11.87743091583252,11.065834999084473,0.33626654744148254,111.080810546875,0.16733700037002563
182861,2,14.24709701538086,12.107258796691895,11.327437400817871,0.3191123306751251,111.30047607421875,0.14607475697994232
182881,2,14.107583999633789,12.305907249450684,11.027205467224121,0.4110661447048187,111.56417846679688,0.2549390196800232
182901,2,14.029653549194336,12.472818374633789,11.360797882080078,0.3774361312389374,111.783935546875,0.23112374544143677
182921,2,13.823622703552246,12.60720157623291,11.685989379882812,0.33096006512641907,112.02555847167969,0.17881861329078674
182941,2,13.572073936462402,12.70949935913086,12.394808769226074,0.2079462856054306,112.31134033203125,0.2715235650539398
182961,2,13.280854225158691,12.778523445129395,12.449642181396484,0.20622016489505768,112.59700012207031,0.2659953832626343
182981,2,12.933090209960938,12.813529014587402,12.71478271484375,0.15108218789100647,112.838623046875,0.19667890667915344
183001,2,12.75673770904541,12.814635276794434,13.126333236694336,0.06295393407344818,113.08036804199219,0.11503031849861145
183021,2,12.352618217468262,12.779948234558105,11.747886657714844,0.32446956634521484,113.25619506835938,0.27875274419784546
183041,2,11.899731636047363,12.713294982910156,13.036430358886719,0.03640783578157425,113.58580017089844,0.058047495782375336
183061,2,11.416966438293457,12.614571571350098,11.258058547973633,0.36344000697135925,113.71759033203125,0.25578951835632324
183081,2,10.886289596557617,12.480981826782227,13.917745590209961,-0.20994548499584198,114.09112548828125,-0.05039152503013611
183101,2,10.635268211364746,12.314606666564941,10.99501895904541,0.33701348304748535,114.22291564941406,0.15500490367412567
183121,2,10.055238723754883,12.112719535827637,13.78174114227295,-0.28130844235420227,114.64048767089844,-0.15542858839035034
183141,2,9.436306953430176,11.881044387817383,11.527206420898438,0.11696434020996094,114.77227783203125,0.16563603281974792
183161,2,8.78148078918457,11.619043350219727,9.92259407043457,0.3470945954322815,114.969970703125,0.009142765775322914
183181,2,8.116866111755371,11.32434368133545,12.971514701843262,-0.32072192430496216,115.29957580566406,-0.03763417527079582
183201,2,7.7900919914245605,11.000081062316895,11.344903945922852,-0.06235950067639351,115.45344543457031,0.027003053575754166
183221,2,7.064631938934326,10.64828872680664,10.085397720336914,0.10184342414140701,115.65113830566406,0.04061245545744896
183241,2,6.314249038696289,10.26349925994873,10.035442352294922,0.014778128825128078,115.87089538574219,-0.03678368777036667
183261,2,5.577713489532471,9.851473808288574,9.514412879943848,0.019532393664121628,116.09066772460938,-0.035082705318927765
183281,2,4.775843620300293,9.41380786895752,10.686566352844238,-0.31257733702659607,116.35426330566406,-0.06740288436412811
183301,2,4.374638557434082,8.95287799835205,10.392684936523438,-0.34367799758911133,116.53009033203125,-0.055921271443367004
183321,2,3.5870697498321533,8.460339546203613,9.652874946594238,-0.3143076002597809,116.68385314941406,-0.16223250329494476
183341,2,2.7648208141326904,7.948549747467041,9.186028480529785,-0.3472568094730377,116.81576538085938,-0.23580144345760345
183361,2,1.9144437313079834,7.417224407196045,7.56762170791626,-0.15455125272274017,116.96952819824219,-0.14904990792274475
183381,2,1.0818852186203003,6.862577438354492,6.860628604888916,-0.13716362416744232,117.101318359375,-0.07505729049444199
183401,2,0.6933260560035706,6.289844512939453,6.4683918952941895,-0.1668197363615036,117.21125793457031,-0.09759527444839478
183421,2,-0.1494494080543518,5.695613861083984,6.5355119705200195,-0.3121235966682434,117.29911804199219,-0.15925578773021698
183441,2,-1.0224424600601196,5.088304042816162,5.480324745178223,-0.23889069259166718,117.38699340820312,-0.16010628640651703
183461,2,-1.833479404449463,4.462915897369385,4.2493672370910645,-0.12549827992916107,117.47496032714844,-0.107801154255867
183481,2,-2.6993634700775146,3.8305883407592773,3.472235679626465,-0.10333413630723953,117.51889038085938,-0.08909037709236145
183501,2,-3.094593048095703,3.186164140701294,3.2153589725494385,-0.16535818576812744,117.56282043457031,-0.07803400605916977
183521,2,-3.9274797439575195,2.5312092304229736,2.697751760482788,-0.19872035086154938,117.58479309082031,-0.10992737859487534
183541,2,-4.751246452331543,1.8715801239013672,1.7845535278320312,-0.15767711400985718,117.56282043457031,-0.1303391307592392
183561,2,-5.558209419250488,1.2051067352294922,0.37916070222854614,-0.011855632066726685,117.58479309082031,-0.030830256640911102
183581,2,-6.339584827423096,0.5320385694503784,-0.17769372463226318,-0.033002883195877075,117.56282043457031,-0.04443809390068054
183601,2,-6.705393314361572,-0.143185555934906,-0.36642250418663025,-0.10980039834976196,117.58479309082031,-0.035082705318927765
183621,2,-7.457612991333008,-0.8192804455757141,-0.2653265595436096,-0.2654338777065277,117.56282043457031,-0.09461855888366699
183641,2,-8.20669174194336,-1.4953734874725342,-1.5012195110321045,-0.16114161908626556,117.51889038085938,-0.15925578773021698
183661,2,-8.88503360748291,-2.164360761642456,-1.5795568227767944,-0.28547170758247375,117.452880859375,-0.2251703143119812
183681,2,-9.573797225952148,-2.830537796020508,-2.584731101989746,-0.22448000311851501,117.43092346191406,-0.2073100358247757
183701,2,-9.885943412780762,-3.4904212951660156,-2.324636220932007,-0.39811187982559204,117.38699340820312,-0.22644604742527008
183721,2,-10.51274585723877,-4.145005702972412,-3.2985730171203613,-0.3442256450653076,117.27716064453125,-0.27535077929496765
183741,2,-11.107032775878906,-4.786057472229004,-3.6602442264556885,-0.4106311500072479,117.16732788085938,-0.3178752660751343
183761,2,-11.673726081848145,-5.413333415985107,-3.877089023590088,-0.5029147863388062,117.07936096191406,-0.33531031012535095
183781,2,-12.187477111816406,-6.0280842781066895,-4.498412132263184,-0.5120128393173218,116.96952819824219,-0.36125025153160095
183801,2,-12.415555000305176,-6.627510070800781,-4.483400821685791,-0.6331672668457031,116.85969543457031,-0.3905937373638153
183821,2,-12.863289833068848,-7.2113189697265625,-5.395798206329346,-0.5816683173179626,116.70582580566406,-0.42844051122665405
183841,2,-13.28169059753418,-7.774282932281494,-6.037201404571533,-0.5749597549438477,116.57403564453125,-0.362525999546051
183861,2,-13.649357795715332,-8.317140579223633,-6.5211873054504395,-0.5971189737319946,116.376220703125,-0.42673954367637634
183881,2,-13.976123809814453,-8.837332725524902,-7.15102481842041,-0.584648072719574,116.20050048828125,-0.3969723880290985
183901,2,-14.113130569458008,-9.334331512451172,-7.698460102081299,-0.5769179463386536,115.95877075195312,-0.4343939423561096
183921,2,-14.362014770507812,-9.806453704833984,-8.57310676574707,-0.5039783716201782,115.71714782714844,-0.4199356138706207
183941,2,-14.565380096435547,-10.252226829528809,-10.686168670654297,-0.17214271426200867,115.47540283203125,-0.3178752660751343
183961,2,-14.715394973754883,-10.66977596282959,-11.223090171813965,-0.13168883323669434,115.27760314941406,-0.0963195413351059
183981,2,-14.820322036743164,-11.05915355682373,-11.073922157287598,-0.22075669467449188,115.07991027832031,-0.07930974662303925
184001,2,-14.850139617919922,-11.41852855682373,-11.341601371765137,-0.2178920954465866,114.83818054199219,-0.10099723190069199
184021,2,-14.876004219055176,-11.74721622467041,-11.560091018676758,-0.23928679525852203,114.64048767089844,-0.21028675138950348
184041,2,-14.850674629211426,-12.043844223022461,-11.045412063598633,-0.3674081861972809,114.39875793457031,0.0031893369741737843
184061,2,-14.772876739501953,-12.307762145996094,-15.314435958862305,0.4204532504081726,113.98129272460938,-0.09249233454465866
184081,2,-14.644950866699219,-12.537973403930664,-9.616844177246094,-0.7168541550636292,113.93736267089844,-0.10312345623970032
184101,2,-14.566730499267578,-12.733924865722656,-16.54073715209961,0.6297832727432251,113.38798522949219,0.1409718245267868
184121,2,-14.365997314453125,-12.893911361694336,-10.916723251342773,-0.5033487677574158,113.32209777832031,-0.20603430271148682
184141,2,-14.10478687286377,-13.019085884094238,-12.804702758789062,-0.12229116261005402,112.94856262207031,0.029981331899762154
184161,2,-13.809205055236816,-13.108372688293457,-14.356786727905273,0.16483446955680847,112.68486022949219,-0.12948864698410034
184181,2,-13.444798469543457,-13.161781311035156,-10.241883277893066,-0.6278935074806213,112.55307006835938,-0.11077786982059479
184201,2,-13.270808219909668,-13.178579330444336,-15.855259895324707,0.4736543595790863,112.09156799316406,-0.01467095036059618
184221,2,-12.84274959564209,-13.158172607421875,-10.309000968933105,-0.5917856097221375,112.06959533691406,-0.10057199001312256
184241,2,-12.37790298461914,-13.101394653320312,-15.201021194458008,0.39949047565460205,111.52023315429688,0.0980205163359642
184261,2,-11.860633850097656,-13.009450912475586,-9.953397750854492,-0.6106462478637695,111.454345703125,-0.2124129682779312
184281,2,-11.304876327514648,-12.8800048828125,-14.844817161560059,0.4014348089694977,110.99282836914062,0.081861212849617
184301,2,-11.032089233398438,-12.714228630065918,-11.629570007324219,-0.21483631432056427,110.90496826171875,-0.19965562224388123
184321,2,-10.419173240661621,-12.509543418884277,-11.180667877197266,-0.23334191739559174,110.61929321289062,0.024026338011026382
184341,2,-9.7586030960083,-12.27211856842041,-13.728425979614258,0.3224003314971924,110.31179809570312,0.014245704747736454
184361,2,-9.088483810424805,-12.002979278564453,-10.603920936584473,-0.2295968383550644,110.17987060546875,-0.08313694596290588
184381,2,-8.354302406311035,-11.697978019714355,-11.493062973022461,0.035061269998550415,109.93814086914062,0.08611366152763367
184401,2,-8.00589656829834,-11.359495162963867,-10.827107429504395,-0.031905729323625565,109.71847534179688,0.015946684405207634
184421,2,-7.248541355133057,-10.98496150970459,-11.724050521850586,0.23479729890823364,109.45477294921875,0.08696415275335312
184441,2,-6.44503927230835,-10.582416534423828,-11.234896659851074,0.23850899934768677,109.257080078125,0.14990197122097015
184461,2,-5.64243745803833,-10.152213096618652,-10.47107219696045,0.19392956793308258,109.08126831054688,0.1796691119670868
184481,2,-4.772900104522705,-9.690632820129395,-11.030255317687988,0.42269933223724365,108.86148071289062,0.2379276603460312
184501,2,-4.310318470001221,-9.204509735107422,-10.758401870727539,0.47554564476013184,108.70773315429688,0.2919353246688843
184521,2,-3.4420108795166016,-8.687578201293945,-9.074934959411621,0.2673777639865875,108.553955078125,0.19795463979244232
184541,2,-2.575207233428955,-8.14896011352539,-8.992937088012695,0.37482717633247375,108.40008544921875,0.20858576893806458
184561,2,-1.658632755279541,-7.583156108856201,-8.351702690124512,0.3776246905326843,108.29025268554688,0.17754288017749786
184581,2,-1.2315092086791992,-6.998531341552734,-6.750875949859619,0.16854776442050934,108.18045043945312,0.1061001718044281
184601,2,-0.3550473153591156,-6.389134407043457,-4.639313220977783,-0.1292341649532318,108.07049560546875,-0.00956801138818264
184621,2,0.5592901110649109,-5.76108455657959,-4.7242841720581055,0.0088739525526762,108.00460815429688,-0.04443809390068054
184641,2,1.4423635005950928,-5.119453430175781,-4.24406099319458,0.04038125276565552,107.93869018554688,0.010843745432794094
184661,2,2.3589913845062256,-4.45978307723999,-3.6263370513916016,0.04776959866285324,107.850830078125,-0.008292276412248611
184681,2,2.794097900390625,-3.7855522632598877,-3.036339521408081,0.047989945858716965,107.82888793945312,0.09504380822181702
184701,2,3.667646884918213,-3.0999412536621094,-2.3827991485595703,0.05291271582245827,107.78482055664062,0.022750603035092354
184721,2,4.551512241363525,-2.4042115211486816,-1.9647681713104248,0.10548864305019379,107.74090576171875,0.015521439723670483
184741,2,5.419070720672607,-1.7028999328613281,-1.1826366186141968,0.09465323388576508,107.76287841796875,0.11673129349946976
184761,2,6.254672050476074,-0.993557870388031,-0.9418221712112427,0.18939156830310822,107.74090576171875,0.10269821435213089
184781,2,6.648069381713867,-0.28088828921318054,0.08192002773284912,0.10951186716556549,107.76287841796875,0.09717003256082535
184801,2,7.456352710723877,0.4340440034866333,-0.35826733708381653,0.3458302617073059,107.78482055664062,0.24345585703849792
184821,2,8.247072219848633,1.1490319967269897,0.5924138426780701,0.3106258511543274,107.80679321289062,0.26727113127708435
184841,2,8.992697715759277,1.8584084510803223,0.8294124603271484,0.4097355008125305,107.80679321289062,0.245158389210701
184861,2,9.737418174743652,2.5654542446136475,2.1218152046203613,0.30489036440849304,107.872802734375,0.2872576415538788
184881,2,10.065483093261719,3.2670609951019287,2.0105581283569336,0.45710688829421997,107.93869018554688,0.28002849221229553
184901,2,10.73000717163086,3.959760904312134,3.517925500869751,0.29964548349380493,108.00460815429688,0.2170906662940979
184921,2,11.380782127380371,4.642780303955078,4.425045490264893,0.2616298794746399,108.09246826171875,0.2659953832626343
184941,2,11.966601371765137,5.310746669769287,4.580469131469727,0.3586723506450653,108.15835571289062,0.1588321030139923
184961,2,12.537811279296875,5.96581506729126,4.741039752960205,0.460482120513916,108.268310546875,0.283855676651001
184981,2,12.773569107055664,6.604953289031982,4.908061981201172,0.5494520664215088,108.37814331054688,0.37485966086387634
185001,2,13.303505897521973,7.227963447570801,5.152782917022705,0.6376639008522034,108.53201293945312,0.3956966698169708
185021,2,13.711601257324219,7.8282790184021,5.327455997467041,0.7329911589622498,108.66378784179688,0.44459983706474304
185041,2,14.094276428222656,8.405635833740234,6.617972373962402,0.6070433259010315,108.83953857421875,0.48925212025642395
185061,2,14.450690269470215,8.960834503173828,7.470491409301758,0.5592774152755737,109.01535034179688,0.4339686930179596
185081,2,14.591068267822266,9.491436958312988,7.585684776306152,0.6454823017120361,109.23501586914062,0.4935045540332794
185101,2,14.854416847229004,9.996392250061035,8.813576698303223,0.5069989562034607,109.41085815429688,0.3948461711406708
185121,2,15.07066535949707,10.471887588500977,10.09160327911377,0.347226083278656,109.630615234375,0.3268054127693176
185141,2,15.222249031066895,10.917337417602539,9.531475067138672,0.540151059627533,109.85028076171875,0.3165995478630066
185161,2,15.329305648803711,11.331501960754395,10.638374328613281,0.39903658628463745,110.07003784179688,0.32552969455718994
185181,2,15.356879234313965,11.713547706604004,10.732827186584473,0.44669052958488464,110.355712890625,0.30596840381622314
185201,2,15.376607894897461,12.062013626098633,11.377169609069824,0.3807527422904968,110.59735107421875,0.2872576415538788
185221,2,15.340384483337402,12.375782012939453,12.440903663635254,0.2261776328086853,110.90496826171875,0.2727993130683899
185241,2,15.247675895690918,12.654006004333496,13.42530632019043,0.06673746556043625,111.124755859375,0.11503031849861145
185261,2,15.09692668914795,12.895512580871582,12.65436840057373,0.25060659646987915,111.30047607421875,0.1796691119670868
185281,2,15.006692886352539,13.099750518798828,13.957358360290527,0.007708205841481686,111.63006591796875,-0.027428297325968742
185301,2,14.773636817932129,13.26579761505127,12.322598457336426,0.3611082434654236,111.783935546875,0.2940615713596344
185321,2,14.48734188079834,13.392984390258789,13.65338134765625,0.08309692144393921,112.135498046875,-0.0963195413351059
185341,2,14.14070987701416,13.482049942016602,15.008400917053223,-0.1705884039402008,112.42117309570312,0.0997214987874031
185361,2,13.748733520507812,13.530721664428711,12.395809173583984,0.3167443871498108,112.64093017578125,-0.005740806460380554
185381,2,13.513083457946777,13.539973258972168,16.248363494873047,-0.43838751316070557,113.03642272949219,0.038911473006010056
185401,2,13.030494689941406,13.51131534576416,10.488808631896973,0.660290539264679,113.05839538574219,0.04869210720062256
185421,2,12.513084411621094,13.442386627197266,14.837322235107422,-0.22770151495933533,113.541748046875,-0.015946684405207634
185441,2,11.991464614868164,13.33149242401123,12.003006935119629,0.30601516366004944,113.69561767578125,0.2136887013912201
185461,2,11.38982105255127,13.181916236877441,13.143680572509766,0.01744779385626316,113.98129272460938,-0.07505729049444199
185481,2,11.087772369384766,12.993788719177246,15.326672554016113,-0.4493434727191925,114.31088256835938,-0.07080484181642532
185501,2,10.412476539611816,12.766264915466309,11.42821216583252,0.25296127796173096,114.44268798828125,0.02530207298696041
185521,2,9.695392608642578,12.500662803649902,13.02618408203125,-0.13622914254665375,114.75032043457031,-0.03976039960980415
185541,2,8.960941314697266,12.200886726379395,12.385228157043457,-0.0815519243478775,114.969970703125,0.023601094260811806
185561,2,8.163005828857422,11.862736701965332,12.223090171813965,-0.13402770459651947,115.14581298828125,0.0036145818885415792
185581,2,7.4226975440979,11.485344886779785,11.232254028320312,-0.029005970805883408,115.36558532714844,-0.01467095036059618
185601,2,7.022545337677002,11.079218864440918,10.151434898376465,0.10203671455383301,115.54130554199219,-0.06017372012138367
185621,2,6.185851097106934,10.632410049438477,10.875234603881836,-0.143473818898201,115.80500793457031,-0.047414809465408325
185641,2,5.300877571105957,10.157733917236328,10.474860191345215,-0.1751401573419571,116.00270080566406,-0.07930974662303925
185661,2,4.418745040893555,9.651206016540527,9.637755393981934,-0.12657444179058075,116.15657043457031,-0.07250582426786423
185681,2,3.4827306270599365,9.117505073547363,8.985733985900879,-0.12631160020828247,116.28836059570312,-0.17541666328907013
185701,2,3.0410304069519043,8.555562019348145,7.87444543838501,-0.012504028156399727,116.44223022460938,-0.07930974662303925
185721,2,2.114614725112915,7.963198184967041,7.908786773681641,-0.14869524538516998,116.59599304199219,-0.09419331699609756
185741,2,1.2488229274749756,7.344659805297852,7.061877250671387,-0.11232095956802368,116.70582580566406,-0.09164184331893921
185761,2,0.2871408760547638,6.708528518676758,6.637447357177734,-0.16677550971508026,116.81576538085938,-0.0980205163359642
185781,2,-0.6725765466690063,6.050154209136963,5.459300994873047,-0.07570137828588486,116.90362548828125,-0.0980205163359642
185801,2,-1.6278705596923828,5.374423980712891,4.286809921264648,0.015827927738428116,116.96952819824219,-0.040610890835523605
185821,2,-2.08367657661438,4.685838222503662,3.530909538269043,0.04995925724506378,117.05738830566406,-0.00956801138818264
185841,2,-3.0356791019439697,3.977052688598633,2.8249759674072266,0.04643936827778816,117.07936096191406,-0.024026338011026382
185861,2,-3.9792821407318115,3.254624843597412,2.899479627609253,-0.11225568503141403,117.12339782714844,-0.03763417527079582
185881,2,-4.909609317779541,2.5251383781433105,1.991905927658081,-0.07931844890117645,117.14535522460938,-0.028278788551688194
185901,2,-5.8055830001831055,1.783930778503418,1.5689384937286377,-0.14107726514339447,117.16732788085938,0.013820460066199303
185921,2,-6.239511966705322,1.0405300855636597,0.7646619081497192,-0.11381083726882935,117.14535522460938,-0.06442616879940033
185941,2,-7.111116886138916,0.28832894563674927,0.24783754348754883,-0.1583314687013626,117.14535522460938,-0.03210599347949028
185961,2,-7.967589378356934,-0.46621960401535034,-0.3880702555179596,-0.18800392746925354,117.101318359375,-0.15202662348747253
185981,2,-8.77453899383545,-1.2169382572174072,-0.4154983162879944,-0.34393954277038574,117.01345825195312,-0.2987392544746399
186001,2,-9.582862854003906,-1.9665945768356323,-1.5182112455368042,-0.28566116094589233,116.99148559570312,-0.26344236731529236
186021,2,-9.936690330505371,-2.7119832038879395,-1.8194782733917236,-0.3681226968765259,116.90362548828125,-0.335735559463501
186041,2,-10.681770324707031,-3.453969717025757,-2.3595032691955566,-0.4224424958229065,116.81576538085938,-0.35317060351371765
186061,2,-11.369961738586426,-4.17979097366333,-3.254539966583252,-0.39677879214286804,116.727783203125,-0.28513142466545105
186081,2,-12.025443077087402,-4.894407272338867,-4.213212966918945,-0.35143032670021057,116.63992309570312,-0.2579141855239868
186101,2,-12.663956642150879,-5.597818851470947,-5.035984516143799,-0.32711517810821533,116.53009033203125,-0.1626577526330948
186121,2,-12.923605918884277,-6.28537130355835,-5.63768196105957,-0.33383890986442566,116.376220703125,-0.28683239221572876
186141,2,-13.469006538391113,-6.955019950866699,-5.602632999420166,-0.4778400659561157,116.24443054199219,-0.2936363220214844
186161,2,-13.961010932922363,-7.603830337524414,-5.999969959259033,-0.5293869376182556,116.09066772460938,-0.2957625389099121
186181,2,-14.35971736907959,-8.230254173278809,-6.846260070800781,-0.49220043420791626,115.89286804199219,-0.37103089690208435
186201,2,-14.742354393005371,-8.831327438354492,-7.134957790374756,-0.5613438487052917,115.695068359375,-0.40760353207588196
186221,2,-15.092019081115723,-9.407546997070312,-7.718601703643799,-0.5592740774154663,115.51933288574219,-0.30596840381622314
186241,2,-15.229073524475098,-9.955180168151855,-9.156623840332031,-0.3796425759792328,115.27760314941406,-0.35657256841659546
186261,2,-15.477350234985352,-10.475415229797363,-9.362154006958008,-0.44414854049682617,115.03598022460938,-0.3297821283340454
186281,2,-15.675711631774902,-10.963228225708008,-10.340913772583008,-0.34375810623168945,114.86013793945312,-0.27832749485969543
186301,2,-15.800597190856934,-11.41742992401123,-11.060358047485352,-0.2859609127044678,114.618408203125,-0.2719472646713257
186321,2,-15.871931076049805,-11.837674140930176,-11.542481422424316,-0.2635517120361328,114.37678527832031,-0.24090437591075897
186341,2,-15.884340286254883,-12.222187995910645,-12.210254669189453,-0.19214513897895813,114.15701293945312,-0.12651193141937256
186361,2,-15.865819931030273,-12.569662094116211,-13.020468711853027,-0.09089380502700806,113.82742309570312,-0.15585383772850037
186381,2,-15.793975830078125,-12.879165649414062,-12.022956848144531,-0.3307993710041046,113.60775756835938,-0.14394697546958923
186401,2,-15.659765243530273,-13.149523735046387,-13.43875503540039,-0.08833274990320206,113.30012512207031,-0.12523619830608368
186421,2,-15.462018013000488,-13.37986946105957,-13.357903480529785,-0.12825411558151245,113.05839538574219,-0.04911578819155693
186441,2,-15.206710815429688,-13.568968772888184,-12.258818626403809,-0.372862845659256,112.90463256835938,-0.20518380403518677
186461,2,-15.06330680847168,-13.716469764709473,-14.805839538574219,0.11695905029773712,112.50914001464844,-0.004465071950107813
186481,2,-14.723475456237793,-13.819924354553223,-11.761053085327148,-0.5003582835197449,112.42117309570312,-0.26812005043029785
186501,2,-14.322504043579102,-13.884357452392578,-15.72024154663086,0.30347543954849243,111.93768310546875,0.11630605161190033
186521,2,-13.872424125671387,-13.905799865722656,-13.853890419006348,-0.06762276589870453,111.783935546875,-0.19625365734100342
186541,2,-13.349034309387207,-13.88293743133545,-11.566009521484375,-0.47354957461357117,111.56417846679688,0.018072908744215965
186561,2,-13.084731101989746,-13.819241523742676,-16.777992248535156,0.5633441805839539,111.14669799804688,0.012119480408728123
186581,2,-12.505850791931152,-13.706998825073242,-11.411334991455078,-0.45585253834724426,111.102783203125,-0.114179827272892
186601,2,-11.85097885131836,-13.55450439453125,-11.895657539367676,-0.31046387553215027,110.77316284179688,-0.10907688736915588
186621,2,-11.181225776672363,-13.362346649169922,-15.918899536132812,0.5379452109336853,110.377685546875,0.11290409415960312
186641,2,-10.49808406829834,-13.125510215759277,-13.092598915100098,0.04210962355136871,110.24578857421875,-0.04571383073925972
186661,2,-9.80827808380127,-12.845500946044922,-11.76514720916748,-0.14696885645389557,110.026123046875,-0.00956801138818264
186681,2,-9.010784149169922,-12.527256965637207,-11.369208335876465,-0.14584007859230042,109.74044799804688,-0.055921271443367004
186701,2,-8.629000663757324,-12.17038631439209,-13.212495803833008,0.2800535559654236,109.43283081054688,-0.0027640920598059893
186721,2,-7.772186279296875,-11.77461051940918,-12.403326034545898,0.2183946818113327,109.257080078125,0.05294455587863922
186741,2,-6.8699727058410645,-11.341434478759766,-10.987066268920898,0.0466882698237896,109.05929565429688,0.06995435804128647
186761,2,-5.982413291931152,-10.872130393981934,-10.676164627075195,0.09964308142662048,108.86148071289062,0.1286381483078003
186781,2,-4.993124008178711,-10.369102478027344,-10.431495666503906,0.17351382970809937,108.641845703125,0.11375458538532257
186801,2,-4.553839683532715,-9.831931114196777,-9.494501113891602,0.0910331979393959,108.44403076171875,0.1426728069782257
186821,2,-3.5836448669433594,-9.26263427734375,-9.156660079956055,0.15685640275478363,108.268310546875,0.17031371593475342
186841,2,-2.5970115661621094,-8.668169021606445,-8.469019889831543,0.15760228037834167,108.11444091796875,0.17243994772434235
186861,2,-1.566041350364685,-8.044055938720703,-7.3026227951049805,0.06860204041004181,107.98263549804688,0.163509801030159
186881,2,-0.5727517604827881,-7.390631198883057,-7.367825508117676,0.224007248878479,107.850830078125,0.12948864698410034
186901,2,0.35054829716682434,-6.710087776184082,-6.753037929534912,0.24797451496124268,107.76287841796875,0.17414093017578125
186921,2,0.8231549859046936,-6.010656833648682,-6.4789042472839355,0.3228040933609009,107.65304565429688,0.19880513846874237
186941,2,1.8228182792663574,-5.291452407836914,-5.483780860900879,0.2810507118701935,107.58712768554688,0.17286519706249237
186961,2,2.837324857711792,-4.559243679046631,-4.465832233428955,0.2375645637512207,107.543212890625,0.19157597422599792
186981,2,3.8046398162841797,-3.8101966381073,-2.7656712532043457,0.056155990809202194,107.521240234375,0.133741095662117
187001,2,4.722386360168457,-3.0451488494873047,-1.8106569051742554,0.01614588499069214,107.499267578125,0.035509515553712845
187021,2,5.632916450500488,-2.265091896057129,-1.086713194847107,0.01945601776242256,107.47732543945312,0.01849815435707569
187041,2,6.556242942810059,-1.4796018600463867,-0.6121604442596436,0.07661716639995575,107.47732543945312,0.08611366152763367
187061,2,7.4009294509887695,-0.6860888004302979,0.014906913042068481,0.1035846471786499,107.499267578125,0.05166882276535034
187081,2,7.818428039550781,0.10780558735132217,1.1253668069839478,0.017566990107297897,107.521240234375,0.06272519379854202
187101,2,8.706330299377441,0.8993803262710571,1.981412649154663,0.0027093731332570314,107.543212890625,0.09291758388280869
187121,2,9.553559303283691,1.6887915134429932,1.2341846227645874,0.30503901839256287,107.565185546875,0.13416634500026703
187141,2,10.3788423538208,2.4752449989318848,2.027448892593384,0.3106664717197418,107.65304565429688,0.20178185403347015
187161,2,10.748861312866211,3.2523868083953857,3.118368625640869,0.2332744002342224,107.69696044921875,0.1958284229040146
187181,2,11.4989652633667,4.02158260345459,3.984621047973633,0.21637597680091858,107.78482055664062,0.18264582753181458
187201,2,12.146051406860352,4.77996826171875,4.805858135223389,0.20116351544857025,107.82888793945312,0.21496443450450897
187221,2,12.811735153198242,5.5242438316345215,4.066808700561523,0.49661070108413696,107.894775390625,0.23920339345932007
187241,2,13.435542106628418,6.251962661743164,4.5054097175598145,0.5672570466995239,108.04852294921875,0.42801526188850403
187261,2,14.012659072875977,6.961564540863037,4.700953960418701,0.6840861439704895,108.13638305664062,0.46628889441490173
187281,2,14.51816177368164,7.6514058113098145,5.177698135375977,0.7397245168685913,108.246337890625,0.4705413281917572
187301,2,14.731339454650879,8.317276954650879,6.076709747314453,0.6980672478675842,108.40008544921875,0.5262483954429626
187321,2,15.163928031921387,8.957564353942871,6.416155815124512,0.7729982137680054,108.597900390625,0.5185940265655518
187341,2,15.53179931640625,9.568628311157227,7.127411365509033,0.7652741074562073,108.75164794921875,0.5041356682777405
187361,2,15.824607849121094,10.151041984558105,8.066740036010742,0.7085320949554443,108.993408203125,0.5381552577018738
187381,2,16.07335090637207,10.700989723205566,9.370381355285645,0.5701742768287659,109.23501586914062,0.5500621199607849
187401,2,16.163124084472656,11.216612815856934,9.210810661315918,0.7025225162506104,109.45477294921875,0.4790462255477905
187421,2,16.307621002197266,11.697607040405273,10.625219345092773,0.5231432914733887,109.76242065429688,0.4913783371448517
187441,2,16.384889602661133,12.141226768493652,11.689128875732422,0.39949434995651245,110.026123046875,0.42546379566192627
187461,2,16.39689826965332,12.546012878417969,13.377738952636719,0.1317405104637146,110.31179809570312,0.24813510477542877
187481,2,16.340490341186523,12.910867691040039,13.227470397949219,0.21275179088115692,110.50949096679688,0.20348282158374786
187501,2,16.28280258178711,13.234423637390137,13.848031997680664,0.1242700144648552,110.81710815429688,0.06995435804128647
187521,2,16.1190185546875,13.515347480773926,15.220306396484375,-0.11490451544523239,111.14669799804688,0.050393085926771164
187541,2,15.8971529006958,13.752602577209473,11.609256744384766,0.616414487361908,111.25653076171875,0.15415441989898682
187561,2,15.601609230041504,13.946136474609375,18.529224395751953,-0.7347172498703003,111.827880859375,-0.04231186956167221
187581,2,15.436912536621094,14.095643043518066,12.798871994018555,0.4145713448524475,111.827880859375,0.16733700037002563
187601,2,15.062872886657715,14.19629192352295,13.820083618164062,0.1850876808166504,112.15757751464844,-0.11205360293388367
187621,2,14.61113166809082,14.252471923828125,18.146968841552734,-0.677973747253418,112.59700012207031,-0.07080484181642532
187641,2,14.095330238342285,14.26381778717041,13.441387176513672,0.22854553163051605,112.72879028320312,0.0980205163359642
187661,2,13.52940845489502,14.227432250976562,13.471558570861816,0.17328155040740967,113.05839538574219,-0.062299944460392
187681,2,13.250481605529785,14.144765853881836,14.88723373413086,-0.11970981955528259,113.38798522949219,0.07590778172016144
187701,2,12.605632781982422,14.015425682067871,13.383108139038086,0.1409308761358261,113.60775756835938,0.13884559273719788
187721,2,11.888822555541992,13.839320182800293,12.720982551574707,0.2076745480298996,113.87135314941406,0.04486490413546562
187741,2,11.119240760803223,13.619562149047852,14.828370094299316,-0.2670027017593384,114.22291564941406,-0.033806972205638885
187761,2,10.332513809204102,13.353398323059082,10.760623931884766,0.46168917417526245,114.35481262207031,0.04486490413546562
187781,2,9.94860553741455,13.043564796447754,14.5576753616333,-0.357341468334198,114.77227783203125,-0.1545780897140503
187801,2,9.015318870544434,12.68685245513916,12.224041938781738,0.0210543442517519,114.94801330566406,0.081861212849617
187821,2,8.097290992736816,12.295382499694824,9.419002532958984,0.4807741940021515,115.12384033203125,0.1239604577422142
187841,2,7.128630638122559,11.859289169311523,11.40266227722168,-0.013877731747925282,115.40951538085938,0.012969970703125
187861,2,6.679202079772949,11.382936477661133,11.116448402404785,-0.04305611178278923,115.60720825195312,-0.004039826802909374
187881,2,5.702478885650635,10.868163108825684,10.80201244354248,-0.09917393326759338,115.80500793457031,-0.06187470257282257
187901,2,4.693222522735596,10.317757606506348,10.958544731140137,-0.25766709446907043,116.00270080566406,-0.08313694596290588
187921,2,3.6379716396331787,9.734997749328613,10.27326488494873,-0.26573893427848816,116.13459777832031,-0.202632337808609
187941,2,2.6002273559570312,9.11567497253418,10.376568794250488,-0.4364672601222992,116.33229064941406,-0.2762012779712677
187961,2,2.111639976501465,8.467196464538574,9.192872047424316,-0.3309689164161682,116.48616027832031,-0.24898403882980347
187981,2,1.0366559028625488,7.787949085235596,8.512253761291504,-0.3561321198940277,116.59599304199219,-0.2685452997684479
188001,2,-0.034364745020866394,7.081955432891846,7.602896690368652,-0.33712783455848694,116.70582580566406,-0.2379276603460312
188021,2,-1.0985980033874512,6.356097221374512,6.952162265777588,-0.3699089288711548,116.81576538085938,-0.19242645800113678
188041,2,-2.1961183547973633,5.605345726013184,5.7719621658325195,-0.3045729398727417,116.88166809082031,-0.20178185403347015
188061,2,-2.684183120727539,4.834515571594238,4.932249069213867,-0.2762075662612915,116.94755554199219,-0.1579800546169281
188081,2,-3.7821850776672363,4.047216892242432,3.2911977767944336,-0.11451026797294617,116.96952819824219,-0.06952910870313644
188101,2,-4.841023921966553,3.243833541870117,2.4753968715667725,-0.11717931181192398,116.99148559570312,-0.11673129349946976
188121,2,-5.8412885665893555,2.429255247116089,1.5066992044448853,-0.08743572235107422,116.96952819824219,-0.08781464397907257
188141,2,-6.846184730529785,1.60420560836792,1.359231948852539,-0.22237133979797363,116.96952819824219,-0.1222594827413559
188161,2,-7.311570644378662,0.772942841053009,0.6577761173248291,-0.23036281764507294,116.94755554199219,-0.14607319235801697
188181,2,-8.269218444824219,-0.06171809509396553,0.19248250126838684,-0.309831827878952,116.90362548828125,-0.17924386262893677
188201,2,-9.204388618469238,-0.8973120450973511,-0.6236209869384766,-0.3203835189342499,116.83772277832031,-0.19965562224388123
188221,2,-10.080256462097168,-1.727846384048462,-1.348480224609375,-0.3445926308631897,116.79379272460938,-0.19795463979244232
188241,2,-10.955172538757324,-2.5565922260284424,-1.8651841878890991,-0.4098433256149292,116.70582580566406,-0.22261884808540344
188261,2,-11.3438720703125,-3.3784584999084473,-3.6323349475860596,-0.20995686948299408,116.59599304199219,-0.26514333486557007
188281,2,-12.120698928833008,-4.190086841583252,-4.087509632110596,-0.2779008150100708,116.55206298828125,-0.16393505036830902
188301,2,-12.869851112365723,-4.989382743835449,-5.046838760375977,-0.24238115549087524,116.44223022460938,-0.19157597422599792
188321,2,-13.555093765258789,-5.77357292175293,-4.980319976806641,-0.4068171977996826,116.35426330566406,-0.20348282158374786
188341,2,-14.178155899047852,-6.5377197265625,-5.649734020233154,-0.428137868642807,116.20050048828125,-0.283855676651001
188361,2,-14.45754623413086,-7.281073093414307,-5.939576625823975,-0.5059235692024231,116.06871032714844,-0.3017159700393677
188381,2,-14.994362831115723,-8.001333236694336,-6.4722771644592285,-0.54474276304245,115.95877075195312,-0.31745001673698425
188401,2,-15.466828346252441,-8.694984436035156,-7.148777961730957,-0.5527291893959045,115.76107788085938,-0.3752833306789398
188421,2,-15.895268440246582,-9.361066818237305,-8.297167778015137,-0.46315085887908936,115.56327819824219,-0.4309919774532318
188441,2,-16.231788635253906,-9.995895385742188,-8.997532844543457,-0.4493860900402069,115.40951538085938,-0.3178752660751343
188461,2,-16.3690128326416,-10.597311973571777,-9.626198768615723,-0.4379787743091583,115.18974304199219,-0.3706056475639343
188481,2,-16.610300064086914,-11.16463851928711,-10.583748817443848,-0.3550405204296112,114.99205017089844,-0.2936363220214844
188501,2,-16.773305892944336,-11.694171905517578,-11.133355140686035,-0.3438246250152588,114.79425048828125,-0.28215470910072327
188521,2,-16.885990142822266,-12.18461799621582,-11.730732917785645,-0.3184632956981659,114.55250549316406,-0.3540211021900177
188541,2,-16.92266082763672,-12.634055137634277,-11.145167350769043,-0.5176176428794861,114.31088256835938,-0.3493433892726898
188561,2,-16.88875389099121,-13.04142951965332,-10.946737289428711,-0.6344159245491028,114.04718017578125,-0.3472171723842621
188581,2,-16.846988677978516,-13.40511703491211,-12.129904747009277,-0.46832022070884705,113.73956298828125,-0.35614731907844543
188601,2,-16.707019805908203,-13.72404670715332,-13.18128490447998,-0.31424522399902344,113.45388793945312,-0.2906596064567566
188621,2,-16.49663543701172,-13.995037078857422,-14.262723922729492,-0.13252390921115875,113.190185546875,-0.15670432150363922
188641,2,-16.21872329711914,-14.220390319824219,-13.901885032653809,-0.2277870774269104,112.90463256835938,-0.16436029970645905
188661,2,-15.859794616699219,-14.397427558898926,-13.70093059539795,-0.2818695902824402,112.61897277832031,-0.16478553414344788
188681,2,-15.66338062286377,-14.525154113769531,-14.113941192626953,-0.21432903409004211,112.33329772949219,-0.17881861329078674
188701,2,-15.20918083190918,-14.600895881652832,-15.305459022521973,0.03308318927884102,112.00360107421875,-0.009142765775322914
188721,2,-14.689661026000977,-14.63085651397705,-12.523370742797852,-0.5081421732902527,111.91574096679688,-0.25536271929740906
188741,2,-14.116411209106445,-14.608086585998535,-17.596315383911133,0.529760479927063,111.36636352539062,0.07590778172016144
188761,2,-13.461432456970215,-14.536797523498535,-13.202150344848633,-0.31289660930633545,111.25653076171875,-0.21794115006923676
188781,2,-13.126897811889648,-14.414986610412598,-13.28709888458252,-0.24871663749217987,110.90496826171875,0.012544725090265274
188801,2,-12.397661209106445,-14.239919662475586,-17.518495559692383,0.629331648349762,110.50949096679688,0.04741637408733368
188821,2,-11.611440658569336,-14.019275665283203,-10.997031211853027,-0.5800920128822327,110.46554565429688,0.00021262247173581272
188841,2,-10.763484954833984,-13.751919746398926,-14.551325798034668,0.20908917486667633,110.026123046875,0.114179827272892
188861,2,-9.867995262145996,-13.434379577636719,-13.846996307373047,0.15203309059143066,109.78439331054688,0.012969970703125
188881,2,-9.450907707214355,-13.070704460144043,-13.063790321350098,0.06409617513418198,109.54266357421875,-0.04103613644838333
188901,2,-8.50305461883545,-12.656580924987793,-11.730901718139648,-0.09526236355304718,109.301025390625,0.02530207298696041
188921,2,-7.516849517822266,-12.199060440063477,-12.103047370910645,0.09340684115886688,109.08126831054688,0.11205360293388367
188941,2,-6.574170112609863,-11.7033109664917,-12.597671508789062,0.31897538900375366,108.81756591796875,0.23622669279575348
188961,2,-5.522733211517334,-11.167973518371582,-11.853179931640625,0.30973753333091736,108.619873046875,0.2634439170360565
188981,2,-4.4412407875061035,-10.590628623962402,-11.117524147033691,0.3060774505138397,108.37814331054688,0.20178185403347015
189001,2,-3.934830665588379,-9.975946426391602,-11.09912395477295,0.4268248379230499,108.202392578125,0.2617429494857788
189021,2,-2.8316848278045654,-9.32497501373291,-9.93292236328125,0.35390207171440125,108.04852294921875,0.2906596064567566
189041,2,-1.7003040313720703,-8.6406888961792,-9.026400566101074,0.33712953329086304,107.916748046875,0.29023435711860657
189061,2,-0.564612865447998,-7.929412364959717,-8.301493644714355,0.35451576113700867,107.78482055664062,0.20348282158374786
189081,2,0.5798247456550598,-7.191522598266602,-6.878146648406982,0.23456305265426636,107.69696044921875,0.1392708420753479
189101,2,1.091396689414978,-6.422189712524414,-5.497219085693359,0.0990559458732605,107.63107299804688,0.15160293877124786
189121,2,2.2422547340393066,-5.62231969833374,-5.438628673553467,0.25545772910118103,107.543212890625,0.1439485400915146
189141,2,3.3537306785583496,-4.80380916595459,-4.514111518859863,0.2466447502374649,107.521240234375,0.20178185403347015
189161,2,4.446648597717285,-3.975677728652954,-2.724677085876465,0.06413275003433228,107.499267578125,0.1601078361272812
189181,2,5.575508117675781,-3.131159782409668,-2.3367068767547607,0.1586938202381134,107.47732543945312,0.10354870557785034
189201,2,6.0799384117126465,-2.27323579788208,-1.757466197013855,0.19334524869918823,107.521240234375,0.1698884814977646
189221,2,7.155497074127197,-1.4046214818954468,-0.6504716873168945,0.14667591452598572,107.521240234375,0.0963195413351059
189241,2,8.176085472106934,-0.5300887823104858,0.030366331338882446,0.18203164637088776,107.543212890625,0.08866513520479202
189261,2,9.08961009979248,0.347053587436676,1.017301321029663,0.15376023948192596,107.565185546875,0.09164184331893921
189281,2,10.00996208190918,1.2206614017486572,0.9573473334312439,0.3345992863178253,107.60910034179688,0.13076438009738922
189301,2,10.973546028137207,2.094050168991089,1.4171701669692993,0.4189354479312897,107.67501831054688,0.1779681295156479
189321,2,11.381596565246582,2.9589462280273438,2.4495863914489746,0.3716769218444824,107.76287841796875,0.2830051779747009
189341,2,12.24047565460205,3.819002628326416,4.150979995727539,0.2089351862668991,107.850830078125,0.2664206326007843
189361,2,13.029873847961426,4.666400909423828,4.7187652587890625,0.264849990606308,107.916748046875,0.2506865859031677
189381,2,13.761470794677734,5.495612144470215,5.797927379608154,0.2139170616865158,108.00460815429688,0.24388109147548676
189401,2,14.447346687316895,6.309121608734131,5.638974666595459,0.4033856987953186,108.11444091796875,0.241329625248909
189421,2,14.753759384155273,7.101418495178223,6.020845413208008,0.478805810213089,108.268310546875,0.4101549983024597
189441,2,15.33360481262207,7.867527008056641,6.2152419090271,0.600788950920105,108.37814331054688,0.4671393632888794
189461,2,15.852845191955566,8.609001159667969,7.607495307922363,0.4813927114009857,108.53201293945312,0.44970276951789856
189481,2,16.316104888916016,9.31941032409668,7.2379560470581055,0.6978517770767212,108.66378784179688,0.4246133267879486
189501,2,16.660503387451172,10.000619888305664,9.154768943786621,0.4600937068462372,108.88345336914062,0.48244819045066833
189521,2,16.835315704345703,10.644569396972656,10.04183292388916,0.4012238085269928,109.03732299804688,0.33233359456062317
189541,2,17.10576629638672,11.25279712677002,10.472731590270996,0.4292175769805908,109.257080078125,0.35572364926338196
189561,2,17.297801971435547,11.820728302001953,10.628498077392578,0.5037303566932678,109.45477294921875,0.3331840932369232
189581,2,17.41367530822754,12.347850799560547,12.170368194580078,0.29150694608688354,109.696533203125,0.257915735244751
189601,2,17.452125549316406,12.831989288330078,12.373480796813965,0.3346024453639984,109.91616821289062,0.2889586091041565
189621,2,17.442974090576172,13.271120071411133,12.351613998413086,0.4136703908443451,110.15792846679688,0.27067309617996216
189641,2,17.36579704284668,13.662887573242188,11.957890510559082,0.5586234927177429,110.42160034179688,0.3234034478664398
189661,2,17.207015991210938,14.00640869140625,12.3944091796875,0.5338196158409119,110.707275390625,0.3523201048374176
189681,2,16.979820251464844,14.301349639892578,13.390356063842773,0.3803129494190216,110.99282836914062,0.2485603541135788
189701,2,16.66217041015625,14.544746398925781,13.158109664916992,0.45726722478866577,111.25653076171875,0.25749048590660095
189721,2,16.487558364868164,14.736080169677734,13.772570610046387,0.36763837933540344,111.56417846679688,0.28980910778045654
189741,2,16.029245376586914,14.8750581741333,13.951559066772461,0.3452751040458679,111.84982299804688,0.2613177001476288
189761,2,15.531458854675293,14.962687492370605,14.100412368774414,0.3130360245704651,112.15757751464844,0.19667890667915344
189781,2,14.929712295532227,14.994256019592285,14.501626014709473,0.22143374383449554,112.50914001464844,0.20858576893806458
189801,2,14.587275505065918,14.974682807922363,14.90070915222168,0.12791751325130463,112.77273559570312,0.13629412651062012
189821,2,13.89708137512207,14.897812843322754,14.242218971252441,0.21840842068195343,113.08036804199219,0.107801154255867
189841,2,13.145029067993164,14.768896102905273,12.932440757751465,0.42792484164237976,113.25619506835938,0.17626714706420898
189861,2,12.348692893981934,14.585054397583008,17.021892547607422,-0.42532169818878174,113.65168762207031,0.09206709265708923
189881,2,11.94614315032959,14.348794937133789,12.126766204833984,0.47910550236701965,113.73956298828125,0.08568841964006424
189901,2,11.065731048583984,14.055699348449707,13.245438575744629,0.16750091314315796,114.09112548828125,-0.03465746343135834
189921,2,10.102087020874023,13.714813232421875,13.97441577911377,-0.07484088838100433,114.44268798828125,-0.09589429199695587
189941,2,9.13747787475586,13.327898979187012,15.104077339172363,-0.3996149003505707,114.75032043457031,-0.08271170407533646
189961,2,8.16736125946045,12.885842323303223,14.057215690612793,-0.31032463908195496,114.94801330566406,-0.1562790721654892
189981,2,7.198500633239746,12.394708633422852,13.118247985839844,-0.25224342942237854,115.14581298828125,-0.20348282158374786
190001,2,6.624577522277832,11.866803169250488,12.588971138000488,-0.26187965273857117,115.38754272460938,-0.2090110033750534
190021,2,5.4773359298706055,11.289085388183594,11.43901252746582,-0.180903360247612,115.60720825195312,-0.19200120866298676
190041,2,4.324759483337402,10.669380187988281,11.10515022277832,-0.2670682668685913,115.82696533203125,-0.20603430271148682
190061,2,3.1987013816833496,10.010422706604004,11.010982513427734,-0.4075988233089447,116.00270080566406,-0.2613161504268646
190081,2,1.9852219820022583,9.316823959350586,10.127458572387695,-0.4018850326538086,116.15657043457031,-0.27364981174468994
190101,2,1.4443714618682861,8.587632179260254,9.672870635986328,-0.45865529775619507,116.26640319824219,-0.32893162965774536
190121,2,0.2138470858335495,7.823554039001465,8.871933937072754,-0.4823225438594818,116.376220703125,-0.3408384919166565
190141,2,-0.9887015223503113,7.030238151550293,7.6221818923950195,-0.41899406909942627,116.42027282714844,-0.35146963596343994
190161,2,-2.143014907836914,6.215201377868652,6.436696529388428,-0.36873963475227356,116.46420288085938,-0.3429647386074066
190181,2,-3.371145486831665,5.37371826171875,5.191885948181152,-0.3028320074081421,116.50813293457031,-0.19412744045257568
190201,2,-3.910994291305542,4.510096549987793,3.316826343536377,-0.08485730737447739,116.53009033203125,-0.16393505036830902
190221,2,-5.104159355163574,3.626101016998291,2.507382392883301,-0.09913229197263718,116.57403564453125,-0.04231186956167221
190241,2,-6.253377914428711,2.7286248207092285,1.050636887550354,0.015260962769389153,116.55206298828125,-0.012119480408728123
190261,2,-7.330543041229248,1.8209303617477417,0.5868936777114868,-0.06837143748998642,116.53009033203125,-0.06825337558984756
190281,2,-8.450739860534668,0.9076452851295471,-0.017991915345191956,-0.12953795492649078,116.48616027832031,-0.09461855888366699
190301,2,-8.934507369995117,-0.011094841174781322,-1.2872145175933838,-0.033814068883657455,116.42027282714844,-0.12948864698410034
190321,2,-9.988492012023926,-0.9330580830574036,-1.7040271759033203,-0.1316172480583191,116.398193359375,-0.1303391307592392
190341,2,-10.97338581085205,-1.8487653732299805,-1.8651248216629028,-0.28054797649383545,116.33229064941406,-0.16393505036830902
190361,2,-11.917128562927246,-2.7601308822631836,-2.841073751449585,-0.2696993350982666,116.24443054199219,-0.2107119858264923
190381,2,-12.800436973571777,-3.6646971702575684,-3.7467048168182373,-0.2717469334602356,116.13459777832031,-0.24260535836219788
190401,2,-13.205275535583496,-4.5538201332092285,-3.9134039878845215,-0.3984970450401306,116.046630859375,-0.2791779935359955
190421,2,-14.00290584564209,-5.43209171295166,-4.559144020080566,-0.4563097059726715,115.91484069824219,-0.4114307165145874
190441,2,-14.745981216430664,-6.291387557983398,-5.531986713409424,-0.44328343868255615,115.80500793457031,-0.41865989565849304
190461,2,-15.381613731384277,-7.127422332763672,-6.061978816986084,-0.5097783207893372,115.673095703125,-0.4165336489677429
190481,2,-15.997919082641602,-7.937168121337891,-6.407431125640869,-0.6071006059646606,115.54130554199219,-0.4275900423526764
190501,2,-16.253385543823242,-8.719124794006348,-8.2783842086792,-0.3824930489063263,115.343505859375,-0.3956966698169708
190521,2,-16.743379592895508,-9.468174934387207,-8.254661560058594,-0.5376286506652832,115.16777038574219,-0.43014150857925415
190541,2,-17.149553298950195,-10.183122634887695,-8.292193412780762,-0.6702038049697876,114.969970703125,-0.40420156717300415
190561,2,-17.47742462158203,-10.861832618713379,-9.166111946105957,-0.6341180801391602,114.75032043457031,-0.45097851753234863
190581,2,-17.733793258666992,-11.501641273498535,-9.945917129516602,-0.608963668346405,114.48661804199219,-0.4743669629096985
190601,2,-17.821590423583984,-12.098993301391602,-10.653820037841797,-0.5851255059242249,114.244873046875,-0.4781941771507263
190621,2,-17.945791244506836,-12.652752876281738,-11.247169494628906,-0.576780378818512,113.95932006835938,-0.41398218274116516
190641,2,-17.988967895507812,-13.15958309173584,-12.655980110168457,-0.38284024596214294,113.71759033203125,-0.26982104778289795
190661,2,-17.948942184448242,-13.617826461791992,-13.639469146728516,-0.25699180364608765,113.40995788574219,-0.15840530395507812
190681,2,-17.81881332397461,-14.025679588317871,-13.936433792114258,-0.2510049641132355,113.12429809570312,-0.13926927745342255
190701,2,-17.62922477722168,-14.380528450012207,-14.151044845581055,-0.2565363645553589,112.81666564941406,-0.17754288017749786
190721,2,-17.50914764404297,-14.683826446533203,-13.887999534606934,-0.3477409780025482,112.53109741210938,-0.14692369103431702
190741,2,-17.18192481994629,-14.93066692352295,-16.277568817138672,0.09708517044782639,112.11354064941406,-0.11843227595090866
190761,2,-16.766679763793945,-15.122713088989258,-14.79368782043457,-0.20950044691562653,111.87179565429688,-0.14777417480945587
190781,2,-16.296987533569336,-15.25869369506836,-14.55754280090332,-0.2531737685203552,111.54220581054688,-0.09249233454465866
190801,2,-15.782621383666992,-15.335545539855957,-15.965032577514648,0.02296687848865986,111.19064331054688,-0.11673129349946976
190821,2,-15.139570236206055,-15.354632377624512,-12.329071044921875,-0.6715074777603149,111.01492309570312,-0.2702462673187256
190841,2,-14.815811157226562,-15.318376541137695,-19.06761932373047,0.6671441197395325,110.46554565429688,0.012969970703125
190861,2,-14.090041160583496,-15.221055030822754,-11.6748628616333,-0.739206850528717,110.48751831054688,-0.11290409415960312
190881,2,-13.275760650634766,-15.066557884216309,-18.662704467773438,0.7166903018951416,109.87225341796875,0.2613177001476288
190901,2,-12.397456169128418,-14.856890678405762,-16.002464294433594,0.24928328394889832,109.696533203125,-0.052092503756284714
190921,2,-11.476051330566406,-14.588454246520996,-12.440269470214844,-0.35932981967926025,109.54266357421875,0.0703795999288559
190941,2,-11.009079933166504,-14.265077590942383,-14.826364517211914,0.18039754033088684,109.19110107421875,0.04869210720062256
190961,2,-9.99105167388916,-13.886247634887695,-14.665593147277832,0.24835318326950073,108.86148071289062,0.05336980149149895
190981,2,-8.924464225769043,-13.452995300292969,-13.70704460144043,0.17282436788082123,108.597900390625,0.08696415275335312
191001,2,-7.784998416900635,-12.971114158630371,-13.756641387939453,0.3096485733985901,108.33419799804688,0.16095833480358124
191021,2,-7.166374683380127,-12.441563606262207,-13.230598449707031,0.31802189350128174,108.11444091796875,0.15160293877124786
191041,2,-5.974414825439453,-11.857333183288574,-13.199653625488281,0.46071282029151917,107.872802734375,0.2506865859031677
191061,2,-4.7614426612854,-11.226421356201172,-11.17418384552002,0.21894040703773499,107.69696044921875,0.2506865859031677
191081,2,-3.5513157844543457,-10.558034896850586,-11.135309219360352,0.3736008107662201,107.499267578125,0.25578951835632324
191101,2,-2.2999234199523926,-9.845802307128906,-10.413555145263672,0.40088167786598206,107.32342529296875,0.25621476769447327
191121,2,-1.7309417724609375,-9.094582557678223,-8.973015785217285,0.2631053030490875,107.191650390625,0.24770985543727875
191141,2,-0.4653851091861725,-8.307076454162598,-8.181767463684082,0.2824668884277344,107.05975341796875,0.19625365734100342
191161,2,0.8105639815330505,-7.4858269691467285,-7.6517438888549805,0.3617022633552551,106.97186279296875,0.2813042104244232
191181,2,2.0963845252990723,-6.638509750366211,-6.921474933624268,0.4060351252555847,106.88400268554688,0.29023435711860657
191201,2,3.350374460220337,-5.760567665100098,-5.69941520690918,0.35668057203292847,106.840087890625,0.26259344816207886
191221,2,3.939939498901367,-4.864793300628662,-4.768309116363525,0.3370599150657654,106.774169921875,0.2762012779712677
191241,2,5.174798011779785,-3.942599058151245,-2.904263734817505,0.15691056847572327,106.75210571289062,0.14182230830192566
191261,2,6.375890254974365,-3.0095202922821045,-1.7450820207595825,0.11275888979434967,106.73013305664062,0.09589429199695587
191281,2,7.580366134643555,-2.061023235321045,-1.2742643356323242,0.20852647721767426,106.73013305664062,0.13289059698581696
191301,2,8.733171463012695,-1.101388692855835,-0.9210649132728577,0.32958176732063293,106.75210571289062,0.17031371593475342
191321,2,9.339473724365234,-0.14173370599746704,0.09113138914108276,0.2987869679927826,106.75210571289062,0.17286519706249237
191341,2,10.422759056091309,0.8248208165168762,0.34546881914138794,0.44798824191093445,106.818115234375,0.2813042104244232
191361,2,11.391239166259766,1.7908393144607544,1.7064849138259888,0.3735499680042267,106.862060546875,0.32042673230171204
191381,2,12.364322662353516,2.747844696044922,2.2735517024993896,0.4492577016353607,106.90597534179688,0.22729654610157013
191401,2,13.287826538085938,3.697458505630493,3.0367393493652344,0.4872209131717682,106.99383544921875,0.27194881439208984
191421,2,14.09221076965332,4.638001918792725,3.3885891437530518,0.6022822856903076,107.05975341796875,0.3251044452190399
191441,2,14.522045135498047,5.558651924133301,4.264162063598633,0.603630542755127,107.169677734375,0.4471513032913208
191461,2,15.297161102294922,6.458046913146973,4.880107879638672,0.6676842570304871,107.27951049804688,0.45948341488838196
191481,2,15.980003356933594,7.330644130706787,6.133889198303223,0.5969124436378479,107.41131591796875,0.4369454085826874
191501,2,16.608158111572266,8.17824649810791,7.047442436218262,0.5874212384223938,107.565185546875,0.4424735903739929
191521,2,16.87071418762207,8.993263244628906,6.488855838775635,0.8548948168754578,107.74090576171875,0.5407067537307739
191541,2,17.36501693725586,9.777087211608887,7.753015995025635,0.7736436724662781,107.96066284179688,0.6078969836235046
191561,2,17.77213478088379,10.521937370300293,8.407109260559082,0.7985156774520874,108.18045043945312,0.5938639044761658
191581,2,18.103431701660156,11.227384567260742,10.03271770477295,0.6130202412605286,108.37814331054688,0.4692656099796295
191601,2,18.333450317382812,11.89094352722168,11.400996208190918,0.4652847945690155,108.641845703125,0.4080287516117096
191621,2,18.41135597229004,12.508564949035645,12.310419082641602,0.3923015296459198,108.88345336914062,0.3548731505870819
191641,2,18.51490592956543,13.078012466430664,13.448781967163086,0.2624971866607666,109.19110107421875,0.27194881439208984
191661,2,18.526885986328125,13.596600532531738,13.61606216430664,0.31357815861701965,109.47674560546875,0.31107136607170105
191681,2,18.446147918701172,14.062678337097168,13.899092674255371,0.3263486623764038,109.76242065429688,0.20773527026176453
191701,2,18.274669647216797,14.474143028259277,15.01131820678711,0.16474291682243347,110.07003784179688,0.22049261629581451
191721,2,18.159473419189453,14.829097747802734,15.570182800292969,0.10427527129650116,110.399658203125,0.22644604742527008
191741,2,17.86555290222168,15.125028610229492,15.580462455749512,0.1331212818622589,110.685302734375,0.13884559273719788
191761,2,17.46734619140625,15.362820625305176,16.114599227905273,0.038605947047472,111.01492309570312,0.02657780796289444
191781,2,16.97406005859375,15.541511535644531,14.685211181640625,0.32759982347488403,111.25653076171875,0.15457965433597565
191801,2,16.416170120239258,15.657597541809082,15.968585014343262,0.06458668410778046,111.65203857421875,0.07888449728488922
191821,2,16.12706184387207,15.712950706481934,14.990297317504883,0.2752606272697449,111.91574096679688,0.215389683842659
191841,2,15.435770988464355,15.705770492553711,12.922503471374512,0.6475069522857666,112.20150756835938,0.17116421461105347
191861,2,14.667694091796875,15.635160446166992,17.98236083984375,-0.3860125243663788,112.70683288574219,0.05336980149149895
191881,2,13.826949119567871,15.502084732055664,13.738144874572754,0.40502291917800903,112.838623046875,0.23112374544143677
191901,2,12.906044960021973,15.309054374694824,14.394031524658203,0.19788625836372375,113.190185546875,0.03933671861886978
191921,2,12.467208862304688,15.054821014404297,16.079872131347656,-0.16898393630981445,113.51979064941406,0.150752454996109
191941,2,11.371596336364746,14.740482330322266,11.170018196105957,0.6946619153022766,113.65168762207031,0.035509515553712845
191961,2,10.407390594482422,14.369056701660156,17.48551368713379,-0.6518925428390503,114.20094299316406,-0.16903798282146454
191981,2,9.293663024902344,13.941664695739746,14.507061004638672,-0.17738641798496246,114.35481262207031,-0.04358760640025139
192001,2,8.090134620666504,13.454950332641602,12.817221641540527,0.020013773813843727,114.55250549316406,-0.16606126725673676
192021,2,7.539921283721924,12.912382125854492,12.769332885742188,-0.08569403737783432,114.83818054199219,-0.159681037068367
192041,2,6.318267822265625,12.316706657409668,11.771162033081055,-0.03712309151887894,115.07991027832031,-0.1452227085828781
192061,2,5.064087867736816,11.67193603515625,12.155007362365723,-0.27451854944229126,115.343505859375,-0.2608909010887146
192081,2,3.787709951400757,10.97855281829834,11.458684921264648,-0.30419158935546875,115.58523559570312,-0.19370219111442566
192101,2,2.431150436401367,10.243372917175293,10.559294700622559,-0.30318042635917664,115.80500793457031,-0.22389458119869232
192121,2,1.8109582662582397,9.469694137573242,9.500898361206055,-0.24743260443210602,115.98072814941406,-0.27237406373023987
192141,2,0.4931092858314514,8.644022941589355,8.852996826171875,-0.3066648542881012,116.15657043457031,-0.2528112530708313
192161,2,-0.8494668006896973,7.788972854614258,8.39687442779541,-0.41232502460479736,116.28836059570312,-0.32042673230171204
192181,2,-2.1637959480285645,6.906760215759277,7.79035758972168,-0.4926983416080475,116.398193359375,-0.3314831256866455
192201,2,-3.511357545852661,5.992952346801758,6.341092109680176,-0.4085741341114044,116.48616027832031,-0.26471808552742004
192221,2,-4.118950843811035,5.0531158447265625,5.236471652984619,-0.3632374405860901,116.55206298828125,-0.24558207392692566
192241,2,-5.409887790679932,4.085136890411377,3.8653879165649414,-0.297319620847702,116.59599304199219,-0.2855566740036011
192261,2,-6.698001384735107,3.104839324951172,3.3200981616973877,-0.3959577977657318,116.59599304199219,-0.2702462673187256
192281,2,-7.966335773468018,2.1151466369628906,1.9882328510284424,-0.34100833535194397,116.59599304199219,-0.254086971282959
192301,2,-9.06537914276123,1.1073054075241089,0.848947286605835,-0.31550395488739014,116.59599304199219,-0.20943625271320343
192321,2,-9.70119857788086,0.1022198349237442,-0.5666224956512451,-0.21388298273086548,116.57403564453125,-0.18009436130523682
192341,2,-10.835638046264648,-0.9146509170532227,-1.164670467376709,-0.29886671900749207,116.53009033203125,-0.2124129682779312
192361,2,-11.937226295471191,-1.9244017601013184,-2.1258738040924072,-0.31176796555519104,116.44223022460938,-0.23282472789287567
192381,2,-12.976059913635254,-2.928539276123047,-2.2604730129241943,-0.49153485894203186,116.35426330566406,-0.33063262701034546
192401,2,-13.93645191192627,-3.9200551509857178,-3.3497681617736816,-0.4755426049232483,116.26640319824219,-0.31234708428382874
192421,2,-14.347280502319336,-4.897165775299072,-5.677896499633789,-0.18695925176143646,116.11264038085938,-0.29491204023361206
192441,2,-15.203763008117676,-5.860194206237793,-6.29677677154541,-0.2533889710903168,116.00270080566406,-0.30426743626594543
192461,2,-15.995929718017578,-6.797004222869873,-7.004221439361572,-0.3008247911930084,115.82696533203125,-0.3689046800136566
192481,2,-16.6769962310791,-7.703188896179199,-7.295699596405029,-0.41882139444351196,115.695068359375,-0.3429647386074066
192501,2,-17.31686782836914,-8.582229614257812,-7.590256214141846,-0.5298544764518738,115.54130554199219,-0.3667784333229065
192521,2,-17.57434844970703,-9.428434371948242,-7.591590881347656,-0.6841356754302979,115.343505859375,-0.4216366112232208
192541,2,-18.056264877319336,-10.237336158752441,-8.910476684570312,-0.5873085260391235,115.10188293457031,-0.4815961420536041
192561,2,-18.45412254333496,-11.005805015563965,-8.546753883361816,-0.8149320483207703,114.88211059570312,-0.5232716798782349
192581,2,-18.752910614013672,-11.728777885437012,-9.889385223388672,-0.6960373520851135,114.618408203125,-0.5309261083602905
192601,2,-18.948062896728516,-12.40611457824707,-10.69214153289795,-0.667920708656311,114.35481262207031,-0.5020094513893127
192621,2,-19.062028884887695,-13.033561706542969,-11.994527816772461,-0.5266470909118652,114.09112548828125,-0.41398218274116516
192641,2,-19.082387924194336,-13.608428955078125,-14.231073379516602,-0.18070736527442932,113.76152038574219,-0.2766265273094177
192661,2,-19.05646324157715,-14.128005981445312,-13.591595649719238,-0.38934844732284546,113.49781799316406,-0.26684433221817017
192681,2,-18.928897857666016,-14.590153694152832,-13.964690208435059,-0.38347533345222473,113.16822814941406,-0.24090437591075897
192701,2,-18.701387405395508,-14.9935302734375,-15.064324378967285,-0.22338786721229553,112.860595703125,-0.22304409742355347
192721,2,-18.382057189941406,-15.335400581359863,-15.184475898742676,-0.23664408922195435,112.53109741210938,-0.12608668208122253
192741,2,-18.203479766845703,-15.614931106567383,-16.147350311279297,-0.08327023684978485,112.15757751464844,-0.14777417480945587
192761,2,-17.74331283569336,-15.827811241149902,-14.934916496276855,-0.3351552188396454,111.84982299804688,-0.15883053839206696
192781,2,-17.180950164794922,-15.977789878845215,-16.2943058013916,-0.06477541476488113,111.476318359375,-0.10397394746541977
192801,2,-16.527088165283203,-16.063068389892578,-15.689001083374023,-0.18434669077396393,111.16867065429688,-0.2170906662940979
192821,2,-15.804091453552246,-16.081071853637695,-13.78728199005127,-0.527640700340271,110.88299560546875,-0.18051959574222565
192841,2,-15.420165061950684,-16.035991668701172,-19.40243148803711,0.5847927927970886,110.42160034179688,-0.09759527444839478
192861,2,-14.583125114440918,-15.91662883758545,-12.018584251403809,-0.7995833158493042,110.399658203125,0.005315561778843403
192881,2,-13.641746520996094,-15.734516143798828,-18.750492095947266,0.6106758713722229,109.80633544921875,0.22304409742355347
192901,2,-12.61449909210205,-15.489914894104004,-16.952402114868164,0.3293047845363617,109.56460571289062,-0.03976039960980415
192921,2,-11.546405792236328,-15.177827835083008,-13.38049030303955,-0.2770347595214844,109.344970703125,0.04529014974832535
192941,2,-11.02269458770752,-14.806709289550781,-13.575770378112793,-0.15971943736076355,109.03732299804688,0.01849815435707569
192961,2,-9.878783226013184,-14.369477272033691,-13.944941520690918,0.03725428879261017,108.70773315429688,0.16776224970817566
192981,2,-8.636845588684082,-13.868671417236328,-13.720259666442871,0.12719707190990448,108.40008544921875,0.15840686857700348
193001,2,-7.4189629554748535,-13.311380386352539,-13.531163215637207,0.22895902395248413,108.11444091796875,0.16733700037002563
193021,2,-6.061737537384033,-12.700082778930664,-13.37339973449707,0.3524775207042694,107.82888793945312,0.1813700944185257
193041,2,-5.448394298553467,-12.032642364501953,-12.501501083374023,0.3088320791721344,107.58712768554688,0.14479902386665344
193061,2,-4.1030755043029785,-11.31350326538086,-11.601402282714844,0.2985745668411255,107.34539794921875,0.15330392122268677
193081,2,-2.7408299446105957,-10.546279907226562,-10.096248626708984,0.17882795631885529,107.147705078125,0.17456616461277008
193101,2,-1.3481779098510742,-9.737690925598145,-8.996933937072754,0.1416204273700714,106.94992065429688,0.13629412651062012
193121,2,0.10321471840143204,-8.884014129638672,-9.063305854797363,0.35130900144577026,106.796142578125,0.22304409742355347
193141,2,0.7376840114593506,-7.991818904876709,-7.59512186050415,0.2270791381597519,106.64227294921875,0.22729654610157013
193161,2,2.1268930435180664,-7.058686256408691,-7.104043960571289,0.33471766114234924,106.510498046875,0.2566400170326233
193181,2,3.5394558906555176,-6.100759029388428,-5.522762298583984,0.23075328767299652,106.40054321289062,0.2532380521297455
193201,2,4.7763800621032715,-5.117461204528809,-5.336379051208496,0.39948004484176636,106.31256103515625,0.3085198998451233
193221,2,6.126282691955566,-4.114082336425781,-4.617637634277344,0.47106125950813293,106.22470092773438,0.29023435711860657
193241,2,7.480275630950928,-3.088334083557129,-3.6914777755737305,0.5116379261016846,106.20272827148438,0.3629527986049652
193261,2,8.1080322265625,-2.0460407733917236,-2.5633351802825928,0.4808182120323181,106.1588134765625,0.35870036482810974
193281,2,9.337656021118164,-0.9892368912696838,-2.254950761795044,0.6433906555175781,106.1588134765625,0.42376282811164856
193301,2,10.602909088134766,0.06900741159915924,-0.5976330041885376,0.5474551320075989,106.20272827148438,0.47819575667381287
193321,2,11.746212005615234,1.123137354850769,0.7424144744873047,0.49746444821357727,106.20272827148438,0.3769858777523041
193341,2,12.876314163208008,2.176784038543701,1.431038498878479,0.5763940811157227,106.24667358398438,0.34338995814323425
193361,2,13.372289657592773,3.2191669940948486,2.2034599781036377,0.615188717842102,106.35662841796875,0.4407726228237152
193381,2,14.376715660095215,4.255541801452637,2.9930849075317383,0.673648476600647,106.466552734375,0.4569319188594818
193401,2,15.324460983276367,5.2759175300598145,4.319019794464111,0.625511884689331,106.59835815429688,0.5428329706192017
193421,2,16.180091857910156,6.271916389465332,4.549169063568115,0.7869271039962769,106.75210571289062,0.5836580395698547
193441,2,16.94673728942871,7.2439799308776855,6.846824645996094,0.5298707485198975,106.90597534179688,0.5007337331771851
193461,2,17.275894165039062,8.183370590209961,7.622941493988037,0.5442301630973816,107.08169555664062,0.4505532681941986
193481,2,17.905847549438477,9.092179298400879,8.711849212646484,0.5040546655654907,107.25753784179688,0.4118559658527374
193501,2,18.45081329345703,9.96129322052002,10.071114540100098,0.3977068364620209,107.47732543945312,0.32893162965774536
193521,2,18.88530921936035,10.78955078125,10.918929100036621,0.38368839025497437,107.74090576171875,0.4161084294319153
193541,2,19.237520217895508,11.574106216430664,11.726665496826172,0.35926592350006104,107.93869018554688,0.2727993130683899
193561,2,19.36312484741211,12.310688018798828,11.721782684326172,0.48498964309692383,108.246337890625,0.38464030623435974
193581,2,19.55255126953125,12.996264457702637,12.149989128112793,0.5233603715896606,108.50991821289062,0.3884674906730652
193601,2,19.639766693115234,13.626070976257324,12.69411849975586,0.5238140225410461,108.79559326171875,0.3876170217990875
193621,2,19.618284225463867,14.19801139831543,13.963974952697754,0.368299275636673,109.14715576171875,0.365929514169693
193641,2,19.490076065063477,14.709890365600586,14.431781768798828,0.3557170331478119,109.43283081054688,0.3429647386074066
193661,2,19.39370346069336,15.160082817077637,14.76374626159668,0.357931911945343,109.78439331054688,0.26046720147132874
193681,2,19.114017486572266,15.544548988342285,15.611442565917969,0.24264466762542725,110.09201049804688,0.23750242590904236
193701,2,18.7142391204834,15.86149787902832,15.708014488220215,0.25238773226737976,110.399658203125,0.1520281881093979
193721,2,18.248069763183594,16.111164093017578,16.650535583496094,0.09285871684551239,110.81710815429688,0.18434680998325348
193741,2,17.648466110229492,16.292295455932617,16.92481231689453,0.03499830141663551,111.102783203125,0.05209406837821007
193761,2,17.326797485351562,16.40566635131836,15.6460542678833,0.2905825972557068,111.34439086914062,0.12481094896793365
193781,2,16.609603881835938,16.44442367553711,16.788021087646484,0.04095494747161865,111.761962890625,0.08696415275335312
193801,2,15.777237892150879,16.412134170532227,16.428049087524414,0.07867840677499771,112.04753112792969,0.15755636990070343
193821,2,14.88538646697998,16.308055877685547,14.987565040588379,0.3067439794540405,112.33329772949219,0.12183423340320587
193841,2,13.881461143493652,16.134750366210938,18.01259994506836,-0.3530835807323456,112.70683288574219,-0.00956801138818264
193861,2,13.372776985168457,15.895511627197266,14.551176071166992,0.2711031138896942,112.90463256835938,0.08271170407533646
193881,2,12.297897338867188,15.576904296875,14.633182525634766,0.15491129457950592,113.212158203125,-0.004890316631644964
193901,2,11.115370750427246,15.195477485656738,15.656746864318848,-0.15620651841163635,113.563720703125,-0.061449456959962845
193921,2,9.882281303405762,14.751241683959961,14.833111763000488,-0.11502155661582947,113.84938049316406,-0.054218728095293045
193941,2,8.575413703918457,14.239209175109863,14.89907169342041,-0.2688027322292328,114.13505554199219,-0.17754288017749786
193961,2,7.929158687591553,13.66259479522705,14.364547729492188,-0.2823997139930725,114.44268798828125,-0.12098374962806702
193981,2,6.582156658172607,13.019577026367188,13.210149765014648,-0.21604320406913757,114.68441772460938,-0.2056090533733368
194001,2,5.160431385040283,12.324789047241211,11.939013481140137,-0.13525602221488953,114.92604064941406,-0.16563603281974792
194021,2,3.7774593830108643,11.581037521362305,11.858153343200684,-0.29671216011047363,115.12384033203125,-0.23197424411773682
194041,2,2.2906100749969482,10.782234191894531,10.738031387329102,-0.268055260181427,115.343505859375,-0.24430634081363678
194061,2,1.5855120420455933,9.933090209960938,10.185627937316895,-0.321956604719162,115.54130554199219,-0.24855878949165344
194081,2,0.1357780247926712,9.032933235168457,9.003799438476562,-0.2950665354728699,115.65113830566406,-0.3021412193775177
194101,2,-1.3679457902908325,8.09791374206543,8.092352867126465,-0.32923147082328796,115.80500793457031,-0.3068189024925232
194121,2,-2.850919723510742,7.12996768951416,7.166996002197266,-0.3620491027832031,115.91484069824219,-0.2906596064567566
194141,2,-4.292973041534424,6.125561237335205,6.228777885437012,-0.3944634199142456,116.00270080566406,-0.23622669279575348
194161,2,-4.996540546417236,5.099793910980225,5.2689208984375,-0.391498327255249,116.09066772460938,-0.22091786563396454
194181,2,-6.391497611999512,4.036064624786377,3.583265542984009,-0.27977436780929565,116.11264038085938,-0.22261884808540344
194201,2,-7.801324367523193,2.959538459777832,3.0702452659606934,-0.4035874307155609,116.13459777832031,-0.2936363220214844
194221,2,-9.15029239654541,1.8744961023330688,2.479234218597412,-0.5160830020904541,116.13459777832031,-0.3395627737045288
194241,2,-10.47070598602295,0.7742791175842285,1.0395228862762451,-0.4634159803390503,116.09066772460938,-0.3489181697368622
194261,2,-11.076904296875,-0.3253867030143738,-0.41569995880126953,-0.37392914295196533,116.046630859375,-0.3212772309780121
194281,2,-12.292722702026367,-1.4381145238876343,-1.2575650215148926,-0.4321926236152649,116.00270080566406,-0.30809465050697327
194301,2,-13.443997383117676,-2.5343172550201416,-2.291881799697876,-0.4464987814426422,115.93679809570312,-0.3085198998451233
194321,2,-14.511094093322754,-3.6215336322784424,-3.9185950756073,-0.3379350006580353,115.84893798828125,-0.25663843750953674
194341,2,-15.537501335144043,-4.696823596954346,-4.269626617431641,-0.47825875878334045,115.76107788085938,-0.3038421869277954
194361,2,-15.989917755126953,-5.750514507293701,-5.307434558868408,-0.46022137999534607,115.60720825195312,-0.35997453331947327
194381,2,-16.851579666137695,-6.784317970275879,-6.393990993499756,-0.4481643736362457,115.45344543457031,-0.3697551488876343
194401,2,-17.6503849029541,-7.789801120758057,-7.281858444213867,-0.4681142568588257,115.29957580566406,-0.32212772965431213
194421,2,-18.31163787841797,-8.761415481567383,-8.179300308227539,-0.4751091003417969,115.12384033203125,-0.32595494389533997
194441,2,-18.918542861938477,-9.694296836853027,-8.484214782714844,-0.591289758682251,114.94801330566406,-0.3412637412548065
194461,2,-19.157209396362305,-10.583739280700684,-9.750290870666504,-0.5014826655387878,114.72834777832031,-0.4246133267879486
194481,2,-19.580429077148438,-11.429417610168457,-10.835586547851562,-0.44668278098106384,114.53054809570312,-0.39442092180252075
194501,2,-19.903301239013672,-12.224748611450195,-10.506414413452148,-0.6625692844390869,114.31088256835938,-0.4505532681941986
194521,2,-20.111146926879883,-12.965459823608398,-10.627054214477539,-0.7850390076637268,114.02522277832031,-0.5334776043891907
194541,2,-20.205862045288086,-13.649787902832031,-12.693671226501465,-0.500905454158783,113.76152038574219,-0.43652018904685974
194561,2,-20.210647583007812,-14.273916244506836,-13.25635051727295,-0.49872997403144836,113.49781799316406,-0.3884674906730652
194581,2,-20.140846252441406,-14.83434772491455,-14.753740310668945,-0.291725754737854,113.16822814941406,-0.30001500248908997
194601,2,-19.95049476623535,-15.32898998260498,-14.231507301330566,-0.47027653455734253,112.90463256835938,-0.3008654713630676
194621,2,-19.658597946166992,-15.756141662597656,-14.783082008361816,-0.4224764406681061,112.57504272460938,-0.3068189024925232
194641,2,-19.23945426940918,-16.112445831298828,-15.521370887756348,-0.32190895080566406,112.22346496582031,-0.2655685842037201
194661,2,-19.00787925720215,-16.396535873413086,-15.58657455444336,-0.34895801544189453,111.89376831054688,-0.24515682458877563
194681,2,-18.444677352905273,-16.604625701904297,-16.130983352661133,-0.2524774968624115,111.56417846679688,-0.18562254309654236
194701,2,-17.757976531982422,-16.739910125732422,-17.101598739624023,-0.05620025470852852,111.19064331054688,-0.1303391307592392
194721,2,-16.98837661743164,-16.80296516418457,-15.602880477905273,-0.33560511469841003,110.92694091796875,-0.20943625271320343
194741,2,-16.096616744995117,-16.787353515625,-17.753196716308594,0.12321143597364426,110.46554565429688,-0.10014674812555313
194761,2,-15.645297050476074,-16.699613571166992,-14.798576354980469,-0.4306390583515167,110.24578857421875,-0.19030022621154785
194781,2,-14.642905235290527,-16.526769638061523,-18.594242095947266,0.3886953592300415,109.74044799804688,0.043589167296886444
194801,2,-13.524353981018066,-16.282739639282227,-13.622437477111816,-0.5187827348709106,109.652587890625,-0.19625365734100342
194821,2,-12.381750106811523,-15.964738845825195,-17.694110870361328,0.39418232440948486,109.08126831054688,0.1158808097243309
194841,2,-11.110793113708496,-15.575018882751465,-16.23460578918457,0.20259565114974976,108.86148071289062,-0.07080484181642532
194861,2,-10.491080284118652,-15.114097595214844,-12.478338241577148,-0.43238410353660583,108.641845703125,0.018072908744215965
194881,2,-9.156258583068848,-14.583822250366211,-15.334514617919922,0.272310346364975,108.268310546875,0.14692525565624237
194901,2,-7.751916408538818,-13.98594856262207,-14.729623794555664,0.3133602440357208,107.98263549804688,0.22431983053684235
194921,2,-6.28870964050293,-13.327264785766602,-14.047087669372559,0.3541850447654724,107.71893310546875,0.2791779935359955
194941,2,-4.821151256561279,-12.602795600891113,-13.549761772155762,0.44032084941864014,107.43325805664062,0.3195762634277344
194961,2,-4.047571182250977,-11.82454776763916,-12.493149757385254,0.3979138433933258,107.191650390625,0.3578498661518097
194981,2,-2.578240156173706,-10.990605354309082,-11.662775993347168,0.43659844994544983,106.99383544921875,0.3939956724643707
195001,2,-1.0035152435302734,-10.097957611083984,-11.248298645019531,0.5722644329071045,106.774169921875,0.39612191915512085
195021,2,0.4979352056980133,-9.158479690551758,-9.736968040466309,0.49177396297454834,106.59835815429688,0.3506191372871399
195041,2,1.9683642387390137,-8.180657386779785,-8.295828819274902,0.42623254656791687,106.466552734375,0.35189488530158997
195061,2,2.8020832538604736,-7.16630220413208,-6.960027694702148,0.35277119278907776,106.35662841796875,0.26259344816207886
195081,2,4.331108093261719,-6.104593276977539,-6.799129009246826,0.5532259941101074,106.26864624023438,0.3582751154899597
195101,2,5.879866600036621,-5.0203857421875,-5.37291955947876,0.5120333433151245,106.20272827148438,0.4084540009498596
195121,2,7.36046838760376,-3.909721612930298,-3.881558895111084,0.4552459120750427,106.1807861328125,0.3616770803928375
195141,2,8.795588493347168,-2.7884984016418457,-3.056607246398926,0.5284363031387329,106.1807861328125,0.335735559463501
195161,2,9.454715728759766,-1.6477421522140503,-1.7744929790496826,0.4832746982574463,106.20272827148438,0.4050520360469818
195181,2,10.820934295654297,-0.49056628346443176,-0.5435683727264404,0.4790222942829132,106.20272827148438,0.35402265191078186
195201,2,12.153380393981934,0.6646555662155151,1.2711644172668457,0.35573968291282654,106.24667358398438,0.33531031012535095
195221,2,13.398173332214355,1.8149710893630981,2.060126781463623,0.425581157207489,106.29061889648438,0.27875274419784546
195241,2,14.557321548461914,2.961329221725464,3.2899348735809326,0.4069582223892212,106.40054321289062,0.3195762634277344
195261,2,15.086138725280762,4.09062385559082,3.722513437271118,0.5180906653404236,106.466552734375,0.32425394654273987
195281,2,16.120248794555664,5.208169937133789,4.998299598693848,0.48439502716064453,106.59835815429688,0.3442404568195343
195301,2,17.0777587890625,6.303504467010498,5.725290775299072,0.5555657744407654,106.73013305664062,0.3982481360435486
195321,2,17.91229820251465,7.367365837097168,6.797353744506836,0.555685818195343,106.92794799804688,0.4969065189361572
195341,2,18.67896842956543,8.401071548461914,6.841863632202148,0.7547378540039062,107.08169555664062,0.5555903315544128
195361,2,18.997634887695312,9.394684791564941,7.760526180267334,0.7551486492156982,107.27951049804688,0.5385805368423462
195381,2,19.58241844177246,10.351874351501465,9.278308868408203,0.6430333852767944,107.47732543945312,0.4854249060153961
195401,2,20.047344207763672,11.256353378295898,10.276067733764648,0.6179807186126709,107.74090576171875,0.48457440733909607
195421,2,20.40854835510254,12.111909866333008,10.36441707611084,0.7606399059295654,107.96066284179688,0.47947147488594055
195441,2,20.65880584716797,12.911742210388184,11.590987205505371,0.6628997921943665,108.224365234375,0.4467260539531708
195461,2,20.737003326416016,13.652039527893066,12.866464614868164,0.5404264330863953,108.50991821289062,0.41228121519088745
195481,2,20.78624153137207,14.32968807220459,13.521677017211914,0.524427056312561,108.81756591796875,0.3608265817165375
195501,2,20.715110778808594,14.941568374633789,15.165760040283203,0.2914823889732361,109.12518310546875,0.24430634081363678
195521,2,20.514633178710938,15.484124183654785,14.9307222366333,0.41229742765426636,109.45477294921875,0.23452571034431458
195541,2,20.382118225097656,15.955120086669922,15.541060447692871,0.36207476258277893,109.82830810546875,0.25238755345344543
195561,2,20.009201049804688,16.35166358947754,15.377397537231445,0.4451730251312256,110.13595581054688,0.26089245080947876
195581,2,19.51946449279785,16.6734676361084,16.731632232666016,0.20993581414222717,110.48751831054688,0.19200120866298676
195601,2,18.911054611206055,16.914405822753906,17.783479690551758,0.009585477411746979,110.83908081054688,0.055921271443367004
195621,2,18.180002212524414,17.077648162841797,17.059783935546875,0.14012524485588074,111.14669799804688,0.10269821435213089
195641,2,17.805986404418945,17.160768508911133,17.134662628173828,0.12298768013715744,111.476318359375,0.10142248123884201
195661,2,16.928979873657227,17.158327102661133,15.729145050048828,0.3654346466064453,111.783935546875,0.14947672188282013
195681,2,15.911230087280273,17.077444076538086,17.468154907226562,-0.027736617252230644,112.15757751464844,0.07463204860687256
195701,2,14.85326862335205,16.92047882080078,15.099475860595703,0.37874487042427063,112.44313049316406,0.1864730268716812
195721,2,13.679378509521484,16.680477142333984,16.9521427154541,-0.0836818590760231,112.90463256835938,-0.05507078021764755
195741,2,13.106974601745605,16.361555099487305,16.02967643737793,0.04471882805228233,113.14625549316406,0.16308455169200897
195761,2,11.807746887207031,15.957154273986816,13.970752716064453,0.3267250657081604,113.34405517578125,-0.029554523527622223
195781,2,10.439704895019531,15.482831954956055,14.852232933044434,0.022718273103237152,113.69561767578125,-0.012544725090265274
195801,2,8.997304916381836,14.937912940979004,16.061904907226562,-0.3640334904193878,114.04718017578125,-0.13076438009738922
195821,2,7.511326313018799,14.31716251373291,15.654356956481934,-0.4468824863433838,114.35481262207031,-0.15287712216377258
195841,2,6.79443359375,13.627756118774414,14.722880363464355,-0.40190398693084717,114.64048767089844,-0.20050610601902008
195861,2,5.25127649307251,12.872335433959961,13.917282104492188,-0.4312175512313843,114.88211059570312,-0.22261884808540344
195881,2,3.640687942504883,12.053753852844238,12.554659843444824,-0.36609992384910583,115.05795288085938,-0.2813042104244232
195901,2,2.0285844802856445,11.1821870803833,12.586488723754883,-0.5814954042434692,115.321533203125,-0.24175487458705902
195921,2,0.40653112530708313,10.2503662109375,11.300329208374023,-0.5529689788818359,115.49737548828125,-0.36465221643447876
195941,2,-0.3420664072036743,9.270004272460938,10.259943008422852,-0.5388235449790955,115.65113830566406,-0.3544463515281677
195961,2,-1.9842736721038818,8.24327278137207,9.020350456237793,-0.5331892371177673,115.80500793457031,-0.38931798934936523
195981,2,-3.6602823734283447,7.173730850219727,7.213812828063965,-0.41616401076316833,115.91484069824219,-0.3327588438987732
196001,2,-5.173810958862305,6.067811489105225,6.236400127410889,-0.4615521728992462,115.98072814941406,-0.3408384919166565
196021,2,-6.788270950317383,4.935015678405762,4.217010974884033,-0.3074670732021332,116.046630859375,-0.3183005154132843
196041,2,-7.51422643661499,3.7771198749542236,3.376657247543335,-0.34878936409950256,116.06871032714844,-0.3314831256866455
196061,2,-9.027660369873047,2.598092794418335,1.900987148284912,-0.29991868138313293,116.09066772460938,-0.2732245624065399
196081,2,-10.511091232299805,1.404239535331726,0.4644932746887207,-0.25717639923095703,116.06871032714844,-0.22091786563396454
196101,2,-11.924817085266113,0.20588240027427673,-0.2567639946937561,-0.35750189423561096,116.046630859375,-0.2855566740036011
196121,2,-13.249190330505371,-0.9991747140884399,-1.0021456480026245,-0.45525655150413513,115.98072814941406,-0.3684794306755066
196141,2,-13.855451583862305,-2.200223207473755,-2.466174364089966,-0.3805539906024933,115.89286804199219,-0.35019388794898987
196161,2,-15.074506759643555,-3.3987224102020264,-3.641356945037842,-0.3833431005477905,115.82696533203125,-0.2953372895717621
196181,2,-16.20683479309082,-4.57653284072876,-4.810057163238525,-0.38360291719436646,115.71714782714844,-0.335735559463501
196201,2,-17.241731643676758,-5.730055809020996,-5.649001598358154,-0.44033291935920715,115.58523559570312,-0.3246791958808899
196221,2,-18.162622451782227,-6.860962390899658,-6.228565692901611,-0.5422312617301941,115.45344543457031,-0.362100750207901
196241,2,-18.56321144104004,-7.959785461425781,-7.392350196838379,-0.5055137276649475,115.27760314941406,-0.3952714204788208
196261,2,-19.267765045166016,-9.020127296447754,-8.223664283752441,-0.5415757894515991,115.12384033203125,-0.38336455821990967
196281,2,-19.92268180847168,-10.04107666015625,-8.129678726196289,-0.7548731565475464,114.92604064941406,-0.4101549983024597
196301,2,-20.46442413330078,-11.014450073242188,-9.255880355834961,-0.7229183912277222,114.70637512207031,-0.5037104487419128
196321,2,-20.888587951660156,-11.933700561523438,-10.452129364013672,-0.6663752794265747,114.46464538574219,-0.5470854043960571
196341,2,-21.175296783447266,-12.797417640686035,-11.051700592041016,-0.7143875956535339,114.22291564941406,-0.5326271057128906
196361,2,-21.267595291137695,-13.599181175231934,-12.43989086151123,-0.5872357487678528,113.93736267089844,-0.5168930292129517
196381,2,-21.3646183013916,-14.336713790893555,-13.064667701721191,-0.5920760035514832,113.67366027832031,-0.4224870800971985
196401,2,-21.335365295410156,-15.004712104797363,-14.180532455444336,-0.48566919565200806,113.34405517578125,-0.38336455821990967
196421,2,-21.177532196044922,-15.600789070129395,-14.711155891418457,-0.47936707735061646,113.01446533203125,-0.4386464059352875
196441,2,-20.877788543701172,-16.121103286743164,-15.284144401550293,-0.4437057077884674,112.68486022949219,-0.3633764982223511
196461,2,-20.695772171020508,-16.56488609313965,-16.279788970947266,-0.3164650499820709,112.35527038574219,-0.3429647386074066
196481,2,-20.21890640258789,-16.92377471923828,-17.37917709350586,-0.1321212202310562,112.00360107421875,-0.1626577526330948
196501,2,-19.60654640197754,-17.20404624938965,-17.94045639038086,-0.03001505322754383,111.69595336914062,-0.012119480408728123
196521,2,-18.883420944213867,-17.4002628326416,-16.388328552246094,-0.3425615727901459,111.432373046875,-0.19837988913059235
196541,2,-18.031137466430664,-17.50986099243164,-17.344642639160156,-0.12902605533599854,110.97085571289062,-0.08441267907619476
196561,2,-17.58564567565918,-17.537731170654297,-15.813270568847656,-0.44024857878685,110.729248046875,-0.2693957984447479
196581,2,-16.584714889526367,-17.473352432250977,-17.975059509277344,0.06070889160037041,110.22381591796875,0.08271170407533646
196601,2,-15.45278263092041,-17.32308006286621,-19.06586456298828,0.3318304717540741,109.91616821289062,-0.037208929657936096
196621,2,-14.218042373657227,-17.089468002319336,-14.221196174621582,-0.5237498879432678,109.71847534179688,-0.020624378696084023
196641,2,-12.931800842285156,-16.769777297973633,-16.90264129638672,0.11392242461442947,109.301025390625,0.081861212849617
196661,2,-12.28103256225586,-16.366657257080078,-16.70458221435547,0.16426479816436768,108.949462890625,0.10142248123884201
196681,2,-10.854745864868164,-15.881125450134277,-16.201366424560547,0.20633035898208618,108.641845703125,0.13118962943553925
196701,2,-9.366900444030762,-15.321695327758789,-16.25737762451172,0.3690626323223114,108.29025268554688,0.16946323215961456
196721,2,-7.816921710968018,-14.68446159362793,-15.592909812927246,0.4093382954597473,108.02658081054688,0.20603430271148682
196741,2,-6.335061550140381,-13.96551513671875,-15.362689971923828,0.5501074194908142,107.78482055664062,0.3327588438987732
196761,2,-4.726873397827148,-13.179855346679688,-14.292473793029785,0.5342943072319031,107.521240234375,0.2910848557949066
196781,2,-3.9383320808410645,-12.336994171142578,-14.173630714416504,0.6885165572166443,107.30148315429688,0.39442092180252075
196801,2,-2.420713424682617,-11.428717613220215,-12.699874877929688,0.6159221529960632,107.10366821289062,0.44162312150001526
196821,2,-0.7367874979972839,-10.446937561035156,-11.000468254089355,0.5100379586219788,106.92794799804688,0.3438152074813843
196841,2,0.9709489345550537,-9.429396629333496,-9.797128677368164,0.5086013674736023,106.796142578125,0.3808130919933319
196861,2,2.528768301010132,-8.356819152832031,-8.250443458557129,0.4330633878707886,106.66424560546875,0.24430634081363678
196881,2,4.172332286834717,-7.2462544441223145,-7.5313568115234375,0.5302691459655762,106.57638549804688,0.28683239221572876
196901,2,5.918854236602783,-6.093533039093018,-5.617585182189941,0.40237149596214294,106.510498046875,0.2957625389099121
196921,2,6.690284252166748,-4.912779331207275,-3.8418807983398438,0.26084041595458984,106.466552734375,0.23707717657089233
196941,2,8.435635566711426,-3.7005205154418945,-3.32167387008667,0.409717857837677,106.444580078125,0.24047914147377014
196961,2,9.89281940460205,-2.4677159786224365,-1.2203618288040161,0.23864798247814178,106.444580078125,0.24388109147548676
196981,2,11.368521690368652,-1.2182492017745972,-0.34307989478111267,0.30910319089889526,106.444580078125,0.17626714706420898
197001,2,12.856536865234375,0.03535512834787369,1.3255211114883423,0.226763054728508,106.466552734375,0.19837988913059235
197021,2,13.499622344970703,1.2868149280548096,1.722744107246399,0.36018627882003784,106.510498046875,0.24090437591075897
197041,2,14.804473876953125,2.5338828563690186,2.7452285289764404,0.4037131071090698,106.55441284179688,0.27535077929496765
197061,2,16.06791114807129,3.7762980461120605,3.602747678756714,0.4816431999206543,106.64227294921875,0.35189488530158997
197081,2,17.166507720947266,5.000112533569336,3.715975284576416,0.7017397284507751,106.73013305664062,0.4037763178348541
197101,2,18.226346969604492,6.198876857757568,4.417726993560791,0.8089990019798279,106.88400268554688,0.5326271057128906
197121,2,18.66158103942871,7.368788242340088,5.952179431915283,0.725898265838623,107.03778076171875,0.6215048432350159
197141,2,19.523313522338867,8.507542610168457,6.1350202560424805,0.9277771711349487,107.191650390625,0.6721090078353882
197161,2,20.266624450683594,9.600411415100098,7.350316047668457,0.9124999046325684,107.36737060546875,0.6359632015228271
197181,2,20.882492065429688,10.643571853637695,8.959856986999512,0.7990368008613586,107.60910034179688,0.5819570422172546
197201,2,21.34836196899414,11.636041641235352,9.907693862915039,0.8050128221511841,107.850830078125,0.6112989783287048
197221,2,21.524139404296875,12.570524215698242,10.018560409545898,0.9666334390640259,108.13638305664062,0.7303690910339355
197241,2,21.804288864135742,13.442447662353516,11.745948791503906,0.7968100905418396,108.42205810546875,0.7218642234802246
197261,2,21.945215225219727,14.247577667236328,13.316034317016602,0.628174901008606,108.72970581054688,0.5896114706993103
197281,2,21.944299697875977,14.980836868286133,15.002172470092773,0.4148697257041931,109.05929565429688,0.41908514499664307
197301,2,21.798503875732422,15.639036178588867,15.615212440490723,0.3860621452331543,109.36691284179688,0.27194881439208984
197321,2,21.687772750854492,16.218738555908203,16.50998306274414,0.29087698459625244,109.76242065429688,0.21453920006752014
197341,2,21.34178924560547,16.717775344848633,17.038833618164062,0.24946585297584534,110.13595581054688,0.24388109147548676
197361,2,20.8569278717041,17.130268096923828,16.899309158325195,0.3140975832939148,110.48751831054688,0.14479902386665344
197381,2,20.238277435302734,17.4576473236084,19.54996681213379,-0.19194719195365906,110.92694091796875,0.029981331899762154
197401,2,19.470956802368164,17.694931030273438,16.09935760498047,0.4891391098499298,111.124755859375,0.15670588612556458
197421,2,19.091575622558594,17.841854095458984,20.40083122253418,-0.35723409056663513,111.69595336914062,0.009993256069719791
197441,2,18.164714813232422,17.897336959838867,15.704643249511719,0.5506356358528137,111.805908203125,0.2757760286331177
197461,2,17.079784393310547,17.85982894897461,19.16446876525879,-0.20933274924755096,112.31134033203125,-0.19965562224388123
197481,2,15.92504596710205,17.734132766723633,21.82337188720703,-0.7938913702964783,112.75076293945312,-0.041886623948812485
197501,2,14.759425163269043,17.512224197387695,16.379575729370117,0.1791376769542694,112.860595703125,-0.10950213670730591
197521,2,13.395646095275879,17.201135635375977,16.95804786682129,-0.049534354358911514,113.190185546875,-0.11290409415960312
197541,2,12.745861053466797,16.80730628967285,16.993606567382812,-0.1506129652261734,113.563720703125,-0.1452227085828781
197561,2,11.272768020629883,16.31329345703125,16.817279815673828,-0.2648106813430786,113.84938049316406,-0.2379276603460312
197581,2,9.663138389587402,15.746213912963867,16.88496208190918,-0.4433218836784363,114.17898559570312,-0.2528112530708313
197601,2,8.11452579498291,15.099722862243652,16.107675552368164,-0.46716970205307007,114.46464538574219,-0.3276559114456177
197621,2,6.363589286804199,14.368220329284668,15.59448528289795,-0.5600652694702148,114.72834777832031,-0.3034169375896454
197641,2,5.559356689453125,13.567255973815918,14.091764450073242,-0.42264264822006226,114.969970703125,-0.2315489947795868
197661,2,3.85019850730896,12.689164161682129,12.60045051574707,-0.33370083570480347,115.16777038574219,-0.23069849610328674
197681,2,2.0726256370544434,11.743926048278809,11.784936904907227,-0.39203941822052,115.343505859375,-0.23239947855472565
197701,2,0.2521790564060211,10.733288764953613,10.0606689453125,-0.27799469232559204,115.51933288574219,-0.16436029970645905
197721,2,-1.5427578687667847,9.668829917907715,8.903918266296387,-0.2806469202041626,115.65113830566406,-0.14904990792274475
197741,2,-2.388911008834839,8.560640335083008,7.540267467498779,-0.2075290083885193,115.78303527832031,-0.13799354434013367
197761,2,-4.313249588012695,7.407434940338135,6.395212173461914,-0.2341039776802063,115.84893798828125,-0.20858576893806458
197781,2,-5.922351837158203,6.205451011657715,5.444516181945801,-0.296527624130249,115.93679809570312,-0.2579141855239868
197801,2,-7.610951900482178,4.96610689163208,4.6737589836120605,-0.40338608622550964,116.00270080566406,-0.26471808552742004
197821,2,-9.334676742553711,3.7038373947143555,3.0494773387908936,-0.3494987189769745,116.024658203125,-0.33701130747795105
197841,2,-10.112566947937012,2.4251208305358887,2.2508440017700195,-0.4187980890274048,116.046630859375,-0.31107136607170105
197861,2,-11.692867279052734,1.129764199256897,0.010346144437789917,-0.23899629712104797,116.046630859375,-0.26982104778289795
197881,2,-13.196680068969727,-0.17854812741279602,0.05801853537559509,-0.5143699645996094,116.024658203125,-0.36932989954948425
197901,2,-14.613842964172363,-1.4826971292495728,-1.4617738723754883,-0.4763728082180023,115.98072814941406,-0.336586058139801
197921,2,-15.987360954284668,-2.784412384033203,-2.968677282333374,-0.43926700949668884,115.93679809570312,-0.335735559463501
197941,2,-16.55327606201172,-4.073794841766357,-3.0871708393096924,-0.6437503099441528,115.82696533203125,-0.41228121519088745
197961,2,-17.733726501464844,-5.349226951599121,-4.646060466766357,-0.5926553010940552,115.71714782714844,-0.469689279794693
197981,2,-18.814687728881836,-6.592553615570068,-5.421829700469971,-0.6866933703422546,115.58523559570312,-0.47096502780914307
198001,2,-19.76887321472168,-7.799341201782227,-6.966207027435303,-0.6153338551521301,115.45344543457031,-0.40887925028800964
198021,2,-20.586273193359375,-8.969583511352539,-7.702907085418701,-0.6967431306838989,115.25564575195312,-0.4858485758304596
198041,2,-20.915266036987305,-10.09421157836914,-9.216931343078613,-0.5980242490768433,115.03598022460938,-0.4918035864830017
198061,2,-21.53270721435547,-11.16742992401123,-9.768177032470703,-0.6936736106872559,114.86013793945312,-0.4888252913951874
198081,2,-22.015029907226562,-12.183333396911621,-11.264811515808105,-0.5912057757377625,114.618408203125,-0.5049861669540405
198101,2,-22.33209991455078,-13.137086868286133,-11.93980598449707,-0.6316938996315002,114.37678527832031,-0.5041356682777405
198121,2,-22.52154541015625,-14.020549774169922,-13.046524047851562,-0.5686889886856079,114.11308288574219,-0.41695889830589294
198141,2,-22.55535316467285,-14.831498146057129,-14.680475234985352,-0.377492755651474,113.82742309570312,-0.29448679089546204
198161,2,-22.5173282623291,-15.564942359924316,-14.458358764648438,-0.5401166081428528,113.541748046875,-0.3552968204021454
198181,2,-22.331512451171875,-16.21617889404297,-15.636367797851562,-0.4089354872703552,113.190185546875,-0.361675500869751
198201,2,-21.998456954956055,-16.783203125,-15.493898391723633,-0.5210031867027283,112.860595703125,-0.33998802304267883
198221,2,-21.498214721679688,-17.261627197265625,-16.389057159423828,-0.4019322991371155,112.55307006835938,-0.2621666193008423
198241,2,-21.223073959350586,-17.648767471313477,-16.562049865722656,-0.4251469671726227,112.15757751464844,-0.29618778824806213
198261,2,-20.534517288208008,-17.942106246948242,-17.161989212036133,-0.331066757440567,111.805908203125,-0.2447315901517868
198281,2,-19.693126678466797,-18.14042854309082,-17.46178436279297,-0.2714647054672241,111.454345703125,-0.18222057819366455
198301,2,-18.737905502319336,-18.24540901184082,-18.587196350097656,-0.028334710747003555,111.080810546875,-0.13799354434013367
198321,2,-17.624317169189453,-18.25096893310547,-16.0714054107666,-0.4888576865196228,110.86105346679688,-0.25025975704193115
198341,2,-17.07278823852539,-18.15921974182129,-20.120136260986328,0.35091328620910645,110.31179809570312,0.0380609855055809
198361,2,-15.7931489944458,-17.96230125427246,-15.20173454284668,-0.5516220927238464,110.20184326171875,-0.24898403882980347
198381,2,-14.436491012573242,-17.669673919677734,-18.09536361694336,0.13889577984809875,109.652587890625,0.137569859623909
198401,2,-12.944559097290039,-17.293880462646484,-19.03512191772461,0.42201465368270874,109.301025390625,-0.08951561897993088
198421,2,-11.339149475097656,-16.819963455200195,-13.463098526000977,-0.5254178643226624,109.14715576171875,0.012544725090265274
198441,2,-10.600935935974121,-16.255401611328125,-16.14599609375,0.1222197636961937,108.68576049804688,0.08611366152763367
198461,2,-8.905228614807129,-15.593450546264648,-15.94902515411377,0.25747203826904297,108.40008544921875,0.17371568083763123
198481,2,-7.174055576324463,-14.855788230895996,-15.234724998474121,0.3065950572490692,108.07049560546875,0.18434680998325348
198501,2,-5.361996650695801,-14.042716026306152,-15.727646827697754,0.6117168068885803,107.76287841796875,0.24175487458705902
198521,2,-3.5067243576049805,-13.14765453338623,-13.795619010925293,0.45461732149124146,107.499267578125,0.32042673230171204
198541,2,-2.6220312118530273,-12.187054634094238,-13.776453018188477,0.645058274269104,107.213623046875,0.3510443866252899
198561,2,-0.7786659598350525,-11.151803970336914,-13.018180847167969,0.7468844652175903,107.01580810546875,0.44162312150001526
198581,2,1.0744887590408325,-10.062559127807617,-12.23508358001709,0.8588517308235168,106.862060546875,0.5449591875076294
198601,2,2.9460079669952393,-8.917455673217773,-10.8253173828125,0.8606868386268616,106.73013305664062,0.623205840587616
198621,2,4.880795478820801,-7.714713096618652,-8.684775352478027,0.7221734523773193,106.59835815429688,0.5743026733398438
198641,2,5.739418029785156,-6.46609354019165,-7.181802749633789,0.6636258363723755,106.510498046875,0.5058366656303406
198661,2,7.5511627197265625,-5.18796968460083,-5.515862464904785,0.6130809783935547,106.444580078125,0.43652018904685974
198681,2,9.313881874084473,-3.871331214904785,-4.022652626037598,0.5987219214439392,106.42251586914062,0.4131317138671875
198701,2,10.849530220031738,-2.534679412841797,-2.6566288471221924,0.6049641370773315,106.444580078125,0.4815976917743683
198721,2,12.5116548538208,-1.184717059135437,-1.4618587493896484,0.6521602272987366,106.466552734375,0.4867006540298462
198741,2,14.07166862487793,0.17578159272670746,0.35016709566116333,0.5744789242744446,106.53244018554688,0.45310473442077637
198761,2,14.753196716308594,1.537838339805603,1.9627370834350586,0.49402090907096863,106.59835815429688,0.42036086320877075
198781,2,16.169883728027344,2.9000139236450195,2.802112579345703,0.5971391797065735,106.68621826171875,0.3905937373638153
198801,2,17.46385955810547,4.239190578460693,4.245136260986328,0.573396623134613,106.818115234375,0.3761354088783264
198821,2,18.659311294555664,5.552605152130127,5.632992744445801,0.5498872995376587,106.99383544921875,0.3740091621875763
198841,2,19.756916046142578,6.841566562652588,6.820158004760742,0.5571216344833374,107.125732421875,0.3476424217224121
198861,2,20.20869255065918,8.096933364868164,7.210615158081055,0.6984226703643799,107.32342529296875,0.4722423255443573
198881,2,21.053003311157227,9.312291145324707,9.597002983093262,0.45528313517570496,107.565185546875,0.43141722679138184
198901,2,21.724388122558594,10.475340843200684,9.582708358764648,0.6731616258621216,107.78482055664062,0.4820229411125183
198921,2,22.311565399169922,11.581127166748047,10.995504379272461,0.5999353528022766,108.02658081054688,0.4832986891269684
198941,2,22.718576431274414,12.624588012695312,11.751367568969727,0.6352131366729736,108.268310546875,0.42333757877349854
198961,2,23.01703453063965,13.59969425201416,13.108756065368652,0.5367545485496521,108.53201293945312,0.3935704231262207
198981,2,23.15584373474121,14.502117156982422,13.824613571166992,0.5469380617141724,108.81756591796875,0.39101895689964294
199001,2,23.166711807250977,15.326258659362793,14.538546562194824,0.5383420586585999,109.12518310546875,0.33403459191322327
199021,2,23.075103759765625,16.06649398803711,15.122400283813477,0.5428833961486816,109.45477294921875,0.4258890450000763
199041,2,22.814611434936523,16.719186782836914,16.15936851501465,0.4348016083240509,109.80633544921875,0.3582751154899597
199061,2,22.40924835205078,17.281597137451172,16.168254852294922,0.5133123993873596,110.13595581054688,0.3969723880290985
199081,2,21.816240310668945,17.74836540222168,16.347166061401367,0.5387112498283386,110.50949096679688,0.4016501009464264
199101,2,21.506017684936523,18.117408752441406,17.724624633789062,0.3203974664211273,110.90496826171875,0.29491204023361206
199121,2,20.72488021850586,18.383241653442383,17.480510711669922,0.38248392939567566,111.25653076171875,0.2519623041152954
199141,2,19.778095245361328,18.55091667175293,18.276844024658203,0.2168375849723816,111.65203857421875,0.21326346695423126
199161,2,18.67717933654785,18.61896324157715,18.810321807861328,0.07841704040765762,112.02555847167969,0.13629412651062012
199181,2,17.45857810974121,18.58084487915039,18.810197830200195,0.025045504793524742,112.39920043945312,0.12098374962806702
199201,2,16.86654281616211,18.439565658569336,16.79608154296875,0.37151142954826355,112.72879028320312,0.06017372012138367
199221,2,15.484403610229492,18.19487762451172,19.505054473876953,-0.24857281148433685,113.16822814941406,0.07930974662303925
199241,2,14.005255699157715,17.856122970581055,14.278599739074707,0.6725345253944397,113.32209777832031,0.17031371593475342
199261,2,12.529948234558105,17.406084060668945,17.686256408691406,-0.13864095509052277,113.80545043945312,-0.058047495782375336
199281,2,10.893314361572266,16.868885040283203,19.254718780517578,-0.5973963737487793,114.20094299316406,-0.12693718075752258
199301,2,9.062318801879883,16.23120880126953,17.937129974365234,-0.5262887477874756,114.46464538574219,-0.27535077929496765
199321,2,8.22038459777832,15.499975204467773,17.100326538085938,-0.5233694911003113,114.77227783203125,-0.3650774657726288
199341,2,6.221404552459717,14.683991432189941,15.845301628112793,-0.5032941102981567,115.03598022460938,-0.4131317138671875
199361,2,4.4647417068481445,13.778554916381836,15.215545654296875,-0.6096619963645935,115.29957580566406,-0.4522542357444763
199381,2,2.557558059692383,12.8053617477417,14.079971313476562,-0.631390392780304,115.56327819824219,-0.4288657605648041
199401,2,0.5377078652381897,11.753355979919434,13.219066619873047,-0.7242035269737244,115.78303527832031,-0.4918035864830017
199421,2,-1.229190468788147,10.625812530517578,12.115007400512695,-0.7687681317329407,115.93679809570312,-0.49435505270957947
199441,2,-2.112067222595215,9.446246147155762,10.074962615966797,-0.5995010137557983,116.06871032714844,-0.541557252407074
199461,2,-4.057153224945068,8.202519416809082,8.57982349395752,-0.586614727973938,116.20050048828125,-0.45948341488838196
199481,2,-6.000437259674072,6.928374767303467,7.160648822784424,-0.5913009643554688,116.31033325195312,-0.4369454085826874
199501,2,-7.733355522155762,5.605112552642822,4.854086399078369,-0.41158774495124817,116.35426330566406,-0.36465221643447876
199521,2,-9.554052352905273,4.244799613952637,3.0093610286712646,-0.3261922597885132,116.398193359375,-0.2655685842037201
199541,2,-11.368448257446289,2.8631742000579834,2.64496111869812,-0.5369452834129333,116.398193359375,-0.2927858233451843
199561,2,-12.165217399597168,1.462456226348877,0.6138803958892822,-0.37965667247772217,116.376220703125,-0.3089451193809509
199581,2,-13.822521209716797,0.04297032952308655,-1.0585813522338867,-0.3314507007598877,116.33229064941406,-0.3136228322982788
199601,2,-15.423684120178223,-1.3705135583877563,-1.471379280090332,-0.5309801697731018,116.26640319824219,-0.35146963596343994
199621,2,-16.895355224609375,-2.7813167572021484,-2.3039214611053467,-0.6424294114112854,116.20050048828125,-0.3246791958808899
199641,2,-18.223846435546875,-4.175325870513916,-3.735417604446411,-0.6351043581962585,116.06871032714844,-0.43652018904685974
199661,2,-18.831029891967773,-5.541832447052002,-4.492334365844727,-0.7296708226203918,115.93679809570312,-0.49052783846855164
199681,2,-19.97180938720703,-6.889969348907471,-5.523958683013916,-0.7924438118934631,115.78303527832031,-0.5377300381660461
199701,2,-20.995960235595703,-8.195574760437012,-7.140113830566406,-0.7301257848739624,115.58523559570312,-0.5492116212844849
199721,2,-21.867563247680664,-9.453968048095703,-8.800735473632812,-0.6426292657852173,115.43147277832031,-0.4952055513858795
199741,2,-22.5695858001709,-10.662403106689453,-9.258180618286133,-0.7779847979545593,115.21170043945312,-0.4888252913951874
199761,2,-22.85233497619629,-11.811986923217773,-11.381591796875,-0.5558260679244995,114.969970703125,-0.46246013045310974
199781,2,-23.322307586669922,-12.895917892456055,-10.954849243164062,-0.8432114720344543,114.70637512207031,-0.5513378977775574
199801,2,-23.633466720581055,-13.908961296081543,-12.332562446594238,-0.7643439173698425,114.39875793457031,-0.6440428495407104
199821,2,-23.773937225341797,-14.842105865478516,-13.442444801330566,-0.7148560881614685,114.11308288574219,-0.5534641146659851
199841,2,-23.780441284179688,-15.692525863647461,-15.268669128417969,-0.4960142970085144,113.76152038574219,-0.4875495731830597
199861,2,-23.66348648071289,-16.45449447631836,-15.235671043395996,-0.6262351274490356,113.43193054199219,-0.4305667579174042
199881,2,-23.375043869018555,-17.123065948486328,-16.621856689453125,-0.4471374750137329,113.08036804199219,-0.33190834522247314
199901,2,-22.918556213378906,-17.694089889526367,-17.62697982788086,-0.32483890652656555,112.68486022949219,-0.3310578763484955
199921,2,-22.2996768951416,-18.16434097290039,-17.914535522460938,-0.31485921144485474,112.33329772949219,-0.24855878949165344
199941,2,-21.571073532104492,-18.533443450927734,-18.59050750732422,-0.20374347269535065,111.95965576171875,-0.15542858839035034
199961,2,-21.072301864624023,-18.798187255859375,-18.754011154174805,-0.18551553785800934,111.56417846679688,-0.10142248123884201
199981,2,-20.105520248413086,-18.949649810791016,-19.112815856933594,-0.10267601162195206,111.21261596679688,-0.14394697546958923
200001,2,-18.923627853393555,-18.99152183532715,-16.11590003967285,-0.6484063863754272,110.97085571289062,-0.19370219111442566
200021,2,-17.668729782104492,-18.923297882080078,-22.615802764892578,0.6965106725692749,110.377685546875,0.07803400605916977
200041,2,-16.20384407043457,-18.74950408935547,-17.927711486816406,-0.13939328491687775,110.17987060546875,-0.05039152503013611
200061,2,-15.506096839904785,-18.46661949157715,-16.881364822387695,-0.2547968626022339,109.82830810546875,0.1426728069782257
200081,2,-13.88868522644043,-18.0676212310791,-19.005287170410156,0.2950272262096405,109.36691284179688,0.1158808097243309
200101,2,-12.153614044189453,-17.56846809387207,-18.465808868408203,0.34178754687309265,109.01535034179688,0.12183423340320587
200121,2,-10.415175437927246,-16.967458724975586,-17.853988647460938,0.39261049032211304,108.66378784179688,0.16776224970817566
200141,2,-8.501832008361816,-16.272491455078125,-17.612733840942383,0.537537157535553,108.33419799804688,0.23112374544143677
200161,2,-7.603523254394531,-15.480704307556152,-16.91998291015625,0.5679008364677429,108.07049560546875,0.27535077929496765
200181,2,-5.621361255645752,-14.586503982543945,-15.992060661315918,0.6170694828033447,107.78482055664062,0.3548731505870819
200201,2,-3.593104124069214,-13.615500450134277,-14.649945259094238,0.5929529666900635,107.521240234375,0.3472171723842621
200221,2,-1.521172046661377,-12.560606956481934,-14.82311725616455,0.890617847442627,107.30148315429688,0.47606950998306274
200241,2,0.5004163980484009,-11.436055183410645,-12.733512878417969,0.7527527213096619,107.125732421875,0.5062618851661682
200261,2,1.4607113599777222,-10.244224548339844,-10.727704048156738,0.5888869166374207,106.94992065429688,0.4599086344242096
200281,2,3.542100191116333,-8.988131523132324,-9.737720489501953,0.6824933886528015,106.818115234375,0.49222883582115173
200301,2,5.579011917114258,-7.6769561767578125,-8.679375648498535,0.7677222490310669,106.70819091796875,0.43481919169425964
200321,2,7.60811185836792,-6.325179576873779,-5.756746768951416,0.49084869027137756,106.66424560546875,0.4586329162120819
200341,2,9.502082824707031,-4.928300857543945,-4.07333517074585,0.44862622022628784,106.62030029296875,0.34168899059295654
200361,2,10.407039642333984,-3.502368688583374,-2.0641121864318848,0.2966585159301758,106.55441284179688,0.23707717657089233
200381,2,12.22070598602295,-2.044203281402588,-0.33834928274154663,0.24218253791332245,106.57638549804688,0.17073896527290344
200401,2,14.02331256866455,-0.5800051093101501,0.9787824749946594,0.267457515001297,106.57638549804688,0.18222057819366455
200421,2,15.631816864013672,0.8885453343391418,0.5575757026672363,0.6373122334480286,106.59835815429688,0.2825799584388733
200441,2,17.217914581298828,2.351836919784546,1.8219022750854492,0.6843168139457703,106.68621826171875,0.4356696903705597
200461,2,17.891080856323242,3.805732250213623,3.086913824081421,0.6960007548332214,106.796142578125,0.5168930292129517
200481,2,19.230012893676758,5.2450947761535645,4.981106281280518,0.6120637655258179,106.92794799804688,0.5564408302307129
200501,2,20.463172912597656,6.64948844909668,5.456597328186035,0.7970216870307922,107.05975341796875,0.5564408302307129
200521,2,21.510908126831055,8.017427444458008,6.675102233886719,0.8266060948371887,107.213623046875,0.5976911187171936
200541,2,22.44465446472168,9.338248252868652,7.7503743171691895,0.8770093321800232,107.38934326171875,0.6023688316345215
200561,2,22.799171447753906,10.606130599975586,9.463615417480469,0.7673887610435486,107.63107299804688,0.6346874237060547
200581,2,23.468425750732422,11.813739776611328,10.678786277770996,0.7540039420127869,107.82888793945312,0.5764288902282715
200601,2,23.959177017211914,12.952644348144531,11.959177017211914,0.7116459608078003,108.09246826171875,0.5479359030723572
200621,2,24.26708984375,14.016788482666016,11.769448280334473,0.9435756802558899,108.37814331054688,0.6053455471992493
200641,2,24.402273178100586,14.99878978729248,13.665647506713867,0.741724967956543,108.70773315429688,0.5896114706993103
200661,2,24.40093421936035,15.893568992614746,15.613808631896973,0.5054765939712524,109.01535034179688,0.4773452579975128
200681,2,24.264217376708984,16.695053100585938,16.409868240356445,0.4650128483772278,109.344970703125,0.3459414541721344
200701,2,23.940969467163086,17.397958755493164,17.654361724853516,0.31564509868621826,109.71847534179688,0.2855566740036011
200721,2,23.456968307495117,17.999752044677734,17.36761474609375,0.4470173716545105,110.09201049804688,0.31404808163642883
200741,2,22.757617950439453,18.4937744140625,17.430992126464844,0.484355628490448,110.46554565429688,0.28980910778045654
200761,2,22.390701293945312,18.878156661987305,18.986095428466797,0.22413629293441772,110.86105346679688,0.22942276298999786
200781,2,21.48284149169922,19.146881103515625,18.137561798095703,0.3952470123767853,111.23455810546875,0.2043333202600479
200801,2,20.382986068725586,19.304731369018555,18.66425323486328,0.26943239569664,111.63006591796875,0.14862622320652008
200821,2,19.150577545166016,19.35157585144043,19.401710510253906,0.07931216061115265,112.00360107421875,0.07888449728488922
200841,2,17.732419967651367,19.279659271240234,17.159252166748047,0.4551098346710205,112.24543762207031,0.19837988913059235
200861,2,17.028858184814453,19.091449737548828,21.333011627197266,-0.4250458776950836,112.81666564941406,-0.052092503756284714
200881,2,15.45036506652832,18.786611557006836,16.667274475097656,0.377994179725647,112.97053527832031,0.017222419381141663
200901,2,13.714940071105957,18.36767578125,17.17059326171875,0.13836000859737396,113.34405517578125,-0.007441786117851734
200921,2,11.936697006225586,17.838802337646484,18.085939407348633,-0.20336119830608368,113.73956298828125,-0.15287712216377258
200941,2,9.992120742797852,17.203304290771484,19.73858642578125,-0.7210795879364014,114.09112548828125,-0.284706175327301
200961,2,9.081182479858398,16.464027404785156,19.01800537109375,-0.7501974701881409,114.39875793457031,-0.44800180196762085
200981,2,7.07395076751709,15.623379707336426,17.247528076171875,-0.6317980885505676,114.68441772460938,-0.42376282811164856
201001,2,4.978518009185791,14.695234298706055,15.417266845703125,-0.5157701373100281,114.94801330566406,-0.4016501009464264
201021,2,2.834740400314331,13.673759460449219,13.887290954589844,-0.4643491804599762,115.18974304199219,-0.30469268560409546
201041,2,0.6789039969444275,12.561408996582031,12.764954566955566,-0.5073938369750977,115.40951538085938,-0.3178752660751343
201061,2,-0.30818235874176025,11.373153686523438,10.700372695922852,-0.32423314452171326,115.60720825195312,-0.31574904918670654
201081,2,-2.4802989959716797,10.1029691696167,10.05617618560791,-0.48883163928985596,115.76107788085938,-0.38166359066963196
201101,2,-4.592296600341797,8.781773567199707,9.232080459594727,-0.6245177388191223,115.89286804199219,-0.43184247612953186
201121,2,-6.76412296295166,7.401264667510986,7.642420768737793,-0.6205580830574036,115.98072814941406,-0.43184247612953186
201141,2,-8.780022621154785,5.977538585662842,6.206232070922852,-0.645043134689331,116.046630859375,-0.45395520329475403
201161,2,-9.727988243103027,4.5179667472839355,4.281137943267822,-0.5266164541244507,116.09066772460938,-0.3489181697368622
201181,2,-11.699600219726562,3.0174245834350586,3.4046828746795654,-0.6690910458564758,116.06871032714844,-0.44459983706474304
201201,2,-13.61573600769043,1.5040100812911987,1.4915802478790283,-0.6096931099891663,116.06871032714844,-0.4892505407333374
201221,2,-15.308879852294922,-0.020082367584109306,0.35456302762031555,-0.6960550546646118,116.00270080566406,-0.5117900967597961
201241,2,-17.02126121520996,-1.5412087440490723,-1.3949079513549805,-0.6587826609611511,115.95877075195312,-0.43141722679138184
201261,2,-17.788244247436523,-3.0517354011535645,-3.0894405841827393,-0.5899954438209534,115.87089538574219,-0.45395520329475403
201281,2,-19.243906021118164,-4.554504871368408,-4.357261657714844,-0.6361926794052124,115.73910522460938,-0.4713902473449707
201301,2,-20.581649780273438,-6.032195568084717,-5.927495956420898,-0.614006757736206,115.56327819824219,-0.499883234500885
201321,2,-21.700960159301758,-7.472268104553223,-7.272080421447754,-0.6219398379325867,115.38754272460938,-0.470114529132843
201341,2,-22.73443603515625,-8.867444038391113,-8.340045928955078,-0.6779674291610718,115.16777038574219,-0.5079628825187683
201361,2,-23.148780822753906,-10.211195945739746,-9.582258224487305,-0.6655408143997192,114.92604064941406,-0.550912618637085
201381,2,-23.890974044799805,-11.494603157043457,-9.510077476501465,-0.923115074634552,114.72834777832031,-0.5615437626838684
201401,2,-24.475509643554688,-12.710197448730469,-12.584151268005371,-0.541548490524292,114.44268798828125,-0.5883342027664185
201421,2,-24.82817840576172,-13.848127365112305,-12.916205406188965,-0.6731066703796387,114.20094299316406,-0.44459983706474304
201441,2,-25.019670486450195,-14.90192985534668,-14.107192039489746,-0.6202639937400818,113.87135314941406,-0.4650115966796875
201461,2,-25.03913688659668,-15.86589241027832,-13.993088722229004,-0.8023926019668579,113.541748046875,-0.4858485758304596
201481,2,-24.939998626708984,-16.732664108276367,-15.804728507995605,-0.5847242474555969,113.16822814941406,-0.4777689278125763
201501,2,-24.63937759399414,-17.497379302978516,-17.111276626586914,-0.44476866722106934,112.79469299316406,-0.42844051122665405
201521,2,-24.167400360107422,-18.156719207763672,-17.534832000732422,-0.44503122568130493,112.44313049316406,-0.3697551488876343
201541,2,-23.561767578125,-18.70342254638672,-18.58043670654297,-0.29794543981552124,112.02555847167969,-0.24600732326507568
201561,2,-22.711393356323242,-19.135114669799805,-19.193363189697266,-0.20911680161952972,111.63006591796875,-0.2187916487455368
201581,2,-22.24961280822754,-19.452919006347656,-18.870363235473633,-0.30623796582221985,111.25653076171875,-0.20220708847045898
201601,2,-21.145505905151367,-19.644075393676758,-19.38444709777832,-0.1925203651189804,110.83908081054688,-0.18222057819366455
201621,2,-19.86416244506836,-19.71308135986328,-19.295408248901367,-0.1668846756219864,110.42160034179688,-0.09121660143136978
201641,2,-18.42964744567871,-19.662899017333984,-18.919198989868164,-0.17508624494075775,110.026123046875,-0.0865389034152031
201661,2,-16.854820251464844,-19.488853454589844,-18.95332145690918,-0.07003354281187057,109.652587890625,-0.012119480408728123
201681,2,-16.09735107421875,-19.194080352783203,-19.635204315185547,0.11837295442819595,109.301025390625,-0.133741095662117
201701,2,-14.32481575012207,-18.769681930541992,-15.775091171264648,-0.48929017782211304,109.03732299804688,0.024876829236745834
201721,2,-12.429086685180664,-18.235610961914062,-18.685461044311523,0.24584484100341797,108.50991821289062,0.10737590491771698
201741,2,-10.463950157165527,-17.593719482421875,-18.800987243652344,0.45483991503715515,108.18045043945312,0.1928517073392868
201761,2,-8.31955623626709,-16.834800720214844,-19.008987426757812,0.7162833213806152,107.872802734375,0.34168899059295654
201781,2,-7.362074375152588,-15.968706130981445,-16.824920654296875,0.4660643935203552,107.521240234375,0.30596840381622314
201801,2,-5.216945648193359,-15.003873825073242,-16.205446243286133,0.5939156413078308,107.191650390625,0.37145769596099854
201821,2,-2.9801018238067627,-13.940591812133789,-14.945813179016113,0.6135010719299316,106.92794799804688,0.38974323868751526
201841,2,-0.6872186064720154,-12.79538345336914,-14.901097297668457,0.8917035460472107,106.66424560546875,0.4628869295120239
201861,2,1.5297518968582153,-11.561378479003906,-13.150411605834961,0.8457559943199158,106.444580078125,0.5181687474250793
201881,2,2.551896810531616,-10.25606632232666,-11.641881942749023,0.8029346466064453,106.26864624023438,0.5266736745834351
201901,2,4.7922186851501465,-8.882471084594727,-10.176602363586426,0.8363262414932251,106.1368408203125,0.6151261925697327
201921,2,6.996036052703857,-7.452070236206055,-8.36288070678711,0.8043757081031799,106.00503540039062,0.5781298875808716
201941,2,8.950477600097656,-5.973159313201904,-6.400594234466553,0.7346064448356628,105.91708374023438,0.5645204782485962
201961,2,11.039956092834473,-4.449419021606445,-4.3933634757995605,0.6665116548538208,105.87313842773438,0.4790462255477905
201981,2,13.062337875366211,-2.9005637168884277,-3.5803205966949463,0.8369849324226379,105.89511108398438,0.5670719146728516
202001,2,13.967669486999512,-1.3373404741287231,-1.8599075078964233,0.7848073244094849,105.93905639648438,0.6181029081344604
202021,2,15.800010681152344,0.24614407122135162,-1.0627436637878418,0.9611997008323669,105.98309326171875,0.6784876585006714
202041,2,17.521163940429688,1.836745023727417,1.0549581050872803,0.8743066787719727,106.07095336914062,0.6806154847145081
202061,2,19.116727828979492,3.40395450592041,2.7015304565429688,0.8670128583908081,106.1807861328125,0.6283087730407715
202081,2,20.598217010498047,4.955893516540527,5.1445794105529785,0.6900383830070496,106.35662841796875,0.5555903315544128
202101,2,21.21257972717285,6.480234622955322,6.07992696762085,0.7678201198577881,106.53244018554688,0.5475106835365295
202121,2,22.40969467163086,7.970424652099609,8.843079566955566,0.5034445524215698,106.73013305664062,0.47777050733566284
202141,2,23.444040298461914,9.40659236907959,10.490396499633789,0.4382759630680084,106.94992065429688,0.4097297489643097
202161,2,24.294517517089844,10.782034873962402,10.540827751159668,0.6748489737510681,107.191650390625,0.46798986196517944
202181,2,24.939380645751953,12.092740058898926,12.549270629882812,0.5098918080329895,107.47732543945312,0.41865989565849304
202201,2,25.167116165161133,13.328522682189941,13.917675018310547,0.4352831244468689,107.74090576171875,0.35529839992523193
202221,2,25.522186279296875,14.480958938598633,14.65212345123291,0.4804047644138336,108.04852294921875,0.3489181697368622
202241,2,25.674991607666016,15.542177200317383,15.905685424804688,0.40220633149147034,108.33419799804688,0.3697567284107208
202261,2,25.61530303955078,16.50505828857422,16.204925537109375,0.49167221784591675,108.68576049804688,0.39144420623779297
202281,2,25.352291107177734,17.36372184753418,16.86773681640625,0.48946481943130493,109.03732299804688,0.3595508337020874
202301,2,25.164438247680664,18.112991333007812,16.81716537475586,0.6146290302276611,109.38888549804688,0.4195103645324707
202321,2,24.60019874572754,18.74612808227539,17.288394927978516,0.6100876927375793,109.78439331054688,0.4535299837589264
202341,2,23.796300888061523,19.258010864257812,18.580120086669922,0.41504526138305664,110.17987060546875,0.42206186056137085
202361,2,22.905487060546875,19.648296356201172,18.34095001220703,0.4917478859424591,110.55340576171875,0.2987392544746399
202381,2,21.711109161376953,19.914283752441406,19.27330780029297,0.3045461177825928,110.97085571289062,0.24983608722686768
202401,2,21.139375686645508,20.051982879638672,19.451250076293945,0.27093741297721863,111.34439086914062,0.18009436130523682
202421,2,19.74753189086914,20.059917449951172,19.488842010498047,0.20531420409679413,111.69595336914062,0.14182230830192566
202441,2,18.176111221313477,19.939035415649414,20.58991050720215,-0.08894642442464828,112.135498046875,0.0865389034152031
202461,2,16.49273109436035,19.695100784301758,16.440855026245117,0.6192560791969299,112.35527038574219,0.14990197122097015
202481,2,14.568761825561523,19.317794799804688,23.66808319091797,-0.9401949644088745,113.05839538574219,-0.10992737859487534
202501,2,13.666796684265137,18.821882247924805,17.369237899780273,0.19353312253952026,113.16822814941406,0.07335631549358368
202521,2,11.683638572692871,18.186012268066406,16.72549819946289,0.13158980011940002,113.47586059570312,-0.12693718075752258
202541,2,9.47802448272705,17.437612533569336,16.892467498779297,-0.11142624169588089,113.87135314941406,-0.1286381483078003
202561,2,7.4035234451293945,16.569185256958008,16.914514541625977,-0.3485744893550873,114.244873046875,-0.3429647386074066
202581,2,5.035704135894775,15.605558395385742,15.826210021972656,-0.397747665643692,114.55250549316406,-0.41865989565849304
202601,2,3.972341775894165,14.537773132324219,15.14231014251709,-0.4827024042606354,114.88211059570312,-0.40079960227012634
202621,2,1.6585421562194824,13.361472129821777,14.416746139526367,-0.6322944164276123,115.12384033203125,-0.5190192461013794
202641,2,-0.7229942679405212,12.11733627319336,14.050187110900879,-0.8686862587928772,115.36558532714844,-0.5190192461013794
202661,2,-3.091153144836426,10.787551879882812,13.022910118103027,-0.9946680068969727,115.54130554199219,-0.6606273651123047
202681,2,-5.437002182006836,9.387577056884766,10.826021194458008,-0.8981923460960388,115.673095703125,-0.6755109429359436
202701,2,-6.4852142333984375,7.915786266326904,8.752874374389648,-0.7743169069290161,115.80500793457031,-0.6266077756881714
202721,2,-8.738506317138672,6.388900279998779,7.051581382751465,-0.7815877795219421,115.87089538574219,-0.5896099209785461
202741,2,-10.956911087036133,4.82783842086792,5.581400394439697,-0.8362226486206055,115.89286804199219,-0.6219300627708435
202761,2,-12.903807640075684,3.222707986831665,3.4004859924316406,-0.7426097393035889,115.89286804199219,-0.5908856391906738
202781,2,-14.867937088012695,1.600775122642517,1.3688132762908936,-0.6751962304115295,115.87089538574219,-0.46926403045654297
202801,2,-16.784194946289062,-0.038743697106838226,-0.3284837007522583,-0.671023428440094,115.80500793457031,-0.4339686930179596
202821,2,-17.6174373626709,-1.6808075904846191,-1.822252631187439,-0.6599452495574951,115.695068359375,-0.41738414764404297
202841,2,-19.296993255615234,-3.3223071098327637,-4.430187225341797,-0.4610735774040222,115.56327819824219,-0.4037763178348541
202861,2,-20.859704971313477,-4.936860084533691,-5.912809371948242,-0.47644349932670593,115.40951538085938,-0.3591240346431732
202881,2,-22.256881713867188,-6.515608310699463,-6.863349437713623,-0.5856927633285522,115.21170043945312,-0.39101895689964294
202901,2,-23.428442001342773,-8.057602882385254,-8.552031517028809,-0.5339707732200623,114.99205017089844,-0.36635318398475647
202921,2,-23.991498947143555,-9.5477933883667,-8.979876518249512,-0.7047718167304993,114.81620788574219,-0.47734367847442627
202941,2,-24.898847579956055,-10.977476119995117,-10.866543769836426,-0.5966235995292664,114.55250549316406,-0.46756306290626526
202961,2,-25.574617385864258,-12.334269523620605,-11.480565071105957,-0.720908522605896,114.28892517089844,-0.5330523252487183
202981,2,-26.039600372314453,-13.613122940063477,-13.060060501098633,-0.6332438588142395,114.02522277832031,-0.48329710960388184
203001,2,-26.181411743164062,-14.803911209106445,-13.799783706665039,-0.6853706240653992,113.69561767578125,-0.4713902473449707
203021,2,-26.326309204101562,-15.898486137390137,-15.821895599365234,-0.46862420439720154,113.36602783203125,-0.4241880774497986
203041,2,-26.25428009033203,-16.888179779052734,-15.899802207946777,-0.6068300008773804,113.05839538574219,-0.40250056982040405
203061,2,-25.96562957763672,-17.767539978027344,-16.649709701538086,-0.5917248725891113,112.70683288574219,-0.4046268165111542
203081,2,-25.445655822753906,-18.5295352935791,-17.302471160888672,-0.570825457572937,112.31134033203125,-0.44970276951789856
203101,2,-25.12652015686035,-19.169097900390625,-18.38357925415039,-0.4488668739795685,111.93768310546875,-0.32595494389533997
203121,2,-24.309099197387695,-19.68138885498047,-19.316282272338867,-0.3138138949871063,111.54220581054688,-0.2910848557949066
203141,2,-23.280101776123047,-20.06340980529785,-19.53431510925293,-0.294206827878952,111.124755859375,-0.27407506108283997
203161,2,-22.078622817993164,-20.316133499145508,-19.139419555664062,-0.37448349595069885,110.707275390625,-0.2855566740036011
203181,2,-20.635107040405273,-20.430870056152344,-19.046669006347656,-0.35413262248039246,110.333740234375,-0.1613820195198059
203201,2,-19.202972412109375,-20.401988983154297,-20.05485725402832,-0.09245827794075012,109.89422607421875,-0.11843227595090866
203221,2,-18.419841766357422,-20.249692916870117,-19.808454513549805,-0.08668632805347443,109.49871826171875,-0.06357567757368088
203241,2,-16.6407527923584,-19.96204948425293,-18.467864990234375,-0.24475719034671783,109.21304321289062,-0.1813700944185257
203261,2,-14.651476860046387,-19.52813720703125,-19.5031795501709,0.10879825055599213,108.77362060546875,0.02657780796289444
203281,2,-12.655536651611328,-18.965024948120117,-19.44564437866211,0.26494523882865906,108.42205810546875,0.08738939464092255
203301,2,-10.40127182006836,-18.278568267822266,-19.418048858642578,0.46595266461372375,108.04852294921875,0.18689827620983124
203321,2,-9.328734397888184,-17.46648597717285,-18.410913467407227,0.44748425483703613,107.67501831054688,0.29321107268333435
203341,2,-7.04729700088501,-16.534120559692383,-18.037939071655273,0.6250587701797485,107.32342529296875,0.3837898075580597
203361,2,-4.667196750640869,-15.500272750854492,-17.45702362060547,0.7874423861503601,107.01580810546875,0.4475765526294708
203381,2,-2.4835948944091797,-14.35344123840332,-16.149065017700195,0.8145682215690613,106.70819091796875,0.5394310355186462
203401,2,0.03603522107005119,-13.11097240447998,-14.946479797363281,0.8933632969856262,106.466552734375,0.5649456977844238
203421,2,2.461656093597412,-11.76992130279541,-13.05036449432373,0.8433933854103088,106.24667358398438,0.5840833187103271
203441,2,3.6142771244049072,-10.359394073486328,-11.299627304077148,0.7792366147041321,106.04898071289062,0.6125746965408325
203461,2,6.001945495605469,-8.864006042480469,-9.37371826171875,0.7415898442268372,105.89511108398438,0.5623942613601685
203481,2,8.395187377929688,-7.306804180145264,-6.854058742523193,0.5879571437835693,105.7852783203125,0.49095308780670166
203501,2,10.66969108581543,-5.708284378051758,-5.714984893798828,0.7110747694969177,105.69741821289062,0.5394310355186462
203521,2,12.954727172851562,-4.063117027282715,-5.103856563568115,0.9491286277770996,105.67544555664062,0.6317107081413269
203541,2,13.963518142700195,-2.394456624984741,-3.24367094039917,0.8927379250526428,105.67544555664062,0.6810407042503357
203561,2,15.964284896850586,-0.6901248097419739,-1.078991413116455,0.8232355117797852,105.69741821289062,0.5781298875808716
203581,2,17.744009017944336,1.0069503784179688,0.18657955527305603,0.9163673520088196,105.7633056640625,0.5836580395698547
203601,2,19.54681968688965,2.700373649597168,1.8568346500396729,0.9350995421409607,105.87313842773438,0.688269853591919
203621,2,21.171062469482422,4.378265857696533,3.0545806884765625,1.0415637493133545,106.02700805664062,0.7380235195159912
203641,2,22.619050979614258,6.031408786773682,6.008885860443115,0.7849322557449341,106.20272827148438,0.69847571849823
203661,2,23.224855422973633,7.645209312438965,8.4384765625,0.5820516347885132,106.40054321289062,0.5789803266525269
203681,2,24.392541885375977,9.209527969360352,9.031648635864258,0.7563337087631226,106.59835815429688,0.5538893342018127
203701,2,25.277606964111328,10.71877384185791,9.891103744506836,0.8635935187339783,106.862060546875,0.5598427653312683
203721,2,26.03879165649414,12.14682388305664,11.616852760314941,0.7810032367706299,107.147705078125,0.6036445498466492
203741,2,26.53909683227539,13.496512413024902,13.983831405639648,0.549457311630249,107.45523071289062,0.5194445252418518
203761,2,26.879629135131836,14.754544258117676,14.708450317382812,0.6107898354530334,107.78482055664062,0.43822115659713745
203781,2,26.987089157104492,15.914051055908203,16.929290771484375,0.356675386428833,108.15835571289062,0.4420483708381653
203801,2,26.957847595214844,16.96608543395996,16.490859985351562,0.6029953360557556,108.48794555664062,0.4020753502845764
203821,2,26.726572036743164,17.90277862548828,17.502038955688477,0.5411213636398315,108.88345336914062,0.3982481360435486
203841,2,26.252683639526367,18.71816062927246,18.792682647705078,0.39171266555786133,109.279052734375,0.36337804794311523
203861,2,25.63218116760254,19.40310287475586,20.126998901367188,0.20670685172080994,109.696533203125,0.22899752855300903
203881,2,24.77387046813965,19.9591007232666,20.006311416625977,0.27655866742134094,110.07003784179688,0.1992303729057312
203901,2,23.639055252075195,20.375709533691406,20.447874069213867,0.19962605834007263,110.48751831054688,0.13416634500026703
203921,2,23.033546447753906,20.656726837158203,22.06308364868164,-0.10055238008499146,110.97085571289062,0.06697764247655869
203941,2,21.64352798461914,20.789628982543945,19.045412063598633,0.45744839310646057,111.25653076171875,0.16393505036830902
203961,2,19.985713958740234,20.774839401245117,20.63874626159668,0.06859154254198074,111.739990234375,0.07548253983259201
203981,2,18.29034423828125,20.625146865844727,19.62998390197754,0.19987903535366058,112.06959533691406,0.2170906662940979
204001,2,16.307931900024414,20.327394485473633,19.160640716552734,0.14645059406757355,112.53109741210938,-0.028278788551688194
204021,2,15.3544282913208,19.889368057250977,21.083755493164062,-0.3164166510105133,112.94856262207031,0.07293106615543365
204041,2,13.193306922912598,19.308713912963867,15.267946243286133,0.6441978216171265,113.14625549316406,0.04741637408733368
204061,2,10.909314155578613,18.601980209350586,19.01864242553711,-0.29648590087890625,113.69561767578125,-0.08611366152763367
204081,2,8.566190719604492,17.763761520385742,18.62680435180664,-0.44304150342941284,114.02522277832031,-0.14734892547130585
204101,2,6.08019495010376,16.79370880126953,18.336956024169922,-0.6516210436820984,114.35481262207031,-0.3569978177547455
204121,2,4.936663627624512,15.707586288452148,17.130569458007812,-0.6452217102050781,114.64048767089844,-0.48372235894203186
204141,2,2.4359607696533203,14.49825668334961,15.510011672973633,-0.6353691816329956,114.92604064941406,-0.5470854043960571
204161,2,-0.1564609706401825,13.19577407836914,14.676791191101074,-0.7935028672218323,115.21170043945312,-0.5037104487419128
204181,2,-2.4638497829437256,11.802534103393555,12.905689239501953,-0.7690150141716003,115.45344543457031,-0.5283746719360352
204201,2,-4.985903263092041,10.329445838928223,11.445558547973633,-0.8273829221725464,115.62916564941406,-0.5568660497665405
204221,2,-7.351319789886475,8.765942573547363,10.072961807250977,-0.9125807881355286,115.80500793457031,-0.6040698289871216
204241,2,-8.651782989501953,7.156448841094971,8.059555053710938,-0.8318202495574951,115.89286804199219,-0.6555244326591492
204261,2,-11.04890251159668,5.4750142097473145,6.378496170043945,-0.8690988421440125,116.00270080566406,-0.5802545547485352
204281,2,-13.451942443847656,3.75917911529541,3.3102099895477295,-0.6334859728813171,116.024658203125,-0.535178542137146
204301,2,-15.539115905761719,2.0092203617095947,2.2608449459075928,-0.7834140062332153,116.046630859375,-0.5190192461013794
204321,2,-17.652387619018555,0.25696712732315063,1.4529781341552734,-0.9918473362922668,116.00270080566406,-0.5828059911727905
204341,2,-18.60733413696289,-1.4939056634902954,-1.1516566276550293,-0.7961398363113403,115.91484069824219,-0.6274582743644714
204361,2,-20.561397552490234,-3.236100673675537,-2.5285120010375977,-0.8833598494529724,115.80500793457031,-0.6244815587997437
204381,2,-22.08210563659668,-4.97286319732666,-4.862773418426514,-0.7596450448036194,115.65113830566406,-0.5823807716369629
204401,2,-23.522096633911133,-6.667938232421875,-5.900040626525879,-0.8772768974304199,115.49737548828125,-0.5287998914718628
204421,2,-24.83594512939453,-8.322967529296875,-8.06230640411377,-0.765109121799469,115.29957580566406,-0.5598427653312683
204441,2,-25.415897369384766,-9.917119979858398,-9.927255630493164,-0.6680994033813477,115.05795288085938,-0.5058366656303406
204461,2,-26.331039428710938,-11.44356632232666,-10.704141616821289,-0.7927852869033813,114.81620788574219,-0.516467809677124
204481,2,-27.01666259765625,-12.892437934875488,-12.305917739868164,-0.7406684756278992,114.53054809570312,-0.5670719146728516
204501,2,-27.449342727661133,-14.254295349121094,-13.516168594360352,-0.7386195063591003,114.22291564941406,-0.5190192461013794
204521,2,-27.571958541870117,-15.517106056213379,-15.258020401000977,-0.5989382863044739,113.893310546875,-0.43311822414398193
204541,2,-27.650341033935547,-16.67131805419922,-15.669230461120605,-0.7051125168800354,113.541748046875,-0.4828718602657318
204561,2,-27.484769821166992,-17.70839500427246,-16.49004554748535,-0.7043036818504333,113.14625549316406,-0.47564271092414856
204581,2,-27.06985855102539,-18.621456146240234,-17.426713943481445,-0.6576530337333679,112.75076293945312,-0.5049861669540405
204601,2,-26.399009704589844,-19.40160369873047,-18.776729583740234,-0.497791051864624,112.33329772949219,-0.5373047590255737
204621,2,-26.018638610839844,-20.04534339904785,-19.06622886657715,-0.528173565864563,111.91574096679688,-0.38166359066963196
204641,2,-25.011592864990234,-20.545543670654297,-20.507184982299805,-0.28009316325187683,111.49826049804688,-0.2825799584388733
204661,2,-23.76498031616211,-20.898523330688477,-21.414257049560547,-0.10101504623889923,111.058837890625,-0.1613820195198059
204681,2,-22.338825225830078,-21.107864379882812,-20.210111618041992,-0.31351789832115173,110.751220703125,-0.19242645800113678
204701,2,-20.640056610107422,-21.16266632080078,-22.031517028808594,0.11592498421669006,110.24578857421875,-0.018072908744215965
204721,2,-19.830869674682617,-21.065814971923828,-20.163522720336914,-0.2163657397031784,109.91616821289062,-0.15840530395507812
204741,2,-17.881547927856445,-20.806894302368164,-19.77953338623047,-0.15529675781726837,109.47674560546875,0.0380609855055809
204761,2,-15.787333488464355,-20.407583236694336,-22.360321044921875,0.5025002956390381,109.01535034179688,0.09419331699609756
204781,2,-13.500455856323242,-19.85751724243164,-22.04224395751953,0.6307269930839539,108.619873046875,0.18859925866127014
204801,2,-11.16527271270752,-19.167573928833008,-21.87837791442871,0.8191786408424377,108.246337890625,0.36210229992866516
204821,2,-10.041402816772461,-18.340606689453125,-20.171981811523438,0.677514374256134,107.916748046875,0.48457440733909607
204841,2,-7.547674655914307,-17.379745483398438,-19.488445281982422,0.8129622340202332,107.58712768554688,0.49903273582458496
204861,2,-4.970829010009766,-16.290639877319336,-18.05402374267578,0.8196595311164856,107.25753784179688,0.5028599500656128
204881,2,-2.3441295623779297,-15.092801094055176,-15.232162475585938,0.5680116415023804,106.99383544921875,0.4556562006473541
204901,2,0.40467843413352966,-13.77517318725586,-13.877102851867676,0.6242803931236267,106.73013305664062,0.4458755552768707
204921,2,1.6477361917495728,-12.353394508361816,-13.141374588012695,0.7553775906562805,106.53244018554688,0.5126405954360962
204941,2,4.273611545562744,-10.851191520690918,-11.415902137756348,0.7645106911659241,106.35662841796875,0.5445339679718018
204961,2,6.879276752471924,-9.267691612243652,-9.153223037719727,0.6758687496185303,106.20272827148438,0.5241221785545349
204981,2,9.424327850341797,-7.6147003173828125,-7.507784843444824,0.7164081931114197,106.1148681640625,0.5160425305366516
205001,2,12.013343811035156,-5.894441604614258,-5.745964527130127,0.7425390481948853,106.04898071289062,0.4884016215801239
205021,2,13.119311332702637,-4.125884056091309,-3.0385048389434814,0.5227181911468506,106.00503540039062,0.4586329162120819
205041,2,15.417245864868164,-2.336178779602051,-1.769944190979004,0.641059935092926,105.98309326171875,0.4675646126270294
205061,2,17.60297393798828,-0.5254127979278564,-1.110617756843567,0.8848339319229126,106.02700805664062,0.580681324005127
205081,2,19.617650985717773,1.2931671142578125,0.5886276364326477,0.9234970211982727,106.07095336914062,0.649145781993866
205101,2,21.52428436279297,3.1099612712860107,1.8500914573669434,1.0512200593948364,106.1807861328125,0.7469536662101746
205121,2,22.322620391845703,4.901248931884766,5.001820087432861,0.7514774203300476,106.33465576171875,0.7333458065986633
205141,2,23.852115631103516,6.672169208526611,5.899224281311035,0.9203181862831116,106.488525390625,0.6631788611412048
205161,2,25.20966148376465,8.395394325256348,8.590359687805176,0.7177711129188538,106.66424560546875,0.6338369250297546
205181,2,26.24423599243164,10.052005767822266,9.063040733337402,0.9301307797431946,106.862060546875,0.5700486302375793
205201,2,27.11296844482422,11.637823104858398,11.003643035888672,0.8360857367515564,107.147705078125,0.6393651366233826
205221,2,27.796463012695312,13.138851165771484,12.167760848999023,0.8806598782539368,107.43325805664062,0.6644545793533325
205241,2,28.008182525634766,14.546035766601562,13.809521675109863,0.790822446346283,107.74090576171875,0.6049202680587769
205261,2,28.286142349243164,15.847447395324707,15.565255165100098,0.6645655632019043,108.09246826171875,0.5390057563781738
205281,2,28.30283546447754,17.03407096862793,16.381328582763672,0.692721962928772,108.42205810546875,0.5453844666481018
205301,2,28.06192970275879,18.09693717956543,17.691007614135742,0.5946173667907715,108.81756591796875,0.5211454629898071
205321,2,27.541669845581055,19.02770233154297,18.797998428344727,0.4980563521385193,109.23501586914062,0.4046268165111542
205341,2,27.226118087768555,19.819536209106445,20.811386108398438,0.20866034924983978,109.652587890625,0.28810814023017883
205361,2,26.345020294189453,20.465370178222656,20.75961685180664,0.2763190269470215,110.048095703125,0.2251703143119812
205381,2,25.213157653808594,20.959476470947266,20.609209060668945,0.3319421112537384,110.46554565429688,0.22006738185882568
205401,2,23.99553108215332,21.300582885742188,21.357131958007812,0.18422484397888184,110.92694091796875,0.13076438009738922
205421,2,22.4024715423584,21.487606048583984,20.13446617126465,0.38716939091682434,111.30047607421875,0.16606126725673676
205441,2,20.62228775024414,21.51113510131836,20.61937713623047,0.2199537456035614,111.739990234375,0.13799510896205902
205461,2,19.741056442260742,21.375228881835938,21.270092010498047,0.05104754865169525,112.135498046875,0.12523619830608368
205481,2,17.69928741455078,21.079160690307617,20.052242279052734,0.14716286957263947,112.57504272460938,-0.026152562350034714
205501,2,15.488194465637207,20.62655258178711,22.08087921142578,-0.3959762156009674,113.03642272949219,0.0291308406740427
205521,2,13.125433921813965,20.029422760009766,16.170459747314453,0.5728806853294373,113.212158203125,0.00021262247173581272
205541,2,10.530525207519531,19.275808334350586,18.03534698486328,-0.021000389009714127,113.69561767578125,-0.09759527444839478
205561,2,9.327138900756836,18.384899139404297,19.744775772094727,-0.5474955439567566,114.13505554199219,-0.25366172194480896
205581,2,6.7212018966674805,17.346101760864258,19.2783260345459,-0.7378788590431213,114.48661804199219,-0.3986733853816986
205601,2,3.9700307846069336,16.1746826171875,17.50080680847168,-0.6910667419433594,114.83818054199219,-0.35784828662872314
205621,2,1.1320648193359375,14.885040283203125,15.830785751342773,-0.6864326000213623,115.12384033203125,-0.3455162048339844
205641,2,-1.5783876180648804,13.476849555969238,14.672866821289062,-0.8031065464019775,115.36558532714844,-0.509238600730896
205661,2,-2.8605988025665283,11.969487190246582,13.370381355285645,-0.8499299883842468,115.60720825195312,-0.649996280670166
205681,2,-5.638726234436035,10.353119850158691,11.625968933105469,-0.8910568952560425,115.80500793457031,-0.6644545793533325
205701,2,-8.319498062133789,8.673956871032715,9.97840404510498,-0.955457866191864,115.95877075195312,-0.6967731714248657
205721,2,-11.005128860473633,6.935792922973633,8.128555297851562,-0.9901604652404785,116.06871032714844,-0.7269671559333801
205741,2,-13.554176330566406,5.134842395782471,6.366079807281494,-1.0446127653121948,116.11264038085938,-0.7427012324333191
205761,2,-14.654760360717773,3.2922537326812744,3.4300177097320557,-0.8031013607978821,116.13459777832031,-0.6874178051948547
205781,2,-16.984548568725586,1.4115201234817505,1.261495590209961,-0.7677268385887146,116.11264038085938,-0.6461690664291382
205801,2,-19.198238372802734,-0.4716774523258209,0.17272377014160156,-0.9436287879943848,116.06871032714844,-0.6495710015296936
205821,2,-21.265945434570312,-2.3481264114379883,-1.7085027694702148,-0.9558923840522766,115.95877075195312,-0.6414913535118103
205841,2,-23.064346313476562,-4.2158122062683105,-4.652140140533447,-0.741088330745697,115.82696533203125,-0.607471764087677
205861,2,-23.8215274810791,-6.053581714630127,-6.496238708496094,-0.6916986703872681,115.65113830566406,-0.5572913289070129
205881,2,-25.305702209472656,-7.84878396987915,-7.459884166717529,-0.8448686599731445,115.43147277832031,-0.6274582743644714
205901,2,-26.55843162536621,-9.591459274291992,-9.303720474243164,-0.8060873746871948,115.18974304199219,-0.5925866365432739
205921,2,-27.494844436645508,-11.257370948791504,-10.559736251831055,-0.8595165610313416,114.90408325195312,-0.607471764087677
205941,2,-28.27682113647461,-12.838960647583008,-12.061420440673828,-0.8494811058044434,114.59645080566406,-0.6185281276702881
205961,2,-28.769622802734375,-14.32797622680664,-12.897503852844238,-0.9468647837638855,114.28892517089844,-0.6393651366233826
205981,2,-28.910430908203125,-15.710478782653809,-14.968023300170898,-0.7670462727546692,113.915283203125,-0.577703058719635
206001,2,-29.011198043823242,-16.97471046447754,-16.493242263793945,-0.6670731902122498,113.541748046875,-0.510089099407196
206021,2,-28.836803436279297,-18.11216163635254,-17.70198631286621,-0.6022156476974487,113.12429809570312,-0.48032039403915405
206041,2,-28.441640853881836,-19.112987518310547,-18.66730499267578,-0.5576136708259583,112.70683288574219,-0.4360949397087097
206061,2,-27.735036849975586,-19.97046661376953,-19.922527313232422,-0.41609489917755127,112.26741027832031,-0.3982481360435486
206081,2,-26.778234481811523,-20.67536163330078,-21.0524845123291,-0.2604595124721527,111.827880859375,-0.3374365568161011
206101,2,-26.22720718383789,-21.224031448364258,-21.695133209228516,-0.19315572082996368,111.388427734375,-0.22814702987670898
206121,2,-24.89655113220215,-21.610990524291992,-21.81112289428711,-0.1688467264175415,110.94891357421875,-0.1286381483078003
206141,2,-23.33121681213379,-21.83262825012207,-22.35038185119629,-0.039378419518470764,110.48751831054688,-0.16223250329494476
206161,2,-21.713237762451172,-21.890371322631836,-19.674314498901367,-0.4924379289150238,110.13595581054688,-0.07675827294588089
206181,2,-19.73758316040039,-21.784320831298828,-25.998079299926758,0.8454974293708801,109.49871826171875,0.05379504710435867
206201,2,-17.474342346191406,-21.505573272705078,-19.609100341796875,-0.26313358545303345,109.36691284179688,0.10312345623970032
206221,2,-16.367624282836914,-21.067977905273438,-19.791927337646484,-0.10504065454006195,108.905517578125,0.15415441989898682
206241,2,-13.990036964416504,-20.45895004272461,-20.587106704711914,0.254864364862442,108.48794555664062,0.2808789610862732
206261,2,-11.380648612976074,-19.689533233642578,-20.240814208984375,0.4301125705242157,108.07049560546875,0.37315869331359863
206281,2,-8.747894287109375,-18.76610565185547,-20.3651180267334,0.7254947423934937,107.69696044921875,0.47819575667381287
206301,2,-5.869139671325684,-17.70326042175293,-19.235877990722656,0.8108949661254883,107.36737060546875,0.6380894184112549
206321,2,-4.564041614532471,-16.50108528137207,-16.899574279785156,0.604388952255249,107.03778076171875,0.5649456977844238
206341,2,-1.6737618446350098,-15.167215347290039,-16.217063903808594,0.8084104061126709,106.73013305664062,0.5483611822128296
206361,2,1.2208298444747925,-13.714611053466797,-14.615741729736328,0.8494178652763367,106.510498046875,0.6015183329582214
206381,2,4.036316394805908,-12.13809871673584,-12.229007720947266,0.7504855990409851,106.35662841796875,0.617677628993988
206401,2,6.964122295379639,-10.486578941345215,-10.787362098693848,0.8544500470161438,106.1807861328125,0.6406408548355103
206421,2,8.344815254211426,-8.745522499084473,-8.537187576293945,0.7364964485168457,106.04898071289062,0.5496369004249573
206441,2,11.259753227233887,-6.939053535461426,-6.128967761993408,0.660590648651123,105.98309326171875,0.5168930292129517
206461,2,13.905437469482422,-5.074160575866699,-4.119452476501465,0.6553105711936951,105.93905639648438,0.44502508640289307
206481,2,16.457780838012695,-3.168032646179199,-2.81313157081604,0.7979256510734558,105.93905639648438,0.572176456451416
206501,2,17.588939666748047,-1.234517216682434,-0.9937163591384888,0.7816228270530701,105.96099853515625,0.5717511773109436
206521,2,19.82851791381836,0.7136586308479309,0.38954004645347595,0.9071841239929199,106.02700805664062,0.633411705493927
206541,2,21.95560073852539,2.65881085395813,1.996092438697815,0.9855508804321289,106.1148681640625,0.6631788611412048
206561,2,23.844745635986328,4.58038854598999,3.5307106971740723,1.0714213848114014,106.26864624023438,0.7388740181922913
206581,2,25.452287673950195,6.474501609802246,5.784968376159668,0.9956522583961487,106.444580078125,0.7367478013038635
206601,2,26.143089294433594,8.320703506469727,7.084918022155762,1.0632113218307495,106.62030029296875,0.7248409390449524
206621,2,27.386873245239258,10.10855484008789,9.092376708984375,1.0124229192733765,106.88400268554688,0.7618372440338135
206641,2,28.399715423583984,11.814444541931152,11.133794784545898,0.9252372980117798,107.147705078125,0.7648139595985413
206661,2,29.109336853027344,13.426761627197266,12.764321327209473,0.8936812281608582,107.43325805664062,0.6670060753822327
206681,2,29.562206268310547,14.938384056091309,14.220380783081055,0.8697959780693054,107.78482055664062,0.704854428768158
206701,2,29.66668701171875,16.33512306213379,15.885869979858398,0.7704778909683228,108.13638305664062,0.6363884210586548
206721,2,29.67377471923828,17.606298446655273,16.4521484375,0.8661593198776245,108.53201293945312,0.6023688316345215
206741,2,29.39735984802246,18.741106033325195,18.387666702270508,0.6537137031555176,108.949462890625,0.5623942613601685
206761,2,28.825349807739258,19.728235244750977,18.715036392211914,0.7203798890113831,109.38888549804688,0.5028599500656128
206781,2,27.937910079956055,20.562925338745117,20.267879486083984,0.5100988745689392,109.87225341796875,0.499883234500885
206801,2,27.434593200683594,21.24020004272461,21.493913650512695,0.3536294996738434,110.355712890625,0.4020753502845764
206821,2,26.174419403076172,21.750898361206055,22.121234893798828,0.2570221722126007,110.83908081054688,0.27875274419784546
206841,2,24.602706909179688,22.082836151123047,22.70185089111328,0.1192140132188797,111.27850341796875,0.11715654283761978
206861,2,22.810821533203125,22.243467330932617,22.176193237304688,0.16218625009059906,111.71792602539062,0.09844576567411423
206881,2,20.813438415527344,22.226680755615234,22.140052795410156,0.09164890646934509,112.15757751464844,0.17456616461277008
206901,2,19.801044464111328,22.042814254760742,22.493894577026367,-0.06876292824745178,112.61897277832031,-0.10524968057870865
206921,2,17.5273494720459,21.675634384155273,24.644596099853516,-0.639854907989502,113.16822814941406,-0.06612715125083923
206941,2,15.037227630615234,21.1447696685791,21.28980827331543,-0.1699087917804718,113.49781799316406,-0.10142248123884201
206961,2,12.635744094848633,20.437318801879883,20.565425872802734,-0.244013711810112,113.915283203125,-0.15585383772850037
206981,2,9.854286193847656,19.570192337036133,20.154403686523438,-0.4279341697692871,114.33285522460938,-0.3535958528518677
207001,2,6.99397611618042,18.540971755981445,19.019155502319336,-0.5020337104797363,114.72834777832031,-0.4377959072589874
207021,2,5.625396251678467,17.362430572509766,17.991926193237305,-0.5548615455627441,115.05795288085938,-0.5045609474182129
207041,2,2.6352155208587646,16.04167366027832,18.038246154785156,-0.9160540103912354,115.40951538085938,-0.6027940511703491
207061,2,-0.37214624881744385,14.590216636657715,16.709646224975586,-1.0293186902999878,115.695068359375,-0.7320700883865356
207081,2,-3.331437110900879,13.033856391906738,15.504165649414062,-1.1829843521118164,115.93679809570312,-0.7907539010047913
207101,2,-6.351662635803223,11.362283706665039,13.151036262512207,-1.1283340454101562,116.13459777832031,-0.8001092672348022
207121,2,-7.762411117553711,9.5944242477417,10.943975448608398,-1.0447964668273926,116.26640319824219,-0.8183963894844055
207141,2,-10.626482963562012,7.747595310211182,8.256391525268555,-0.9328538179397583,116.35426330566406,-0.7397245168685913
207161,2,-13.398971557617188,5.835760116577148,6.199148654937744,-0.9471777677536011,116.398193359375,-0.7091068625450134
207181,2,-16.036436080932617,3.872880697250366,3.87983775138855,-0.9077101945877075,116.398193359375,-0.6440428495407104
207201,2,-18.558780670166016,1.8819830417633057,2.055093765258789,-0.9667031764984131,116.35426330566406,-0.669557511806488
207221,2,-19.678955078125,-0.12844547629356384,-0.21721363067626953,-0.8780108690261841,116.28836059570312,-0.675085723400116
207241,2,-22.057310104370117,-2.149869203567505,-3.1374573707580566,-0.7138775587081909,116.15657043457031,-0.6300097703933716
207261,2,-23.898561477661133,-4.144302845001221,-4.807985305786133,-0.7629160284996033,116.00270080566406,-0.5632447004318237
207281,2,-25.69696807861328,-6.114360332489014,-7.374076843261719,-0.6329848766326904,115.80500793457031,-0.6202291250228882
207301,2,-27.196630477905273,-8.035447120666504,-9.153097152709961,-0.6311166286468506,115.58523559570312,-0.4620348811149597
207321,2,-27.803817749023438,-9.888487815856934,-10.822225570678711,-0.6033366918563843,115.343505859375,-0.443749338388443
207341,2,-28.884069442749023,-11.669517517089844,-13.059751510620117,-0.47619733214378357,115.05795288085938,-0.4645863473415375
207361,2,-29.700773239135742,-13.357276916503906,-13.32349967956543,-0.7153376340866089,114.79425048828125,-0.4760679602622986
207381,2,-30.193037033081055,-14.941192626953125,-15.414351463317871,-0.570668637752533,114.46464538574219,-0.5075376629829407
207401,2,-30.40481948852539,-16.4030704498291,-15.946794509887695,-0.7015519142150879,114.15701293945312,-0.46926403045654297
207421,2,-30.393037796020508,-17.73482322692871,-17.584630966186523,-0.5878996849060059,113.76152038574219,-0.49052783846855164
207441,2,-30.1413516998291,-18.92405891418457,-18.52996063232422,-0.5813636183738708,113.38798522949219,-0.4650115966796875
207461,2,-29.572031021118164,-19.960540771484375,-18.51158905029297,-0.7288602590560913,112.99249267578125,-0.4735164940357208
207481,2,-28.72332191467285,-20.83829116821289,-18.981842041015625,-0.7460750341415405,112.57504272460938,-0.4484270215034485
207501,2,-27.548105239868164,-21.546113967895508,-21.299646377563477,-0.3602946698665619,112.11354064941406,-0.4901025891304016
207521,2,-26.88013458251953,-22.084699630737305,-21.960920333862305,-0.28949815034866333,111.65203857421875,-0.2970382869243622
207541,2,-25.339927673339844,-22.430299758911133,-22.223878860473633,-0.22864992916584015,111.25653076171875,-0.22389458119869232
207561,2,-23.43494987487793,-22.597309112548828,-21.7055606842041,-0.28126856684684753,110.81710815429688,-0.1860477775335312
207581,2,-21.445634841918945,-22.589902877807617,-22.199779510498047,-0.09689369797706604,110.355712890625,-0.07420680671930313
207601,2,-19.084125518798828,-22.39140510559082,-23.07316017150879,0.19371479749679565,109.87225341796875,-0.07250582426786423
207621,2,-17.91600227355957,-22.008651733398438,-17.355998992919922,-0.8318650722503662,109.652587890625,-0.22389458119869232
207641,2,-15.346444129943848,-21.431650161743164,-25.09468650817871,0.8833972215652466,108.905517578125,0.11162836104631424
207661,2,-12.609039306640625,-20.690608978271484,-18.284971237182617,-0.23494501411914825,108.75164794921875,0.00956801138818264
207681,2,-9.720315933227539,-19.786380767822266,-17.079729080200195,-0.20838983356952667,108.31222534179688,0.11503031849861145
207701,2,-6.640398025512695,-18.710695266723633,-18.66264533996582,0.39875808358192444,107.850830078125,0.25111183524131775
207721,2,-5.198141098022461,-17.478063583374023,-19.182147979736328,0.7656183838844299,107.47732543945312,0.5032851696014404
207741,2,-2.1477127075195312,-16.099111557006836,-18.911062240600586,1.0785752534866333,107.147705078125,0.6869941353797913
207761,2,0.9902152419090271,-14.585762977600098,-16.848403930664062,1.0644338130950928,106.862060546875,0.8247750401496887
207781,2,4.181570053100586,-12.960537910461426,-15.089567184448242,1.1331207752227783,106.59835815429688,0.8311537504196167
207801,2,7.278233051300049,-11.213899612426758,-13.511958122253418,1.2464301586151123,106.40054321289062,0.8111672401428223
207821,2,8.69102954864502,-9.385239601135254,-11.552436828613281,1.2249782085418701,106.20272827148438,0.864323616027832
207841,2,11.597029685974121,-7.450740814208984,-9.339195251464844,1.234682559967041,106.07095336914062,0.8970674872398376
207861,2,14.474848747253418,-5.466458320617676,-7.16903018951416,1.2574015855789185,106.00503540039062,0.9357655644416809
207881,2,17.240079879760742,-3.4436073303222656,-5.041738986968994,1.2913471460342407,106.00503540039062,0.9642577171325684
207901,2,19.75499153137207,-1.380763053894043,-3.1304070949554443,1.3609278202056885,106.02700805664062,0.971061646938324
207921,2,20.87186050415039,0.6956103444099426,-0.36514076590538025,1.1953821182250977,106.1148681640625,0.8787819147109985
207941,2,23.099082946777344,2.7802906036376953,2.2931716442108154,1.0985372066497803,106.26864624023438,0.847739040851593
207961,2,25.099809646606445,4.834072113037109,4.4874162673950195,1.0709872245788574,106.466552734375,0.8047885298728943
207981,2,26.854490280151367,6.8458452224731445,6.805644512176514,1.0004185438156128,106.68621826171875,0.7324953079223633
208001,2,28.325183868408203,8.807610511779785,9.488574028015137,0.8347868919372559,106.92794799804688,0.658501148223877
208021,2,28.919574737548828,10.699564933776855,11.284015655517578,0.7904974222183228,107.213623046875,0.6091727614402771
208041,2,29.92581558227539,12.508557319641113,13.400277137756348,0.6868170499801636,107.521240234375,0.5011589527130127
208061,2,30.6474552154541,14.210843086242676,15.555816650390625,0.5390923023223877,107.872802734375,0.42036086320877075
208081,2,31.01601791381836,15.79610538482666,17.19304084777832,0.46380743384361267,108.246337890625,0.3956966698169708
208101,2,31.111648559570312,17.250722885131836,18.206623077392578,0.48367077112197876,108.619873046875,0.37188294529914856
208121,2,30.881765365600586,18.563541412353516,19.634492874145508,0.38788846135139465,109.03732299804688,0.33063262701034546
208141,2,30.659456253051758,19.72283172607422,20.166893005371094,0.44230183959007263,109.43283081054688,0.3068189024925232
208161,2,29.956682205200195,20.71746826171875,21.67865753173828,0.25875791907310486,109.87225341796875,0.26089245080947876
208181,2,28.93055534362793,21.538061141967773,22.058319091796875,0.25835999846458435,110.26773071289062,0.1796691119670868
208201,2,27.62032699584961,22.18379020690918,21.542709350585938,0.40288981795310974,110.729248046875,0.24430634081363678
208221,2,25.943588256835938,22.64043617248535,21.15085792541504,0.48323342204093933,111.16867065429688,0.28640714287757874
208241,2,25.116561889648438,22.906612396240234,21.066011428833008,0.5157071948051453,111.60809326171875,0.2910848557949066
208261,2,23.062210083007812,22.986919403076172,21.204700469970703,0.4247046411037445,112.09156799316406,0.22899752855300903
208281,2,20.81585121154785,22.872365951538086,21.843509674072266,0.19959969818592072,112.59700012207031,0.23622669279575348
208301,2,18.531126022338867,22.55573272705078,22.665111541748047,-0.10180670022964478,113.03642272949219,0.05336980149149895
208321,2,15.954241752624512,22.04603385925293,18.43347930908203,0.5614342093467712,113.23423767089844,0.19625365734100342
208341,2,12.993252754211426,21.3531436920166,22.256196975708008,-0.41979506611824036,113.80545043945312,-0.06740288436412811
208361,2,11.632126808166504,20.47832489013672,21.9156494140625,-0.5309523344039917,114.20094299316406,-0.07675827294588089
208381,2,8.564311027526855,19.425180435180664,19.562524795532227,-0.36708563566207886,114.50857543945312,-0.2936363220214844
208401,2,5.3705644607543945,18.20502471923828,17.910274505615234,-0.37398338317871094,114.86013793945312,-0.418234646320343
208421,2,2.188716411590576,16.83777618408203,17.61427879333496,-0.6672301888465881,115.25564575195312,-0.43141722679138184
208441,2,-1.097846269607544,15.319906234741211,16.428688049316406,-0.8218594789505005,115.56327819824219,-0.5492116212844849
208461,2,-2.622238874435425,13.668782234191895,15.366146087646484,-0.9491245150566101,115.87089538574219,-0.6368136405944824
208481,2,-5.82127046585083,11.882682800292969,13.694819450378418,-1.0525016784667969,116.11264038085938,-0.7745946049690247
208501,2,-9.064971923828125,10.005003929138184,12.331428527832031,-1.235595464706421,116.31033325195312,-0.8626218438148499
208521,2,-12.189208984375,8.050450325012207,11.004544258117676,-1.4384593963623047,116.42027282714844,-0.9302389025688171
208541,2,-15.08870792388916,6.015398025512695,8.029631614685059,-1.3159117698669434,116.48616027832031,-0.9561788439750671
208561,2,-16.439781188964844,3.928398370742798,5.670168876647949,-1.2525943517684937,116.50813293457031,-0.960006058216095
208581,2,-19.142484664916992,1.8037426471710205,2.958575963973999,-1.1808799505233765,116.48616027832031,-0.9553283452987671
208601,2,-21.656835556030273,-0.3390495777130127,1.9560253620147705,-1.4379849433898926,116.42027282714844,-0.9446972608566284
208621,2,-23.730640411376953,-2.479224681854248,-1.196000337600708,-1.2547978162765503,116.31033325195312,-0.9553283452987671
208641,2,-25.759946823120117,-4.595929145812988,-4.306230545043945,-1.0621229410171509,116.20050048828125,-0.7996840476989746
208661,2,-27.45197105407715,-6.684055805206299,-6.774509906768799,-0.9713999629020691,115.98072814941406,-0.7478041648864746
208681,2,-28.97061538696289,-8.718586921691895,-9.016825675964355,-0.9010962843894958,115.73910522460938,-0.6308602094650269
208701,2,-29.564558029174805,-10.680408477783203,-10.4246826171875,-0.9506980776786804,115.40951538085938,-0.6950722336769104
208721,2,-30.63109016418457,-12.557561874389648,-13.29974365234375,-0.718306839466095,115.03598022460938,-0.608322262763977
208741,2,-31.364192962646484,-14.319632530212402,-13.708708763122559,-0.944230854511261,114.68441772460938,-0.642767071723938
208761,2,-31.738609313964844,-15.963207244873047,-15.997727394104004,-0.7671599388122559,114.31088256835938,-0.6572254300117493
208781,2,-31.827451705932617,-17.47061538696289,-18.31531524658203,-0.5436713099479675,113.87135314941406,-0.4981822669506073
208801,2,-31.568096160888672,-18.829757690429688,-18.857940673828125,-0.6294911503791809,113.45388793945312,-0.4373706579208374
208821,2,-31.336536407470703,-20.028484344482422,-20.64954376220703,-0.4466358721256256,112.97053527832031,-0.4161084294319153
208841,2,-30.583520889282227,-21.055021286010742,-21.785924911499023,-0.3399311304092407,112.53109741210938,-0.3025664687156677
208861,2,-29.448549270629883,-21.897048950195312,-23.779781341552734,-0.016557050868868828,112.04753112792969,-0.16010628640651703
208881,2,-28.08440399169922,-22.556509017944336,-23.072467803955078,-0.19176460802555084,111.60809326171875,-0.14097025990486145
208901,2,-26.308155059814453,-23.017234802246094,-21.81684112548828,-0.4240269958972931,111.19064331054688,-0.12906339764595032
208921,2,-25.417213439941406,-23.278520584106445,-24.596254348754883,0.11230969429016113,110.61929321289062,-0.0980205163359642
208941,2,-23.231128692626953,-23.333866119384766,-20.56365394592285,-0.5826156735420227,110.31179809570312,-0.059323232620954514
208961,2,-20.86507797241211,-23.187360763549805,-27.693674087524414,0.9415744543075562,109.58657836914062,0.12055850028991699
208981,2,-18.46912384033203,-22.84062385559082,-21.926986694335938,-0.041629306972026825,109.36691284179688,0.005740806460380554
209001,2,-15.679636001586914,-22.29501724243164,-20.261751174926758,-0.1569688767194748,108.993408203125,0.15670588612556458
209021,2,-12.928539276123047,-21.545913696289062,-20.40315818786621,0.10749281197786331,108.53201293945312,0.2549390196800232
209041,2,-9.767353057861328,-20.611604690551758,-20.311668395996094,0.3769846558570862,108.09246826171875,0.336586058139801
209061,2,-8.2824125289917,-19.507219314575195,-19.723846435546875,0.504417896270752,107.71893310546875,0.4552309513092041
209081,2,-5.037715911865234,-18.21588134765625,-19.776151657104492,0.8652424812316895,107.34539794921875,0.5704739093780518
209101,2,-1.6863877773284912,-16.764699935913086,-17.47911262512207,0.795717716217041,107.05975341796875,0.6389399170875549
209121,2,1.3682947158813477,-15.167471885681152,-16.55221939086914,0.9985806345939636,106.73013305664062,0.6359632015228271
209141,2,4.808477401733398,-13.424875259399414,-14.481866836547852,1.0163487195968628,106.510498046875,0.6831669211387634
209161,2,7.807876110076904,-11.558443069458008,-12.48086166381836,1.0511478185653687,106.33465576171875,0.757584810256958
209181,2,9.580933570861816,-9.6122407913208,-10.943079948425293,1.138744831085205,106.1807861328125,0.8337051868438721
209201,2,12.793105125427246,-7.56289529800415,-8.581148147583008,1.1430928707122803,106.1368408203125,0.8647488355636597
209221,2,15.836579322814941,-5.4593682289123535,-5.3489251136779785,0.9679171442985535,106.09292602539062,0.8213731050491333
209241,2,18.688148498535156,-3.3015432357788086,-3.980013608932495,1.1553833484649658,106.07095336914062,0.7439769506454468
209261,2,21.464473724365234,-1.101540446281433,-1.649570345878601,1.1574703454971313,106.1148681640625,0.7499303817749023
209281,2,22.621164321899414,1.1132590770721436,1.2968262434005737,0.9688575267791748,106.20272827148438,0.7363225221633911
209301,2,24.967296600341797,3.3235599994659424,3.3643782138824463,1.00696861743927,106.35662841796875,0.7682158946990967
209321,2,27.014772415161133,5.496967315673828,5.034356117248535,1.1043261289596558,106.53244018554688,0.8213731050491333
209341,2,28.745637893676758,7.625553607940674,8.024847030639648,0.9155585765838623,106.73013305664062,0.705704927444458
209361,2,30.228557586669922,9.693436622619629,10.512578010559082,0.8067524433135986,106.99383544921875,0.6623283624649048
209381,2,30.777507781982422,11.67957878112793,11.137142181396484,1.012589931488037,107.27951049804688,0.6784876585006714
209401,2,31.738380432128906,13.565382957458496,15.126919746398926,0.5550017952919006,107.60910034179688,0.6002426147460938
209421,2,32.335025787353516,15.33240032196045,15.723688125610352,0.7307561635971069,107.93869018554688,0.567497193813324
209441,2,32.56428909301758,16.96396255493164,16.754953384399414,0.7868215441703796,108.31222534179688,0.5636699795722961
209461,2,32.43254852294922,18.446237564086914,17.811954498291016,0.8072601556777954,108.72970581054688,0.5700486302375793
209481,2,32.242431640625,19.76613998413086,19.28632926940918,0.720716118812561,109.16912841796875,0.5458096861839294
209501,2,31.587894439697266,20.91102409362793,21.080673217773438,0.5168471336364746,109.58657836914062,0.4888268709182739
209521,2,30.552555084228516,21.869327545166016,20.692649841308594,0.7002968788146973,110.026123046875,0.43481919169425964
209541,2,29.165178298950195,22.635482788085938,21.653457641601562,0.5745410919189453,110.53143310546875,0.43992212414741516
209561,2,27.47435188293457,23.197242736816406,23.16134262084961,0.2943626344203949,111.058837890625,0.33063262701034546
209581,2,26.57904624938965,23.55213165283203,23.14570426940918,0.32119429111480713,111.54220581054688,0.30937036871910095
209601,2,24.446840286254883,23.704185485839844,24.301607131958008,0.032242320477962494,112.04753112792969,0.18349631130695343
209621,2,22.030086517333984,23.643417358398438,22.171459197998047,0.34180697798728943,112.46510314941406,0.10354870557785034
209641,2,19.376096725463867,23.36957550048828,25.4060115814209,-0.46420717239379883,113.01446533203125,-0.12906339764595032
209661,2,16.3382625579834,22.875635147094727,23.1695613861084,-0.21302811801433563,113.38798522949219,0.11290409415960312
209681,2,14.920389175415039,22.18437957763672,20.64185905456543,0.1174272820353508,113.73956298828125,-0.0720805823802948
209701,2,11.723174095153809,21.27625274658203,22.132671356201172,-0.4621298015117645,114.244873046875,-0.3178752660751343
209721,2,8.488816261291504,20.190982818603516,21.15630340576172,-0.5920169353485107,114.66244506835938,-0.4862738251686096
209741,2,4.922952651977539,18.919546127319336,20.213178634643555,-0.7764295935630798,115.01400756835938,-0.5993921160697937
209761,2,1.495278000831604,17.462316513061523,19.48100471496582,-1.0271967649459839,115.36558532714844,-0.7282428741455078
209781,2,-0.1494450569152832,15.862634658813477,18.04350471496582,-1.0871425867080688,115.673095703125,-0.8341304659843445
209801,2,-3.6383113861083984,14.101397514343262,16.675676345825195,-1.2667673826217651,115.95877075195312,-0.9093987941741943
209821,2,-7.112706661224365,12.209711074829102,13.291189193725586,-1.0602648258209229,116.15657043457031,-0.8609208464622498
209841,2,-10.532987594604492,10.217097282409668,11.769469261169434,-1.2310348749160767,116.35426330566406,-0.8286022543907166
209861,2,-13.799140930175781,8.132570266723633,9.593038558959961,-1.2816334962844849,116.42027282714844,-0.9034453630447388
209881,2,-15.288607597351074,5.95875358581543,7.052180290222168,-1.189087152481079,116.48616027832031,-0.8315789699554443
209901,2,-18.34754753112793,3.7253060340881348,4.091429710388184,-1.090309500694275,116.48616027832031,-0.8456120491027832
209921,2,-21.201271057128906,1.455854892730713,1.8494459390640259,-1.122633934020996,116.44223022460938,-0.80223548412323
209941,2,-23.771015167236328,-0.8166149258613586,-0.16378054022789001,-1.2000865936279297,116.33229064941406,-0.9217308759689331
209961,2,-26.189870834350586,-3.0954747200012207,-2.826002597808838,-1.1380722522735596,116.17852783203125,-0.8358314037322998
209981,2,-27.17198944091797,-5.341094493865967,-6.321577072143555,-0.8289927840232849,116.024658203125,-0.6886935234069824
210001,2,-29.0681095123291,-7.549560070037842,-8.673047065734863,-0.7750300765037537,115.80500793457031,-0.586207926273346
210021,2,-30.65349006652832,-9.692070007324219,-10.753950119018555,-0.7524038553237915,115.49737548828125,-0.5913109183311462
210041,2,-31.843647003173828,-11.743057250976562,-12.804268836975098,-0.7055734395980835,115.21170043945312,-0.5547398328781128
210061,2,-32.72895431518555,-13.687987327575684,-13.572880744934082,-0.8851200342178345,114.88211059570312,-0.5632447004318237
210081,2,-32.99161911010742,-15.51527214050293,-15.594310760498047,-0.7804205417633057,114.53054809570312,-0.5976895689964294
210101,2,-33.28986740112305,-17.20134735107422,-16.789928436279297,-0.8198028802871704,114.15701293945312,-0.5666466951370239
210121,2,-33.210384368896484,-18.73027801513672,-18.783668518066406,-0.6630253791809082,113.69561767578125,-0.5530388355255127
210141,2,-32.735877990722656,-20.089160919189453,-19.34135627746582,-0.7478512525558472,113.25619506835938,-0.536029040813446
210161,2,-31.8734073638916,-21.263200759887695,-19.388198852539062,-0.8957878351211548,112.81666564941406,-0.5589922666549683
210181,2,-31.258041381835938,-22.242887496948242,-21.35792350769043,-0.6434385776519775,112.31134033203125,-0.5309261083602905
210201,2,-29.806163787841797,-23.023178100585938,-21.106401443481445,-0.7599284052848816,111.805908203125,-0.46246013045310974
210221,2,-28.01880645751953,-23.589630126953125,-22.74448585510254,-0.45778554677963257,111.30047607421875,-0.43184247612953186
210241,2,-25.88874626159668,-23.935304641723633,-22.956321716308594,-0.3831695318222046,110.81710815429688,-0.27875274419784546
210261,2,-24.836105346679688,-24.059898376464844,-23.77467918395996,-0.19283483922481537,110.31179809570312,-0.10865164548158646
210281,2,-22.298912048339844,-23.958959579467773,-24.58485221862793,0.08888432383537292,109.80633544921875,-0.029554523527622223
210301,2,-19.44577407836914,-23.63522720336914,-21.850603103637695,-0.28419196605682373,109.47674560546875,-0.08313694596290588
210321,2,-16.44928741455078,-23.10183334350586,-23.06226348876953,0.17260392010211945,108.971435546875,0.19030022621154785
210341,2,-13.160746574401855,-22.34433937072754,-22.782489776611328,0.3869492709636688,108.46600341796875,0.33828702569007874
210361,2,-11.56064510345459,-21.37722396850586,-22.95438003540039,0.6614329218864441,108.04852294921875,0.5632447004318237
210381,2,-8.159163475036621,-20.193880081176758,-22.216474533081055,0.8660936951637268,107.58712768554688,0.5925881862640381
210401,2,-4.482388973236084,-18.83211898803711,-22.18897819519043,1.259264588356018,107.191650390625,0.8298779726028442
210421,2,-1.0058269500732422,-17.313234329223633,-20.120853424072266,1.2651665210723877,106.862060546875,0.8647488355636597
210441,2,2.718759775161743,-15.61688232421875,-17.63079261779785,1.2216190099716187,106.57638549804688,0.8953664898872375
210461,2,4.426591396331787,-13.772562026977539,-15.345603942871094,1.1501996517181396,106.33465576171875,0.9025964140892029
210481,2,8.02682113647461,-11.79373836517334,-13.61955451965332,1.2870616912841797,106.1148681640625,0.8456128239631653
210501,2,11.546223640441895,-9.714653968811035,-10.537985801696777,1.1654430627822876,105.98309326171875,0.879207193851471
210521,2,14.850829124450684,-7.524123668670654,-7.693090438842773,1.0913902521133423,105.91708374023438,0.8303032517433167
210541,2,18.179664611816406,-5.265740871429443,-5.14890193939209,1.0789546966552734,105.85116577148438,0.7448274493217468
210561,2,19.59195899963379,-2.9523708820343018,-3.098609685897827,1.0951958894729614,105.89511108398438,0.8179711103439331
210581,2,22.445634841918945,-0.6082203984260559,0.16016219556331635,0.9333227276802063,105.93905639648438,0.7533323168754578
210601,2,25.11412239074707,1.7462263107299805,2.5784645080566406,0.9272134304046631,106.04898071289062,0.7052796483039856
210621,2,27.484840393066406,4.077821254730225,4.684811592102051,0.9692633748054504,106.20272827148438,0.7074058651924133
210641,2,29.515846252441406,6.382443904876709,7.3757452964782715,0.8751735091209412,106.40054321289062,0.7001767158508301
210661,2,30.314664840698242,8.622836112976074,8.85983657836914,0.9594546556472778,106.59835815429688,0.6874193549156189
210681,2,31.806543350219727,10.791138648986816,10.914583206176758,0.952783465385437,106.862060546875,0.7061301469802856
210701,2,32.95638656616211,12.86127758026123,12.636268615722656,0.9767336845397949,107.147705078125,0.6733847260475159
210721,2,33.668880462646484,14.81115436553955,15.579109191894531,0.723987340927124,107.47732543945312,0.580681324005127
210741,2,34.030799865722656,16.623016357421875,16.621688842773438,0.8113086819648743,107.850830078125,0.5959901809692383
210761,2,34.05075454711914,18.28074073791504,17.843732833862305,0.8348113894462585,108.246337890625,0.6661555767059326
210781,2,33.799896240234375,19.767539978027344,18.266862869262695,0.9870458841323853,108.68576049804688,0.7380235195159912
210801,2,33.15963363647461,21.066648483276367,19.959558486938477,0.8412899374961853,109.12518310546875,0.6516972184181213
210821,2,32.10083770751953,22.1713809967041,21.09571075439453,0.752693772315979,109.58657836914062,0.5883357524871826
210841,2,30.625598907470703,23.064382553100586,22.710079193115234,0.5107478499412537,110.048095703125,0.46671414375305176
210861,2,29.85249137878418,23.7388973236084,22.919898986816406,0.5369864106178284,110.53143310546875,0.31107136607170105
210881,2,27.863330841064453,24.18513298034668,23.929826736450195,0.32014769315719604,111.058837890625,0.20645953714847565
210901,2,25.55970573425293,24.401561737060547,24.410255432128906,0.16369476914405823,111.58612060546875,0.21836639940738678
210921,2,22.918336868286133,24.39263916015625,24.569900512695312,0.017460819333791733,112.02555847167969,0.08228645473718643
210941,2,19.996898651123047,24.14573097229004,23.50371551513672,0.07746424525976181,112.487060546875,0.15457965433597565
210961,2,18.580265045166016,23.668413162231445,23.351428985595703,-0.041185930371284485,112.99249267578125,-0.10312345623970032
210981,2,15.363571166992188,22.948631286621094,23.36583137512207,-0.27877527475357056,113.45388793945312,-0.007867030799388885
211001,2,11.833046913146973,22.019437789916992,22.737300872802734,-0.45124727487564087,113.87135314941406,-0.2302732616662979
211021,2,8.190690040588379,20.889129638671875,23.153921127319336,-0.875582218170166,114.35481262207031,-0.4148326814174652
211041,2,4.5436930656433105,19.547876358032227,21.969417572021484,-1.0270037651062012,114.72834777832031,-0.6317107081413269
211061,2,2.8126561641693115,18.019235610961914,20.278121948242188,-1.0296663045883179,115.05795288085938,-0.7894781827926636
211081,2,-1.0195060968399048,16.32807731628418,18.89582633972168,-1.2099376916885376,115.38754272460938,-0.8545421957969666
211101,2,-4.714097023010254,14.475303649902344,16.745256423950195,-1.2591378688812256,115.65113830566406,-0.9285379648208618
211121,2,-8.495949745178223,12.476547241210938,15.187223434448242,-1.4507505893707275,115.87089538574219,-0.9425710439682007
211141,2,-10.27763843536377,10.376992225646973,12.687212944030762,-1.3884904384613037,116.00270080566406,-1.033998727798462
211161,2,-14.086066246032715,8.135649681091309,9.626036643981934,-1.3147097826004028,116.11264038085938,-0.9880722165107727
211181,2,-17.156391143798828,5.827752113342285,7.157345771789551,-1.3321287631988525,116.15657043457031,-0.977441132068634
211201,2,-20.40587615966797,3.445996046066284,4.232705593109131,-1.2737292051315308,116.13459777832031,-0.9570293426513672
211221,2,-23.379663467407227,1.0409349203109741,2.0209953784942627,-1.342862844467163,116.09066772460938,-0.8792064189910889
211241,2,-26.073436737060547,-1.3842580318450928,-1.5355091094970703,-1.1372064352035522,115.95877075195312,-0.8987676501274109
211261,2,-27.223342895507812,-3.8007078170776367,-3.7488090991973877,-1.1226168870925903,115.82696533203125,-0.8562431931495667
211281,2,-29.40610694885254,-6.191517353057861,-7.29873514175415,-0.882784903049469,115.56327819824219,-0.7631129622459412
211301,2,-31.304841995239258,-8.516313552856445,-8.874046325683594,-1.0060752630233765,115.29957580566406,-0.7235652208328247
211321,2,-32.78131866455078,-10.7544527053833,-11.482998847961426,-0.8898158073425293,114.99205017089844,-0.6487205028533936
211341,2,-33.88742446899414,-12.895426750183105,-13.081511497497559,-0.9465768337249756,114.66244506835938,-0.6112989783287048
211361,2,-34.25653839111328,-14.91108226776123,-15.313676834106445,-0.8253663182258606,114.28892517089844,-0.6006678342819214
211381,2,-34.72173309326172,-16.785795211791992,-17.744821548461914,-0.6466630697250366,113.893310546875,-0.5347533226013184
211401,2,-34.78052520751953,-18.49921417236328,-18.324745178222656,-0.7910861372947693,113.47586059570312,-0.4947803020477295
211421,2,-34.4139404296875,-20.03424835205078,-21.09682846069336,-0.46061989665031433,112.99249267578125,-0.4930793046951294
211441,2,-33.70767593383789,-21.374027252197266,-22.20688819885254,-0.4115581512451172,112.53109741210938,-0.43311822414398193
211461,2,-32.54582214355469,-22.507431030273438,-23.062562942504883,-0.355709969997406,112.06959533691406,-0.2494092732667923
211481,2,-31.842796325683594,-23.42176628112793,-24.536422729492188,-0.1705750823020935,111.56417846679688,-0.24260535836219788
211501,2,-30.123462677001953,-24.10728645324707,-25.334016799926758,-0.04233202338218689,111.080810546875,-0.2170906662940979
211521,2,-27.92681884765625,-24.553911209106445,-22.262163162231445,-0.6275388598442078,110.729248046875,-0.27152201533317566
211541,2,-25.46236228942871,-24.7664794921875,-25.77678871154785,0.1483130306005478,110.07003784179688,0.009993256069719791
211561,2,-22.672719955444336,-24.73177719116211,-24.230989456176758,-0.04742538928985596,109.674560546875,-0.15840530395507812
211581,2,-21.23143768310547,-24.465539932250977,-23.42311668395996,-0.09505464881658554,109.21304321289062,0.006166051607578993
211601,2,-18.031740188598633,-23.94220733642578,-25.73865509033203,0.5513958930969238,108.619873046875,-0.03805942088365555
211621,2,-14.595434188842773,-23.180822372436523,-18.437721252441406,-0.6143168210983276,108.42205810546875,0.12821291387081146
211641,2,-11.066055297851562,-22.205228805541992,-21.5567626953125,0.2903139889240265,107.80679321289062,0.1286381483078003
211661,2,-7.175271987915039,-20.998018264770508,-21.779232025146484,0.6827980875968933,107.38934326171875,0.29491204023361206
211681,2,-5.395634651184082,-19.578969955444336,-21.38166046142578,0.9088081121444702,106.99383544921875,0.5322018265724182
211701,2,-1.4502657651901245,-17.95974349975586,-20.39384651184082,1.1481808423995972,106.62030029296875,0.6682817935943604
211721,2,2.5720458030700684,-16.158781051635742,-18.4148006439209,1.232285737991333,106.35662841796875,0.8741042613983154
211741,2,6.22361946105957,-14.212967872619629,-17.172607421875,1.469548225402832,106.07095336914062,0.9162042737007141
211761,2,9.84335994720459,-12.110032081604004,-14.248741149902344,1.4012681245803833,105.87313842773438,1.0208160877227783
211781,2,11.57845401763916,-9.903589248657227,-12.582164764404297,1.5102643966674805,105.65347290039062,0.9974268674850464
211801,2,15.237982749938965,-7.587152481079102,-10.37940788269043,1.6181641817092896,105.54354858398438,1.1318066120147705
211821,2,18.656652450561523,-5.179418563842773,-6.452738285064697,1.3885881900787354,105.52157592773438,1.167527198791504
211841,2,21.92336082458496,-2.7293195724487305,-4.162052154541016,1.4739933013916016,105.52157592773438,1.1130950450897217
211861,2,24.91629409790039,-0.24491538107395172,-1.2764146327972412,1.429734230041504,105.56552124023438,1.055686116218567
211881,2,27.405635833740234,2.249610662460327,1.9189646244049072,1.3022286891937256,105.67544555664062,1.0220918655395508
211901,2,28.695032119750977,4.718610763549805,4.263075828552246,1.2838023900985718,105.87313842773438,0.9863704442977905
211921,2,30.868043899536133,7.152915954589844,6.3626933097839355,1.3434202671051025,106.09292602539062,0.9272606372833252
211941,2,32.6613655090332,9.518194198608398,9.986288070678711,1.0723638534545898,106.40054321289062,0.8911140561103821
211961,2,34.04496383666992,11.785118103027344,11.636844635009766,1.1518468856811523,106.68621826171875,0.8107419610023499
211981,2,34.98788833618164,13.93726921081543,15.146123886108398,0.8286715149879456,107.03778076171875,0.7299438714981079
212001,2,35.2762451171875,15.954566955566406,16.37031364440918,0.9058048129081726,107.38934326171875,0.6780624389648438
212021,2,35.569549560546875,17.816484451293945,18.595911026000977,0.7597413063049316,107.850830078125,0.623205840587616
212041,2,35.420196533203125,19.50030517578125,19.926908493041992,0.7406661510467529,108.29025268554688,0.5177435278892517
212061,2,34.81742477416992,20.990724563598633,21.09625244140625,0.7073633074760437,108.77362060546875,0.5279493927955627
212081,2,33.75859832763672,22.27051544189453,22.825754165649414,0.5141369104385376,109.301025390625,0.4722423255443573
212101,2,33.14232635498047,23.327863693237305,24.729618072509766,0.2680642902851105,109.82830810546875,0.3706071972846985
212121,2,31.47337532043457,24.142507553100586,25.526552200317383,0.15327775478363037,110.28970336914062,0.1732904314994812
212141,2,29.271808624267578,24.7166805267334,25.616052627563477,0.1217401772737503,110.81710815429688,0.13842035830020905
212161,2,26.888038635253906,25.04556655883789,23.478517532348633,0.4829973876476288,111.23455810546875,0.17881861329078674
212181,2,23.986631393432617,25.113874435424805,27.608308792114258,-0.4463598132133484,111.89376831054688,0.015521439723670483
212201,2,22.57317352294922,24.93766975402832,21.990259170532227,0.5820245146751404,112.11354064941406,0.20688478648662567
212221,2,19.332059860229492,24.477893829345703,25.519325256347656,-0.3383994400501251,112.77273559570312,-0.15542858839035034
212241,2,15.877460479736328,23.770965576171875,24.296279907226562,-0.348388671875,113.212158203125,-0.11758178472518921
212261,2,12.241002082824707,22.85154914855957,24.828184127807617,-0.7451120615005493,113.71759033203125,-0.12821291387081146
212281,2,8.753081321716309,21.690250396728516,23.151857376098633,-0.7491950988769531,114.11308288574219,-0.4110054671764374
212301,2,4.745790481567383,20.30813217163086,21.691865921020508,-0.8625133633613586,114.50857543945312,-0.5419824719429016
212321,2,2.775416374206543,18.731088638305664,20.50243377685547,-0.9714719653129578,114.88211059570312,-0.6453185677528381
212341,2,-1.1787625551223755,16.925132751464844,17.9814395904541,-0.9348785281181335,115.16777038574219,-0.6776371598243713
212361,2,-5.1143341064453125,14.98386287689209,16.5756778717041,-1.1382967233657837,115.51933288574219,-0.7205885052680969
212381,2,-8.737507820129395,12.877678871154785,14.567728042602539,-1.2382023334503174,115.71714782714844,-0.8877112865447998
212401,2,-12.529462814331055,10.646303176879883,12.716915130615234,-1.4022953510284424,115.89286804199219,-0.9353418350219727
212421,2,-16.26085090637207,8.312248229980469,9.941425323486328,-1.3955566883087158,116.046630859375,-0.9429962635040283
212441,2,-17.897876739501953,5.878477096557617,6.193114280700684,-1.1098746061325073,116.11264038085938,-0.874528706073761
212461,2,-21.22332763671875,3.3686046600341797,4.019669532775879,-1.216974139213562,116.11264038085938,-0.8732529878616333
212481,2,-24.31704330444336,0.8565828800201416,1.3982269763946533,-1.2202826738357544,116.11264038085938,-0.80223548412323
212501,2,-27.056747436523438,-1.6663686037063599,-0.22886398434638977,-1.4198334217071533,116.024658203125,-0.9459729790687561
212521,2,-29.519983291625977,-4.180009841918945,-2.9200618267059326,-1.3990246057510376,115.84893798828125,-1.0365517139434814
212541,2,-30.50887680053711,-6.63965368270874,-6.0644001960754395,-1.213793396949768,115.65113830566406,-0.9901984333992004
212561,2,-32.46413040161133,-9.027587890625,-8.7230863571167,-1.145125389099121,115.40951538085938,-0.874528706073761
212581,2,-33.744136810302734,-11.33338737487793,-11.141901969909668,-1.0793988704681396,115.12384033203125,-0.7745946049690247
212601,2,-34.673072814941406,-13.515299797058105,-12.637228012084961,-1.1628645658493042,114.79425048828125,-0.7478041648864746
212621,2,-35.19887161254883,-15.55215835571289,-15.638772010803223,-0.9119266271591187,114.42071533203125,-0.7550333142280579
212641,2,-35.278648376464844,-17.425683975219727,-17.090551376342773,-0.9184313416481018,114.02522277832031,-0.6125746965408325
212661,2,-35.10601806640625,-19.1164493560791,-19.79496192932129,-0.6367225646972656,113.563720703125,-0.6112989783287048
212681,2,-34.47957992553711,-20.604270935058594,-20.77653694152832,-0.6416413187980652,113.10232543945312,-0.499457985162735
212701,2,-33.45038604736328,-21.877134323120117,-21.998291015625,-0.5546435117721558,112.59700012207031,-0.49435505270957947
212721,2,-31.91941261291504,-22.92873764038086,-23.71335220336914,-0.30675438046455383,112.09156799316406,-0.3786852955818176
212741,2,-31.062416076660156,-23.734405517578125,-24.49201774597168,-0.23781241476535797,111.58612060546875,-0.310646116733551
212761,2,-29.006816864013672,-24.282960891723633,-24.592683792114258,-0.2127351462841034,111.058837890625,-0.21751591563224792
212781,2,-26.802213668823242,-24.586830139160156,-24.385404586791992,-0.20577968657016754,110.57537841796875,-0.10950213670730591
212801,2,-23.95802879333496,-24.63334846496582,-24.49338722229004,-0.06303407996892929,110.026123046875,-0.007441786117851734
212821,2,-20.990169525146484,-24.426624298095703,-23.006912231445312,-0.20549115538597107,109.652587890625,-0.17754288017749786
212841,2,-17.5238094329834,-23.96933937072754,-23.10216522216797,0.024023523554205894,109.14715576171875,-0.023601094260811806
212861,2,-15.94049072265625,-23.26375961303711,-23.414823532104492,0.25917425751686096,108.641845703125,0.10099723190069199
212881,2,-12.02181339263916,-22.325756072998047,-24.37156867980957,0.7677733898162842,108.15835571289062,0.3055431842803955
212901,2,-8.255331039428711,-21.138591766357422,-23.98089599609375,1.055808424949646,107.74090576171875,0.6138504147529602
212921,2,-4.24725341796875,-19.758678436279297,-23.40036964416504,1.3520876169204712,107.36737060546875,0.7856509685516357
212941,2,-2.4345946311950684,-18.17700958251953,-20.114694595336914,1.0568339824676514,107.01580810546875,0.8932402729988098
212961,2,1.4749866724014282,-16.39150619506836,-18.93903160095215,1.2932476997375488,106.66424560546875,0.8830344080924988
212981,2,5.346884250640869,-14.462278366088867,-16.3619441986084,1.270493984222412,106.42251586914062,0.9510743618011475
213001,2,9.052419662475586,-12.407608985900879,-15.10571575164795,1.5183151960372925,106.1588134765625,0.8979179859161377
213021,2,12.773730278015137,-10.221165657043457,-12.50430679321289,1.5258986949920654,106.00503540039062,1.0237928628921509
213041,2,14.398009300231934,-7.938323497772217,-9.600678443908691,1.396201491355896,105.93905639648438,1.0510084629058838
213061,2,17.655065536499023,-5.5712361335754395,-5.65997838973999,1.1336748600006104,105.89511108398438,0.9608557820320129
213081,2,20.714645385742188,-3.1612021923065186,-3.0636208057403564,1.1272770166397095,105.89511108398438,0.8711275458335876
213101,2,23.314123153686523,-0.7484709620475769,-0.2540753483772278,1.0538805723190308,105.93905639648438,0.806914746761322
213121,2,25.75218963623047,1.6646816730499268,2.2627744674682617,1.0325130224227905,106.07095336914062,0.7843751907348633
213141,2,27.920928955078125,4.041306972503662,4.8351616859436035,0.9768243432044983,106.20272827148438,0.7129340767860413
213161,2,29.507036209106445,6.370069980621338,7.205755710601807,0.929616391658783,106.40054321289062,0.7112330794334412
213181,2,30.18324851989746,8.611224174499512,8.509373664855957,1.0427372455596924,106.64227294921875,0.6742352247238159
213201,2,31.360448837280273,10.74782943725586,10.950061798095703,0.9445245862007141,106.92794799804688,0.7465284466743469
213221,2,32.139892578125,12.757919311523438,12.246506690979004,1.0302777290344238,107.213623046875,0.6954990029335022
213241,2,32.457889556884766,14.622041702270508,15.05447769165039,0.7762962579727173,107.565185546875,0.6253320574760437
213261,2,32.354225158691406,16.318836212158203,16.167734146118164,0.810637354850769,107.93869018554688,0.5670719146728516
213281,2,32.16533660888672,17.83380699157715,17.693035125732422,0.7368318438529968,108.35617065429688,0.5811066031455994
213301,2,31.443666458129883,19.150985717773438,18.880001068115234,0.6807867884635925,108.77362060546875,0.5985416173934937
213321,2,30.301158905029297,20.25717544555664,21.170976638793945,0.3466915190219879,109.21304321289062,0.4407726228237152
213341,2,28.755218505859375,21.145980834960938,20.69179344177246,0.5101872086524963,109.608642578125,0.35742461681365967
213361,2,26.878524780273438,21.804269790649414,21.671875,0.33427873253822327,110.048095703125,0.2315489947795868
213381,2,24.88758659362793,22.220731735229492,22.032163619995117,0.23663434386253357,110.50949096679688,0.1392708420753479
213401,2,23.586084365844727,22.411041259765625,23.826889038085938,-0.14487583935260773,111.058837890625,0.051243577152490616
213421,2,20.845243453979492,22.36368751525879,19.471004486083984,0.599664032459259,111.34439086914062,0.22431983053684235
213441,2,18.07118797302246,22.08517074584961,21.59939956665039,0.012013731524348259,111.91574096679688,-0.035082705318927765
213461,2,14.885712623596191,21.58295249938965,21.5693416595459,-0.16864195466041565,112.28936767578125,0.12778766453266144
213481,2,13.347681045532227,20.870616912841797,18.50295639038086,0.24824269115924835,112.68486022949219,-0.08611366152763367
213501,2,10.07823371887207,19.92926025390625,20.324077606201172,-0.3830242455005646,113.212158203125,-0.10227297246456146
213521,2,6.61989688873291,18.78944969177246,20.414968490600586,-0.721750020980835,113.563720703125,-0.3051179349422455
213541,2,3.2725179195404053,17.480344772338867,19.379125595092773,-0.8725780844688416,113.915283203125,-0.45310473442077637
213561,2,-0.27009573578834534,15.992690086364746,18.743610382080078,-1.1500575542449951,114.22291564941406,-0.7167612910270691
213581,2,-1.867816686630249,14.367159843444824,16.50971031188965,-1.0564018487930298,114.50857543945312,-0.8252003192901611
213601,2,-5.200447082519531,12.577207565307617,14.809463500976562,-1.1674449443817139,114.75032043457031,-0.9068472981452942
213621,2,-8.42875862121582,10.695167541503906,13.352481842041016,-1.3366026878356934,114.969970703125,-0.9327903985977173
213641,2,-11.531805038452148,8.733330726623535,10.84748649597168,-1.3041168451309204,115.10188293457031,-0.9659594893455505
213661,2,-14.398124694824219,6.697399616241455,8.156938552856445,-1.2312743663787842,115.21170043945312,-0.925561249256134
213681,2,-15.641742706298828,4.617473602294922,6.05336856842041,-1.2114368677139282,115.23367309570312,-0.9327903985977173
213701,2,-18.198028564453125,2.5126585960388184,3.702554702758789,-1.1957283020019531,115.25564575195312,-0.9068472981452942
213721,2,-20.432113647460938,0.4097200930118561,1.3934019804000854,-1.1689777374267578,115.21170043945312,-0.809464693069458
213741,2,-22.387727737426758,-1.6629430055618286,-1.1267927885055542,-1.0840939283370972,115.12384033203125,-0.7699168920516968
213761,2,-23.968679428100586,-3.6885249614715576,-3.43845534324646,-1.0107778310775757,114.969970703125,-0.7452526688575745
213781,2,-24.58765983581543,-5.648623943328857,-6.1179986000061035,-0.8126924633979797,114.77227783203125,-0.6891188025474548
213801,2,-25.653459548950195,-7.526839733123779,-7.991953372955322,-0.7771704792976379,114.55250549316406,-0.634262204170227
213821,2,-26.38105583190918,-9.29369068145752,-8.783308029174805,-0.9243124723434448,114.28892517089844,-0.6049202680587769
213841,2,-26.748899459838867,-10.938705444335938,-11.03966236114502,-0.747516393661499,114.00325012207031,-0.5445339679718018
213861,2,-26.7375545501709,-12.445353507995605,-13.184194564819336,-0.5478456020355225,113.65168762207031,-0.46926403045654297
213881,2,-26.609294891357422,-13.79918098449707,-14.662699699401855,-0.4535224437713623,113.30012512207031,-0.3876170217990875
213901,2,-26.097211837768555,-14.982660293579102,-15.99757194519043,-0.34003183245658875,112.99249267578125,-0.2762012779712677
213921,2,-25.327579498291016,-15.990837097167969,-16.578458786010742,-0.34024932980537415,112.61897277832031,-0.26004040241241455
213941,2,-24.167339324951172,-16.8129825592041,-17.68379020690918,-0.19359531998634338,112.22346496582031,-0.19327694177627563
213961,2,-22.685415267944336,-17.447629928588867,-17.1724853515625,-0.3207058012485504,111.89376831054688,-0.16223250329494476
213981,2,-20.973464965820312,-17.885168075561523,-17.878055572509766,-0.16747304797172546,111.52023315429688,-0.0997214987874031
214001,2,-20.08820152282715,-18.12750244140625,-17.319215774536133,-0.2873748242855072,111.19064331054688,-0.17116421461105347
214021,2,-18.00370216369629,-18.162811279296875,-15.748764038085938,-0.5047356486320496,110.88299560546875,-0.06655239313840866
214041,2,-15.666691780090332,-18.011966705322266,-21.184019088745117,0.6740925312042236,110.355712890625,0.054645538330078125
214061,2,-13.333983421325684,-17.674808502197266,-14.537467956542969,-0.47786611318588257,110.26773071289062,0.012969970703125
214081,2,-10.886262893676758,-17.1522274017334,-16.939552307128906,0.19115929305553436,109.80633544921875,0.16733700037002563
214101,2,-9.45000171661377,-16.485897064208984,-16.938756942749023,0.3526060879230499,109.47674560546875,0.19667890667915344
214121,2,-6.795884132385254,-15.635759353637695,-17.044668197631836,0.6271651387214661,109.16912841796875,0.3689062297344208
214141,2,-4.053170680999756,-14.644122123718262,-16.118921279907227,0.728204071521759,108.88345336914062,0.5037104487419128
214161,2,-1.3030191659927368,-13.51451301574707,-14.597475051879883,0.7347284555435181,108.619873046875,0.48287343978881836
214181,2,1.2923535108566284,-12.257390975952148,-13.980731964111328,0.9272292852401733,108.35617065429688,0.49733176827430725
214201,2,2.517293691635132,-10.908221244812012,-12.399696350097656,0.892898678779602,108.224365234375,0.6929475665092468
214221,2,5.044910430908203,-9.469062805175781,-10.629996299743652,0.8900236487388611,108.07049560546875,0.6542487144470215
214241,2,7.435140609741211,-7.947977066040039,-10.065568923950195,1.1339772939682007,107.96066284179688,0.7767208218574524
214261,2,9.460094451904297,-6.375649929046631,-7.7523674964904785,1.0236631631851196,107.894775390625,0.7563090324401855
214281,2,11.455246925354004,-4.768282890319824,-6.290513515472412,1.0863467454910278,107.894775390625,0.7673653960227966
214301,2,13.351311683654785,-3.149758815765381,-3.763014554977417,0.9286827445030212,107.894775390625,0.7112330794334412
214321,2,14.164639472961426,-1.532110333442688,-0.9618622064590454,0.6624425649642944,107.916748046875,0.6495710015296936
214341,2,15.649039268493652,0.06410393118858337,0.756057620048523,0.6288504004478455,108.00460815429688,0.4969065189361572
214361,2,16.902973175048828,1.6176761388778687,2.9045181274414062,0.4893856346607208,108.13638305664062,0.42716479301452637
214381,2,17.82266616821289,3.122394323348999,3.4991612434387207,0.6370980143547058,108.268310546875,0.4641626477241516
214401,2,18.54605484008789,4.555662155151367,4.7232842445373535,0.6459446549415588,108.44403076171875,0.48712587356567383
214421,2,19.03432273864746,5.907830238342285,6.577847957611084,0.5003795623779297,108.597900390625,0.33701130747795105
214441,2,19.16208267211914,7.164422035217285,7.767233371734619,0.4568830728530884,108.79559326171875,0.30766940116882324
214461,2,19.233287811279297,8.312877655029297,8.895384788513184,0.40456297993659973,109.03732299804688,0.2698225975036621
214481,2,19.03717803955078,9.342917442321777,9.329578399658203,0.46552422642707825,109.279052734375,0.3786868751049042
214501,2,18.5819034576416,10.246307373046875,9.986701965332031,0.4544609785079956,109.52069091796875,0.31404808163642883
214521,2,17.89834976196289,11.01591968536377,11.806426048278809,0.18007227778434753,109.78439331054688,0.24345585703849792
214541,2,17.494876861572266,11.64737319946289,11.411648750305176,0.3336940407752991,109.96023559570312,0.19072547554969788
214561,2,16.493600845336914,12.131111145019531,13.413414001464844,-0.030055977404117584,110.28970336914062,0.18902449309825897
214581,2,15.272969245910645,12.475452423095703,12.228020668029785,0.21235443651676178,110.50949096679688,0.23239947855472565
214601,2,13.850164413452148,12.67800521850586,10.658132553100586,0.4973851144313812,110.707275390625,0.2647196650505066
214621,2,12.339700698852539,12.73554515838623,11.711236000061035,0.2349003404378891,111.01492309570312,0.11928276717662811
214641,2,11.598584175109863,12.654718399047852,13.223662376403809,-0.10049121826887131,111.32244873046875,0.06442616879940033
214661,2,9.88163948059082,12.436785697937012,10.156877517700195,0.40168753266334534,111.388427734375,0.14139705896377563
214681,2,8.107325553894043,12.089949607849121,13.305425643920898,-0.33571290969848633,111.783935546875,0.024026338011026382
214701,2,6.3043694496154785,11.628716468811035,9.777544975280762,0.21780137717723846,111.805908203125,0.061449456959962845
214721,2,4.421191215515137,11.051313400268555,10.152202606201172,-0.02301640622317791,112.04753112792969,-0.06570190191268921
214741,2,3.5455894470214844,10.377668380737305,10.041448593139648,-0.14214886724948883,112.26741027832031,-0.13756829500198364
214761,2,1.7574584484100342,9.605446815490723,10.238460540771484,-0.38173481822013855,112.487060546875,-0.2447315901517868
214781,2,-0.04064033553004265,8.759330749511719,9.709136962890625,-0.488545298576355,112.70683288574219,-0.2608909010887146
214801,2,-1.616204857826233,7.838234901428223,9.180256843566895,-0.6057401895523071,112.838623046875,-0.4029258191585541
214821,2,-3.2704954147338867,6.864034652709961,8.733126640319824,-0.7549660205841064,112.99249267578125,-0.5045609474182129
214841,2,-4.80276346206665,5.848110198974609,7.390322208404541,-0.7291024923324585,113.08036804199219,-0.5058366656303406
214861,2,-5.469234943389893,4.802041053771973,6.029111862182617,-0.6649984121322632,113.14625549316406,-0.4969065189361572
214881,2,-6.7925615310668945,3.727602243423462,4.558346271514893,-0.6043333411216736,113.212158203125,-0.40420156717300415
214901,2,-7.984804153442383,2.654825448989868,3.181344747543335,-0.5569064021110535,113.212158203125,-0.42376282811164856
214921,2,-9.04712200164795,1.5923629999160767,0.9425182342529297,-0.3272249102592468,113.23423767089844,-0.36635318398475647
214941,2,-9.89589786529541,0.547102153301239,0.06551699340343475,-0.34525248408317566,113.212158203125,-0.25323647260665894
214961,2,-10.239977836608887,-0.4634612202644348,-0.7085835933685303,-0.3598906099796295,113.16822814941406,-0.24983452260494232
214981,2,-10.833909034729004,-1.438385009765625,-2.044922113418579,-0.26618123054504395,113.10232543945312,-0.21624016761779785
215001,2,-11.253677368164062,-2.356642484664917,-2.61738657951355,-0.30849897861480713,113.01446533203125,-0.21453920006752014
215021,2,-11.485832214355469,-3.2161271572113037,-3.9555859565734863,-0.1831754893064499,112.94856262207031,-0.1911507248878479
215041,2,-11.553231239318848,-4.006984710693359,-4.338607311248779,-0.23023566603660583,112.81666564941406,-0.20008087158203125
215061,2,-11.524489402770996,-4.7234296798706055,-5.356499671936035,-0.13693641126155853,112.70683288574219,-0.19710415601730347
215081,2,-11.344944953918457,-5.358296871185303,-4.507603168487549,-0.3925018906593323,112.66290283203125,-0.17881861329078674
215101,2,-10.998958587646484,-5.908710956573486,-5.55849027633667,-0.25768807530403137,112.46510314941406,-0.18392156064510345
215121,2,-10.51534366607666,-6.371966361999512,-6.33714485168457,-0.15770739316940308,112.33329772949219,-0.16818749904632568
215141,2,-9.897382736206055,-6.744394302368164,-5.378007411956787,-0.3837943375110626,112.17953491210938,-0.20008087158203125
215161,2,-9.576362609863281,-7.025745868682861,-6.012613296508789,-0.2974201440811157,112.04753112792969,-0.20603430271148682
215181,2,-8.797924995422363,-7.215157508850098,-6.112664699554443,-0.28097355365753174,111.91574096679688,-0.14309647679328918
215201,2,-7.944220066070557,-7.315333366394043,-7.050857067108154,-0.07919321209192276,111.783935546875,-0.05762225016951561
215221,2,-7.0121002197265625,-7.32403564453125,-7.233758449554443,-0.006297541316598654,111.65203857421875,-0.050816770642995834
215241,2,-5.967921257019043,-7.255288124084473,-6.816484451293945,-0.048455700278282166,111.49826049804688,-0.1158808097243309
215261,2,-5.504218101501465,-7.105775356292725,-4.823135852813721,-0.4087166488170624,111.388427734375,-0.1783933788537979
215281,2,-4.459504127502441,-6.881021499633789,-7.50860595703125,0.18816718459129333,111.16867065429688,-0.08398743718862534
215301,2,-3.3930530548095703,-6.588100910186768,-4.164073467254639,-0.3855005204677582,111.16867065429688,-0.06910386681556702
215321,2,-2.317944049835205,-6.235735893249512,-4.85262393951416,-0.16384507715702057,111.036865234375,-0.13416634500026703
215341,2,-1.2987661361694336,-5.825023651123047,-4.693387985229492,-0.11082485318183899,110.94891357421875,-0.18817400932312012
215361,2,-0.8275750875473022,-5.366854667663574,-3.9527931213378906,-0.1745186150074005,110.86105346679688,-0.09291758388280869
215381,2,0.13463713228702545,-4.863991737365723,-5.194701671600342,0.1884736269712448,110.751220703125,0.08738939464092255
215401,2,1.0448997020721436,-4.337764263153076,-5.172836780548096,0.3069405257701874,110.59735107421875,0.12948864698410034
215421,2,1.8967866897583008,-3.786288022994995,-4.471295356750488,0.2995997965335846,110.53143310546875,0.2302732616662979
215441,2,2.6809799671173096,-3.215559482574463,-4.024580955505371,0.34174206852912903,110.44357299804688,0.258340984582901
215461,2,3.0016117095947266,-2.6357576847076416,-4.768829822540283,0.6084144711494446,110.399658203125,0.38166359066963196
215481,2,3.6394152641296387,-2.052067756652832,-3.7433292865753174,0.5394062995910645,110.355712890625,0.34338995814323425
215501,2,4.18598747253418,-1.4774008989334106,-2.577777624130249,0.4346889555454254,110.31179809570312,0.32212772965431213
215521,2,4.596961975097656,-0.9161360859870911,-2.2051501274108887,0.47815871238708496,110.31179809570312,0.35572364926338196
215541,2,4.946172714233398,-0.3732437789440155,-1.6694302558898926,0.48855146765708923,110.333740234375,0.42673954367637634
215561,2,5.20719051361084,0.14360707998275757,0.09081235527992249,0.23938621580600739,110.333740234375,0.25111183524131775
215581,2,5.29265832901001,0.6304477453231812,0.20751816034317017,0.2983613908290863,110.355712890625,0.2124129682779312
215601,2,5.401507377624512,1.0826747417449951,1.6485915184020996,0.08634073287248611,110.377685546875,0.13884559273719788
215621,2,5.41953182220459,1.4954018592834473,1.8858096599578857,0.09726721793413162,110.377685546875,0.06655239313840866
215641,2,5.358798503875732,1.8660095930099487,1.7827433347702026,0.17080490291118622,110.399658203125,0.10865164548158646
215661,2,5.212718963623047,2.1922171115875244,2.5810906887054443,0.05572063848376274,110.48751831054688,0.0720805823802948
215681,2,4.990668296813965,2.4719302654266357,2.6722798347473145,0.06969762593507767,110.48751831054688,0.08271170407533646
215701,2,4.866557598114014,2.704392194747925,2.328605890274048,0.16920529305934906,110.50949096679688,0.12013325840234756
215721,2,4.554817199707031,2.8874247074127197,1.8954262733459473,0.2753581404685974,110.53143310546875,0.13799510896205902
215741,2,4.18007230758667,3.024136781692505,3.5918610095977783,-0.054117295891046524,110.61929321289062,0.09717003256082535
215761,2,3.762295722961426,3.115436315536499,2.68088436126709,0.12568384408950806,110.64126586914062,0.09291758388280869
215781,2,3.3177781105041504,3.160956382751465,2.5659830570220947,0.14465902745723724,110.707275390625,0.150752454996109
215801,2,3.1054039001464844,3.165522813796997,4.017071723937988,-0.15823324024677277,110.86105346679688,-0.06910386681556702
215821,2,2.63739275932312,3.129984140396118,2.586056709289551,0.106599360704422,110.92694091796875,0.0720805823802948
215841,2,2.152655601501465,3.0545201301574707,2.5860979557037354,0.06311900913715363,111.01492309570312,-0.07973498851060867
215861,2,1.652396559715271,2.9462478160858154,3.0586602687835693,-0.06267892569303513,111.080810546875,0.01764766499400139
215881,2,1.1865336894989014,2.806062936782837,2.909005641937256,-0.07217667996883392,111.080810546875,0.01637193001806736
215901,2,0.9721095561981201,2.6394567489624023,2.014620065689087,0.07348749041557312,111.080810546875,0.02530207298696041
215921,2,0.5311194062232971,2.4504311084747314,1.1358824968338013,0.20812582969665527,111.102783203125,0.08781464397907257
215941,2,0.11434344947338104,2.2429027557373047,1.8414342403411865,0.022977467626333237,111.16867065429688,0.0282803513109684
215961,2,-0.2661375403404236,2.022773504257202,1.459702968597412,0.05235316604375839,111.16867065429688,0.010418500751256943
215981,2,-0.6227957010269165,1.7913007736206055,1.3006072044372559,0.037560153752565384,111.19064331054688,0.0291308406740427
216001,2,-0.7652804255485535,1.5532715320587158,1.227154016494751,0.013330749236047268,111.21261596679688,0.027003053575754166
216021,2,-1.0505270957946777,1.3127241134643555,0.7744951248168945,0.059268396347761154,111.25653076171875,0.055921271443367004
216041,2,-1.2880703210830688,1.0734516382217407,1.5520203113555908,-0.14113517105579376,111.25653076171875,-0.04103613644838333
216061,2,-1.4777817726135254,0.8397663235664368,1.1303050518035889,-0.10612956434488297,111.27850341796875,-0.07335631549358368
216081,2,-1.6256355047225952,0.6132593154907227,0.7659695148468018,-0.08205106854438782,111.25653076171875,-0.13884402811527252
216101,2,-1.7164143323898315,0.3968755602836609,0.4927298426628113,-0.0658826231956482,111.27850341796875,-0.05166725814342499
216121,2,-1.7482562065124512,0.1939152479171753,1.2194406986236572,-0.24982167780399323,111.27850341796875,-0.15500333905220032
216141,2,-1.7882329225540161,0.006054905243217945,0.5927671790122986,-0.16996239125728607,111.23455810546875,-0.2043333202600479
216161,2,-1.7881577014923096,-0.1649680733680725,0.7567594051361084,-0.2415592223405838,111.19064331054688,-0.202632337808609
216181,2,-1.7524844408035278,-0.31800180673599243,0.8586851358413696,-0.2925812602043152,111.19064331054688,-0.14607319235801697
216201,2,-1.6804141998291016,-0.4520026743412018,0.46242260932922363,-0.2395506501197815,111.14669799804688,-0.14267124235630035
216221,2,-1.6381691694259644,-0.5664412379264832,0.19704848527908325,-0.21168896555900574,111.102783203125,-0.15415285527706146
216241,2,-1.5295900106430054,-0.6605828404426575,-0.3171091079711914,-0.12574875354766846,111.058837890625,-0.12523619830608368
216261,2,-1.3979014158248901,-0.7356107234954834,-0.853714108467102,-0.02901292033493519,111.080810546875,-0.08313694596290588
216281,2,-1.247567892074585,-0.7919360995292664,-0.6278976202011108,-0.07744670659303665,111.080810546875,-0.06740288436412811
216301,2,-1.0891746282577515,-0.829562246799469,-0.25829756259918213,-0.1524953842163086,111.080810546875,-0.06995435804128647
216321,2,-1.0115272998809814,-0.8504807949066162,0.22973501682281494,-0.25504302978515625,111.080810546875,-0.1043991968035698
216341,2,-0.8482064008712769,-0.8538841009140015,-0.8533549308776855,-0.04520244523882866,110.99282836914062,-0.14692369103431702
216361,2,-0.6814517378807068,-0.8427045345306396,-0.8342424035072327,-0.03899373486638069,110.99282836914062,-0.004039826802909374
216381,2,-0.5188474059104919,-0.8198533058166504,-0.8382661938667297,-0.030406540259718895,110.94891357421875,-0.05889798700809479
216401,2,-0.3572997748851776,-0.7850384712219238,-1.4520834684371948,0.10981626808643341,110.94891357421875,0.07548253983259201
216421,2,-0.28928226232528687,-0.7403726577758789,-1.607941746711731,0.1593966782093048,110.94891357421875,0.1286381483078003
216441,2,-0.15111353993415833,-0.6884322762489319,-1.8585764169692993,0.23121432960033417,110.92694091796875,0.12438570708036423
216461,2,-0.027049807831645012,-0.6298474073410034,-0.9059135913848877,0.06585203856229782,110.94891357421875,0.0980205163359642
216481,2,0.07211274653673172,-0.5671095252037048,0.05694163590669632,-0.11126965284347534,110.92694091796875,-0.006166051607578993
216501,2,0.16444815695285797,-0.5019518733024597,-0.485794335603714,0.010263017378747463,110.94891357421875,0.02445158362388611
216521,2,0.24293924868106842,-0.4353979825973511,-0.2387058436870575,-0.029906587675213814,110.92694091796875,-0.06782812625169754
216541,2,0.27196812629699707,-0.3694300353527069,-0.41582030057907104,0.013351937755942345,110.94891357421875,-0.058047495782375336
216561,2,0.3213515877723694,-0.3048761487007141,0.621397078037262,-0.18535293638706207,110.97085571289062,-0.10652542114257812
216581,2,0.354397714138031,-0.2432265281677246,0.412941575050354,-0.13901858031749725,110.97085571289062,-0.07293106615543365
216601,2,0.3702937960624695,-0.1855543702840805,-0.49059993028640747,0.04568338766694069,110.97085571289062,-0.04316236078739166
216621,2,0.3724658191204071,-0.13246981799602509,0.27271634340286255,-0.1032075509428978,110.99282836914062,-0.11332933604717255
216641,2,0.3687886893749237,-0.0846330001950264,-0.08107635378837585,-0.028250668197870255,110.99282836914062,-0.06357567757368088
216661,2,0.3522920608520508,-0.042536813765764236,-0.22060564160346985,0.004812974017113447,110.99282836914062,-0.039335157722234726
216681,2,0.3262932002544403,-0.006417219527065754,-0.07947531342506409,-0.0183512344956398,111.01492309570312,-0.028278788551688194
216701,2,0.2931130528450012,0.02375647984445095,-0.714674711227417,0.1123555600643158,111.036865234375,0.012544725090265274
216721,2,0.25250840187072754,0.04788769409060478,-0.2671882212162018,0.027621004730463028,111.058837890625,-0.0014883573167026043
216741,2,0.23263217508792877,0.06620240956544876,0.27934545278549194,-0.0779150053858757,111.058837890625,-0.020624378696084023
216761,2,0.1898864209651947,0.0789046511054039,-0.6783888339996338,0.11242890357971191,111.058837890625,0.013820460066199303
216781,2,0.14561986923217773,0.08683665841817856,0.9637390375137329,-0.2134486436843872,111.080810546875,-0.06315043568611145
216801,2,0.10438407212495804,0.0905129611492157,0.8306354284286499,-0.19785098731517792,111.080810546875,-0.16818749904632568
216821,2,0.06370649486780167,0.09026885777711868,0.7221565842628479,-0.18235918879508972,111.102783203125,-0.08568841964006424
216841,2,0.047261159867048264,0.08678340166807175,-0.011705160140991211,-0.04458949714899063,111.080810546875,-0.09674478322267532
216861,2,0.015457362867891788,0.0806414857506752,-0.13852287828922272,-0.02213914319872856,111.080810546875,-0.02870403230190277
216881,2,-0.01083484385162592,0.07295261323451996,1.310477375984192,-0.3157447576522827,111.080810546875,-0.15202662348747253
216901,2,-0.030945945531129837,0.06382923573255539,0.20145879685878754,-0.1072852686047554,111.036865234375,-0.146498441696167
216921,2,-0.045441657304763794,0.05420948192477226,-0.24831204116344452,-0.020699890330433846,111.058837890625,-0.058047495782375336
216941,2,-0.049660805612802505,0.04448073357343674,-1.0368168354034424,0.13613831996917725,111.058837890625,-0.018923399969935417
216961,2,-0.05460100620985031,0.03512999787926674,-0.38183045387268066,0.006465607788413763,111.058837890625,-0.04486333951354027
216981,2,-0.054272234439849854,0.0265733040869236,-0.2652190923690796,-0.015983717516064644,111.080810546875,-0.030830256640911102
217001,2,-0.04987093806266785,0.019066952168941498,-0.644198477268219,0.06270720064640045,111.080810546875,0.0014883573167026043
217021,2,-0.04170355200767517,0.01280144788324833,0.11888473480939865,-0.08158749341964722,111.124755859375,0.029981331899762154
217041,2,-0.037188563495874405,0.00787754263728857,0.1302025020122528,-0.07934819161891937,111.124755859375,0.029981331899762154
217061,2,-0.02696184813976288,0.0042885481379926205,-0.23001596331596375,-0.00422991719096899,111.124755859375,0.02445158362388611
217081,2,-0.01686919294297695,0.001869839383289218,-0.5837579965591431,0.06985750049352646,111.102783203125,0.03380853682756424
217101,2,-0.00872844085097313,0.000531247234903276,-0.9416974782943726,0.1469075083732605,111.102783203125,0.027429861947894096
217121,2,-0.002267040079459548,-3.5063119867118075e-05,-0.5341790914535522,0.07407492399215698,111.102783203125,0.06740288436412811
217141,2,0.0,-0.00010971995652653277,-0.8852880001068115,0.15087004005908966,111.102783203125,0.10992737859487534
217161,2,0.0,-9.927873179549351e-05,0.3847269117832184,-0.09527461230754852,111.102783203125,0.054645538330078125
217181,2,0.0,-8.983111911220476e-05,-0.021660294383764267,-0.0135934604331851,111.080810546875,0.01637193001806736
217201,2,0.0,-8.128255285555497e-05,0.3260912597179413,-0.08237792551517487,111.080810546875,-0.052092503756284714
217221,2,0.0,-7.35474968678318e-05,0.08864973485469818,-0.039929717779159546,111.080810546875,-0.056771762669086456
217241,2,0.0,-6.654853496002033e-05,-0.02002561092376709,-0.019680354744195938,111.080810546875,-0.010843745432794094
217261,2,0.0,-6.021559966029599e-05,0.08125823736190796,-0.042345233261585236,111.080810546875,-0.05379348248243332
217281,2,0.0,-5.4485331929754466e-05,0.28841182589530945,-0.0897660106420517,111.036865234375,-0.09674478322267532
217301,2,0.0,-4.930036811856553e-05,0.2270486056804657,-0.08453182876110077,111.036865234375,-0.12353521585464478
217321,2,0.0,-4.460882337298244e-05,-0.049282629042863846,-0.032083652913570404,111.058837890625,-0.05719700828194618
217341,2,0.0,-4.0363738662563264e-05,0.4531666040420532,-0.1341957449913025,111.058837890625,-0.08356219530105591
217361,2,0.0,-3.6522622394841164e-05,-0.437780499458313,0.043685249984264374,111.080810546875,0.006166051607578993
217381,2,0.0,-3.304703568574041e-05,-0.5562894940376282,0.07034080475568771,111.080810546875,0.006591296289116144
217401,2,0.0,-2.99021958198864e-05,-0.4990057945251465,0.06303155422210693,111.102783203125,0.029556086286902428
217421,2,0.0,-2.7056619728682563e-05,0.10802999138832092,-0.052737265825271606,111.124755859375,0.03848623111844063
217441,2,0.0,-2.4481845684931614e-05,-0.7192873954772949,0.11432097107172012,111.102783203125,0.055921271443367004
217461,2,0.0,-2.215208951383829e-05,-0.42466360330581665,0.0589117705821991,111.124755859375,0.006166051607578993
217481,2,0.0,-2.0044039047206752e-05,-0.04751214385032654,-0.013136890716850758,111.14669799804688,-0.005315561778843403
217501,2,0.0,-1.8136599464924075e-05,0.3216876983642578,-0.08561873435974121,111.124755859375,-0.02870403230190277
217521,2,0.0,-1.641067319724243e-05,0.41417232155799866,-0.1080537885427475,111.102783203125,-0.0997214987874031
217541,2,0.0,-1.4848990758764558e-05,0.7338371276855469,-0.17353317141532898,111.102783203125,-0.07463204860687256
217561,2,0.0,-1.3435922483040486e-05,0.5575043559074402,-0.1427142322063446,111.080810546875,-0.0784592553973198
217581,2,0.0,-1.215732754644705e-05,0.6465898752212524,-0.1649152785539627,111.080810546875,-0.07888449728488922
217601,2,0.0,-1.1000404811056796e-05,-0.027110692113637924,-0.03705709055066109,111.058837890625,-0.09036611020565033
217621,2,0.0,-9.953579137800261e-06,0.016415506601333618,-0.04499996453523636,111.080810546875,-0.004465071950107813
217641,2,0.0,-9.006370419228915e-06,-0.5657324194908142,0.07203018665313721,111.080810546875,0.010418500751256943
217661,2,0.0,-8.149301720550284e-06,0.07784998416900635,-0.05652238801121712,111.080810546875,-0.03635844215750694
217681,2,0.0,-7.373794687737245e-06,0.23793089389801025,-0.09293363243341446,111.058837890625,-0.09334282577037811
217701,2,0.0,-6.672086328762816e-06,0.3424775302410126,-0.11477289348840714,111.080810546875,-0.03423221781849861
217721,2,0.0,-6.0371544350346085e-06,0.4389558434486389,-0.13869255781173706,111.058837890625,-0.1158808097243309
217741,2,0.0,-5.462643002829282e-06,0.6475000381469727,-0.18380720913410187,111.058837890625,-0.08441267907619476
217761,2,0.0,-4.94280357088428e-06,-0.2505364716053009,-0.010819585993885994,111.058837890625,-0.07803400605916977
217781,2,0.0,-4.472433829505462e-06,-0.0877062976360321,-0.0441046804189682,111.058837890625,-0.05974847450852394
217801,2,0.0,-4.046825779369101e-06,-0.17285019159317017,-0.02403714507818222,111.102783203125,0.010843745432794094
217821,2,0.0,-3.661719574665767e-06,-0.5909194946289062,0.05524512007832527,111.036865234375,-0.0720805823802948
217841,2,0.0,-3.3132605494756717e-06,0.24536502361297607,-0.11669035255908966,111.036865234375,-0.1303391307592392
217861,2,0.0,-2.997962155859568e-06,0.8520592451095581,-0.2435123324394226,111.036865234375,-0.17286519706249237
217881,2,0.0,-2.712668219828629e-06,-0.24472443759441376,-0.03085200861096382,110.99282836914062,-0.1043991968035698
217901,2,0.0,-2.4545240648876643e-06,0.14169761538505554,-0.10775893926620483,111.01492309570312,-0.06740288436412811
217921,2,0.0,-2.220945134467911e-06,0.09083946794271469,-0.09992766380310059,111.01492309570312,-0.08738939464092255
217941,2,0.0,-2.009594254559488e-06,-0.21676045656204224,-0.038133107125759125,111.01492309570312,-0.05251774936914444
217961,2,0.0,-1.8183563952334225e-06,0.10845721513032913,-0.10092207044363022,111.01492309570312,-0.06442616879940033
217981,2,0.0,-1.6453166153951315e-06,0.2126631736755371,-0.12332432717084885,111.01492309570312,-0.0997214987874031
218001,2,0.0,-1.4887441466271412e-06,0.23702865839004517,-0.12974710762500763,111.036865234375,-0.08696415275335312
218021,2,0.0,-1.3470714748109458e-06,0.3341746926307678,-0.15276309847831726,111.01492309570312,-0.10524968057870865
218041,2,0.0,-1.2188806977064814e-06,0.6435991525650024,-0.21627134084701538,111.01492309570312,-0.09504380822181702
218061,2,0.0,-1.1028888593500596e-06,-0.1534251719713211,-0.060031548142433167,111.01492309570312,-0.059323232620954514
218081,2,0.0,-9.97935103441705e-07,-0.25874680280685425,-0.03959560766816139,111.01492309570312,-0.062299944460392
218101,2,0.0,-9.029690772877075e-07,-0.7485867738723755,0.05932728573679924,111.01492309570312,-0.0299797672778368
218121,2,0.0,-8.170401315510389e-07,0.41449427604675293,-0.16974036395549774,111.036865234375,-0.08866513520479202
218141,2,0.0,-7.392885663648485e-07,0.5486116409301758,-0.1997334510087967,111.036865234375,-0.08909037709236145
218161,2,0.0,-6.689359679512563e-07,0.5486116409301758,-0.20569908618927002,111.036865234375,-0.08909037709236145
