time,f7_time,stage,type,id,target,position,velocity,current,state,code
1.7927369119715877,18.684,observe,1,2,,103.84329223632812,3.9531514644622803,-0.0,0,1
1.7927369119715877,18.684,observe,1,1,,-130.67822265625,-0.0,-0.0,0,1
1.7927369119715877,18.684,observe,0,4,,0.0,-0.0,0.054999999701976776,0,1
1.7927369119715877,18.684,observe,0,1,,0.0,0.0,-0.0020000000949949026,0,1
1.8027389629860409,18.694,observe,1,2,,103.84329223632812,0.7909020781517029,-0.0,0,1
1.8027389629860409,18.694,observe,1,1,,-130.67822265625,-0.0,-0.0,0,1
1.8027389629860409,18.694,observe,0,4,,0.0,-0.0,-0.017999999225139618,0,1
1.8027389629860409,18.694,observe,0,1,,0.0,0.0,-0.008999999612569809,0,1
1.812682692951057,18.704,observe,1,2,,103.83477783203125,-0.9987199306488037,-0.0,0,1
1.812682692951057,18.704,observe,1,1,,-130.67822265625,-0.0,-0.0,0,1
1.812682692951057,18.704,observe,0,4,,0.0,-0.0,-0.017999999225139618,0,1
1.812682692951057,18.704,observe,0,1,,0.0,0.0,-0.008999999612569809,0,1
1.8229645919636823,18.714,observe,1,2,,103.83477783203125,-2.2835581302642822,-0.0,0,1
1.8229645919636823,18.714,observe,1,1,,-130.67822265625,-0.0,-0.0,0,1
1.8229645919636823,18.714,observe,0,4,,0.0,-0.0,0.03200000151991844,0,1
1.8229645919636823,18.714,observe,0,1,,0.0,0.0,-0.008999999612569809,0,1
1.8326493729837239,18.724,observe,1,2,,103.82913208007812,-6.698441505432129,-0.0,0,1
1.8326493729837239,18.724,observe,1,1,,-130.67822265625,-0.0,-0.0,0,1
1.8326493729837239,18.724,observe,0,4,,0.0,-0.0,-0.017999999225139618,0,1
1.8326493729837239,18.724,observe,0,1,,0.0,0.0,-0.008999999612569809,0,1
1.8430514289648272,18.734,observe,1,2,,103.84051513671875,-1.8524776697158813,-0.0,0,1
1.8430514289648272,18.734,observe,1,1,,-130.67822265625,-0.0,-0.0,0,1
1.8430514289648272,18.734,observe,0,4,,0.0,-0.0,-0.017999999225139618,0,1
1.8430514289648272,18.734,observe,0,1,,0.0,0.0,-0.008999999612569809,0,1
1.852668832987547,18.744,observe,1,2,,103.83767700195312,3.0599241256713867,-0.0,0,1
1.852668832987547,18.744,observe,1,1,,-130.67822265625,-0.0,-0.0,0,1
1.852668832987547,18.744,observe,0,4,,0.0,-0.0,-0.017999999225139618,0,1
1.852668832987547,18.744,observe,0,1,,0.0,0.0,-0.01600000075995922,0,1
1.8628505829838105,18.754,observe,1,2,,103.83477783203125,0.4575914442539215,-0.0,0,1
1.8628505829838105,18.754,observe,1,1,,-130.67822265625,-0.0,-0.0,0,1
1.8628505829838105,18.754,observe,0,4,,0.0,-0.0,0.03200000151991844,0,1
1.8628505829838105,18.754,observe,0,1,,0.0,0.0,-0.008999999612569809,0,1
1.8724656429840252,18.764,observe,1,2,,103.83767700195312,4.8319854736328125,-0.0,0,1
1.8724656429840252,18.764,observe,1,1,,-130.67822265625,-0.0,-0.0,0,1
1.8724656429840252,18.764,observe,0,4,,0.0,-0.0,-0.017999999225139618,0,1
1.8724656429840252,18.764,observe,0,1,,0.0,0.0,-0.008999999612569809,0,1
1.8826804049895145,18.774,observe,1,2,,103.83767700195312,5.171997547149658,-0.0,0,1
1.8826804049895145,18.774,observe,1,1,,-130.67822265625,-0.0,-0.0,0,1
1.8826804049895145,18.774,observe,0,4,,0.0,-0.0,-0.017999999225139618,0,1
1.8826804049895145,18.774,observe,0,1,,0.0,0.0,-0.008999999612569809,0,1
1.8927024029544555,18.784,observe,1,2,,103.83767700195312,3.7036471366882324,-0.0,0,1
1.8927024029544555,18.784,observe,1,1,,-130.67822265625,-0.0,-0.0,0,1
1.8927024029544555,18.784,observe,0,4,,0.0,-0.0,-0.017999999225139618,0,1
1.8927024029544555,18.784,observe,0,1,,0.0,0.0,0.05700000002980232,0,1
1.902694795979187,18.794,observe,1,2,,103.83477783203125,-1.0341026782989502,-0.0,0,1
1.902694795979187,18.794,observe,1,1,,-130.67822265625,-0.0,-0.0,0,1
1.902694795979187,18.794,observe,0,4,,0.0,-0.0,0.006000000052154064,0,1
1.902694795979187,18.794,observe,0,1,,0.0,0.0,-0.08299999684095383,0,1
1.9127755649969913,18.804,observe,1,2,,103.83477783203125,-1.295827865600586,-0.0,0,1
1.9127755649969913,18.804,observe,1,1,,-130.67822265625,-0.0,-0.0,0,1
1.9127755649969913,18.804,observe,0,4,,0.0,-0.0,0.03200000151991844,0,1
1.9127755649969913,18.804,observe,0,1,,0.0,0.0,-0.008999999612569809,0,1
1.9229021199862473,18.814,observe,1,2,,103.83767700195312,0.7541192770004272,-0.0,0,1
1.9229021199862473,18.814,observe,1,1,,-130.67822265625,-0.0,-0.0,0,1
1.9229021199862473,18.814,observe,0,4,,0.0,-0.0,0.054999999701976776,0,1
1.9229021199862473,18.814,observe,0,1,,0.0,0.0,-0.0020000000949949026,0,1
1.932391332986299,18.824,observe,1,2,,103.82913208007812,-4.913357734680176,-0.0,0,1
1.932391332986299,18.824,observe,1,1,,-130.67822265625,-0.0,-0.0,0,1
1.932391332986299,18.824,observe,0,4,,0.0,-0.0,0.03200000151991844,0,1
1.932391332986299,18.824,observe,0,1,,0.0,0.0,-0.008999999612569809,0,1
1.942750817979686,18.834,observe,1,2,,103.84051513671875,10.608104705810547,-0.0,0,1
1.942750817979686,18.834,observe,1,1,,-130.67822265625,-0.0,-0.0,0,1
1.942750817979686,18.834,observe,0,4,,0.0,-0.0,0.03200000151991844,0,1
1.942750817979686,18.834,observe,0,1,,0.0,0.0,-0.01600000075995922,0,1
1.9527644199552014,18.844,observe,1,2,,103.83767700195312,7.270432949066162,-0.0,0,1
1.9527644199552014,18.844,observe,1,1,,-130.67822265625,-0.0,-0.0,0,1
1.9527644199552014,18.844,observe,0,4,,0.0,-0.0,-0.017999999225139618,0,1
1.9527644199552014,18.844,observe,0,1,,0.0,0.0,-0.008999999612569809,0,1
1.9630029569962062,18.854,observe,1,2,,103.83477783203125,-2.7546892166137695,-0.0,0,1
1.9630029569962062,18.854,observe,1,1,,-130.67822265625,-0.0,-0.0,0,1
1.9630029569962062,18.854,observe,0,4,,0.0,-0.0,-0.017999999225139618,0,1
1.9630029569962062,18.854,observe,0,1,,0.0,0.0,-0.0020000000949949026,0,1
1.9724696269840933,18.864,observe,1,2,,103.83197021484375,-3.5377984046936035,-0.0,0,1
1.9724696269840933,18.864,observe,1,1,,-130.67822265625,-0.0,-0.0,0,1
1.9724696269840933,18.864,observe,0,4,,0.0,-0.0,-0.017999999225139618,0,1
1.9724696269840933,18.864,observe,0,1,,0.0,0.0,-0.008999999612569809,0,1
1.983042775944341,18.874,observe,1,2,,103.83197021484375,2.3528213500976562,-0.0,0,1
1.983042775944341,18.874,observe,1,1,,-130.67822265625,-0.0,-0.0,0,1
1.983042775944341,18.874,observe,0,4,,0.0,-0.0,-0.017999999225139618,0,1
1.983042775944341,18.874,observe,0,1,,0.0,0.0,-0.008999999612569809,0,1
1.9925150659983046,18.884,observe,1,2,,103.84051513671875,-1.9104620218276978,-0.0,0,1
1.9925150659983046,18.884,observe,1,1,,-130.67822265625,-0.0,-0.0,0,1
1.9925150659983046,18.884,observe,0,4,,0.0,-0.0,-0.017999999225139618,0,1
1.9925150659983046,18.884,observe,0,1,,0.0,0.0,0.05700000002980232,0,1
2.0028128649573773,18.894,observe,1,2,,103.83767700195312,-0.018735261633992195,-0.0,0,1
2.0028128649573773,18.894,observe,1,1,,-130.67822265625,-0.0,-0.0,0,1
2.0028128649573773,18.894,observe,0,4,,0.0,-0.0,0.03200000151991844,0,1
2.0028128649573773,18.894,observe,0,1,,0.0,0.0,-0.008999999612569809,0,1
2.012567477999255,18.904,observe,1,2,,103.83767700195312,-1.1239686012268066,-0.0,0,1
2.012567477999255,18.904,observe,1,1,,-130.67822265625,-0.0,-0.0,0,1
2.012567477999255,18.904,observe,0,4,,0.0,-0.0,0.006000000052154064,0,1
2.012567477999255,18.904,observe,0,1,,0.0,0.0,-0.008999999612569809,0,1
2.0230158109916374,18.914,observe,1,2,,103.83477783203125,-2.114755868911743,-0.0,0,1
2.0230158109916374,18.914,observe,1,1,,-130.67822265625,-0.0,-0.0,0,1
2.0230158109916374,18.914,observe,0,4,,0.0,-0.0,-0.017999999225139618,0,1
2.0230158109916374,18.914,observe,0,1,,0.0,0.0,-0.008999999612569809,0,1
2.0326994609786198,18.924,observe,1,2,,103.84329223632812,7.266230583190918,-0.0,0,1
2.0326994609786198,18.924,observe,1,1,,-130.67822265625,-0.0,-0.0,0,1
2.0326994609786198,18.924,observe,0,4,,0.0,-0.0,0.006000000052154064,0,1
2.0326994609786198,18.924,observe,0,1,,0.0,0.0,-0.008999999612569809,0,1
2.0427442719810642,18.934,observe,1,2,,103.83197021484375,-7.376348495483398,-0.0,0,1
2.0427442719810642,18.934,observe,1,1,,-130.67822265625,-0.0,-0.0,0,1
2.0427442719810642,18.934,observe,0,4,,0.0,-0.0,-0.017999999225139618,0,1
2.0427442719810642,18.934,observe,0,1,,0.0,0.0,-0.008999999612569809,0,1
2.05252034595469,18.944,observe,1,2,,103.83767700195312,-1.2936015129089355,-0.0,0,1
2.05252034595469,18.944,observe,1,1,,-130.67822265625,-0.0,-0.0,0,1
2.05252034595469,18.944,observe,0,4,,0.0,-0.0,-0.017999999225139618,0,1
2.05252034595469,18.944,observe,0,1,,0.0,0.0,-0.008999999612569809,0,1
2.0629869739641435,18.954,observe,1,2,,103.84051513671875,-0.994452953338623,-0.0,0,1
2.0629869739641435,18.954,observe,1,1,,-130.67822265625,-0.0,-0.0,0,1
2.0629869739641435,18.954,observe,0,4,,0.0,-0.0,-0.017999999225139618,0,1
2.0629869739641435,18.954,observe,0,1,,0.0,0.0,-0.07699999958276749,0,1
2.0724907529656775,18.964,observe,1,2,,103.83477783203125,1.8990765810012817,-0.0,0,1
2.0724907529656775,18.964,observe,1,1,,-130.67822265625,-0.0,-0.0,0,1
2.0724907529656775,18.964,observe,0,4,,0.0,-0.0,0.03200000151991844,0,1
2.0724907529656775,18.964,observe,0,1,,0.0,0.0,-0.19900000095367432,0,1
2.082811515952926,18.974,observe,1,2,,103.83767700195312,-1.5016225576400757,-0.0,0,1
2.082811515952926,18.974,observe,1,1,,-130.67822265625,-0.0,-0.0,0,1
2.082811515952926,18.974,observe,0,4,,0.0,-0.0,-0.25,0,1
2.082811515952926,18.974,observe,0,1,,0.0,0.0,-0.008999999612569809,0,1
2.0927335049491376,18.984,observe,1,2,,103.83197021484375,-1.3092166185379028,-0.0,0,1
2.0927335049491376,18.984,observe,1,1,,-130.67822265625,-0.0,-0.0,0,1
2.0927335049491376,18.984,observe,0,4,,0.0,-0.0,-0.017999999225139618,0,1
2.0927335049491376,18.984,observe,0,1,,0.0,0.0,-0.008999999612569809,0,1
2.1029713609605096,18.994,observe,1,2,,103.82913208007812,-5.986140727996826,-0.0,0,1
2.1029713609605096,18.994,observe,1,1,,-130.67822265625,-0.0,-0.0,0,1
2.1029713609605096,18.994,observe,0,4,,0.0,-0.0,-0.017999999225139618,0,1
2.1029713609605096,18.994,observe,0,1,,0.0,0.0,-0.01600000075995922,0,1
2.112463888945058,19.004,observe,1,2,,103.84329223632812,6.3870062828063965,-0.0,0,1
2.112463888945058,19.004,observe,1,1,,-130.67822265625,-0.0,-0.0,0,1
2.112463888945058,19.004,observe,0,4,,0.0,-0.0,-0.017999999225139618,0,1
2.112463888945058,19.004,observe,0,1,,0.0,0.0,0.05700000002980232,0,1
2.1229740289854817,19.014,observe,1,2,,103.84051513671875,3.7431676387786865,-0.0,0,1
2.1229740289854817,19.014,observe,1,1,,-130.67822265625,-0.0,-0.0,0,1
2.1229740289854817,19.014,observe,0,4,,0.0,-0.0,-0.06599999964237213,0,1
2.1229740289854817,19.014,observe,0,1,,0.0,0.0,0.05700000002980232,0,1
2.1325887279817834,19.024,observe,1,2,,103.83197021484375,-5.793441295623779,-0.0,0,1
2.1325887279817834,19.024,observe,1,1,,-130.67822265625,-0.0,-0.0,0,1
2.1325887279817834,19.024,observe,0,4,,0.0,-0.0,0.006000000052154064,0,1
2.1325887279817834,19.024,observe,0,1,,0.0,0.0,0.24699999392032623,0,1
2.1430040689883754,19.034,observe,1,2,,103.83767700195312,5.561339378356934,-0.0,0,1
2.1430040689883754,19.034,observe,1,1,,-130.67822265625,-0.0,-0.0,0,1
2.1430040689883754,19.034,observe,0,4,,0.0,-0.0,-0.017999999225139618,0,1
2.1430040689883754,19.034,observe,0,1,,0.0,0.0,-0.008999999612569809,0,1
2.1524380369810387,19.044,observe,1,2,,103.82913208007812,-2.6373541355133057,-0.0,0,1
2.1524380369810387,19.044,observe,1,1,,-130.67822265625,-0.0,-0.0,0,1
2.1524380369810387,19.044,observe,0,4,,0.0,-0.0,0.054999999701976776,0,1
2.1524380369810387,19.044,observe,0,1,,0.0,0.0,-0.008999999612569809,0,1
2.1630172669538297,19.054,observe,1,2,,103.83767700195312,4.722482681274414,-0.0,0,1
2.1630172669538297,19.054,observe,1,1,,-130.67822265625,-0.0,-0.0,0,1
2.1630172669538297,19.054,observe,0,4,,0.0,-0.0,-0.017999999225139618,0,1
2.1630172669538297,19.054,observe,0,1,,0.0,0.0,0.05000000074505806,0,1
2.1726103659602813,19.064,observe,1,2,,103.83767700195312,2.487330198287964,-0.0,0,1
2.1726103659602813,19.064,observe,1,1,,-130.67822265625,-0.0,-0.0,0,1
2.1726103659602813,19.064,observe,0,4,,0.0,-0.0,-0.017999999225139618,0,1
2.1726103659602813,19.064,observe,0,1,,0.0,0.0,-0.008999999612569809,0,1
2.1830321889719926,19.074,observe,1,2,,103.83767700195312,-0.3483586311340332,-0.0,0,1
2.1830321889719926,19.074,observe,1,1,,-130.67822265625,-0.0,-0.0,0,1
2.1830321889719926,19.074,observe,0,4,,0.0,-0.0,-0.017999999225139618,0,1
2.1830321889719926,19.074,observe,0,1,,0.0,0.0,-0.008999999612569809,0,1
2.192632750957273,19.084,observe,1,2,,103.84051513671875,0.09207019954919815,-0.0,0,1
2.192632750957273,19.084,observe,1,1,,-130.67822265625,-0.0,-0.0,0,1
2.192632750957273,19.084,observe,0,4,,0.0,-0.0,-0.017999999225139618,0,1
2.192632750957273,19.084,observe,0,1,,0.0,0.0,-0.008999999612569809,0,1
2.2027368339477107,19.094,observe,1,2,,103.84613037109375,8.369911193847656,-0.0,0,1
2.2027368339477107,19.094,observe,1,1,,-130.67822265625,-0.0,-0.0,0,1
2.2027368339477107,19.094,observe,0,4,,0.0,-0.0,0.006000000052154064,0,1
2.2027368339477107,19.094,observe,0,1,,0.0,0.0,-0.01600000075995922,0,1
2.2127524399547838,19.104,observe,1,2,,103.84051513671875,1.6402242183685303,-0.0,0,1
2.2127524399547838,19.104,observe,1,1,,-130.67822265625,-0.0,-0.0,0,1
2.2127524399547838,19.104,observe,0,4,,0.0,-0.0,0.03200000151991844,0,1
2.2127524399547838,19.104,observe,0,1,,0.0,0.0,0.24699999392032623,0,1
2.2230292699532583,19.114,observe,1,2,,103.84051513671875,3.1209659576416016,-0.0,0,1
2.2230292699532583,19.114,observe,1,1,,-130.67822265625,-0.0,-0.0,0,1
2.2230292699532583,19.114,observe,0,4,,0.0,-0.0,0.23800000548362732,0,1
2.2230292699532583,19.114,observe,0,1,,0.0,0.0,-0.0020000000949949026,0,1
2.232651462953072,19.124,observe,1,2,,103.83767700195312,-1.3614604473114014,-0.0,0,1
2.232651462953072,19.124,observe,1,1,,-130.67822265625,-0.0,-0.0,0,1
2.232651462953072,19.124,observe,0,4,,0.0,-0.0,-0.017999999225139618,0,1
2.232651462953072,19.124,observe,0,1,,0.0,0.0,-0.008999999612569809,0,1
2.2427403179463,19.134,observe,1,2,,103.83197021484375,-3.758953809738159,-0.0,0,1
2.2427403179463,19.134,observe,1,1,,-130.67822265625,-0.0,-0.0,0,1
2.2427403179463,19.134,observe,0,4,,0.0,-0.0,0.006000000052154064,0,1
2.2427403179463,19.134,observe,0,1,,0.0,0.0,-0.01600000075995922,0,1
2.252518394961953,19.144,observe,1,2,,103.83767700195312,-1.9010812044143677,-0.0,0,1
2.252518394961953,19.144,observe,1,1,,-130.67822265625,-0.0,-0.0,0,1
2.252518394961953,19.144,observe,0,4,,0.0,-0.0,0.054999999701976776,0,1
2.252518394961953,19.144,observe,0,1,,0.0,0.0,0.05700000002980232,0,1
2.2627357219462283,19.154,observe,1,2,,103.84329223632812,6.591425895690918,-0.0,0,1
2.2627357219462283,19.154,observe,1,1,,-130.67822265625,-0.0,-0.0,0,1
2.2627357219462283,19.154,observe,0,4,,0.0,-0.0,-0.0430000014603138,0,1
2.2627357219462283,19.154,observe,0,1,,0.0,0.0,-0.0020000000949949026,0,1
2.2727483729831874,19.164,observe,1,2,,103.82913208007812,-10.395318984985352,-0.0,0,1
2.2727483729831874,19.164,observe,1,1,,-130.67822265625,-0.0,-0.0,0,1
2.2727483729831874,19.164,observe,0,4,,0.0,-0.0,0.006000000052154064,0,1
2.2727483729831874,19.164,observe,0,1,,0.0,0.0,-0.008999999612569809,0,1
2.282931284978986,19.174,observe,1,2,,103.83477783203125,4.752190113067627,-0.0,0,1
2.282931284978986,19.174,observe,1,1,,-130.67822265625,-0.0,-0.0,0,1
2.282931284978986,19.174,observe,0,4,,0.0,-0.0,0.006000000052154064,0,1
2.282931284978986,19.174,observe,0,1,,0.0,0.0,-0.008999999612569809,0,1
2.292810582963284,19.184,observe,1,2,,103.83767700195312,-0.23484091460704803,-0.0,0,1
2.292810582963284,19.184,observe,1,1,,-130.67822265625,-0.0,-0.0,0,1
2.292810582963284,19.184,observe,0,4,,0.0,-0.0,0.006000000052154064,0,1
2.292810582963284,19.184,observe,0,1,,0.0,0.0,-0.01600000075995922,0,1
2.3030451229424216,19.194,observe,1,2,,103.83197021484375,0.24005061388015747,-0.0,0,1
2.3030451229424216,19.194,observe,1,1,,-130.67822265625,-0.0,-0.0,0,1
2.3030451229424216,19.194,observe,0,4,,0.0,-0.0,-0.017999999225139618,0,1
2.3030451229424216,19.194,observe,0,1,,0.0,0.0,-0.01600000075995922,0,1
2.3126523179817013,19.204,observe,1,2,,103.83767700195312,3.3227219581604004,-0.0,0,1
2.3126523179817013,19.204,observe,1,1,,-130.67822265625,-0.0,-0.0,0,1
2.3126523179817013,19.204,observe,0,4,,0.0,-0.0,-0.017999999225139618,0,1
2.3126523179817013,19.204,observe,0,1,,0.0,0.0,-0.008999999612569809,0,1
2.3230230849585496,19.214,observe,1,2,,103.84329223632812,8.084576606750488,-0.0,0,1
2.3230230849585496,19.214,observe,1,1,,-130.67822265625,-0.0,-0.0,0,1
2.3230230849585496,19.214,observe,0,4,,0.0,-0.0,0.006000000052154064,0,1
2.3230230849585496,19.214,observe,0,1,,0.0,0.0,-0.008999999612569809,0,1
2.33256225095829,19.224,observe,1,2,,103.84051513671875,-0.39295923709869385,-0.0,0,1
2.33256225095829,19.224,observe,1,1,,-130.67822265625,-0.0,-0.0,0,1
2.33256225095829,19.224,observe,0,4,,0.0,-0.0,0.006000000052154064,0,1
2.33256225095829,19.224,observe,0,1,,0.0,0.0,-0.01600000075995922,0,1
2.3428277489729226,19.234,observe,1,2,,103.84051513671875,0.14672629535198212,-0.0,0,1
2.3428277489729226,19.234,observe,1,1,,-130.67822265625,-0.0,-0.0,0,1
2.3428277489729226,19.234,observe,0,4,,0.0,-0.0,0.006000000052154064,0,1
2.3428277489729226,19.234,observe,0,1,,0.0,0.0,-0.008999999612569809,0,1
2.3524641689728014,19.244,observe,1,2,,103.82913208007812,-2.0202443599700928,-0.0,0,1
2.3524641689728014,19.244,observe,1,1,,-130.67822265625,-0.0,-0.0,0,1
2.3524641689728014,19.244,observe,0,4,,0.0,-0.0,-0.017999999225139618,0,1
2.3524641689728014,19.244,observe,0,1,,0.0,0.0,-0.008999999612569809,0,1
2.3627485129982233,19.254,observe,1,2,,103.84051513671875,2.7700247764587402,-0.0,0,1
2.3627485129982233,19.254,observe,1,1,,-130.67822265625,-0.0,-0.0,0,1
2.3627485129982233,19.254,observe,0,4,,0.0,-0.0,-0.017999999225139618,0,1
2.3627485129982233,19.254,observe,0,1,,0.0,0.0,-0.0020000000949949026,0,1
2.372470373986289,19.264,observe,1,2,,103.83477783203125,-1.6040204763412476,-0.0,0,1
2.372470373986289,19.264,observe,1,1,,-130.67822265625,-0.0,-0.0,0,1
2.372470373986289,19.264,observe,0,4,,0.0,-0.0,0.006000000052154064,0,1
2.372470373986289,19.264,observe,0,1,,0.0,0.0,-0.008999999612569809,0,1
2.3833006079657935,19.274,observe,1,2,,103.83477783203125,-6.688638210296631,-0.0,0,1
2.3833006079657935,19.274,observe,1,1,,-130.67822265625,-0.0,-0.0,0,1
2.3833006079657935,19.274,observe,0,4,,0.0,-0.0,-0.017999999225139618,0,1
2.3833006079657935,19.274,observe,0,1,,0.0,0.0,0.05700000002980232,0,1
2.3928147879778408,19.284,observe,1,2,,103.83767700195312,-3.161679983139038,-0.0,0,1
2.3928147879778408,19.284,observe,1,1,,-130.67822265625,-0.0,-0.0,0,1
2.3928147879778408,19.284,observe,0,4,,0.0,-0.0,-0.017999999225139618,0,1
2.3928147879778408,19.284,observe,0,1,,0.0,0.0,-0.008999999612569809,0,1
2.4027616439852864,19.294,observe,1,2,,103.83197021484375,-0.7819610834121704,-0.0,0,1
2.4027616439852864,19.294,observe,1,1,,-130.67822265625,-0.0,-0.0,0,1
2.4027616439852864,19.294,observe,0,4,,0.0,-0.0,0.006000000052154064,0,1
2.4027616439852864,19.294,observe,0,1,,0.0,0.0,-0.008999999612569809,0,1
2.4124908599769697,19.304,observe,1,2,,103.84051513671875,8.26487922668457,-0.0,0,1
2.4124908599769697,19.304,observe,1,1,,-130.67822265625,-0.0,-0.0,0,1
2.4124908599769697,19.304,observe,0,4,,0.0,-0.0,-0.017999999225139618,0,1
2.4124908599769697,19.304,observe,0,1,,0.0,0.0,-0.008999999612569809,0,1
2.4228442939929664,19.314,observe,1,2,,103.83767700195312,0.5737528800964355,-0.0,0,1
2.4228442939929664,19.314,observe,1,1,,-130.67822265625,-0.0,-0.0,0,1
2.4228442939929664,19.314,observe,0,4,,0.0,-0.0,0.006000000052154064,0,1
2.4228442939929664,19.314,observe,0,1,,0.0,0.0,0.05700000002980232,0,1
2.4325596029520966,19.324,observe,1,2,,103.83477783203125,-1.0731345415115356,-0.0,0,1
2.4325596029520966,19.324,observe,1,1,,-130.67822265625,-0.0,-0.0,0,1
2.4325596029520966,19.324,observe,0,4,,0.0,-0.0,0.006000000052154064,0,1
2.4325596029520966,19.324,observe,0,1,,0.0,0.0,-0.008999999612569809,0,1
2.4428868069662713,19.334,observe,1,2,,103.82913208007812,-0.9891188144683838,-0.0,0,1
2.4428868069662713,19.334,observe,1,1,,-130.67822265625,-0.0,-0.0,0,1
2.4428868069662713,19.334,observe,0,4,,0.0,-0.0,-0.017999999225139618,0,1
2.4428868069662713,19.334,observe,0,1,,0.0,0.0,-0.008999999612569809,0,1
2.4526687619509175,19.344,observe,1,2,,103.83477783203125,-8.052671432495117,-0.0,0,1
2.4526687619509175,19.344,observe,1,1,,-130.67822265625,-0.0,-0.0,0,1
2.4526687619509175,19.344,observe,0,4,,0.0,-0.0,0.03200000151991844,0,1
2.4526687619509175,19.344,observe,0,1,,0.0,0.0,-0.008999999612569809,0,1
2.462802300986368,19.354,observe,1,2,,103.83767700195312,-3.7127020359039307,-0.0,0,1
2.462802300986368,19.354,observe,1,1,,-130.67822265625,-0.0,-0.0,0,1
2.462802300986368,19.354,observe,0,4,,0.0,-0.0,0.006000000052154064,0,1
2.462802300986368,19.354,observe,0,1,,0.0,0.0,-0.008999999612569809,0,1
2.4724390019546263,19.364,observe,1,2,,103.82913208007812,-11.077521324157715,-0.0,0,1
2.4724390019546263,19.364,observe,1,1,,-130.67822265625,-0.0,-0.0,0,1
2.4724390019546263,19.364,observe,0,4,,0.0,-0.0,-0.017999999225139618,0,1
2.4724390019546263,19.364,observe,0,1,,0.0,0.0,-0.0020000000949949026,0,1
2.483041505969595,19.374,observe,1,2,,103.83767700195312,2.9915249347686768,-0.0,0,1
2.483041505969595,19.374,observe,1,1,,-130.67822265625,-0.0,-0.0,0,1
2.483041505969595,19.374,observe,0,4,,0.0,-0.0,-0.017999999225139618,0,1
2.483041505969595,19.374,observe,0,1,,0.0,0.0,-0.008999999612569809,0,1
2.4924607259454206,19.384,observe,1,2,,103.83767700195312,0.7522175908088684,-0.0,0,1
2.4924607259454206,19.384,observe,1,1,,-130.67822265625,-0.0,-0.0,0,1
2.4924607259454206,19.384,observe,0,4,,0.0,-0.0,-0.017999999225139618,0,1
2.4924607259454206,19.384,observe,0,1,,0.0,0.0,-0.008999999612569809,0,1
2.5030212409910746,19.394,observe,1,2,,103.83767700195312,-2.1486053466796875,-0.0,0,1
2.5030212409910746,19.394,observe,1,1,,-130.67822265625,-0.0,-0.0,0,1
2.5030212409910746,19.394,observe,0,4,,0.0,-0.0,-0.017999999225139618,0,1
2.5030212409910746,19.394,observe,0,1,,0.0,0.0,0.06400000303983688,0,1
2.5127806429518387,19.404,observe,1,2,,103.84051513671875,8.466289520263672,-0.0,0,1
2.5127806429518387,19.404,observe,1,1,,-130.67822265625,-0.0,-0.0,0,1
2.5127806429518387,19.404,observe,0,4,,0.0,-0.0,0.03200000151991844,0,1
2.5127806429518387,19.404,observe,0,1,,0.0,0.0,-0.008999999612569809,0,1
2.5229412829503417,19.414,observe,1,2,,103.83767700195312,3.966315507888794,-0.0,0,1
2.5229412829503417,19.414,observe,1,1,,-130.67822265625,-0.0,-0.0,0,1
2.5229412829503417,19.414,observe,0,4,,0.0,-0.0,0.006000000052154064,0,1
2.5229412829503417,19.414,observe,0,1,,0.0,0.0,0.05700000002980232,0,1
2.5324407749576494,19.424,observe,1,2,,103.83477783203125,-3.958725690841675,-0.0,0,1
2.5324407749576494,19.424,observe,1,1,,-130.67822265625,-0.0,-0.0,0,1
2.5324407749576494,19.424,observe,0,4,,0.0,-0.0,0.03200000151991844,0,1
2.5324407749576494,19.424,observe,0,1,,0.0,0.0,-0.008999999612569809,0,1
2.5430455429595895,19.434,observe,1,2,,103.84613037109375,4.586456775665283,-0.0,0,1
2.5430455429595895,19.434,observe,1,1,,-130.67822265625,-0.0,-0.0,0,1
2.5430455429595895,19.434,observe,0,4,,0.0,-0.0,-0.017999999225139618,0,1
2.5430455429595895,19.434,observe,0,1,,0.0,0.0,-0.008999999612569809,0,1
2.552642698981799,19.444,observe,1,2,,103.84329223632812,3.330209732055664,-0.0,0,1
2.552642698981799,19.444,observe,1,1,,-130.67822265625,-0.0,-0.0,0,1
2.552642698981799,19.444,observe,0,4,,0.0,-0.0,0.006000000052154064,0,1
2.552642698981799,19.444,observe,0,1,,0.0,0.0,-0.01600000075995922,0,1
2.562766388989985,19.454,observe,1,2,,103.84051513671875,0.9891374707221985,-0.0,0,1
2.562766388989985,19.454,observe,1,1,,-130.67822265625,-0.0,-0.0,0,1
2.562766388989985,19.454,observe,0,4,,0.0,-0.0,0.03200000151991844,0,1
2.562766388989985,19.454,observe,0,1,,0.0,0.0,-0.008999999612569809,0,1
2.5726867559715174,19.464,observe,1,2,,103.83477783203125,6.974776744842529,-0.0,0,1
2.5726867559715174,19.464,observe,1,1,,-130.67822265625,-0.0,-0.0,0,1
2.5726867559715174,19.464,observe,0,4,,0.0,-0.0,0.054999999701976776,0,1
2.5726867559715174,19.464,observe,0,1,,0.0,0.0,-0.008999999612569809,0,1
2.5827056279522367,19.474,observe,1,2,,103.84051513671875,4.448964595794678,-0.0,0,1
2.5827056279522367,19.474,observe,1,1,,-130.67822265625,-0.0,-0.0,0,1
2.5827056279522367,19.474,observe,0,4,,0.0,-0.0,-0.06599999964237213,0,1
2.5827056279522367,19.474,observe,0,1,,0.0,0.0,-0.008999999612569809,0,1
2.592770456976723,19.484,observe,1,2,,103.84051513671875,5.480875492095947,-0.0,0,1
2.592770456976723,19.484,observe,1,1,,-130.67822265625,-0.0,-0.0,0,1
2.592770456976723,19.484,observe,0,4,,0.0,-0.0,-0.017999999225139618,0,1
2.592770456976723,19.484,observe,0,1,,0.0,0.0,-0.008999999612569809,0,1
2.6027510869898833,19.494,observe,1,2,,103.83767700195312,0.7289407253265381,-0.0,0,1
2.6027510869898833,19.494,observe,1,1,,-130.67822265625,-0.0,-0.0,0,1
2.6027510869898833,19.494,observe,0,4,,0.0,-0.0,-0.017999999225139618,0,1
2.6027510869898833,19.494,observe,0,1,,0.0,0.0,-0.0020000000949949026,0,1
2.6125911719864234,19.504,observe,1,2,,103.83477783203125,-0.4330523908138275,-0.0,0,1
2.6125911719864234,19.504,observe,1,1,,-130.67822265625,-0.0,-0.0,0,1
2.6125911719864234,19.504,observe,0,4,,0.0,-0.0,-0.017999999225139618,0,1
2.6125911719864234,19.504,observe,0,1,,0.0,0.0,-0.008999999612569809,0,1
2.622736853954848,19.514,observe,1,2,,103.83477783203125,-2.0498299598693848,-0.0,0,1
2.622736853954848,19.514,observe,1,1,,-130.67822265625,-0.0,-0.0,0,1
2.622736853954848,19.514,observe,0,4,,0.0,-0.0,0.03200000151991844,0,1
2.622736853954848,19.514,observe,0,1,,0.0,0.0,-0.008999999612569809,0,1
2.6327024349593557,19.524,observe,1,2,,103.84051513671875,-1.1608935594558716,-0.0,0,1
2.6327024349593557,19.524,observe,1,1,,-130.67822265625,-0.0,-0.0,0,1
2.6327024349593557,19.524,observe,0,4,,0.0,-0.0,0.006000000052154064,0,1
2.6327024349593557,19.524,observe,0,1,,0.0,0.0,-0.01600000075995922,0,1
2.6430391369503923,19.534,observe,1,2,,103.83197021484375,-3.787639856338501,-0.0,0,1
2.6430391369503923,19.534,observe,1,1,,-130.67822265625,-0.0,-0.0,0,1
2.6430391369503923,19.534,observe,0,4,,0.0,-0.0,-0.017999999225139618,0,1
2.6430391369503923,19.534,observe,0,1,,0.0,0.0,-0.008999999612569809,0,1
2.6529843009775504,19.544,observe,1,2,,103.83767700195312,4.623090744018555,-0.0,0,1
2.6529843009775504,19.544,observe,1,1,,-130.67822265625,-0.0,-0.0,0,1
2.6529843009775504,19.544,observe,0,4,,0.0,-0.0,0.03200000151991844,0,1
2.6529843009775504,19.544,observe,0,1,,0.0,0.0,-0.008999999612569809,0,1
2.6628075739718042,19.554,observe,1,2,,103.84051513671875,2.2968173027038574,-0.0,0,1
2.6628075739718042,19.554,observe,1,1,,-130.67822265625,-0.0,-0.0,0,1
2.6628075739718042,19.554,observe,0,4,,0.0,-0.0,-0.017999999225139618,0,1
2.6628075739718042,19.554,observe,0,1,,0.0,0.0,-0.008999999612569809,0,1
2.6728762999991886,19.564,observe,1,2,,103.83767700195312,0.20406220853328705,-0.0,0,1
2.6728762999991886,19.564,observe,1,1,,-130.67822265625,-0.0,-0.0,0,1
2.6728762999991886,19.564,observe,0,4,,0.0,-0.0,-0.017999999225139618,0,1
2.6728762999991886,19.564,observe,0,1,,0.0,0.0,0.05700000002980232,0,1
2.683010739972815,19.574,observe,1,2,,103.84329223632812,-0.8235155940055847,-0.0,0,1
2.683010739972815,19.574,observe,1,1,,-130.67822265625,-0.0,-0.0,0,1
2.683010739972815,19.574,observe,0,4,,0.0,-0.0,-0.017999999225139618,0,1
2.683010739972815,19.574,observe,0,1,,0.0,0.0,-0.01600000075995922,0,1
2.6926354689639993,19.584,observe,1,2,,103.84051513671875,2.63582706451416,-0.0,0,1
2.6926354689639993,19.584,observe,1,1,,-130.67822265625,-0.0,-0.0,0,1
2.6926354689639993,19.584,observe,0,4,,0.0,-0.0,0.006000000052154064,0,1
2.6926354689639993,19.584,observe,0,1,,0.0,0.0,0.05700000002980232,0,1
2.7030410709558055,19.594,observe,1,2,,103.84051513671875,-0.6367989182472229,-0.0,0,1
2.7030410709558055,19.594,observe,1,1,,-130.67822265625,-0.0,-0.0,0,1
2.7030410709558055,19.594,observe,0,4,,0.0,-0.0,-0.2240000069141388,0,1
2.7030410709558055,19.594,observe,0,1,,0.0,0.0,-0.0020000000949949026,0,1
2.712647794978693,19.604,observe,1,2,,103.82913208007812,-6.530557632446289,-0.0,0,1
2.712647794978693,19.604,observe,1,1,,-130.67822265625,-0.0,-0.0,0,1
2.712647794978693,19.604,observe,0,4,,0.0,-0.0,0.006000000052154064,0,1
2.712647794978693,19.604,observe,0,1,,0.0,0.0,-0.008999999612569809,0,1
2.7227893189992756,19.614,observe,1,2,,103.84051513671875,-1.5432170629501343,-0.0,0,1
2.7227893189992756,19.614,observe,1,1,,-130.67822265625,-0.0,-0.0,0,1
2.7227893189992756,19.614,observe,0,4,,0.0,-0.0,-0.017999999225139618,0,1
2.7227893189992756,19.614,observe,0,1,,0.0,0.0,0.05700000002980232,0,1
2.73242058994947,19.624,observe,1,2,,103.82913208007812,-10.313138961791992,-0.0,0,1
2.73242058994947,19.624,observe,1,1,,-130.67822265625,-0.0,-0.0,0,1
2.73242058994947,19.624,observe,0,4,,0.0,-0.0,0.006000000052154064,0,1
2.73242058994947,19.624,observe,0,1,,0.0,0.0,-0.008999999612569809,0,1
2.7428846919792704,19.634,observe,1,2,,103.83197021484375,0.22810091078281403,-0.0,0,1
2.7428846919792704,19.634,observe,1,1,,-130.67822265625,-0.0,-0.0,0,1
2.7428846919792704,19.634,observe,0,4,,0.0,-0.0,0.006000000052154064,0,1
2.7428846919792704,19.634,observe,0,1,,0.0,0.0,-0.008999999612569809,0,1
2.7527747619897127,19.644,observe,1,2,,103.84329223632812,5.783085346221924,-0.0,0,1
2.7527747619897127,19.644,observe,1,1,,-130.67822265625,-0.0,-0.0,0,1
2.7527747619897127,19.644,observe,0,4,,0.0,-0.0,0.006000000052154064,0,1
2.7527747619897127,19.644,observe,0,1,,0.0,0.0,0.05700000002980232,0,1
2.7627649899804965,19.654,observe,1,2,,103.84329223632812,3.9136695861816406,-0.0,0,1
2.7627649899804965,19.654,observe,1,1,,-130.67822265625,-0.0,-0.0,0,1
2.7627649899804965,19.654,observe,0,4,,0.0,-0.0,0.03200000151991844,0,1
2.7627649899804965,19.654,observe,0,1,,0.0,0.0,-0.008999999612569809,0,1
2.772553877963219,19.664,observe,1,2,,103.84051513671875,2.370861530303955,-0.0,0,1
2.772553877963219,19.664,observe,1,1,,-130.67822265625,-0.0,-0.0,0,1
2.772553877963219,19.664,observe,0,4,,0.0,-0.0,-0.017999999225139618,0,1
2.772553877963219,19.664,observe,0,1,,0.0,0.0,0.05700000002980232,0,1
2.7827193069970235,19.674,observe,1,2,,103.83767700195312,-2.3162319660186768,-0.0,0,1
2.7827193069970235,19.674,observe,1,1,,-130.67822265625,-0.0,-0.0,0,1
2.7827193069970235,19.674,observe,0,4,,0.0,-0.0,0.03200000151991844,0,1
2.7827193069970235,19.674,observe,0,1,,0.0,0.0,-0.008999999612569809,0,1
2.792573126964271,19.684,observe,1,2,,103.83767700195312,0.5560926198959351,-0.0,0,1
2.792573126964271,19.684,observe,1,1,,-130.67822265625,-0.0,-0.0,0,1
2.792573126964271,19.684,observe,0,4,,0.0,-0.0,-0.017999999225139618,0,1
2.792573126964271,19.684,observe,0,1,,0.0,0.0,-0.008999999612569809,0,1
2.802953621954657,19.694,observe,1,2,,103.84613037109375,1.546854853630066,-0.0,0,1
2.802953621954657,19.694,observe,1,1,,-130.67822265625,-0.0,-0.0,0,1
2.802953621954657,19.694,observe,0,4,,0.0,-0.0,-0.017999999225139618,0,1
2.802953621954657,19.694,observe,0,1,,0.0,0.0,0.05700000002980232,0,1
2.812557751953136,19.704,observe,1,2,,103.83477783203125,-3.7256336212158203,-0.0,0,1
2.812557751953136,19.704,observe,1,1,,-130.67822265625,-0.0,-0.0,0,1
2.812557751953136,19.704,observe,0,4,,0.0,-0.0,-0.017999999225139618,0,1
2.812557751953136,19.704,observe,0,1,,0.0,0.0,-0.19200000166893005,0,1
2.822738248971291,19.714,observe,1,2,,103.83477783203125,-2.2906222343444824,-0.0,0,1
2.822738248971291,19.714,observe,1,1,,-130.67822265625,-0.0,-0.0,0,1
2.822738248971291,19.714,observe,0,4,,0.0,-0.0,-0.017999999225139618,0,1
2.822738248971291,19.714,observe,0,1,,0.0,0.0,-0.008999999612569809,0,1
2.83249847299885,19.724,observe,1,2,,103.84051513671875,7.152210235595703,-0.0,0,1
2.83249847299885,19.724,observe,1,1,,-130.67822265625,-0.0,-0.0,0,1
2.83249847299885,19.724,observe,0,4,,0.0,-0.0,-0.017999999225139618,0,1
2.83249847299885,19.724,observe,0,1,,0.0,0.0,0.06400000303983688,0,1
2.8427982859429903,19.734,observe,1,2,,103.83477783203125,-8.681580543518066,-0.0,0,1
2.8427982859429903,19.734,observe,1,1,,-130.67822265625,-0.0,-0.0,0,1
2.8427982859429903,19.734,observe,0,4,,0.0,-0.0,0.006000000052154064,0,1
2.8427982859429903,19.734,observe,0,1,,0.0,0.0,-0.008999999612569809,0,1
2.8525377109763213,19.744,observe,1,2,,103.84051513671875,0.9712550640106201,-0.0,0,1
2.8525377109763213,19.744,observe,1,1,,-130.67822265625,-0.0,-0.0,0,1
2.8525377109763213,19.744,observe,0,4,,0.0,-0.0,-0.0430000014603138,0,1
2.8525377109763213,19.744,observe,0,1,,0.0,0.0,-0.008999999612569809,0,1
2.8628474419820122,19.754,observe,1,2,,103.84613037109375,1.211415410041809,-0.0,0,1
2.8628474419820122,19.754,observe,1,1,,-130.67822265625,-0.0,-0.0,0,1
2.8628474419820122,19.754,observe,0,4,,0.0,-0.0,0.03200000151991844,0,1
2.8628474419820122,19.754,observe,0,1,,0.0,0.0,-0.0020000000949949026,0,1
2.8726429529488087,19.764,observe,1,2,,103.83767700195312,1.3870952129364014,-0.0,0,1
2.8726429529488087,19.764,observe,1,1,,-130.67822265625,-0.0,-0.0,0,1
2.8726429529488087,19.764,observe,0,4,,0.0,-0.0,-0.017999999225139618,0,1
2.8726429529488087,19.764,observe,0,1,,0.0,0.0,-0.008999999612569809,0,1
2.8829955349792726,19.774,observe,1,2,,103.84051513671875,-0.4241471588611603,-0.0,0,1
2.8829955349792726,19.774,observe,1,1,,-130.67822265625,-0.0,-0.0,0,1
2.8829955349792726,19.774,observe,0,4,,0.0,-0.0,-0.017999999225139618,0,1
2.8829955349792726,19.774,observe,0,1,,0.0,0.0,-0.008999999612569809,0,1
2.8929359789472073,19.784,observe,1,2,,103.82913208007812,-3.2935500144958496,-0.0,0,1
2.8929359789472073,19.784,observe,1,1,,-130.67822265625,-0.0,-0.0,0,1
2.8929359789472073,19.784,observe,0,4,,0.0,-0.0,0.006000000052154064,0,1
2.8929359789472073,19.784,observe,0,1,,0.0,0.0,0.05700000002980232,0,1
2.902912651945371,19.794,observe,1,2,,103.84051513671875,6.359460830688477,-0.0,0,1
2.902912651945371,19.794,observe,1,1,,-130.67822265625,-0.0,-0.0,0,1
2.902912651945371,19.794,observe,0,4,,0.0,-0.0,0.03200000151991844,0,1
2.902912651945371,19.794,observe,0,1,,0.0,0.0,-0.008999999612569809,0,1
2.9126080329879187,19.804,observe,1,2,,103.83767700195312,2.272886276245117,-0.0,0,1
2.9126080329879187,19.804,observe,1,1,,-130.67822265625,-0.0,-0.0,0,1
2.9126080329879187,19.804,observe,0,4,,0.0,-0.0,-0.017999999225139618,0,1
2.9126080329879187,19.804,observe,0,1,,0.0,0.0,-0.01600000075995922,0,1
2.9229789399541914,19.814,observe,1,2,,103.83477783203125,-1.7302663326263428,-0.0,0,1
2.9229789399541914,19.814,observe,1,1,,-130.67822265625,-0.0,-0.0,0,1
2.9229789399541914,19.814,observe,0,4,,0.0,-0.0,-0.017999999225139618,0,1
2.9229789399541914,19.814,observe,0,1,,0.0,0.0,-0.07699999958276749,0,1
2.9326309699681588,19.824,observe,1,2,,103.83477783203125,4.013394355773926,-0.0,0,1
2.9326309699681588,19.824,observe,1,1,,-130.67822265625,-0.0,-0.0,0,1
2.9326309699681588,19.824,observe,0,4,,0.0,-0.0,0.03200000151991844,0,1
2.9326309699681588,19.824,observe,0,1,,0.0,0.0,-0.008999999612569809,0,1
2.943125699996017,19.834,observe,1,2,,103.83197021484375,0.011899576522409916,-0.0,0,1
2.943125699996017,19.834,observe,1,1,,-130.67822265625,-0.0,-0.0,0,1
2.943125699996017,19.834,observe,0,4,,0.0,-0.0,0.006000000052154064,0,1
2.943125699996017,19.834,observe,0,1,,0.0,0.0,-0.008999999612569809,0,1
2.9527328859549016,19.844,observe,1,2,,103.82913208007812,-5.076091289520264,-0.0,0,1
2.9527328859549016,19.844,observe,1,1,,-130.67822265625,-0.0,-0.0,0,1
2.9527328859549016,19.844,observe,0,4,,0.0,-0.0,-0.017999999225139618,0,1
2.9527328859549016,19.844,observe,0,1,,0.0,0.0,-0.008999999612569809,0,1
2.963134049961809,19.854,observe,1,2,,103.83197021484375,-7.487549304962158,-0.0,0,1
2.963134049961809,19.854,observe,1,1,,-130.67822265625,-0.0,-0.0,0,1
2.963134049961809,19.854,observe,0,4,,0.0,-0.0,0.054999999701976776,0,1
2.963134049961809,19.854,observe,0,1,,0.0,0.0,-0.008999999612569809,0,1
2.9727633859729394,19.864,observe,1,2,,103.83477783203125,-5.659021377563477,-0.0,0,1
2.9727633859729394,19.864,observe,1,1,,-130.67822265625,-0.0,-0.0,0,1
2.9727633859729394,19.864,observe,0,4,,0.0,-0.0,-0.017999999225139618,0,1
2.9727633859729394,19.864,observe,0,1,,0.0,0.0,-0.008999999612569809,0,1
2.983087384956889,19.874,observe,1,2,,103.83197021484375,0.28938281536102295,-0.0,0,1
2.983087384956889,19.874,observe,1,1,,-130.67822265625,-0.0,-0.0,0,1
2.983087384956889,19.874,observe,0,4,,0.0,-0.0,-0.017999999225139618,0,1
2.983087384956889,19.874,observe,0,1,,0.0,0.0,0.05700000002980232,0,1
2.992767436953727,19.884,observe,1,2,,103.83197021484375,-4.647127151489258,-0.0,0,1
2.992767436953727,19.884,observe,1,1,,-130.67822265625,-0.0,-0.0,0,1
2.992767436953727,19.884,observe,0,4,,0.0,-0.0,-0.0430000014603138,0,1
2.992767436953727,19.884,observe,0,1,,0.0,0.0,-0.008999999612569809,0,1
3.002778544963803,19.894,observe,1,2,,103.83767700195312,3.6074931621551514,-0.0,0,1
3.002778544963803,19.894,observe,1,1,,-130.67822265625,-0.0,-0.0,0,1
3.002778544963803,19.894,observe,0,4,,0.0,-0.0,0.03200000151991844,0,1
3.002778544963803,19.894,observe,0,1,,0.0,0.0,-0.008999999612569809,0,1
3.019477055990137,19.91,observe,1,2,103.83767700195312,103.83767700195312,-2.5809290409088135,-0.0,0,1
3.019477055990137,19.91,observe,1,1,-130.67822265625,-130.67822265625,-0.0,-0.0,0,1
3.019477055990137,19.91,observe,0,4,,0.0,-0.0,0.054999999701976776,0,1
3.019477055990137,19.91,observe,0,1,,0.0,0.0,-0.0020000000949949026,0,1
3.0352150939870626,19.926,observe,1,2,103.83767700195312,103.91763305664062,3.19281268119812,-0.0,0,1
3.0352150939870626,19.926,observe,1,1,-130.67822265625,-130.50970458984375,0.04371320828795433,-0.0,0,1
3.0352150939870626,19.926,observe,0,4,,0.0,-0.0,0.006000000052154064,0,1
3.0352150939870626,19.926,observe,0,1,,0.0,0.0,-0.008999999612569809,0,1
3.0425562119926326,19.934,observe,1,2,103.83767700195312,103.84051513671875,-1.9233232736587524,-0.0,0,1
3.0425562119926326,19.934,observe,1,1,-130.67822265625,-130.67822265625,-0.0,-0.0,0,1
3.0425562119926326,19.934,observe,0,4,,0.0,-0.0,0.03200000151991844,0,1
3.0425562119926326,19.934,observe,0,1,,0.0,0.0,-0.07699999958276749,0,1
3.0531048239790834,19.944,observe,1,2,103.83767700195312,103.83767700195312,3.6989293098449707,-0.0,0,1
3.0531048239790834,19.944,observe,1,1,-130.67822265625,-130.67822265625,-0.0,-0.0,0,1
3.0531048239790834,19.944,observe,0,4,,0.0,-0.0,-0.017999999225139618,0,1
3.0531048239790834,19.944,observe,0,1,,0.0,0.0,-0.008999999612569809,0,1
3.0632882269565016,19.954,observe,1,2,103.83767700195312,103.83197021484375,-3.3603556156158447,-0.0,0,1
3.0632882269565016,19.954,observe,1,1,-130.67822265625,-130.67822265625,-0.0,-0.0,0,1
3.0632882269565016,19.954,observe,0,4,,0.0,-0.0,0.03200000151991844,0,1
3.0632882269565016,19.954,observe,0,1,,0.0,0.0,0.06400000303983688,0,1
3.073023263947107,19.964,observe,1,2,103.83767700195312,103.84051513671875,0.2228430211544037,-0.0,0,1
3.073023263947107,19.964,observe,1,1,-130.67822265625,-130.67822265625,-0.0,-0.0,0,1
3.073023263947107,19.964,observe,0,4,,0.0,-0.0,0.006000000052154064,0,1
3.073023263947107,19.964,observe,0,1,,0.0,0.0,-0.07699999958276749,0,1
3.082508778956253,19.974,observe,1,2,103.83767700195312,103.84329223632812,9.027678489685059,-0.0,0,1
3.082508778956253,19.974,observe,1,1,-130.67822265625,-130.67822265625,-0.0,-0.0,0,1
3.082508778956253,19.974,observe,0,4,,0.0,-0.0,0.03200000151991844,0,1
3.082508778956253,19.974,observe,0,1,,0.0,0.0,-0.07699999958276749,0,1
3.0931068849749863,19.984,observe,1,2,103.83767700195312,103.84051513671875,0.9085338115692139,-0.0,0,1
3.0931068849749863,19.984,observe,1,1,-130.67822265625,-130.67822265625,-0.0,-0.0,0,1
3.0931068849749863,19.984,observe,0,4,,0.0,-0.0,-0.017999999225139618,0,1
3.0931068849749863,19.984,observe,0,1,,0.0,0.0,-0.0020000000949949026,0,1
3.102846719964873,19.994,observe,1,2,103.83767700195312,103.83767700195312,-1.5425910949707031,-0.0,0,1
3.102846719964873,19.994,observe,1,1,-130.67822265625,-130.67822265625,-0.0,-0.0,0,1
3.102846719964873,19.994,observe,0,4,,0.0,-0.0,-0.017999999225139618,0,1
3.102846719964873,19.994,observe,0,1,,0.0,0.0,-0.008999999612569809,0,1
3.112740005948581,20.004,observe,1,2,103.83767700195312,103.83197021484375,-3.0053329467773438,-0.0,0,1
3.112740005948581,20.004,observe,1,1,-130.67822265625,-130.67822265625,-0.0,-0.0,0,1
3.112740005948581,20.004,observe,0,4,,0.0,-0.0,0.006000000052154064,0,1
3.112740005948581,20.004,observe,0,1,,0.0,0.0,-0.008999999612569809,0,1
3.1227012789458968,20.014,observe,1,2,103.83767700195312,103.83767700195312,-5.009016513824463,-0.0,0,1
3.1227012789458968,20.014,observe,1,1,-130.67822265625,-130.67822265625,-0.0,-0.0,0,1
3.1227012789458968,20.014,observe,0,4,,0.0,-0.0,-0.017999999225139618,0,1
3.1227012789458968,20.014,observe,0,1,,0.0,0.0,-0.008999999612569809,0,1
3.1327439259621315,20.024,observe,1,2,103.83767700195312,103.84051513671875,-1.6509454250335693,-0.0,0,1
3.1327439259621315,20.024,observe,1,1,-130.67822265625,-130.67822265625,-0.0,-0.0,0,1
3.1327439259621315,20.024,observe,0,4,,0.0,-0.0,-0.017999999225139618,0,1
3.1327439259621315,20.024,observe,0,1,,0.0,0.0,-0.19900000095367432,0,1
3.142388130945619,20.034,observe,1,2,103.83767700195312,103.84051513671875,6.960012912750244,-0.0,0,1
3.142388130945619,20.034,observe,1,1,-130.67822265625,-130.67822265625,-0.0,-0.0,0,1
3.142388130945619,20.034,observe,0,4,,0.0,-0.0,0.03200000151991844,0,1
3.142388130945619,20.034,observe,0,1,,0.0,0.0,-0.008999999612569809,0,1
3.1526618049829267,20.044,observe,1,2,103.83767700195312,103.83477783203125,3.3315117359161377,-0.0,0,1
3.1526618049829267,20.044,observe,1,1,-130.67822265625,-130.67822265625,-0.0,-0.0,0,1
3.1526618049829267,20.044,observe,0,4,,0.0,-0.0,-0.017999999225139618,0,1
3.1526618049829267,20.044,observe,0,1,,0.0,0.0,-0.008999999612569809,0,1
3.162823455990292,20.054,observe,1,2,103.83767700195312,103.83767700195312,0.1798313707113266,-0.0,0,1
3.162823455990292,20.054,observe,1,1,-130.67822265625,-130.67822265625,-0.0,-0.0,0,1
3.162823455990292,20.054,observe,0,4,,0.0,-0.0,0.006000000052154064,0,1
3.162823455990292,20.054,observe,0,1,,0.0,0.0,-0.008999999612569809,0,1
3.1729172399500385,20.064,observe,1,2,103.83767700195312,103.84329223632812,11.548919677734375,-0.0,0,1
3.1729172399500385,20.064,observe,1,1,-130.67822265625,-130.67822265625,-0.0,-0.0,0,1
3.1729172399500385,20.064,observe,0,4,,0.0,-0.0,-0.017999999225139618,0,1
3.1729172399500385,20.064,observe,0,1,,0.0,0.0,-0.008999999612569809,0,1
3.1825346339610405,20.074,observe,1,2,103.83767700195312,103.83767700195312,-3.9870429039001465,-0.0,0,1
3.1825346339610405,20.074,observe,1,1,-130.67822265625,-130.67822265625,-0.0,-0.0,0,1
3.1825346339610405,20.074,observe,0,4,,0.0,-0.0,0.054999999701976776,0,1
3.1825346339610405,20.074,observe,0,1,,0.0,0.0,-0.008999999612569809,0,1
3.1931212889612652,20.084,observe,1,2,103.83767700195312,103.83477783203125,-1.831459641456604,-0.0,0,1
3.1931212889612652,20.084,observe,1,1,-130.67822265625,-130.67822265625,-0.0,-0.0,0,1
3.1931212889612652,20.084,observe,0,4,,0.0,-0.0,0.054999999701976776,0,1
3.1931212889612652,20.084,observe,0,1,,0.0,0.0,-0.01600000075995922,0,1
3.2024978079716675,20.094,observe,1,2,103.83767700195312,103.84051513671875,0.23013950884342194,-0.0,0,1
3.2024978079716675,20.094,observe,1,1,-130.67822265625,-130.67822265625,-0.0,-0.0,0,1
3.2024978079716675,20.094,observe,0,4,,0.0,-0.0,0.006000000052154064,0,1
3.2024978079716675,20.094,observe,0,1,,0.0,0.0,-0.008999999612569809,0,1
3.212837265979033,20.104,observe,1,2,103.83767700195312,103.83767700195312,4.5501790046691895,-0.0,0,1
3.212837265979033,20.104,observe,1,1,-130.67822265625,-130.67822265625,-0.0,-0.0,0,1
3.212837265979033,20.104,observe,0,4,,0.0,-0.0,0.006000000052154064,0,1
3.212837265979033,20.104,observe,0,1,,0.0,0.0,-0.008999999612569809,0,1
3.2226422539679334,20.114,observe,1,2,103.83767700195312,103.84051513671875,1.157119631767273,-0.0,0,1
3.2226422539679334,20.114,observe,1,1,-130.67822265625,-130.67822265625,-0.0,-0.0,0,1
3.2226422539679334,20.114,observe,0,4,,0.0,-0.0,-0.017999999225139618,0,1
3.2226422539679334,20.114,observe,0,1,,0.0,0.0,-0.008999999612569809,0,1
3.2326945699751377,20.124,observe,1,2,103.83767700195312,103.83477783203125,-4.2810258865356445,-0.0,0,1
3.2326945699751377,20.124,observe,1,1,-130.67822265625,-130.67822265625,-0.0,-0.0,0,1
3.2326945699751377,20.124,observe,0,4,,0.0,-0.0,-0.017999999225139618,0,1
3.2326945699751377,20.124,observe,0,1,,0.0,0.0,-0.008999999612569809,0,1
3.242629242944531,20.134,observe,1,2,103.83767700195312,103.83477783203125,3.244481086730957,-0.0,0,1
3.242629242944531,20.134,observe,1,1,-130.67822265625,-130.67822265625,-0.0,-0.0,0,1
3.242629242944531,20.134,observe,0,4,,0.0,-0.0,-0.017999999225139618,0,1
3.242629242944531,20.134,observe,0,1,,0.0,0.0,-0.01600000075995922,0,1
3.2528103819931857,20.144,observe,1,2,103.83767700195312,103.83477783203125,-0.9955195188522339,-0.0,0,1
3.2528103819931857,20.144,observe,1,1,-130.67822265625,-130.67822265625,-0.0,-0.0,0,1
3.2528103819931857,20.144,observe,0,4,,0.0,-0.0,0.054999999701976776,0,1
3.2528103819931857,20.144,observe,0,1,,0.0,0.0,-0.01600000075995922,0,1
3.2625137879513204,20.154,observe,1,2,103.83767700195312,103.83767700195312,0.5379679799079895,-0.0,0,1
3.2625137879513204,20.154,observe,1,1,-130.67822265625,-130.67822265625,-0.0,-0.0,0,1
3.2625137879513204,20.154,observe,0,4,,0.0,-0.0,0.006000000052154064,0,1
3.2625137879513204,20.154,observe,0,1,,0.0,0.0,-0.008999999612569809,0,1
3.2727612519520335,20.164,observe,1,2,103.83767700195312,103.83767700195312,3.5478641986846924,-0.0,0,1
3.2727612519520335,20.164,observe,1,1,-130.67822265625,-130.67822265625,-0.0,-0.0,0,1
3.2727612519520335,20.164,observe,0,4,,0.0,-0.0,0.006000000052154064,0,1
3.2727612519520335,20.164,observe,0,1,,0.0,0.0,-0.008999999612569809,0,1
3.2825030609965324,20.174,observe,1,2,103.83767700195312,103.82913208007812,-5.635897636413574,-0.0,0,1
3.2825030609965324,20.174,observe,1,1,-130.67822265625,-130.67822265625,-0.0,-0.0,0,1
3.2825030609965324,20.174,observe,0,4,,0.0,-0.0,0.054999999701976776,0,1
3.2825030609965324,20.174,observe,0,1,,0.0,0.0,-0.008999999612569809,0,1
3.292803334945347,20.184,observe,1,2,103.83767700195312,103.83197021484375,-4.018618106842041,-0.0,0,1
3.292803334945347,20.184,observe,1,1,-130.67822265625,-130.67822265625,-0.0,-0.0,0,1
3.292803334945347,20.184,observe,0,4,,0.0,-0.0,0.03200000151991844,0,1
3.292803334945347,20.184,observe,0,1,,0.0,0.0,-0.0020000000949949026,0,1
3.302437550970353,20.194,observe,1,2,103.83767700195312,103.83197021484375,-1.1398605108261108,-0.0,0,1
3.302437550970353,20.194,observe,1,1,-130.67822265625,-130.67822265625,-0.0,-0.0,0,1
3.302437550970353,20.194,observe,0,4,,0.0,-0.0,-0.017999999225139618,0,1
3.302437550970353,20.194,observe,0,1,,0.0,0.0,-0.008999999612569809,0,1
3.313031849975232,20.204,observe,1,2,103.83767700195312,103.83477783203125,-3.722672700881958,-0.0,0,1
3.313031849975232,20.204,observe,1,1,-130.67822265625,-130.67822265625,-0.0,-0.0,0,1
3.313031849975232,20.204,observe,0,4,,0.0,-0.0,0.006000000052154064,0,1
3.313031849975232,20.204,observe,0,1,,0.0,0.0,-0.01600000075995922,0,1
3.322375106974505,20.214,observe,1,2,103.83767700195312,103.83767700195312,1.4150466918945312,-0.0,0,1
3.322375106974505,20.214,observe,1,1,-130.67822265625,-130.67822265625,-0.0,-0.0,0,1
3.322375106974505,20.214,observe,0,4,,0.0,-0.0,0.006000000052154064,0,1
3.322375106974505,20.214,observe,0,1,,0.0,0.0,-0.008999999612569809,0,1
3.3326495709479786,20.224,observe,1,2,103.83767700195312,103.83477783203125,0.35467609763145447,-0.0,0,1
3.3326495709479786,20.224,observe,1,1,-130.67822265625,-130.67822265625,-0.0,-0.0,0,1
3.3326495709479786,20.224,observe,0,4,,0.0,-0.0,0.006000000052154064,0,1
3.3326495709479786,20.224,observe,0,1,,0.0,0.0,-0.008999999612569809,0,1
3.3424123299773782,20.234,prepare,1,2,103.83767700195312,103.83767700195312,-0.08025957643985748,-0.0,0,1
3.3424123299773782,20.234,prepare,1,1,0.0,-130.67822265625,-0.0,-0.0,0,1
3.3424123299773782,20.234,prepare,0,4,,0.0,-0.0,-0.017999999225139618,0,1
3.3424123299773782,20.234,prepare,0,1,,0.0,0.0,-0.0020000000949949026,0,1
3.352743481984362,20.244,prepare,1,2,103.83767700195312,103.84613037109375,2.980699062347412,-0.0,0,1
3.352743481984362,20.244,prepare,1,1,0.0,-130.67822265625,-0.0,-0.0,0,1
3.352743481984362,20.244,prepare,0,4,,0.0,-0.0,-0.017999999225139618,0,1
3.352743481984362,20.244,prepare,0,1,,0.0,0.0,-0.0020000000949949026,0,1
3.362547097960487,20.254,prepare,1,2,103.83767700195312,103.84051513671875,4.47892427444458,-0.0,0,1
3.362547097960487,20.254,prepare,1,1,0.0,-130.67822265625,-0.0,-0.0,0,1
3.362547097960487,20.254,prepare,0,4,,0.0,-0.0,0.006000000052154064,0,1
3.362547097960487,20.254,prepare,0,1,,0.0,0.0,0.05700000002980232,0,1
3.3728359899832867,20.264,prepare,1,2,103.83767700195312,103.84329223632812,1.2628154754638672,-0.0,0,1
3.3728359899832867,20.264,prepare,1,1,0.0,-130.67822265625,-0.0,-0.0,0,1
3.3728359899832867,20.264,prepare,0,4,,0.0,-0.0,-0.017999999225139618,0,1
3.3728359899832867,20.264,prepare,0,1,,0.0,0.0,-0.008999999612569809,0,1
3.3824323649751022,20.274,prepare,1,2,103.83767700195312,103.83767700195312,-4.551723003387451,-0.0,0,1
3.3824323649751022,20.274,prepare,1,1,0.0,-130.67822265625,-0.0,-0.0,0,1
3.3824323649751022,20.274,prepare,0,4,,0.0,-0.0,0.006000000052154064,0,1
3.3824323649751022,20.274,prepare,0,1,,0.0,0.0,-0.01600000075995922,0,1
3.392984643985983,20.284,prepare,1,2,103.83767700195312,103.84329223632812,7.758577823638916,-0.0,0,1
3.392984643985983,20.284,prepare,1,1,0.0,-130.67822265625,-0.0,-0.0,0,1
3.392984643985983,20.284,prepare,0,4,,0.0,-0.0,-0.017999999225139618,0,1
3.392984643985983,20.284,prepare,0,1,,0.0,0.0,-0.008999999612569809,0,1
3.4026520729530603,20.294,prepare,1,2,103.83767700195312,103.83197021484375,-0.03985688090324402,-0.0,0,1
3.4026520729530603,20.294,prepare,1,1,0.0,-130.67822265625,-0.0,-0.0,0,1
3.4026520729530603,20.294,prepare,0,4,,0.0,-0.0,-0.017999999225139618,0,1
3.4026520729530603,20.294,prepare,0,1,,0.0,0.0,-0.0020000000949949026,0,1
3.4127733379718848,20.304,prepare,1,2,103.83767700195312,103.83767700195312,4.173781394958496,-0.0,0,1
3.4127733379718848,20.304,prepare,1,1,0.0,-130.67822265625,-0.0,-0.0,0,1
3.4127733379718848,20.304,prepare,0,4,,0.0,-0.0,-0.017999999225139618,0,1
3.4127733379718848,20.304,prepare,0,1,,0.0,0.0,-0.008999999612569809,0,1
3.422352780995425,20.314,prepare,1,2,103.83767700195312,103.84051513671875,3.0816586017608643,-0.0,0,1
3.422352780995425,20.314,prepare,1,1,0.0,-130.67822265625,-0.0,-0.0,0,1
3.422352780995425,20.314,prepare,0,4,,0.0,-0.0,0.03200000151991844,0,1
3.422352780995425,20.314,prepare,0,1,,0.0,0.0,-0.008999999612569809,0,1
3.4327400389593095,20.324,prepare,1,2,103.83767700195312,103.83767700195312,0.4696161448955536,-0.0,0,1
3.4327400389593095,20.324,prepare,1,1,0.0,-130.67822265625,-0.0,-0.0,0,1
3.4327400389593095,20.324,prepare,0,4,,0.0,-0.0,-0.017999999225139618,0,1
3.4327400389593095,20.324,prepare,0,1,,0.0,0.0,0.2540000081062317,0,1
3.4423562409938313,20.334,prepare,1,2,103.83767700195312,103.83767700195312,0.2848137617111206,-0.0,0,1
3.4423562409938313,20.334,prepare,1,1,0.0,-130.67822265625,-0.0,-0.0,0,1
3.4423562409938313,20.334,prepare,0,4,,0.0,-0.0,0.03200000151991844,0,1
3.4423562409938313,20.334,prepare,0,1,,0.0,0.0,-0.008999999612569809,0,1
3.452652396983467,20.344,prepare,1,2,103.83767700195312,103.83767700195312,2.0071141719818115,-0.0,0,1
3.452652396983467,20.344,prepare,1,1,0.0,-130.67822265625,-0.0,-0.0,0,1
3.452652396983467,20.344,prepare,0,4,,0.0,-0.0,-0.017999999225139618,0,1
3.452652396983467,20.344,prepare,0,1,,0.0,0.0,0.05700000002980232,0,1
3.462486270000227,20.354,prepare,1,2,103.83767700195312,103.83477783203125,-3.1320223808288574,-0.0,0,1
3.462486270000227,20.354,prepare,1,1,0.0,-130.67822265625,-0.0,-0.0,0,1
3.462486270000227,20.354,prepare,0,4,,0.0,-0.0,0.006000000052154064,0,1
3.462486270000227,20.354,prepare,0,1,,0.0,0.0,-0.008999999612569809,0,1
3.472629916970618,20.364,prepare,1,2,103.83767700195312,103.83197021484375,-2.8204479217529297,-0.0,0,1
3.472629916970618,20.364,prepare,1,1,0.0,-130.67822265625,-0.0,-0.0,0,1
3.472629916970618,20.364,prepare,0,4,,0.0,-0.0,0.03200000151991844,0,1
3.472629916970618,20.364,prepare,0,1,,0.0,0.0,-0.008999999612569809,0,1
3.4827851969748735,20.374,prepare,1,2,103.83767700195312,103.83477783203125,-1.994399070739746,-0.0,0,1
3.4827851969748735,20.374,prepare,1,1,0.0,-130.67822265625,-0.0,-0.0,0,1
3.4827851969748735,20.374,prepare,0,4,,0.0,-0.0,0.006000000052154064,0,1
3.4827851969748735,20.374,prepare,0,1,,0.0,0.0,-0.0020000000949949026,0,1
3.4929384129936807,20.384,prepare,1,2,103.83767700195312,103.83767700195312,1.2667289972305298,-0.0,0,1
3.4929384129936807,20.384,prepare,1,1,0.0,-130.67822265625,-0.0,-0.0,0,1
3.4929384129936807,20.384,prepare,0,4,,0.0,-0.0,0.006000000052154064,0,1
3.4929384129936807,20.384,prepare,0,1,,0.0,0.0,-0.008999999612569809,0,1
3.502921898965724,20.394,prepare,1,2,103.83767700195312,103.83197021484375,0.27838221192359924,-0.0,0,1
3.502921898965724,20.394,prepare,1,1,0.0,-130.67822265625,-0.0,-0.0,0,1
3.502921898965724,20.394,prepare,0,4,,0.0,-0.0,0.006000000052154064,0,1
3.502921898965724,20.394,prepare,0,1,,0.0,0.0,-0.008999999612569809,0,1
3.512717088975478,20.404,prepare,1,2,103.83767700195312,103.84051513671875,2.467316150665283,-0.0,0,1
3.512717088975478,20.404,prepare,1,1,0.0,-130.67822265625,-0.0,-0.0,0,1
3.512717088975478,20.404,prepare,0,4,,0.0,-0.0,-0.017999999225139618,0,1
3.512717088975478,20.404,prepare,0,1,,0.0,0.0,-0.008999999612569809,0,1
3.522678632987663,20.414,prepare,1,2,103.83767700195312,103.83197021484375,-1.727557897567749,-0.0,0,1
3.522678632987663,20.414,prepare,1,1,0.0,-130.67822265625,-0.0,-0.0,0,1
3.522678632987663,20.414,prepare,0,4,,0.0,-0.0,0.03200000151991844,0,1
3.522678632987663,20.414,prepare,0,1,,0.0,0.0,-0.008999999612569809,0,1
3.532696522946935,20.424,prepare,1,2,103.83767700195312,103.83767700195312,-0.04753280058503151,-0.0,0,1
3.532696522946935,20.424,prepare,1,1,0.0,-130.67822265625,-0.0,-0.0,0,1
3.532696522946935,20.424,prepare,0,4,,0.0,-0.0,-0.017999999225139618,0,1
3.532696522946935,20.424,prepare,0,1,,0.0,0.0,-0.008999999612569809,0,1
3.5508209459949285,20.442,prepare,1,2,103.83767700195312,103.84613037109375,2.6803863048553467,-0.0,0,1
3.5508209459949285,20.442,prepare,1,1,0.0,-130.67822265625,-0.0,-0.0,0,1
3.5508209459949285,20.442,prepare,0,4,,0.0,-0.0,-0.017999999225139618,0,1
3.5508209459949285,20.442,prepare,0,1,,0.0,0.0,-0.008999999612569809,0,1
3.552914196974598,20.444,prepare,1,2,103.83767700195312,103.84613037109375,2.6803863048553467,-0.0,0,1
3.552914196974598,20.444,prepare,1,1,0.0,-130.67822265625,-0.0,-0.0,0,1
3.552914196974598,20.444,prepare,0,4,,0.0,-0.0,0.03200000151991844,0,1
3.552914196974598,20.444,prepare,0,1,,0.0,0.0,-0.008999999612569809,0,1
3.5626340349554084,20.454,prepare,1,2,103.83767700195312,103.83197021484375,-1.4217557907104492,-0.0,0,1
3.5626340349554084,20.454,prepare,1,1,0.0,-130.67822265625,-0.0,-0.0,0,1
3.5626340349554084,20.454,prepare,0,4,,0.0,-0.0,-0.017999999225139618,0,1
3.5626340349554084,20.454,prepare,0,1,,0.0,0.0,0.06400000303983688,0,1
3.57286330498755,20.464,prepare,1,2,103.83767700195312,103.83767700195312,-1.062230110168457,-0.0,0,1
3.57286330498755,20.464,prepare,1,1,0.0,-130.67822265625,-0.0,-0.0,0,1
3.57286330498755,20.464,prepare,0,4,,0.0,-0.0,-0.017999999225139618,0,1
3.57286330498755,20.464,prepare,0,1,,0.0,0.0,-0.008999999612569809,0,1
3.583177974971477,20.474,prepare,1,2,103.83767700195312,103.83197021484375,1.3876307010650635,-0.0,0,1
3.583177974971477,20.474,prepare,1,1,0.0,-130.67822265625,-0.0,-0.0,0,1
3.583177974971477,20.474,prepare,0,4,,0.0,-0.0,-0.017999999225139618,0,1
3.583177974971477,20.474,prepare,0,1,,0.0,0.0,0.05000000074505806,0,1
3.592611522995867,20.484,prepare,1,2,103.83767700195312,103.84051513671875,4.145270824432373,-0.0,0,1
3.592611522995867,20.484,prepare,1,1,0.0,-130.67822265625,-0.0,-0.0,0,1
3.592611522995867,20.484,prepare,0,4,,0.0,-0.0,0.23800000548362732,0,1
3.592611522995867,20.484,prepare,0,1,,0.0,0.0,-0.008999999612569809,0,1
3.602641044999473,20.494,prepare,1,2,103.83767700195312,103.83477783203125,2.412519931793213,-0.0,0,1
3.602641044999473,20.494,prepare,1,1,0.0,-130.67822265625,-0.0,-0.0,0,1
3.602641044999473,20.494,prepare,0,4,,0.0,-0.0,0.006000000052154064,0,1
3.602641044999473,20.494,prepare,0,1,,0.0,0.0,0.05700000002980232,0,1
3.612704811966978,20.504,prepare,1,2,103.83767700195312,103.83767700195312,3.5121476650238037,-0.0,0,1
3.612704811966978,20.504,prepare,1,1,0.0,-130.67822265625,-0.0,-0.0,0,1
3.612704811966978,20.504,prepare,0,4,,0.0,-0.0,0.006000000052154064,0,1
3.612704811966978,20.504,prepare,0,1,,0.0,0.0,-0.008999999612569809,0,1
3.6225031779613346,20.514,prepare,1,2,103.83767700195312,103.84051513671875,7.864914417266846,-0.0,0,1
3.6225031779613346,20.514,prepare,1,1,0.0,-130.67822265625,-0.0,-0.0,0,1
3.6225031779613346,20.514,prepare,0,4,,0.0,-0.0,-0.017999999225139618,0,1
3.6225031779613346,20.514,prepare,0,1,,0.0,0.0,-0.008999999612569809,0,1
3.6326940949657,20.524,prepare,1,2,103.83767700195312,103.83477783203125,-4.5075812339782715,-0.0,0,1
3.6326940949657,20.524,prepare,1,1,0.0,-130.67822265625,-0.0,-0.0,0,1
3.6326940949657,20.524,prepare,0,4,,0.0,-0.0,0.03200000151991844,0,1
3.6326940949657,20.524,prepare,0,1,,0.0,0.0,-0.008999999612569809,0,1
3.670203289948404,20.561,hold,1,2,103.83767700195312,103.82345581054688,3.4236185550689697,-0.14176014065742493,1,1
3.670203289948404,20.561,hold,1,1,0.0,-130.50970458984375,0.04371320828795433,-0.023365121334791183,2,1
3.670203289948404,20.561,hold,0,4,,0.0,-0.0,0.006000000052154064,0,1
3.670203289948404,20.561,hold,0,1,,0.0,0.0,-0.008999999612569809,0,1
3.672841970983427,20.564,hold,1,2,103.83767700195312,103.91763305664062,3.115877389907837,-0.14176014065742493,1,1
3.672841970983427,20.564,hold,1,1,0.0,-130.50970458984375,0.04371320828795433,-0.010844619944691658,2,1
3.672841970983427,20.564,hold,0,4,,0.0,-0.0,0.006000000052154064,0,1
3.672841970983427,20.564,hold,0,1,,0.0,0.0,0.05700000002980232,0,1
3.6827375709544867,20.574,hold,1,2,103.83767700195312,103.91763305664062,5.270282745361328,-0.08745238929986954,1,1
3.6827375709544867,20.574,hold,1,1,0.0,-130.50970458984375,0.04371320828795433,-0.010472702793776989,2,1
3.6827375709544867,20.574,hold,0,4,,0.0,-0.0,-0.017999999225139618,0,1
3.6827375709544867,20.574,hold,0,1,,0.0,0.0,-0.008999999612569809,0,1
3.6931261110003106,20.584,hold,1,2,103.83767700195312,103.82623291015625,4.1691412925720215,-0.09003099054098129,1,1
3.6931261110003106,20.584,hold,1,1,0.0,-130.50970458984375,0.04371320828795433,-0.008262431249022484,2,1
3.6931261110003106,20.584,hold,0,4,,0.0,-0.0,-0.017999999225139618,0,1
3.6931261110003106,20.584,hold,0,1,,0.0,0.0,-0.008999999612569809,0,1
3.7030574579839595,20.594,hold,1,2,103.83767700195312,103.91763305664062,5.193347930908203,0.16876080632209778,1,1
3.7030574579839595,20.594,hold,1,1,0.0,-130.50970458984375,0.04371320828795433,-0.009168052114546299,2,1
3.7030574579839595,20.594,hold,0,4,,0.0,-0.0,0.006000000052154064,0,1
3.7030574579839595,20.594,hold,0,1,,0.0,0.0,-0.008999999612569809,0,1
3.7128246549982578,20.604,hold,1,2,103.83767700195312,103.82623291015625,-3.4757068157196045,0.11891128122806549,1,1
3.7128246549982578,20.604,hold,1,1,0.0,-130.50970458984375,0.04371320828795433,-0.012383399531245232,2,1
3.7128246549982578,20.604,hold,0,4,,0.0,-0.0,-0.017999999225139618,0,1
3.7128246549982578,20.604,hold,0,1,,0.0,0.0,-0.008999999612569809,0,1
3.722623150970321,20.614,hold,1,2,103.83767700195312,103.91763305664062,-4.5776472091674805,0.027481697499752045,1,1
3.722623150970321,20.614,hold,1,1,0.0,-130.50970458984375,0.04371320828795433,-0.008637148886919022,2,1
3.722623150970321,20.614,hold,0,4,,0.0,-0.0,-0.017999999225139618,0,1
3.722623150970321,20.614,hold,0,1,,0.0,0.0,-0.008999999612569809,0,1
3.7329993579769507,20.624,hold,1,2,103.83767700195312,103.83197021484375,0.2774518132209778,-0.09778527170419693,1,1
3.7329993579769507,20.624,hold,1,1,0.0,-130.50970458984375,0.04371320828795433,-0.007304972968995571,2,1
3.7329993579769507,20.624,hold,0,4,,0.0,-0.0,0.006000000052154064,0,1
3.7329993579769507,20.624,hold,0,1,,0.0,0.0,-0.008999999612569809,0,1
3.7428104379796423,20.634,hold,1,2,103.83767700195312,103.91763305664062,0.6539496183395386,-0.05885065719485283,1,1
3.7428104379796423,20.634,hold,1,1,0.0,-130.50970458984375,0.04371320828795433,-0.0063485815189778805,2,1
3.7428104379796423,20.634,hold,0,4,,0.0,-0.0,-0.017999999225139618,0,1
3.7428104379796423,20.634,hold,0,1,,0.0,0.0,0.05700000002980232,0,1
3.752838977961801,20.644,hold,1,2,103.83767700195312,103.93960571289062,9.578657150268555,0.2306133508682251,1,1
3.752838977961801,20.644,hold,1,1,0.0,-130.50970458984375,0.04371320828795433,-0.0028684670105576515,2,1
3.752838977961801,20.644,hold,0,4,,0.0,-0.0,0.03200000151991844,0,1
3.752838977961801,20.644,hold,0,1,,0.0,0.0,-0.008999999612569809,0,1
3.7628042500000447,20.654,hold,1,2,103.83767700195312,103.82345581054688,-8.218074798583984,0.038123417645692825,1,1
3.7628042500000447,20.654,hold,1,1,0.0,-130.50970458984375,0.04371320828795433,-0.002964282175526023,2,1
3.7628042500000447,20.654,hold,0,4,,0.0,-0.0,-0.017999999225139618,0,1
3.7628042500000447,20.654,hold,0,1,,0.0,0.0,-0.008999999612569809,0,1
3.7729763909592293,20.664,hold,1,2,103.83767700195312,103.91763305664062,5.578023910522461,0.03269912675023079,1,1
3.7729763909592293,20.664,hold,1,1,0.0,-130.50970458984375,0.04371320828795433,-0.003518831916153431,2,1
3.7729763909592293,20.664,hold,0,4,,0.0,-0.0,-0.017999999225139618,0,1
3.7729763909592293,20.664,hold,0,1,,0.0,0.0,-0.008999999612569809,0,1
3.7827847859589383,20.674,hold,1,2,103.83767700195312,103.91763305664062,-2.808136463165283,-0.091078020632267,1,1
3.7827847859589383,20.674,hold,1,1,0.0,-130.50970458984375,0.04371320828795433,-0.00213036616332829,2,1
3.7827847859589383,20.674,hold,0,4,,0.0,-0.0,-0.017999999225139618,0,1
3.7827847859589383,20.674,hold,0,1,,0.0,0.0,-0.008999999612569809,0,1
3.793599139957223,20.684,hold,1,2,103.83767700195312,103.84051513671875,9.503609657287598,-0.15889126062393188,1,1
3.793599139957223,20.684,hold,1,1,0.0,-130.50970458984375,0.04371320828795433,-0.003119470551609993,2,1
3.793599139957223,20.684,hold,0,4,,0.0,-0.0,-0.017999999225139618,0,1
3.793599139957223,20.684,hold,0,1,,0.0,0.0,-0.008999999612569809,0,1
3.8028333709808066,20.694,hold,1,2,103.83767700195312,103.91763305664062,0.19233810901641846,0.010476752184331417,1,1
3.8028333709808066,20.694,hold,1,1,0.0,-130.50970458984375,0.04371320828795433,-0.006173406727612019,2,1
3.8028333709808066,20.694,hold,0,4,,0.0,-0.0,0.03200000151991844,0,1
3.8028333709808066,20.694,hold,0,1,,0.0,0.0,-0.008999999612569809,0,1
3.812955738976598,20.704,hold,1,2,103.83767700195312,103.82913208007812,-5.470397472381592,-0.05978585034608841,1,1
3.812955738976598,20.704,hold,1,1,0.0,-130.48773193359375,4.852166175842285,-0.003962640184909105,2,1
3.812955738976598,20.704,hold,0,4,,0.0,-0.0,0.054999999701976776,0,1
3.812955738976598,20.704,hold,0,1,,0.0,0.0,-0.008999999612569809,0,1
3.822855405975133,20.714,hold,1,2,103.83767700195312,103.91763305664062,6.424311637878418,0.32200032472610474,1,1
3.822855405975133,20.714,hold,1,1,0.0,-130.48773193359375,0.04371320828795433,-0.001354802050627768,2,1
3.822855405975133,20.714,hold,0,4,,0.0,-0.0,-0.017999999225139618,0,1
3.822855405975133,20.714,hold,0,1,,0.0,0.0,-0.008999999612569809,0,1
3.832816378970165,20.724,hold,1,2,103.83767700195312,103.81784057617188,-4.068967342376709,0.06358789652585983,1,1
3.832816378970165,20.724,hold,1,1,0.0,-130.48773193359375,0.04371320828795433,-0.006251065526157618,2,1
3.832816378970165,20.724,hold,0,4,,0.0,-0.0,0.03200000151991844,0,1
3.832816378970165,20.724,hold,0,1,,0.0,0.0,-0.008999999612569809,0,1
3.8426740969880484,20.734,hold,1,2,103.83767700195312,103.91763305664062,7.886081218719482,0.034909848123788834,1,1
3.8426740969880484,20.734,hold,1,1,0.0,-130.48773193359375,0.04371320828795433,-0.005690301302820444,2,1
3.8426740969880484,20.734,hold,0,4,,0.0,-0.0,-0.017999999225139618,0,1
3.8426740969880484,20.734,hold,0,1,,0.0,0.0,-0.008999999612569809,0,1
3.853234240959864,20.744,hold,1,2,103.83767700195312,103.81210327148438,-11.908713340759277,0.12158069759607315,1,1
3.853234240959864,20.744,hold,1,1,0.0,-130.48773193359375,0.04371320828795433,-0.00562435295432806,2,1
3.853234240959864,20.744,hold,0,4,,0.0,-0.0,-0.017999999225139618,0,1
3.853234240959864,20.744,hold,0,1,,0.0,0.0,-0.008999999612569809,0,1
3.8629941549734212,20.754,hold,1,2,103.83767700195312,103.89566040039062,-4.269906044006348,0.006366448011249304,1,1
3.8629941549734212,20.754,hold,1,1,0.0,-130.48773193359375,0.04371320828795433,-0.0031031800899654627,2,1
3.8629941549734212,20.754,hold,0,4,,0.0,-0.0,0.03200000151991844,0,1
3.8629941549734212,20.754,hold,0,1,,0.0,0.0,-0.008999999612569809,0,1
3.872907707991544,20.764,hold,1,2,103.83767700195312,103.89566040039062,-7.424251079559326,-0.17652221024036407,1,1
3.872907707991544,20.764,hold,1,1,0.0,-130.48773193359375,0.04371320828795433,-0.005013538058847189,2,1
3.872907707991544,20.764,hold,0,4,,0.0,-0.0,-0.017999999225139618,0,1
3.872907707991544,20.764,hold,0,1,,0.0,0.0,-0.008999999612569809,0,1
3.8829451659694314,20.774,hold,1,2,103.83767700195312,103.89566040039062,6.655117511749268,0.09574153274297714,1,1
3.8829451659694314,20.774,hold,1,1,0.0,-130.48773193359375,0.04371320828795433,-0.003976535052061081,2,1
3.8829451659694314,20.774,hold,0,4,,0.0,-0.0,-0.017999999225139618,0,1
3.8829451659694314,20.774,hold,0,1,,0.0,0.0,0.05700000002980232,0,1
3.8933867659652606,20.784,hold,1,2,103.83767700195312,103.81494140625,1.0242162942886353,0.20114624500274658,1,1
3.8933867659652606,20.784,hold,1,1,0.0,-130.48773193359375,0.04371320828795433,-0.004360585939139128,2,1
3.8933867659652606,20.784,hold,0,4,,0.0,-0.0,0.006000000052154064,0,1
3.8933867659652606,20.784,hold,0,1,,0.0,0.0,0.05700000002980232,0,1
3.9030099009978585,20.794,hold,1,2,103.83767700195312,103.91763305664062,4.5776472091674805,0.14424929022789001,1,1
3.9030099009978585,20.794,hold,1,1,0.0,-130.48773193359375,0.04371320828795433,-0.0035659512504935265,2,1
3.9030099009978585,20.794,hold,0,4,,0.0,-0.0,-0.017999999225139618,0,1
3.9030099009978585,20.794,hold,0,1,,0.0,0.0,-0.008999999612569809,0,1
3.9134185089496896,20.804,hold,1,2,103.83767700195312,103.80645751953125,-9.417384147644043,0.0911836177110672,1,1
3.9134185089496896,20.804,hold,1,1,0.0,-130.48773193359375,0.04371320828795433,-0.002630331087857485,2,1
3.9134185089496896,20.804,hold,0,4,,0.0,-0.0,-0.017999999225139618,0,1
3.9134185089496896,20.804,hold,0,1,,0.0,0.0,-0.008999999612569809,0,1
3.922900417994242,20.814,hold,1,2,103.83767700195312,103.89566040039062,-4.500711917877197,0.16575887799263,1,1
3.922900417994242,20.814,hold,1,1,0.0,-130.48773193359375,0.04371320828795433,-0.003836048534139991,2,1
3.922900417994242,20.814,hold,0,4,,0.0,-0.0,0.054999999701976776,0,1
3.922900417994242,20.814,hold,0,1,,0.0,0.0,-0.008999999612569809,0,1
3.9328925399458967,20.824,hold,1,2,103.83767700195312,103.81494140625,3.1535706520080566,0.052473023533821106,1,1
3.9328925399458967,20.824,hold,1,1,0.0,-130.48773193359375,0.04371320828795433,0.0008158309501595795,2,1
3.9328925399458967,20.824,hold,0,4,,0.0,-0.0,0.054999999701976776,0,1
3.9328925399458967,20.824,hold,0,1,,0.0,0.0,-0.008999999612569809,0,1
3.9427789519540966,20.834,hold,1,2,103.83767700195312,103.89566040039062,2.4234602451324463,0.12225400656461716,1,1
3.9427789519540966,20.834,hold,1,1,0.0,-130.48773193359375,0.04371320828795433,-0.0018598407041281462,2,1
3.9427789519540966,20.834,hold,0,4,,0.0,-0.0,-0.017999999225139618,0,1
3.9427789519540966,20.834,hold,0,1,,0.0,0.0,0.05700000002980232,0,1
3.953113649971783,20.844,hold,1,2,103.83767700195312,103.83197021484375,6.673876762390137,-0.05538814514875412,1,1
3.953113649971783,20.844,hold,1,1,0.0,-130.48773193359375,0.04371320828795433,-0.0028409373480826616,2,1
3.953113649971783,20.844,hold,0,4,,0.0,-0.0,0.006000000052154064,0,1
3.953113649971783,20.844,hold,0,1,,0.0,0.0,-0.0020000000949949026,0,1
3.962787741969805,20.854,hold,1,2,103.83767700195312,103.91763305664062,-11.655908584594727,-0.0991215631365776,1,1
3.962787741969805,20.854,hold,1,1,0.0,-130.48773193359375,0.04371320828795433,-0.0005203839391469955,2,1
3.962787741969805,20.854,hold,0,4,,0.0,-0.0,-0.017999999225139618,0,1
3.962787741969805,20.854,hold,0,1,,0.0,0.0,-0.01600000075995922,0,1
3.97288325894624,20.864,hold,1,2,103.83767700195312,103.91763305664062,0.4231438636779785,0.1326472908258438,1,1
3.97288325894624,20.864,hold,1,1,0.0,-130.48773193359375,0.04371320828795433,-0.0007719314889982343,2,1
3.97288325894624,20.864,hold,0,4,,0.0,-0.0,0.03200000151991844,0,1
3.97288325894624,20.864,hold,0,1,,0.0,0.0,-0.008999999612569809,0,1
3.9827202479937114,20.874,hold,1,2,103.83767700195312,103.83477783203125,3.128314971923828,0.05259275808930397,1,1
3.9827202479937114,20.874,hold,1,1,0.0,-130.48773193359375,0.04371320828795433,-0.002782213967293501,2,1
3.9827202479937114,20.874,hold,0,4,,0.0,-0.0,-0.017999999225139618,0,1
3.9827202479937114,20.874,hold,0,1,,0.0,0.0,-0.008999999612569809,0,1
3.9931543639977463,20.884,hold,1,2,103.83767700195312,103.82345581054688,-7.169867515563965,0.006553554441779852,1,1
3.9931543639977463,20.884,hold,1,1,0.0,-130.48773193359375,0.04371320828795433,-0.0020422639790922403,2,1
3.9931543639977463,20.884,hold,0,4,,0.0,-0.0,0.006000000052154064,0,1
3.9931543639977463,20.884,hold,0,1,,0.0,0.0,-0.008999999612569809,0,1
4.003433537960518,20.894,hold,1,2,103.83767700195312,103.91763305664062,8.50156307220459,-0.003383726580068469,1,1
4.003433537960518,20.894,hold,1,1,0.0,-130.48773193359375,0.04371320828795433,0.0007220918196253479,2,1
4.003433537960518,20.894,hold,0,4,,0.0,-0.0,-0.017999999225139618,0,1
4.003433537960518,20.894,hold,0,1,,0.0,0.0,-0.08299999684095383,0,1
4.013140330964234,20.904,hold,1,2,103.83767700195312,103.84051513671875,9.366451263427734,-0.19821186363697052,1,1
4.013140330964234,20.904,hold,1,1,0.0,-130.48773193359375,0.04371320828795433,-0.00228368048556149,2,1
4.013140330964234,20.904,hold,0,4,,0.0,-0.0,-0.017999999225139618,0,1
4.013140330964234,20.904,hold,0,1,,0.0,0.0,-0.008999999612569809,0,1
4.022766611946281,20.914,hold,1,2,103.83767700195312,103.91763305664062,5.270282745361328,0.012385991401970387,1,1
4.022766611946281,20.914,hold,1,1,0.0,-130.48773193359375,0.04371320828795433,-0.0018916865810751915,2,1
4.022766611946281,20.914,hold,0,4,,0.0,-0.0,-0.017999999225139618,0,1
4.022766611946281,20.914,hold,0,1,,0.0,0.0,-0.01600000075995922,0,1
4.032901362981647,20.924,hold,1,2,103.83767700195312,103.83477783203125,-5.129766941070557,0.20837044715881348,1,1
4.032901362981647,20.924,hold,1,1,0.0,-130.48773193359375,0.04371320828795433,-0.002796380314975977,2,1
4.032901362981647,20.924,hold,0,4,,0.0,-0.0,-0.017999999225139618,0,1
4.032901362981647,20.924,hold,0,1,,0.0,0.0,-0.008999999612569809,0,1
4.042716790980194,20.934,hold,1,2,103.83767700195312,103.91763305664062,0.5770143270492554,0.14394883811473846,1,1
4.042716790980194,20.934,hold,1,1,0.0,-130.48773193359375,0.04371320828795433,-0.0011585562024265528,2,1
4.042716790980194,20.934,hold,0,4,,0.0,-0.0,-0.017999999225139618,0,1
4.042716790980194,20.934,hold,0,1,,0.0,0.0,-0.008999999612569809,0,1
4.05306364299031,20.944,hold,1,2,103.83767700195312,103.91763305664062,-2.4234602451324463,0.11254693567752838,1,1
4.05306364299031,20.944,hold,1,1,0.0,-130.48773193359375,0.04371320828795433,-0.00012569793034344912,2,1
4.05306364299031,20.944,hold,0,4,,0.0,-0.0,0.006000000052154064,0,1
4.05306364299031,20.944,hold,0,1,,0.0,0.0,-0.008999999612569809,0,1
4.062920528987888,20.954,hold,1,2,103.83767700195312,103.91763305664062,-3.8082947731018066,-0.03860461711883545,1,1
4.062920528987888,20.954,hold,1,1,0.0,-130.48773193359375,0.04371320828795433,-0.0034883839543908834,2,1
4.062920528987888,20.954,hold,0,4,,0.0,-0.0,-0.017999999225139618,0,1
4.062920528987888,20.954,hold,0,1,,0.0,0.0,-0.008999999612569809,0,1
4.073064487951342,20.964,hold,1,2,103.83767700195312,103.83477783203125,-0.9448541402816772,-0.0144559470936656,1,1
4.073064487951342,20.964,hold,1,1,0.0,-130.48773193359375,0.04371320828795433,-0.0007241275161504745,2,1
4.073064487951342,20.964,hold,0,4,,0.0,-0.0,-0.017999999225139618,0,1
4.073064487951342,20.964,hold,0,1,,0.0,0.0,-0.008999999612569809,0,1
4.082944737980142,20.974,hold,1,2,103.83767700195312,103.91763305664062,-3.7313594818115234,0.1385333240032196,1,1
4.082944737980142,20.974,hold,1,1,0.0,-130.48773193359375,0.04371320828795433,0.0008515725494362414,2,1
4.082944737980142,20.974,hold,0,4,,0.0,-0.0,-0.017999999225139618,0,1
4.082944737980142,20.974,hold,0,1,,0.0,0.0,-0.008999999612569809,0,1
4.093176732945722,20.984,hold,1,2,103.83767700195312,103.83767700195312,-4.673227310180664,-0.060812924057245255,1,1
4.093176732945722,20.984,hold,1,1,0.0,-130.48773193359375,0.04371320828795433,-0.0046127256937325,2,1
4.093176732945722,20.984,hold,0,4,,0.0,-0.0,0.006000000052154064,0,1
4.093176732945722,20.984,hold,0,1,,0.0,0.0,-0.008999999612569809,0,1
4.103234107955359,20.994,hold,1,2,103.83767700195312,103.91763305664062,4.1929707527160645,0.13962344825267792,1,1
4.103234107955359,20.994,hold,1,1,0.0,-130.48773193359375,0.04371320828795433,-0.0020753839053213596,2,1
4.103234107955359,20.994,hold,0,4,,0.0,-0.0,0.006000000052154064,0,1
4.103234107955359,20.994,hold,0,1,,0.0,0.0,-0.008999999612569809,0,1
4.113409835961647,21.004,hold,1,2,103.83767700195312,103.83197021484375,-1.2280993461608887,0.11130382865667343,1,1
4.113409835961647,21.004,hold,1,1,0.0,-130.48773193359375,0.04371320828795433,-0.0052133118733763695,2,1
4.113409835961647,21.004,hold,0,4,,0.0,-0.0,0.03200000151991844,0,1
4.113409835961647,21.004,hold,0,1,,0.0,0.0,-0.008999999612569809,0,1
4.1226772899972275,21.014,hold,1,2,103.83767700195312,103.91763305664062,3.038942337036133,0.1797434687614441,1,1
4.1226772899972275,21.014,hold,1,1,0.0,-130.48773193359375,0.04371320828795433,-0.002839046297594905,2,1
4.1226772899972275,21.014,hold,0,4,,0.0,-0.0,-0.017999999225139618,0,1
4.1226772899972275,21.014,hold,0,1,,0.0,0.0,-0.07699999958276749,0,1
4.132955230947118,21.024,hold,1,2,103.83767700195312,103.82623291015625,12.10739803314209,0.17244988679885864,1,1
4.132955230947118,21.024,hold,1,1,0.0,-130.48773193359375,0.04371320828795433,-0.0038161459378898144,2,1
4.132955230947118,21.024,hold,0,4,,0.0,-0.0,0.006000000052154064,0,1
4.132955230947118,21.024,hold,0,1,,0.0,0.0,-0.008999999612569809,0,1
4.142827947973274,21.034,hold,1,2,103.83767700195312,103.91763305664062,-2.4234602451324463,-0.010425189509987831,1,1
4.142827947973274,21.034,hold,1,1,0.0,-130.48773193359375,0.04371320828795433,-0.0002648914814926684,2,1
4.142827947973274,21.034,hold,0,4,,0.0,-0.0,0.006000000052154064,0,1
4.142827947973274,21.034,hold,0,1,,0.0,0.0,-0.008999999612569809,0,1
4.1529296659864485,21.044,hold,1,2,103.83767700195312,103.82913208007812,-0.34790703654289246,0.021452927961945534,1,1
4.1529296659864485,21.044,hold,1,1,0.0,-130.48773193359375,0.04371320828795433,-0.001490290742367506,2,1
4.1529296659864485,21.044,hold,0,4,,0.0,-0.0,0.03200000151991844,0,1
4.1529296659864485,21.044,hold,0,1,,0.0,0.0,-0.0020000000949949026,0,1
4.162958086992148,21.054,hold,1,2,103.83767700195312,103.91763305664062,-1.1155611276626587,0.1117136999964714,1,1
4.162958086992148,21.054,hold,1,1,0.0,-130.48773193359375,0.04371320828795433,0.00140186189673841,2,1
4.162958086992148,21.054,hold,0,4,,0.0,-0.0,0.03200000151991844,0,1
4.162958086992148,21.054,hold,0,1,,0.0,0.0,-0.008999999612569809,0,1
4.173018016968854,21.064,hold,1,2,103.83767700195312,103.83197021484375,5.661472797393799,0.1122284084558487,1,1
4.173018016968854,21.064,hold,1,1,0.0,-130.48773193359375,0.04371320828795433,-0.0002888702438212931,2,1
4.173018016968854,21.064,hold,0,4,,0.0,-0.0,-0.017999999225139618,0,1
4.173018016968854,21.064,hold,0,1,,0.0,0.0,-0.008999999612569809,0,1
4.183095789980143,21.074,hold,1,2,103.83767700195312,103.91763305664062,-10.194138526916504,0.014607942663133144,1,1
4.183095789980143,21.074,hold,1,1,0.0,-130.48773193359375,0.04371320828795433,-0.0038191089406609535,2,1
4.183095789980143,21.074,hold,0,4,,0.0,-0.0,-0.017999999225139618,0,1
4.183095789980143,21.074,hold,0,1,,0.0,0.0,-0.008999999612569809,0,1
4.192998813989107,21.084,hold,1,2,103.83767700195312,103.83767700195312,2.3318076133728027,0.16960163414478302,1,1
4.192998813989107,21.084,hold,1,1,0.0,-130.48773193359375,0.04371320828795433,-0.0013241623528301716,2,1
4.192998813989107,21.084,hold,0,4,,0.0,-0.0,0.006000000052154064,0,1
4.192998813989107,21.084,hold,0,1,,0.0,0.0,0.05700000002980232,0,1
4.203113736992236,21.094,hold,1,2,103.83767700195312,103.81784057617188,-6.832433223724365,0.34785154461860657,1,1
4.203113736992236,21.094,hold,1,1,0.0,-130.48773193359375,0.04371320828795433,-0.0008686564397066832,2,1
4.203113736992236,21.094,hold,0,4,,0.0,-0.0,0.006000000052154064,0,1
4.203113736992236,21.094,hold,0,1,,0.0,0.0,0.05000000074505806,0,1
4.212916080956347,21.104,hold,1,2,103.83767700195312,103.91763305664062,7.039793491363525,0.07119038701057434,1,1
4.212916080956347,21.104,hold,1,1,0.0,-130.48773193359375,0.04371320828795433,-0.0030886013992130756,2,1
4.212916080956347,21.104,hold,0,4,,0.0,-0.0,-0.017999999225139618,0,1
4.212916080956347,21.104,hold,0,1,,0.0,0.0,-0.008999999612569809,0,1
4.222795249952469,21.114,hold,1,2,103.83767700195312,103.91763305664062,-1.9618487358093262,-0.06436910480260849,1,1
4.222795249952469,21.114,hold,1,1,0.0,-130.48773193359375,0.04371320828795433,-0.0005371674778871238,2,1
4.222795249952469,21.114,hold,0,4,,0.0,-0.0,-0.017999999225139618,0,1
4.222795249952469,21.114,hold,0,1,,0.0,0.0,-0.01600000075995922,0,1
4.233066287997644,21.124,hold,1,2,103.83767700195312,103.82061767578125,0.16539721190929413,-0.06890925019979477,1,1
4.233066287997644,21.124,hold,1,1,0.0,-130.48773193359375,0.04371320828795433,0.0008867157739587128,2,1
4.233066287997644,21.124,hold,0,4,,0.0,-0.0,0.006000000052154064,0,1
4.233066287997644,21.124,hold,0,1,,0.0,0.0,0.06400000303983688,0,1
4.243089517985936,21.134,hold,1,2,103.83767700195312,103.89566040039062,0.5770143270492554,-0.06669320166110992,1,1
4.243089517985936,21.134,hold,1,1,0.0,-130.48773193359375,0.04371320828795433,-0.0005757202743552625,2,1
4.243089517985936,21.134,hold,0,4,,0.0,-0.0,-0.017999999225139618,0,1
4.243089517985936,21.134,hold,0,1,,0.0,0.0,-0.008999999612569809,0,1
4.253270165994763,21.144,hold,1,2,103.83767700195312,103.82623291015625,13.122367858886719,-0.05891153961420059,1,1
4.253270165994763,21.144,hold,1,1,0.0,-130.48773193359375,0.04371320828795433,0.0011146079050377011,2,1
4.253270165994763,21.144,hold,0,4,,0.0,-0.0,-0.0430000014603138,0,1
4.253270165994763,21.144,hold,0,1,,0.0,0.0,-0.008999999612569809,0,1
4.263285240973346,21.154,hold,1,2,103.83767700195312,103.91763305664062,-0.8847553133964539,-0.1355874240398407,1,1
4.263285240973346,21.154,hold,1,1,0.0,-130.48773193359375,0.04371320828795433,-0.001116219093091786,2,1
4.263285240973346,21.154,hold,0,4,,0.0,-0.0,-0.017999999225139618,0,1
4.263285240973346,21.154,hold,0,1,,0.0,0.0,-0.0020000000949949026,0,1
4.272913385997526,21.164,hold,1,2,103.83767700195312,103.81784057617188,2.2783961296081543,0.05767451971769333,1,1
4.272913385997526,21.164,hold,1,1,0.0,-130.48773193359375,0.04371320828795433,-0.0021411238703876734,2,1
4.272913385997526,21.164,hold,0,4,,0.0,-0.0,0.006000000052154064,0,1
4.272913385997526,21.164,hold,0,1,,0.0,0.0,0.05700000002980232,0,1
4.282738071982749,21.174,hold,1,2,103.83767700195312,103.91763305664062,-2.26958966255188,-0.14469274878501892,1,1
4.282738071982749,21.174,hold,1,1,0.0,-130.48773193359375,0.04371320828795433,-0.0017206923803314567,2,1
4.282738071982749,21.174,hold,0,4,,0.0,-0.0,-0.017999999225139618,0,1
4.282738071982749,21.174,hold,0,1,,0.0,0.0,-0.008999999612569809,0,1
4.292903840949293,21.184,hold,1,2,103.83767700195312,103.82345581054688,-8.521862983703613,0.1079898476600647,1,1
4.292903840949293,21.184,hold,1,1,0.0,-130.48773193359375,0.04371320828795433,-0.003194913500919938,2,1
4.292903840949293,21.184,hold,0,4,,0.0,-0.0,-0.017999999225139618,0,1
4.292903840949293,21.184,hold,0,1,,0.0,0.0,-0.008999999612569809,0,1
4.302856047987007,21.194,hold,1,2,103.83767700195312,103.93960571289062,4.500711917877197,0.14827601611614227,1,1
4.302856047987007,21.194,hold,1,1,0.0,-130.48773193359375,0.04371320828795433,-0.004036151338368654,2,1
4.302856047987007,21.194,hold,0,4,,0.0,-0.0,0.054999999701976776,0,1
4.302856047987007,21.194,hold,0,1,,0.0,0.0,0.05700000002980232,0,1
4.313158464967273,21.204,hold,1,2,103.83767700195312,103.89566040039062,-2.9620070457458496,-0.09687525779008865,1,1
4.313158464967273,21.204,hold,1,1,0.0,-130.48773193359375,0.04371320828795433,-0.0031361619476228952,2,1
4.313158464967273,21.204,hold,0,4,,0.0,-0.0,-0.017999999225139618,0,1
4.313158464967273,21.204,hold,0,1,,0.0,0.0,-0.008999999612569809,0,1
4.322757855989039,21.214,hold,1,2,103.83767700195312,103.91763305664062,-5.4239349365234375,-0.005778240039944649,1,1
4.322757855989039,21.214,hold,1,1,0.0,-130.48773193359375,0.04371320828795433,-0.0029732512775808573,2,1
4.322757855989039,21.214,hold,0,4,,0.0,-0.0,-0.06599999964237213,0,1
4.322757855989039,21.214,hold,0,1,,0.0,0.0,-0.0020000000949949026,0,1
4.3332471959874965,21.224,hold,1,2,103.83767700195312,103.91763305664062,7.655275821685791,-0.11729063838720322,1,1
4.3332471959874965,21.224,hold,1,1,0.0,-130.48773193359375,0.04371320828795433,-0.0009795690421015024,2,1
4.3332471959874965,21.224,hold,0,4,,0.0,-0.0,-0.04100000113248825,0,1
4.3332471959874965,21.224,hold,0,1,,0.0,0.0,-0.008999999612569809,0,1
4.342767556954641,21.234,hold,1,2,103.83767700195312,103.91763305664062,5.731894493103027,0.04952426254749298,1,1
4.342767556954641,21.234,hold,1,1,0.0,-130.48773193359375,0.04371320828795433,-0.000457786867627874,2,1
4.342767556954641,21.234,hold,0,4,,0.0,-0.0,0.006000000052154064,0,1
4.342767556954641,21.234,hold,0,1,,0.0,0.0,-0.008999999612569809,0,1
4.353260644944385,21.244,hold,1,2,103.83767700195312,103.82623291015625,4.860161304473877,0.12097334861755371,1,1
4.353260644944385,21.244,hold,1,1,0.0,-130.48773193359375,0.04371320828795433,-0.002374272095039487,2,1
4.353260644944385,21.244,hold,0,4,,0.0,-0.0,-0.017999999225139618,0,1
4.353260644944385,21.244,hold,0,1,,0.0,0.0,-0.008999999612569809,0,1
4.363098444999196,21.254,hold,1,2,103.83767700195312,103.91763305664062,4.116035461425781,-0.02160695008933544,1,1
4.363098444999196,21.254,hold,1,1,0.0,-130.48773193359375,0.04371320828795433,-0.001256301999092102,2,1
4.363098444999196,21.254,hold,0,4,,0.0,-0.0,-0.017999999225139618,0,1
4.363098444999196,21.254,hold,0,1,,0.0,0.0,-0.008999999612569809,0,1
4.373283851949964,21.264,hold,1,2,103.83767700195312,103.83197021484375,1.741438865661621,-0.08677008002996445,1,1
4.373283851949964,21.264,hold,1,1,0.0,-130.48773193359375,0.04371320828795433,-0.003365022363141179,2,1
4.373283851949964,21.264,hold,0,4,,0.0,-0.0,0.006000000052154064,0,1
4.373283851949964,21.264,hold,0,1,,0.0,0.0,-0.008999999612569809,0,1
4.382944707991555,21.274,hold,1,2,103.83767700195312,103.89566040039062,-7.578121662139893,0.16555429995059967,1,1
4.382944707991555,21.274,hold,1,1,0.0,-130.48773193359375,0.04371320828795433,-0.0005859274533577263,2,1
4.382944707991555,21.274,hold,0,4,,0.0,-0.0,-0.017999999225139618,0,1
4.382944707991555,21.274,hold,0,1,,0.0,0.0,-0.0020000000949949026,0,1
4.3929827669635415,21.284,hold,1,2,103.83767700195312,103.81210327148438,-2.63724422454834,0.06503543257713318,1,1
4.3929827669635415,21.284,hold,1,1,0.0,-130.48773193359375,0.04371320828795433,-0.0026301906909793615,2,1
4.3929827669635415,21.284,hold,0,4,,0.0,-0.0,0.006000000052154064,0,1
4.3929827669635415,21.284,hold,0,1,,0.0,0.0,-0.008999999612569809,0,1
4.402658741979394,21.294,hold,1,2,103.83767700195312,103.89566040039062,-6.7318339347839355,-0.1296190321445465,1,1
4.402658741979394,21.294,hold,1,1,0.0,-130.48773193359375,0.04371320828795433,-0.0009190071141347289,2,1
4.402658741979394,21.294,hold,0,4,,0.0,-0.0,0.006000000052154064,0,1
4.402658741979394,21.294,hold,0,1,,0.0,0.0,-0.008999999612569809,0,1
4.413045267981943,21.304,hold,1,2,103.83767700195312,103.89566040039062,2.4234602451324463,-0.1576443761587143,1,1
4.413045267981943,21.304,hold,1,1,0.0,-130.48773193359375,0.04371320828795433,0.001802600920200348,2,1
4.413045267981943,21.304,hold,0,4,,0.0,-0.0,0.006000000052154064,0,1
4.413045267981943,21.304,hold,0,1,,0.0,0.0,-0.008999999612569809,0,1
4.4228174749878235,21.314,hold,1,2,103.83767700195312,103.87371826171875,0.5770143270492554,-0.12271055579185486,1,1
4.4228174749878235,21.314,hold,1,1,0.0,-130.48773193359375,0.04371320828795433,-0.00370869692414999,2,1
4.4228174749878235,21.314,hold,0,4,,0.0,-0.0,-0.017999999225139618,0,1
4.4228174749878235,21.314,hold,0,1,,0.0,0.0,-0.008999999612569809,0,1
4.4330905369715765,21.324,hold,1,2,103.83767700195312,103.87371826171875,-5.4239349365234375,-0.11730983853340149,1,1
4.4330905369715765,21.324,hold,1,1,0.0,-130.48773193359375,0.04371320828795433,0.0009131048573181033,2,1
4.4330905369715765,21.324,hold,0,4,,0.0,-0.0,-0.017999999225139618,0,1
4.4330905369715765,21.324,hold,0,1,,0.0,0.0,-0.07699999958276749,0,1
4.4429256019648165,21.334,hold,1,2,103.83767700195312,103.89566040039062,-8.039732933044434,-0.18422015011310577,1,1
4.4429256019648165,21.334,hold,1,1,0.0,-130.48773193359375,0.04371320828795433,0.0008326659444719553,2,1
4.4429256019648165,21.334,hold,0,4,,0.0,-0.0,-0.017999999225139618,0,1
4.4429256019648165,21.334,hold,0,1,,0.0,0.0,0.24699999392032623,0,1
4.45302991598146,21.344,hold,1,2,103.83767700195312,103.79794311523438,-6.2278971672058105,0.06983053684234619,1,1
4.45302991598146,21.344,hold,1,1,0.0,-130.48773193359375,0.04371320828795433,-0.0005950760678388178,2,1
4.45302991598146,21.344,hold,0,4,,0.0,-0.0,-0.017999999225139618,0,1
4.45302991598146,21.344,hold,0,1,,0.0,0.0,-0.008999999612569809,0,1
4.463161400984973,21.354,hold,1,2,103.83767700195312,103.89566040039062,2.192654609680176,0.13494254648685455,1,1
4.463161400984973,21.354,hold,1,1,0.0,-130.48773193359375,0.04371320828795433,-0.00045309169217944145,2,1
4.463161400984973,21.354,hold,0,4,,0.0,-0.0,0.054999999701976776,0,1
4.463161400984973,21.354,hold,0,1,,0.0,0.0,-0.008999999612569809,0,1
4.473184861999471,21.364,hold,1,2,103.83767700195312,103.80929565429688,-1.5966099500656128,0.15751563012599945,1,1
4.473184861999471,21.364,hold,1,1,0.0,-130.48773193359375,0.04371320828795433,-0.0028325144667178392,2,1
4.473184861999471,21.364,hold,0,4,,0.0,-0.0,-0.017999999225139618,0,1
4.473184861999471,21.364,hold,0,1,,0.0,0.0,-0.008999999612569809,0,1
4.482699050975498,21.374,hold,1,2,103.83767700195312,103.89566040039062,-3.7313594818115234,-0.05423034727573395,1,1
4.482699050975498,21.374,hold,1,1,0.0,-130.48773193359375,0.04371320828795433,0.0007577014621347189,2,1
4.482699050975498,21.374,hold,0,4,,0.0,-0.0,-0.017999999225139618,0,1
4.482699050975498,21.374,hold,0,1,,0.0,0.0,0.05700000002980232,0,1
4.4929235319723375,21.384,hold,1,2,103.83767700195312,103.82345581054688,0.07200726866722107,0.04242371395230293,1,1
4.4929235319723375,21.384,hold,1,1,0.0,-130.48773193359375,0.04371320828795433,-0.003346324898302555,2,1
4.4929235319723375,21.384,hold,0,4,,0.0,-0.0,-0.017999999225139618,0,1
4.4929235319723375,21.384,hold,0,1,,0.0,0.0,-0.008999999612569809,0,1
4.502729982952587,21.394,hold,1,2,103.83767700195312,103.91763305664062,5.885765075683594,-0.017780635505914688,1,1
4.502729982952587,21.394,hold,1,1,0.0,-130.48773193359375,0.04371320828795433,-0.00047786987852305174,2,1
4.502729982952587,21.394,hold,0,4,,0.0,-0.0,-0.017999999225139618,0,1
4.502729982952587,21.394,hold,0,1,,0.0,0.0,-0.008999999612569809,0,1
4.5131113499519415,21.404,hold,1,2,103.83767700195312,103.91763305664062,1.5771725177764893,0.0023112744092941284,1,1
4.5131113499519415,21.404,hold,1,1,0.0,-130.48773193359375,0.04371320828795433,-0.005201195832341909,2,1
4.5131113499519415,21.404,hold,0,4,,0.0,-0.0,0.03200000151991844,0,1
4.5131113499519415,21.404,hold,0,1,,0.0,0.0,-0.008999999612569809,0,1
4.523067052999977,21.414,hold,1,2,103.83767700195312,103.91763305664062,7.116728782653809,0.06316638737916946,1,1
4.523067052999977,21.414,hold,1,1,0.0,-130.48773193359375,0.04371320828795433,0.0004973475588485599,2,1
4.523067052999977,21.414,hold,0,4,,0.0,-0.0,0.03200000151991844,0,1
4.523067052999977,21.414,hold,0,1,,0.0,0.0,-0.008999999612569809,0,1
4.533066758944187,21.424,hold,1,2,103.83767700195312,103.89566040039062,-2.346524953842163,0.09229138493537903,1,1
4.533066758944187,21.424,hold,1,1,0.0,-130.48773193359375,0.04371320828795433,0.00012515607522800565,2,1
4.533066758944187,21.424,hold,0,4,,0.0,-0.0,0.006000000052154064,0,1
4.533066758944187,21.424,hold,0,1,,0.0,0.0,-0.008999999612569809,0,1
4.553056792996358,21.444,hold,1,2,103.83767700195312,103.91763305664062,6.808988094329834,0.12693952023983002,1,1
4.553056792996358,21.444,hold,1,1,0.0,-130.48773193359375,0.04371320828795433,-0.0021847367752343416,2,1
4.553056792996358,21.444,hold,0,4,,0.0,-0.0,-0.017999999225139618,0,1
4.553056792996358,21.444,hold,0,1,,0.0,0.0,-0.008999999612569809,0,1
4.554745941946749,21.446,hold,1,2,103.83767700195312,103.91763305664062,-7.116510391235352,0.12693952023983002,1,1
4.554745941946749,21.446,hold,1,1,0.0,-130.48773193359375,0.04371320828795433,-0.0021847367752343416,2,1
4.554745941946749,21.446,hold,0,4,,0.0,-0.0,-0.017999999225139618,0,1
4.554745941946749,21.446,hold,0,1,,0.0,0.0,-0.008999999612569809,0,1
4.563098708982579,21.454,hold,1,2,103.83767700195312,103.91763305664062,2.9620070457458496,0.030942555516958237,1,1
4.563098708982579,21.454,hold,1,1,0.0,-130.48773193359375,0.04371320828795433,0.0020407980773597956,2,1
4.563098708982579,21.454,hold,0,4,,0.0,-0.0,0.006000000052154064,0,1
4.563098708982579,21.454,hold,0,1,,0.0,0.0,-0.008999999612569809,0,1
4.573207099980209,21.464,hold,1,2,103.83767700195312,103.82623291015625,5.461910724639893,-0.21507002413272858,1,1
4.573207099980209,21.464,hold,1,1,0.0,-130.48773193359375,0.04371320828795433,-0.0005657569854520261,2,1
4.573207099980209,21.464,hold,0,4,,0.0,-0.0,-0.017999999225139618,0,1
4.573207099980209,21.464,hold,0,1,,0.0,0.0,-0.0020000000949949026,0,1
4.583065118989907,21.474,hold,1,2,103.83767700195312,103.91763305664062,-0.730884850025177,0.0895468071103096,1,1
4.583065118989907,21.474,hold,1,1,0.0,-130.48773193359375,0.04371320828795433,-0.001213443698361516,2,1
4.583065118989907,21.474,hold,0,4,,0.0,-0.0,-0.017999999225139618,0,1
4.583065118989907,21.474,hold,0,1,,0.0,0.0,-0.01600000075995922,0,1
4.5928593869903125,21.484,hold,1,2,103.83767700195312,103.81210327148438,-2.7769062519073486,-0.029803086072206497,1,1
4.5928593869903125,21.484,hold,1,1,0.0,-130.48773193359375,0.04371320828795433,0.00042354268953204155,2,1
4.5928593869903125,21.484,hold,0,4,,0.0,-0.0,-0.017999999225139618,0,1
4.5928593869903125,21.484,hold,0,1,,0.0,0.0,-0.008999999612569809,0,1
4.602451653976459,21.494,hold,1,2,103.83767700195312,103.91763305664062,-2.5003955364227295,0.04695190116763115,1,1
4.602451653976459,21.494,hold,1,1,0.0,-130.48773193359375,0.04371320828795433,-0.002548642922192812,2,1
4.602451653976459,21.494,hold,0,4,,0.0,-0.0,0.054999999701976776,0,1
4.602451653976459,21.494,hold,0,1,,0.0,0.0,0.05700000002980232,0,1
4.6132753159618005,21.504,hold,1,2,103.83767700195312,103.82623291015625,2.263981580734253,0.03867983818054199,1,1
4.6132753159618005,21.504,hold,1,1,0.0,-130.48773193359375,0.04371320828795433,-0.006557902786880732,2,1
4.6132753159618005,21.504,hold,0,4,,0.0,-0.0,-0.017999999225139618,0,1
4.6132753159618005,21.504,hold,0,1,,0.0,0.0,0.05000000074505806,0,1
4.622656523948535,21.514,hold,1,2,103.83767700195312,103.93960571289062,11.732843399047852,0.1823621392250061,1,1
4.622656523948535,21.514,hold,1,1,0.0,-130.48773193359375,0.04371320828795433,-0.000175254768691957,2,1
4.622656523948535,21.514,hold,0,4,,0.0,-0.0,0.03200000151991844,0,1
4.622656523948535,21.514,hold,0,1,,0.0,0.0,-0.008999999612569809,0,1
4.632908666972071,21.524,hold,1,2,103.83767700195312,103.91763305664062,1.1924962997436523,0.13125355541706085,1,1
4.632908666972071,21.524,hold,1,1,0.0,-130.48773193359375,0.04371320828795433,-0.003150980221107602,2,1
4.632908666972071,21.524,hold,0,4,,0.0,-0.0,-0.017999999225139618,0,1
4.632908666972071,21.524,hold,0,1,,0.0,0.0,0.05700000002980232,0,1
4.642464514996391,21.534,hold,1,2,103.83767700195312,103.91763305664062,0.19233810901641846,0.09948459267616272,1,1
4.642464514996391,21.534,hold,1,1,0.0,-130.48773193359375,0.04371320828795433,-0.0004789321101270616,2,1
4.642464514996391,21.534,hold,0,4,,0.0,-0.0,0.03200000151991844,0,1
4.642464514996391,21.534,hold,0,1,,0.0,0.0,-0.008999999612569809,0,1
4.652854507963639,21.544,hold,1,2,103.83767700195312,103.93960571289062,3.2697479724884033,0.08040304481983185,1,1
4.652854507963639,21.544,hold,1,1,0.0,-130.48773193359375,0.04371320828795433,-0.001273082452826202,2,1
4.652854507963639,21.544,hold,0,4,,0.0,-0.0,-0.017999999225139618,0,1
4.652854507963639,21.544,hold,0,1,,0.0,0.0,-0.008999999612569809,0,1
4.662890782987233,21.554,hold,1,2,103.83767700195312,103.83477783203125,-2.148496627807617,0.22631223499774933,1,1
4.662890782987233,21.554,hold,1,1,0.0,-130.48773193359375,0.04371320828795433,-0.0024087720084935427,2,1
4.662890782987233,21.554,hold,0,4,,0.0,-0.0,-0.017999999225139618,0,1
4.662890782987233,21.554,hold,0,1,,0.0,0.0,0.06400000303983688,0,1
4.673824762983713,21.564,velocity_chirp,1,2,103.83767700195312,103.84613037109375,3.209604263305664,0.13766035437583923,1,1
4.673824762983713,21.564,velocity_chirp,1,1,0.06900871720905676,-130.48773193359375,0.04371320828795433,-0.0039231195114552975,2,1
4.673824762983713,21.564,velocity_chirp,0,4,,0.0,-0.0,-0.017999999225139618,0,1
4.673824762983713,21.564,velocity_chirp,0,1,,0.0,0.0,-0.008999999612569809,0,1
4.682765329955146,21.574,velocity_chirp,1,2,103.83767700195312,103.93960571289062,4.654582500457764,0.06841810047626495,1,1
4.682765329955146,21.574,velocity_chirp,1,1,0.41306833178372093,-130.48773193359375,0.04371320828795433,0.001212127273902297,2,1
4.682765329955146,21.574,velocity_chirp,0,4,,0.0,-0.0,-0.017999999225139618,0,1
4.682765329955146,21.574,velocity_chirp,0,1,,0.0,0.0,-0.0020000000949949026,0,1
4.693053139955737,21.584,velocity_chirp,1,2,103.83767700195312,103.83197021484375,-3.281076431274414,0.08807218819856644,1,1
4.693053139955737,21.584,velocity_chirp,1,1,0.7559466211960258,-130.48773193359375,0.04371320828795433,0.0004817660083062947,2,1
4.693053139955737,21.584,velocity_chirp,0,4,,0.0,-0.0,-0.017999999225139618,0,1
4.693053139955737,21.584,velocity_chirp,0,1,,0.0,0.0,-0.008999999612569809,0,1
4.7029790269443765,21.594,velocity_chirp,1,2,103.83767700195312,103.91763305664062,3.4236185550689697,0.2604149878025055,1,1
4.7029790269443765,21.594,velocity_chirp,1,1,1.0869055986423357,-130.48773193359375,0.04371320828795433,-0.004556262865662575,2,1
4.7029790269443765,21.594,velocity_chirp,0,4,,0.0,-0.0,-0.017999999225139618,0,1
4.7029790269443765,21.594,velocity_chirp,0,1,,0.0,0.0,-0.008999999612569809,0,1
4.71314137999434,21.604,velocity_chirp,1,2,103.83767700195312,103.84613037109375,0.03202221915125847,-0.18651694059371948,1,1
4.71314137999434,21.604,velocity_chirp,1,1,1.4036523783629913,-130.48773193359375,0.04371320828795433,-0.001127038267441094,2,1
4.71314137999434,21.604,velocity_chirp,0,4,,0.0,-0.0,0.03200000151991844,0,1
4.71314137999434,21.604,velocity_chirp,0,1,,0.0,0.0,-0.01600000075995922,0,1
4.722752030997071,21.614,velocity_chirp,1,2,103.83767700195312,103.91763305664062,-9.501502990722656,-0.10855504870414734,1,1
4.722752030997071,21.614,velocity_chirp,1,1,1.4036523783629913,-130.48773193359375,0.04371320828795433,-0.0016334516694769263,2,1
4.722752030997071,21.614,velocity_chirp,0,4,,0.0,-0.0,-0.017999999225139618,0,1
4.722752030997071,21.614,velocity_chirp,0,1,,0.0,0.0,0.05700000002980232,0,1
4.732806570944376,21.624,velocity_chirp,1,2,103.83767700195312,103.83477783203125,-1.6480227708816528,-0.07890471816062927,1,1
4.732806570944376,21.624,velocity_chirp,1,1,1.732625788463722,-130.48773193359375,0.04371320828795433,0.0006552559789270163,2,1
4.732806570944376,21.624,velocity_chirp,0,4,,0.0,-0.0,-0.06599999964237213,0,1
4.732806570944376,21.624,velocity_chirp,0,1,,0.0,0.0,-0.008999999612569809,0,1
4.742467948992271,21.634,velocity_chirp,1,2,103.83767700195312,103.91763305664062,4.80845308303833,0.16160114109516144,1,1
4.742467948992271,21.634,velocity_chirp,1,1,2.0439338723339526,-130.48773193359375,0.04371320828795433,0.009366106241941452,2,1
4.742467948992271,21.634,velocity_chirp,0,4,,0.0,-0.0,-0.017999999225139618,0,1
4.742467948992271,21.634,velocity_chirp,0,1,,0.0,0.0,0.05700000002980232,0,1
4.752983658981975,21.644,velocity_chirp,1,2,103.83767700195312,103.93960571289062,-1.4233020544052124,-0.14816713333129883,1,1
4.752983658981975,21.644,velocity_chirp,1,1,2.4135432719347145,-130.48773193359375,0.04371320828795433,0.007337967865169048,2,1
4.752983658981975,21.644,velocity_chirp,0,4,,0.0,-0.0,0.03200000151991844,0,1
4.752983658981975,21.644,velocity_chirp,0,1,,0.0,0.0,-0.008999999612569809,0,1
4.7625595549470745,21.654,velocity_chirp,1,2,103.83767700195312,103.91763305664062,-1.1924962997436523,-0.1169058233499527,1,1
4.7625595549470745,21.654,velocity_chirp,1,1,2.7341678885562883,-130.48773193359375,0.04371320828795433,0.00857321172952652,2,1
4.7625595549470745,21.654,velocity_chirp,0,4,,0.0,-0.0,0.006000000052154064,0,1
4.7625595549470745,21.654,velocity_chirp,0,1,,0.0,0.0,-0.008999999612569809,0,1
4.772974394960329,21.664,velocity_chirp,1,2,103.83767700195312,103.91763305664062,5.501088619232178,-0.0873539000749588,1,1
4.772974394960329,21.664,velocity_chirp,1,1,3.0956959924534195,-130.48773193359375,0.04371320828795433,0.011819164268672466,2,1
4.772974394960329,21.664,velocity_chirp,0,4,,0.0,-0.0,-0.017999999225139618,0,1
4.772974394960329,21.664,velocity_chirp,0,1,,0.0,0.0,-0.008999999612569809,0,1
4.783091883000452,21.674,velocity_chirp,1,2,103.83767700195312,103.91763305664062,-0.11540286988019943,-0.007146523334085941,1,1
4.783091883000452,21.674,velocity_chirp,1,1,3.40602954417695,-130.48773193359375,0.04371320828795433,0.013869710266590118,2,1
4.783091883000452,21.674,velocity_chirp,0,4,,0.0,-0.0,-0.04100000113248825,0,1
4.783091883000452,21.674,velocity_chirp,0,1,,0.0,0.0,-0.008999999612569809,0,1
4.793109752994496,21.684,velocity_chirp,1,2,103.83767700195312,103.82913208007812,-1.637712001800537,0.28922364115715027,1,1
4.793109752994496,21.684,velocity_chirp,1,1,3.708099251716522,-130.48773193359375,0.04371320828795433,0.022197600454092026,2,1
4.793109752994496,21.684,velocity_chirp,0,4,,0.0,-0.0,0.03200000151991844,0,1
4.793109752994496,21.684,velocity_chirp,0,1,,0.0,0.0,-0.008999999612569809,0,1
4.802571433945559,21.694,velocity_chirp,1,2,103.83767700195312,103.93960571289062,-9.732308387756348,0.03782167658209801,1,1
4.802571433945559,21.694,velocity_chirp,1,1,4.001521022197557,-130.48773193359375,0.04371320828795433,0.025049272924661636,2,1
4.802571433945559,21.694,velocity_chirp,0,4,,0.0,-0.0,0.03200000151991844,0,1
4.802571433945559,21.694,velocity_chirp,0,1,,0.0,0.0,-0.01600000075995922,0,1
4.81335389794549,21.704,velocity_chirp,1,2,103.83767700195312,103.84613037109375,0.9124113321304321,0.03718128427863121,1,1
4.81335389794549,21.704,velocity_chirp,1,1,4.3284864599039805,-130.48773193359375,0.04371320828795433,0.027019666507840157,2,1
4.81335389794549,21.704,velocity_chirp,0,4,,0.0,-0.0,-0.017999999225139618,0,1
4.81335389794549,21.704,velocity_chirp,0,1,,0.0,0.0,0.05700000002980232,0,1
4.8229850879870355,21.714,velocity_chirp,1,2,103.83767700195312,103.93960571289062,2.192654609680176,0.24283133447170258,1,1
4.8229850879870355,21.714,velocity_chirp,1,1,4.642320031856624,-130.48773193359375,0.04371320828795433,0.036678947508335114,2,1
4.8229850879870355,21.714,velocity_chirp,0,4,,0.0,-0.0,-0.017999999225139618,0,1
4.8229850879870355,21.714,velocity_chirp,0,1,,0.0,0.0,-0.01600000075995922,0,1
4.833028335997369,21.724,velocity_chirp,1,2,103.83767700195312,103.83477783203125,-1.5336990356445312,0.3881898522377014,1,1
4.833028335997369,21.724,velocity_chirp,1,1,4.978463503345757,-130.48773193359375,0.04371320828795433,0.03553001955151558,2,1
4.833028335997369,21.724,velocity_chirp,0,4,,0.0,-0.0,-0.017999999225139618,0,1
4.833028335997369,21.724,velocity_chirp,0,1,,0.0,0.0,-0.008999999612569809,0,1
4.84262187598506,21.734,velocity_chirp,1,2,103.83767700195312,103.93960571289062,1.1924962997436523,0.11873947083950043,1,1
4.84262187598506,21.734,velocity_chirp,1,1,4.978463503345757,-130.48773193359375,0.04371320828795433,0.04178495332598686,2,1
4.84262187598506,21.734,velocity_chirp,0,4,,0.0,-0.0,-0.017999999225139618,0,1
4.84262187598506,21.734,velocity_chirp,0,1,,0.0,0.0,-0.008999999612569809,0,1
4.853177581971977,21.744,velocity_chirp,1,2,103.83767700195312,103.851806640625,-0.620238184928894,-0.1006019189953804,1,1
4.853177581971977,21.744,velocity_chirp,1,1,5.267004490069049,-130.48773193359375,0.04371320828795433,0.04448360577225685,2,1
4.853177581971977,21.744,velocity_chirp,0,4,,0.0,-0.0,0.006000000052154064,0,1
4.853177581971977,21.744,velocity_chirp,0,1,,0.0,0.0,-0.008999999612569809,0,1
4.86287385498872,21.754,velocity_chirp,1,2,103.83767700195312,103.91763305664062,5.193347930908203,-0.1228504627943039,1,1
4.86287385498872,21.754,velocity_chirp,1,1,5.55042230662608,-130.46575927734375,4.939592361450195,0.050898756831884384,2,1
4.86287385498872,21.754,velocity_chirp,0,4,,0.0,-0.0,-0.017999999225139618,0,1
4.86287385498872,21.754,velocity_chirp,0,1,,0.0,0.0,-0.008999999612569809,0,1
4.873064731946215,21.764,velocity_chirp,1,2,103.83767700195312,103.91763305664062,-3.4236185550689697,-0.11295561492443085,1,1
4.873064731946215,21.764,velocity_chirp,1,1,5.86798905267308,-130.46575927734375,4.589886665344238,0.05166064202785492,2,1
4.873064731946215,21.764,velocity_chirp,0,4,,0.0,-0.0,0.006000000052154064,0,1
4.873064731946215,21.764,velocity_chirp,0,1,,0.0,0.0,-0.07000000029802322,0,1
4.883145971980412,21.774,velocity_chirp,1,2,103.83767700195312,103.91763305664062,-2.5003955364227295,-0.01644754968583584,1,1
4.883145971980412,21.774,velocity_chirp,1,1,6.18128110722896,-130.44378662109375,0.04371320828795433,0.04940161108970642,2,1
4.883145971980412,21.774,velocity_chirp,0,4,,0.0,-0.0,0.006000000052154064,0,1
4.883145971980412,21.774,velocity_chirp,0,1,,0.0,0.0,-0.008999999612569809,0,1
4.893420526990667,21.784,velocity_chirp,1,2,103.83767700195312,103.83197021484375,4.2981109619140625,0.11048039048910141,1,1
4.893420526990667,21.784,velocity_chirp,1,1,6.4369248779855965,-130.42181396484375,0.1311396211385727,0.05258383974432945,2,1
4.893420526990667,21.784,velocity_chirp,0,4,,0.0,-0.0,0.006000000052154064,0,1
4.893420526990667,21.784,velocity_chirp,0,1,,0.0,0.0,-0.008999999612569809,0,1
4.902735289942939,21.794,velocity_chirp,1,2,103.83767700195312,103.91763305664062,0.03846762329339981,-0.014769627712666988,1,1
4.902735289942939,21.794,velocity_chirp,1,1,6.6840018161174495,-130.39984130859375,4.589886665344238,0.04445209354162216,2,1
4.902735289942939,21.794,velocity_chirp,0,4,,0.0,-0.0,0.03200000151991844,0,1
4.902735289942939,21.794,velocity_chirp,0,1,,0.0,0.0,-0.008999999612569809,0,1
4.913173533976078,21.804,velocity_chirp,1,2,103.83767700195312,103.84896850585938,-2.826289653778076,-0.05491218343377113,1,1
4.913173533976078,21.804,velocity_chirp,1,1,6.951510103573383,-130.37786865234375,0.04371320828795433,0.034375034272670746,2,1
4.913173533976078,21.804,velocity_chirp,0,4,,0.0,-0.0,-0.017999999225139618,0,1
4.913173533976078,21.804,velocity_chirp,0,1,,0.0,0.0,-0.008999999612569809,0,1
4.9231964239734225,21.814,velocity_chirp,1,2,103.83767700195312,103.93960571289062,1.3463667631149292,0.16752277314662933,1,1
4.9231964239734225,21.814,velocity_chirp,1,1,7.186529948090445,-130.39984130859375,0.04371320828795433,0.025078807026147842,2,1
4.9231964239734225,21.814,velocity_chirp,0,4,,0.0,-0.0,-0.017999999225139618,0,1
4.9231964239734225,21.814,velocity_chirp,0,1,,0.0,0.0,-0.008999999612569809,0,1
4.933196300000418,21.824,velocity_chirp,1,2,103.83767700195312,103.82913208007812,-2.5328004360198975,-0.021876994520425797,1,1
4.933196300000418,21.824,velocity_chirp,1,1,7.409757535816168,-130.39984130859375,0.04371320828795433,0.02857733890414238,2,1
4.933196300000418,21.824,velocity_chirp,0,4,,0.0,-0.0,0.054999999701976776,0,1
4.933196300000418,21.824,velocity_chirp,0,1,,0.0,0.0,0.05700000002980232,0,1
4.942799026961438,21.834,velocity_chirp,1,2,103.83767700195312,103.91763305664062,-9.116827011108398,0.09467703104019165,1,1
4.942799026961438,21.834,velocity_chirp,1,1,7.662047686272131,-130.37786865234375,2.4916529655456543,0.046820979565382004,2,1
4.942799026961438,21.834,velocity_chirp,0,4,,0.0,-0.0,-0.017999999225139618,0,1
4.942799026961438,21.834,velocity_chirp,0,1,,0.0,0.0,-0.008999999612569809,0,1
4.952817628975026,21.844,velocity_chirp,1,2,103.83767700195312,103.851806640625,6.233453273773193,-0.1601392924785614,1,1
4.952817628975026,21.844,velocity_chirp,1,1,7.865946953017743,-130.33392333984375,4.502460479736328,0.04671343043446541,2,1
4.952817628975026,21.844,velocity_chirp,0,4,,0.0,-0.0,0.006000000052154064,0,1
4.952817628975026,21.844,velocity_chirp,0,1,,0.0,0.0,-0.008999999612569809,0,1
4.962748204998206,21.854,velocity_chirp,1,2,103.83767700195312,103.91763305664062,1.4233020544052124,-0.07586386054754257,1,1
4.962748204998206,21.854,velocity_chirp,1,1,7.865946953017743,-130.2900390625,5.988928318023682,0.04474099725484848,2,1
4.962748204998206,21.854,velocity_chirp,0,4,,0.0,-0.0,0.006000000052154064,0,1
4.962748204998206,21.854,velocity_chirp,0,1,,0.0,0.0,-0.07699999958276749,0,1
4.973044981947169,21.864,velocity_chirp,1,2,103.83767700195312,103.83477783203125,6.230745315551758,0.148879274725914,1,1
4.973044981947169,21.864,velocity_chirp,1,1,8.076428310771592,-130.2239990234375,4.852166175842285,0.02156699448823929,2,1
4.973044981947169,21.864,velocity_chirp,0,4,,0.0,-0.0,0.006000000052154064,0,1
4.973044981947169,21.864,velocity_chirp,0,1,,0.0,0.0,-0.008999999612569809,0,1
4.982794514973648,21.874,velocity_chirp,1,2,103.83767700195312,103.93960571289062,5.962700366973877,0.053255267441272736,1,1
4.982794514973648,21.874,velocity_chirp,1,1,8.268302298676174,-130.2459716796875,-4.764739513397217,-0.007339865434914827,2,1
4.982794514973648,21.874,velocity_chirp,0,4,,0.0,-0.0,0.006000000052154064,0,1
4.982794514973648,21.874,velocity_chirp,0,1,,0.0,0.0,-0.01600000075995922,0,1
4.992809650953859,21.884,velocity_chirp,1,2,103.83767700195312,103.93960571289062,-0.19233810901641846,0.16324348747730255,1,1
4.992809650953859,21.884,velocity_chirp,1,1,8.477995402466243,-130.2900390625,-9.13606071472168,-0.02562636509537697,2,1
4.992809650953859,21.884,velocity_chirp,0,4,,0.0,-0.0,0.03200000151991844,0,1
4.992809650953859,21.884,velocity_chirp,0,1,,0.0,0.0,-0.008999999612569809,0,1
5.002602776978165,21.894,velocity_chirp,1,2,103.83767700195312,103.93960571289062,4.80845308303833,-0.06747094541788101,1,1
5.002602776978165,21.894,velocity_chirp,1,1,8.6465832646506,-130.31201171875,0.30599245429039,0.0032850001007318497,2,1
5.002602776978165,21.894,velocity_chirp,0,4,,0.0,-0.0,-0.017999999225139618,0,1
5.002602776978165,21.894,velocity_chirp,0,1,,0.0,0.0,0.05700000002980232,0,1
5.012998540943954,21.904,velocity_chirp,1,2,103.83767700195312,103.93960571289062,4.731517791748047,0.09475305676460266,1,1
5.012998540943954,21.904,velocity_chirp,1,1,8.833966669170193,-130.2239990234375,10.185396194458008,0.04506021738052368,2,1
5.012998540943954,21.904,velocity_chirp,0,4,,0.0,-0.0,0.03200000151991844,0,1
5.012998540943954,21.904,velocity_chirp,0,1,,0.0,0.0,-0.008999999612569809,0,1
5.022452856996097,21.914,velocity_chirp,1,2,103.83767700195312,103.91763305664062,9.501721382141113,0.21418644487857819,1,1
5.022452856996097,21.914,velocity_chirp,1,1,8.988753982252002,-130.09222412109375,18.92825698852539,0.04816704988479614,2,1
5.022452856996097,21.914,velocity_chirp,0,4,,0.0,-0.0,0.03200000151991844,0,1
5.022452856996097,21.914,velocity_chirp,0,1,,0.0,0.0,-0.008999999612569809,0,1
5.033296716981567,21.924,velocity_chirp,1,2,103.83767700195312,103.82345581054688,-13.280323028564453,0.1501482129096985,1,1
5.033296716981567,21.924,velocity_chirp,1,1,9.148307253313469,-129.91650390625,11.147087097167969,-0.002674755407497287,2,1
5.033296716981567,21.924,velocity_chirp,0,4,,0.0,-0.0,0.006000000052154064,0,1
5.033296716981567,21.924,velocity_chirp,0,1,,0.0,0.0,-0.008999999612569809,0,1
5.042947634996381,21.934,velocity_chirp,1,2,103.83767700195312,103.91763305664062,-6.885704517364502,-0.09997415542602539,1,1
5.042947634996381,21.934,velocity_chirp,1,1,9.283467508051231,-129.96044921875,-17.704286575317383,-0.07912833988666534,2,1
5.042947634996381,21.934,velocity_chirp,0,4,,0.0,-0.0,0.054999999701976776,0,1
5.042947634996381,21.934,velocity_chirp,0,1,,0.0,0.0,-0.008999999612569809,0,1
5.05289075395558,21.944,velocity_chirp,1,2,103.83767700195312,103.84896850585938,-8.257810592651367,0.05740927904844284,1,1
5.05289075395558,21.944,velocity_chirp,1,1,9.421316913727553,-130.26806640625,-43.3204460144043,-0.1167844906449318,2,1
5.05289075395558,21.944,velocity_chirp,0,4,,0.0,-0.0,0.006000000052154064,0,1
5.05289075395558,21.944,velocity_chirp,0,1,,0.0,0.0,-0.008999999612569809,0,1
5.0625416719703935,21.954,velocity_chirp,1,2,103.83767700195312,103.93960571289062,4.346841335296631,0.14875075221061707,1,1
5.0625416719703935,21.954,velocity_chirp,1,1,9.421316913727553,-130.5755615234375,-0.04371320828795433,-0.009094161912798882,2,1
5.0625416719703935,21.954,velocity_chirp,0,4,,0.0,-0.0,0.03200000151991844,0,1
5.0625416719703935,21.954,velocity_chirp,0,1,,0.0,0.0,-0.01600000075995922,0,1
5.073009260988329,21.964,velocity_chirp,1,2,103.83767700195312,103.84613037109375,4.730412006378174,0.219655841588974,1,1
5.073009260988329,21.964,velocity_chirp,1,1,9.531928524135134,-130.2900390625,45.24382781982422,0.11015627533197403,2,1
5.073009260988329,21.964,velocity_chirp,0,4,,0.0,-0.0,-0.017999999225139618,0,1
5.073009260988329,21.964,velocity_chirp,0,1,,0.0,0.0,0.05700000002980232,0,1
5.082500105956569,21.974,velocity_chirp,1,2,103.83767700195312,103.93960571289062,6.116570472717285,0.1999737024307251,1,1
5.082500105956569,21.974,velocity_chirp,1,1,9.628678197718854,-129.67474365234375,67.71285247802734,0.08845697343349457,2,1
5.082500105956569,21.974,velocity_chirp,0,4,,0.0,-0.0,0.054999999701976776,0,1
5.082500105956569,21.974,velocity_chirp,0,1,,0.0,0.0,-0.008999999612569809,0,1
5.092900338990148,21.984,velocity_chirp,1,2,103.83767700195312,103.91763305664062,-1.2694315910339355,0.17221690714359283,1,1
5.092900338990148,21.984,velocity_chirp,1,1,9.724300736759886,-129.1253662109375,48.91573715209961,0.05290674418210983,2,1
5.092900338990148,21.984,velocity_chirp,0,4,,0.0,-0.0,-0.017999999225139618,0,1
5.092900338990148,21.984,velocity_chirp,0,1,,0.0,0.0,-0.008999999612569809,0,1
5.102524395973887,21.994,velocity_chirp,1,2,103.83767700195312,103.89566040039062,0.6539496183395386,-0.07615446299314499,1,1
5.102524395973887,21.994,velocity_chirp,1,1,9.79887714090474,-129.01556396484375,-22.949871063232422,-0.06893862038850784,2,1
5.102524395973887,21.994,velocity_chirp,0,4,,0.0,-0.0,-0.017999999225139618,0,1
5.102524395973887,21.994,velocity_chirp,0,1,,0.0,0.0,-0.008999999612569809,0,1
5.112890963966493,22.004,velocity_chirp,1,2,103.83767700195312,103.89566040039062,-7.962798118591309,-0.1700449287891388,1,1
5.112890963966493,22.004,velocity_chirp,1,1,9.86807938927096,-129.38909912109375,-53.98646926879883,-0.2030968815088272,2,1
5.112890963966493,22.004,velocity_chirp,0,4,,0.0,-0.0,-0.017999999225139618,0,1
5.112890963966493,22.004,velocity_chirp,0,1,,0.0,0.0,0.05000000074505806,0,1
5.122746026958339,22.014,velocity_chirp,1,2,103.83767700195312,103.89566040039062,-7.808927536010742,-0.07798498868942261,1,1
5.122746026958339,22.014,velocity_chirp,1,1,9.917819659615837,-130.09222412109375,-62.37984085083008,-0.22231893241405487,2,1
5.122746026958339,22.014,velocity_chirp,0,4,,0.0,-0.0,-0.017999999225139618,0,1
5.122746026958339,22.014,velocity_chirp,0,1,,0.0,0.0,-0.008999999612569809,0,1
5.133042803965509,22.024,velocity_chirp,1,2,103.83767700195312,103.82061767578125,1.398611307144165,0.16641642153263092,1,1
5.133042803965509,22.024,velocity_chirp,1,1,9.960449660024821,-130.35589599609375,3.715622663497925,-0.3047834038734436,2,1
5.133042803965509,22.024,velocity_chirp,0,4,,0.0,-0.0,-0.0430000014603138,0,1
5.133042803965509,22.024,velocity_chirp,0,1,,0.0,0.0,-0.008999999612569809,0,1
5.142611726943869,22.034,velocity_chirp,1,2,103.83767700195312,103.93960571289062,7.578340530395508,0.029382232576608658,1,1
5.142611726943869,22.034,velocity_chirp,1,1,9.984383827961278,-130.09222412109375,41.397064208984375,0.034322589635849,2,1
5.142611726943869,22.034,velocity_chirp,0,4,,0.0,-0.0,-0.017999999225139618,0,1
5.142611726943869,22.034,velocity_chirp,0,1,,0.0,0.0,-0.008999999612569809,0,1
5.152841777948197,22.044,velocity_chirp,1,2,103.83767700195312,103.82913208007812,-5.356477737426758,0.09692379087209702,1,1
5.152841777948197,22.044,velocity_chirp,1,1,9.998627901802484,-129.5208740234375,74.88182067871094,0.12206296622753143,2,1
5.152841777948197,22.044,velocity_chirp,0,4,,0.0,-0.0,-0.017999999225139618,0,1
5.152841777948197,22.044,velocity_chirp,0,1,,0.0,0.0,-0.008999999612569809,0,1
5.162496893957723,22.054,velocity_chirp,1,2,103.83767700195312,103.91763305664062,1.3463667631149292,0.2997715175151825,1,1
5.162496893957723,22.054,velocity_chirp,1,1,9.998620270220396,-128.7738037109375,56.17234802246094,0.11785560101270676,2,1
5.162496893957723,22.054,velocity_chirp,0,4,,0.0,-0.0,-0.017999999225139618,0,1
5.162496893957723,22.054,velocity_chirp,0,1,,0.0,0.0,0.05700000002980232,0,1
5.1731933349510655,22.064,velocity_chirp,1,2,103.83767700195312,103.82623291015625,0.37508001923561096,0.07243204861879349,1,1
5.1731933349510655,22.064,velocity_chirp,1,1,9.998620270220396,-128.70794677734375,-26.009796142578125,0.15473192930221558,2,1
5.1731933349510655,22.064,velocity_chirp,0,4,,0.0,-0.0,0.03200000151991844,0,1
5.1731933349510655,22.064,velocity_chirp,0,1,,0.0,0.0,-0.008999999612569809,0,1
5.182670294947457,22.074,velocity_chirp,1,2,103.83767700195312,103.91763305664062,-0.4231438636779785,-0.21765005588531494,1,1
5.182670294947457,22.074,velocity_chirp,1,1,9.985058672366389,-129.08148193359375,-43.932430267333984,-0.13261406123638153,2,1
5.182670294947457,22.074,velocity_chirp,0,4,,0.0,-0.0,-0.017999999225139618,0,1
5.182670294947457,22.074,velocity_chirp,0,1,,0.0,0.0,-0.008999999612569809,0,1
5.1932066939771175,22.084,velocity_chirp,1,2,103.83767700195312,103.93960571289062,2.26958966255188,0.13671062886714935,1,1
5.1932066939771175,22.084,velocity_chirp,1,1,9.95683220404339,-129.65277099609375,-68.32483673095703,-0.1853901594877243,2,1
5.1932066939771175,22.084,velocity_chirp,0,4,,0.0,-0.0,-0.017999999225139618,0,1
5.1932066939771175,22.084,velocity_chirp,0,1,,0.0,0.0,-0.008999999612569809,0,1
5.202653034997638,22.094,velocity_chirp,1,2,103.83767700195312,103.93960571289062,1.2694315910339355,0.11200208216905594,1,1
5.202653034997638,22.094,velocity_chirp,1,1,9.917992292481726,-130.04827880859375,-5.988709449768066,-0.23120228946208954,2,1
5.202653034997638,22.094,velocity_chirp,0,4,,0.0,-0.0,-0.017999999225139618,0,1
5.202653034997638,22.094,velocity_chirp,0,1,,0.0,0.0,-0.008999999612569809,0,1
5.213014093984384,22.104,velocity_chirp,1,2,103.83767700195312,103.93960571289062,1.0386258363723755,0.21338483691215515,1,1
5.213014093984384,22.104,velocity_chirp,1,1,9.862515726741819,-129.8284912109375,36.675819396972656,0.018063077703118324,2,1
5.213014093984384,22.104,velocity_chirp,0,4,,0.0,-0.0,-0.017999999225139618,0,1
5.213014093984384,22.104,velocity_chirp,0,1,,0.0,0.0,-0.008999999612569809,0,1
5.222474901995156,22.114,velocity_chirp,1,2,103.83767700195312,103.93960571289062,-7.116510391235352,0.11374084651470184,1,1
5.222474901995156,22.114,velocity_chirp,1,1,9.799806538964885,-129.25732421875,82.4879150390625,0.11809583753347397,2,1
5.222474901995156,22.114,velocity_chirp,0,4,,0.0,-0.0,-0.017999999225139618,0,1
5.222474901995156,22.114,velocity_chirp,0,1,,0.0,0.0,-0.008999999612569809,0,1
5.2333573249634355,22.124,velocity_chirp,1,2,103.83767700195312,103.85745239257812,10.022615432739258,0.16317719221115112,1,1
5.2333573249634355,22.124,velocity_chirp,1,1,9.716291873005616,-128.57611083984375,36.76324462890625,0.1908615082502365,2,1
5.2333573249634355,22.124,velocity_chirp,0,4,,0.0,-0.0,-0.017999999225139618,0,1
5.2333573249634355,22.124,velocity_chirp,0,1,,0.0,0.0,-0.07699999958276749,0,1
5.243307997996453,22.134,velocity_chirp,1,2,103.83767700195312,103.96157836914062,1.0386258363723755,0.1654045581817627,1,1
5.243307997996453,22.134,velocity_chirp,1,1,9.626619917797305,-128.59808349609375,-27.408618927001953,0.1761593222618103,2,1
5.243307997996453,22.134,velocity_chirp,0,4,,0.0,-0.0,0.03200000151991844,0,1
5.243307997996453,22.134,velocity_chirp,0,1,,0.0,0.0,-0.008999999612569809,0,1
5.253083330986556,22.144,velocity_chirp,1,2,103.83767700195312,103.86880493164062,7.616593837738037,-0.0515417642891407,1,1
5.253083330986556,22.144,velocity_chirp,1,1,9.528053663010244,-129.03753662109375,-48.82830810546875,-0.093048095703125,2,1
5.253083330986556,22.144,velocity_chirp,0,4,,0.0,-0.0,0.006000000052154064,0,1
5.253083330986556,22.144,velocity_chirp,0,1,,0.0,0.0,-0.0020000000949949026,0,1
5.262822254968341,22.154,velocity_chirp,1,2,103.83767700195312,103.93960571289062,2.192654609680176,0.04206369072198868,1,1
5.262822254968341,22.154,velocity_chirp,1,1,9.403222980210506,-129.5428466796875,-48.82830810546875,-0.14263775944709778,2,1
5.262822254968341,22.154,velocity_chirp,0,4,,0.0,-0.0,-0.017999999225139618,0,1
5.262822254968341,22.154,velocity_chirp,0,1,,0.0,0.0,-0.008999999612569809,0,1
5.272843140992336,22.164,velocity_chirp,1,2,103.83767700195312,103.85745239257812,-1.8064504861831665,0.1668209433555603,1,1
5.272843140992336,22.164,velocity_chirp,1,1,9.403222980210506,-129.74066162109375,16.480098724365234,-0.06597499549388885,2,1
5.272843140992336,22.164,velocity_chirp,0,4,,0.0,-0.0,-0.017999999225139618,0,1
5.272843140992336,22.164,velocity_chirp,0,1,,0.0,0.0,-0.01600000075995922,0,1
5.282851813943125,22.174,velocity_chirp,1,2,103.83767700195312,103.93960571289062,-9.039891242980957,0.16806331276893616,1,1
5.282851813943125,22.174,velocity_chirp,1,1,9.273483293983643,-129.34515380859375,58.62028503417969,0.10603947937488556,2,1
5.282851813943125,22.174,velocity_chirp,0,4,,0.0,-0.0,-0.25,0,1
5.282851813943125,22.174,velocity_chirp,0,1,,0.0,0.0,-0.008999999612569809,0,1
5.292810091981664,22.184,velocity_chirp,1,2,103.83767700195312,103.85467529296875,9.878434181213379,0.24371826648712158,1,1
5.292810091981664,22.184,velocity_chirp,1,1,9.143194300831109,-128.62005615234375,59.14484405517578,0.1574046015739441,2,1
5.292810091981664,22.184,velocity_chirp,0,4,,0.0,-0.0,-0.017999999225139618,0,1
5.292810091981664,22.184,velocity_chirp,0,1,,0.0,0.0,-0.008999999612569809,0,1
5.302714808960445,22.194,velocity_chirp,1,2,103.83767700195312,103.93960571289062,-0.9616906046867371,0.08868478983640671,1,1
5.302714808960445,22.194,velocity_chirp,1,1,8.97147143083695,-128.4002685546875,-9.660618782043457,0.3249153792858124,2,1
5.302714808960445,22.194,velocity_chirp,0,4,,0.0,-0.0,-0.017999999225139618,0,1
5.302714808960445,22.194,velocity_chirp,0,1,,0.0,0.0,-0.008999999612569809,0,1
5.3129645369481295,22.204,velocity_chirp,1,2,103.83767700195312,103.93960571289062,3.577488899230957,0.1556442379951477,1,1
5.3129645369481295,22.204,velocity_chirp,1,1,8.789532750556685,-128.70794677734375,-53.63676071166992,-0.034720081835985184,2,1
5.3129645369481295,22.204,velocity_chirp,0,4,,0.0,-0.0,0.006000000052154064,0,1
5.3129645369481295,22.204,velocity_chirp,0,1,,0.0,0.0,-0.008999999612569809,0,1
5.322536334977485,22.214,velocity_chirp,1,2,103.83767700195312,103.91763305664062,-5.500870227813721,-0.09261157363653183,1,1
5.322536334977485,22.214,velocity_chirp,1,1,8.618946002968334,-129.25732421875,-52.41279220581055,-0.1273505985736847,2,1
5.322536334977485,22.214,velocity_chirp,0,4,,0.0,-0.0,-0.017999999225139618,0,1
5.322536334977485,22.214,velocity_chirp,0,1,,0.0,0.0,-0.008999999612569809,0,1
5.333475444989745,22.224,velocity_chirp,1,2,103.83767700195312,103.85467529296875,-2.824307441711426,-0.02097436785697937,1,1
5.333475444989745,22.224,velocity_chirp,1,1,8.41422655645028,-129.56494140625,0.04371320828795433,-0.08136816322803497,2,1
5.333475444989745,22.224,velocity_chirp,0,4,,0.0,-0.0,-0.017999999225139618,0,1
5.333475444989745,22.224,velocity_chirp,0,1,,0.0,0.0,-0.008999999612569809,0,1
5.343308235984296,22.234,velocity_chirp,1,2,103.83767700195312,103.93960571289062,-2.731201171875,-0.017563626170158386,1,1
5.343308235984296,22.234,velocity_chirp,1,1,8.214718481773062,-129.25732421875,50.66448211669922,0.0939413532614708,2,1
5.343308235984296,22.234,velocity_chirp,0,4,,0.0,-0.0,0.006000000052154064,0,1
5.343308235984296,22.234,velocity_chirp,0,1,,0.0,0.0,-0.008999999612569809,0,1
5.352946078986861,22.244,velocity_chirp,1,2,103.83767700195312,103.82913208007812,2.8039700984954834,0.07614003866910934,1,1
5.352946078986861,22.244,velocity_chirp,1,1,8.015214129582715,-128.5322265625,61.243080139160156,0.1486082226037979,2,1
5.352946078986861,22.244,velocity_chirp,0,4,,0.0,-0.0,0.006000000052154064,0,1
5.352946078986861,22.244,velocity_chirp,0,1,,0.0,0.0,-0.008999999612569809,0,1
5.362696744967252,22.254,velocity_chirp,1,2,103.83767700195312,103.91763305664062,-3.038942337036133,0.08790179342031479,1,1
5.362696744967252,22.254,velocity_chirp,1,1,7.7800469741608635,-128.22454833984375,1.2676830291748047,0.3306351900100708,2,1
5.362696744967252,22.254,velocity_chirp,0,4,,0.0,-0.0,-0.017999999225139618,0,1
5.362696744967252,22.254,velocity_chirp,0,1,,0.0,0.0,0.05700000002980232,0,1
5.3728169379755855,22.264,velocity_chirp,1,2,103.83767700195312,103.83197021484375,-1.2703156471252441,0.05945485085248947,1,1
5.3728169379755855,22.264,velocity_chirp,1,1,7.561807070322964,-128.4002685546875,-33.9658203125,-0.005964124575257301,2,1
5.3728169379755855,22.264,velocity_chirp,0,4,,0.0,-0.0,-0.06599999964237213,0,1
5.3728169379755855,22.264,velocity_chirp,0,1,,0.0,0.0,-0.008999999612569809,0,1
5.382629490981344,22.274,velocity_chirp,1,2,103.83767700195312,103.91763305664062,-0.6539496183395386,0.11230099201202393,1,1
5.382629490981344,22.274,velocity_chirp,1,1,7.336512186899623,-128.97161865234375,-67.10086822509766,-0.04253574088215828,2,1
5.382629490981344,22.274,velocity_chirp,0,4,,0.0,-0.0,0.006000000052154064,0,1
5.382629490981344,22.274,velocity_chirp,0,1,,0.0,0.0,-0.008999999612569809,0,1
5.393000187992584,22.284,velocity_chirp,1,2,103.83767700195312,103.82913208007812,13.136432647705078,0.03775843232870102,1,1
5.393000187992584,22.284,velocity_chirp,1,1,7.336512186899623,-129.38909912109375,-16.043184280395508,-0.13575205206871033,2,1
5.393000187992584,22.284,velocity_chirp,0,4,,0.0,-0.0,-0.017999999225139618,0,1
5.393000187992584,22.284,velocity_chirp,0,1,,0.0,0.0,-0.19900000095367432,0,1
5.402562417963054,22.294,velocity_chirp,1,2,103.83767700195312,103.91763305664062,1.6541078090667725,0.15284878015518188,1,1
5.402562417963054,22.294,velocity_chirp,1,1,7.078126586998284,-129.1693115234375,48.5660285949707,0.06796539574861526,2,1
5.402562417963054,22.294,velocity_chirp,0,4,,0.0,-0.0,0.23800000548362732,0,1
5.402562417963054,22.294,velocity_chirp,0,1,,0.0,0.0,-0.008999999612569809,0,1
5.4129209309467115,22.304,velocity_chirp,1,2,103.83767700195312,103.91763305664062,6.424311637878418,0.23255909979343414,1,1
5.4129209309467115,22.304,velocity_chirp,1,1,6.793456840722955,-128.51025390625,67.18829345703125,0.12214700877666473,2,1
5.4129209309467115,22.304,velocity_chirp,0,4,,0.0,-0.0,-0.017999999225139618,0,1
5.4129209309467115,22.304,velocity_chirp,0,1,,0.0,0.0,-0.008999999612569809,0,1
5.422774210979696,22.314,velocity_chirp,1,2,103.83767700195312,103.91763305664062,0.19233810901641846,0.10332964360713959,1,1
5.422774210979696,22.314,velocity_chirp,1,1,6.530066112141365,-128.0926513671875,22.7750186920166,0.2777789235115051,2,1
5.422774210979696,22.314,velocity_chirp,0,4,,0.0,-0.0,-0.017999999225139618,0,1
5.422774210979696,22.314,velocity_chirp,0,1,,0.0,0.0,-0.01600000075995922,0,1
5.433027715946082,22.324,velocity_chirp,1,2,103.83767700195312,103.83767700195312,6.2610955238342285,0.10024422407150269,1,1
5.433027715946082,22.324,velocity_chirp,1,1,6.220740166901519,-128.15869140625,-22.7750186920166,0.06274397671222687,2,1
5.433027715946082,22.324,velocity_chirp,0,4,,0.0,-0.0,-0.017999999225139618,0,1
5.433027715946082,22.324,velocity_chirp,0,1,,0.0,0.0,-0.008999999612569809,0,1
5.44245846796548,22.334,velocity_chirp,1,2,103.83767700195312,103.93960571289062,6.732052803039551,0.18293222784996033,1,1
5.44245846796548,22.334,velocity_chirp,1,1,5.952494099843737,-128.62005615234375,-69.89851379394531,-0.0706569030880928,2,1
5.44245846796548,22.334,velocity_chirp,0,4,,0.0,-0.0,-0.017999999225139618,0,1
5.44245846796548,22.334,velocity_chirp,0,1,,0.0,0.0,-0.07699999958276749,0,1
5.453473741945345,22.344,velocity_chirp,1,2,103.83767700195312,103.851806640625,10.886615753173828,-0.05486679822206497,1,1
5.453473741945345,22.344,velocity_chirp,1,1,5.623560704988103,-129.1912841796875,-21.98818016052246,-0.13544437289237976,2,1
5.453473741945345,22.344,velocity_chirp,0,4,,0.0,-0.0,-0.017999999225139618,0,1
5.453473741945345,22.344,velocity_chirp,0,1,,0.0,0.0,-0.008999999612569809,0,1
5.463060628972016,22.354,velocity_chirp,1,2,103.83767700195312,103.89566040039062,-2.654266119003296,-0.0809430181980133,1,1
5.463060628972016,22.354,velocity_chirp,1,1,5.320255800686084,-129.05950927734375,39.7359619140625,-0.04232671856880188,2,1
5.463060628972016,22.354,velocity_chirp,0,4,,0.0,-0.0,-0.017999999225139618,0,1
5.463060628972016,22.354,velocity_chirp,0,1,,0.0,0.0,-0.008999999612569809,0,1
5.47284659097204,22.364,velocity_chirp,1,2,103.83767700195312,103.82061767578125,-0.9928646087646484,0.08385395258665085,1,1
5.47284659097204,22.364,velocity_chirp,1,1,4.977870938224424,-128.48828125,58.62028503417969,0.13600635528564453,2,1
5.47284659097204,22.364,velocity_chirp,0,4,,0.0,-0.0,0.006000000052154064,0,1
5.47284659097204,22.364,velocity_chirp,0,1,,0.0,0.0,-0.008999999612569809,0,1
5.482866626000032,22.374,velocity_chirp,1,2,103.83767700195312,103.91763305664062,9.809462547302246,0.21582373976707458,1,1
5.482866626000032,22.374,velocity_chirp,1,1,4.977870938224424,-127.96087646484375,39.12376022338867,0.21154457330703735,2,1
5.482866626000032,22.374,velocity_chirp,0,4,,0.0,-0.0,-0.017999999225139618,0,1
5.482866626000032,22.374,velocity_chirp,0,1,,0.0,0.0,-0.008999999612569809,0,1
5.4931818369659595,22.384,velocity_chirp,1,2,103.83767700195312,103.82913208007812,1.9319931268692017,-0.008440420962870121,1,1
5.4931818369659595,22.384,velocity_chirp,1,1,4.652543338030292,-127.91693115234375,-19.540241241455078,0.08145014196634293,2,1
5.4931818369659595,22.384,velocity_chirp,0,4,,0.0,-0.0,-0.06599999964237213,0,1
5.4931818369659595,22.384,velocity_chirp,0,1,,0.0,0.0,-0.008999999612569809,0,1
5.502439352974761,22.394,velocity_chirp,1,2,103.83767700195312,103.89566040039062,-6.039416790008545,-0.09322097152471542,1,1
5.502439352974761,22.394,velocity_chirp,1,1,4.341037544481747,-128.33441162109375,-61.942710876464844,-0.08567723631858826,2,1
5.502439352974761,22.394,velocity_chirp,0,4,,0.0,-0.0,0.03200000151991844,0,1
5.502439352974761,22.394,velocity_chirp,0,1,,0.0,0.0,0.05700000002980232,0,1
5.513222456967924,22.404,velocity_chirp,1,2,103.83767700195312,103.91763305664062,-4.116035461425781,0.10113668441772461,1,1
5.513222456967924,22.404,velocity_chirp,1,1,3.9913252003283803,-128.94964599609375,-39.211402893066406,-0.08119913190603256,2,1
5.513222456967924,22.404,velocity_chirp,0,4,,0.0,-0.0,-0.017999999225139618,0,1
5.513222456967924,22.404,velocity_chirp,0,1,,0.0,0.0,-0.008999999612569809,0,1
5.5226280319620855,22.414,velocity_chirp,1,2,103.83767700195312,103.91763305664062,-6.577963352203369,0.20193059742450714,1,1
5.5226280319620855,22.414,velocity_chirp,1,1,3.6474571501913857,-128.86181640625,36.850669860839844,-0.09421107172966003,2,1
5.5226280319620855,22.414,velocity_chirp,0,4,,0.0,-0.0,-0.017999999225139618,0,1
5.5226280319620855,22.414,velocity_chirp,0,1,,0.0,0.0,-0.008999999612569809,0,1
5.532959323958494,22.424,velocity_chirp,1,2,103.83767700195312,103.93960571289062,1.6541078090667725,0.0908733606338501,1,1
5.532959323958494,22.424,velocity_chirp,1,1,3.287039529754111,-128.4661865234375,44.01985549926758,0.18484558165073395,2,1
5.532959323958494,22.424,velocity_chirp,0,4,,0.0,-0.0,-0.017999999225139618,0,1
5.532959323958494,22.424,velocity_chirp,0,1,,0.0,0.0,-0.008999999612569809,0,1
5.542746989987791,22.434,velocity_chirp,1,2,103.83767700195312,103.91763305664062,-5.654740810394287,0.0696583166718483,1,1
5.542746989987791,22.434,velocity_chirp,1,1,2.950355173633195,-127.87298583984375,59.58197784423828,0.14851067960262299,2,1
5.542746989987791,22.434,velocity_chirp,0,4,,0.0,-0.0,0.03200000151991844,0,1
5.542746989987791,22.434,velocity_chirp,0,1,,0.0,0.0,0.05700000002980232,0,1
5.553750049963128,22.445,velocity_chirp,1,2,103.83767700195312,103.91763305664062,-5.654740810394287,0.0696583166718483,1,1
5.553750049963128,22.445,velocity_chirp,1,1,2.621811352004981,-127.65325927734375,-11.584437370300293,0.14851067960262299,2,1
5.553750049963128,22.445,velocity_chirp,0,4,,0.0,-0.0,-0.017999999225139618,0,1
5.553750049963128,22.445,velocity_chirp,0,1,,0.0,0.0,-0.008999999612569809,0,1
5.562991404964123,22.454,velocity_chirp,1,2,103.83767700195312,103.93960571289062,1.9618487358093262,0.22949254512786865,1,1
5.562991404964123,22.454,velocity_chirp,1,1,2.268762140088047,-127.80712890625,-32.74163055419922,-0.05805658549070358,2,1
5.562991404964123,22.454,velocity_chirp,0,4,,0.0,-0.0,-0.017999999225139618,0,1
5.562991404964123,22.454,velocity_chirp,0,1,,0.0,0.0,-0.008999999612569809,0,1
5.573463321954478,22.465,velocity_chirp,1,2,103.83767700195312,103.84613037109375,-1.0066393613815308,0.20107106864452362,1,1
5.573463321954478,22.465,velocity_chirp,1,1,1.8856213122907324,-128.4661865234375,-59.84447479248047,-0.07742214947938919,2,1
5.573463321954478,22.465,velocity_chirp,0,4,,0.0,-0.0,0.054999999701976776,0,1
5.573463321954478,22.465,velocity_chirp,0,1,,0.0,0.0,-0.008999999612569809,0,1
5.583013308991212,22.474,velocity_chirp,1,2,103.83767700195312,103.93960571289062,4.346841335296631,0.19955189526081085,1,1
5.583013308991212,22.474,velocity_chirp,1,1,1.5255951439319417,-128.7738037109375,-0.1311396211385727,-0.18182197213172913,2,1
5.583013308991212,22.474,velocity_chirp,0,4,,0.0,-0.0,0.006000000052154064,0,1
5.583013308991212,22.474,velocity_chirp,0,1,,0.0,0.0,-0.0020000000949949026,0,1
5.59290357894497,22.484,velocity_chirp,1,2,103.83767700195312,103.85467529296875,3.775516986846924,0.16372407972812653,1,1
5.59290357894497,22.484,velocity_chirp,1,1,1.1385456411820574,-128.5322265625,31.430233001708984,0.04108899459242821,2,1
5.59290357894497,22.484,velocity_chirp,0,4,,0.0,-0.0,0.006000000052154064,0,1
5.59290357894497,22.484,velocity_chirp,0,1,,0.0,0.0,-0.008999999612569809,0,1
5.60265532694757,22.494,velocity_chirp,1,2,103.83767700195312,103.93960571289062,-6.193287372589111,0.1026618629693985,1,1
5.60265532694757,22.494,velocity_chirp,1,1,0.7888862147557306,-128.1806640625,58.62028503417969,0.2085324227809906,2,1
5.60265532694757,22.494,velocity_chirp,0,4,,0.0,-0.0,-0.017999999225139618,0,1
5.60265532694757,22.494,velocity_chirp,0,1,,0.0,0.0,0.05700000002980232,0,1
5.613101585942786,22.504,velocity_chirp,1,2,103.83767700195312,103.84896850585938,-2.3522329330444336,0.10106794536113739,1,1
5.613101585942786,22.504,velocity_chirp,1,1,0.7888862147557306,-127.43359375,48.82830810546875,0.13150112330913544,2,1
5.613101585942786,22.504,velocity_chirp,0,4,,0.0,-0.0,-0.017999999225139618,0,1
5.613101585942786,22.504,velocity_chirp,0,1,,0.0,0.0,-0.01600000075995922,0,1
5.622717587975785,22.514,velocity_chirp,1,2,103.83767700195312,103.91763305664062,-0.6539496183395386,-0.017441807314753532,1,1
5.622717587975785,22.514,velocity_chirp,1,1,0.4117935207791437,-127.30169677734375,-15.343772888183594,0.04362194240093231,2,1
5.622717587975785,22.514,velocity_chirp,0,4,,0.0,-0.0,-0.017999999225139618,0,1
5.622717587975785,22.514,velocity_chirp,0,1,,0.0,0.0,-0.008999999612569809,0,1
5.632848591951188,22.524,velocity_chirp,1,2,103.83767700195312,103.91763305664062,-0.03846762329339981,0.006280666217207909,1,1
5.632848591951188,22.524,velocity_chirp,1,1,0.01110267482119719,-127.67523193359375,-58.533077239990234,-0.1281072199344635,2,1
5.632848591951188,22.524,velocity_chirp,0,4,,0.0,-0.0,0.03200000151991844,0,1
5.632848591951188,22.524,velocity_chirp,0,1,,0.0,0.0,-0.008999999612569809,0,1
5.6427928529446945,22.534,velocity_chirp,1,2,103.83767700195312,103.91763305664062,-0.8847553133964539,0.05085029453039169,1,1
5.6427928529446945,22.534,velocity_chirp,1,1,-0.33700126459591834,-128.24652099609375,-64.30322265625,-0.10335761308670044,2,1
5.6427928529446945,22.534,velocity_chirp,0,4,,0.0,-0.0,-0.017999999225139618,0,1
5.6427928529446945,22.534,velocity_chirp,0,1,,0.0,0.0,-0.008999999612569809,0,1
5.652834989945404,22.544,velocity_chirp,1,2,103.83767700195312,103.91763305664062,3.577488899230957,0.034148599952459335,1,1
5.652834989945404,22.544,velocity_chirp,1,1,-0.6801569446370899,-128.55419921875,4.764739513397217,-0.24740800261497498,2,1
5.652834989945404,22.544,velocity_chirp,0,4,,0.0,-0.0,0.006000000052154064,0,1
5.652834989945404,22.544,velocity_chirp,0,1,,0.0,0.0,-0.008999999612569809,0,1
5.662899587943684,22.554,velocity_chirp,1,2,103.83767700195312,103.93960571289062,-4.500711917877197,0.1261008232831955,1,1
5.662899587943684,22.554,velocity_chirp,1,1,-1.024580832651705,-128.37835693359375,36.06383514404297,0.054682910442352295,2,1
5.662899587943684,22.554,velocity_chirp,0,4,,0.0,-0.0,0.03200000151991844,0,1
5.662899587943684,22.554,velocity_chirp,0,1,,0.0,0.0,-0.008999999612569809,0,1
5.67299919296056,22.564,velocity_chirp,1,2,103.83767700195312,103.93960571289062,1.8849135637283325,0.14157408475875854,1,1
5.67299919296056,22.564,velocity_chirp,1,1,-1.367903152057683,-127.7191162109375,64.7403564453125,0.16568703949451447,2,1
5.67299919296056,22.564,velocity_chirp,0,4,,0.0,-0.0,0.03200000151991844,0,1
5.67299919296056,22.564,velocity_chirp,0,1,,0.0,0.0,0.05700000002980232,0,1
5.682779815979302,22.574,velocity_chirp,1,2,103.83767700195312,103.91763305664062,-3.19281268119812,-0.070058174431324,1,1
5.682779815979302,22.574,velocity_chirp,1,1,-1.7083613625133784,-127.19183349609375,56.784332275390625,0.09812720119953156,2,1
5.682779815979302,22.574,velocity_chirp,0,4,,0.0,-0.0,0.006000000052154064,0,1
5.682779815979302,22.574,velocity_chirp,0,1,,0.0,0.0,-0.008999999612569809,0,1
5.693242444947828,22.584,velocity_chirp,1,2,103.83767700195312,103.8603515625,3.7890677452087402,-0.0986497774720192,1,1
5.693242444947828,22.584,velocity_chirp,1,1,-2.1087518081647936,-126.97198486328125,-13.158112525939941,0.003123403526842594,2,1
5.693242444947828,22.584,velocity_chirp,0,4,,0.0,-0.0,0.006000000052154064,0,1
5.693242444947828,22.584,velocity_chirp,0,1,,0.0,0.0,0.05700000002980232,0,1
5.702885147999041,22.594,velocity_chirp,1,2,103.83767700195312,103.93960571289062,-7.501186370849609,0.020826241001486778,1,1
5.702885147999041,22.594,velocity_chirp,1,1,-2.470017966690658,-127.25775146484375,-40.173095703125,-0.17274390161037445,2,1
5.702885147999041,22.594,velocity_chirp,0,4,,0.0,-0.0,0.006000000052154064,0,1
5.702885147999041,22.594,velocity_chirp,0,1,,0.0,0.0,-0.008999999612569809,0,1
5.713326366967522,22.604,velocity_chirp,1,2,103.83767700195312,103.84613037109375,1.9699655771255493,0.09904671460390091,1,1
5.713326366967522,22.604,velocity_chirp,1,1,-2.865278375162518,-128.0487060546875,-59.58219528198242,-0.13206243515014648,2,1
5.713326366967522,22.604,velocity_chirp,0,4,,0.0,-0.0,-0.017999999225139618,0,1
5.713326366967522,22.604,velocity_chirp,0,1,,0.0,0.0,-0.008999999612569809,0,1
5.723114914959297,22.614,velocity_chirp,1,2,103.83767700195312,103.93960571289062,8.270757675170898,0.12600164115428925,1,1
5.723114914959297,22.614,velocity_chirp,1,1,-3.2100560775484066,-128.29046630859375,-4.852166175842285,-0.2832905054092407,2,1
5.723114914959297,22.614,velocity_chirp,0,4,,0.0,-0.0,0.03200000151991844,0,1
5.723114914959297,22.614,velocity_chirp,0,1,,0.0,0.0,-0.01600000075995922,0,1
5.732839721953496,22.624,velocity_chirp,1,2,103.83767700195312,103.85467529296875,0.9985402822494507,0.2021297663450241,1,1
5.732839721953496,22.624,velocity_chirp,1,1,-3.59983494284974,-128.0487060546875,39.7359619140625,-0.00724645983427763,2,1
5.732839721953496,22.624,velocity_chirp,0,4,,0.0,-0.0,-0.017999999225139618,0,1
5.732839721953496,22.624,velocity_chirp,0,1,,0.0,0.0,-0.01600000075995922,0,1
5.742993768944871,22.634,velocity_chirp,1,2,103.83767700195312,103.93960571289062,-0.9616906046867371,0.026732875034213066,1,1
5.742993768944871,22.634,velocity_chirp,1,1,-3.59983494284974,-127.54339599609375,60.805946350097656,0.1562006175518036,2,1
5.742993768944871,22.634,velocity_chirp,0,4,,0.0,-0.0,-0.017999999225139618,0,1
5.742993768944871,22.634,velocity_chirp,0,1,,0.0,0.0,-0.008999999612569809,0,1
5.752835376944859,22.644,velocity_chirp,1,2,103.83767700195312,103.93960571289062,-9.116827011108398,-0.07262110710144043,1,1
5.752835376944859,22.644,velocity_chirp,1,1,-3.9457832377257,-126.90606689453125,50.139705657958984,0.05795745551586151,2,1
5.752835376944859,22.644,velocity_chirp,0,4,,0.0,-0.0,-0.06599999964237213,0,1
5.752835376944859,22.644,velocity_chirp,0,1,,0.0,0.0,-0.008999999612569809,0,1
5.763125330966432,22.654,velocity_chirp,1,2,103.83767700195312,103.93960571289062,-0.9616906046867371,0.23186959326267242,1,1
5.763125330966432,22.654,velocity_chirp,1,1,-4.321311645526385,-126.7962646484375,-19.45281410217285,0.001511092996224761,2,1
5.763125330966432,22.654,velocity_chirp,0,4,,0.0,-0.0,-0.017999999225139618,0,1
5.763125330966432,22.654,velocity_chirp,0,1,,0.0,0.0,0.06400000303983688,0,1
5.772880314965732,22.664,velocity_chirp,1,2,103.83767700195312,103.93960571289062,-3.8082947731018066,0.09309545904397964,1,1
5.772880314965732,22.664,velocity_chirp,1,1,-4.646879856871024,-127.23577880859375,-48.82830810546875,-0.16444171965122223,2,1
5.772880314965732,22.664,velocity_chirp,0,4,,0.0,-0.0,0.006000000052154064,0,1
5.772880314965732,22.664,velocity_chirp,0,1,,0.0,0.0,-0.008999999612569809,0,1
5.78278731595492,22.674,velocity_chirp,1,2,103.83767700195312,103.93960571289062,2.192654609680176,-0.0564369261264801,1,1
5.78278731595492,22.674,velocity_chirp,1,1,-5.005253997273035,-127.7630615234375,-60.7187385559082,-0.15131822228431702,2,1
5.78278731595492,22.674,velocity_chirp,0,4,,0.0,-0.0,0.006000000052154064,0,1
5.78278731595492,22.674,velocity_chirp,0,1,,0.0,0.0,-0.008999999612569809,0,1
5.792907309951261,22.684,velocity_chirp,1,2,103.83767700195312,103.84896850585938,-6.238696575164795,0.006741898134350777,1,1
5.792907309951261,22.684,velocity_chirp,1,1,-5.360057335131511,-128.0706787109375,-0.21856604516506195,-0.24893368780612946,2,1
5.792907309951261,22.684,velocity_chirp,0,4,,0.0,-0.0,-0.017999999225139618,0,1
5.792907309951261,22.684,velocity_chirp,0,1,,0.0,0.0,-0.01600000075995922,0,1
5.803012033982668,22.694,velocity_chirp,1,2,103.83767700195312,103.93960571289062,5.578023910522461,0.07618166506290436,1,1
5.803012033982668,22.694,velocity_chirp,1,1,-5.664721126933866,-127.78515625,39.56110763549805,0.04040586203336716,2,1
5.803012033982668,22.694,velocity_chirp,0,4,,0.0,-0.0,0.03200000151991844,0,1
5.803012033982668,22.694,velocity_chirp,0,1,,0.0,0.0,-0.008999999612569809,0,1
5.813334959966596,22.704,velocity_chirp,1,2,103.83767700195312,103.85467529296875,0.965527355670929,-0.027897372841835022,1,1
5.813334959966596,22.704,velocity_chirp,1,1,-5.952686193150402,-127.23577880859375,68.49968719482422,0.15771664679050446,2,1
5.813334959966596,22.704,velocity_chirp,0,4,,0.0,-0.0,-0.017999999225139618,0,1
5.813334959966596,22.704,velocity_chirp,0,1,,0.0,0.0,-0.008999999612569809,0,1
5.82297085999744,22.714,velocity_chirp,1,2,103.83767700195312,103.91763305664062,1.3463667631149292,0.1526505947113037,1,1
5.82297085999744,22.714,velocity_chirp,1,1,-6.229966698986804,-126.62042236328125,31.080528259277344,0.041896894574165344,2,1
5.82297085999744,22.714,velocity_chirp,0,4,,0.0,-0.0,0.23800000548362732,0,1
5.82297085999744,22.714,velocity_chirp,0,1,,0.0,0.0,-0.008999999612569809,0,1
5.83287904295139,22.724,velocity_chirp,1,2,103.83767700195312,103.83767700195312,-1.2032674551010132,-0.15195144712924957,1,1
5.83287904295139,22.724,velocity_chirp,1,1,-6.549727673931511,-126.7303466796875,-31.255380630493164,0.010420886799693108,2,1
5.83287904295139,22.724,velocity_chirp,0,4,,0.0,-0.0,-0.017999999225139618,0,1
5.83287904295139,22.724,velocity_chirp,0,1,,0.0,0.0,-0.008999999612569809,0,1
5.842913654982112,22.734,velocity_chirp,1,2,103.83767700195312,103.91763305664062,-3.115877389907837,-0.025886908173561096,1,1
5.842913654982112,22.734,velocity_chirp,1,1,-6.549727673931511,-127.19183349609375,-56.34741973876953,-0.1532079130411148,2,1
5.842913654982112,22.734,velocity_chirp,0,4,,0.0,-0.0,-0.017999999225139618,0,1
5.842913654982112,22.734,velocity_chirp,0,1,,0.0,0.0,-0.008999999612569809,0,1
5.852861001971178,22.744,velocity_chirp,1,2,103.83767700195312,103.91763305664062,-2.9620070457458496,-0.01862712949514389,1,1
5.852861001971178,22.744,velocity_chirp,1,1,-6.836493728273684,-127.7410888671875,-33.616111755371094,-0.16044896841049194,2,1
5.852861001971178,22.744,velocity_chirp,0,4,,0.0,-0.0,-0.20100000500679016,0,1
5.852861001971178,22.744,velocity_chirp,0,1,,0.0,0.0,-0.008999999612569809,0,1
5.863304014957976,22.754,velocity_chirp,1,2,103.83767700195312,103.91763305664062,-7.347316265106201,0.11300739645957947,1,1
5.863304014957976,22.754,velocity_chirp,1,1,-7.1406720515359225,-127.8291015625,9.74826431274414,-0.22053000330924988,2,1
5.863304014957976,22.754,velocity_chirp,0,4,,0.0,-0.0,0.054999999701976776,0,1
5.863304014957976,22.754,velocity_chirp,0,1,,0.0,0.0,-0.008999999612569809,0,1
5.8729079039767385,22.764,velocity_chirp,1,2,103.83767700195312,103.91763305664062,-0.8847553133964539,-0.06514964997768402,1,1
5.8729079039767385,22.764,velocity_chirp,1,1,-7.394911480384666,-127.54339599609375,41.397064208984375,0.12054307013750076,2,1
5.8729079039767385,22.764,velocity_chirp,0,4,,0.0,-0.0,-0.017999999225139618,0,1
5.8729079039767385,22.764,velocity_chirp,0,1,,0.0,0.0,-0.008999999612569809,0,1
5.882754591992125,22.774,velocity_chirp,1,2,103.83767700195312,103.93960571289062,-5.962481498718262,-0.04134859889745712,1,1
5.882754591992125,22.774,velocity_chirp,1,1,-7.661325632505637,-126.95001220703125,74.88182067871094,0.07006039470434189,2,1
5.882754591992125,22.774,velocity_chirp,0,4,,0.0,-0.0,0.054999999701976776,0,1
5.882754591992125,22.774,velocity_chirp,0,1,,0.0,0.0,-0.07699999958276749,0,1
5.893288385996129,22.784,velocity_chirp,1,2,103.83767700195312,103.84896850585938,-16.035476684570312,0.020484289154410362,1,1
5.893288385996129,22.784,velocity_chirp,1,1,-7.92393669033705,-126.53253173828125,-12.458701133728027,0.0918542742729187,2,1
5.893288385996129,22.784,velocity_chirp,0,4,,0.0,-0.0,0.03200000151991844,0,1
5.893288385996129,22.784,velocity_chirp,0,1,,0.0,0.0,0.05700000002980232,0,1
5.90295271895593,22.794,velocity_chirp,1,2,103.83767700195312,103.91763305664062,-0.730884850025177,0.13439911603927612,1,1
5.90295271895593,22.794,velocity_chirp,1,1,-8.149367941431287,-126.86212158203125,-48.740882873535156,-0.12102951109409332,2,1
5.90295271895593,22.794,velocity_chirp,0,4,,0.0,-0.0,-0.25,0,1
5.90295271895593,22.794,velocity_chirp,0,1,,0.0,0.0,-0.0020000000949949026,0,1
5.913231120968703,22.804,velocity_chirp,1,2,103.83767700195312,103.85745239257812,7.519433498382568,0.00018374589853920043,1,1
5.913231120968703,22.804,velocity_chirp,1,1,-8.387929247583223,-127.43359375,-58.533077239990234,-0.16223083436489105,2,1
5.913231120968703,22.804,velocity_chirp,0,4,,0.0,-0.0,0.054999999701976776,0,1
5.913231120968703,22.804,velocity_chirp,0,1,,0.0,0.0,-0.008999999612569809,0,1
5.922684485965874,22.814,velocity_chirp,1,2,103.83767700195312,103.93960571289062,2.192654609680176,0.1233058050274849,1,1
5.922684485965874,22.814,velocity_chirp,1,1,-8.387929247583223,-127.7410888671875,-4.939592361450195,-0.21399053931236267,2,1
5.922684485965874,22.814,velocity_chirp,0,4,,0.0,-0.0,0.006000000052154064,0,1
5.922684485965874,22.814,velocity_chirp,0,1,,0.0,0.0,-0.008999999612569809,0,1
5.9331977619440295,22.824,velocity_chirp,1,2,103.83767700195312,103.93960571289062,-1.9618487358093262,0.03504297882318497,1,1
5.9331977619440295,22.824,velocity_chirp,1,1,-8.583377494501951,-127.54339599609375,37.98721694946289,-0.01663871482014656,2,1
5.9331977619440295,22.824,velocity_chirp,0,4,,0.0,-0.0,-0.017999999225139618,0,1
5.9331977619440295,22.824,velocity_chirp,0,1,,0.0,0.0,-0.008999999612569809,0,1
5.942740504979156,22.834,velocity_chirp,1,2,103.83767700195312,103.96157836914062,-5.193129062652588,0.026785295456647873,1,1
5.942740504979156,22.834,velocity_chirp,1,1,-8.767923300167343,-126.9940185546875,73.30814361572266,0.11115305870771408,2,1
5.942740504979156,22.834,velocity_chirp,0,4,,0.0,-0.0,-0.017999999225139618,0,1
5.942740504979156,22.834,velocity_chirp,0,1,,0.0,0.0,-0.008999999612569809,0,1
5.952912035980262,22.844,velocity_chirp,1,2,103.83767700195312,103.96157836914062,-4.80845308303833,0.037268511950969696,1,1
5.952912035980262,22.844,velocity_chirp,1,1,-8.958700811632863,-126.4227294921875,24.52354621887207,0.047780778259038925,2,1
5.952912035980262,22.844,velocity_chirp,0,4,,0.0,-0.0,0.006000000052154064,0,1
5.952912035980262,22.844,velocity_chirp,0,1,,0.0,0.0,-0.008999999612569809,0,1
5.9630208679591306,22.854,velocity_chirp,1,2,103.83767700195312,103.96157836914062,-0.8078200817108154,0.07968185842037201,1,1
5.9630208679591306,22.854,velocity_chirp,1,1,-9.112270029053436,-126.4666748046875,-24.96068000793457,0.01032349281013012,2,1
5.9630208679591306,22.854,velocity_chirp,0,4,,0.0,-0.0,0.054999999701976776,0,1
5.9630208679591306,22.854,velocity_chirp,0,1,,0.0,0.0,-0.008999999612569809,0,1
5.973174904996995,22.864,velocity_chirp,1,2,103.83767700195312,103.96157836914062,-2.1157193183898926,0.06444523483514786,1,1
5.973174904996995,22.864,velocity_chirp,1,1,-9.255935878776745,-127.0599365234375,-62.81697463989258,-0.1245095506310463,2,1
5.973174904996995,22.864,velocity_chirp,0,4,,0.0,-0.0,-0.017999999225139618,0,1
5.973174904996995,22.864,velocity_chirp,0,1,,0.0,0.0,-0.008999999612569809,0,1
5.983390648965724,22.874,velocity_chirp,1,2,103.83767700195312,103.96157836914062,1.8079782724380493,-0.04858575761318207,1,1
5.983390648965724,22.874,velocity_chirp,1,1,-9.385407345351664,-127.49945068359375,-41.22220993041992,-0.18863533437252045,2,1
5.983390648965724,22.874,velocity_chirp,0,4,,0.0,-0.0,0.054999999701976776,0,1
5.983390648965724,22.874,velocity_chirp,0,1,,0.0,0.0,-0.01600000075995922,0,1
5.9932406729785725,22.884,velocity_chirp,1,2,103.83767700195312,103.96157836914062,-0.9616906046867371,-0.05630405992269516,1,1
5.9932406729785725,22.884,velocity_chirp,1,1,-9.503818439724684,-127.56536865234375,21.81332778930664,-0.17464309930801392,2,1
5.9932406729785725,22.884,velocity_chirp,0,4,,0.0,-0.0,0.054999999701976776,0,1
5.9932406729785725,22.884,velocity_chirp,0,1,,0.0,0.0,-0.008999999612569809,0,1
6.002979195967782,22.894,velocity_chirp,1,2,103.83767700195312,103.96157836914062,3.88523006439209,-0.058821458369493484,1,1
6.002979195967782,22.894,velocity_chirp,1,1,-9.628436914458863,-127.23577880859375,52.50043869018555,0.10028364509344101,2,1
6.002979195967782,22.894,velocity_chirp,0,4,,0.0,-0.0,-0.017999999225139618,0,1
6.002979195967782,22.894,velocity_chirp,0,1,,0.0,0.0,-0.01600000075995922,0,1
6.0132508559618145,22.904,velocity_chirp,1,2,103.83767700195312,103.87164306640625,1.7412689924240112,0.1397366225719452,1,1
6.0132508559618145,22.904,velocity_chirp,1,1,-9.731660460072964,-126.48858642578125,44.10728454589844,0.020992612466216087,2,1
6.0132508559618145,22.904,velocity_chirp,0,4,,0.0,-0.0,0.006000000052154064,0,1
6.0132508559618145,22.904,velocity_chirp,0,1,,0.0,0.0,-0.008999999612569809,0,1
6.023291788995266,22.914,velocity_chirp,1,2,103.83767700195312,103.96157836914062,0.5770143270492554,0.2466639131307602,1,1
6.023291788995266,22.914,velocity_chirp,1,1,-9.809603202170837,-126.48858642578125,-29.24457359313965,-0.0050072749145329,2,1
6.023291788995266,22.914,velocity_chirp,0,4,,0.0,-0.0,-0.017999999225139618,0,1
6.023291788995266,22.914,velocity_chirp,0,1,,0.0,0.0,-0.008999999612569809,0,1
6.033271838969085,22.924,velocity_chirp,1,2,103.83767700195312,103.865966796875,4.29069709777832,0.3967020809650421,1,1
6.033271838969085,22.924,velocity_chirp,1,1,-9.873064953882832,-127.0159912109375,-60.543888092041016,-0.1216515451669693,2,1
6.033271838969085,22.924,velocity_chirp,0,4,,0.0,-0.0,-0.017999999225139618,0,1
6.033271838969085,22.924,velocity_chirp,0,1,,0.0,0.0,-0.008999999612569809,0,1
6.042766330996528,22.934,velocity_chirp,1,2,103.83767700195312,103.96157836914062,-4.039100646972656,0.05687682330608368,1,1
6.042766330996528,22.934,velocity_chirp,1,1,-9.931336913712265,-127.49945068359375,-31.69251251220703,-0.21549198031425476,2,1
6.042766330996528,22.934,velocity_chirp,0,4,,0.0,-0.0,0.006000000052154064,0,1
6.042766330996528,22.934,velocity_chirp,0,1,,0.0,0.0,0.05000000074505806,0,1
6.052923473995179,22.944,velocity_chirp,1,2,103.83767700195312,103.87734985351562,-3.9062511920928955,0.033752214163541794,1,1
6.052923473995179,22.944,velocity_chirp,1,1,-9.931336913712265,-127.49945068359375,19.540241241455078,-0.21633780002593994,2,1
6.052923473995179,22.944,velocity_chirp,0,4,,0.0,-0.0,-0.017999999225139618,0,1
6.052923473995179,22.944,velocity_chirp,0,1,,0.0,0.0,-0.20600000023841858,0,1
6.06269320595311,22.954,velocity_chirp,1,2,103.83767700195312,103.96157836914062,-0.730884850025177,0.22088481485843658,1,1
6.06269320595311,22.954,velocity_chirp,1,1,-9.969557055193096,-127.21380615234375,48.82830810546875,0.09018046408891678,2,1
6.06269320595311,22.954,velocity_chirp,0,4,,0.0,-0.0,0.006000000052154064,0,1
6.06269320595311,22.954,velocity_chirp,0,1,,0.0,0.0,0.05700000002980232,0,1
6.072981106990483,22.964,velocity_chirp,1,2,103.83767700195312,103.96157836914062,-1.1924962997436523,0.08910232037305832,1,1
6.072981106990483,22.964,velocity_chirp,1,1,-9.993744817598037,-126.57647705078125,58.969993591308594,0.023094911128282547,2,1
6.072981106990483,22.964,velocity_chirp,0,4,,0.0,-0.0,0.054999999701976776,0,1
6.072981106990483,22.964,velocity_chirp,0,1,,0.0,0.0,-0.008999999612569809,0,1
6.082875433959998,22.974,velocity_chirp,1,2,103.83767700195312,103.96157836914062,3.4236185550689697,0.1755927950143814,1,1
6.082875433959998,22.974,velocity_chirp,1,1,-9.999996850535597,-126.4227294921875,-21.98818016052246,-0.023044614121317863,2,1
6.082875433959998,22.974,velocity_chirp,0,4,,0.0,-0.0,0.006000000052154064,0,1
6.082875433959998,22.974,velocity_chirp,0,1,,0.0,0.0,-0.008999999612569809,0,1
6.092964317998849,22.984,velocity_chirp,1,2,103.83767700195312,103.9835205078125,7.270599365234375,0.27913281321525574,1,1
6.092964317998849,22.984,velocity_chirp,1,1,-9.993292057400629,-126.9940185546875,-64.04093933105469,-0.11669299751520157,2,1
6.092964317998849,22.984,velocity_chirp,0,4,,0.0,-0.0,-0.017999999225139618,0,1
6.092964317998849,22.984,velocity_chirp,0,1,,0.0,0.0,-0.008999999612569809,0,1
6.103055957995821,22.994,velocity_chirp,1,2,103.83767700195312,103.9835205078125,-5.193129062652588,0.2270813286304474,1,1
6.103055957995821,22.994,velocity_chirp,1,1,-9.973606325522383,-127.4114990234375,-40.69765090942383,-0.24422426521778107,2,1
6.103055957995821,22.994,velocity_chirp,0,4,,0.0,-0.0,-0.017999999225139618,0,1
6.103055957995821,22.994,velocity_chirp,0,1,,0.0,0.0,-0.008999999612569809,0,1
6.113098595000338,23.004,velocity_chirp,1,2,103.83767700195312,103.96157836914062,-2.346524953842163,0.14265446364879608,1,1
6.113098595000338,23.004,velocity_chirp,1,1,-9.941223737455148,-127.45556640625,19.540241241455078,-0.2608947455883026,2,1
6.113098595000338,23.004,velocity_chirp,0,4,,0.0,-0.0,-0.017999999225139618,0,1
6.113098595000338,23.004,velocity_chirp,0,1,,0.0,0.0,-0.01600000075995922,0,1
6.1229183719842695,23.014,velocity_chirp,1,2,103.83767700195312,103.96157836914062,-0.5000790953636169,-0.007104960270226002,1,1
6.1229183719842695,23.014,velocity_chirp,1,1,-9.895620247168132,-127.16986083984375,51.276466369628906,0.07754956185817719,2,1
6.1229183719842695,23.014,velocity_chirp,0,4,,0.0,-0.0,-0.017999999225139618,0,1
6.1229183719842695,23.014,velocity_chirp,0,1,,0.0,0.0,-0.008999999612569809,0,1
6.133051649958361,23.024,velocity_chirp,1,2,103.83767700195312,103.9835205078125,4.80845308303833,0.2754647135734558,1,1
6.133051649958361,23.024,velocity_chirp,1,1,-9.82528532161165,-126.57647705078125,53.899261474609375,0.015350055880844593,2,1
6.133051649958361,23.024,velocity_chirp,0,4,,0.0,-0.0,-0.017999999225139618,0,1
6.133051649958361,23.024,velocity_chirp,0,1,,0.0,0.0,-0.008999999612569809,0,1
6.1429268309730105,23.034,velocity_chirp,1,2,103.83767700195312,103.96157836914062,-8.347474098205566,0.28038352727890015,1,1
6.1429268309730105,23.034,velocity_chirp,1,1,-9.751398041968697,-126.4666748046875,-24.96068000793457,-0.07116454094648361,2,1
6.1429268309730105,23.034,velocity_chirp,0,4,,0.0,-0.0,-0.017999999225139618,0,1
6.1429268309730105,23.034,velocity_chirp,0,1,,0.0,0.0,-0.008999999612569809,0,1
6.15308759099571,23.044,velocity_chirp,1,2,103.83767700195312,103.86318969726562,-5.675421714782715,0.08483841270208359,1,1
6.15308759099571,23.044,velocity_chirp,1,1,-9.646145970393931,-127.08203125,-63.51638412475586,-0.12576964497566223,2,1
6.15308759099571,23.044,velocity_chirp,0,4,,0.0,-0.0,-0.017999999225139618,0,1
6.15308759099571,23.044,velocity_chirp,0,1,,0.0,0.0,-0.008999999612569809,0,1
6.163152249995619,23.054,velocity_chirp,1,2,103.83767700195312,103.96157836914062,-3.19281268119812,0.0935702845454216,1,1
6.163152249995619,23.054,velocity_chirp,1,1,-9.544795778193727,-127.43359375,-29.856557846069336,-0.29541704058647156,2,1
6.163152249995619,23.054,velocity_chirp,0,4,,0.0,-0.0,-0.017999999225139618,0,1
6.163152249995619,23.054,velocity_chirp,0,1,,0.0,0.0,-0.008999999612569809,0,1
6.173124413995538,23.064,velocity_chirp,1,2,103.83767700195312,103.87734985351562,7.119625091552734,0.16761896014213562,1,1
6.173124413995538,23.064,velocity_chirp,1,1,-9.429012700710517,-127.4114990234375,20.32707977294922,-0.22591392695903778,2,1
6.173124413995538,23.064,velocity_chirp,0,4,,0.0,-0.0,0.006000000052154064,0,1
6.173124413995538,23.064,velocity_chirp,0,1,,0.0,0.0,-0.008999999612569809,0,1
6.182644584972877,23.074,velocity_chirp,1,2,103.83767700195312,103.96157836914062,3.038942337036133,0.26790904998779297,1,1
6.182644584972877,23.074,velocity_chirp,1,1,-9.273957290029855,-127.0379638671875,49.0031623840332,0.06818854063749313,2,1
6.182644584972877,23.074,velocity_chirp,0,4,,0.0,-0.0,-0.017999999225139618,0,1
6.182644584972877,23.074,velocity_chirp,0,1,,0.0,0.0,-0.0020000000949949026,0,1
6.192856641951948,23.084,velocity_chirp,1,2,103.83767700195312,103.87448120117188,-4.2247114181518555,0.0744282454252243,1,1
6.192856641951948,23.084,velocity_chirp,1,1,-9.273957290029855,-126.53253173828125,35.539276123046875,-0.0004281270084902644,2,1
6.192856641951948,23.084,velocity_chirp,0,4,,0.0,-0.0,-0.017999999225139618,0,1
6.192856641951948,23.084,velocity_chirp,0,1,,0.0,0.0,-0.008999999612569809,0,1
6.202685505966656,23.094,velocity_chirp,1,2,103.83767700195312,103.96157836914062,-0.6539496183395386,-0.08162664622068405,1,1
6.202685505966656,23.094,velocity_chirp,1,1,-9.120212365731993,-126.62042236328125,-43.84500503540039,-0.12129917740821838,2,1
6.202685505966656,23.094,velocity_chirp,0,4,,0.0,-0.0,0.03200000151991844,0,1
6.202685505966656,23.094,velocity_chirp,0,1,,0.0,0.0,-0.01600000075995922,0,1
6.212868477974553,23.104,velocity_chirp,1,2,103.83767700195312,103.9835205078125,3.577488899230957,0.07700619846582413,1,1
6.212868477974553,23.104,velocity_chirp,1,1,-8.934686447529536,-127.21380615234375,-52.50021743774414,-0.13793474435806274,2,1
6.212868477974553,23.104,velocity_chirp,0,4,,0.0,-0.0,-0.017999999225139618,0,1
6.212868477974553,23.104,velocity_chirp,0,1,,0.0,0.0,-0.008999999612569809,0,1
6.222776069946121,23.114,velocity_chirp,1,2,103.83767700195312,103.96157836914062,-5.116193771362305,0.06272538006305695,1,1
6.222776069946121,23.114,velocity_chirp,1,1,-8.761949406449297,-127.4775390625,-5.027019023895264,-0.3399297595024109,2,1
6.222776069946121,23.114,velocity_chirp,0,4,,0.0,-0.0,-0.017999999225139618,0,1
6.222776069946121,23.114,velocity_chirp,0,1,,0.0,0.0,0.05700000002980232,0,1
6.233044112974312,23.124,velocity_chirp,1,2,103.83767700195312,103.9835205078125,-1.9618487358093262,0.10083425045013428,1,1
6.233044112974312,23.124,velocity_chirp,1,1,-8.544186672979162,-127.4114990234375,20.414505004882812,-0.18245841562747955,2,1
6.233044112974312,23.124,velocity_chirp,0,4,,0.0,-0.0,-0.017999999225139618,0,1
6.233044112974312,23.124,velocity_chirp,0,1,,0.0,0.0,-0.008999999612569809,0,1
6.242756616964471,23.134,velocity_chirp,1,2,103.83767700195312,103.9835205078125,1.4233020544052124,0.23537121713161469,1,1
6.242756616964471,23.134,velocity_chirp,1,1,-8.346968643417028,-127.08203125,46.38037109375,0.04717077687382698,2,1
6.242756616964471,23.134,velocity_chirp,0,4,,0.0,-0.0,-0.017999999225139618,0,1
6.242756616964471,23.134,velocity_chirp,0,1,,0.0,0.0,-0.008999999612569809,0,1
6.253166526963469,23.144,velocity_chirp,1,2,103.83767700195312,103.88302612304688,-2.692863941192627,0.2443176805973053,1,1
6.253166526963469,23.144,velocity_chirp,1,1,-8.095156747383443,-126.6644287109375,31.51766014099121,-0.02663153037428856,2,1
6.253166526963469,23.144,velocity_chirp,0,4,,0.0,-0.0,-0.017999999225139618,0,1
6.253166526963469,23.144,velocity_chirp,0,1,,0.0,0.0,-0.008999999612569809,0,1
6.2631387209985405,23.154,velocity_chirp,1,2,103.83767700195312,103.9835205078125,13.34848403930664,0.32311683893203735,1,1
6.2631387209985405,23.154,velocity_chirp,1,1,-7.874957092699525,-126.7523193359375,-43.582725524902344,-0.16164425015449524,2,1
6.2631387209985405,23.154,velocity_chirp,0,4,,0.0,-0.0,0.006000000052154064,0,1
6.2631387209985405,23.154,velocity_chirp,0,1,,0.0,0.0,-0.008999999612569809,0,1
6.273373771982733,23.165,velocity_chirp,1,2,103.83767700195312,103.85745239257812,-5.892017364501953,0.19168324768543243,1,1
6.273373771982733,23.165,velocity_chirp,1,1,-7.644713158317629,-127.3895263671875,-33.79096603393555,-0.16585689783096313,2,1
6.273373771982733,23.165,velocity_chirp,0,4,,0.0,-0.0,-0.017999999225139618,0,1
6.273373771982733,23.165,velocity_chirp,0,1,,0.0,0.0,-0.008999999612569809,0,1
6.2829421639908105,23.174,velocity_chirp,1,2,103.83767700195312,103.93960571289062,3.500553607940674,0.1589934527873993,1,1
6.2829421639908105,23.174,velocity_chirp,1,1,-7.402004422979457,-127.4775390625,4.589886665344238,-0.3904951810836792,2,1
6.2829421639908105,23.174,velocity_chirp,0,4,,0.0,-0.0,0.03200000151991844,0,1
6.2829421639908105,23.174,velocity_chirp,0,1,,0.0,0.0,-0.008999999612569809,0,1
6.293037770956289,23.184,velocity_chirp,1,2,103.83767700195312,103.851806640625,-1.0914603471755981,0.05519123747944832,1,1
6.293037770956289,23.184,velocity_chirp,1,1,-7.107004111472951,-127.30169677734375,27.583471298217773,-0.09212441742420197,2,1
6.293037770956289,23.184,velocity_chirp,0,4,,0.0,-0.0,-0.017999999225139618,0,1
6.293037770956289,23.184,velocity_chirp,0,1,,0.0,0.0,-0.008999999612569809,0,1
6.302584531949833,23.194,velocity_chirp,1,2,103.83767700195312,103.93960571289062,-6.808769226074219,0.09236215054988861,1,1
6.302584531949833,23.194,velocity_chirp,1,1,-6.841098676429224,-126.97198486328125,37.0255241394043,0.018234753981232643,2,1
6.302584531949833,23.194,velocity_chirp,0,4,,0.0,-0.0,-0.017999999225139618,0,1
6.302584531949833,23.194,velocity_chirp,0,1,,0.0,0.0,-0.008999999612569809,0,1
6.313048494979739,23.204,velocity_chirp,1,2,103.83767700195312,103.86318969726562,-7.864536285400391,0.11957848072052002,1,1
6.313048494979739,23.204,velocity_chirp,1,1,-6.841098676429224,-126.7962646484375,-8.524075508117676,-0.086821049451828,2,1
6.313048494979739,23.204,velocity_chirp,0,4,,0.0,-0.0,0.054999999701976776,0,1
6.313048494979739,23.204,velocity_chirp,0,1,,0.0,0.0,-0.008999999612569809,0,1
6.3226463019964285,23.214,velocity_chirp,1,2,103.83767700195312,103.96157836914062,6.193505764007568,0.2582111954689026,1,1
6.3226463019964285,23.214,velocity_chirp,1,1,-6.539664038099243,-127.14788818359375,-48.82830810546875,-0.17029990255832672,2,1
6.3226463019964285,23.214,velocity_chirp,0,4,,0.0,-0.0,0.03200000151991844,0,1
6.3226463019964285,23.214,velocity_chirp,0,1,,0.0,0.0,0.05000000074505806,0,1
6.333006137982011,23.224,velocity_chirp,1,2,103.83767700195312,103.93960571289062,-2.5003955364227295,0.18042808771133423,1,1
6.333006137982011,23.224,velocity_chirp,1,1,-6.211305394038659,-127.4114990234375,-12.720980644226074,-0.338375061750412,2,1
6.333006137982011,23.224,velocity_chirp,0,4,,0.0,-0.0,0.006000000052154064,0,1
6.333006137982011,23.224,velocity_chirp,0,1,,0.0,0.0,-0.008999999612569809,0,1
6.342725754948333,23.234,velocity_chirp,1,2,103.83767700195312,103.93960571289062,4.1929707527160645,-0.05285092443227768,1,1
6.342725754948333,23.234,velocity_chirp,1,1,-5.906838082722873,-127.4114990234375,4.939592361450195,-0.34821972250938416,2,1
6.342725754948333,23.234,velocity_chirp,0,4,,0.0,-0.0,0.006000000052154064,0,1
6.342725754948333,23.234,velocity_chirp,0,1,,0.0,0.0,-0.0020000000949949026,0,1
6.353241184959188,23.244,velocity_chirp,1,2,103.83767700195312,103.96157836914062,5.731894493103027,-0.14503170549869537,1,1
6.353241184959188,23.244,velocity_chirp,1,1,-5.546229519540863,-127.30169677734375,17.616859436035156,-0.12855398654937744,2,1
6.353241184959188,23.244,velocity_chirp,0,4,,0.0,-0.0,-0.017999999225139618,0,1
6.353241184959188,23.244,velocity_chirp,0,1,,0.0,0.0,-0.008999999612569809,0,1
6.36289048998151,23.254,velocity_chirp,1,2,103.83767700195312,103.96157836914062,3.6544241905212402,0.008115435019135475,1,1
6.36289048998151,23.254,velocity_chirp,1,1,-5.229238880125812,-127.16986083984375,7.9997358322143555,-0.05385541543364525,2,1
6.36289048998151,23.254,velocity_chirp,0,4,,0.0,-0.0,-0.017999999225139618,0,1
6.36289048998151,23.254,velocity_chirp,0,1,,0.0,0.0,-0.008999999612569809,0,1
6.373304437962361,23.264,velocity_chirp,1,2,103.83767700195312,103.88018798828125,1.4391855001449585,-0.033351387828588486,1,1
6.373304437962361,23.264,velocity_chirp,1,1,-4.849918834862943,-127.19183349609375,-4.764739513397217,-0.11284977197647095,2,1
6.373304437962361,23.264,velocity_chirp,0,4,,0.0,-0.0,-0.017999999225139618,0,1
6.373304437962361,23.264,velocity_chirp,0,1,,0.0,0.0,-0.008999999612569809,0,1
6.382933233981021,23.274,velocity_chirp,1,2,103.83767700195312,103.9835205078125,8.732369422912598,0.15569156408309937,1,1
6.382933233981021,23.274,velocity_chirp,1,1,-4.5135386597979545,-127.21380615234375,-4.764739513397217,-0.2670702040195465,2,1
6.382933233981021,23.274,velocity_chirp,0,4,,0.0,-0.0,-0.017999999225139618,0,1
6.382933233981021,23.274,velocity_chirp,0,1,,0.0,0.0,-0.008999999612569809,0,1
6.39281409594696,23.284,velocity_chirp,1,2,103.83767700195312,103.87734985351562,-0.1798192858695984,0.02645726501941681,1,1
6.39281409594696,23.284,velocity_chirp,1,1,-4.126769205296872,-127.23577880859375,0.04371320828795433,-0.2961916923522949,2,1
6.39281409594696,23.284,velocity_chirp,0,4,,0.0,-0.0,-0.017999999225139618,0,1
6.39281409594696,23.284,velocity_chirp,0,1,,0.0,0.0,-0.0020000000949949026,0,1
6.4028686349629425,23.294,velocity_chirp,1,2,103.83767700195312,103.96157836914062,-0.5770143270492554,0.2003161907196045,1,1
6.4028686349629425,23.294,velocity_chirp,1,1,-3.786713055126974,-127.23577880859375,0.04371320828795433,-0.2986074984073639,2,1
6.4028686349629425,23.294,velocity_chirp,0,4,,0.0,-0.0,-0.0430000014603138,0,1
6.4028686349629425,23.294,velocity_chirp,0,1,,0.0,0.0,-0.008999999612569809,0,1
6.413056846999098,23.304,velocity_chirp,1,2,103.83767700195312,103.85745239257812,8.681411743164062,0.32420381903648376,1,1
6.413056846999098,23.304,velocity_chirp,1,1,-3.786713055126974,-127.23577880859375,0.04371320828795433,-0.2963316738605499,2,1
6.413056846999098,23.304,velocity_chirp,0,4,,0.0,-0.0,-0.017999999225139618,0,1
6.413056846999098,23.304,velocity_chirp,0,1,,0.0,0.0,-0.0020000000949949026,0,1
6.422664824000094,23.314,velocity_chirp,1,2,103.83767700195312,103.93960571289062,-9.886397361755371,-0.09515982121229172,1,1
6.422664824000094,23.314,velocity_chirp,1,1,-3.401831042391997,-127.23577880859375,0.04371320828795433,-0.30033501982688904,2,1
6.422664824000094,23.314,velocity_chirp,0,4,,0.0,-0.0,-0.017999999225139618,0,1
6.422664824000094,23.314,velocity_chirp,0,1,,0.0,0.0,0.05700000002980232,0,1
6.432991035981104,23.324,velocity_chirp,1,2,103.83767700195312,103.93960571289062,0.730884850025177,0.02769046649336815,1,1
6.432991035981104,23.324,velocity_chirp,1,1,-2.9935370335776996,-127.23577880859375,0.04371320828795433,-0.30039897561073303,2,1
6.432991035981104,23.324,velocity_chirp,0,4,,0.0,-0.0,-0.017999999225139618,0,1
6.432991035981104,23.324,velocity_chirp,0,1,,0.0,0.0,-0.008999999612569809,0,1
6.442768522945698,23.334,velocity_chirp,1,2,103.83767700195312,103.93960571289062,2.731201171875,0.06030074506998062,1,1
6.442768522945698,23.334,velocity_chirp,1,1,-2.6267877711625847,-127.23577880859375,0.04371320828795433,-0.30069592595100403,2,1
6.442768522945698,23.334,velocity_chirp,0,4,,0.0,-0.0,-0.017999999225139618,0,1
6.442768522945698,23.334,velocity_chirp,0,1,,0.0,0.0,0.05700000002980232,0,1
6.453207157959696,23.344,velocity_chirp,1,2,103.83767700195312,103.86880493164062,-5.857751369476318,-0.08392928540706635,1,1
6.453207157959696,23.344,velocity_chirp,1,1,-2.1919070905628084,-127.23577880859375,0.04371320828795433,-0.30734002590179443,2,1
6.453207157959696,23.344,velocity_chirp,0,4,,0.0,-0.0,0.006000000052154064,0,1
6.453207157959696,23.344,velocity_chirp,0,1,,0.0,0.0,-0.0020000000949949026,0,1
6.462910373986233,23.354,velocity_chirp,1,2,103.83767700195312,103.93960571289062,-2.0387840270996094,-0.062304530292749405,1,1
6.462910373986233,23.354,velocity_chirp,1,1,-1.8196767946304924,-127.23577880859375,0.04371320828795433,-0.30590394139289856,2,1
6.462910373986233,23.354,velocity_chirp,0,4,,0.0,-0.0,0.054999999701976776,0,1
6.462910373986233,23.354,velocity_chirp,0,1,,0.0,0.0,0.05700000002980232,0,1
6.473322969977744,23.365,velocity_chirp,1,2,103.83767700195312,103.865966796875,1.7846121788024902,0.026587853208184242,1,1
6.473322969977744,23.365,velocity_chirp,1,1,-1.3804215044597195,-127.23577880859375,0.04371320828795433,-0.30788758397102356,2,1
6.473322969977744,23.365,velocity_chirp,0,4,,0.0,-0.0,0.006000000052154064,0,1
6.473322969977744,23.365,velocity_chirp,0,1,,0.0,0.0,-0.008999999612569809,0,1
6.482885249948595,23.374,velocity_chirp,1,2,103.83767700195312,103.91763305664062,-5.4239349365234375,0.13357967138290405,1,1
6.482885249948595,23.374,velocity_chirp,1,1,-0.9804536042317789,-127.23577880859375,0.04371320828795433,-0.3133513033390045,2,1
6.482885249948595,23.374,velocity_chirp,0,4,,0.0,-0.0,0.006000000052154064,0,1
6.482885249948595,23.374,velocity_chirp,0,1,,0.0,0.0,0.05700000002980232,0,1
6.4928275179699995,23.384,velocity_chirp,1,2,103.83767700195312,103.82913208007812,0.36623334884643555,0.13849622011184692,1,1
6.4928275179699995,23.384,velocity_chirp,1,1,-0.5784346739418749,-127.23577880859375,0.04371320828795433,-0.3134654462337494,2,1
6.4928275179699995,23.384,velocity_chirp,0,4,,0.0,-0.0,-0.017999999225139618,0,1
6.4928275179699995,23.384,velocity_chirp,0,1,,0.0,0.0,-0.008999999612569809,0,1
6.502771929954179,23.394,velocity_chirp,1,2,103.83767700195312,103.93960571289062,-4.500711917877197,0.02560834214091301,1,1
6.502771929954179,23.394,velocity_chirp,1,1,-0.19671037676761552,-127.23577880859375,0.04371320828795433,-0.3136216998100281,2,1
6.502771929954179,23.394,velocity_chirp,0,4,,0.0,-0.0,0.03200000151991844,0,1
6.502771929954179,23.394,velocity_chirp,0,1,,0.0,0.0,-0.008999999612569809,0,1
6.513011969975196,23.404,velocity_chirp,1,2,103.83767700195312,103.84896850585938,3.7379846572875977,0.16728724539279938,1,1
6.513011969975196,23.404,velocity_chirp,1,1,-0.19671037676761552,-127.23577880859375,0.04371320828795433,-0.31770312786102295,2,1
6.513011969975196,23.404,velocity_chirp,0,4,,0.0,-0.0,-0.017999999225139618,0,1
6.513011969975196,23.404,velocity_chirp,0,1,,0.0,0.0,0.24699999392032623,0,1
6.522707571974024,23.414,velocity_chirp,1,2,103.83767700195312,103.93960571289062,11.732843399047852,0.04240815341472626,1,1
6.522707571974024,23.414,velocity_chirp,1,1,0.2170896757677393,-127.23577880859375,0.04371320828795433,-0.31404560804367065,2,1
6.522707571974024,23.414,velocity_chirp,0,4,,0.0,-0.0,-0.017999999225139618,0,1
6.522707571974024,23.414,velocity_chirp,0,1,,0.0,0.0,0.05700000002980232,0,1
6.532950827968307,23.424,velocity_chirp,1,2,103.83767700195312,103.93960571289062,8.809304237365723,0.20057329535484314,1,1
6.532950827968307,23.424,velocity_chirp,1,1,0.6577953875681173,-127.23577880859375,0.04371320828795433,-0.31340596079826355,2,1
6.532950827968307,23.424,velocity_chirp,0,4,,0.0,-0.0,-0.017999999225139618,0,1
6.532950827968307,23.424,velocity_chirp,0,1,,0.0,0.0,-0.0020000000949949026,0,1
6.542827140947338,23.434,velocity_chirp,1,2,103.83767700195312,103.93960571289062,-7.424251079559326,0.14166824519634247,1,1
6.542827140947338,23.434,velocity_chirp,1,1,1.0350337256224083,-127.23577880859375,0.04371320828795433,-0.31381165981292725,2,1
6.542827140947338,23.434,velocity_chirp,0,4,,0.0,-0.0,-0.017999999225139618,0,1
6.542827140947338,23.434,velocity_chirp,0,1,,0.0,0.0,0.05000000074505806,0,1
6.552945851988625,23.444,velocity_chirp,1,2,103.83767700195312,103.96157836914062,1.5002373456954956,0.004430561326444149,1,1
6.552945851988625,23.444,velocity_chirp,1,1,1.4041529250628777,-127.23577880859375,0.04371320828795433,-0.3137355446815491,2,1
6.552945851988625,23.444,velocity_chirp,0,4,,0.0,-0.0,0.006000000052154064,0,1
6.552945851988625,23.444,velocity_chirp,0,1,,0.0,0.0,0.05700000002980232,0,1
6.562976946996059,23.454,velocity_chirp,1,2,103.83767700195312,103.93960571289062,-12.502196311950684,-0.04871051013469696,1,1
6.562976946996059,23.454,velocity_chirp,1,1,1.7725686765961204,-127.23577880859375,0.04371320828795433,-0.30689021944999695,2,1
6.562976946996059,23.454,velocity_chirp,0,4,,0.0,-0.0,0.006000000052154064,0,1
6.562976946996059,23.454,velocity_chirp,0,1,,0.0,0.0,-0.008999999612569809,0,1
6.573170097952243,23.464,velocity_chirp,1,2,103.83767700195312,103.93960571289062,-0.9616906046867371,-0.05086110904812813,1,1
6.573170097952243,23.464,velocity_chirp,1,1,2.146278312830735,-127.23577880859375,0.04371320828795433,-0.30639246106147766,2,1
6.573170097952243,23.464,velocity_chirp,0,4,,0.0,-0.0,-0.017999999225139618,0,1
6.573170097952243,23.464,velocity_chirp,0,1,,0.0,0.0,0.05700000002980232,0,1
6.582971870957408,23.474,velocity_chirp,1,2,103.83767700195312,103.91763305664062,-13.117677688598633,-0.07474356144666672,1,1
6.582971870957408,23.474,velocity_chirp,1,1,2.5898506038981726,-127.23577880859375,0.04371320828795433,-0.30271533131599426,2,1
6.582971870957408,23.474,velocity_chirp,0,4,,0.0,-0.0,-0.017999999225139618,0,1
6.582971870957408,23.474,velocity_chirp,0,1,,0.0,0.0,-0.008999999612569809,0,1
6.592966466967482,23.484,velocity_chirp,1,2,103.83767700195312,103.87164306640625,5.562117576599121,-0.17018109560012817,1,1
6.592966466967482,23.484,velocity_chirp,1,1,2.9484632824174692,-127.23577880859375,0.04371320828795433,-0.30032989382743835,2,1
6.592966466967482,23.484,velocity_chirp,0,4,,0.0,-0.0,0.006000000052154064,0,1
6.592966466967482,23.484,velocity_chirp,0,1,,0.0,0.0,-0.008999999612569809,0,1
6.6030354439863,23.494,velocity_chirp,1,2,103.83767700195312,103.93960571289062,5.8088297843933105,-0.028393307700753212,1,1
6.6030354439863,23.494,velocity_chirp,1,1,3.3763414614237903,-127.23577880859375,0.04371320828795433,-0.29493415355682373,2,1
6.6030354439863,23.494,velocity_chirp,0,4,,0.0,-0.0,0.006000000052154064,0,1
6.6030354439863,23.494,velocity_chirp,0,1,,0.0,0.0,-0.008999999612569809,0,1
6.6129732729750685,23.504,velocity_chirp,1,2,103.83767700195312,103.84613037109375,-3.918715476989746,-0.1133449375629425,1,1
6.6129732729750685,23.504,velocity_chirp,1,1,3.792554443160143,-127.23577880859375,4.939592361450195,-0.2905816435813904,2,1
6.6129732729750685,23.504,velocity_chirp,0,4,,0.0,-0.0,-0.017999999225139618,0,1
6.6129732729750685,23.504,velocity_chirp,0,1,,0.0,0.0,-0.07000000029802322,0,1
6.622636473970488,23.514,velocity_chirp,1,2,103.83767700195312,103.93960571289062,8.039952278137207,0.43393412232398987,1,1
6.622636473970488,23.514,velocity_chirp,1,1,4.144194541175237,-127.23577880859375,-4.677313327789307,-0.2826770842075348,2,1
6.622636473970488,23.514,velocity_chirp,0,4,,0.0,-0.0,-0.017999999225139618,0,1
6.622636473970488,23.514,velocity_chirp,0,1,,0.0,0.0,-0.008999999612569809,0,1
6.63314365898259,23.524,velocity_chirp,1,2,103.83767700195312,103.83477783203125,6.296326160430908,0.14396364986896515,1,1
6.63314365898259,23.524,velocity_chirp,1,1,4.144194541175237,-127.23577880859375,0.04371320828795433,-0.28935328125953674,2,1
6.63314365898259,23.524,velocity_chirp,0,4,,0.0,-0.0,-0.017999999225139618,0,1
6.63314365898259,23.524,velocity_chirp,0,1,,0.0,0.0,-0.008999999612569809,0,1
6.642800166970119,23.534,velocity_chirp,1,2,103.83767700195312,103.93960571289062,4.654582500457764,0.1815853863954544,1,1
6.642800166970119,23.534,velocity_chirp,1,1,4.52456542108667,-127.23577880859375,0.04371320828795433,-0.27057215571403503,2,1
6.642800166970119,23.534,velocity_chirp,0,4,,0.0,-0.0,0.03200000151991844,0,1
6.642800166970119,23.534,velocity_chirp,0,1,,0.0,0.0,-0.008999999612569809,0,1
6.6530405869707465,23.544,velocity_chirp,1,2,103.83767700195312,103.93960571289062,-2.192654609680176,-0.041121311485767365,1,1
6.6530405869707465,23.544,velocity_chirp,1,1,4.919572827216764,-127.23577880859375,0.04371320828795433,-0.2688257098197937,2,1
6.6530405869707465,23.544,velocity_chirp,0,4,,0.0,-0.0,-0.017999999225139618,0,1
6.6530405869707465,23.544,velocity_chirp,0,1,,0.0,0.0,0.05700000002980232,0,1
6.6628953499603085,23.554,velocity_chirp,1,2,103.83767700195312,103.93960571289062,8.424628257751465,0.2762664258480072,1,1
6.6628953499603085,23.554,velocity_chirp,1,1,5.2463898232668695,-127.23577880859375,0.04371320828795433,-0.25727584958076477,2,1
6.6628953499603085,23.554,velocity_chirp,0,4,,0.0,-0.0,-0.017999999225139618,0,1
6.6628953499603085,23.554,velocity_chirp,0,1,,0.0,0.0,-0.0020000000949949026,0,1
6.673127454996575,23.564,velocity_chirp,1,2,103.83767700195312,103.93960571289062,-7.424251079559326,0.08777319639921188,1,1
6.673127454996575,23.564,velocity_chirp,1,1,5.627045355302877,-127.23577880859375,0.04371320828795433,-0.253132164478302,2,1
6.673127454996575,23.564,velocity_chirp,0,4,,0.0,-0.0,-0.017999999225139618,0,1
6.673127454996575,23.564,velocity_chirp,0,1,,0.0,0.0,-0.008999999612569809,0,1
6.682788310979959,23.574,velocity_chirp,1,2,103.83767700195312,103.93960571289062,2.5003955364227295,0.0668894499540329,1,1
6.682788310979959,23.574,velocity_chirp,1,1,5.935737911037805,-127.23577880859375,0.04371320828795433,-0.24624674022197723,2,1
6.682788310979959,23.574,velocity_chirp,0,4,,0.0,-0.0,0.054999999701976776,0,1
6.682788310979959,23.574,velocity_chirp,0,1,,0.0,0.0,-0.008999999612569809,0,1
6.6929961499990895,23.584,velocity_chirp,1,2,103.83767700195312,103.84051513671875,-4.651784420013428,0.2517711818218231,1,1
6.6929961499990895,23.584,velocity_chirp,1,1,6.29002093518505,-127.23577880859375,0.04371320828795433,-0.23529206216335297,2,1
6.6929961499990895,23.584,velocity_chirp,0,4,,0.0,-0.0,-0.017999999225139618,0,1
6.6929961499990895,23.584,velocity_chirp,0,1,,0.0,0.0,0.05700000002980232,0,1
6.703109139984008,23.594,velocity_chirp,1,2,103.83767700195312,103.96157836914062,7.578340530395508,0.2571974992752075,1,1
6.703109139984008,23.594,velocity_chirp,1,1,6.594400615295541,-127.23577880859375,0.04371320828795433,-0.22161944210529327,2,1
6.703109139984008,23.594,velocity_chirp,0,4,,0.0,-0.0,0.03200000151991844,0,1
6.703109139984008,23.594,velocity_chirp,0,1,,0.0,0.0,-0.01600000075995922,0,1
6.713011301995721,23.604,velocity_chirp,1,2,103.83767700195312,103.84613037109375,-3.2797954082489014,0.11591354757547379,1,1
6.713011301995721,23.604,velocity_chirp,1,1,6.925743087963597,-127.23577880859375,0.04371320828795433,-0.21833747625350952,2,1
6.713011301995721,23.604,velocity_chirp,0,4,,0.0,-0.0,-0.017999999225139618,0,1
6.713011301995721,23.604,velocity_chirp,0,1,,0.0,0.0,-0.008999999612569809,0,1
6.722834494954441,23.614,velocity_chirp,1,2,103.83767700195312,103.96157836914062,3.115877389907837,-0.15045474469661713,1,1
6.722834494954441,23.614,velocity_chirp,1,1,7.194570193187115,-127.23577880859375,0.04371320828795433,-0.20708221197128296,2,1
6.722834494954441,23.614,velocity_chirp,0,4,,0.0,-0.0,0.03200000151991844,0,1
6.722834494954441,23.614,velocity_chirp,0,1,,0.0,0.0,-0.008999999612569809,0,1
6.733046110952273,23.624,velocity_chirp,1,2,103.83767700195312,103.85745239257812,-4.909299850463867,0.12894776463508606,1,1
6.733046110952273,23.624,velocity_chirp,1,1,7.194570193187115,-127.23577880859375,0.04371320828795433,-0.2075454592704773,2,1
6.733046110952273,23.624,velocity_chirp,0,4,,0.0,-0.0,0.006000000052154064,0,1
6.733046110952273,23.624,velocity_chirp,0,1,,0.0,0.0,0.05700000002980232,0,1
6.742716575972736,23.634,velocity_chirp,1,2,103.83767700195312,103.96157836914062,-2.654266119003296,0.22649328410625458,1,1
6.742716575972736,23.634,velocity_chirp,1,1,7.481507135108913,-127.23577880859375,0.04371320828795433,-0.19118307530879974,2,1
6.742716575972736,23.634,velocity_chirp,0,4,,0.0,-0.0,0.006000000052154064,0,1
6.742716575972736,23.634,velocity_chirp,0,1,,0.0,0.0,-0.008999999612569809,0,1
6.753301586955786,23.644,velocity_chirp,1,2,103.83767700195312,103.93960571289062,0.03846762329339981,0.10639829188585281,1,1
6.753301586955786,23.644,velocity_chirp,1,1,7.772681870975859,-127.23577880859375,0.04371320828795433,-0.19236597418785095,2,1
6.753301586955786,23.644,velocity_chirp,0,4,,0.0,-0.0,-0.017999999225139618,0,1
6.753301586955786,23.644,velocity_chirp,0,1,,0.0,0.0,-0.008999999612569809,0,1
6.762967252987437,23.654,velocity_chirp,1,2,103.83767700195312,103.8858642578125,0.7523496747016907,0.09084096550941467,1,1
6.762967252987437,23.654,velocity_chirp,1,1,8.018611137554128,-127.21380615234375,4.939592361450195,-0.18151642382144928,2,1
6.762967252987437,23.654,velocity_chirp,0,4,,0.0,-0.0,0.006000000052154064,0,1
6.762967252987437,23.654,velocity_chirp,0,1,,0.0,0.0,-0.07699999958276749,0,1
6.77308907895349,23.664,velocity_chirp,1,2,103.83767700195312,103.87164306640625,6.914047718048096,0.07689575850963593,1,1
6.77308907895349,23.664,velocity_chirp,1,1,8.280701160997854,-127.21380615234375,0.04371320828795433,-0.17558486759662628,2,1
6.77308907895349,23.664,velocity_chirp,0,4,,0.0,-0.0,-0.017999999225139618,0,1
6.77308907895349,23.664,velocity_chirp,0,1,,0.0,0.0,-0.008999999612569809,0,1
6.783106147951912,23.674,velocity_chirp,1,2,103.83767700195312,103.93960571289062,10.117203712463379,0.14049232006072998,1,1
6.783106147951912,23.674,velocity_chirp,1,1,8.530144503681136,-127.21380615234375,4.939592361450195,-0.16861902177333832,2,1
6.783106147951912,23.674,velocity_chirp,0,4,,0.0,-0.0,-0.017999999225139618,0,1
6.783106147951912,23.674,velocity_chirp,0,1,,0.0,0.0,-0.008999999612569809,0,1
6.7933316409471445,23.684,velocity_chirp,1,2,103.83767700195312,103.85745239257812,-2.018289566040039,0.08775272965431213,1,1
6.7933316409471445,23.684,velocity_chirp,1,1,8.723907148063327,-127.21380615234375,0.04371320828795433,-0.16174253821372986,2,1
6.7933316409471445,23.684,velocity_chirp,0,4,,0.0,-0.0,-0.017999999225139618,0,1
6.7933316409471445,23.684,velocity_chirp,0,1,,0.0,0.0,-0.008999999612569809,0,1
6.803214114974253,23.694,velocity_chirp,1,2,103.83767700195312,103.93960571289062,0.8078200817108154,-0.07804936170578003,1,1
6.803214114974253,23.694,velocity_chirp,1,1,8.90928832506706,-127.21380615234375,0.04371320828795433,-0.14659199118614197,2,1
6.803214114974253,23.694,velocity_chirp,0,4,,0.0,-0.0,-0.017999999225139618,0,1
6.803214114974253,23.694,velocity_chirp,0,1,,0.0,0.0,-0.008999999612569809,0,1
6.81314902898157,23.704,velocity_chirp,1,2,103.83767700195312,103.86880493164062,-9.467970848083496,-0.032883621752262115,1,1
6.81314902898157,23.704,velocity_chirp,1,1,9.104695077451181,-127.21380615234375,0.04371320828795433,-0.14350129663944244,2,1
6.81314902898157,23.704,velocity_chirp,0,4,,0.0,-0.0,-0.017999999225139618,0,1
6.81314902898157,23.704,velocity_chirp,0,1,,0.0,0.0,0.05700000002980232,0,1
6.822972752968781,23.714,velocity_chirp,1,2,103.83767700195312,103.96157836914062,9.732527732849121,0.17086362838745117,1,1
6.822972752968781,23.714,velocity_chirp,1,1,9.104695077451181,-127.21380615234375,0.04371320828795433,-0.13058340549468994,2,1
6.822972752968781,23.714,velocity_chirp,0,4,,0.0,-0.0,0.03200000151991844,0,1
6.822972752968781,23.714,velocity_chirp,0,1,,0.0,0.0,0.05700000002980232,0,1
6.832943834946491,23.724,velocity_chirp,1,2,103.83767700195312,103.9835205078125,4.423776626586914,0.10897782444953918,1,1
6.832943834946491,23.724,velocity_chirp,1,1,9.271901508689398,-127.21380615234375,0.04371320828795433,-0.12863776087760925,2,1
6.832943834946491,23.724,velocity_chirp,0,4,,0.0,-0.0,-0.017999999225139618,0,1
6.832943834946491,23.724,velocity_chirp,0,1,,0.0,0.0,-0.008999999612569809,0,1
6.843069528986234,23.734,velocity_chirp,1,2,103.83767700195312,103.96157836914062,3.577488899230957,-0.07865891605615616,1,1
6.843069528986234,23.734,velocity_chirp,1,1,9.435533319173494,-127.19183349609375,3.715622663497925,-0.11406708508729935,2,1
6.843069528986234,23.734,velocity_chirp,0,4,,0.0,-0.0,-0.017999999225139618,0,1
6.843069528986234,23.734,velocity_chirp,0,1,,0.0,0.0,-0.008999999612569809,0,1
6.8528602909646,23.744,velocity_chirp,1,2,103.83767700195312,103.96157836914062,3.2697479724884033,0.06720714271068573,1,1
6.8528602909646,23.744,velocity_chirp,1,1,9.557659612894732,-127.19183349609375,0.04371320828795433,-0.108331099152565,2,1
6.8528602909646,23.744,velocity_chirp,0,4,,0.0,-0.0,0.006000000052154064,0,1
6.8528602909646,23.744,velocity_chirp,0,1,,0.0,0.0,-0.008999999612569809,0,1
6.863216219993774,23.754,velocity_chirp,1,2,103.83767700195312,103.93960571289062,-6.501028537750244,0.03344590216875076,1,1
6.863216219993774,23.754,velocity_chirp,1,1,9.679618349607019,-127.19183349609375,0.04371320828795433,-0.09960570186376572,2,1
6.863216219993774,23.754,velocity_chirp,0,4,,0.0,-0.0,-0.017999999225139618,0,1
6.863216219993774,23.754,velocity_chirp,0,1,,0.0,0.0,-0.07699999958276749,0,1
6.872928592958488,23.764,velocity_chirp,1,2,103.83767700195312,103.84896850585938,-2.9630117416381836,0.09915082901716232,1,1
6.872928592958488,23.764,velocity_chirp,1,1,9.772860078568016,-127.19183349609375,0.04371320828795433,-0.08700676262378693,2,1
6.872928592958488,23.764,velocity_chirp,0,4,,0.0,-0.0,0.006000000052154064,0,1
6.872928592958488,23.764,velocity_chirp,0,1,,0.0,0.0,-0.008999999612569809,0,1
6.883029409975279,23.774,velocity_chirp,1,2,103.83767700195312,103.93960571289062,-2.731201171875,0.05023607611656189,1,1
6.883029409975279,23.774,velocity_chirp,1,1,9.857811062278667,-127.16986083984375,0.04371320828795433,-0.07214198261499405,2,1
6.883029409975279,23.774,velocity_chirp,0,4,,0.0,-0.0,0.006000000052154064,0,1
6.883029409975279,23.774,velocity_chirp,0,1,,0.0,0.0,-0.008999999612569809,0,1
6.893261134973727,23.784,velocity_chirp,1,2,103.83767700195312,103.87734985351562,0.15224392712116241,-0.22830457985401154,1,1
6.893261134973727,23.784,velocity_chirp,1,1,9.916168404299423,-127.16986083984375,0.04371320828795433,-0.06560068577528,2,1
6.893261134973727,23.784,velocity_chirp,0,4,,0.0,-0.0,0.006000000052154064,0,1
6.893261134973727,23.784,velocity_chirp,0,1,,0.0,0.0,-0.008999999612569809,0,1
6.903174376988318,23.794,velocity_chirp,1,2,103.83767700195312,103.96157836914062,-6.2702226638793945,0.10184338688850403,1,1
6.903174376988318,23.794,velocity_chirp,1,1,9.959383751434352,-127.16986083984375,4.939592361450195,-0.05545308440923691,2,1
6.903174376988318,23.794,velocity_chirp,0,4,,0.0,-0.0,-0.017999999225139618,0,1
6.903174376988318,23.794,velocity_chirp,0,1,,0.0,0.0,0.05700000002980232,0,1
6.912939590984024,23.804,velocity_chirp,1,2,103.83767700195312,103.86880493164062,1.7247083187103271,0.13873185217380524,1,1
6.912939590984024,23.804,velocity_chirp,1,1,9.990347201632227,-127.16986083984375,0.04371320828795433,-0.05078498646616936,2,1
6.912939590984024,23.804,velocity_chirp,0,4,,0.0,-0.0,0.006000000052154064,0,1
6.912939590984024,23.804,velocity_chirp,0,1,,0.0,0.0,-0.008999999612569809,0,1
6.922693402972072,23.814,velocity_chirp,1,2,103.83767700195312,103.96157836914062,2.5773308277130127,0.11432120203971863,1,1
6.922693402972072,23.814,velocity_chirp,1,1,9.990347201632227,-127.14788818359375,0.04371320828795433,-0.03903353959321976,2,1
6.922693402972072,23.814,velocity_chirp,0,4,,0.0,-0.0,0.054999999701976776,0,1
6.922693402972072,23.814,velocity_chirp,0,1,,0.0,0.0,-0.01600000075995922,0,1
6.93313938198844,23.824,velocity_chirp,1,2,103.83767700195312,103.9835205078125,3.500553607940674,0.28339076042175293,1,1
6.93313938198844,23.824,velocity_chirp,1,1,9.999968422263937,-127.14788818359375,0.04371320828795433,-0.03562908619642258,2,1
6.93313938198844,23.824,velocity_chirp,0,4,,0.0,-0.0,0.006000000052154064,0,1
6.93313938198844,23.824,velocity_chirp,0,1,,0.0,0.0,-0.008999999612569809,0,1
6.942684599955101,23.834,velocity_chirp,1,2,103.83767700195312,103.96157836914062,0.3462086021900177,0.2739168405532837,1,1
6.942684599955101,23.834,velocity_chirp,1,1,9.99286325062998,-127.14788818359375,0.04371320828795433,-0.02693849615752697,2,1
6.942684599955101,23.834,velocity_chirp,0,4,,0.0,-0.0,0.006000000052154064,0,1
6.942684599955101,23.834,velocity_chirp,0,1,,0.0,0.0,-0.008999999612569809,0,1
6.952898770978209,23.844,velocity_chirp,1,2,103.83767700195312,103.96157836914062,7.116728782653809,0.05574551969766617,1,1
6.952898770978209,23.844,velocity_chirp,1,1,9.965877129840642,-127.1259765625,0.04371320828795433,-0.03125999495387077,2,1
6.952898770978209,23.844,velocity_chirp,0,4,,0.0,-0.0,-0.017999999225139618,0,1
6.952898770978209,23.844,velocity_chirp,0,1,,0.0,0.0,0.05700000002980232,0,1
6.962838903942611,23.854,velocity_chirp,1,2,103.83767700195312,103.96157836914062,5.4241533279418945,0.07813270390033722,1,1
6.962838903942611,23.854,velocity_chirp,1,1,9.925176097142089,-127.1259765625,0.1311396211385727,-0.0241081565618515,2,1
6.962838903942611,23.854,velocity_chirp,0,4,,0.0,-0.0,-0.017999999225139618,0,1
6.962838903942611,23.854,velocity_chirp,0,1,,0.0,0.0,-0.008999999612569809,0,1
6.972979235986713,23.864,velocity_chirp,1,2,103.83767700195312,103.851806640625,-2.747501850128174,0.09273913502693176,1,1
6.972979235986713,23.864,velocity_chirp,1,1,9.857206849170407,-127.08203125,4.939592361450195,-0.030593547970056534,2,1
6.972979235986713,23.864,velocity_chirp,0,4,,0.0,-0.0,-0.017999999225139618,0,1
6.972979235986713,23.864,velocity_chirp,0,1,,0.0,0.0,-0.008999999612569809,0,1
6.982968441967387,23.874,velocity_chirp,1,2,103.83767700195312,103.93960571289062,-1.1155611276626587,0.011123012751340866,1,1
6.982968441967387,23.874,velocity_chirp,1,1,9.783685845660932,-127.0599365234375,0.04371320828795433,-0.0335405133664608,2,1
6.982968441967387,23.874,velocity_chirp,0,4,,0.0,-0.0,0.006000000052154064,0,1
6.982968441967387,23.874,velocity_chirp,0,1,,0.0,0.0,-0.008999999612569809,0,1
6.993234490975738,23.884,velocity_chirp,1,2,103.83767700195312,103.86318969726562,-6.015876293182373,0.32770541310310364,1,1
6.993234490975738,23.884,velocity_chirp,1,1,9.695985670490225,-127.0599365234375,0.04371320828795433,-0.04178109019994736,2,1
6.993234490975738,23.884,velocity_chirp,0,4,,0.0,-0.0,0.006000000052154064,0,1
6.993234490975738,23.884,velocity_chirp,0,1,,0.0,0.0,-0.008999999612569809,0,1
7.002715277951211,23.894,velocity_chirp,1,2,103.83767700195312,103.96157836914062,6.347376346588135,0.218342587351799,1,1
7.002715277951211,23.894,velocity_chirp,1,1,9.590768291859586,-127.0599365234375,0.04371320828795433,-0.04205673560500145,2,1
7.002715277951211,23.894,velocity_chirp,0,4,,0.0,-0.0,0.006000000052154064,0,1
7.002715277951211,23.894,velocity_chirp,0,1,,0.0,0.0,-0.008999999612569809,0,1
7.0135212959721684,23.904,velocity_chirp,1,2,103.83767700195312,103.88018798828125,-1.9665244817733765,0.11210444569587708,1,1
7.0135212959721684,23.904,velocity_chirp,1,1,9.455700065373927,-127.0379638671875,4.32760763168335,-0.025652749463915825,2,1
7.0135212959721684,23.904,velocity_chirp,0,4,,0.0,-0.0,-0.017999999225139618,0,1
7.0135212959721684,23.904,velocity_chirp,0,1,,0.0,0.0,-0.008999999612569809,0,1
7.022846077976283,23.914,velocity_chirp,1,2,103.83767700195312,103.96157836914062,-5.0392584800720215,0.3471883237361908,1,1
7.022846077976283,23.914,velocity_chirp,1,1,9.305969727294098,-126.9940185546875,7.387750625610352,-0.014992188662290573,2,1
7.022846077976283,23.914,velocity_chirp,0,4,,0.0,-0.0,0.03200000151991844,0,1
7.022846077976283,23.914,velocity_chirp,0,1,,0.0,0.0,-0.07699999958276749,0,1
7.033284311997704,23.924,velocity_chirp,1,2,103.83767700195312,103.88018798828125,0.6628387570381165,0.1608084738254547,1,1
7.033284311997704,23.924,velocity_chirp,1,1,9.135986995985627,-126.90606689453125,6.16378116607666,-0.02551710233092308,2,1
7.033284311997704,23.924,velocity_chirp,0,4,,0.0,-0.0,0.006000000052154064,0,1
7.033284311997704,23.924,velocity_chirp,0,1,,0.0,0.0,-0.008999999612569809,0,1
7.043037953961175,23.934,velocity_chirp,1,2,103.83767700195312,103.96157836914062,-5.8855462074279785,-0.0023641474545001984,1,1
7.043037953961175,23.934,velocity_chirp,1,1,8.96329541164134,-126.92803955078125,-4.852166175842285,-0.03688894584774971,2,1
7.043037953961175,23.934,velocity_chirp,0,4,,0.0,-0.0,0.006000000052154064,0,1
7.043037953961175,23.934,velocity_chirp,0,1,,0.0,0.0,-0.008999999612569809,0,1
7.052936258958653,23.944,velocity_chirp,1,2,103.83767700195312,103.93960571289062,-9.578437805175781,0.06974464654922485,1,1
7.052936258958653,23.944,velocity_chirp,1,1,8.96329541164134,-126.97198486328125,-4.764739513397217,-0.07272864878177643,2,1
7.052936258958653,23.944,velocity_chirp,0,4,,0.0,-0.0,0.006000000052154064,0,1
7.052936258958653,23.944,velocity_chirp,0,1,,0.0,0.0,-0.008999999612569809,0,1
7.062783426954411,23.954,velocity_chirp,1,2,103.83767700195312,103.96157836914062,5.885765075683594,0.23352502286434174,1,1
7.062783426954411,23.954,velocity_chirp,1,1,8.77025921399308,-126.97198486328125,4.677313327789307,-0.062057118862867355,2,1
7.062783426954411,23.954,velocity_chirp,0,4,,0.0,-0.0,-0.017999999225139618,0,1
7.062783426954411,23.954,velocity_chirp,0,1,,0.0,0.0,0.05700000002980232,0,1
7.073285430960823,23.964,velocity_chirp,1,2,103.83767700195312,103.96157836914062,-2.346524953842163,0.06792338937520981,1,1
7.073285430960823,23.964,velocity_chirp,1,1,8.532694668362819,-126.90606689453125,4.939592361450195,-0.02320956066250801,2,1
7.073285430960823,23.964,velocity_chirp,0,4,,0.0,-0.0,-0.017999999225139618,0,1
7.073285430960823,23.964,velocity_chirp,0,1,,0.0,0.0,-0.008999999612569809,0,1
7.0831240529660136,23.974,velocity_chirp,1,2,103.83767700195312,103.96157836914062,-11.117362022399902,0.005750414915382862,1,1
7.0831240529660136,23.974,velocity_chirp,1,1,8.313099025453635,-126.86212158203125,4.764739513397217,-0.004084466025233269,2,1
7.0831240529660136,23.974,velocity_chirp,0,4,,0.0,-0.0,0.054999999701976776,0,1
7.0831240529660136,23.974,velocity_chirp,0,1,,0.0,0.0,-0.008999999612569809,0,1
7.093263101996854,23.984,velocity_chirp,1,2,103.83767700195312,103.96157836914062,4.9625420570373535,0.029889550060033798,1,1
7.093263101996854,23.984,velocity_chirp,1,1,8.047252485498808,-126.84014892578125,0.04371320828795433,-0.01265473011881113,2,1
7.093263101996854,23.984,velocity_chirp,0,4,,0.0,-0.0,-0.017999999225139618,0,1
7.093263101996854,23.984,velocity_chirp,0,1,,0.0,0.0,-0.008999999612569809,0,1
7.10301676398376,23.994,velocity_chirp,1,2,103.83767700195312,103.93960571289062,-2.8850717544555664,0.1882399171590805,1,1
7.10301676398376,23.994,velocity_chirp,1,1,7.801373198864505,-126.86212158203125,-0.1311396211385727,-0.02532310225069523,2,1
7.10301676398376,23.994,velocity_chirp,0,4,,0.0,-0.0,-0.017999999225139618,0,1
7.10301676398376,23.994,velocity_chirp,0,1,,0.0,0.0,-0.008999999612569809,0,1
7.113501545973122,24.004,velocity_chirp,1,2,103.83767700195312,103.86318969726562,6.612628936767578,0.05444400757551193,1,1
7.113501545973122,24.004,velocity_chirp,1,1,7.503327742115253,-126.86212158203125,4.939592361450195,-0.026200955733656883,2,1
7.113501545973122,24.004,velocity_chirp,0,4,,0.0,-0.0,0.054999999701976776,0,1
7.113501545973122,24.004,velocity_chirp,0,1,,0.0,0.0,-0.008999999612569809,0,1
7.123094744980335,24.014,velocity_chirp,1,2,103.83767700195312,103.93960571289062,-6.808769226074219,-0.091275654733181,1,1
7.123094744980335,24.014,velocity_chirp,1,1,7.220448512391467,-126.8182373046875,4.939592361450195,0.011048704385757446,2,1
7.123094744980335,24.014,velocity_chirp,0,4,,0.0,-0.0,-0.017999999225139618,0,1
7.123094744980335,24.014,velocity_chirp,0,1,,0.0,0.0,-0.07699999958276749,0,1
7.133099530998152,24.024,velocity_chirp,1,2,103.83767700195312,103.86318969726562,5.643080711364746,-0.07741324603557587,1,1
7.133099530998152,24.024,velocity_chirp,1,1,6.90133937848115,-126.7962646484375,4.939592361450195,0.01584346778690815,2,1
7.133099530998152,24.024,velocity_chirp,0,4,,0.0,-0.0,0.006000000052154064,0,1
7.133099530998152,24.024,velocity_chirp,0,1,,0.0,0.0,-0.008999999612569809,0,1
7.143152276985347,24.034,velocity_chirp,1,2,103.83767700195312,103.93960571289062,-8.193603515625,-0.21152813732624054,1,1
7.143152276985347,24.034,velocity_chirp,1,1,6.60777908809303,-126.7523193359375,4.764739513397217,0.018373964354395866,2,1
7.143152276985347,24.034,velocity_chirp,0,4,,0.0,-0.0,0.006000000052154064,0,1
7.143152276985347,24.034,velocity_chirp,0,1,,0.0,0.0,-0.008999999612569809,0,1
7.153044459992088,24.044,velocity_chirp,1,2,103.83767700195312,103.84051513671875,-3.6091527938842773,0.16204500198364258,1,1
7.153044459992088,24.044,velocity_chirp,1,1,6.30438823543548,-126.7742919921875,-2.404226541519165,0.009865695610642433,2,1
7.153044459992088,24.044,velocity_chirp,0,4,,0.0,-0.0,0.006000000052154064,0,1
7.153044459992088,24.044,velocity_chirp,0,1,,0.0,0.0,-0.01600000075995922,0,1
7.163109298970085,24.054,velocity_chirp,1,2,103.83767700195312,103.93960571289062,4.885388374328613,0.12471175938844681,1,1
7.163109298970085,24.054,velocity_chirp,1,1,5.9936205541988565,-126.7742919921875,0.04371320828795433,0.009727789089083672,2,1
7.163109298970085,24.054,velocity_chirp,0,4,,0.0,-0.0,0.006000000052154064,0,1
7.163109298970085,24.054,velocity_chirp,0,1,,0.0,0.0,-0.008999999612569809,0,1
7.173059751978144,24.064,velocity_chirp,1,2,103.83767700195312,103.84896850585938,-2.2230334281921387,-0.023129772394895554,1,1
7.173059751978144,24.064,velocity_chirp,1,1,5.9936205541988565,-126.7523193359375,0.04371320828795433,0.0241573266685009,2,1
7.173059751978144,24.064,velocity_chirp,0,4,,0.0,-0.0,-0.017999999225139618,0,1
7.173059751978144,24.064,velocity_chirp,0,1,,0.0,0.0,-0.008999999612569809,0,1
7.182864449976478,24.074,velocity_chirp,1,2,103.83767700195312,103.93960571289062,-5.346999645233154,-0.08294713497161865,1,1
7.182864449976478,24.074,velocity_chirp,1,1,5.642862797415172,-126.7303466796875,4.939592361450195,0.042597927153110504,2,1
7.182864449976478,24.074,velocity_chirp,0,4,,0.0,-0.0,0.054999999701976776,0,1
7.182864449976478,24.074,velocity_chirp,0,1,,0.0,0.0,-0.008999999612569809,0,1
7.1929476439836435,24.084,velocity_chirp,1,2,103.83767700195312,103.93960571289062,-3.038942337036133,0.21432259678840637,1,1
7.1929476439836435,24.084,velocity_chirp,1,1,5.243677522063997,-126.6864013671875,4.939592361450195,0.03916926309466362,2,1
7.1929476439836435,24.084,velocity_chirp,0,4,,0.0,-0.0,0.03200000151991844,0,1
7.1929476439836435,24.084,velocity_chirp,0,1,,0.0,0.0,-0.0020000000949949026,0,1
7.202860115969088,24.094,velocity_chirp,1,2,103.83767700195312,103.96157836914062,4.731517791748047,0.03251131251454353,1,1
7.202860115969088,24.094,velocity_chirp,1,1,4.833402504672412,-126.6644287109375,0.04371320828795433,0.04153759777545929,2,1
7.202860115969088,24.094,velocity_chirp,0,4,,0.0,-0.0,-0.017999999225139618,0,1
7.202860115969088,24.094,velocity_chirp,0,1,,0.0,0.0,-0.0020000000949949026,0,1
7.2135946589987725,24.104,velocity_chirp,1,2,103.83767700195312,103.865966796875,-8.023477554321289,0.06254532188177109,1,1
7.2135946589987725,24.104,velocity_chirp,1,1,4.4100293557351815,-126.6864013671875,0.04371320828795433,0.02771979756653309,2,1
7.2135946589987725,24.104,velocity_chirp,0,4,,0.0,-0.0,-0.017999999225139618,0,1
7.2135946589987725,24.104,velocity_chirp,0,1,,0.0,0.0,-0.008999999612569809,0,1
7.223197956976946,24.114,velocity_chirp,1,2,103.83767700195312,103.93960571289062,-0.8078200817108154,0.054089415818452835,1,1
7.223197956976946,24.114,velocity_chirp,1,1,4.019341471406545,-126.6644287109375,0.04371320828795433,0.027832090854644775,2,1
7.223197956976946,24.114,velocity_chirp,0,4,,0.0,-0.0,-0.017999999225139618,0,1
7.223197956976946,24.114,velocity_chirp,0,1,,0.0,0.0,0.05700000002980232,0,1
7.233023904962465,24.124,velocity_chirp,1,2,103.83767700195312,103.865966796875,-2.8035614490509033,-0.09750891476869583,1,1
7.233023904962465,24.124,velocity_chirp,1,1,3.590289168752853,-126.6644287109375,2.4916529655456543,0.052561674267053604,2,1
7.233023904962465,24.124,velocity_chirp,0,4,,0.0,-0.0,-0.017999999225139618,0,1
7.233023904962465,24.124,velocity_chirp,0,1,,0.0,0.0,-0.008999999612569809,0,1
7.242711761966348,24.134,velocity_chirp,1,2,103.83767700195312,103.93960571289062,4.423776626586914,0.009696165099740028,1,1
7.242711761966348,24.134,velocity_chirp,1,1,3.590289168752853,-126.6424560546875,0.30599245429039,0.060861438512802124,2,1
7.242711761966348,24.134,velocity_chirp,0,4,,0.0,-0.0,0.006000000052154064,0,1
7.242711761966348,24.134,velocity_chirp,0,1,,0.0,0.0,-0.008999999612569809,0,1
7.252886177971959,24.144,velocity_chirp,1,2,103.83767700195312,103.8603515625,-5.614563941955566,0.10012508183717728,1,1
7.252886177971959,24.144,velocity_chirp,1,1,3.1932908320714057,-126.57647705078125,4.939592361450195,0.05690299719572067,2,1
7.252886177971959,24.144,velocity_chirp,0,4,,0.0,-0.0,-0.017999999225139618,0,1
7.252886177971959,24.144,velocity_chirp,0,1,,0.0,0.0,-0.008999999612569809,0,1
7.262851889943704,24.154,velocity_chirp,1,2,103.83767700195312,103.93960571289062,6.424311637878418,-0.03052045777440071,1,1
7.262851889943704,24.154,velocity_chirp,1,1,2.809541581903746,-126.55450439453125,0.04371320828795433,0.05230456218123436,2,1
7.262851889943704,24.154,velocity_chirp,0,4,,0.0,-0.0,0.006000000052154064,0,1
7.262851889943704,24.154,velocity_chirp,0,1,,0.0,0.0,-0.008999999612569809,0,1
7.273062353953719,24.164,velocity_chirp,1,2,103.83767700195312,103.93960571289062,7.270599365234375,0.06283359974622726,1,1
7.273062353953719,24.164,velocity_chirp,1,1,2.3389442348277525,-126.57647705078125,-0.5682716965675354,0.03582333028316498,2,1
7.273062353953719,24.164,velocity_chirp,0,4,,0.0,-0.0,-0.017999999225139618,0,1
7.273062353953719,24.164,velocity_chirp,0,1,,0.0,0.0,-0.008999999612569809,0,1
7.2828066679649055,24.174,velocity_chirp,1,2,103.83767700195312,103.93960571289062,-2.0387840270996094,0.09786592423915863,1,1
7.2828066679649055,24.174,velocity_chirp,1,1,1.94734276056538,-126.59844970703125,0.04371320828795433,0.02259167842566967,2,1
7.2828066679649055,24.174,velocity_chirp,0,4,,0.0,-0.0,-0.017999999225139618,0,1
7.2828066679649055,24.174,velocity_chirp,0,1,,0.0,0.0,-0.0020000000949949026,0,1
7.293172655976377,24.184,velocity_chirp,1,2,103.83767700195312,103.96157836914062,3.19281268119812,0.05474875867366791,1,1
7.293172655976377,24.184,velocity_chirp,1,1,1.4839324854327938,-126.57647705078125,0.30599245429039,0.039959438145160675,2,1
7.293172655976377,24.184,velocity_chirp,0,4,,0.0,-0.0,-0.017999999225139618,0,1
7.293172655976377,24.184,velocity_chirp,0,1,,0.0,0.0,0.05700000002980232,0,1
7.302714086952619,24.194,velocity_chirp,1,2,103.83767700195312,103.96157836914062,6.578182220458984,0.15943309664726257,1,1
7.302714086952619,24.194,velocity_chirp,1,1,1.0670894176383474,-126.55450439453125,0.04371320828795433,0.06377653032541275,2,1
7.302714086952619,24.194,velocity_chirp,0,4,,0.0,-0.0,-0.0430000014603138,0,1
7.302714086952619,24.194,velocity_chirp,0,1,,0.0,0.0,-0.008999999612569809,0,1
7.313426377950236,24.204,velocity_chirp,1,2,103.83767700195312,103.87448120117188,-0.6301497220993042,0.15300431847572327,1,1
7.313426377950236,24.204,velocity_chirp,1,1,0.6140854320801222,-126.51055908203125,5.114445209503174,0.05958264693617821,2,1
7.313426377950236,24.204,velocity_chirp,0,4,,0.0,-0.0,-0.017999999225139618,0,1
7.313426377950236,24.204,velocity_chirp,0,1,,0.0,0.0,-0.0020000000949949026,0,1
7.32292005897034,24.214,velocity_chirp,1,2,103.83767700195312,103.96157836914062,0.4231438636779785,0.1999102383852005,1,1
7.32292005897034,24.214,velocity_chirp,1,1,0.17725084928825746,-126.51055908203125,0.04371320828795433,0.06176040321588516,2,1
7.32292005897034,24.214,velocity_chirp,0,4,,0.0,-0.0,0.03200000151991844,0,1
7.32292005897034,24.214,velocity_chirp,0,1,,0.0,0.0,-0.008999999612569809,0,1
7.332913833961356,24.224,velocity_chirp,1,2,103.83767700195312,103.88018798828125,-1.2425464391708374,0.17068447172641754,1,1
7.332913833961356,24.224,velocity_chirp,1,1,-0.2844590149689115,-126.51055908203125,0.04371320828795433,0.03756801784038544,2,1
7.332913833961356,24.224,velocity_chirp,0,4,,0.0,-0.0,-0.017999999225139618,0,1
7.332913833961356,24.224,velocity_chirp,0,1,,0.0,0.0,0.05700000002980232,0,1
7.342814482981339,24.234,velocity_chirp,1,2,103.83767700195312,103.96157836914062,-4.500711917877197,-0.0772930234670639,1,1
7.342814482981339,24.234,velocity_chirp,1,1,-0.2844590149689115,-126.51055908203125,0.04371320828795433,0.03463086113333702,2,1
7.342814482981339,24.234,velocity_chirp,0,4,,0.0,-0.0,-0.017999999225139618,0,1
7.342814482981339,24.234,velocity_chirp,0,1,,0.0,0.0,-0.01600000075995922,0,1
7.352894290990662,24.244,velocity_chirp,1,2,103.83767700195312,103.96157836914062,-0.6539496183395386,0.16662853956222534,1,1
7.352894290990662,24.244,velocity_chirp,1,1,-0.7289041199250237,-126.51055908203125,0.04371320828795433,0.05487963184714317,2,1
7.352894290990662,24.244,velocity_chirp,0,4,,0.0,-0.0,-0.017999999225139618,0,1
7.352894290990662,24.244,velocity_chirp,0,1,,0.0,0.0,0.05700000002980232,0,1
7.362746768980287,24.254,velocity_chirp,1,2,103.83767700195312,103.93960571289062,10.194138526916504,0.024195391684770584,1,1
7.362746768980287,24.254,velocity_chirp,1,1,-1.1285299171385597,-126.48858642578125,0.04371320828795433,0.06549856811761856,2,1
7.362746768980287,24.254,velocity_chirp,0,4,,0.0,-0.0,0.006000000052154064,0,1
7.362746768980287,24.254,velocity_chirp,0,1,,0.0,0.0,-0.008999999612569809,0,1
7.372818921983708,24.264,velocity_chirp,1,2,103.83767700195312,103.93960571289062,0.5000790953636169,0.21087920665740967,1,1
7.372818921983708,24.264,velocity_chirp,1,1,-1.6086130512614654,-126.48858642578125,0.04371320828795433,0.07456932216882706,2,1
7.372818921983708,24.264,velocity_chirp,0,4,,0.0,-0.0,-0.017999999225139618,0,1
7.372818921983708,24.264,velocity_chirp,0,1,,0.0,0.0,-0.008999999612569809,0,1
7.382984360971022,24.274,velocity_chirp,1,2,103.83767700195312,103.96157836914062,4.9625420570373535,0.12376517057418823,1,1
7.382984360971022,24.274,velocity_chirp,1,1,-2.0841246816731576,-126.48858642578125,4.939592361450195,0.08140361309051514,2,1
7.382984360971022,24.274,velocity_chirp,0,4,,0.0,-0.0,-0.017999999225139618,0,1
7.382984360971022,24.274,velocity_chirp,0,1,,0.0,0.0,-0.08299999684095383,0,1
7.392958688957151,24.284,velocity_chirp,1,2,103.83767700195312,103.96157836914062,-4.500711917877197,0.05108323693275452,1,1
7.392958688957151,24.284,velocity_chirp,1,1,-2.48513323276686,-126.48858642578125,0.04371320828795433,0.07829403132200241,2,1
7.392958688957151,24.284,velocity_chirp,0,4,,0.0,-0.0,-0.017999999225139618,0,1
7.392958688957151,24.284,velocity_chirp,0,1,,0.0,0.0,-0.008999999612569809,0,1
7.40275703498628,24.294,velocity_chirp,1,2,103.83767700195312,103.96157836914062,-0.730884850025177,-0.028768809512257576,1,1
7.40275703498628,24.294,velocity_chirp,1,1,-2.875290386312886,-126.48858642578125,0.04371320828795433,0.077757827937603,2,1
7.40275703498628,24.294,velocity_chirp,0,4,,0.0,-0.0,0.006000000052154064,0,1
7.40275703498628,24.294,velocity_chirp,0,1,,0.0,0.0,-0.008999999612569809,0,1
7.413483693962917,24.304,velocity_chirp,1,2,103.83767700195312,103.87734985351562,4.015000820159912,0.056393396109342575,1,1
7.413483693962917,24.304,velocity_chirp,1,1,-3.324177359650168,-126.4666748046875,0.04371320828795433,0.08210313320159912,2,1
7.413483693962917,24.304,velocity_chirp,0,4,,0.0,-0.0,0.006000000052154064,0,1
7.413483693962917,24.304,velocity_chirp,0,1,,0.0,0.0,0.05700000002980232,0,1
7.422877094999421,24.314,velocity_chirp,1,2,103.83767700195312,103.96157836914062,7.501405239105225,0.19048574566841125,1,1
7.422877094999421,24.314,velocity_chirp,1,1,-3.732924717310109,-126.4666748046875,0.04371320828795433,0.07912606745958328,2,1
7.422877094999421,24.314,velocity_chirp,0,4,,0.0,-0.0,0.006000000052154064,0,1
7.422877094999421,24.314,velocity_chirp,0,1,,0.0,0.0,-0.008999999612569809,0,1
7.4330906749819405,24.324,velocity_chirp,1,2,103.83767700195312,103.88302612304688,1.3928041458129883,0.11937946826219559,1,1
7.4330906749819405,24.324,velocity_chirp,1,1,-4.15887285678712,-126.4666748046875,0.04371320828795433,0.07985684275627136,2,1
7.4330906749819405,24.324,velocity_chirp,0,4,,0.0,-0.0,-0.017999999225139618,0,1
7.4330906749819405,24.324,velocity_chirp,0,1,,0.0,0.0,-0.008999999612569809,0,1
7.442666671995539,24.334,velocity_chirp,1,2,103.83767700195312,103.93960571289062,3.115877389907837,0.3257141709327698,1,1
7.442666671995539,24.334,velocity_chirp,1,1,-4.529274827403249,-126.4666748046875,0.04371320828795433,0.07605430483818054,2,1
7.442666671995539,24.334,velocity_chirp,0,4,,0.0,-0.0,0.006000000052154064,0,1
7.442666671995539,24.334,velocity_chirp,0,1,,0.0,0.0,-0.01600000075995922,0,1
7.452845104970038,24.344,velocity_chirp,1,2,103.83767700195312,103.85745239257812,0.884383499622345,-0.014834246598184109,1,1
7.452845104970038,24.344,velocity_chirp,1,1,-4.529274827403249,-126.4666748046875,0.04371320828795433,0.07280698418617249,2,1
7.452845104970038,24.344,velocity_chirp,0,4,,0.0,-0.0,-0.017999999225139618,0,1
7.452845104970038,24.344,velocity_chirp,0,1,,0.0,0.0,0.24699999392032623,0,1
7.4628410639707,24.354,velocity_chirp,1,2,103.83767700195312,103.93960571289062,8.116887092590332,-0.04924267157912254,1,1
7.4628410639707,24.354,velocity_chirp,1,1,-4.918849568291885,-126.4666748046875,0.04371320828795433,0.0726015716791153,2,1
7.4628410639707,24.354,velocity_chirp,0,4,,0.0,-0.0,-0.017999999225139618,0,1
7.4628410639707,24.354,velocity_chirp,0,1,,0.0,0.0,-0.008999999612569809,0,1
7.473178677959368,24.364,velocity_chirp,1,2,103.83767700195312,103.91763305664062,-11.655908584594727,-0.184344083070755,1,1
7.473178677959368,24.364,velocity_chirp,1,1,-5.266517376213934,-126.4666748046875,0.04371320828795433,0.07793406397104263,2,1
7.473178677959368,24.364,velocity_chirp,0,4,,0.0,-0.0,0.03200000151991844,0,1
7.473178677959368,24.364,velocity_chirp,0,1,,0.0,0.0,-0.008999999612569809,0,1
7.482969469972886,24.374,velocity_chirp,1,2,103.83767700195312,103.93960571289062,6.962858200073242,0.04125716909766197,1,1
7.482969469972886,24.374,velocity_chirp,1,1,-5.618052457049002,-126.4666748046875,0.04371320828795433,0.07352738082408905,2,1
7.482969469972886,24.374,velocity_chirp,0,4,,0.0,-0.0,0.03200000151991844,0,1
7.482969469972886,24.374,velocity_chirp,0,1,,0.0,0.0,-0.008999999612569809,0,1
7.492833639960736,24.384,velocity_chirp,1,2,103.83767700195312,103.93960571289062,2.192654609680176,0.10159515589475632,1,1
7.492833639960736,24.384,velocity_chirp,1,1,-6.008871978065665,-126.4666748046875,0.04371320828795433,0.0666261687874794,2,1
7.492833639960736,24.384,velocity_chirp,0,4,,0.0,-0.0,0.006000000052154064,0,1
7.492833639960736,24.384,velocity_chirp,0,1,,0.0,0.0,-0.008999999612569809,0,1
7.502932503994089,24.394,velocity_chirp,1,2,103.83767700195312,103.96157836914062,-4.116035461425781,0.021056149154901505,1,1
7.502932503994089,24.394,velocity_chirp,1,1,-6.399431367160967,-126.4666748046875,0.04371320828795433,0.05998070165514946,2,1
7.502932503994089,24.394,velocity_chirp,0,4,,0.0,-0.0,0.006000000052154064,0,1
7.502932503994089,24.394,velocity_chirp,0,1,,0.0,0.0,0.05000000074505806,0,1
7.513003533997107,24.404,velocity_chirp,1,2,103.83767700195312,103.87448120117188,4.764116287231445,0.102654829621315,1,1
7.513003533997107,24.404,velocity_chirp,1,1,-6.705747005846833,-126.4666748046875,0.04371320828795433,0.046371884644031525,2,1
7.513003533997107,24.404,velocity_chirp,0,4,,0.0,-0.0,0.006000000052154064,0,1
7.513003533997107,24.404,velocity_chirp,0,1,,0.0,0.0,-0.008999999612569809,0,1
7.522756113961805,24.414,velocity_chirp,1,2,103.83767700195312,103.9835205078125,0.11540286988019943,0.16906489431858063,1,1
7.522756113961805,24.414,velocity_chirp,1,1,-7.005954746587894,-126.4666748046875,0.04371320828795433,0.038782618939876556,2,1
7.522756113961805,24.414,velocity_chirp,0,4,,0.0,-0.0,-0.017999999225139618,0,1
7.522756113961805,24.414,velocity_chirp,0,1,,0.0,0.0,-0.008999999612569809,0,1
7.533191462978721,24.424,velocity_chirp,1,2,103.83767700195312,103.87164306640625,-2.9361608028411865,0.26452428102493286,1,1
7.533191462978721,24.424,velocity_chirp,1,1,-7.338462345711542,-126.48858642578125,0.04371320828795433,0.03212276101112366,2,1
7.533191462978721,24.424,velocity_chirp,0,4,,0.0,-0.0,0.006000000052154064,0,1
7.533191462978721,24.424,velocity_chirp,0,1,,0.0,0.0,0.05700000002980232,0,1
7.542966904991772,24.434,velocity_chirp,1,2,103.83767700195312,103.93960571289062,-2.26958966255188,-0.03368103876709938,1,1
7.542966904991772,24.434,velocity_chirp,1,1,-7.615983636748455,-126.48858642578125,0.04371320828795433,0.024483459070324898,2,1
7.542966904991772,24.434,velocity_chirp,0,4,,0.0,-0.0,0.006000000052154064,0,1
7.542966904991772,24.434,velocity_chirp,0,1,,0.0,0.0,-0.008999999612569809,0,1
7.555204204982147,24.446,velocity_chirp,1,2,103.83767700195312,103.93960571289062,-2.26958966255188,-0.03368103876709938,1,1
7.555204204982147,24.446,velocity_chirp,1,1,-7.8804984861065055,-126.48858642578125,0.04371320828795433,0.024483459070324898,2,1
7.555204204982147,24.446,velocity_chirp,0,4,,0.0,-0.0,-0.017999999225139618,0,1
7.555204204982147,24.446,velocity_chirp,0,1,,0.0,0.0,-0.008999999612569809,0,1
7.562630172993522,24.454,velocity_chirp,1,2,103.83767700195312,103.96157836914062,-7.885862827301025,0.25663521885871887,1,1
7.562630172993522,24.454,velocity_chirp,1,1,-8.169620738596368,-126.48858642578125,0.04371320828795433,0.027898473665118217,2,1
7.562630172993522,24.454,velocity_chirp,0,4,,0.0,-0.0,-0.017999999225139618,0,1
7.562630172993522,24.454,velocity_chirp,0,1,,0.0,0.0,-0.008999999612569809,0,1
7.572992934961803,24.464,velocity_chirp,1,2,103.83767700195312,103.9835205078125,10.117203712463379,0.08010318130254745,1,1
7.572992934961803,24.464,velocity_chirp,1,1,-8.169620738596368,-126.48858642578125,0.04371320828795433,0.027255965396761894,2,1
7.572992934961803,24.464,velocity_chirp,0,4,,0.0,-0.0,-0.017999999225139618,0,1
7.572992934961803,24.464,velocity_chirp,0,1,,0.0,0.0,-0.008999999612569809,0,1
7.5826603139867075,24.474,velocity_chirp,1,2,103.83767700195312,103.96157836914062,2.8850717544555664,0.17130494117736816,1,1
7.5826603139867075,24.474,velocity_chirp,1,1,-8.42309129887047,-126.48858642578125,0.04371320828795433,0.016331132501363754,2,1
7.5826603139867075,24.474,velocity_chirp,0,4,,0.0,-0.0,0.006000000052154064,0,1
7.5826603139867075,24.474,velocity_chirp,0,1,,0.0,0.0,-0.008999999612569809,0,1
7.593207953963429,24.484,velocity_chirp,1,2,103.83767700195312,103.96157836914062,-0.4231438636779785,0.1271345019340515,1,1
7.593207953963429,24.484,velocity_chirp,1,1,-8.672400386752956,-126.51055908203125,0.04371320828795433,0.009292753413319588,2,1
7.593207953963429,24.484,velocity_chirp,0,4,,0.0,-0.0,0.006000000052154064,0,1
7.593207953963429,24.484,velocity_chirp,0,1,,0.0,0.0,-0.07699999958276749,0,1
7.602482560963836,24.494,velocity_chirp,1,2,103.83767700195312,103.9835205078125,0.6539496183395386,0.05545603111386299,1,1
7.602482560963836,24.494,velocity_chirp,1,1,-8.88239090226654,-126.51055908203125,0.04371320828795433,0.009608852677047253,2,1
7.602482560963836,24.494,velocity_chirp,0,4,,0.0,-0.0,-0.017999999225139618,0,1
7.602482560963836,24.494,velocity_chirp,0,1,,0.0,0.0,-0.008999999612569809,0,1
7.613245437969454,24.504,velocity_chirp,1,2,103.83767700195312,104.0054931640625,4.654582500457764,0.21892444789409637,1,1
7.613245437969454,24.504,velocity_chirp,1,1,-9.084865390877926,-126.51055908203125,0.04371320828795433,0.013980812393128872,2,1
7.613245437969454,24.504,velocity_chirp,0,4,,0.0,-0.0,0.03200000151991844,0,1
7.613245437969454,24.504,velocity_chirp,0,1,,0.0,0.0,-0.008999999612569809,0,1
7.622420847998001,24.514,velocity_chirp,1,2,103.83767700195312,104.0274658203125,5.578023910522461,0.17855270206928253,1,1
7.622420847998001,24.514,velocity_chirp,1,1,-9.264612610222978,-126.51055908203125,0.04371320828795433,0.01100819744169712,2,1
7.622420847998001,24.514,velocity_chirp,0,4,,0.0,-0.0,-0.06599999964237213,0,1
7.622420847998001,24.514,velocity_chirp,0,1,,0.0,0.0,-0.008999999612569809,0,1
7.633521131996531,24.524,velocity_chirp,1,2,103.83767700195312,103.94821166992188,2.997448444366455,0.18206219375133514,1,1
7.633521131996531,24.524,velocity_chirp,1,1,-9.427130388679974,-126.53253173828125,-4.764739513397217,-0.002887312090024352,2,1
7.633521131996531,24.524,velocity_chirp,0,4,,0.0,-0.0,-0.017999999225139618,0,1
7.633521131996531,24.524,velocity_chirp,0,1,,0.0,0.0,-0.008999999612569809,0,1
7.642860370979179,24.534,velocity_chirp,1,2,103.83767700195312,104.0054931640625,-12.348325729370117,0.319067120552063,1,1
7.642860370979179,24.534,velocity_chirp,1,1,-9.567949739803343,-126.57647705078125,-2.404226541519165,-0.011624842882156372,2,1
7.642860370979179,24.534,velocity_chirp,0,4,,0.0,-0.0,0.054999999701976776,0,1
7.642860370979179,24.534,velocity_chirp,0,1,,0.0,0.0,-0.008999999612569809,0,1
7.652757273986936,24.544,velocity_chirp,1,2,103.83767700195312,103.94253540039062,2.588585376739502,0.06339702755212784,1,1
7.652757273986936,24.544,velocity_chirp,1,1,-9.696162034472186,-126.62042236328125,0.04371320828795433,-0.004086700733751059,2,1
7.652757273986936,24.544,velocity_chirp,0,4,,0.0,-0.0,0.03200000151991844,0,1
7.652757273986936,24.544,velocity_chirp,0,1,,0.0,0.0,-0.008999999612569809,0,1
7.662905729957856,24.554,velocity_chirp,1,2,103.83767700195312,104.0054931640625,4.269906044006348,0.09612014889717102,1,1
7.662905729957856,24.554,velocity_chirp,1,1,-9.696162034472186,-126.62042236328125,1.2676830291748047,0.007196334656327963,2,1
7.662905729957856,24.554,velocity_chirp,0,4,,0.0,-0.0,-0.017999999225139618,0,1
7.662905729957856,24.554,velocity_chirp,0,1,,0.0,0.0,-0.01600000075995922,0,1
7.6728283309494145,24.564,velocity_chirp,1,2,103.83767700195312,104.0274658203125,5.578023910522461,0.13452361524105072,1,1
7.6728283309494145,24.564,velocity_chirp,1,1,-9.797927086221529,-126.59844970703125,0.04371320828795433,0.029413122683763504,2,1
7.6728283309494145,24.564,velocity_chirp,0,4,,0.0,-0.0,0.006000000052154064,0,1
7.6728283309494145,24.564,velocity_chirp,0,1,,0.0,0.0,-0.01600000075995922,0,1
7.6825794379692525,24.574,velocity_chirp,1,2,103.83767700195312,104.0054931640625,9.65559196472168,0.05819964036345482,1,1
7.6825794379692525,24.574,velocity_chirp,1,1,-9.885542227885693,-126.59844970703125,-4.764739513397217,0.010225895792245865,2,1
7.6825794379692525,24.574,velocity_chirp,0,4,,0.0,-0.0,0.006000000052154064,0,1
7.6825794379692525,24.574,velocity_chirp,0,1,,0.0,0.0,-0.008999999612569809,0,1
7.692790953966323,24.584,velocity_chirp,1,2,103.83767700195312,104.0054931640625,-7.270380973815918,0.26173070073127747,1,1
7.692790953966323,24.584,velocity_chirp,1,1,-9.947343342553834,-126.6424560546875,-4.852166175842285,-0.017106054350733757,2,1
7.692790953966323,24.584,velocity_chirp,0,4,,0.0,-0.0,-0.017999999225139618,0,1
7.692790953966323,24.584,velocity_chirp,0,1,,0.0,0.0,-0.008999999612569809,0,1
7.702503397944383,24.594,velocity_chirp,1,2,103.83767700195312,104.0054931640625,-3.7313594818115234,0.17074231803417206,1,1
7.702503397944383,24.594,velocity_chirp,1,1,-9.98245232929475,-126.6864013671875,-1.1802566051483154,-0.021678892895579338,2,1
7.702503397944383,24.594,velocity_chirp,0,4,,0.0,-0.0,0.23800000548362732,0,1
7.702503397944383,24.594,velocity_chirp,0,1,,0.0,0.0,-0.0020000000949949026,0,1
7.7133284319425,24.604,velocity_chirp,1,2,103.83767700195312,103.91131591796875,-4.546858310699463,0.24610844254493713,1,1
7.7133284319425,24.604,velocity_chirp,1,1,-9.99930491801036,-126.6864013671875,2.4916529655456543,-0.018964577466249466,2,1
7.7133284319425,24.604,velocity_chirp,0,4,,0.0,-0.0,0.006000000052154064,0,1
7.7133284319425,24.604,velocity_chirp,0,1,,0.0,0.0,0.05000000074505806,0,1
7.722844304982573,24.614,velocity_chirp,1,2,103.83767700195312,104.0054931640625,4.731517791748047,0.03763877600431442,1,1
7.722844304982573,24.614,velocity_chirp,1,1,-9.994238191825021,-126.6864013671875,0.04371320828795433,-0.011721128597855568,2,1
7.722844304982573,24.614,velocity_chirp,0,4,,0.0,-0.0,-0.017999999225139618,0,1
7.722844304982573,24.614,velocity_chirp,0,1,,0.0,0.0,-0.07699999958276749,0,1
7.73290017695399,24.624,velocity_chirp,1,2,103.83767700195312,103.9227294921875,-6.441852569580078,0.10225041955709457,1,1
7.73290017695399,24.624,velocity_chirp,1,1,-9.966651926359164,-126.6864013671875,0.04371320828795433,-0.018015379086136818,2,1
7.73290017695399,24.624,velocity_chirp,0,4,,0.0,-0.0,0.054999999701976776,0,1
7.73290017695399,24.624,velocity_chirp,0,1,,0.0,0.0,0.05700000002980232,0,1
7.742437078966759,24.634,velocity_chirp,1,2,103.83767700195312,103.9835205078125,0.2692733705043793,-0.014107521623373032,1,1
7.742437078966759,24.634,velocity_chirp,1,1,-9.923487725940856,-126.7303466796875,-4.852166175842285,-0.042762916535139084,2,1
7.742437078966759,24.634,velocity_chirp,0,4,,0.0,-0.0,0.006000000052154064,0,1
7.742437078966759,24.634,velocity_chirp,0,1,,0.0,0.0,-0.008999999612569809,0,1
7.752808737976011,24.644,velocity_chirp,1,2,103.83767700195312,104.0054931640625,-11.50203800201416,-0.044652409851551056,1,1
7.752808737976011,24.644,velocity_chirp,1,1,-9.923487725940856,-126.7742919921875,-6.950400352478027,-0.04744032397866249,2,1
7.752808737976011,24.644,velocity_chirp,0,4,,0.0,-0.0,-0.017999999225139618,0,1
7.752808737976011,24.644,velocity_chirp,0,1,,0.0,0.0,0.05700000002980232,0,1
7.7624840419739485,24.654,velocity_chirp,1,2,103.83767700195312,103.9835205078125,1.1155611276626587,0.04158114641904831,1,1
7.7624840419739485,24.654,velocity_chirp,1,1,-9.85681703157919,-126.7962646484375,0.04371320828795433,-0.05278155952692032,2,1
7.7624840419739485,24.654,velocity_chirp,0,4,,0.0,-0.0,-0.017999999225139618,0,1
7.7624840419739485,24.654,velocity_chirp,0,1,,0.0,0.0,0.05700000002980232,0,1
7.77290424099192,24.664,velocity_chirp,1,2,103.83767700195312,104.0054931640625,9.040109634399414,-0.03754109516739845,1,1
7.77290424099192,24.664,velocity_chirp,1,1,-9.760809817390424,-126.7742919921875,4.32760763168335,-0.03452276065945625,2,1
7.77290424099192,24.664,velocity_chirp,0,4,,0.0,-0.0,0.03200000151991844,0,1
7.77290424099192,24.664,velocity_chirp,0,1,,0.0,0.0,-0.008999999612569809,0,1
7.7827993399696425,24.674,velocity_chirp,1,2,103.83767700195312,103.9835205078125,3.8082947731018066,0.18959881365299225,1,1
7.7827993399696425,24.674,velocity_chirp,1,1,-9.658585133342347,-126.7962646484375,-2.404226541519165,-0.028569012880325317,2,1
7.7827993399696425,24.674,velocity_chirp,0,4,,0.0,-0.0,0.006000000052154064,0,1
7.7827993399696425,24.674,velocity_chirp,0,1,,0.0,0.0,-0.008999999612569809,0,1
7.792794286971912,24.684,velocity_chirp,1,2,103.83767700195312,103.96157836914062,-11.348167419433594,0.1121678501367569,1,1
7.792794286971912,24.684,velocity_chirp,1,1,-9.542599654065345,-126.8182373046875,-4.852166175842285,-0.05474704131484032,2,1
7.792794286971912,24.684,velocity_chirp,0,4,,0.0,-0.0,-0.017999999225139618,0,1
7.792794286971912,24.684,velocity_chirp,0,1,,0.0,0.0,-0.01600000075995922,0,1
7.802427751943469,24.694,velocity_chirp,1,2,103.83767700195312,104.0054931640625,0.6539496183395386,0.05586843192577362,1,1
7.802427751943469,24.694,velocity_chirp,1,1,-9.381712420011844,-126.84014892578125,-4.677313327789307,-0.08048506826162338,2,1
7.802427751943469,24.694,velocity_chirp,0,4,,0.0,-0.0,0.03200000151991844,0,1
7.802427751943469,24.694,velocity_chirp,0,1,,0.0,0.0,-0.0020000000949949026,0,1
7.813391838979442,24.704,velocity_chirp,1,2,103.83767700195312,103.89154052734375,-10.976895332336426,0.17809969186782837,1,1
7.813391838979442,24.704,velocity_chirp,1,1,-9.200816086464915,-126.88409423828125,-4.852166175842285,-0.0838746428489685,2,1
7.813391838979442,24.704,velocity_chirp,0,4,,0.0,-0.0,-0.017999999225139618,0,1
7.813391838979442,24.704,velocity_chirp,0,1,,0.0,0.0,-0.008999999612569809,0,1
7.822889316943474,24.714,velocity_chirp,1,2,103.83767700195312,103.9835205078125,0.11540286988019943,0.12502895295619965,1,1
7.822889316943474,24.714,velocity_chirp,1,1,-9.008782791855799,-126.90606689453125,-4.677313327789307,-0.08926717936992645,2,1
7.822889316943474,24.714,velocity_chirp,0,4,,0.0,-0.0,-0.017999999225139618,0,1
7.822889316943474,24.714,velocity_chirp,0,1,,0.0,0.0,-0.0020000000949949026,0,1
7.83277164096944,24.724,velocity_chirp,1,2,103.83767700195312,103.9000244140625,0.00966978631913662,0.0535888746380806,1,1
7.83277164096944,24.724,velocity_chirp,1,1,-8.784091381722671,-126.90606689453125,0.04371320828795433,-0.08164389431476593,2,1
7.83277164096944,24.724,velocity_chirp,0,4,,0.0,-0.0,-0.017999999225139618,0,1
7.83277164096944,24.724,velocity_chirp,0,1,,0.0,0.0,-0.008999999612569809,0,1
7.842436965962406,24.734,velocity_chirp,1,2,103.83767700195312,103.9835205078125,-0.19233810901641846,-0.028158869594335556,1,1
7.842436965962406,24.734,velocity_chirp,1,1,-8.784091381722671,-126.90606689453125,0.04371320828795433,-0.07122223824262619,2,1
7.842436965962406,24.734,velocity_chirp,0,4,,0.0,-0.0,0.006000000052154064,0,1
7.842436965962406,24.734,velocity_chirp,0,1,,0.0,0.0,-0.008999999612569809,0,1
7.852948197978549,24.744,velocity_chirp,1,2,103.83767700195312,103.96157836914062,-1.6541078090667725,0.06406315416097641,1,1
7.852948197978549,24.744,velocity_chirp,1,1,-8.566588329822164,-126.92803955078125,-4.852166175842285,-0.08359421044588089,2,1
7.852948197978549,24.744,velocity_chirp,0,4,,0.0,-0.0,0.006000000052154064,0,1
7.852948197978549,24.744,velocity_chirp,0,1,,0.0,0.0,-0.008999999612569809,0,1
7.862756502989214,24.754,velocity_chirp,1,2,103.83767700195312,103.9835205078125,-0.3462086021900177,0.29202380776405334,1,1
7.862756502989214,24.754,velocity_chirp,1,1,-8.330941083097867,-126.95001220703125,-7.212679386138916,-0.10763845592737198,2,1
7.862756502989214,24.754,velocity_chirp,0,4,,0.0,-0.0,-0.017999999225139618,0,1
7.862756502989214,24.754,velocity_chirp,0,1,,0.0,0.0,-0.0020000000949949026,0,1
7.87314488296397,24.764,velocity_chirp,1,2,103.83767700195312,103.96157836914062,-10.117203712463379,0.07202578336000443,1,1
7.87314488296397,24.764,velocity_chirp,1,1,-8.03805139573676,-127.0159912109375,-5.376724720001221,-0.1111251637339592,2,1
7.87314488296397,24.764,velocity_chirp,0,4,,0.0,-0.0,-0.017999999225139618,0,1
7.87314488296397,24.764,velocity_chirp,0,1,,0.0,0.0,-0.0020000000949949026,0,1
7.882894436945207,24.774,velocity_chirp,1,2,103.83767700195312,103.96157836914062,-0.5770143270492554,-0.02148362062871456,1,1
7.882894436945207,24.774,velocity_chirp,1,1,-7.776612554124037,-127.08203125,-4.852166175842285,-0.10328160971403122,2,1
7.882894436945207,24.774,velocity_chirp,0,4,,0.0,-0.0,-0.017999999225139618,0,1
7.882894436945207,24.774,velocity_chirp,0,1,,0.0,0.0,-0.008999999612569809,0,1
7.893317982961889,24.784,velocity_chirp,1,2,103.83767700195312,103.93960571289062,-4.80845308303833,-0.05735905468463898,1,1
7.893317982961889,24.784,velocity_chirp,1,1,-7.503848641749231,-127.0599365234375,4.852166175842285,-0.08431144058704376,2,1
7.893317982961889,24.784,velocity_chirp,0,4,,0.0,-0.0,-0.017999999225139618,0,1
7.893317982961889,24.784,velocity_chirp,0,1,,0.0,0.0,-0.008999999612569809,0,1
7.90291400696151,24.794,velocity_chirp,1,2,103.83767700195312,103.96157836914062,1.4233020544052124,-0.022485267370939255,1,1
7.90291400696151,24.794,velocity_chirp,1,1,-7.215914395739174,-127.0379638671875,0.21856604516506195,-0.06309187412261963,2,1
7.90291400696151,24.794,velocity_chirp,0,4,,0.0,-0.0,0.03200000151991844,0,1
7.90291400696151,24.794,velocity_chirp,0,1,,0.0,0.0,-0.20600000023841858,0,1
7.912941264978144,24.804,velocity_chirp,1,2,103.83767700195312,103.87448120117188,-1.4384452104568481,0.14562152326107025,1,1
7.912941264978144,24.804,velocity_chirp,1,1,-6.857444748344194,-127.0379638671875,-3.6281962394714355,-0.07558803260326385,2,1
7.912941264978144,24.804,velocity_chirp,0,4,,0.0,-0.0,-0.017999999225139618,0,1
7.912941264978144,24.804,velocity_chirp,0,1,,0.0,0.0,0.05700000002980232,0,1
7.9234114199643955,24.814,velocity_chirp,1,2,103.83767700195312,103.9835205078125,2.9620070457458496,0.241227924823761,1,1
7.9234114199643955,24.814,velocity_chirp,1,1,-6.473702377642789,-127.08203125,-3.8904755115509033,-0.11235972493886948,2,1
7.9234114199643955,24.814,velocity_chirp,0,4,,0.0,-0.0,-0.017999999225139618,0,1
7.9234114199643955,24.814,velocity_chirp,0,1,,0.0,0.0,-0.008999999612569809,0,1
7.933209003997035,24.824,velocity_chirp,1,2,103.83767700195312,103.89718627929688,6.290594577789307,0.1955607682466507,1,1
7.933209003997035,24.824,velocity_chirp,1,1,-6.138887618786773,-127.10400390625,0.04371320828795433,-0.15781202912330627,2,1
7.933209003997035,24.824,velocity_chirp,0,4,,0.0,-0.0,-0.017999999225139618,0,1
7.933209003997035,24.824,velocity_chirp,0,1,,0.0,0.0,0.06400000303983688,0,1
7.942575554945506,24.834,velocity_chirp,1,2,103.83767700195312,103.9835205078125,-1.1924962997436523,0.19590909779071808,1,1
7.942575554945506,24.834,velocity_chirp,1,1,-5.73566755879588,-127.10400390625,0.04371320828795433,-0.1471613645553589,2,1
7.942575554945506,24.834,velocity_chirp,0,4,,0.0,-0.0,0.006000000052154064,0,1
7.942575554945506,24.834,velocity_chirp,0,1,,0.0,0.0,-0.008999999612569809,0,1
7.952913709974382,24.844,velocity_chirp,1,2,103.83767700195312,103.9835205078125,-11.732843399047852,-0.06691619008779526,1,1
7.952913709974382,24.844,velocity_chirp,1,1,-5.73566755879588,-127.10400390625,0.04371320828795433,-0.15272283554077148,2,1
7.952913709974382,24.844,velocity_chirp,0,4,,0.0,-0.0,-0.017999999225139618,0,1
7.952913709974382,24.844,velocity_chirp,0,1,,0.0,0.0,-0.008999999612569809,0,1
7.962913385999855,24.854,velocity_chirp,1,2,103.83767700195312,103.9835205078125,-2.9620070457458496,0.23500606417655945,1,1
7.962913385999855,24.854,velocity_chirp,1,1,-5.3552454467029555,-127.10400390625,0.04371320828795433,-0.17980895936489105,2,1
7.962913385999855,24.854,velocity_chirp,0,4,,0.0,-0.0,0.006000000052154064,0,1
7.962913385999855,24.854,velocity_chirp,0,1,,0.0,0.0,-0.008999999612569809,0,1
7.9731864289497025,24.864,velocity_chirp,1,2,103.83767700195312,103.9835205078125,4.346841335296631,-0.03113648109138012,1,1
7.9731864289497025,24.864,velocity_chirp,1,1,-4.991539546708838,-127.10400390625,0.04371320828795433,-0.2034406065940857,2,1
7.9731864289497025,24.864,velocity_chirp,0,4,,0.0,-0.0,0.03200000151991844,0,1
7.9731864289497025,24.864,velocity_chirp,0,1,,0.0,0.0,-0.008999999612569809,0,1
7.982706699986011,24.874,velocity_chirp,1,2,103.83767700195312,103.9835205078125,5.8088297843933105,-0.05708800256252289,1,1
7.982706699986011,24.874,velocity_chirp,1,1,-4.614620014854215,-127.1259765625,0.04371320828795433,-0.22093938291072845,2,1
7.982706699986011,24.874,velocity_chirp,0,4,,0.0,-0.0,-0.017999999225139618,0,1
7.982706699986011,24.874,velocity_chirp,0,1,,0.0,0.0,0.05700000002980232,0,1
7.9931337219895795,24.884,velocity_chirp,1,2,103.83767700195312,103.9835205078125,-0.9616906046867371,0.05496852844953537,1,1
7.9931337219895795,24.884,velocity_chirp,1,1,-4.1709118463642225,-127.1259765625,0.04371320828795433,-0.23589102923870087,2,1
7.9931337219895795,24.884,velocity_chirp,0,4,,0.0,-0.0,-0.017999999225139618,0,1
7.9931337219895795,24.884,velocity_chirp,0,1,,0.0,0.0,0.05700000002980232,0,1
8.002597907965537,24.894,velocity_chirp,1,2,103.83767700195312,104.0054931640625,5.654959201812744,-0.06389947980642319,1,1
8.002597907965537,24.894,velocity_chirp,1,1,-3.762383456891904,-127.1259765625,0.04371320828795433,-0.24446868896484375,2,1
8.002597907965537,24.894,velocity_chirp,0,4,,0.0,-0.0,-0.017999999225139618,0,1
8.002597907965537,24.894,velocity_chirp,0,1,,0.0,0.0,-0.008999999612569809,0,1
8.013106053986121,24.904,velocity_chirp,1,2,103.83767700195312,103.9835205078125,4.500711917877197,0.06289042532444,1,1
8.013106053986121,24.904,velocity_chirp,1,1,-3.3009999652148068,-127.1259765625,-4.852166175842285,-0.25072407722473145,2,1
8.013106053986121,24.904,velocity_chirp,0,4,,0.0,-0.0,-0.017999999225139618,0,1
8.013106053986121,24.904,velocity_chirp,0,1,,0.0,0.0,-0.07699999958276749,0,1
8.022732454992365,24.914,velocity_chirp,1,2,103.83767700195312,103.9835205078125,10.040267944335938,0.12607800960540771,1,1
8.022732454992365,24.914,velocity_chirp,1,1,-2.856264741429164,-127.14788818359375,-1.1802566051483154,-0.26026010513305664,2,1
8.022732454992365,24.914,velocity_chirp,0,4,,0.0,-0.0,-0.017999999225139618,0,1
8.022732454992365,24.914,velocity_chirp,0,1,,0.0,0.0,-0.008999999612569809,0,1
8.033120644977316,24.924,velocity_chirp,1,2,103.83767700195312,103.88018798828125,-8.59181022644043,0.14199407398700714,1,1
8.033120644977316,24.924,velocity_chirp,1,1,-2.3860458332449705,-127.14788818359375,0.04371320828795433,-0.270954966545105,2,1
8.033120644977316,24.924,velocity_chirp,0,4,,0.0,-0.0,-0.017999999225139618,0,1
8.033120644977316,24.924,velocity_chirp,0,1,,0.0,0.0,-0.008999999612569809,0,1
8.042868705990259,24.934,velocity_chirp,1,2,103.83767700195312,103.9835205078125,-5.193129062652588,0.24816420674324036,1,1
8.042868705990259,24.934,velocity_chirp,1,1,-1.9508438938810582,-127.14788818359375,0.04371320828795433,-0.2750559449195862,2,1
8.042868705990259,24.934,velocity_chirp,0,4,,0.0,-0.0,-0.017999999225139618,0,1
8.042868705990259,24.934,velocity_chirp,0,1,,0.0,0.0,-0.008999999612569809,0,1
8.05291482998291,24.944,velocity_chirp,1,2,103.83767700195312,103.88864135742188,6.591029644012451,0.23775914311408997,1,1
8.05291482998291,24.944,velocity_chirp,1,1,-1.4490928800352187,-127.14788818359375,0.04371320828795433,-0.2805938422679901,2,1
8.05291482998291,24.944,velocity_chirp,0,4,,0.0,-0.0,0.006000000052154064,0,1
8.05291482998291,24.944,velocity_chirp,0,1,,0.0,0.0,-0.008999999612569809,0,1
8.062535529956222,24.954,velocity_chirp,1,2,103.83767700195312,103.9835205078125,-3.7313594818115234,0.28391534090042114,1,1
8.062535529956222,24.954,velocity_chirp,1,1,-1.4490928800352187,-127.14788818359375,0.04371320828795433,-0.2823598384857178,2,1
8.062535529956222,24.954,velocity_chirp,0,4,,0.0,-0.0,0.03200000151991844,0,1
8.062535529956222,24.954,velocity_chirp,0,1,,0.0,0.0,-0.008999999612569809,0,1
8.072957543947268,24.964,velocity_chirp,1,2,103.83767700195312,103.9835205078125,2.731201171875,-0.03621712699532509,1,1
8.072957543947268,24.964,velocity_chirp,1,1,-1.0046453216083235,-127.14788818359375,0.04371320828795433,-0.2862876057624817,2,1
8.072957543947268,24.964,velocity_chirp,0,4,,0.0,-0.0,-0.017999999225139618,0,1
8.072957543947268,24.964,velocity_chirp,0,1,,0.0,0.0,-0.008999999612569809,0,1
8.08277412399184,24.974,velocity_chirp,1,2,103.83767700195312,103.9835205078125,3.7313594818115234,0.15895973145961761,1,1
8.08277412399184,24.974,velocity_chirp,1,1,-0.5606763288492195,-127.14788818359375,0.04371320828795433,-0.2865002453327179,2,1
8.08277412399184,24.974,velocity_chirp,0,4,,0.0,-0.0,-0.017999999225139618,0,1
8.08277412399184,24.974,velocity_chirp,0,1,,0.0,0.0,-0.008999999612569809,0,1
8.092817903961986,24.984,velocity_chirp,1,2,103.83767700195312,103.96157836914062,2.9620070457458496,0.0370224267244339,1,1
8.092817903961986,24.984,velocity_chirp,1,1,-0.04329675318563442,-127.14788818359375,0.04371320828795433,-0.2937505543231964,2,1
8.092817903961986,24.984,velocity_chirp,0,4,,0.0,-0.0,0.006000000052154064,0,1
8.092817903961986,24.984,velocity_chirp,0,1,,0.0,0.0,0.05000000074505806,0,1
8.103114098950755,24.994,velocity_chirp,1,2,103.83767700195312,103.9835205078125,-3.962165117263794,0.26810985803604126,1,1
8.103114098950755,24.994,velocity_chirp,1,1,0.4773152677168663,-127.14788818359375,0.04371320828795433,-0.2942289412021637,2,1
8.103114098950755,24.994,velocity_chirp,0,4,,0.0,-0.0,-0.017999999225139618,0,1
8.103114098950755,24.994,velocity_chirp,0,1,,0.0,0.0,0.06400000303983688,0,1
8.112984110950492,25.004,velocity_chirp,1,2,103.83767700195312,103.88302612304688,5.420897483825684,0.12034807354211807,1,1
8.112984110950492,25.004,velocity_chirp,1,1,0.9232555930715626,-127.14788818359375,0.04371320828795433,-0.29465433955192566,2,1
8.112984110950492,25.004,velocity_chirp,0,4,,0.0,-0.0,0.006000000052154064,0,1
8.112984110950492,25.004,velocity_chirp,0,1,,0.0,0.0,-0.0020000000949949026,0,1
8.122852238942869,25.014,velocity_chirp,1,2,103.83767700195312,103.96157836914062,7.501405239105225,0.12188329547643661,1,1
8.122852238942869,25.014,velocity_chirp,1,1,1.3490811411272583,-127.14788818359375,0.04371320828795433,-0.2934984862804413,2,1
8.122852238942869,25.014,velocity_chirp,0,4,,0.0,-0.0,0.006000000052154064,0,1
8.122852238942869,25.014,velocity_chirp,0,1,,0.0,0.0,-0.008999999612569809,0,1
8.133865006966516,25.024,velocity_chirp,1,2,103.83767700195312,103.89154052734375,-3.0753986835479736,-0.06568437814712524,1,1
8.133865006966516,25.024,velocity_chirp,1,1,1.8459101564463396,-127.14788818359375,0.04371320828795433,-0.2935112416744232,2,1
8.133865006966516,25.024,velocity_chirp,0,4,,0.0,-0.0,-0.017999999225139618,0,1
8.133865006966516,25.024,velocity_chirp,0,1,,0.0,0.0,0.05700000002980232,0,1
8.142658976954408,25.034,velocity_chirp,1,2,103.83767700195312,103.96157836914062,1.1924962997436523,0.009284290485084057,1,1
8.142658976954408,25.034,velocity_chirp,1,1,2.3297599109735194,-127.14788818359375,0.04371320828795433,-0.28873932361602783,2,1
8.142658976954408,25.034,velocity_chirp,0,4,,0.0,-0.0,-0.017999999225139618,0,1
8.142658976954408,25.034,velocity_chirp,0,1,,0.0,0.0,-0.07699999958276749,0,1
8.152800440962892,25.044,velocity_chirp,1,2,103.83767700195312,103.86318969726562,0.6216200590133667,0.2186315953731537,1,1
8.152800440962892,25.044,velocity_chirp,1,1,2.773328191852171,-127.14788818359375,0.04371320828795433,-0.28885170817375183,2,1
8.152800440962892,25.044,velocity_chirp,0,4,,0.0,-0.0,-0.017999999225139618,0,1
8.152800440962892,25.044,velocity_chirp,0,1,,0.0,0.0,-0.008999999612569809,0,1
8.16259551094845,25.054,velocity_chirp,1,2,103.83767700195312,103.96157836914062,-4.885388374328613,0.13887669146060944,1,1
8.16259551094845,25.054,velocity_chirp,1,1,2.773328191852171,-127.14788818359375,0.04371320828795433,-0.28394487500190735,2,1
8.16259551094845,25.054,velocity_chirp,0,4,,0.0,-0.0,0.03200000151991844,0,1
8.16259551094845,25.054,velocity_chirp,0,1,,0.0,0.0,-0.008999999612569809,0,1
8.17325264797546,25.064,velocity_chirp,1,2,103.83767700195312,103.9835205078125,9.270915985107422,0.25417381525039673,1,1
8.17325264797546,25.064,velocity_chirp,1,1,3.2154140015870496,-127.14788818359375,0.04371320828795433,-0.28248995542526245,2,1
8.17325264797546,25.064,velocity_chirp,0,4,,0.0,-0.0,-0.017999999225139618,0,1
8.17325264797546,25.064,velocity_chirp,0,1,,0.0,0.0,0.05700000002980232,0,1
8.182900519983377,25.074,velocity_chirp,1,2,103.83767700195312,103.93960571289062,-1.7310431003570557,0.0018254080787301064,1,1
8.182900519983377,25.074,velocity_chirp,1,1,3.6496050533361357,-127.14788818359375,0.04371320828795433,-0.2770104706287384,2,1
8.182900519983377,25.074,velocity_chirp,0,4,,0.0,-0.0,-0.017999999225139618,0,1
8.182900519983377,25.074,velocity_chirp,0,1,,0.0,0.0,-0.01600000075995922,0,1
8.192840773961507,25.084,velocity_chirp,1,2,103.83767700195312,103.96157836914062,0.2692733705043793,0.12809374928474426,1,1
8.192840773961507,25.084,velocity_chirp,1,1,4.124659714193617,-127.14788818359375,0.04371320828795433,-0.2749527096748352,2,1
8.192840773961507,25.084,velocity_chirp,0,4,,0.0,-0.0,0.054999999701976776,0,1
8.192840773961507,25.084,velocity_chirp,0,1,,0.0,0.0,-0.008999999612569809,0,1
8.202781177998986,25.094,velocity_chirp,1,2,103.83767700195312,103.96157836914062,2.808136463165283,0.1069767028093338,1,1
8.202781177998986,25.094,velocity_chirp,1,1,4.588934207675857,-127.14788818359375,0.04371320828795433,-0.26567116379737854,2,1
8.202781177998986,25.094,velocity_chirp,0,4,,0.0,-0.0,-0.017999999225139618,0,1
8.202781177998986,25.094,velocity_chirp,0,1,,0.0,0.0,-0.008999999612569809,0,1
8.213046074961312,25.104,velocity_chirp,1,2,103.83767700195312,103.88864135742188,-1.8426495790481567,0.07771938294172287,1,1
8.213046074961312,25.104,velocity_chirp,1,1,4.973968323509145,-127.14788818359375,0.04371320828795433,-0.25779640674591064,2,1
8.213046074961312,25.104,velocity_chirp,0,4,,0.0,-0.0,0.03200000151991844,0,1
8.213046074961312,25.104,velocity_chirp,0,1,,0.0,0.0,-0.008999999612569809,0,1
8.22286257497035,25.114,velocity_chirp,1,2,103.83767700195312,103.96157836914062,-6.039416790008545,0.054772090166807175,1,1
8.22286257497035,25.114,velocity_chirp,1,1,5.357325048842552,-127.14788818359375,0.04371320828795433,-0.24680562317371368,2,1
8.22286257497035,25.114,velocity_chirp,0,4,,0.0,-0.0,0.054999999701976776,0,1
8.22286257497035,25.114,velocity_chirp,0,1,,0.0,0.0,0.05700000002980232,0,1
8.233087656961288,25.124,velocity_chirp,1,2,103.83767700195312,103.87734985351562,-1.7044779062271118,0.12829501926898956,1,1
8.233087656961288,25.124,velocity_chirp,1,1,5.773041275247079,-127.14788818359375,0.04371320828795433,-0.24074804782867432,2,1
8.233087656961288,25.124,velocity_chirp,0,4,,0.0,-0.0,0.054999999701976776,0,1
8.233087656961288,25.124,velocity_chirp,0,1,,0.0,0.0,-0.07699999958276749,0,1
8.243005558964796,25.134,velocity_chirp,1,2,103.83767700195312,103.96157836914062,-3.3466832637786865,0.06136240437626839,1,1
8.243005558964796,25.134,velocity_chirp,1,1,6.133983249418417,-127.14788818359375,0.04371320828795433,-0.22956830263137817,2,1
8.243005558964796,25.134,velocity_chirp,0,4,,0.0,-0.0,0.03200000151991844,0,1
8.243005558964796,25.134,velocity_chirp,0,1,,0.0,0.0,-0.008999999612569809,0,1
8.253103209950496,25.144,velocity_chirp,1,2,103.83767700195312,103.87164306640625,2.377610445022583,0.07765187323093414,1,1
8.253103209950496,25.144,velocity_chirp,1,1,6.546247007521612,-127.14788818359375,0.04371320828795433,-0.22281767427921295,2,1
8.253103209950496,25.144,velocity_chirp,0,4,,0.0,-0.0,-0.017999999225139618,0,1
8.253103209950496,25.144,velocity_chirp,0,1,,0.0,0.0,-0.008999999612569809,0,1
8.263131299987435,25.154,velocity_chirp,1,2,103.83767700195312,103.9835205078125,9.809462547302246,-0.03005354106426239,1,1
8.263131299987435,25.154,velocity_chirp,1,1,6.871728742630293,-127.14788818359375,0.04371320828795433,-0.21188955008983612,2,1
8.263131299987435,25.154,velocity_chirp,0,4,,0.0,-0.0,-0.017999999225139618,0,1
8.263131299987435,25.154,velocity_chirp,0,1,,0.0,0.0,-0.008999999612569809,0,1
8.273345620953478,25.164,velocity_chirp,1,2,103.83767700195312,103.96157836914062,-9.34763240814209,-0.013236287981271744,1,1
8.273345620953478,25.164,velocity_chirp,1,1,7.192991693245011,-127.14788818359375,0.04371320828795433,-0.21099446713924408,2,1
8.273345620953478,25.164,velocity_chirp,0,4,,0.0,-0.0,-0.017999999225139618,0,1
8.273345620953478,25.164,velocity_chirp,0,1,,0.0,0.0,-0.0020000000949949026,0,1
8.282710237952415,25.174,velocity_chirp,1,2,103.83767700195312,103.96157836914062,2.9620070457458496,0.08723068982362747,1,1
8.282710237952415,25.174,velocity_chirp,1,1,7.192991693245011,-127.14788818359375,4.939592361450195,-0.19590355455875397,2,1
8.282710237952415,25.174,velocity_chirp,0,4,,0.0,-0.0,-0.017999999225139618,0,1
8.282710237952415,25.174,velocity_chirp,0,1,,0.0,0.0,-0.008999999612569809,0,1
8.29282583296299,25.184,velocity_chirp,1,2,103.83767700195312,103.96157836914062,7.655275821685791,0.1495504528284073,1,1
8.29282583296299,25.184,velocity_chirp,1,1,7.48796674006853,-127.14788818359375,0.04371320828795433,-0.19206015765666962,2,1
8.29282583296299,25.184,velocity_chirp,0,4,,0.0,-0.0,0.006000000052154064,0,1
8.29282583296299,25.184,velocity_chirp,0,1,,0.0,0.0,-0.008999999612569809,0,1
8.30267065699445,25.194,velocity_chirp,1,2,103.83767700195312,103.9835205078125,8.578498840332031,0.034687016159296036,1,1
8.30267065699445,25.194,velocity_chirp,1,1,7.77293599019476,-127.14788818359375,0.04371320828795433,-0.18365684151649475,2,1
8.30267065699445,25.194,velocity_chirp,0,4,,0.0,-0.0,0.006000000052154064,0,1
8.30267065699445,25.194,velocity_chirp,0,1,,0.0,0.0,-0.008999999612569809,0,1
8.312960009963717,25.204,velocity_chirp,1,2,103.83767700195312,103.9835205078125,-1.6541078090667725,0.141373872756958,1,1
8.312960009963717,25.204,velocity_chirp,1,1,8.09312730724545,-127.14788818359375,0.04371320828795433,-0.17648844420909882,2,1
8.312960009963717,25.204,velocity_chirp,0,4,,0.0,-0.0,0.03200000151991844,0,1
8.312960009963717,25.204,velocity_chirp,0,1,,0.0,0.0,-0.008999999612569809,0,1
8.32286081899656,25.214,velocity_chirp,1,2,103.83767700195312,103.96157836914062,-1.3463667631149292,0.060823798179626465,1,1
8.32286081899656,25.214,velocity_chirp,1,1,8.349672778597741,-127.1259765625,0.04371320828795433,-0.1660887449979782,2,1
8.32286081899656,25.214,velocity_chirp,0,4,,0.0,-0.0,0.054999999701976776,0,1
8.32286081899656,25.214,velocity_chirp,0,1,,0.0,0.0,-0.0020000000949949026,0,1
8.332874481973704,25.224,velocity_chirp,1,2,103.83767700195312,103.93960571289062,-8.270539283752441,0.08297161012887955,1,1
8.332874481973704,25.224,velocity_chirp,1,1,8.623854381964714,-127.1259765625,0.04371320828795433,-0.16105273365974426,2,1
8.332874481973704,25.224,velocity_chirp,0,4,,0.0,-0.0,0.006000000052154064,0,1
8.332874481973704,25.224,velocity_chirp,0,1,,0.0,0.0,-0.008999999612569809,0,1
8.342544244951569,25.234,velocity_chirp,1,2,103.83767700195312,103.96157836914062,-0.3462086021900177,0.07503853738307953,1,1
8.342544244951569,25.234,velocity_chirp,1,1,8.841594862939882,-127.1259765625,0.04371320828795433,-0.15479308366775513,2,1
8.342544244951569,25.234,velocity_chirp,0,4,,0.0,-0.0,-0.017999999225139618,0,1
8.342544244951569,25.234,velocity_chirp,0,1,,0.0,0.0,-0.01600000075995922,0,1
8.35357756196754,25.244,velocity_chirp,1,2,103.83767700195312,103.88018798828125,9.755651473999023,-0.036664895713329315,1,1
8.35357756196754,25.244,velocity_chirp,1,1,9.074926170223677,-127.1259765625,0.30599245429039,-0.13928242027759552,2,1
8.35357756196754,25.244,velocity_chirp,0,4,,0.0,-0.0,-0.017999999225139618,0,1
8.35357756196754,25.244,velocity_chirp,0,1,,0.0,0.0,-0.008999999612569809,0,1
8.3625934109441,25.254,velocity_chirp,1,2,103.83767700195312,103.96157836914062,-6.193287372589111,0.07502201944589615,1,1
8.3625934109441,25.254,velocity_chirp,1,1,9.26646906483527,-127.1259765625,0.04371320828795433,-0.12016862630844116,2,1
8.3625934109441,25.254,velocity_chirp,0,4,,0.0,-0.0,0.006000000052154064,0,1
8.3625934109441,25.254,velocity_chirp,0,1,,0.0,0.0,-0.008999999612569809,0,1
8.373133206972852,25.264,velocity_chirp,1,2,103.83767700195312,103.88302612304688,-1.7367852926254272,-0.1796754002571106,1,1
8.373133206972852,25.264,velocity_chirp,1,1,9.444845905489434,-127.1259765625,0.04371320828795433,-0.1175498217344284,2,1
8.373133206972852,25.264,velocity_chirp,0,4,,0.0,-0.0,0.03200000151991844,0,1
8.373133206972852,25.264,velocity_chirp,0,1,,0.0,0.0,-0.0020000000949949026,0,1
8.382875777955633,25.274,velocity_chirp,1,2,103.83767700195312,103.96157836914062,2.346524953842163,0.09571259468793869,1,1
8.382875777955633,25.274,velocity_chirp,1,1,9.58109083439965,-127.1259765625,0.04371320828795433,-0.10555099695920944,2,1
8.382875777955633,25.274,velocity_chirp,0,4,,0.0,-0.0,-0.017999999225139618,0,1
8.382875777955633,25.274,velocity_chirp,0,1,,0.0,0.0,-0.008999999612569809,0,1
8.392932891962118,25.284,velocity_chirp,1,2,103.83767700195312,103.96157836914062,7.270599365234375,0.03936401382088661,1,1
8.392932891962118,25.284,velocity_chirp,1,1,9.58109083439965,-127.10400390625,0.04371320828795433,-0.10131875425577164,2,1
8.392932891962118,25.284,velocity_chirp,0,4,,0.0,-0.0,0.03200000151991844,0,1
8.392932891962118,25.284,velocity_chirp,0,1,,0.0,0.0,-0.0020000000949949026,0,1
8.402558331959881,25.294,velocity_chirp,1,2,103.83767700195312,103.96157836914062,2.346524953842163,-0.04796556755900383,1,1
8.402558331959881,25.294,velocity_chirp,1,1,9.705223543748803,-127.10400390625,1.2676830291748047,-0.08933977782726288,2,1
8.402558331959881,25.294,velocity_chirp,0,4,,0.0,-0.0,0.006000000052154064,0,1
8.402558331959881,25.294,velocity_chirp,0,1,,0.0,0.0,-0.008999999612569809,0,1
8.413166646962054,25.304,velocity_chirp,1,2,103.83767700195312,103.96157836914062,13.502354621887207,0.13811200857162476,1,1
8.413166646962054,25.304,velocity_chirp,1,1,9.817115150958982,-127.10400390625,0.04371320828795433,-0.07935979962348938,2,1
8.413166646962054,25.304,velocity_chirp,0,4,,0.0,-0.0,-0.017999999225139618,0,1
8.413166646962054,25.304,velocity_chirp,0,1,,0.0,0.0,-0.008999999612569809,0,1
8.422514442994725,25.314,velocity_chirp,1,2,103.83767700195312,103.93960571289062,1.7310431003570557,0.01694737933576107,1,1
8.422514442994725,25.314,velocity_chirp,1,1,9.89665883034331,-127.10400390625,0.04371320828795433,-0.0707034170627594,2,1
8.422514442994725,25.314,velocity_chirp,0,4,,0.0,-0.0,0.006000000052154064,0,1
8.422514442994725,25.314,velocity_chirp,0,1,,0.0,0.0,-0.008999999612569809,0,1
8.4329395419918,25.324,velocity_chirp,1,2,103.83767700195312,103.93960571289062,4.116035461425781,-0.09529073536396027,1,1
8.4329395419918,25.324,velocity_chirp,1,1,9.955259842943608,-127.10400390625,0.04371320828795433,-0.06327968835830688,2,1
8.4329395419918,25.324,velocity_chirp,0,4,,0.0,-0.0,0.03200000151991844,0,1
8.4329395419918,25.324,velocity_chirp,0,1,,0.0,0.0,-0.008999999612569809,0,1
8.442578777961899,25.334,velocity_chirp,1,2,103.83767700195312,103.93960571289062,-3.500553607940674,0.022910282015800476,1,1
8.442578777961899,25.334,velocity_chirp,1,1,9.9888434010527,-127.08203125,9.83569049835205,-0.05789497494697571,2,1
8.442578777961899,25.334,velocity_chirp,0,4,,0.0,-0.0,-0.017999999225139618,0,1
8.442578777961899,25.334,velocity_chirp,0,1,,0.0,0.0,-0.008999999612569809,0,1
8.453668931964785,25.344,velocity_chirp,1,2,103.83767700195312,103.85745239257812,-6.984068870544434,-0.041451722383499146,1,1
8.453668931964785,25.344,velocity_chirp,1,1,9.999894645910857,-127.08203125,0.04371320828795433,-0.041700057685375214,2,1
8.453668931964785,25.344,velocity_chirp,0,4,,0.0,-0.0,0.054999999701976776,0,1
8.453668931964785,25.344,velocity_chirp,0,1,,0.0,0.0,0.06400000303983688,0,1
8.462950742978137,25.354,velocity_chirp,1,2,103.83767700195312,103.96157836914062,-0.6539496183395386,0.11566904187202454,1,1
8.462950742978137,25.354,velocity_chirp,1,1,9.985563534721939,-127.0599365234375,4.41503381729126,-0.03466718643903732,2,1
8.462950742978137,25.354,velocity_chirp,0,4,,0.0,-0.0,-0.017999999225139618,0,1
8.462950742978137,25.354,velocity_chirp,0,1,,0.0,0.0,-0.008999999612569809,0,1
8.472822266980074,25.364,velocity_chirp,1,2,103.83767700195312,103.89154052734375,11.333096504211426,0.007906105369329453,1,1
8.472822266980074,25.364,velocity_chirp,1,1,9.944511346894876,-127.0159912109375,4.852166175842285,-0.04100925102829933,2,1
8.472822266980074,25.364,velocity_chirp,0,4,,0.0,-0.0,-0.017999999225139618,0,1
8.472822266980074,25.364,velocity_chirp,0,1,,0.0,0.0,-0.008999999612569809,0,1
8.482557754963636,25.374,velocity_chirp,1,2,103.83767700195312,103.96157836914062,4.269906044006348,0.08294723182916641,1,1
8.482557754963636,25.374,velocity_chirp,1,1,9.944511346894876,-127.0159912109375,-4.852166175842285,-0.04677065834403038,2,1
8.482557754963636,25.374,velocity_chirp,0,4,,0.0,-0.0,-0.017999999225139618,0,1
8.482557754963636,25.374,velocity_chirp,0,1,,0.0,0.0,-0.008999999612569809,0,1
8.492994104977697,25.384,velocity_chirp,1,2,103.83767700195312,103.93960571289062,-0.19233810901641846,0.025953495875000954,1,1
8.492994104977697,25.384,velocity_chirp,1,1,9.88579450251859,-127.0379638671875,-0.5682716965675354,-0.0592510811984539,2,1
8.492994104977697,25.384,velocity_chirp,0,4,,0.0,-0.0,0.03200000151991844,0,1
8.492994104977697,25.384,velocity_chirp,0,1,,0.0,0.0,-0.008999999612569809,0,1
8.502844499947969,25.394,velocity_chirp,1,2,103.83767700195312,103.96157836914062,-2.808136463165283,0.11433232575654984,1,1
8.502844499947969,25.394,velocity_chirp,1,1,9.805377108368932,-127.0159912109375,0.04371320828795433,-0.052508946508169174,2,1
8.502844499947969,25.394,velocity_chirp,0,4,,0.0,-0.0,-0.017999999225139618,0,1
8.502844499947969,25.394,velocity_chirp,0,1,,0.0,0.0,-0.008999999612569809,0,1
8.513131477986462,25.404,velocity_chirp,1,2,103.83767700195312,103.93960571289062,1.5002373456954956,-0.18574708700180054,1,1
8.513131477986462,25.404,velocity_chirp,1,1,9.687053570971207,-126.9940185546875,0.04371320828795433,-0.035693954676389694,2,1
8.513131477986462,25.404,velocity_chirp,0,4,,0.0,-0.0,-0.06599999964237213,0,1
8.513131477986462,25.404,velocity_chirp,0,1,,0.0,0.0,-0.008999999612569809,0,1
8.522705319977831,25.414,velocity_chirp,1,2,103.83767700195312,103.93960571289062,2.5003955364227295,-0.009504602290689945,1,1
8.522705319977831,25.414,velocity_chirp,1,1,9.56202177892985,-126.97198486328125,4.939592361450195,-0.025292327627539635,2,1
8.522705319977831,25.414,velocity_chirp,0,4,,0.0,-0.0,0.006000000052154064,0,1
8.522705319977831,25.414,velocity_chirp,0,1,,0.0,0.0,0.05700000002980232,0,1
8.53296317398781,25.424,velocity_chirp,1,2,103.83767700195312,103.93960571289062,0.5770143270492554,0.19083617627620697,1,1
8.53296317398781,25.424,velocity_chirp,1,1,9.395864692767521,-126.92803955078125,0.04371320828795433,-0.030650073662400246,2,1
8.53296317398781,25.424,velocity_chirp,0,4,,0.0,-0.0,-0.017999999225139618,0,1
8.53296317398781,25.424,velocity_chirp,0,1,,0.0,0.0,-0.0020000000949949026,0,1
8.54266541794641,25.434,velocity_chirp,1,2,103.83767700195312,103.96157836914062,-3.88523006439209,-0.1016632691025734,1,1
8.54266541794641,25.434,velocity_chirp,1,1,9.23046847782213,-126.95001220703125,-4.764739513397217,-0.0368911474943161,2,1
8.54266541794641,25.434,velocity_chirp,0,4,,0.0,-0.0,0.006000000052154064,0,1
8.54266541794641,25.434,velocity_chirp,0,1,,0.0,0.0,-0.008999999612569809,0,1
8.55665834195679,25.447,velocity_chirp,1,2,103.83767700195312,103.93960571289062,-4.654582500457764,-0.1016632691025734,1,1
8.55665834195679,25.447,velocity_chirp,1,1,9.013356365751534,-126.95001220703125,0.04371320828795433,-0.0368911474943161,2,1
8.55665834195679,25.447,velocity_chirp,0,4,,0.0,-0.0,0.054999999701976776,0,1
8.55665834195679,25.447,velocity_chirp,0,1,,0.0,0.0,-0.008999999612569809,0,1
8.562948195962235,25.454,velocity_chirp,1,2,103.83767700195312,103.96157836914062,-1.1155611276626587,0.18669754266738892,1,1
8.562948195962235,25.454,velocity_chirp,1,1,8.776438167600704,-126.95001220703125,0.04371320828795433,-0.0451197624206543,2,1
8.562948195962235,25.454,velocity_chirp,0,4,,0.0,-0.0,0.054999999701976776,0,1
8.562948195962235,25.454,velocity_chirp,0,1,,0.0,0.0,-0.008999999612569809,0,1
8.57281163497828,25.464,velocity_chirp,1,2,103.83767700195312,103.93960571289062,-6.116352081298828,0.20180252194404602,1,1
8.57281163497828,25.464,velocity_chirp,1,1,8.535106699374417,-126.92803955078125,2.4916529655456543,-0.026217231526970863,2,1
8.57281163497828,25.464,velocity_chirp,0,4,,0.0,-0.0,-0.017999999225139618,0,1
8.57281163497828,25.464,velocity_chirp,0,1,,0.0,0.0,-0.008999999612569809,0,1
8.58278088294901,25.474,velocity_chirp,1,2,103.83767700195312,103.93960571289062,-1.0386258363723755,-0.023245224729180336,1,1
8.58278088294901,25.474,velocity_chirp,1,1,8.535106699374417,-126.88409423828125,4.939592361450195,-0.00412184139713645,2,1
8.58278088294901,25.474,velocity_chirp,0,4,,0.0,-0.0,-0.017999999225139618,0,1
8.58278088294901,25.474,velocity_chirp,0,1,,0.0,0.0,-0.0020000000949949026,0,1
8.592832546972204,25.484,velocity_chirp,1,2,103.83767700195312,103.93960571289062,-3.6544241905212402,0.11853580176830292,1,1
8.592832546972204,25.484,velocity_chirp,1,1,8.273411584097833,-126.84014892578125,0.30599245429039,-0.005895230919122696,2,1
8.592832546972204,25.484,velocity_chirp,0,4,,0.0,-0.0,0.006000000052154064,0,1
8.592832546972204,25.484,velocity_chirp,0,1,,0.0,0.0,-0.008999999612569809,0,1
8.602783140959218,25.494,velocity_chirp,1,2,103.83767700195312,103.96157836914062,6.885922908782959,-0.048415809869766235,1,1
8.602783140959218,25.494,velocity_chirp,1,1,8.01366929824669,-126.84014892578125,-0.21856604516506195,-0.010159645229578018,2,1
8.602783140959218,25.494,velocity_chirp,0,4,,0.0,-0.0,0.054999999701976776,0,1
8.602783140959218,25.494,velocity_chirp,0,1,,0.0,0.0,-0.008999999612569809,0,1
8.613034641952254,25.504,velocity_chirp,1,2,103.83767700195312,103.96157836914062,-5.962481498718262,0.3740561604499817,1,1
8.613034641952254,25.504,velocity_chirp,1,1,7.67666044805782,-126.86212158203125,0.04371320828795433,-0.036388177424669266,2,1
8.613034641952254,25.504,velocity_chirp,0,4,,0.0,-0.0,-0.017999999225139618,0,1
8.613034641952254,25.504,velocity_chirp,0,1,,0.0,0.0,-0.07699999958276749,0,1
8.622913219965994,25.514,velocity_chirp,1,2,103.83767700195312,103.93960571289062,1.3463667631149292,0.20201556384563446,1,1
8.622913219965994,25.514,velocity_chirp,1,1,7.370398358229141,-126.86212158203125,0.04371320828795433,-0.030877256765961647,2,1
8.622913219965994,25.514,velocity_chirp,0,4,,0.0,-0.0,0.054999999701976776,0,1
8.622913219965994,25.514,velocity_chirp,0,1,,0.0,0.0,-0.07000000029802322,0,1
8.633043261943385,25.524,velocity_chirp,1,2,103.83767700195312,103.96157836914062,1.4233020544052124,0.16519613564014435,1,1
8.633043261943385,25.524,velocity_chirp,1,1,6.999560071329077,-126.8182373046875,0.04371320828795433,-0.004397074691951275,2,1
8.633043261943385,25.524,velocity_chirp,0,4,,0.0,-0.0,0.006000000052154064,0,1
8.633043261943385,25.524,velocity_chirp,0,1,,0.0,0.0,-0.008999999612569809,0,1
8.642867185990326,25.534,velocity_chirp,1,2,103.83767700195312,103.93960571289062,2.808136463165283,-0.13621973991394043,1,1
8.642867185990326,25.534,velocity_chirp,1,1,6.666858676960686,-126.8182373046875,0.04371320828795433,0.012001904658973217,2,1
8.642867185990326,25.534,velocity_chirp,0,4,,0.0,-0.0,0.03200000151991844,0,1
8.642867185990326,25.534,velocity_chirp,0,1,,0.0,0.0,-0.008999999612569809,0,1
8.653188940952532,25.544,velocity_chirp,1,2,103.83767700195312,103.86318969726562,6.15718412399292,0.1704789400100708,1,1
8.653188940952532,25.544,velocity_chirp,1,1,6.250072552677955,-126.7962646484375,2.4916529655456543,0.014891029335558414,2,1
8.653188940952532,25.544,velocity_chirp,0,4,,0.0,-0.0,-0.017999999225139618,0,1
8.653188940952532,25.544,velocity_chirp,0,1,,0.0,0.0,-0.008999999612569809,0,1
8.663380478974432,25.554,velocity_chirp,1,2,103.83767700195312,103.96157836914062,-5.270064353942871,0.06309311091899872,1,1
8.663380478974432,25.554,velocity_chirp,1,1,5.891632411752096,-126.7742919921875,0.04371320828795433,0.018874026834964752,2,1
8.663380478974432,25.554,velocity_chirp,0,4,,0.0,-0.0,0.006000000052154064,0,1
8.663380478974432,25.554,velocity_chirp,0,1,,0.0,0.0,-0.008999999612569809,0,1
8.673170538968407,25.564,velocity_chirp,1,2,103.83767700195312,103.91763305664062,-1.0386258363723755,0.19411545991897583,1,1
8.673170538968407,25.564,velocity_chirp,1,1,5.500671319435103,-126.7742919921875,0.04371320828795433,0.017070665955543518,2,1
8.673170538968407,25.564,velocity_chirp,0,4,,0.0,-0.0,0.006000000052154064,0,1
8.673170538968407,25.564,velocity_chirp,0,1,,0.0,0.0,0.05700000002980232,0,1
8.682882722991053,25.574,velocity_chirp,1,2,103.83767700195312,103.93960571289062,-6.654898643493652,0.024545181542634964,1,1
8.682882722991053,25.574,velocity_chirp,1,1,5.04930401814708,-126.7742919921875,0.04371320828795433,0.021681515499949455,2,1
8.682882722991053,25.574,velocity_chirp,0,4,,0.0,-0.0,-0.017999999225139618,0,1
8.682882722991053,25.574,velocity_chirp,0,1,,0.0,0.0,-0.008999999612569809,0,1
8.692874493950512,25.584,velocity_chirp,1,2,103.83767700195312,103.93960571289062,0.11540286988019943,-0.08525088429450989,1,1
8.692874493950512,25.584,velocity_chirp,1,1,5.04930401814708,-126.7523193359375,0.6556981205940247,0.029138926416635513,2,1
8.692874493950512,25.584,velocity_chirp,0,4,,0.0,-0.0,-0.20100000500679016,0,1
8.692874493950512,25.584,velocity_chirp,0,1,,0.0,0.0,-0.0020000000949949026,0,1
8.702791503979824,25.594,velocity_chirp,1,2,103.83767700195312,103.93960571289062,-0.4231438636779785,0.14183859527111053,1,1
8.702791503979824,25.594,velocity_chirp,1,1,4.625143228908078,-126.7083740234375,4.939592361450195,0.03767014667391777,2,1
8.702791503979824,25.594,velocity_chirp,0,4,,0.0,-0.0,0.006000000052154064,0,1
8.702791503979824,25.594,velocity_chirp,0,1,,0.0,0.0,0.05700000002980232,0,1
8.713162570958957,25.604,velocity_chirp,1,2,103.83767700195312,103.93960571289062,0.5770143270492554,0.0983911082148552,1,1
8.713162570958957,25.604,velocity_chirp,1,1,4.13426322156241,-126.6864013671875,0.04371320828795433,0.03553292900323868,2,1
8.713162570958957,25.604,velocity_chirp,0,4,,0.0,-0.0,0.006000000052154064,0,1
8.713162570958957,25.604,velocity_chirp,0,1,,0.0,0.0,-0.008999999612569809,0,1
8.72289129596902,25.614,velocity_chirp,1,2,103.83767700195312,103.93960571289062,9.040109634399414,-0.2390122264623642,1,1
8.72289129596902,25.614,velocity_chirp,1,1,3.6963437348801236,-126.7083740234375,0.04371320828795433,0.02936677820980549,2,1
8.72289129596902,25.614,velocity_chirp,0,4,,0.0,-0.0,0.006000000052154064,0,1
8.72289129596902,25.614,velocity_chirp,0,1,,0.0,0.0,-0.0020000000949949026,0,1
8.733061533945147,25.624,velocity_chirp,1,2,103.83767700195312,103.96157836914062,-3.2697479724884033,-0.06254936754703522,1,1
8.733061533945147,25.624,velocity_chirp,1,1,3.204936290213892,-126.7083740234375,0.04371320828795433,0.02059103175997734,2,1
8.733061533945147,25.624,velocity_chirp,0,4,,0.0,-0.0,-0.017999999225139618,0,1
8.733061533945147,25.624,velocity_chirp,0,1,,0.0,0.0,-0.008999999612569809,0,1
8.742740894958843,25.634,velocity_chirp,1,2,103.83767700195312,103.93960571289062,0.03846762329339981,0.19378279149532318,1,1
8.742740894958843,25.634,velocity_chirp,1,1,2.7595246110520346,-126.6864013671875,0.04371320828795433,0.026350971311330795,2,1
8.742740894958843,25.634,velocity_chirp,0,4,,0.0,-0.0,-0.017999999225139618,0,1
8.742740894958843,25.634,velocity_chirp,0,1,,0.0,0.0,-0.008999999612569809,0,1
8.753418049949687,25.644,velocity_chirp,1,2,103.83767700195312,103.865966796875,0.8760508894920349,-0.14404135942459106,1,1
8.753418049949687,25.644,velocity_chirp,1,1,2.2384011923898055,-126.6864013671875,4.939592361450195,0.046056341379880905,2,1
8.753418049949687,25.644,velocity_chirp,0,4,,0.0,-0.0,0.006000000052154064,0,1
8.753418049949687,25.644,velocity_chirp,0,1,,0.0,0.0,-0.008999999612569809,0,1
8.763236473954748,25.655,velocity_chirp,1,2,103.83767700195312,103.96157836914062,5.962700366973877,0.10178609192371368,1,1
8.763236473954748,25.655,velocity_chirp,1,1,1.7709774630598407,-126.6424560546875,2.666505813598633,0.05374177172780037,2,1
8.763236473954748,25.655,velocity_chirp,0,4,,0.0,-0.0,0.006000000052154064,0,1
8.763236473954748,25.655,velocity_chirp,0,1,,0.0,0.0,-0.008999999612569809,0,1
8.773190323961899,25.664,velocity_chirp,1,2,103.83767700195312,103.86318969726562,1.1603212356567383,0.09540200978517532,1,1
8.773190323961899,25.664,velocity_chirp,1,1,1.3198624256139913,-126.62042236328125,0.1311396211385727,0.05126075819134712,2,1
8.773190323961899,25.664,velocity_chirp,0,4,,0.0,-0.0,-0.017999999225139618,0,1
8.773190323961899,25.664,velocity_chirp,0,1,,0.0,0.0,-0.008999999612569809,0,1
8.782877018966246,25.674,velocity_chirp,1,2,103.83767700195312,103.93960571289062,-9.578437805175781,0.03816753998398781,1,1
8.782877018966246,25.674,velocity_chirp,1,1,0.7654686584630621,-126.62042236328125,0.04371320828795433,0.043808430433273315,2,1
8.782877018966246,25.674,velocity_chirp,0,4,,0.0,-0.0,-0.017999999225139618,0,1
8.782877018966246,25.674,velocity_chirp,0,1,,0.0,0.0,-0.008999999612569809,0,1
8.793050593987573,25.684,velocity_chirp,1,2,103.83767700195312,103.93960571289062,3.038942337036133,0.1245335191488266,1,1
8.793050593987573,25.684,velocity_chirp,1,1,0.7654686584630621,-126.6424560546875,0.04371320828795433,0.03247342258691788,2,1
8.793050593987573,25.684,velocity_chirp,0,4,,0.0,-0.0,-0.2240000069141388,0,1
8.793050593987573,25.684,velocity_chirp,0,1,,0.0,0.0,-0.0020000000949949026,0,1
8.802871241990943,25.694,velocity_chirp,1,2,103.83767700195312,103.96157836914062,6.424311637878418,0.30239933729171753,1,1
8.802871241990943,25.694,velocity_chirp,1,1,0.27134057581886367,-126.6424560546875,0.04371320828795433,0.029204556718468666,2,1
8.802871241990943,25.694,velocity_chirp,0,4,,0.0,-0.0,0.006000000052154064,0,1
8.802871241990943,25.694,velocity_chirp,0,1,,0.0,0.0,0.05700000002980232,0,1
8.812924648984335,25.704,velocity_chirp,1,2,103.83767700195312,103.96157836914062,9.347850799560547,0.214871346950531,1,1
8.812924648984335,25.704,velocity_chirp,1,1,-0.27264468984562396,-126.62042236328125,0.04371320828795433,0.045157987624406815,2,1
8.812924648984335,25.704,velocity_chirp,0,4,,0.0,-0.0,-0.017999999225139618,0,1
8.812924648984335,25.704,velocity_chirp,0,1,,0.0,0.0,0.05700000002980232,0,1
8.822950905945618,25.714,velocity_chirp,1,2,103.83767700195312,103.93960571289062,-3.88523006439209,0.01916707120835781,1,1
8.822950905945618,25.714,velocity_chirp,1,1,-0.7399000871089884,-126.59844970703125,0.04371320828795433,0.05652414634823799,2,1
8.822950905945618,25.714,velocity_chirp,0,4,,0.0,-0.0,0.03200000151991844,0,1
8.822950905945618,25.714,velocity_chirp,0,1,,0.0,0.0,-0.008999999612569809,0,1
8.833141040988266,25.724,velocity_chirp,1,2,103.83767700195312,103.96157836914062,4.5776472091674805,0.18689841032028198,1,1
8.833141040988266,25.724,velocity_chirp,1,1,-1.283801468496317,-126.59844970703125,4.852166175842285,0.059210147708654404,2,1
8.833141040988266,25.724,velocity_chirp,0,4,,0.0,-0.0,0.006000000052154064,0,1
8.833141040988266,25.724,velocity_chirp,0,1,,0.0,0.0,0.05700000002980232,0,1
8.842710083990823,25.734,velocity_chirp,1,2,103.83767700195312,103.93960571289062,3.038942337036133,-0.08280137181282043,1,1
8.842710083990823,25.734,velocity_chirp,1,1,-1.7482320094149464,-126.59844970703125,0.04371320828795433,0.056083355098962784,2,1
8.842710083990823,25.734,velocity_chirp,0,4,,0.0,-0.0,-0.017999999225139618,0,1
8.842710083990823,25.734,velocity_chirp,0,1,,0.0,0.0,-0.008999999612569809,0,1
8.852887856948655,25.744,velocity_chirp,1,2,103.83767700195312,103.84896850585938,-4.542593479156494,-0.027900762856006622,1,1
8.852887856948655,25.744,velocity_chirp,1,1,-2.270273709014915,-126.59844970703125,0.04371320828795433,0.0480663925409317,2,1
8.852887856948655,25.744,velocity_chirp,0,4,,0.0,-0.0,0.006000000052154064,0,1
8.852887856948655,25.744,velocity_chirp,0,1,,0.0,0.0,-0.008999999612569809,0,1
8.862959808961023,25.754,velocity_chirp,1,2,103.83767700195312,103.91763305664062,-6.7318339347839355,-0.025731874629855156,1,1
8.862959808961023,25.754,velocity_chirp,1,1,-2.8057372401603593,-126.59844970703125,0.04371320828795433,0.047286953777074814,2,1
8.862959808961023,25.754,velocity_chirp,0,4,,0.0,-0.0,-0.017999999225139618,0,1
8.862959808961023,25.754,velocity_chirp,0,1,,0.0,0.0,-0.008999999612569809,0,1
8.872788902954198,25.764,velocity_chirp,1,2,103.83767700195312,103.93960571289062,-2.9620070457458496,-0.19028005003929138,1,1
8.872788902954198,25.764,velocity_chirp,1,1,-3.2636178429312555,-126.59844970703125,0.04371320828795433,0.05175187066197395,2,1
8.872788902954198,25.764,velocity_chirp,0,4,,0.0,-0.0,-0.017999999225139618,0,1
8.872788902954198,25.764,velocity_chirp,0,1,,0.0,0.0,-0.008999999612569809,0,1
8.882738865970168,25.774,velocity_chirp,1,2,103.83767700195312,103.93960571289062,-0.3462086021900177,-0.18454265594482422,1,1
8.882738865970168,25.774,velocity_chirp,1,1,-3.2636178429312555,-126.59844970703125,0.04371320828795433,0.0527067631483078,2,1
8.882738865970168,25.774,velocity_chirp,0,4,,0.0,-0.0,0.006000000052154064,0,1
8.882738865970168,25.774,velocity_chirp,0,1,,0.0,0.0,-0.008999999612569809,0,1
8.89300231996458,25.784,velocity_chirp,1,2,103.83767700195312,103.96157836914062,-2.808136463165283,0.12263159453868866,1,1
8.89300231996458,25.784,velocity_chirp,1,1,-3.727916284017657,-126.57647705078125,0.04371320828795433,0.05846857279539108,2,1
8.89300231996458,25.784,velocity_chirp,0,4,,0.0,-0.0,-0.017999999225139618,0,1
8.89300231996458,25.784,velocity_chirp,0,1,,0.0,0.0,0.05700000002980232,0,1
8.90297021594597,25.794,velocity_chirp,1,2,103.83767700195312,103.93960571289062,2.8850717544555664,0.06679455190896988,1,1
8.90297021594597,25.794,velocity_chirp,1,1,-4.161169738723424,-126.57647705078125,4.764739513397217,0.05930415540933609,2,1
8.90297021594597,25.794,velocity_chirp,0,4,,0.0,-0.0,0.006000000052154064,0,1
8.90297021594597,25.794,velocity_chirp,0,1,,0.0,0.0,0.05700000002980232,0,1
8.91338789096335,25.804,velocity_chirp,1,2,103.83767700195312,103.93960571289062,2.0387840270996094,0.12977968156337738,1,1
8.91338789096335,25.804,velocity_chirp,1,1,-4.67399417955242,-126.57647705078125,0.04371320828795433,0.05757801607251167,2,1
8.91338789096335,25.804,velocity_chirp,0,4,,0.0,-0.0,0.006000000052154064,0,1
8.91338789096335,25.804,velocity_chirp,0,1,,0.0,0.0,-0.008999999612569809,0,1
8.9227895779768,25.814,velocity_chirp,1,2,103.83767700195312,103.93960571289062,7.655275821685791,0.06421167403459549,1,1
8.9227895779768,25.814,velocity_chirp,1,1,-5.098726795863529,-126.57647705078125,0.04371320828795433,0.05238640680909157,2,1
8.9227895779768,25.814,velocity_chirp,0,4,,0.0,-0.0,0.03200000151991844,0,1
8.9227895779768,25.814,velocity_chirp,0,1,,0.0,0.0,-0.008999999612569809,0,1
8.93312162195798,25.824,velocity_chirp,1,2,103.83767700195312,103.93960571289062,10.578814506530762,0.13429318368434906,1,1
8.93312162195798,25.824,velocity_chirp,1,1,-5.533379969801376,-126.57647705078125,0.04371320828795433,0.0440804697573185,2,1
8.93312162195798,25.824,velocity_chirp,0,4,,0.0,-0.0,-0.017999999225139618,0,1
8.93312162195798,25.824,velocity_chirp,0,1,,0.0,0.0,-0.008999999612569809,0,1
8.942729427944869,25.834,velocity_chirp,1,2,103.83767700195312,103.93960571289062,-10.040267944335938,0.15265914797782898,1,1
8.942729427944869,25.834,velocity_chirp,1,1,-5.920594328536778,-126.57647705078125,0.04371320828795433,0.03583231568336487,2,1
8.942729427944869,25.834,velocity_chirp,0,4,,0.0,-0.0,-0.017999999225139618,0,1
8.942729427944869,25.834,velocity_chirp,0,1,,0.0,0.0,-0.008999999612569809,0,1
8.952870240958873,25.844,velocity_chirp,1,2,103.83767700195312,103.851806640625,2.230419158935547,0.19618138670921326,1,1
8.952870240958873,25.844,velocity_chirp,1,1,-6.3535099517645115,-126.57647705078125,0.04371320828795433,0.031224530190229416,2,1
8.952870240958873,25.844,velocity_chirp,0,4,,0.0,-0.0,-0.20100000500679016,0,1
8.952870240958873,25.844,velocity_chirp,0,1,,0.0,0.0,0.05700000002980232,0,1
8.96319354797015,25.854,velocity_chirp,1,2,103.83767700195312,103.96157836914062,5.578023910522461,0.20760780572891235,1,1
8.96319354797015,25.854,velocity_chirp,1,1,-6.703467998659027,-126.57647705078125,0.04371320828795433,0.03252145275473595,2,1
8.96319354797015,25.854,velocity_chirp,0,4,,0.0,-0.0,0.03200000151991844,0,1
8.96319354797015,25.854,velocity_chirp,0,1,,0.0,0.0,-0.008999999612569809,0,1
8.973364987992682,25.864,velocity_chirp,1,2,103.83767700195312,103.8603515625,-0.9354232549667358,0.24799226224422455,1,1
8.973364987992682,25.864,velocity_chirp,1,1,-7.063949261260499,-126.59844970703125,0.04371320828795433,0.031425733119249344,2,1
8.973364987992682,25.864,velocity_chirp,0,4,,0.0,-0.0,-0.017999999225139618,0,1
8.973364987992682,25.864,velocity_chirp,0,1,,0.0,0.0,-0.008999999612569809,0,1
8.983097309945151,25.874,velocity_chirp,1,2,103.83767700195312,103.96157836914062,7.809145927429199,0.017781274393200874,1,1
8.983097309945151,25.874,velocity_chirp,1,1,-7.383397399888095,-126.59844970703125,0.04371320828795433,0.021964697167277336,2,1
8.983097309945151,25.874,velocity_chirp,0,4,,0.0,-0.0,-0.017999999225139618,0,1
8.983097309945151,25.874,velocity_chirp,0,1,,0.0,0.0,-0.008999999612569809,0,1
8.99367583898129,25.884,velocity_chirp,1,2,103.83767700195312,103.96157836914062,-1.4233020544052124,0.22147853672504425,1,1
8.99367583898129,25.884,velocity_chirp,1,1,-7.692870415186403,-126.59844970703125,0.04371320828795433,0.023952022194862366,2,1
8.99367583898129,25.884,velocity_chirp,0,4,,0.0,-0.0,0.03200000151991844,0,1
8.99367583898129,25.884,velocity_chirp,0,1,,0.0,0.0,-0.008999999612569809,0,1
9.002813897968736,25.894,velocity_chirp,1,2,103.83767700195312,103.93960571289062,-2.731201171875,0.02709106169641018,1,1
9.002813897968736,25.894,velocity_chirp,1,1,-7.990192213455285,-126.59844970703125,0.04371320828795433,0.015328370034694672,2,1
9.002813897968736,25.894,velocity_chirp,0,4,,0.0,-0.0,0.03200000151991844,0,1
9.002813897968736,25.894,velocity_chirp,0,1,,0.0,0.0,-0.008999999612569809,0,1
9.013145841949154,25.904,velocity_chirp,1,2,103.83767700195312,103.93960571289062,-1.2694315910339355,0.09699328988790512,1,1
9.013145841949154,25.904,velocity_chirp,1,1,-8.283070601056428,-126.59844970703125,0.04371320828795433,0.014610633254051208,2,1
9.013145841949154,25.904,velocity_chirp,0,4,,0.0,-0.0,-0.017999999225139618,0,1
9.013145841949154,25.904,velocity_chirp,0,1,,0.0,0.0,-0.008999999612569809,0,1
9.022846873966046,25.914,velocity_chirp,1,2,103.83767700195312,103.96157836914062,-0.5000790953636169,0.23237046599388123,1,1
9.022846873966046,25.914,velocity_chirp,1,1,-8.551751718605281,-126.62042236328125,-4.240180969238281,0.004944628570228815,2,1
9.022846873966046,25.914,velocity_chirp,0,4,,0.0,-0.0,0.006000000052154064,0,1
9.022846873966046,25.914,velocity_chirp,0,1,,0.0,0.0,0.06400000303983688,0,1
9.033185198961291,25.924,velocity_chirp,1,2,103.83767700195312,103.93960571289062,1.5771725177764893,0.05561622232198715,1,1
9.033185198961291,25.924,velocity_chirp,1,1,-8.551751718605281,-126.62042236328125,0.04371320828795433,0.004202946089208126,2,1
9.033185198961291,25.924,velocity_chirp,0,4,,0.0,-0.0,-0.017999999225139618,0,1
9.033185198961291,25.924,velocity_chirp,0,1,,0.0,0.0,-0.008999999612569809,0,1
9.042712363996543,25.934,velocity_chirp,1,2,103.83767700195312,103.96157836914062,2.4234602451324463,0.025470230728387833,1,1
9.042712363996543,25.934,velocity_chirp,1,1,-8.802588871117528,-126.62042236328125,-4.852166175842285,0.000776854227297008,2,1
9.042712363996543,25.934,velocity_chirp,0,4,,0.0,-0.0,-0.017999999225139618,0,1
9.042712363996543,25.934,velocity_chirp,0,1,,0.0,0.0,-0.008999999612569809,0,1
9.052908509969711,25.944,velocity_chirp,1,2,103.83767700195312,103.9835205078125,5.193347930908203,0.08842714130878448,1,1
9.052908509969711,25.944,velocity_chirp,1,1,-9.045767064803766,-126.6424560546875,0.04371320828795433,0.0006763609708286822,2,1
9.052908509969711,25.944,velocity_chirp,0,4,,0.0,-0.0,0.006000000052154064,0,1
9.052908509969711,25.944,velocity_chirp,0,1,,0.0,0.0,-0.008999999612569809,0,1
9.062912033987232,25.954,velocity_chirp,1,2,103.83767700195312,104.0054931640625,1.4233020544052124,0.25132834911346436,1,1
9.062912033987232,25.954,velocity_chirp,1,1,-9.239211236807172,-126.6424560546875,-2.404226541519165,-0.008059153333306313,2,1
9.062912033987232,25.954,velocity_chirp,0,4,,0.0,-0.0,0.006000000052154064,0,1
9.062912033987232,25.954,velocity_chirp,0,1,,0.0,0.0,-0.008999999612569809,0,1
9.072907170979306,25.964,velocity_chirp,1,2,103.83767700195312,103.9835205078125,-2.9620070457458496,0.010332124307751656,1,1
9.072907170979306,25.964,velocity_chirp,1,1,-9.40912637985957,-126.6644287109375,0.04371320828795433,-0.012645392678678036,2,1
9.072907170979306,25.964,velocity_chirp,0,4,,0.0,-0.0,0.006000000052154064,0,1
9.072907170979306,25.964,velocity_chirp,0,1,,0.0,0.0,-0.07699999958276749,0,1
9.082922085945029,25.974,velocity_chirp,1,2,103.83767700195312,103.9835205078125,3.577488899230957,0.099996417760849,1,1
9.082922085945029,25.974,velocity_chirp,1,1,-9.583120192122736,-126.6644287109375,0.04371320828795433,-0.0134954284876585,2,1
9.082922085945029,25.974,velocity_chirp,0,4,,0.0,-0.0,-0.017999999225139618,0,1
9.082922085945029,25.974,velocity_chirp,0,1,,0.0,0.0,-0.008999999612569809,0,1
9.092918345995713,25.984,velocity_chirp,1,2,103.83767700195312,103.96157836914062,2.654266119003296,0.13924816250801086,1,1
9.092918345995713,25.984,velocity_chirp,1,1,-9.707973116732356,-126.6864013671875,0.04371320828795433,-0.018526773899793625,2,1
9.092918345995713,25.984,velocity_chirp,0,4,,0.0,-0.0,0.03200000151991844,0,1
9.092918345995713,25.984,velocity_chirp,0,1,,0.0,0.0,-0.008999999612569809,0,1
9.102969408966601,25.994,velocity_chirp,1,2,103.83767700195312,103.96157836914062,1.0386258363723755,-0.0950886607170105,1,1
9.102969408966601,25.994,velocity_chirp,1,1,-9.82920677234692,-126.7083740234375,-4.502460479736328,-0.02579120360314846,2,1
9.102969408966601,25.994,velocity_chirp,0,4,,0.0,-0.0,-0.017999999225139618,0,1
9.102969408966601,25.994,velocity_chirp,0,1,,0.0,0.0,-0.008999999612569809,0,1
9.11316278099548,26.004,velocity_chirp,1,2,103.83767700195312,103.96157836914062,-5.270064353942871,0.03800182417035103,1,1
9.11316278099548,26.004,velocity_chirp,1,1,-9.917372556928719,-126.7303466796875,0.04371320828795433,-0.026428084820508957,2,1
9.11316278099548,26.004,velocity_chirp,0,4,,0.0,-0.0,-0.017999999225139618,0,1
9.11316278099548,26.004,velocity_chirp,0,1,,0.0,0.0,-0.01600000075995922,0,1
9.122857961978298,26.014,velocity_chirp,1,2,103.83767700195312,103.96157836914062,-6.885704517364502,-0.14936929941177368,1,1
9.122857961978298,26.014,velocity_chirp,1,1,-9.967933726021311,-126.7303466796875,0.04371320828795433,-0.03168930858373642,2,1
9.122857961978298,26.014,velocity_chirp,0,4,,0.0,-0.0,0.03200000151991844,0,1
9.122857961978298,26.014,velocity_chirp,0,1,,0.0,0.0,-0.008999999612569809,0,1
9.133111787959933,26.024,velocity_chirp,1,2,103.83767700195312,103.9835205078125,-10.040267944335938,-0.0011306870728731155,1,1
9.133111787959933,26.024,velocity_chirp,1,1,-9.967933726021311,-126.7303466796875,0.04371320828795433,-0.02980007790029049,2,1
9.133111787959933,26.024,velocity_chirp,0,4,,0.0,-0.0,-0.017999999225139618,0,1
9.133111787959933,26.024,velocity_chirp,0,1,,0.0,0.0,-0.008999999612569809,0,1
9.14278029894922,26.034,velocity_chirp,1,2,103.83767700195312,103.96157836914062,0.19233810901641846,-0.1388135701417923,1,1
9.14278029894922,26.034,velocity_chirp,1,1,-9.996029914848371,-126.7523193359375,-0.1311396211385727,-0.04317536950111389,2,1
9.14278029894922,26.034,velocity_chirp,0,4,,0.0,-0.0,-0.017999999225139618,0,1
9.14278029894922,26.034,velocity_chirp,0,1,,0.0,0.0,0.05700000002980232,0,1
9.152952580945566,26.044,velocity_chirp,1,2,103.83767700195312,103.9835205078125,3.038942337036133,0.0634598433971405,1,1
9.152952580945566,26.044,velocity_chirp,1,1,-9.996351056137975,-126.7742919921875,-3.6281962394714355,-0.04868850111961365,2,1
9.152952580945566,26.044,velocity_chirp,0,4,,0.0,-0.0,0.006000000052154064,0,1
9.152952580945566,26.044,velocity_chirp,0,1,,0.0,0.0,0.05700000002980232,0,1
9.162697034946177,26.054,velocity_chirp,1,2,103.83767700195312,103.96157836914062,0.03846762329339981,-0.03976240009069443,1,1
9.162697034946177,26.054,velocity_chirp,1,1,-9.972059023596184,-126.7962646484375,0.04371320828795433,-0.05651530995965004,2,1
9.162697034946177,26.054,velocity_chirp,0,4,,0.0,-0.0,-0.017999999225139618,0,1
9.162697034946177,26.054,velocity_chirp,0,1,,0.0,0.0,-0.008999999612569809,0,1
9.172971880994737,26.064,velocity_chirp,1,2,103.83767700195312,103.9835205078125,0.03846762329339981,0.10965003073215485,1,1
9.172971880994737,26.064,velocity_chirp,1,1,-9.913051947730736,-126.7962646484375,0.04371320828795433,-0.04810836538672447,2,1
9.172971880994737,26.064,velocity_chirp,0,4,,0.0,-0.0,0.006000000052154064,0,1
9.172971880994737,26.064,velocity_chirp,0,1,,0.0,0.0,-0.008999999612569809,0,1
9.1828094709781,26.074,velocity_chirp,1,2,103.83767700195312,103.9835205078125,4.423776626586914,-0.021460048854351044,1,1
9.1828094709781,26.074,velocity_chirp,1,1,-9.839603462002943,-126.7962646484375,-3.6281962394714355,-0.04075703024864197,2,1
9.1828094709781,26.074,velocity_chirp,0,4,,0.0,-0.0,-0.017999999225139618,0,1
9.1828094709781,26.074,velocity_chirp,0,1,,0.0,0.0,-0.008999999612569809,0,1
9.193443464988377,26.084,velocity_chirp,1,2,103.83767700195312,103.88864135742188,2.661982297897339,0.042293481528759,1,1
9.193443464988377,26.084,velocity_chirp,1,1,-9.723314384506507,-126.8182373046875,-4.852166175842285,-0.06206492334604263,2,1
9.193443464988377,26.084,velocity_chirp,0,4,,0.0,-0.0,-0.017999999225139618,0,1
9.193443464988377,26.084,velocity_chirp,0,1,,0.0,0.0,-0.008999999612569809,0,1
9.202967472956516,26.094,velocity_chirp,1,2,103.83767700195312,103.9835205078125,4.5776472091674805,0.07024683803319931,1,1
9.202967472956516,26.094,velocity_chirp,1,1,-9.591364176408474,-126.86212158203125,-5.464150905609131,-0.08017352223396301,2,1
9.202967472956516,26.094,velocity_chirp,0,4,,0.0,-0.0,-0.017999999225139618,0,1
9.202967472956516,26.094,velocity_chirp,0,1,,0.0,0.0,0.05700000002980232,0,1
9.212894882948603,26.104,velocity_chirp,1,2,103.83767700195312,103.9835205078125,9.347850799560547,0.3110714256763458,1,1
9.212894882948603,26.104,velocity_chirp,1,1,-9.421733766355032,-126.90606689453125,0.04371320828795433,-0.07658328115940094,2,1
9.212894882948603,26.104,velocity_chirp,0,4,,0.0,-0.0,0.006000000052154064,0,1
9.212894882948603,26.104,velocity_chirp,0,1,,0.0,0.0,-0.008999999612569809,0,1
9.222700782993343,26.114,velocity_chirp,1,2,103.83767700195312,103.9835205078125,3.6544241905212402,0.15234142541885376,1,1
9.222700782993343,26.114,velocity_chirp,1,1,-9.421733766355032,-126.88409423828125,2.4916529655456543,-0.07020778954029083,2,1
9.222700782993343,26.114,velocity_chirp,0,4,,0.0,-0.0,0.006000000052154064,0,1
9.222700782993343,26.114,velocity_chirp,0,1,,0.0,0.0,0.05700000002980232,0,1
9.232953135971911,26.124,velocity_chirp,1,2,103.83767700195312,103.96157836914062,1.3463667631149292,0.14141616225242615,1,1
9.232953135971911,26.124,velocity_chirp,1,1,-9.236830947084755,-126.88409423828125,0.04371320828795433,-0.04784347489476204,2,1
9.232953135971911,26.124,velocity_chirp,0,4,,0.0,-0.0,-0.017999999225139618,0,1
9.232953135971911,26.124,velocity_chirp,0,1,,0.0,0.0,0.05700000002980232,0,1
9.242635913949925,26.134,velocity_chirp,1,2,103.83767700195312,103.96157836914062,-0.6539496183395386,0.15015703439712524,1,1
9.242635913949925,26.134,velocity_chirp,1,1,-9.040276853815804,-126.90606689453125,-3.6281962394714355,-0.0642974004149437,2,1
9.242635913949925,26.134,velocity_chirp,0,4,,0.0,-0.0,-0.017999999225139618,0,1
9.242635913949925,26.134,velocity_chirp,0,1,,0.0,0.0,0.05700000002980232,0,1
9.252873178978916,26.144,velocity_chirp,1,2,103.83767700195312,103.96157836914062,7.347534656524658,-0.1730109453201294,1,1
9.252873178978916,26.144,velocity_chirp,1,1,-8.7866836206529,-126.92803955078125,-4.852166175842285,-0.08994406461715698,2,1
9.252873178978916,26.144,velocity_chirp,0,4,,0.0,-0.0,-0.017999999225139618,0,1
9.252873178978916,26.144,velocity_chirp,0,1,,0.0,0.0,-0.008999999612569809,0,1
9.263031694979873,26.154,velocity_chirp,1,2,103.83767700195312,103.96157836914062,5.4241533279418945,-0.1792251318693161,1,1
9.263031694979873,26.154,velocity_chirp,1,1,-8.545203684626838,-126.95001220703125,-4.502460479736328,-0.10014605522155762,2,1
9.263031694979873,26.154,velocity_chirp,0,4,,0.0,-0.0,-0.017999999225139618,0,1
9.263031694979873,26.154,velocity_chirp,0,1,,0.0,0.0,-0.008999999612569809,0,1
9.272863934980705,26.164,velocity_chirp,1,2,103.83767700195312,103.96157836914062,10.194138526916504,-0.14699812233448029,1,1
9.272863934980705,26.164,velocity_chirp,1,1,-8.279070195064953,-126.97198486328125,0.04371320828795433,-0.10064201802015305,2,1
9.272863934980705,26.164,velocity_chirp,0,4,,0.0,-0.0,0.054999999701976776,0,1
9.272863934980705,26.164,velocity_chirp,0,1,,0.0,0.0,-0.008999999612569809,0,1
9.282884269952774,26.174,velocity_chirp,1,2,103.83767700195312,103.93960571289062,3.6544241905212402,0.12281277030706406,1,1
9.282884269952774,26.174,velocity_chirp,1,1,-7.949757471385796,-126.97198486328125,0.04371320828795433,-0.09866297245025635,2,1
9.282884269952774,26.174,velocity_chirp,0,4,,0.0,-0.0,-0.017999999225139618,0,1
9.282884269952774,26.174,velocity_chirp,0,1,,0.0,0.0,-0.008999999612569809,0,1
9.293634111993015,26.184,velocity_chirp,1,2,103.83767700195312,103.85467529296875,-7.2860493659973145,0.31194615364074707,1,1
9.293634111993015,26.184,velocity_chirp,1,1,-7.587972702901182,-126.97198486328125,0.04371320828795433,-0.09702728688716888,2,1
9.293634111993015,26.184,velocity_chirp,0,4,,0.0,-0.0,0.006000000052154064,0,1
9.293634111993015,26.184,velocity_chirp,0,1,,0.0,0.0,-0.008999999612569809,0,1
9.302920801972505,26.194,velocity_chirp,1,2,103.83767700195312,103.93960571289062,-7.193445682525635,0.025206299498677254,1,1
9.302920801972505,26.194,velocity_chirp,1,1,-7.23876822230229,-127.0159912109375,-4.852166175842285,-0.11455360054969788,2,1
9.302920801972505,26.194,velocity_chirp,0,4,,0.0,-0.0,-0.017999999225139618,0,1
9.302920801972505,26.194,velocity_chirp,0,1,,0.0,0.0,-0.0020000000949949026,0,1
9.312859632947948,26.204,velocity_chirp,1,2,103.83767700195312,103.93960571289062,-2.192654609680176,-0.06769131124019623,1,1
9.312859632947948,26.204,velocity_chirp,1,1,-6.8580312066946005,-127.08203125,-5.813856601715088,-0.11773069202899933,2,1
9.312859632947948,26.204,velocity_chirp,0,4,,0.0,-0.0,0.054999999701976776,0,1
9.312859632947948,26.204,velocity_chirp,0,1,,0.0,0.0,-0.008999999612569809,0,1
9.32261325494619,26.214,velocity_chirp,1,2,103.83767700195312,103.93960571289062,6.424311637878418,-0.07564445585012436,1,1
9.32261325494619,26.214,velocity_chirp,1,1,-6.498901517808027,-127.10400390625,3.715622663497925,-0.1256706416606903,2,1
9.32261325494619,26.214,velocity_chirp,0,4,,0.0,-0.0,0.006000000052154064,0,1
9.32261325494619,26.214,velocity_chirp,0,1,,0.0,0.0,-0.008999999612569809,0,1
9.332995953969657,26.224,velocity_chirp,1,2,103.83767700195312,103.93960571289062,-3.6544241905212402,-0.15940406918525696,1,1
9.332995953969657,26.224,velocity_chirp,1,1,-6.498901517808027,-127.08203125,0.04371320828795433,-0.09276720881462097,2,1
9.332995953969657,26.224,velocity_chirp,0,4,,0.0,-0.0,0.054999999701976776,0,1
9.332995953969657,26.224,velocity_chirp,0,1,,0.0,0.0,0.05700000002980232,0,1
9.34298127295915,26.234,velocity_chirp,1,2,103.83767700195312,103.93960571289062,-2.9620070457458496,-0.090963214635849,1,1
9.34298127295915,26.234,velocity_chirp,1,1,-6.08232786580624,-127.08203125,0.04371320828795433,-0.0904708281159401,2,1
9.34298127295915,26.234,velocity_chirp,0,4,,0.0,-0.0,0.006000000052154064,0,1
9.34298127295915,26.234,velocity_chirp,0,1,,0.0,0.0,-0.008999999612569809,0,1
9.353049277968239,26.244,velocity_chirp,1,2,103.83767700195312,103.96157836914062,7.963016510009766,-0.03852640837430954,1,1
9.353049277968239,26.244,velocity_chirp,1,1,-5.611616426530741,-127.08203125,0.04371320828795433,-0.11002317070960999,2,1
9.353049277968239,26.244,velocity_chirp,0,4,,0.0,-0.0,0.006000000052154064,0,1
9.353049277968239,26.244,velocity_chirp,0,1,,0.0,0.0,-0.07699999958276749,0,1
9.362803470983636,26.254,velocity_chirp,1,2,103.83767700195312,103.93960571289062,6.655117511749268,-0.03365625441074371,1,1
9.362803470983636,26.254,velocity_chirp,1,1,-5.202140666609507,-127.10400390625,0.04371320828795433,-0.13610206544399261,2,1
9.362803470983636,26.254,velocity_chirp,0,4,,0.0,-0.0,-0.017999999225139618,0,1
9.362803470983636,26.254,velocity_chirp,0,1,,0.0,0.0,-0.008999999612569809,0,1
9.37327986699529,26.264,velocity_chirp,1,2,103.83767700195312,103.86318969726562,-1.4018560647964478,-0.03258933499455452,1,1
9.37327986699529,26.264,velocity_chirp,1,1,-4.701261209434101,-127.10400390625,0.04371320828795433,-0.16472280025482178,2,1
9.37327986699529,26.264,velocity_chirp,0,4,,0.0,-0.0,-0.06599999964237213,0,1
9.37327986699529,26.264,velocity_chirp,0,1,,0.0,0.0,-0.0020000000949949026,0,1
9.382970128965098,26.274,velocity_chirp,1,2,103.83767700195312,103.93960571289062,-10.732685089111328,0.23638883233070374,1,1
9.382970128965098,26.274,velocity_chirp,1,1,-4.262250159762764,-127.10400390625,-4.764739513397217,-0.1757902055978775,2,1
9.382970128965098,26.274,velocity_chirp,0,4,,0.0,-0.0,-0.017999999225139618,0,1
9.382970128965098,26.274,velocity_chirp,0,1,,0.0,0.0,-0.07699999958276749,0,1
9.393263409961946,26.284,velocity_chirp,1,2,103.83767700195312,103.865966796875,0.58084636926651,-0.04324260354042053,1,1
9.393263409961946,26.284,velocity_chirp,1,1,-3.744048240967759,-127.1259765625,0.04371320828795433,-0.19813773036003113,2,1
9.393263409961946,26.284,velocity_chirp,0,4,,0.0,-0.0,0.03200000151991844,0,1
9.393263409961946,26.284,velocity_chirp,0,1,,0.0,0.0,-0.0020000000949949026,0,1
9.40313765895553,26.294,velocity_chirp,1,2,103.83767700195312,103.93960571289062,3.3466832637786865,-0.22096006572246552,1,1
9.40313765895553,26.294,velocity_chirp,1,1,-3.255400992608475,-127.1259765625,0.04371320828795433,-0.21955405175685883,2,1
9.40313765895553,26.294,velocity_chirp,0,4,,0.0,-0.0,0.054999999701976776,0,1
9.40313765895553,26.294,velocity_chirp,0,1,,0.0,0.0,-0.008999999612569809,0,1
9.41320143599296,26.304,velocity_chirp,1,2,103.83767700195312,103.96157836914062,4.80845308303833,-0.06039351597428322,1,1
9.41320143599296,26.304,velocity_chirp,1,1,-2.703315766465007,-127.1259765625,0.04371320828795433,-0.22572743892669678,2,1
9.41320143599296,26.304,velocity_chirp,0,4,,0.0,-0.0,0.03200000151991844,0,1
9.41320143599296,26.304,velocity_chirp,0,1,,0.0,0.0,0.05700000002980232,0,1
9.42313358496176,26.314,velocity_chirp,1,2,103.83767700195312,103.93960571289062,-0.03846762329339981,0.13275164365768433,1,1
9.42313358496176,26.314,velocity_chirp,1,1,-2.2338226766050964,-127.1259765625,0.04371320828795433,-0.23575232923030853,2,1
9.42313358496176,26.314,velocity_chirp,0,4,,0.0,-0.0,-0.017999999225139618,0,1
9.42313358496176,26.314,velocity_chirp,0,1,,0.0,0.0,-0.008999999612569809,0,1
9.43308733397862,26.324,velocity_chirp,1,2,103.83767700195312,103.96157836914062,-2.26958966255188,0.20217476785182953,1,1
9.43308733397862,26.324,velocity_chirp,1,1,-2.2338226766050964,-127.1259765625,0.04371320828795433,-0.24187475442886353,2,1
9.43308733397862,26.324,velocity_chirp,0,4,,0.0,-0.0,-0.017999999225139618,0,1
9.43308733397862,26.324,velocity_chirp,0,1,,0.0,0.0,-0.008999999612569809,0,1
9.443050019966904,26.334,velocity_chirp,1,2,103.83767700195312,103.93960571289062,-7.424251079559326,0.0811496376991272,1,1
9.443050019966904,26.334,velocity_chirp,1,1,-1.7307421450233293,-127.1259765625,0.04371320828795433,-0.2504136264324188,2,1
9.443050019966904,26.334,velocity_chirp,0,4,,0.0,-0.0,-0.017999999225139618,0,1
9.443050019966904,26.334,velocity_chirp,0,1,,0.0,0.0,-0.008999999612569809,0,1
9.453220989962574,26.344,velocity_chirp,1,2,103.83767700195312,103.96157836914062,0.5000790953636169,0.0342230461537838,1,1
9.453220989962574,26.344,velocity_chirp,1,1,-1.1481407164480246,-127.1259765625,0.04371320828795433,-0.2569577097892761,2,1
9.453220989962574,26.344,velocity_chirp,0,4,,0.0,-0.0,0.006000000052154064,0,1
9.453220989962574,26.344,velocity_chirp,0,1,,0.0,0.0,-0.008999999612569809,0,1
9.4630410069949,26.354,velocity_chirp,1,2,103.83767700195312,103.85745239257812,-3.1426331996917725,0.2117265909910202,1,1
9.4630410069949,26.354,velocity_chirp,1,1,-0.660193642619654,-127.1259765625,0.04371320828795433,-0.2585300803184509,2,1
9.4630410069949,26.354,velocity_chirp,0,4,,0.0,-0.0,0.006000000052154064,0,1
9.4630410069949,26.354,velocity_chirp,0,1,,0.0,0.0,-0.008999999612569809,0,1
9.473028920998331,26.364,velocity_chirp,1,2,103.83767700195312,103.86318969726562,3.244887351989746,0.23611748218536377,1,1
9.473028920998331,26.364,velocity_chirp,1,1,-0.07435314610532859,-127.14788818359375,0.04371320828795433,-0.262779176235199,2,1
9.473028920998331,26.364,velocity_chirp,0,4,,0.0,-0.0,-0.017999999225139618,0,1
9.473028920998331,26.364,velocity_chirp,0,1,,0.0,0.0,-0.008999999612569809,0,1
9.483280341955833,26.374,velocity_chirp,1,2,103.83767700195312,103.9835205078125,9.809462547302246,0.13529011607170105,1,1
9.483280341955833,26.374,velocity_chirp,1,1,0.5148544046334514,-127.14788818359375,0.04371320828795433,-0.26250049471855164,2,1
9.483280341955833,26.374,velocity_chirp,0,4,,0.0,-0.0,-0.017999999225139618,0,1
9.483280341955833,26.374,velocity_chirp,0,1,,0.0,0.0,-0.0020000000949949026,0,1
9.493266201985534,26.384,velocity_chirp,1,2,103.83767700195312,104.0054931640625,-1.1924962997436523,0.2606649398803711,1,1
9.493266201985534,26.384,velocity_chirp,1,1,1.0019486482636522,-127.14788818359375,0.04371320828795433,-0.2683129906654358,2,1
9.493266201985534,26.384,velocity_chirp,0,4,,0.0,-0.0,-0.017999999225139618,0,1
9.493266201985534,26.384,velocity_chirp,0,1,,0.0,0.0,-0.008999999612569809,0,1
9.502972905000206,26.394,velocity_chirp,1,2,103.83767700195312,103.9835205078125,-4.731517791748047,0.22482360899448395,1,1
9.502972905000206,26.394,velocity_chirp,1,1,1.4880039504292037,-127.14788818359375,0.04371320828795433,-0.27261459827423096,2,1
9.502972905000206,26.394,velocity_chirp,0,4,,0.0,-0.0,-0.017999999225139618,0,1
9.502972905000206,26.394,velocity_chirp,0,1,,0.0,0.0,-0.008999999612569809,0,1
9.513175594969653,26.404,velocity_chirp,1,2,103.83767700195312,103.9835205078125,-0.730884850025177,0.2086448222398758,1,1
9.513175594969653,26.404,velocity_chirp,1,1,2.040656010355181,-127.14788818359375,0.04371320828795433,-0.2706291079521179,2,1
9.513175594969653,26.404,velocity_chirp,0,4,,0.0,-0.0,-0.017999999225139618,0,1
9.513175594969653,26.404,velocity_chirp,0,1,,0.0,0.0,-0.008999999612569809,0,1
9.522831711976323,26.414,velocity_chirp,1,2,103.83767700195312,104.0054931640625,-4.423776626586914,0.3042859137058258,1,1
9.522831711976323,26.414,velocity_chirp,1,1,2.5410130727656464,-127.14788818359375,0.04371320828795433,-0.2646014988422394,2,1
9.522831711976323,26.414,velocity_chirp,0,4,,0.0,-0.0,-0.017999999225139618,0,1
9.522831711976323,26.414,velocity_chirp,0,1,,0.0,0.0,-0.008999999612569809,0,1
9.533100515953265,26.424,velocity_chirp,1,2,103.83767700195312,103.9835205078125,-4.346841335296631,0.22333261370658875,1,1
9.533100515953265,26.424,velocity_chirp,1,1,2.5410130727656464,-127.14788818359375,0.04371320828795433,-0.26983028650283813,2,1
9.533100515953265,26.424,velocity_chirp,0,4,,0.0,-0.0,0.03200000151991844,0,1
9.533100515953265,26.424,velocity_chirp,0,1,,0.0,0.0,-0.008999999612569809,0,1
9.542797431000508,26.434,velocity_chirp,1,2,103.83767700195312,103.93960571289062,-8.578280448913574,-0.07206882536411285,1,1
9.542797431000508,26.434,velocity_chirp,1,1,3.047544545597845,-127.14788818359375,0.04371320828795433,-0.26462292671203613,2,1
9.542797431000508,26.434,velocity_chirp,0,4,,0.0,-0.0,0.006000000052154064,0,1
9.542797431000508,26.434,velocity_chirp,0,1,,0.0,0.0,-0.008999999612569809,0,1
9.556775857985485,26.447,velocity_chirp,1,2,103.83767700195312,103.88864135742188,5.203259468078613,-0.14923042058944702,1,1
9.556775857985485,26.447,velocity_chirp,1,1,3.591914800058004,-127.3115234375,-0.0,-0.26468318700790405,2,1
9.556775857985485,26.447,velocity_chirp,0,4,,0.0,-0.0,0.006000000052154064,0,1
9.556775857985485,26.447,velocity_chirp,0,1,,0.0,0.0,-0.008999999612569809,0,1
9.562832089955918,26.454,velocity_chirp,1,2,103.83767700195312,103.96157836914062,7.809145927429199,-0.14923042058944702,1,1
9.562832089955918,26.454,velocity_chirp,1,1,4.121255831807923,-127.14788818359375,0.04371320828795433,-0.26468318700790405,2,1
9.562832089955918,26.454,velocity_chirp,0,4,,0.0,-0.0,-0.017999999225139618,0,1
9.562832089955918,26.454,velocity_chirp,0,1,,0.0,0.0,-0.008999999612569809,0,1
9.573164904955775,26.464,velocity_chirp,1,2,103.83767700195312,103.96157836914062,0.03846762329339981,0.005867604166269302,1,1
9.573164904955775,26.464,velocity_chirp,1,1,4.593849709976064,-127.14788818359375,0.04371320828795433,-0.2575812339782715,2,1
9.573164904955775,26.464,velocity_chirp,0,4,,0.0,-0.0,-0.017999999225139618,0,1
9.573164904955775,26.464,velocity_chirp,0,1,,0.0,0.0,-0.008999999612569809,0,1
9.582878620945849,26.474,velocity_chirp,1,2,103.83767700195312,103.9835205078125,0.11540286988019943,0.033358633518218994,1,1
9.582878620945849,26.474,velocity_chirp,1,1,5.029519217615075,-127.14788818359375,0.04371320828795433,-0.248343363404274,2,1
9.582878620945849,26.474,velocity_chirp,0,4,,0.0,-0.0,0.03200000151991844,0,1
9.582878620945849,26.474,velocity_chirp,0,1,,0.0,0.0,-0.01600000075995922,0,1
9.593687434971798,26.484,velocity_chirp,1,2,103.83767700195312,103.88864135742188,8.16325855255127,0.13827551901340485,1,1
9.593687434971798,26.484,velocity_chirp,1,1,5.534738874081841,-127.14788818359375,0.04371320828795433,-0.24177150428295135,2,1
9.593687434971798,26.484,velocity_chirp,0,4,,0.0,-0.0,0.006000000052154064,0,1
9.593687434971798,26.484,velocity_chirp,0,1,,0.0,0.0,-0.008999999612569809,0,1
9.602725705946796,26.494,velocity_chirp,1,2,103.83767700195312,103.96157836914062,-8.962956428527832,0.028087984770536423,1,1
9.602725705946796,26.494,velocity_chirp,1,1,5.973830609963196,-127.14788818359375,0.04371320828795433,-0.23087115585803986,2,1
9.602725705946796,26.494,velocity_chirp,0,4,,0.0,-0.0,-0.017999999225139618,0,1
9.602725705946796,26.494,velocity_chirp,0,1,,0.0,0.0,-0.008999999612569809,0,1
9.613477431994397,26.504,velocity_chirp,1,2,103.83767700195312,103.96157836914062,0.11540286988019943,0.09112038463354111,1,1
9.613477431994397,26.504,velocity_chirp,1,1,6.383974515898286,-127.14788818359375,0.30599245429039,-0.22538132965564728,2,1
9.613477431994397,26.504,velocity_chirp,0,4,,0.0,-0.0,0.054999999701976776,0,1
9.613477431994397,26.504,velocity_chirp,0,1,,0.0,0.0,-0.008999999612569809,0,1
9.62245617096778,26.514,velocity_chirp,1,2,103.83767700195312,103.96157836914062,-2.1157193183898926,0.07124046236276627,1,1
9.62245617096778,26.514,velocity_chirp,1,1,6.383974515898286,-127.14788818359375,0.04371320828795433,-0.21213966608047485,2,1
9.62245617096778,26.514,velocity_chirp,0,4,,0.0,-0.0,0.03200000151991844,0,1
9.62245617096778,26.514,velocity_chirp,0,1,,0.0,0.0,0.05000000074505806,0,1
9.63346848799847,26.524,velocity_chirp,1,2,103.83767700195312,103.9835205078125,9.578657150268555,0.15238432586193085,1,1
9.63346848799847,26.524,velocity_chirp,1,1,6.782654892333361,-127.14788818359375,0.04371320828795433,-0.2081492841243744,2,1
9.63346848799847,26.524,velocity_chirp,0,4,,0.0,-0.0,-0.017999999225139618,0,1
9.63346848799847,26.524,velocity_chirp,0,1,,0.0,0.0,-0.19900000095367432,0,1
9.642725301964674,26.534,velocity_chirp,1,2,103.83767700195312,103.9835205078125,4.9625420570373535,0.01923138089478016,1,1
9.642725301964674,26.534,velocity_chirp,1,1,7.170983958512328,-127.1259765625,0.04371320828795433,-0.19786782562732697,2,1
9.642725301964674,26.534,velocity_chirp,0,4,,0.0,-0.0,0.03200000151991844,0,1
9.642725301964674,26.534,velocity_chirp,0,1,,0.0,0.0,-0.008999999612569809,0,1
9.653042988968082,26.544,velocity_chirp,1,2,103.83767700195312,103.9835205078125,1.3463667631149292,0.10043484717607498,1,1
9.653042988968082,26.544,velocity_chirp,1,1,7.550555179952089,-127.1259765625,0.04371320828795433,-0.19337493181228638,2,1
9.653042988968082,26.544,velocity_chirp,0,4,,0.0,-0.0,-0.017999999225139618,0,1
9.653042988968082,26.544,velocity_chirp,0,1,,0.0,0.0,-0.008999999612569809,0,1
9.662487115943804,26.554,velocity_chirp,1,2,103.83767700195312,103.9835205078125,-2.8850717544555664,0.211715966463089,1,1
9.662487115943804,26.554,velocity_chirp,1,1,7.8706685904085525,-127.1259765625,0.04371320828795433,-0.1874353587627411,2,1
9.662487115943804,26.554,velocity_chirp,0,4,,0.0,-0.0,0.006000000052154064,0,1
9.662487115943804,26.554,velocity_chirp,0,1,,0.0,0.0,0.05700000002980232,0,1
9.673041568952613,26.564,velocity_chirp,1,2,103.83767700195312,103.9835205078125,-3.8082947731018066,0.08786015957593918,1,1
9.673041568952613,26.564,velocity_chirp,1,1,8.21656382967237,-127.1259765625,0.04371320828795433,-0.18016381561756134,2,1
9.673041568952613,26.564,velocity_chirp,0,4,,0.0,-0.0,-0.017999999225139618,0,1
9.673041568952613,26.564,velocity_chirp,0,1,,0.0,0.0,-0.008999999612569809,0,1
9.682709508982953,26.574,velocity_chirp,1,2,103.83767700195312,103.96157836914062,-6.347157955169678,0.15243205428123474,1,1
9.682709508982953,26.574,velocity_chirp,1,1,8.494878628706758,-127.1259765625,0.04371320828795433,-0.17831255495548248,2,1
9.682709508982953,26.574,velocity_chirp,0,4,,0.0,-0.0,-0.017999999225139618,0,1
9.682709508982953,26.574,velocity_chirp,0,1,,0.0,0.0,0.05700000002980232,0,1
9.69335073599359,26.584,velocity_chirp,1,2,103.83767700195312,103.87734985351562,-1.0641734600067139,0.04435212165117264,1,1
9.69335073599359,26.584,velocity_chirp,1,1,8.786156076455446,-127.1259765625,0.04371320828795433,-0.16467787325382233,2,1
9.69335073599359,26.584,velocity_chirp,0,4,,0.0,-0.0,-0.017999999225139618,0,1
9.69335073599359,26.584,velocity_chirp,0,1,,0.0,0.0,-0.01600000075995922,0,1
9.70324201794574,26.594,velocity_chirp,1,2,103.83767700195312,103.9835205078125,2.4234602451324463,0.04313426837325096,1,1
9.70324201794574,26.594,velocity_chirp,1,1,9.030321381988388,-127.1259765625,1.2676830291748047,-0.14861764013767242,2,1
9.70324201794574,26.594,velocity_chirp,0,4,,0.0,-0.0,0.054999999701976776,0,1
9.70324201794574,26.594,velocity_chirp,0,1,,0.0,0.0,-0.008999999612569809,0,1
9.71325202396838,26.604,velocity_chirp,1,2,103.83767700195312,103.96157836914062,1.4233020544052124,0.19932681322097778,1,1
9.71325202396838,26.604,velocity_chirp,1,1,9.264179569729365,-127.1259765625,0.04371320828795433,-0.141500785946846,2,1
9.71325202396838,26.604,velocity_chirp,0,4,,0.0,-0.0,0.006000000052154064,0,1
9.71325202396838,26.604,velocity_chirp,0,1,,0.0,0.0,-0.008999999612569809,0,1
9.722713633964304,26.614,velocity_chirp,1,2,103.83767700195312,103.96157836914062,11.655908584594727,0.012305477634072304,1,1
9.722713633964304,26.614,velocity_chirp,1,1,9.445075885929645,-127.1259765625,0.04371320828795433,-0.1297777146100998,2,1
9.722713633964304,26.614,velocity_chirp,0,4,,0.0,-0.0,-0.017999999225139618,0,1
9.722713633964304,26.614,velocity_chirp,0,1,,0.0,0.0,-0.01600000075995922,0,1
9.733223011950031,26.624,velocity_chirp,1,2,103.83767700195312,103.96157836914062,3.6544241905212402,-0.06902187317609787,1,1
9.733223011950031,26.624,velocity_chirp,1,1,9.445075885929645,-127.1259765625,0.04371320828795433,-0.1225343868136406,2,1
9.733223011950031,26.624,velocity_chirp,0,4,,0.0,-0.0,-0.017999999225139618,0,1
9.733223011950031,26.624,velocity_chirp,0,1,,0.0,0.0,-0.008999999612569809,0,1
9.742436584958341,26.634,velocity_chirp,1,2,103.83767700195312,103.96157836914062,-3.3466832637786865,0.09891260415315628,1,1
9.742436584958341,26.634,velocity_chirp,1,1,9.610049619174706,-127.10400390625,0.04371320828795433,-0.10962874442338943,2,1
9.742436584958341,26.634,velocity_chirp,0,4,,0.0,-0.0,0.006000000052154064,0,1
9.742436584958341,26.634,velocity_chirp,0,1,,0.0,0.0,-0.008999999612569809,0,1
9.75297758198576,26.644,velocity_chirp,1,2,103.83767700195312,103.96157836914062,-4.039100646972656,0.028425399214029312,1,1
9.75297758198576,26.644,velocity_chirp,1,1,9.750017866648324,-127.10400390625,0.04371320828795433,-0.10243763029575348,2,1
9.75297758198576,26.644,velocity_chirp,0,4,,0.0,-0.0,0.03200000151991844,0,1
9.75297758198576,26.644,velocity_chirp,0,1,,0.0,0.0,-0.008999999612569809,0,1
9.762511689972598,26.654,velocity_chirp,1,2,103.83767700195312,103.93960571289062,-8.962956428527832,0.15720412135124207,1,1
9.762511689972598,26.654,velocity_chirp,1,1,9.852257295608643,-127.10400390625,0.30599245429039,-0.095869280397892,2,1
9.762511689972598,26.654,velocity_chirp,0,4,,0.0,-0.0,0.006000000052154064,0,1
9.762511689972598,26.654,velocity_chirp,0,1,,0.0,0.0,-0.008999999612569809,0,1
9.77304165699752,26.664,velocity_chirp,1,2,103.83767700195312,103.96157836914062,-2.5773308277130127,0.16954119503498077,1,1
9.77304165699752,26.664,velocity_chirp,1,1,9.936523884594399,-127.10400390625,0.04371320828795433,-0.08543197810649872,2,1
9.77304165699752,26.664,velocity_chirp,0,4,,0.0,-0.0,-0.017999999225139618,0,1
9.77304165699752,26.664,velocity_chirp,0,1,,0.0,0.0,-0.008999999612569809,0,1
9.782668799976818,26.674,velocity_chirp,1,2,103.83767700195312,103.96157836914062,2.26958966255188,0.06965731829404831,1,1
9.782668799976818,26.674,velocity_chirp,1,1,9.981454126681372,-127.10400390625,0.04371320828795433,-0.0811794102191925,2,1
9.782668799976818,26.674,velocity_chirp,0,4,,0.0,-0.0,0.006000000052154064,0,1
9.782668799976818,26.674,velocity_chirp,0,1,,0.0,0.0,-0.0020000000949949026,0,1
9.793520333943889,26.684,velocity_chirp,1,2,103.83767700195312,103.88864135742188,5.555176734924316,0.151860773563385,1,1
9.793520333943889,26.684,velocity_chirp,1,1,9.999985467649465,-127.08203125,0.04371320828795433,-0.06391439586877823,2,1
9.793520333943889,26.684,velocity_chirp,0,4,,0.0,-0.0,-0.017999999225139618,0,1
9.793520333943889,26.684,velocity_chirp,0,1,,0.0,0.0,-0.008999999612569809,0,1
9.802896222972777,26.694,velocity_chirp,1,2,103.83767700195312,103.9835205078125,-5.346999645233154,0.08281808346509933,1,1
9.802896222972777,26.694,velocity_chirp,1,1,9.985632603688055,-127.08203125,0.04371320828795433,-0.04641283303499222,2,1
9.802896222972777,26.694,velocity_chirp,0,4,,0.0,-0.0,0.03200000151991844,0,1
9.802896222972777,26.694,velocity_chirp,0,1,,0.0,0.0,-0.008999999612569809,0,1
9.813325439987238,26.704,velocity_chirp,1,2,103.83767700195312,103.96157836914062,-12.733001708984375,-0.03814150020480156,1,1
9.813325439987238,26.704,velocity_chirp,1,1,9.940336590147115,-127.0599365234375,2.4916529655456543,-0.046374060213565826,2,1
9.813325439987238,26.704,velocity_chirp,0,4,,0.0,-0.0,0.03200000151991844,0,1
9.813325439987238,26.704,velocity_chirp,0,1,,0.0,0.0,0.06400000303983688,0,1
9.822773093997966,26.714,velocity_chirp,1,2,103.83767700195312,103.9835205078125,-8.732150077819824,-0.038939349353313446,1,1
9.822773093997966,26.714,velocity_chirp,1,1,9.940336590147115,-127.0599365234375,2.4916529655456543,-0.03747861087322235,2,1
9.822773093997966,26.714,velocity_chirp,0,4,,0.0,-0.0,0.03200000151991844,0,1
9.822773093997966,26.714,velocity_chirp,0,1,,0.0,0.0,0.24699999392032623,0,1
9.833223981957417,26.724,velocity_chirp,1,2,103.83767700195312,103.9835205078125,-0.5000790953636169,0.2495187669992447,1,1
9.833223981957417,26.724,velocity_chirp,1,1,9.86472275127269,-127.0379638671875,0.04371320828795433,-0.0419149287045002,2,1
9.833223981957417,26.724,velocity_chirp,0,4,,0.0,-0.0,0.006000000052154064,0,1
9.833223981957417,26.724,velocity_chirp,0,1,,0.0,0.0,-0.01600000075995922,0,1
9.842469363997225,26.734,velocity_chirp,1,2,103.83767700195312,103.9835205078125,7.886081218719482,0.29239216446876526,1,1
9.842469363997225,26.734,velocity_chirp,1,1,9.766294760944426,-127.0379638671875,0.6556981205940247,-0.03989274799823761,2,1
9.842469363997225,26.734,velocity_chirp,0,4,,0.0,-0.0,0.054999999701976776,0,1
9.842469363997225,26.734,velocity_chirp,0,1,,0.0,0.0,-0.01600000075995922,0,1
9.853248520987108,26.744,velocity_chirp,1,2,103.83767700195312,103.96157836914062,-8.88602066040039,0.12494613975286484,1,1
9.853248520987108,26.744,velocity_chirp,1,1,9.62802976886087,-127.0379638671875,0.04371320828795433,-0.04354183375835419,2,1
9.853248520987108,26.744,velocity_chirp,0,4,,0.0,-0.0,0.006000000052154064,0,1
9.853248520987108,26.744,velocity_chirp,0,1,,0.0,0.0,0.05700000002980232,0,1
9.862575336999726,26.754,velocity_chirp,1,2,103.83767700195312,103.9835205078125,5.885765075683594,-0.18829677999019623,1,1
9.862575336999726,26.754,velocity_chirp,1,1,9.467589957031032,-127.0159912109375,4.764739513397217,-0.033720310777425766,2,1
9.862575336999726,26.754,velocity_chirp,0,4,,0.0,-0.0,0.03200000151991844,0,1
9.862575336999726,26.754,velocity_chirp,0,1,,0.0,0.0,-0.008999999612569809,0,1
9.87338727695169,26.764,velocity_chirp,1,2,103.83767700195312,103.96157836914062,-5.4239349365234375,0.04524005949497223,1,1
9.87338727695169,26.764,velocity_chirp,1,1,9.264230483238915,-126.97198486328125,4.589886665344238,-0.0318521186709404,2,1
9.87338727695169,26.764,velocity_chirp,0,4,,0.0,-0.0,-0.017999999225139618,0,1
9.87338727695169,26.764,velocity_chirp,0,1,,0.0,0.0,-0.0020000000949949026,0,1
9.882635083980858,26.774,velocity_chirp,1,2,103.83767700195312,103.9835205078125,1.7310431003570557,0.40393659472465515,1,1
9.882635083980858,26.774,velocity_chirp,1,1,9.047196709182222,-126.95001220703125,4.589886665344238,-0.03232623264193535,2,1
9.882635083980858,26.774,velocity_chirp,0,4,,0.0,-0.0,0.03200000151991844,0,1
9.882635083980858,26.774,velocity_chirp,0,1,,0.0,0.0,-0.008999999612569809,0,1
9.89363655098714,26.784,velocity_chirp,1,2,103.83767700195312,103.88018798828125,0.7251573801040649,0.19482268393039703,1,1
9.89363655098714,26.784,velocity_chirp,1,1,8.79263694898809,-126.95001220703125,0.04371320828795433,-0.03601083531975746,2,1
9.89363655098714,26.784,velocity_chirp,0,4,,0.0,-0.0,-0.017999999225139618,0,1
9.89363655098714,26.784,velocity_chirp,0,1,,0.0,0.0,-0.07699999958276749,0,1
9.902637401944958,26.794,velocity_chirp,1,2,103.83767700195312,103.96157836914062,0.4231438636779785,-0.07341471314430237,1,1
9.902637401944958,26.794,velocity_chirp,1,1,8.507628054164368,-126.95001220703125,0.04371320828795433,-0.0461445078253746,2,1
9.902637401944958,26.794,velocity_chirp,0,4,,0.0,-0.0,-0.017999999225139618,0,1
9.902637401944958,26.794,velocity_chirp,0,1,,0.0,0.0,-0.01600000075995922,0,1
9.913161747972481,26.804,velocity_chirp,1,2,103.83767700195312,103.96157836914062,-14.810253143310547,-0.21734699606895447,1,1
9.913161747972481,26.804,velocity_chirp,1,1,8.210569752108658,-126.95001220703125,0.04371320828795433,-0.039081159979104996,2,1
9.913161747972481,26.804,velocity_chirp,0,4,,0.0,-0.0,-0.017999999225139618,0,1
9.913161747972481,26.804,velocity_chirp,0,1,,0.0,0.0,-0.008999999612569809,0,1
9.922452144965064,26.814,velocity_chirp,1,2,103.83767700195312,103.9835205078125,2.26958966255188,0.0803193747997284,1,1
9.922452144965064,26.814,velocity_chirp,1,1,7.892807850399204,-126.92803955078125,4.764739513397217,-0.014215322211384773,2,1
9.922452144965064,26.814,velocity_chirp,0,4,,0.0,-0.0,0.054999999701976776,0,1
9.922452144965064,26.814,velocity_chirp,0,1,,0.0,0.0,-0.008999999612569809,0,1
9.933210573974065,26.824,velocity_chirp,1,2,103.83767700195312,103.96157836914062,-1.6541078090667725,0.07122832536697388,1,1
9.933210573974065,26.824,velocity_chirp,1,1,7.892807850399204,-126.86212158203125,4.939592361450195,-0.013487117365002632,2,1
9.933210573974065,26.824,velocity_chirp,0,4,,0.0,-0.0,0.006000000052154064,0,1
9.933210573974065,26.824,velocity_chirp,0,1,,0.0,0.0,-0.008999999612569809,0,1
9.942395701946225,26.834,velocity_chirp,1,2,103.83767700195312,103.96157836914062,-2.9620070457458496,0.10377465188503265,1,1
9.942395701946225,26.834,velocity_chirp,1,1,7.5320618001222535,-126.84014892578125,0.04371320828795433,-0.011820949614048004,2,1
9.942395701946225,26.834,velocity_chirp,0,4,,0.0,-0.0,0.03200000151991844,0,1
9.942395701946225,26.834,velocity_chirp,0,1,,0.0,0.0,-0.008999999612569809,0,1
9.953092574956827,26.844,velocity_chirp,1,2,103.83767700195312,103.96157836914062,-0.19233810901641846,0.09972453862428665,1,1
9.953092574956827,26.844,velocity_chirp,1,1,7.144122498944004,-126.86212158203125,-1.1802566051483154,-0.025112828239798546,2,1
9.953092574956827,26.844,velocity_chirp,0,4,,0.0,-0.0,-0.017999999225139618,0,1
9.953092574956827,26.844,velocity_chirp,0,1,,0.0,0.0,-0.008999999612569809,0,1
9.96239484398393,26.854,velocity_chirp,1,2,103.83767700195312,103.96157836914062,3.19281268119812,-0.10735683888196945,1,1
9.96239484398393,26.854,velocity_chirp,1,1,6.757059979186371,-126.86212158203125,0.04371320828795433,-0.04004886746406555,2,1
9.96239484398393,26.854,velocity_chirp,0,4,,0.0,-0.0,-0.017999999225139618,0,1
9.96239484398393,26.854,velocity_chirp,0,1,,0.0,0.0,-0.008999999612569809,0,1
9.973230397969019,26.864,velocity_chirp,1,2,103.83767700195312,103.93960571289062,2.8850717544555664,-0.03065907210111618,1,1
9.973230397969019,26.864,velocity_chirp,1,1,6.311947170125245,-126.86212158203125,0.04371320828795433,-0.019394950941205025,2,1
9.973230397969019,26.864,velocity_chirp,0,4,,0.0,-0.0,-0.017999999225139618,0,1
9.973230397969019,26.864,velocity_chirp,0,1,,0.0,0.0,-0.07000000029802322,0,1
9.98267210094491,26.874,velocity_chirp,1,2,103.83767700195312,103.96157836914062,2.346524953842163,-0.03476950153708458,1,1
9.98267210094491,26.874,velocity_chirp,1,1,5.886328228757649,-126.84014892578125,0.30599245429039,0.0030670296400785446,2,1
9.98267210094491,26.874,velocity_chirp,0,4,,0.0,-0.0,0.006000000052154064,0,1
9.98267210094491,26.874,velocity_chirp,0,1,,0.0,0.0,-0.008999999612569809,0,1
9.993247693986632,26.884,velocity_chirp,1,2,103.83767700195312,103.87448120117188,3.3316705226898193,0.07295076549053192,1,1
9.993247693986632,26.884,velocity_chirp,1,1,5.391521068838014,-126.7962646484375,0.04371320828795433,0.012097934260964394,2,1
9.993247693986632,26.884,velocity_chirp,0,4,,0.0,-0.0,0.006000000052154064,0,1
9.993247693986632,26.884,velocity_chirp,0,1,,0.0,0.0,-0.008999999612569809,0,1
10.003317993949167,26.894,velocity_chirp,1,2,103.83767700195312,103.96157836914062,-0.8847553133964539,-0.07147742807865143,1,1
10.003317993949167,26.894,velocity_chirp,1,1,4.9300632183425686,-126.7742919921875,3.715622663497925,0.016365835443139076,2,1
10.003317993949167,26.894,velocity_chirp,0,4,,0.0,-0.0,0.006000000052154064,0,1
10.003317993949167,26.894,velocity_chirp,0,1,,0.0,0.0,-0.008999999612569809,0,1
10.013092394976411,26.904,velocity_chirp,1,2,103.83767700195312,103.96157836914062,2.1157193183898926,0.09306968003511429,1,1
10.013092394976411,26.904,velocity_chirp,1,1,4.3941484169141045,-126.7742919921875,-3.6281962394714355,0.011795736849308014,2,1
10.013092394976411,26.904,velocity_chirp,0,4,,0.0,-0.0,-0.017999999225139618,0,1
10.013092394976411,26.904,velocity_chirp,0,1,,0.0,0.0,-0.008999999612569809,0,1
10.022386257944163,26.914,velocity_chirp,1,2,103.83767700195312,103.93960571289062,-7.193445682525635,0.027732189744710922,1,1
10.022386257944163,26.914,velocity_chirp,1,1,4.3941484169141045,-126.7742919921875,0.04371320828795433,0.0047296383418142796,2,1
10.022386257944163,26.914,velocity_chirp,0,4,,0.0,-0.0,-0.017999999225139618,0,1
10.022386257944163,26.914,velocity_chirp,0,1,,0.0,0.0,0.05700000002980232,0,1
10.033174362964928,26.924,velocity_chirp,1,2,103.83767700195312,103.93960571289062,-1.5002373456954956,0.04648538678884506,1,1
10.033174362964928,26.924,velocity_chirp,1,1,3.9144313863586486,-126.7742919921875,0.04371320828795433,0.007391408551484346,2,1
10.033174362964928,26.924,velocity_chirp,0,4,,0.0,-0.0,-0.017999999225139618,0,1
10.033174362964928,26.924,velocity_chirp,0,1,,0.0,0.0,-0.008999999612569809,0,1
10.042492271983065,26.934,velocity_chirp,1,2,103.83767700195312,103.96157836914062,-1.0386258363723755,0.061246003955602646,1,1
10.042492271983065,26.934,velocity_chirp,1,1,3.404118239589673,-126.7523193359375,4.939592361450195,0.0251664649695158,2,1
10.042492271983065,26.934,velocity_chirp,0,4,,0.0,-0.0,0.006000000052154064,0,1
10.042492271983065,26.934,velocity_chirp,0,1,,0.0,0.0,-0.008999999612569809,0,1
10.053187871992122,26.944,velocity_chirp,1,2,103.83767700195312,103.93960571289062,7.039793491363525,0.05466378852725029,1,1
10.053187871992122,26.944,velocity_chirp,1,1,2.847219484479459,-126.7303466796875,4.852166175842285,0.030920350924134254,2,1
10.053187871992122,26.944,velocity_chirp,0,4,,0.0,-0.0,-0.25,0,1
10.053187871992122,26.944,velocity_chirp,0,1,,0.0,0.0,-0.008999999612569809,0,1
10.062719033972826,26.954,velocity_chirp,1,2,103.83767700195312,103.96157836914062,-0.2692733705043793,-0.11740610748529434,1,1
10.062719033972826,26.954,velocity_chirp,1,1,2.3172545935887214,-126.7083740234375,0.04371320828795433,0.031027203425765038,2,1
10.062719033972826,26.954,velocity_chirp,0,4,,0.0,-0.0,-0.017999999225139618,0,1
10.062719033972826,26.954,velocity_chirp,0,1,,0.0,0.0,-0.008999999612569809,0,1
10.073286060942337,26.964,velocity_chirp,1,2,103.83767700195312,103.96157836914062,-0.730884850025177,0.12800264358520508,1,1
10.073286060942337,26.964,velocity_chirp,1,1,1.722471260290457,-126.7083740234375,-4.852166175842285,0.025103598833084106,2,1
10.073286060942337,26.964,velocity_chirp,0,4,,0.0,-0.0,-0.017999999225139618,0,1
10.073286060942337,26.964,velocity_chirp,0,1,,0.0,0.0,0.24699999392032623,0,1
10.082727342960425,26.974,velocity_chirp,1,2,103.83767700195312,103.96157836914062,2.8850717544555664,0.010889958590269089,1,1
10.082727342960425,26.974,velocity_chirp,1,1,1.20140362766632,-126.7083740234375,0.04371320828795433,0.018765069544315338,2,1
10.082727342960425,26.974,velocity_chirp,0,4,,0.0,-0.0,-0.017999999225139618,0,1
10.082727342960425,26.974,velocity_chirp,0,1,,0.0,0.0,-0.008999999612569809,0,1
10.093721746990923,26.984,velocity_chirp,1,2,103.83767700195312,103.8603515625,2.4094369411468506,0.1330271065235138,1,1
10.093721746990923,26.984,velocity_chirp,1,1,0.6193598748471637,-126.7083740234375,0.04371320828795433,0.024538468569517136,2,1
10.093721746990923,26.984,velocity_chirp,0,4,,0.0,-0.0,-0.017999999225139618,0,1
10.093721746990923,26.984,velocity_chirp,0,1,,0.0,0.0,-0.008999999612569809,0,1
10.102515836944804,26.994,velocity_chirp,1,2,103.83767700195312,103.96157836914062,-1.0386258363723755,0.10226735472679138,1,1
10.102515836944804,26.994,velocity_chirp,1,1,0.04116737408082664,-126.7083740234375,2.4916529655456543,0.04059725999832153,2,1
10.102515836944804,26.994,velocity_chirp,0,4,,0.0,-0.0,-0.017999999225139618,0,1
10.102515836944804,26.994,velocity_chirp,0,1,,0.0,0.0,-0.008999999612569809,0,1
10.1134301199927,27.004,velocity_chirp,1,2,103.83767700195312,103.93960571289062,-5.500870227813721,0.11851067841053009,1,1
10.1134301199927,27.004,velocity_chirp,1,1,-0.4929685255622113,-126.6864013671875,0.04371320828795433,0.04339352622628212,2,1
10.1134301199927,27.004,velocity_chirp,0,4,,0.0,-0.0,-0.017999999225139618,0,1
10.1134301199927,27.004,velocity_chirp,0,1,,0.0,0.0,-0.008999999612569809,0,1
10.122472858987749,27.014,velocity_chirp,1,2,103.83767700195312,103.93960571289062,0.9616906046867371,-0.04582919925451279,1,1
10.122472858987749,27.014,velocity_chirp,1,1,-0.4929685255622113,-126.6644287109375,4.32760763168335,0.048402149230241776,2,1
10.122472858987749,27.014,velocity_chirp,0,4,,0.0,-0.0,0.054999999701976776,0,1
10.122472858987749,27.014,velocity_chirp,0,1,,0.0,0.0,-0.01600000075995922,0,1
10.133148751978297,27.024,velocity_chirp,1,2,103.83767700195312,103.93960571289062,-3.577488899230957,0.027372173964977264,1,1
10.133148751978297,27.024,velocity_chirp,1,1,-1.0796854784447016,-126.6644287109375,0.04371320828795433,0.047438230365514755,2,1
10.133148751978297,27.024,velocity_chirp,0,4,,0.0,-0.0,0.03200000151991844,0,1
10.133148751978297,27.024,velocity_chirp,0,1,,0.0,0.0,0.05700000002980232,0,1
10.142440240946598,27.034,velocity_chirp,1,2,103.83767700195312,103.96157836914062,3.8082947731018066,0.008931406773626804,1,1
10.142440240946598,27.034,velocity_chirp,1,1,-1.6213358595782337,-126.6644287109375,0.04371320828795433,0.03663337230682373,2,1
10.142440240946598,27.034,velocity_chirp,0,4,,0.0,-0.0,0.028999999165534973,0,1
10.142440240946598,27.034,velocity_chirp,0,1,,0.0,0.0,-0.0020000000949949026,0,1
10.153038166987244,27.044,velocity_chirp,1,2,103.83767700195312,103.96157836914062,12.809937477111816,0.007787683978676796,1,1
10.153038166987244,27.044,velocity_chirp,1,1,-2.1966803930288483,-126.6644287109375,0.04371320828795433,0.042030420154333115,2,1
10.153038166987244,27.044,velocity_chirp,0,4,,0.0,-0.0,-0.017999999225139618,0,1
10.153038166987244,27.044,velocity_chirp,0,1,,0.0,0.0,-0.01600000075995922,0,1
10.162650030979421,27.054,velocity_chirp,1,2,103.83767700195312,103.96157836914062,-8.578280448913574,-0.05572321265935898,1,1
10.162650030979421,27.054,velocity_chirp,1,1,-2.72745472822395,-126.6644287109375,0.04371320828795433,0.04780649393796921,2,1
10.162650030979421,27.054,velocity_chirp,0,4,,0.0,-0.0,-0.017999999225139618,0,1
10.162650030979421,27.054,velocity_chirp,0,1,,0.0,0.0,0.05000000074505806,0,1
10.173318719957024,27.064,velocity_chirp,1,2,103.83767700195312,103.9835205078125,10.117203712463379,-0.14303921163082123,1,1
10.173318719957024,27.064,velocity_chirp,1,1,-3.3163572692324053,-126.6644287109375,4.852166175842285,0.0516045056283474,2,1
10.173318719957024,27.064,velocity_chirp,0,4,,0.0,-0.0,-0.017999999225139618,0,1
10.173318719957024,27.064,velocity_chirp,0,1,,0.0,0.0,-0.008999999612569809,0,1
10.182811498991214,27.074,velocity_chirp,1,2,103.83767700195312,103.96157836914062,-1.8849135637283325,0.12405682355165482,1,1
10.182811498991214,27.074,velocity_chirp,1,1,-3.8288540558208304,-126.6424560546875,4.764739513397217,0.05126604437828064,2,1
10.182811498991214,27.074,velocity_chirp,0,4,,0.0,-0.0,-0.017999999225139618,0,1
10.182811498991214,27.074,velocity_chirp,0,1,,0.0,0.0,0.05000000074505806,0,1
10.19341360294493,27.084,velocity_chirp,1,2,103.83767700195312,103.87734985351562,-6.535744667053223,0.08195530623197556,1,1
10.19341360294493,27.084,velocity_chirp,1,1,-4.392017753825171,-126.6424560546875,0.04371320828795433,0.050937846302986145,2,1
10.19341360294493,27.084,velocity_chirp,0,4,,0.0,-0.0,0.03200000151991844,0,1
10.19341360294493,27.084,velocity_chirp,0,1,,0.0,0.0,-0.008999999612569809,0,1
10.202640699979383,27.094,velocity_chirp,1,2,103.83767700195312,103.96157836914062,5.347218036651611,0.11702308058738708,1,1
10.202640699979383,27.094,velocity_chirp,1,1,-4.860327757509186,-126.6424560546875,0.04371320828795433,0.04255150631070137,2,1
10.202640699979383,27.094,velocity_chirp,0,4,,0.0,-0.0,0.006000000052154064,0,1
10.202640699979383,27.094,velocity_chirp,0,1,,0.0,0.0,-0.008999999612569809,0,1
10.213229057961144,27.104,velocity_chirp,1,2,103.83767700195312,103.96157836914062,-12.19445514678955,-0.17990553379058838,1,1
10.213229057961144,27.104,velocity_chirp,1,1,-5.357659302415341,-126.6424560546875,0.04371320828795433,0.028562458232045174,2,1
10.213229057961144,27.104,velocity_chirp,0,4,,0.0,-0.0,-0.017999999225139618,0,1
10.213229057961144,27.104,velocity_chirp,0,1,,0.0,0.0,-0.008999999612569809,0,1
10.222895153972786,27.114,velocity_chirp,1,2,103.83767700195312,103.96157836914062,-4.654582500457764,0.029535531997680664,1,1
10.222895153972786,27.114,velocity_chirp,1,1,-5.81736727514448,-126.6424560546875,0.04371320828795433,0.027308505028486252,2,1
10.222895153972786,27.114,velocity_chirp,0,4,,0.0,-0.0,-0.017999999225139618,0,1
10.222895153972786,27.114,velocity_chirp,0,1,,0.0,0.0,-0.07699999958276749,0,1
10.233038070960902,27.124,velocity_chirp,1,2,103.83767700195312,103.96157836914062,-4.5776472091674805,0.16371852159500122,1,1
10.233038070960902,27.124,velocity_chirp,1,1,-5.81736727514448,-126.6424560546875,0.04371320828795433,0.03194408118724823,2,1
10.233038070960902,27.124,velocity_chirp,0,4,,0.0,-0.0,0.006000000052154064,0,1
10.233038070960902,27.124,velocity_chirp,0,1,,0.0,0.0,-0.008999999612569809,0,1
10.242425741977058,27.134,velocity_chirp,1,2,103.83767700195312,103.93960571289062,7.116728782653809,0.029541347175836563,1,1
10.242425741977058,27.134,velocity_chirp,1,1,-6.266637641767424,-126.6424560546875,-4.852166175842285,0.03396023437380791,2,1
10.242425741977058,27.134,velocity_chirp,0,4,,0.0,-0.0,-0.017999999225139618,0,1
10.242425741977058,27.134,velocity_chirp,0,1,,0.0,0.0,-0.008999999612569809,0,1
10.253319064970128,27.144,velocity_chirp,1,2,103.83767700195312,103.96157836914062,8.732369422912598,-0.040217746049165726,1,1
10.253319064970128,27.144,velocity_chirp,1,1,-6.720260721659354,-126.6424560546875,0.04371320828795433,0.028986379504203796,2,1
10.253319064970128,27.144,velocity_chirp,0,4,,0.0,-0.0,-0.017999999225139618,0,1
10.253319064970128,27.144,velocity_chirp,0,1,,0.0,0.0,-0.0020000000949949026,0,1
10.26255919696996,27.154,velocity_chirp,1,2,103.83767700195312,103.96157836914062,-0.6539496183395386,0.09997137635946274,1,1
10.26255919696996,27.154,velocity_chirp,1,1,-7.129665134392475,-126.6644287109375,0.04371320828795433,0.025678856298327446,2,1
10.26255919696996,27.154,velocity_chirp,0,4,,0.0,-0.0,-0.017999999225139618,0,1
10.26255919696996,27.154,velocity_chirp,0,1,,0.0,0.0,-0.008999999612569809,0,1
10.273031274962705,27.164,velocity_chirp,1,2,103.83767700195312,103.96157836914062,-8.116668701171875,0.24402908980846405,1,1
10.273031274962705,27.164,velocity_chirp,1,1,-7.53596870124338,-126.6644287109375,0.04371320828795433,0.02393382601439953,2,1
10.273031274962705,27.164,velocity_chirp,0,4,,0.0,-0.0,0.006000000052154064,0,1
10.273031274962705,27.164,velocity_chirp,0,1,,0.0,0.0,-0.008999999612569809,0,1
10.28266879695002,27.174,velocity_chirp,1,2,103.83767700195312,103.96157836914062,-3.8082947731018066,0.2300795614719391,1,1
10.28266879695002,27.174,velocity_chirp,1,1,-7.877621566520524,-126.6644287109375,-4.677313327789307,0.02152637019753456,2,1
10.28266879695002,27.174,velocity_chirp,0,4,,0.0,-0.0,-0.017999999225139618,0,1
10.28266879695002,27.174,velocity_chirp,0,1,,0.0,0.0,-0.008999999612569809,0,1
10.293307379994076,27.184,velocity_chirp,1,2,103.83767700195312,103.86318969726562,-2.003610610961914,0.01242785807698965,1,1
10.293307379994076,27.184,velocity_chirp,1,1,-8.239025156628749,-126.6644287109375,0.04371320828795433,0.01831340231001377,2,1
10.293307379994076,27.184,velocity_chirp,0,4,,0.0,-0.0,-0.017999999225139618,0,1
10.293307379994076,27.184,velocity_chirp,0,1,,0.0,0.0,0.06400000303983688,0,1
10.302618365967646,27.194,velocity_chirp,1,2,103.83767700195312,103.96157836914062,2.26958966255188,-0.004036703146994114,1,1
10.302618365967646,27.194,velocity_chirp,1,1,-8.574796027004897,-126.6864013671875,0.04371320828795433,0.005989670287817717,2,1
10.302618365967646,27.194,velocity_chirp,0,4,,0.0,-0.0,-0.017999999225139618,0,1
10.302618365967646,27.194,velocity_chirp,0,1,,0.0,0.0,-0.008999999612569809,0,1
10.313374378951266,27.204,velocity_chirp,1,2,103.83767700195312,103.93960571289062,0.6539496183395386,0.0345580019056797,1,1
10.313374378951266,27.204,velocity_chirp,1,1,-8.834398285788744,-126.6864013671875,0.04371320828795433,0.0016123773530125618,2,1
10.313374378951266,27.204,velocity_chirp,0,4,,0.0,-0.0,-0.017999999225139618,0,1
10.313374378951266,27.204,velocity_chirp,0,1,,0.0,0.0,-0.008999999612569809,0,1
10.322492601990234,27.214,velocity_chirp,1,2,103.83767700195312,103.96157836914062,0.5770143270492554,0.19725345075130463,1,1
10.322492601990234,27.214,velocity_chirp,1,1,-8.834398285788744,-126.6864013671875,-2.404226541519165,-0.0023062871769070625,2,1
10.322492601990234,27.214,velocity_chirp,0,4,,0.0,-0.0,0.03200000151991844,0,1
10.322492601990234,27.214,velocity_chirp,0,1,,0.0,0.0,0.05000000074505806,0,1
10.333175807958469,27.224,velocity_chirp,1,2,103.83767700195312,103.93960571289062,-6.2702226638793945,-0.02998175099492073,1,1
10.333175807958469,27.224,velocity_chirp,1,1,-9.093577469958491,-126.6864013671875,0.04371320828795433,-0.006695183925330639,2,1
10.333175807958469,27.224,velocity_chirp,0,4,,0.0,-0.0,-0.017999999225139618,0,1
10.333175807958469,27.224,velocity_chirp,0,1,,0.0,0.0,0.05700000002980232,0,1
10.342542959959246,27.234,velocity_chirp,1,2,103.83767700195312,103.93960571289062,-3.6544241905212402,0.1402655839920044,1,1
10.342542959959246,27.234,velocity_chirp,1,1,-9.311367668815812,-126.7083740234375,-2.404226541519165,-0.014621151611208916,2,1
10.342542959959246,27.234,velocity_chirp,0,4,,0.0,-0.0,-0.017999999225139618,0,1
10.342542959959246,27.234,velocity_chirp,0,1,,0.0,0.0,-0.008999999612569809,0,1
10.353421054955106,27.244,velocity_chirp,1,2,103.83767700195312,103.93960571289062,-3.500553607940674,-0.05198763310909271,1,1
10.353421054955106,27.244,velocity_chirp,1,1,-9.514861080336262,-126.7303466796875,0.04371320828795433,-0.018413102254271507,2,1
10.353421054955106,27.244,velocity_chirp,0,4,,0.0,-0.0,0.054999999701976776,0,1
10.353421054955106,27.244,velocity_chirp,0,1,,0.0,0.0,0.05700000002980232,0,1
10.362757347989827,27.254,velocity_chirp,1,2,103.83767700195312,103.96157836914062,9.732527732849121,-0.036346107721328735,1,1
10.362757347989827,27.254,velocity_chirp,1,1,-9.677961667056925,-126.7303466796875,-4.852166175842285,-0.024835873395204544,2,1
10.362757347989827,27.254,velocity_chirp,0,4,,0.0,-0.0,-0.017999999225139618,0,1
10.362757347989827,27.254,velocity_chirp,0,1,,0.0,0.0,0.06400000303983688,0,1
10.373053163988516,27.264,velocity_chirp,1,2,103.83767700195312,103.8858642578125,-3.020636796951294,-0.07963018119335175,1,1
10.373053163988516,27.264,velocity_chirp,1,1,-9.812185057429916,-126.7303466796875,0.04371320828795433,-0.01829548552632332,2,1
10.373053163988516,27.264,velocity_chirp,0,4,,0.0,-0.0,-0.017999999225139618,0,1
10.373053163988516,27.264,velocity_chirp,0,1,,0.0,0.0,-0.008999999612569809,0,1
10.383591055986471,27.274,velocity_chirp,1,2,103.83767700195312,103.96157836914062,5.11641263961792,-0.021582016721367836,1,1
10.383591055986471,27.274,velocity_chirp,1,1,-9.915130046811381,-126.7303466796875,0.04371320828795433,-0.01805008016526699,2,1
10.383591055986471,27.274,velocity_chirp,0,4,,0.0,-0.0,-0.017999999225139618,0,1
10.383591055986471,27.274,velocity_chirp,0,1,,0.0,0.0,-0.008999999612569809,0,1
10.393391274963506,27.284,velocity_chirp,1,2,103.83767700195312,103.88864135742188,-1.9130170345306396,0.0014999527484178543,1,1
10.393391274963506,27.284,velocity_chirp,1,1,-9.97164956343131,-126.7523193359375,0.04371320828795433,-0.034067634493112564,2,1
10.393391274963506,27.284,velocity_chirp,0,4,,0.0,-0.0,-0.017999999225139618,0,1
10.393391274963506,27.284,velocity_chirp,0,1,,0.0,0.0,-0.008999999612569809,0,1
10.402462799975183,27.294,velocity_chirp,1,2,103.83767700195312,103.96157836914062,5.885765075683594,-0.1102178543806076,1,1
10.402462799975183,27.294,velocity_chirp,1,1,-9.997706700043164,-126.7962646484375,-4.677313327789307,-0.048750076442956924,2,1
10.402462799975183,27.294,velocity_chirp,0,4,,0.0,-0.0,0.006000000052154064,0,1
10.402462799975183,27.294,velocity_chirp,0,1,,0.0,0.0,-0.0020000000949949026,0,1
10.413206249999348,27.304,velocity_chirp,1,2,103.83767700195312,103.96157836914062,-0.8078200817108154,-0.03782530874013901,1,1
10.413206249999348,27.304,velocity_chirp,1,1,-9.993835854781963,-126.8182373046875,0.04371320828795433,-0.049306195229291916,2,1
10.413206249999348,27.304,velocity_chirp,0,4,,0.0,-0.0,-0.017999999225139618,0,1
10.413206249999348,27.304,velocity_chirp,0,1,,0.0,0.0,0.05700000002980232,0,1
10.422869109956082,27.314,velocity_chirp,1,2,103.83767700195312,103.93960571289062,-4.116035461425781,0.07811566442251205,1,1
10.422869109956082,27.314,velocity_chirp,1,1,-9.95701549085646,-126.7962646484375,0.04371320828795433,-0.043030306696891785,2,1
10.422869109956082,27.314,velocity_chirp,0,4,,0.0,-0.0,-0.017999999225139618,0,1
10.422869109956082,27.314,velocity_chirp,0,1,,0.0,0.0,-0.008999999612569809,0,1
10.43323035899084,27.324,velocity_chirp,1,2,103.83767700195312,103.96157836914062,5.11641263961792,0.07418232411146164,1,1
10.43323035899084,27.324,velocity_chirp,1,1,-9.95701549085646,-126.7962646484375,0.04371320828795433,-0.026769548654556274,2,1
10.43323035899084,27.324,velocity_chirp,0,4,,0.0,-0.0,0.03200000151991844,0,1
10.43323035899084,27.324,velocity_chirp,0,1,,0.0,0.0,-0.008999999612569809,0,1
10.442692790995352,27.334,velocity_chirp,1,2,103.83767700195312,103.93960571289062,-10.963491439819336,0.14157789945602417,1,1
10.442692790995352,27.334,velocity_chirp,1,1,-9.88583201947702,-126.8182373046875,-4.852166175842285,-0.049634288996458054,2,1
10.442692790995352,27.334,velocity_chirp,0,4,,0.0,-0.0,-0.06599999964237213,0,1
10.442692790995352,27.334,velocity_chirp,0,1,,0.0,0.0,-0.008999999612569809,0,1
10.453304231981747,27.344,velocity_chirp,1,2,103.83767700195312,103.93960571289062,-7.347316265106201,0.10359033197164536,1,1
10.453304231981747,27.344,velocity_chirp,1,1,-9.774591460488432,-126.84014892578125,-4.764739513397217,-0.06715776026248932,2,1
10.453304231981747,27.344,velocity_chirp,0,4,,0.0,-0.0,0.006000000052154064,0,1
10.453304231981747,27.344,velocity_chirp,0,1,,0.0,0.0,-0.008999999612569809,0,1
10.46256569394609,27.354,velocity_chirp,1,2,103.83767700195312,103.93960571289062,-2.9620070457458496,-0.05144786834716797,1,1
10.46256569394609,27.354,velocity_chirp,1,1,-9.641005194639044,-126.86212158203125,-4.764739513397217,-0.07405657321214676,2,1
10.46256569394609,27.354,velocity_chirp,0,4,,0.0,-0.0,-0.017999999225139618,0,1
10.46256569394609,27.354,velocity_chirp,0,1,,0.0,0.0,0.05700000002980232,0,1
10.472912284953054,27.364,velocity_chirp,1,2,103.83767700195312,103.93960571289062,-1.1155611276626587,0.011255890130996704,1,1
10.472912284953054,27.364,velocity_chirp,1,1,-9.460904112959954,-126.88409423828125,0.04371320828795433,-0.07507707923650742,2,1
10.472912284953054,27.364,velocity_chirp,0,4,,0.0,-0.0,-0.017999999225139618,0,1
10.472912284953054,27.364,velocity_chirp,0,1,,0.0,0.0,-0.008999999612569809,0,1
10.482469034963287,27.374,velocity_chirp,1,2,103.83767700195312,103.93960571289062,-1.9618487358093262,-0.12880611419677734,1,1
10.482469034963287,27.374,velocity_chirp,1,1,-9.273864856027563,-126.86212158203125,0.04371320828795433,-0.07402607053518295,2,1
10.482469034963287,27.374,velocity_chirp,0,4,,0.0,-0.0,0.03200000151991844,0,1
10.482469034963287,27.374,velocity_chirp,0,1,,0.0,0.0,-0.008999999612569809,0,1
10.493323424947448,27.384,velocity_chirp,1,2,103.83767700195312,103.8603515625,1.685333013534546,-0.06052651256322861,1,1
10.493323424947448,27.384,velocity_chirp,1,1,-9.02128689923444,-126.88409423828125,0.04371320828795433,-0.07758937776088715,2,1
10.493323424947448,27.384,velocity_chirp,0,4,,0.0,-0.0,-0.017999999225139618,0,1
10.493323424947448,27.384,velocity_chirp,0,1,,0.0,0.0,0.06400000303983688,0,1
10.50304070796119,27.394,velocity_chirp,1,2,103.83767700195312,103.96157836914062,14.194771766662598,0.17698104679584503,1,1
10.50304070796119,27.394,velocity_chirp,1,1,-8.752204825945176,-126.90606689453125,-4.502460479736328,-0.09511608630418777,2,1
10.50304070796119,27.394,velocity_chirp,0,4,,0.0,-0.0,-0.017999999225139618,0,1
10.50304070796119,27.394,velocity_chirp,0,1,,0.0,0.0,-0.008999999612569809,0,1
10.512935425969772,27.404,velocity_chirp,1,2,103.83767700195312,103.93960571289062,-0.730884850025177,0.1253906637430191,1,1
10.512935425969772,27.404,velocity_chirp,1,1,-8.441248007569873,-126.95001220703125,-4.852166175842285,-0.09349410235881805,2,1
10.512935425969772,27.404,velocity_chirp,0,4,,0.0,-0.0,-0.017999999225139618,0,1
10.512935425969772,27.404,velocity_chirp,0,1,,0.0,0.0,-0.008999999612569809,0,1
10.522521500999574,27.414,velocity_chirp,1,2,103.83767700195312,103.93960571289062,1.5002373456954956,0.09881384670734406,1,1
10.522521500999574,27.414,velocity_chirp,1,1,-8.139390093555768,-126.97198486328125,0.04371320828795433,-0.09828544408082962,2,1
10.522521500999574,27.414,velocity_chirp,0,4,,0.0,-0.0,-0.25,0,1
10.522521500999574,27.414,velocity_chirp,0,1,,0.0,0.0,-0.07699999958276749,0,1
10.533235315990169,27.424,velocity_chirp,1,2,103.83767700195312,103.93960571289062,-1.6541078090667725,-0.10530806332826614,1,1
10.533235315990169,27.424,velocity_chirp,1,1,-8.139390093555768,-126.97198486328125,4.939592361450195,-0.08829604834318161,2,1
10.533235315990169,27.424,velocity_chirp,0,4,,0.0,-0.0,-0.017999999225139618,0,1
10.533235315990169,27.424,velocity_chirp,0,1,,0.0,0.0,-0.008999999612569809,0,1
10.542400265985634,27.434,velocity_chirp,1,2,103.83767700195312,103.93960571289062,2.808136463165283,-0.07593285292387009,1,1
10.542400265985634,27.434,velocity_chirp,1,1,-7.774293494568585,-126.97198486328125,0.04371320828795433,-0.0780835747718811,2,1
10.542400265985634,27.434,velocity_chirp,0,4,,0.0,-0.0,-0.017999999225139618,0,1
10.542400265985634,27.434,velocity_chirp,0,1,,0.0,0.0,0.05700000002980232,0,1
10.557659139973111,27.449,velocity_chirp,1,2,103.83767700195312,103.85745239257812,-5.609355926513672,-0.09096797555685043,1,1
10.557659139973111,27.449,velocity_chirp,1,1,-6.958253702528783,-126.9940185546875,-4.852166175842285,-0.09483780711889267,2,1
10.557659139973111,27.449,velocity_chirp,0,4,,0.0,-0.0,-0.017999999225139618,0,1
10.557659139973111,27.449,velocity_chirp,0,1,,0.0,0.0,0.05700000002980232,0,1
10.563247728976421,27.454,velocity_chirp,1,2,103.83767700195312,103.93960571289062,-9.424568176269531,-0.09096797555685043,1,1
10.563247728976421,27.454,velocity_chirp,1,1,-6.958253702528783,-126.9940185546875,-4.502460479736328,-0.09483780711889267,2,1
10.563247728976421,27.454,velocity_chirp,0,4,,0.0,-0.0,0.006000000052154064,0,1
10.563247728976421,27.454,velocity_chirp,0,1,,0.0,0.0,-0.008999999612569809,0,1
10.573271099943668,27.464,velocity_chirp,1,2,103.83767700195312,103.96157836914062,7.963016510009766,0.06524636596441269,1,1
10.573271099943668,27.464,velocity_chirp,1,1,-6.490985227103075,-127.0379638671875,-4.764739513397217,-0.11359085887670517,2,1
10.573271099943668,27.464,velocity_chirp,0,4,,0.0,-0.0,-0.017999999225139618,0,1
10.573271099943668,27.464,velocity_chirp,0,1,,0.0,0.0,-0.01600000075995922,0,1
10.583544352964964,27.474,velocity_chirp,1,2,103.83767700195312,103.96157836914062,3.7313594818115234,0.0990174263715744,1,1
10.583544352964964,27.474,velocity_chirp,1,1,-5.992555960709128,-127.08203125,0.04371320828795433,-0.10727767646312714,2,1
10.583544352964964,27.474,velocity_chirp,0,4,,0.0,-0.0,0.006000000052154064,0,1
10.583544352964964,27.474,velocity_chirp,0,1,,0.0,0.0,-0.0020000000949949026,0,1
10.593970613961574,27.485,velocity_chirp,1,2,103.83767700195312,103.96157836914062,-4.962323188781738,0.13117781281471252,1,1
10.593970613961574,27.485,velocity_chirp,1,1,-5.545046128126911,-127.08203125,0.04371320828795433,-0.10252513736486435,2,1
10.593970613961574,27.485,velocity_chirp,0,4,,0.0,-0.0,-0.017999999225139618,0,1
10.593970613961574,27.485,velocity_chirp,0,1,,0.0,0.0,-0.008999999612569809,0,1
10.603194725990761,27.494,velocity_chirp,1,2,103.83767700195312,104.0054931640625,3.500553607940674,0.13286931812763214,1,1
10.603194725990761,27.494,velocity_chirp,1,1,-5.061099378491237,-127.08203125,0.04371320828795433,-0.08450362086296082,2,1
10.603194725990761,27.494,velocity_chirp,0,4,,0.0,-0.0,-0.017999999225139618,0,1
10.603194725990761,27.494,velocity_chirp,0,1,,0.0,0.0,-0.008999999612569809,0,1
10.613323214987759,27.504,velocity_chirp,1,2,103.83767700195312,104.0274658203125,10.424944877624512,0.39255645871162415,1,1
10.613323214987759,27.504,velocity_chirp,1,1,-4.539094671610412,-127.08203125,-4.240180969238281,-0.09141198545694351,2,1
10.613323214987759,27.504,velocity_chirp,0,4,,0.0,-0.0,-0.017999999225139618,0,1
10.613323214987759,27.504,velocity_chirp,0,1,,0.0,0.0,-0.008999999612569809,0,1
10.622973170946352,27.514,velocity_chirp,1,2,103.83767700195312,104.0494384765625,12.733001708984375,0.2333739697933197,1,1
10.622973170946352,27.514,velocity_chirp,1,1,-4.033343294335435,-127.08203125,0.04371320828795433,-0.11355677992105484,2,1
10.622973170946352,27.514,velocity_chirp,0,4,,0.0,-0.0,-0.017999999225139618,0,1
10.622973170946352,27.514,velocity_chirp,0,1,,0.0,0.0,0.05700000002980232,0,1
10.633383001957554,27.524,velocity_chirp,1,2,103.83767700195312,104.09335327148438,1.1155611276626587,0.1824243664741516,1,1
10.633383001957554,27.524,velocity_chirp,1,1,-4.033343294335435,-127.10400390625,0.04371320828795433,-0.1344923973083496,2,1
10.633383001957554,27.524,velocity_chirp,0,4,,0.0,-0.0,0.03200000151991844,0,1
10.633383001957554,27.524,velocity_chirp,0,1,,0.0,0.0,-0.008999999612569809,0,1
10.642960570985451,27.534,velocity_chirp,1,2,103.83767700195312,104.13729858398438,2.5773308277130127,0.1804775595664978,1,1
10.642960570985451,27.534,velocity_chirp,1,1,-3.4858338566300424,-127.10400390625,-4.240180969238281,-0.15375205874443054,2,1
10.642960570985451,27.534,velocity_chirp,0,4,,0.0,-0.0,0.054999999701976776,0,1
10.642960570985451,27.534,velocity_chirp,0,1,,0.0,0.0,-0.008999999612569809,0,1
10.653469087963458,27.544,velocity_chirp,1,2,103.83767700195312,104.18121337890625,7.501405239105225,-0.10876284539699554,1,1
10.653469087963458,27.544,velocity_chirp,1,1,-2.890262950527685,-127.10400390625,0.04371320828795433,-0.169978529214859,2,1
10.653469087963458,27.544,velocity_chirp,0,4,,0.0,-0.0,-0.017999999225139618,0,1
10.653469087963458,27.544,velocity_chirp,0,1,,0.0,0.0,-0.008999999612569809,0,1
10.6630120719783,27.554,velocity_chirp,1,2,103.83767700195312,104.18121337890625,-6.885704517364502,-0.023920122534036636,1,1
10.6630120719783,27.554,velocity_chirp,1,1,-2.3425882218025733,-127.10400390625,0.04371320828795433,-0.1789931356906891,2,1
10.6630120719783,27.554,velocity_chirp,0,4,,0.0,-0.0,-0.017999999225139618,0,1
10.6630120719783,27.554,velocity_chirp,0,1,,0.0,0.0,-0.008999999612569809,0,1
10.67327144794399,27.564,velocity_chirp,1,2,103.83767700195312,104.18121337890625,1.5002373456954956,0.12069336324930191,1,1
10.67327144794399,27.564,velocity_chirp,1,1,-1.7169958993863728,-127.10400390625,-4.764739513397217,-0.1915718913078308,2,1
10.67327144794399,27.564,velocity_chirp,0,4,,0.0,-0.0,-0.017999999225139618,0,1
10.67327144794399,27.564,velocity_chirp,0,1,,0.0,0.0,-0.008999999612569809,0,1
10.683308714942541,27.574,velocity_chirp,1,2,103.83767700195312,104.20330810546875,4.5776472091674805,0.3168015480041504,1,1
10.683308714942541,27.574,velocity_chirp,1,1,-1.183281331781069,-127.1259765625,0.04371320828795433,-0.19896498322486877,2,1
10.683308714942541,27.574,velocity_chirp,0,4,,0.0,-0.0,0.006000000052154064,0,1
10.683308714942541,27.574,velocity_chirp,0,1,,0.0,0.0,0.05700000002980232,0,1
10.693275538971648,27.584,velocity_chirp,1,2,103.83767700195312,104.20330810546875,0.730884850025177,0.193930983543396,1,1
10.693275538971648,27.584,velocity_chirp,1,1,-0.6359322524863007,-127.1259765625,0.04371320828795433,-0.20669308304786682,2,1
10.693275538971648,27.584,velocity_chirp,0,4,,0.0,-0.0,0.03200000151991844,0,1
10.693275538971648,27.584,velocity_chirp,0,1,,0.0,0.0,-0.008999999612569809,0,1
10.703513514949009,27.595,velocity_chirp,1,2,103.83767700195312,104.22528076171875,6.116570472717285,0.2673087418079376,1,1
10.703513514949009,27.595,velocity_chirp,1,1,0.025643140923305406,-127.1259765625,0.04371320828795433,-0.2138296514749527,2,1
10.703513514949009,27.595,velocity_chirp,0,4,,0.0,-0.0,-0.017999999225139618,0,1
10.703513514949009,27.595,velocity_chirp,0,1,,0.0,0.0,-0.07699999958276749,0,1
10.714124464953784,27.605,velocity_chirp,1,2,103.83767700195312,104.20330810546875,2.5773308277130127,0.10651449114084244,1,1
10.714124464953784,27.605,velocity_chirp,1,1,0.568804874730156,-127.1259765625,0.04371320828795433,-0.2219279259443283,2,1
10.714124464953784,27.605,velocity_chirp,0,4,,0.0,-0.0,-0.017999999225139618,0,1
10.714124464953784,27.605,velocity_chirp,0,1,,0.0,0.0,-0.008999999612569809,0,1
10.722991603950504,27.614,velocity_chirp,1,2,103.83767700195312,104.22528076171875,2.9620070457458496,0.1677768975496292,1,1
10.722991603950504,27.614,velocity_chirp,1,1,1.1502982811091054,-127.1259765625,0.04371320828795433,-0.2222204953432083,2,1
10.722991603950504,27.614,velocity_chirp,0,4,,0.0,-0.0,-0.017999999225139618,0,1
10.722991603950504,27.614,velocity_chirp,0,1,,0.0,0.0,-0.008999999612569809,0,1
10.733333715994377,27.624,velocity_chirp,1,2,103.83767700195312,104.22528076171875,-4.039100646972656,-0.12742979824543,1,1
10.733333715994377,27.624,velocity_chirp,1,1,1.731282445132796,-127.1259765625,0.04371320828795433,-0.2240993082523346,2,1
10.733333715994377,27.624,velocity_chirp,0,4,,0.0,-0.0,-0.017999999225139618,0,1
10.733333715994377,27.624,velocity_chirp,0,1,,0.0,0.0,-0.008999999612569809,0,1
10.7431793519645,27.634,velocity_chirp,1,2,103.83767700195312,104.22528076171875,-0.730884850025177,-0.04236879199743271,1,1
10.7431793519645,27.634,velocity_chirp,1,1,2.2838412409687163,-127.1259765625,0.04371320828795433,-0.2251673936843872,2,1
10.7431793519645,27.634,velocity_chirp,0,4,,0.0,-0.0,0.006000000052154064,0,1
10.7431793519645,27.634,velocity_chirp,0,1,,0.0,0.0,-0.0020000000949949026,0,1
10.753231295966543,27.644,velocity_chirp,1,2,103.83767700195312,104.22528076171875,2.5773308277130127,-0.0621136873960495,1,1
10.753231295966543,27.644,velocity_chirp,1,1,2.2838412409687163,-127.1259765625,0.04371320828795433,-0.22810648381710052,2,1
10.753231295966543,27.644,velocity_chirp,0,4,,0.0,-0.0,0.03200000151991844,0,1
10.753231295966543,27.644,velocity_chirp,0,1,,0.0,0.0,-0.008999999612569809,0,1
10.762966192967724,27.654,velocity_chirp,1,2,103.83767700195312,104.20330810546875,-9.655373573303223,0.0020294752903282642,1,1
10.762966192967724,27.654,velocity_chirp,1,1,2.858856948328924,-127.1259765625,0.04371320828795433,-0.22455498576164246,2,1
10.762966192967724,27.654,velocity_chirp,0,4,,0.0,-0.0,0.006000000052154064,0,1
10.762966192967724,27.654,velocity_chirp,0,1,,0.0,0.0,-0.008999999612569809,0,1
10.77339868596755,27.664,velocity_chirp,1,2,103.83767700195312,104.20330810546875,-2.26958966255188,0.05953153222799301,1,1
10.77339868596755,27.664,velocity_chirp,1,1,3.4770866573923787,-127.1259765625,0.04371320828795433,-0.22504429519176483,2,1
10.77339868596755,27.664,velocity_chirp,0,4,,0.0,-0.0,-0.017999999225139618,0,1
10.77339868596755,27.664,velocity_chirp,0,1,,0.0,0.0,-0.07699999958276749,0,1
10.783321877999697,27.674,velocity_chirp,1,2,103.83767700195312,104.20330810546875,4.269906044006348,-0.03391820937395096,1,1
10.783321877999697,27.674,velocity_chirp,1,1,4.000899098821301,-127.1259765625,0.04371320828795433,-0.2251352071762085,2,1
10.783321877999697,27.674,velocity_chirp,0,4,,0.0,-0.0,-0.017999999225139618,0,1
10.783321877999697,27.674,velocity_chirp,0,1,,0.0,0.0,0.05700000002980232,0,1
10.793289222987369,27.684,velocity_chirp,1,2,103.83767700195312,104.20330810546875,-2.5003955364227295,-0.071479432284832,1,1
10.793289222987369,27.684,velocity_chirp,1,1,4.496328403196268,-127.1259765625,0.04371320828795433,-0.21971110999584198,2,1
10.793289222987369,27.684,velocity_chirp,0,4,,0.0,-0.0,0.03200000151991844,0,1
10.793289222987369,27.684,velocity_chirp,0,1,,0.0,0.0,-0.008999999612569809,0,1
10.80304091097787,27.694,velocity_chirp,1,2,103.83767700195312,104.20330810546875,-2.808136463165283,-0.1574939787387848,1,1
10.80304091097787,27.694,velocity_chirp,1,1,5.067145072684262,-127.1259765625,0.04371320828795433,-0.21874240040779114,2,1
10.80304091097787,27.694,velocity_chirp,0,4,,0.0,-0.0,-0.017999999225139618,0,1
10.80304091097787,27.694,velocity_chirp,0,1,,0.0,0.0,-0.008999999612569809,0,1
10.813614990969654,27.704,velocity_chirp,1,2,103.83767700195312,104.10699462890625,-4.40818977355957,-0.10039085149765015,1,1
10.813614990969654,27.704,velocity_chirp,1,1,5.612700927466811,-127.1259765625,0.04371320828795433,-0.20782095193862915,2,1
10.813614990969654,27.704,velocity_chirp,0,4,,0.0,-0.0,0.006000000052154064,0,1
10.813614990969654,27.704,velocity_chirp,0,1,,0.0,0.0,-0.008999999612569809,0,1
10.82345844199881,27.714,velocity_chirp,1,2,103.83767700195312,104.18121337890625,4.500711917877197,-0.19189582765102386,1,1
10.82345844199881,27.714,velocity_chirp,1,1,6.0956600463374455,-127.1259765625,0.04371320828795433,-0.1980511099100113,2,1
10.82345844199881,27.714,velocity_chirp,0,4,,0.0,-0.0,0.03200000151991844,0,1
10.82345844199881,27.714,velocity_chirp,0,1,,0.0,0.0,-0.008999999612569809,0,1
10.83340095099993,27.724,velocity_chirp,1,2,103.83767700195312,104.15927124023438,5.731894493103027,-0.23682476580142975,1,1
10.83340095099993,27.724,velocity_chirp,1,1,6.601722470071849,-127.1259765625,0.04371320828795433,-0.1952810436487198,2,1
10.83340095099993,27.724,velocity_chirp,0,4,,0.0,-0.0,0.006000000052154064,0,1
10.83340095099993,27.724,velocity_chirp,0,1,,0.0,0.0,0.05700000002980232,0,1
10.843180320982356,27.734,velocity_chirp,1,2,103.83767700195312,104.13729858398438,7.424469947814941,0.05944635346531868,1,1
10.843180320982356,27.734,velocity_chirp,1,1,7.0032114165123796,-127.1259765625,0.04371320828795433,-0.18461275100708008,2,1
10.843180320982356,27.734,velocity_chirp,0,4,,0.0,-0.0,-0.2240000069141388,0,1
10.843180320982356,27.734,velocity_chirp,0,1,,0.0,0.0,0.05700000002980232,0,1
10.85325159196509,27.744,velocity_chirp,1,2,103.83767700195312,104.13729858398438,-4.346841335296631,-0.1549924612045288,1,1
10.85325159196509,27.744,velocity_chirp,1,1,7.0032114165123796,-127.1259765625,0.04371320828795433,-0.17671918869018555,2,1
10.85325159196509,27.744,velocity_chirp,0,4,,0.0,-0.0,-0.017999999225139618,0,1
10.85325159196509,27.744,velocity_chirp,0,1,,0.0,0.0,-0.008999999612569809,0,1
10.86303730495274,27.754,velocity_chirp,1,2,103.83767700195312,104.15927124023438,-9.270697593688965,-0.028190823271870613,1,1
10.86303730495274,27.754,velocity_chirp,1,1,7.408751198120073,-127.1259765625,0.04371320828795433,-0.17282652854919434,2,1
10.86303730495274,27.754,velocity_chirp,0,4,,0.0,-0.0,-0.017999999225139618,0,1
10.86303730495274,27.754,velocity_chirp,0,1,,0.0,0.0,-0.07699999958276749,0,1
10.873226588999387,27.764,velocity_chirp,1,2,103.83767700195312,104.13729858398438,-4.500711917877197,0.024470355361700058,1,1
10.873226588999387,27.764,velocity_chirp,1,1,7.836736283866239,-127.1259765625,0.04371320828795433,-0.16550490260124207,2,1
10.873226588999387,27.764,velocity_chirp,0,4,,0.0,-0.0,0.006000000052154064,0,1
10.873226588999387,27.764,velocity_chirp,0,1,,0.0,0.0,-0.008999999612569809,0,1
10.883162954996806,27.774,velocity_chirp,1,2,103.83767700195312,104.15927124023438,3.3466832637786865,-0.020893102511763573,1,1
10.883162954996806,27.774,velocity_chirp,1,1,8.165700313452092,-127.1259765625,0.04371320828795433,-0.1645885556936264,2,1
10.883162954996806,27.774,velocity_chirp,0,4,,0.0,-0.0,-0.017999999225139618,0,1
10.883162954996806,27.774,velocity_chirp,0,1,,0.0,0.0,-0.008999999612569809,0,1
10.893288959981874,27.784,velocity_chirp,1,2,103.83767700195312,104.15927124023438,-1.0386258363723755,-0.11050839722156525,1,1
10.893288959981874,27.784,velocity_chirp,1,1,8.472144146289018,-127.1259765625,0.04371320828795433,-0.14821724593639374,2,1
10.893288959981874,27.784,velocity_chirp,0,4,,0.0,-0.0,-0.0430000014603138,0,1
10.893288959981874,27.784,velocity_chirp,0,1,,0.0,0.0,-0.01600000075995922,0,1
10.903004038962536,27.794,velocity_chirp,1,2,103.83767700195312,104.15927124023438,2.0387840270996094,0.041401758790016174,1,1
10.903004038962536,27.794,velocity_chirp,1,1,8.809017790583454,-127.10400390625,0.04371320828795433,-0.14692367613315582,2,1
10.903004038962536,27.794,velocity_chirp,0,4,,0.0,-0.0,0.006000000052154064,0,1
10.903004038962536,27.794,velocity_chirp,0,1,,0.0,0.0,-0.008999999612569809,0,1
10.913718153955415,27.804,velocity_chirp,1,2,103.83767700195312,104.07864379882812,0.4324227273464203,-0.06820150464773178,1,1
10.913718153955415,27.804,velocity_chirp,1,1,9.10023155481584,-127.10400390625,0.04371320828795433,-0.13406355679035187,2,1
10.913718153955415,27.804,velocity_chirp,0,4,,0.0,-0.0,-0.017999999225139618,0,1
10.913718153955415,27.804,velocity_chirp,0,1,,0.0,0.0,-0.008999999612569809,0,1
10.923416861973237,27.814,velocity_chirp,1,2,103.83767700195312,104.15927124023438,-5.193129062652588,-0.07629678398370743,1,1
10.923416861973237,27.814,velocity_chirp,1,1,9.33267820741356,-127.10400390625,0.04371320828795433,-0.11668547242879868,2,1
10.923416861973237,27.814,velocity_chirp,0,4,,0.0,-0.0,-0.017999999225139618,0,1
10.923416861973237,27.814,velocity_chirp,0,1,,0.0,0.0,-0.008999999612569809,0,1
10.933300247997977,27.824,velocity_chirp,1,2,103.83767700195312,104.15927124023438,-8.193603515625,-0.06668338924646378,1,1
10.933300247997977,27.824,velocity_chirp,1,1,9.548108558861147,-127.10400390625,0.04371320828795433,-0.11072681099176407,2,1
10.933300247997977,27.824,velocity_chirp,0,4,,0.0,-0.0,-0.017999999225139618,0,1
10.933300247997977,27.824,velocity_chirp,0,1,,0.0,0.0,-0.008999999612569809,0,1
10.943226194998715,27.834,velocity_chirp,1,2,103.83767700195312,104.15927124023438,3.8082947731018066,-0.0002483036369085312,1,1
10.943226194998715,27.834,velocity_chirp,1,1,9.548108558861147,-127.10400390625,0.04371320828795433,-0.10363760590553284,2,1
10.943226194998715,27.834,velocity_chirp,0,4,,0.0,-0.0,-0.017999999225139618,0,1
10.943226194998715,27.834,velocity_chirp,0,1,,0.0,0.0,-0.008999999612569809,0,1
10.953332922945265,27.844,velocity_chirp,1,2,103.83767700195312,104.15927124023438,1.2694315910339355,-0.1612686961889267,1,1
10.953332922945265,27.844,velocity_chirp,1,1,9.707504434985395,-127.10400390625,0.04371320828795433,-0.09634247422218323,2,1
10.953332922945265,27.844,velocity_chirp,0,4,,0.0,-0.0,-0.017999999225139618,0,1
10.953332922945265,27.844,velocity_chirp,0,1,,0.0,0.0,-0.008999999612569809,0,1
10.963064873998519,27.854,velocity_chirp,1,2,103.83767700195312,104.15927124023438,-3.962165117263794,-0.1317034363746643,1,1
10.963064873998519,27.854,velocity_chirp,1,1,9.826207944580066,-127.08203125,0.04371320828795433,-0.08888601511716843,2,1
10.963064873998519,27.854,velocity_chirp,0,4,,0.0,-0.0,-0.017999999225139618,0,1
10.963064873998519,27.854,velocity_chirp,0,1,,0.0,0.0,-0.008999999612569809,0,1
10.973306185973343,27.864,velocity_chirp,1,2,103.83767700195312,104.15927124023438,-6.424093246459961,-0.20804238319396973,1,1
10.973306185973343,27.864,velocity_chirp,1,1,9.928334721114565,-127.08203125,0.04371320828795433,-0.07941573113203049,2,1
10.973306185973343,27.864,velocity_chirp,0,4,,0.0,-0.0,-0.017999999225139618,0,1
10.973306185973343,27.864,velocity_chirp,0,1,,0.0,0.0,0.05700000002980232,0,1
10.983134388981853,27.874,velocity_chirp,1,2,103.83767700195312,104.13729858398438,-1.5002373456954956,0.06551345437765121,1,1
10.983134388981853,27.874,velocity_chirp,1,1,9.979395928775967,-127.08203125,0.04371320828795433,-0.07684796303510666,2,1
10.983134388981853,27.874,velocity_chirp,0,4,,0.0,-0.0,0.006000000052154064,0,1
10.983134388981853,27.874,velocity_chirp,0,1,,0.0,0.0,-0.008999999612569809,0,1
10.993287624965888,27.884,velocity_chirp,1,2,103.83767700195312,104.15927124023438,-0.9616906046867371,0.04743393510580063,1,1
10.993287624965888,27.884,velocity_chirp,1,1,9.99995714985181,-127.08203125,0.04371320828795433,-0.06294368952512741,2,1
10.993287624965888,27.884,velocity_chirp,0,4,,0.0,-0.0,-0.017999999225139618,0,1
10.993287624965888,27.884,velocity_chirp,0,1,,0.0,0.0,-0.008999999612569809,0,1
11.00293065799633,27.894,velocity_chirp,1,2,103.83767700195312,104.13729858398438,-10.886555671691895,-0.05831719934940338,1,1
11.00293065799633,27.894,velocity_chirp,1,1,9.982676456303755,-127.08203125,0.04371320828795433,-0.06076924875378609,2,1
11.00293065799633,27.894,velocity_chirp,0,4,,0.0,-0.0,-0.017999999225139618,0,1
11.00293065799633,27.894,velocity_chirp,0,1,,0.0,0.0,-0.008999999612569809,0,1
11.013751513964962,27.904,velocity_chirp,1,2,103.83767700195312,104.0758056640625,7.735353469848633,-0.027963103726506233,1,1
11.013751513964962,27.904,velocity_chirp,1,1,9.923809136973762,-127.0599365234375,4.939592361450195,-0.04945369064807892,2,1
11.013751513964962,27.904,velocity_chirp,0,4,,0.0,-0.0,-0.017999999225139618,0,1
11.013751513964962,27.904,velocity_chirp,0,1,,0.0,0.0,-0.008999999612569809,0,1
11.023313924961258,27.914,velocity_chirp,1,2,103.83767700195312,104.15927124023438,6.808988094329834,-0.4800282418727875,1,1
11.023313924961258,27.914,velocity_chirp,1,1,9.828417301313898,-127.0379638671875,4.677313327789307,-0.041206326335668564,2,1
11.023313924961258,27.914,velocity_chirp,0,4,,0.0,-0.0,-0.017999999225139618,0,1
11.023313924961258,27.914,velocity_chirp,0,1,,0.0,0.0,-0.008999999612569809,0,1
11.033289655984845,27.924,velocity_chirp,1,2,103.83767700195312,104.15927124023438,9.040109634399414,-0.07367144525051117,1,1
11.033289655984845,27.924,velocity_chirp,1,1,9.689006513808357,-127.0159912109375,0.04371320828795433,-0.04213142395019531,2,1
11.033289655984845,27.924,velocity_chirp,0,4,,0.0,-0.0,-0.017999999225139618,0,1
11.033289655984845,27.924,velocity_chirp,0,1,,0.0,0.0,-0.0020000000949949026,0,1
11.04311815899564,27.934,velocity_chirp,1,2,103.83767700195312,104.15927124023438,11.96364974975586,-0.09040232002735138,1,1
11.04311815899564,27.934,velocity_chirp,1,1,9.689006513808357,-127.0159912109375,0.04371320828795433,-0.04746606573462486,2,1
11.04311815899564,27.934,velocity_chirp,0,4,,0.0,-0.0,0.03200000151991844,0,1
11.04311815899564,27.934,velocity_chirp,0,1,,0.0,0.0,-0.008999999612569809,0,1
11.053268909978215,27.944,velocity_chirp,1,2,103.83767700195312,104.15927124023438,-4.423776626586914,-0.0803714394569397,1,1
11.053268909978215,27.944,velocity_chirp,1,1,9.520850803502213,-127.0159912109375,-0.21856604516506195,-0.06497370451688766,2,1
11.053268909978215,27.944,velocity_chirp,0,4,,0.0,-0.0,0.006000000052154064,0,1
11.053268909978215,27.944,velocity_chirp,0,1,,0.0,0.0,0.05700000002980232,0,1
11.06300762394676,27.954,velocity_chirp,1,2,103.83767700195312,104.15927124023438,-3.88523006439209,0.008435024879872799,1,1
11.06300762394676,27.954,velocity_chirp,1,1,9.333654706962088,-127.0159912109375,2.4916529655456543,-0.06179231032729149,2,1
11.06300762394676,27.954,velocity_chirp,0,4,,0.0,-0.0,0.03200000151991844,0,1
11.06300762394676,27.954,velocity_chirp,0,1,,0.0,0.0,-0.008999999612569809,0,1
11.07328647695249,27.964,velocity_chirp,1,2,103.83767700195312,104.15927124023438,-4.885388374328613,0.16504216194152832,1,1
11.07328647695249,27.964,velocity_chirp,1,1,9.072329532381039,-126.9940185546875,4.939592361450195,-0.040873996913433075,2,1
11.07328647695249,27.964,velocity_chirp,0,4,,0.0,-0.0,-0.017999999225139618,0,1
11.07328647695249,27.964,velocity_chirp,0,1,,0.0,0.0,-0.008999999612569809,0,1
11.08335928095039,27.974,velocity_chirp,1,2,103.83767700195312,104.18121337890625,0.03846762329339981,-0.040345802903175354,1,1
11.08335928095039,27.974,velocity_chirp,1,1,8.819475409836299,-126.97198486328125,2.4916529655456543,-0.031734172254800797,2,1
11.08335928095039,27.974,velocity_chirp,0,4,,0.0,-0.0,0.006000000052154064,0,1
11.08335928095039,27.974,velocity_chirp,0,1,,0.0,0.0,-0.01600000075995922,0,1
11.093225504970178,27.984,velocity_chirp,1,2,103.83767700195312,104.13729858398438,-5.73167610168457,-0.18077388405799866,1,1
11.093225504970178,27.984,velocity_chirp,1,1,8.539687154344671,-126.95001220703125,4.939592361450195,-0.029826076701283455,2,1
11.093225504970178,27.984,velocity_chirp,0,4,,0.0,-0.0,-0.0430000014603138,0,1
11.093225504970178,27.984,velocity_chirp,0,1,,0.0,0.0,-0.008999999612569809,0,1
11.10304047295358,27.994,velocity_chirp,1,2,103.83767700195312,104.13729858398438,-3.8082947731018066,-0.12072405219078064,1,1
11.10304047295358,27.994,velocity_chirp,1,1,8.171671185632425,-126.95001220703125,0.04371320828795433,-0.03426720201969147,2,1
11.10304047295358,27.994,velocity_chirp,0,4,,0.0,-0.0,0.03200000151991844,0,1
11.10304047295358,27.994,velocity_chirp,0,1,,0.0,0.0,-0.008999999612569809,0,1
11.114198685972951,28.004,velocity_chirp,1,2,103.83767700195312,104.13729858398438,4.423776626586914,0.01474728249013424,1,1
11.114198685972951,28.004,velocity_chirp,1,1,7.767596386780715,-126.95001220703125,4.939592361450195,-0.03622756153345108,2,1
11.114198685972951,28.004,velocity_chirp,0,4,,0.0,-0.0,-0.017999999225139618,0,1
11.114198685972951,28.004,velocity_chirp,0,1,,0.0,0.0,-0.008999999612569809,0,1
11.123438637994695,28.014,velocity_chirp,1,2,103.83767700195312,104.13729858398438,-1.7310431003570557,-0.18984150886535645,1,1
11.123438637994695,28.014,velocity_chirp,1,1,7.356440395317446,-126.92803955078125,4.939592361450195,-0.02226678840816021,2,1
11.123438637994695,28.014,velocity_chirp,0,4,,0.0,-0.0,0.006000000052154064,0,1
11.123438637994695,28.014,velocity_chirp,0,1,,0.0,0.0,-0.008999999612569809,0,1
11.133260878967121,28.024,velocity_chirp,1,2,103.83767700195312,104.11532592773438,3.2697479724884033,-0.19473513960838318,1,1
11.133260878967121,28.024,velocity_chirp,1,1,6.902392435568192,-126.88409423828125,4.939592361450195,-0.013822168111801147,2,1
11.133260878967121,28.024,velocity_chirp,0,4,,0.0,-0.0,0.006000000052154064,0,1
11.133260878967121,28.024,velocity_chirp,0,1,,0.0,0.0,-0.008999999612569809,0,1
11.143280712945852,28.034,velocity_chirp,1,2,103.83767700195312,104.11532592773438,-0.2692733705043793,0.016716202720999718,1,1
11.143280712945852,28.034,velocity_chirp,1,1,6.902392435568192,-126.86212158203125,4.939592361450195,-0.011231346055865288,2,1
11.143280712945852,28.034,velocity_chirp,0,4,,0.0,-0.0,-0.017999999225139618,0,1
11.143280712945852,28.034,velocity_chirp,0,1,,0.0,0.0,-0.008999999612569809,0,1
11.153410755970981,28.044,velocity_chirp,1,2,103.83767700195312,104.13729858398438,-3.19281268119812,0.05739782005548477,1,1
11.153410755970981,28.044,velocity_chirp,1,1,6.444555736155557,-126.86212158203125,0.04371320828795433,-0.018545588478446007,2,1
11.153410755970981,28.044,velocity_chirp,0,4,,0.0,-0.0,-0.017999999225139618,0,1
11.153410755970981,28.044,velocity_chirp,0,1,,0.0,0.0,-0.008999999612569809,0,1
11.163197840971407,28.054,velocity_chirp,1,2,103.83767700195312,104.11532592773438,-7.962798118591309,0.06590530276298523,1,1
11.163197840971407,28.054,velocity_chirp,1,1,6.000764781606806,-126.88409423828125,0.04371320828795433,-0.028309831395745277,2,1
11.163197840971407,28.054,velocity_chirp,0,4,,0.0,-0.0,-0.06599999964237213,0,1
11.163197840971407,28.054,velocity_chirp,0,1,,0.0,0.0,-0.08299999684095383,0,1
11.173500227974728,28.064,velocity_chirp,1,2,103.83767700195312,104.11532592773438,8.963174819946289,0.03644656017422676,1,1
11.173500227974728,28.064,velocity_chirp,1,1,5.443450915759324,-126.86212158203125,0.04371320828795433,-0.022849127650260925,2,1
11.173500227974728,28.064,velocity_chirp,0,4,,0.0,-0.0,-0.017999999225139618,0,1
11.173500227974728,28.064,velocity_chirp,0,1,,0.0,0.0,-0.008999999612569809,0,1
11.183049072977155,28.074,velocity_chirp,1,2,103.83767700195312,104.11532592773438,1.5002373456954956,-0.15154118835926056,1,1
11.183049072977155,28.074,velocity_chirp,1,1,4.953087641140686,-126.86212158203125,3.715622663497925,-0.006482471711933613,2,1
11.183049072977155,28.074,velocity_chirp,0,4,,0.0,-0.0,0.006000000052154064,0,1
11.183049072977155,28.074,velocity_chirp,0,1,,0.0,0.0,-0.008999999612569809,0,1
11.193531650991645,28.084,velocity_chirp,1,2,103.83767700195312,104.09335327148438,6.501246929168701,-0.03382457420229912,1,1
11.193531650991645,28.084,velocity_chirp,1,1,4.371051921583927,-126.8182373046875,4.852166175842285,0.004630053415894508,2,1
11.193531650991645,28.084,velocity_chirp,0,4,,0.0,-0.0,-0.017999999225139618,0,1
11.193531650991645,28.084,velocity_chirp,0,1,,0.0,0.0,-0.008999999612569809,0,1
11.20310373994289,28.094,velocity_chirp,1,2,103.83767700195312,104.0714111328125,9.732527732849121,-0.1482841819524765,1,1
11.20310373994289,28.094,velocity_chirp,1,1,3.833159944679953,-126.8182373046875,0.04371320828795433,0.009465276263654232,2,1
11.20310373994289,28.094,velocity_chirp,0,4,,0.0,-0.0,0.006000000052154064,0,1
11.20310373994289,28.094,velocity_chirp,0,1,,0.0,0.0,-0.008999999612569809,0,1
11.213634599000216,28.104,velocity_chirp,1,2,103.83767700195312,104.00491333007812,17.02190589904785,-0.10509482771158218,1,1
11.213634599000216,28.104,velocity_chirp,1,1,3.217973879973701,-126.8182373046875,0.04371320828795433,0.004960645455867052,2,1
11.213634599000216,28.104,velocity_chirp,0,4,,0.0,-0.0,0.03200000151991844,0,1
11.213634599000216,28.104,velocity_chirp,0,1,,0.0,0.0,-0.008999999612569809,0,1
11.223607804975472,28.114,velocity_chirp,1,2,103.83767700195312,104.0494384765625,-5.270064353942871,0.0892392247915268,1,1
11.223607804975472,28.114,velocity_chirp,1,1,2.636165462764758,-126.8182373046875,0.04371320828795433,0.00490664504468441,2,1
11.223607804975472,28.114,velocity_chirp,0,4,,0.0,-0.0,-0.017999999225139618,0,1
11.223607804975472,28.114,velocity_chirp,0,1,,0.0,0.0,-0.008999999612569809,0,1
11.233350345981307,28.124,velocity_chirp,1,2,103.83767700195312,104.0494384765625,11.655908584594727,0.10423613339662552,1,1
11.233350345981307,28.124,velocity_chirp,1,1,1.9709195898570613,-126.8182373046875,0.04371320828795433,0.006796043366193771,2,1
11.233350345981307,28.124,velocity_chirp,0,4,,0.0,-0.0,0.006000000052154064,0,1
11.233350345981307,28.124,velocity_chirp,0,1,,0.0,0.0,0.05700000002980232,0,1
11.242996484972537,28.134,velocity_chirp,1,2,103.83767700195312,104.0494384765625,-6.7318339347839355,0.0181078240275383,1,1
11.242996484972537,28.134,velocity_chirp,1,1,1.9709195898570613,-126.7962646484375,0.04371320828795433,0.015626365318894386,2,1
11.242996484972537,28.134,velocity_chirp,0,4,,0.0,-0.0,-0.017999999225139618,0,1
11.242996484972537,28.134,velocity_chirp,0,1,,0.0,0.0,-0.008999999612569809,0,1
11.253247915999964,28.144,velocity_chirp,1,2,103.83767700195312,104.0274658203125,3.115877389907837,0.1002194806933403,1,1
11.253247915999964,28.144,velocity_chirp,1,1,1.3803726855449903,-126.7523193359375,4.589886665344238,0.021185917779803276,2,1
11.253247915999964,28.144,velocity_chirp,0,4,,0.0,-0.0,-0.017999999225139618,0,1
11.253247915999964,28.144,velocity_chirp,0,1,,0.0,0.0,0.05700000002980232,0,1
11.26305448799394,28.154,velocity_chirp,1,2,103.83767700195312,104.0274658203125,-1.7310431003570557,-0.003309237537905574,1,1
11.26305448799394,28.154,velocity_chirp,1,1,0.8032198436884574,-126.7523193359375,0.04371320828795433,0.018879584968090057,2,1
11.26305448799394,28.154,velocity_chirp,0,4,,0.0,-0.0,0.054999999701976776,0,1
11.26305448799394,28.154,velocity_chirp,0,1,,0.0,0.0,-0.008999999612569809,0,1
11.273445141967386,28.164,velocity_chirp,1,2,103.83767700195312,104.0274658203125,1.5771725177764893,-0.14697039127349854,1,1
11.273445141967386,28.164,velocity_chirp,1,1,0.11913704043046097,-126.7523193359375,0.04371320828795433,0.015711920335888863,2,1
11.273445141967386,28.164,velocity_chirp,0,4,,0.0,-0.0,0.006000000052154064,0,1
11.273445141967386,28.164,velocity_chirp,0,1,,0.0,0.0,-0.008999999612569809,0,1
11.283079878950957,28.174,velocity_chirp,1,2,103.83767700195312,104.0054931640625,3.2697479724884033,-0.11039192229509354,1,1
11.283079878950957,28.174,velocity_chirp,1,1,-0.4673079080350022,-126.7523193359375,0.04371320828795433,0.004459271673113108,2,1
11.283079878950957,28.174,velocity_chirp,0,4,,0.0,-0.0,0.006000000052154064,0,1
11.283079878950957,28.174,velocity_chirp,0,1,,0.0,0.0,-0.01600000075995922,0,1
11.293275414966047,28.184,velocity_chirp,1,2,103.83767700195312,104.0054931640625,-0.03846762329339981,-0.06475429981946945,1,1
11.293275414966047,28.184,velocity_chirp,1,1,-1.1379267187361748,-126.7523193359375,0.04371320828795433,0.010256675072014332,2,1
11.293275414966047,28.184,velocity_chirp,0,4,,0.0,-0.0,-0.017999999225139618,0,1
11.293275414966047,28.184,velocity_chirp,0,1,,0.0,0.0,0.05700000002980232,0,1
11.303254281985573,28.194,velocity_chirp,1,2,103.83767700195312,104.0054931640625,0.6539496183395386,0.09049597382545471,1,1
11.303254281985573,28.194,velocity_chirp,1,1,-1.714300569240861,-126.7523193359375,0.04371320828795433,0.022406671196222305,2,1
11.303254281985573,28.194,velocity_chirp,0,4,,0.0,-0.0,0.03200000151991844,0,1
11.303254281985573,28.194,velocity_chirp,0,1,,0.0,0.0,-0.008999999612569809,0,1
11.313612083962653,28.204,velocity_chirp,1,2,103.83767700195312,103.9835205078125,7.039793491363525,-0.08736583590507507,1,1
11.313612083962653,28.204,velocity_chirp,1,1,-2.381912633098789,-126.7523193359375,0.04371320828795433,0.0278630368411541,2,1
11.313612083962653,28.204,velocity_chirp,0,4,,0.0,-0.0,0.006000000052154064,0,1
11.313612083962653,28.204,velocity_chirp,0,1,,0.0,0.0,-0.008999999612569809,0,1
11.323678325978108,28.214,velocity_chirp,1,2,103.83767700195312,103.9835205078125,-3.8082947731018066,-0.022785212844610214,1,1
11.323678325978108,28.214,velocity_chirp,1,1,-2.970267158843215,-126.7303466796875,0.04371320828795433,0.03136800602078438,2,1
11.323678325978108,28.214,velocity_chirp,0,4,,0.0,-0.0,0.006000000052154064,0,1
11.323678325978108,28.214,velocity_chirp,0,1,,0.0,0.0,-0.008999999612569809,0,1
11.333657853945624,28.224,velocity_chirp,1,2,103.83767700195312,103.9835205078125,-4.269906044006348,-0.19630154967308044,1,1
11.333657853945624,28.224,velocity_chirp,1,1,-3.6286428109680284,-126.7303466796875,0.04371320828795433,0.03177979588508606,2,1
11.333657853945624,28.224,velocity_chirp,0,4,,0.0,-0.0,0.006000000052154064,0,1
11.333657853945624,28.224,velocity_chirp,0,1,,0.0,0.0,-0.008999999612569809,0,1
11.343048630980775,28.234,velocity_chirp,1,2,103.83767700195312,103.9835205078125,3.2697479724884033,-0.027529645711183548,1,1
11.343048630980775,28.234,velocity_chirp,1,1,-3.6286428109680284,-126.7303466796875,0.04371320828795433,0.02498617209494114,2,1
11.343048630980775,28.234,velocity_chirp,0,4,,0.0,-0.0,-0.017999999225139618,0,1
11.343048630980775,28.234,velocity_chirp,0,1,,0.0,0.0,0.05700000002980232,0,1
11.353426470945124,28.244,velocity_chirp,1,2,103.83767700195312,103.9835205078125,9.886397361755371,-0.10278180241584778,1,1
11.353426470945124,28.244,velocity_chirp,1,1,-4.174827150705273,-126.7303466796875,0.04371320828795433,0.02476644143462181,2,1
11.353426470945124,28.244,velocity_chirp,0,4,,0.0,-0.0,-0.017999999225139618,0,1
11.353426470945124,28.244,velocity_chirp,0,1,,0.0,0.0,-0.008999999612569809,0,1
11.363271344976965,28.254,velocity_chirp,1,2,103.83767700195312,103.9835205078125,-0.3462086021900177,0.1348852813243866,1,1
11.363271344976965,28.254,velocity_chirp,1,1,-4.70600331856494,-126.7303466796875,0.04371320828795433,0.026716342195868492,2,1
11.363271344976965,28.254,velocity_chirp,0,4,,0.0,-0.0,0.054999999701976776,0,1
11.363271344976965,28.254,velocity_chirp,0,1,,0.0,0.0,-0.0020000000949949026,0,1
11.373262874956708,28.264,velocity_chirp,1,2,103.83767700195312,103.96157836914062,-4.962323188781738,-0.1538015902042389,1,1
11.373262874956708,28.264,velocity_chirp,1,1,-5.310671316601875,-126.7303466796875,0.04371320828795433,0.02851245552301407,2,1
11.373262874956708,28.264,velocity_chirp,0,4,,0.0,-0.0,0.006000000052154064,0,1
11.373262874956708,28.264,velocity_chirp,0,1,,0.0,0.0,-0.008999999612569809,0,1
11.383291645965073,28.274,velocity_chirp,1,2,103.83767700195312,103.9835205078125,0.6539496183395386,-0.1257835328578949,1,1
11.383291645965073,28.274,velocity_chirp,1,1,-5.891705273869837,-126.7303466796875,0.04371320828795433,0.029107626527547836,2,1
11.383291645965073,28.274,velocity_chirp,0,4,,0.0,-0.0,0.006000000052154064,0,1
11.383291645965073,28.274,velocity_chirp,0,1,,0.0,0.0,-0.008999999612569809,0,1
11.393787167966366,28.285,velocity_chirp,1,2,103.83767700195312,103.9835205078125,5.962700366973877,-0.21074174344539642,1,1
11.393787167966366,28.285,velocity_chirp,1,1,-6.367682276139667,-126.7303466796875,0.04371320828795433,0.024770911782979965,2,1
11.393787167966366,28.285,velocity_chirp,0,4,,0.0,-0.0,0.006000000052154064,0,1
11.393787167966366,28.285,velocity_chirp,0,1,,0.0,0.0,-0.008999999612569809,0,1
11.403218872961588,28.294,velocity_chirp,1,2,103.83767700195312,103.9835205078125,3.500553607940674,-0.09248833358287811,1,1
11.403218872961588,28.294,velocity_chirp,1,1,-6.896155343583153,-126.7303466796875,0.04371320828795433,0.018227018415927887,2,1
11.403218872961588,28.294,velocity_chirp,0,4,,0.0,-0.0,-0.017999999225139618,0,1
11.403218872961588,28.294,velocity_chirp,0,1,,0.0,0.0,0.05700000002980232,0,1
11.413221513968892,28.304,velocity_chirp,1,2,103.83767700195312,104.0054931640625,1.1924962997436523,0.12044771760702133,1,1
11.413221513968892,28.304,velocity_chirp,1,1,-7.349716203483051,-126.7303466796875,0.04371320828795433,0.013899357058107853,2,1
11.413221513968892,28.304,velocity_chirp,0,4,,0.0,-0.0,0.006000000052154064,0,1
11.413221513968892,28.304,velocity_chirp,0,1,,0.0,0.0,-0.008999999612569809,0,1
11.423176485986914,28.314,velocity_chirp,1,2,103.83767700195312,103.9835205078125,2.26958966255188,-0.024285275489091873,1,1
11.423176485986914,28.314,velocity_chirp,1,1,-7.7342073074623,-126.7523193359375,0.04371320828795433,0.011208118870854378,2,1
11.423176485986914,28.314,velocity_chirp,0,4,,0.0,-0.0,-0.017999999225139618,0,1
11.423176485986914,28.314,velocity_chirp,0,1,,0.0,0.0,-0.0020000000949949026,0,1
11.433459105959628,28.324,velocity_chirp,1,2,103.83767700195312,103.9835205078125,0.19233810901641846,-0.04286196082830429,1,1
11.433459105959628,28.324,velocity_chirp,1,1,-7.7342073074623,-126.7523193359375,0.04371320828795433,0.006593421101570129,2,1
11.433459105959628,28.324,velocity_chirp,0,4,,0.0,-0.0,0.03200000151991844,0,1
11.433459105959628,28.324,velocity_chirp,0,1,,0.0,0.0,-0.008999999612569809,0,1
11.44297752395505,28.334,velocity_chirp,1,2,103.83767700195312,103.96157836914062,-10.271074295043945,0.13871456682682037,1,1
11.44297752395505,28.334,velocity_chirp,1,1,-8.130152195495722,-126.7523193359375,0.04371320828795433,-0.003443299327045679,2,1
11.44297752395505,28.334,velocity_chirp,0,4,,0.0,-0.0,-0.017999999225139618,0,1
11.44297752395505,28.334,velocity_chirp,0,1,,0.0,0.0,-0.01600000075995922,0,1
11.453295320970938,28.344,velocity_chirp,1,2,103.83767700195312,103.96157836914062,-6.193287372589111,0.15017499029636383,1,1
11.453295320970938,28.344,velocity_chirp,1,1,-8.504155689779344,-126.7523193359375,0.04371320828795433,-0.004400620236992836,2,1
11.453295320970938,28.344,velocity_chirp,0,4,,0.0,-0.0,-0.017999999225139618,0,1
11.453295320970938,28.344,velocity_chirp,0,1,,0.0,0.0,-0.008999999612569809,0,1
11.46316195599502,28.354,velocity_chirp,1,2,103.83767700195312,103.96157836914062,-1.0386258363723755,0.03121303580701351,1,1
11.46316195599502,28.354,velocity_chirp,1,1,-8.802116798149282,-126.7523193359375,0.04371320828795433,-0.004125248175114393,2,1
11.46316195599502,28.354,velocity_chirp,0,4,,0.0,-0.0,-0.017999999225139618,0,1
11.46316195599502,28.354,velocity_chirp,0,1,,0.0,0.0,-0.0020000000949949026,0,1
11.473268533998635,28.364,velocity_chirp,1,2,103.83767700195312,103.96157836914062,-3.038942337036133,-0.15384556353092194,1,1
11.473268533998635,28.364,velocity_chirp,1,1,-9.11547757302907,-126.7523193359375,0.04371320828795433,-0.015463242307305336,2,1
11.473268533998635,28.364,velocity_chirp,0,4,,0.0,-0.0,0.006000000052154064,0,1
11.473268533998635,28.364,velocity_chirp,0,1,,0.0,0.0,-0.008999999612569809,0,1
11.483539992943406,28.374,velocity_chirp,1,2,103.83767700195312,103.93960571289062,-0.2692733705043793,0.030580518767237663,1,1
11.483539992943406,28.374,velocity_chirp,1,1,-9.379748777676124,-126.7742919921875,0.04371320828795433,-0.014574234373867512,2,1
11.483539992943406,28.374,velocity_chirp,0,4,,0.0,-0.0,-0.017999999225139618,0,1
11.483539992943406,28.374,velocity_chirp,0,1,,0.0,0.0,-0.008999999612569809,0,1
11.493994917953387,28.385,velocity_chirp,1,2,103.83767700195312,103.93960571289062,6.193505764007568,-0.07891669869422913,1,1
11.493994917953387,28.385,velocity_chirp,1,1,-9.570671097562313,-126.7742919921875,-1.1802566051483154,-0.017671888694167137,2,1
11.493994917953387,28.385,velocity_chirp,0,4,,0.0,-0.0,0.006000000052154064,0,1
11.493994917953387,28.385,velocity_chirp,0,1,,0.0,0.0,-0.01600000075995922,0,1
11.503528043976985,28.394,velocity_chirp,1,2,103.83767700195312,103.93960571289062,3.7313594818115234,-0.07016134262084961,1,1
11.503528043976985,28.394,velocity_chirp,1,1,-9.72885704316131,-126.7962646484375,-4.502460479736328,-0.03063357248902321,2,1
11.503528043976985,28.394,velocity_chirp,0,4,,0.0,-0.0,-0.017999999225139618,0,1
11.503528043976985,28.394,velocity_chirp,0,1,,0.0,0.0,-0.008999999612569809,0,1
11.51350735098822,28.404,velocity_chirp,1,2,103.83767700195312,103.93960571289062,-11.117362022399902,-0.05121319741010666,1,1
11.51350735098822,28.404,velocity_chirp,1,1,-9.863422556486208,-126.7962646484375,0.04371320828795433,-0.034853413701057434,2,1
11.51350735098822,28.404,velocity_chirp,0,4,,0.0,-0.0,-0.017999999225139618,0,1
11.51350735098822,28.404,velocity_chirp,0,1,,0.0,0.0,-0.01600000075995922,0,1
11.52314442297211,28.414,velocity_chirp,1,2,103.83767700195312,103.93960571289062,1.6541078090667725,0.03668047860264778,1,1
11.52314442297211,28.414,velocity_chirp,1,1,-9.94237725021788,-126.7962646484375,0.04371320828795433,-0.041240643709897995,2,1
11.52314442297211,28.414,velocity_chirp,0,4,,0.0,-0.0,0.03200000151991844,0,1
11.52314442297211,28.414,velocity_chirp,0,1,,0.0,0.0,0.05700000002980232,0,1
11.533684899972286,28.424,velocity_chirp,1,2,103.83767700195312,103.93960571289062,1.1155611276626587,0.1474841833114624,1,1
11.533684899972286,28.424,velocity_chirp,1,1,-9.94237725021788,-126.7962646484375,0.04371320828795433,-0.04742978885769844,2,1
11.533684899972286,28.424,velocity_chirp,0,4,,0.0,-0.0,-0.017999999225139618,0,1
11.533684899972286,28.424,velocity_chirp,0,1,,0.0,0.0,0.05700000002980232,0,1
11.542969225964043,28.434,velocity_chirp,1,2,103.83767700195312,103.93960571289062,-7.039575099945068,-0.03999944031238556,1,1
11.542969225964043,28.434,velocity_chirp,1,1,-9.991464153221125,-126.8182373046875,-0.04371320828795433,-0.05462811887264252,2,1
11.542969225964043,28.434,velocity_chirp,0,4,,0.0,-0.0,0.03200000151991844,0,1
11.542969225964043,28.434,velocity_chirp,0,1,,0.0,0.0,-0.008999999612569809,0,1
11.559423034952488,28.45,velocity_chirp,1,2,103.83767700195312,103.84613037109375,-1.906697392463684,0.15052764117717743,1,1
11.559423034952488,28.45,velocity_chirp,1,1,-9.960660859699878,-126.84014892578125,0.04371320828795433,-0.05796611309051514,2,1
11.559423034952488,28.45,velocity_chirp,0,4,,0.0,-0.0,-0.017999999225139618,0,1
11.559423034952488,28.45,velocity_chirp,0,1,,0.0,0.0,-0.008999999612569809,0,1
11.562800791987684,28.454,velocity_chirp,1,2,103.83767700195312,103.93960571289062,-1.2694315910339355,0.15052764117717743,1,1
11.562800791987684,28.454,velocity_chirp,1,1,-9.960660859699878,-126.84014892578125,4.764739513397217,-0.05796611309051514,2,1
11.562800791987684,28.454,velocity_chirp,0,4,,0.0,-0.0,-0.017999999225139618,0,1
11.562800791987684,28.454,velocity_chirp,0,1,,0.0,0.0,-0.008999999612569809,0,1
11.573208918969613,28.464,velocity_chirp,1,2,103.83767700195312,103.93960571289062,4.346841335296631,0.07446528971195221,1,1
11.573208918969613,28.464,velocity_chirp,1,1,-9.882123098294873,-126.84014892578125,0.04371320828795433,-0.05357746779918671,2,1
11.573208918969613,28.464,velocity_chirp,0,4,,0.0,-0.0,0.006000000052154064,0,1
11.573208918969613,28.464,velocity_chirp,0,1,,0.0,0.0,-0.008999999612569809,0,1
11.582993097952567,28.474,velocity_chirp,1,2,103.83767700195312,103.96157836914062,5.885765075683594,0.13967368006706238,1,1
11.582993097952567,28.474,velocity_chirp,1,1,-9.770678336131184,-126.84014892578125,-4.764739513397217,-0.06271906942129135,2,1
11.582993097952567,28.474,velocity_chirp,0,4,,0.0,-0.0,-0.017999999225139618,0,1
11.582993097952567,28.474,velocity_chirp,0,1,,0.0,0.0,-0.008999999612569809,0,1
11.59349833894521,28.484,velocity_chirp,1,2,103.83767700195312,103.89431762695312,6.962858200073242,0.02020198665559292,1,1
11.59349833894521,28.484,velocity_chirp,1,1,-9.599647331092816,-126.88409423828125,-4.852166175842285,-0.07846508175134659,2,1
11.59349833894521,28.484,velocity_chirp,0,4,,0.0,-0.0,-0.25,0,1
11.59349833894521,28.484,velocity_chirp,0,1,,0.0,0.0,-0.0020000000949949026,0,1
11.603169453970622,28.494,velocity_chirp,1,2,103.83767700195312,103.96157836914062,0.8078200817108154,0.02020198665559292,1,1
11.603169453970622,28.494,velocity_chirp,1,1,-9.410327381794318,-126.92803955078125,-4.852166175842285,-0.08430661261081696,2,1
11.603169453970622,28.494,velocity_chirp,0,4,,0.0,-0.0,-0.017999999225139618,0,1
11.603169453970622,28.494,velocity_chirp,0,1,,0.0,0.0,-0.008999999612569809,0,1
11.613219835970085,28.504,velocity_chirp,1,2,103.83767700195312,103.87448120117188,-3.6544241905212402,0.17224372923374176,1,1
11.613219835970085,28.504,velocity_chirp,1,1,-9.151213323355638,-126.92803955078125,0.1311396211385727,-0.08102396875619888,2,1
11.613219835970085,28.504,velocity_chirp,0,4,,0.0,-0.0,-0.017999999225139618,0,1
11.613219835970085,28.504,velocity_chirp,0,1,,0.0,0.0,-0.008999999612569809,0,1
11.622776926960796,28.514,velocity_chirp,1,2,103.83767700195312,103.93960571289062,-5.270064353942871,0.07663585245609283,1,1
11.622776926960796,28.514,velocity_chirp,1,1,-8.899465307362176,-126.92803955078125,0.04371320828795433,-0.07083667069673538,2,1
11.622776926960796,28.514,velocity_chirp,0,4,,0.0,-0.0,-0.20100000500679016,0,1
11.622776926960796,28.514,velocity_chirp,0,1,,0.0,0.0,-0.008999999612569809,0,1
11.633115492993966,28.524,velocity_chirp,1,2,103.83767700195312,103.84896850585938,-6.2702226638793945,0.15639136731624603,1,1
11.633115492993966,28.524,velocity_chirp,1,1,-8.899465307362176,-126.92803955078125,0.04371320828795433,-0.06455925107002258,2,1
11.633115492993966,28.524,velocity_chirp,0,4,,0.0,-0.0,-0.017999999225139618,0,1
11.633115492993966,28.524,velocity_chirp,0,1,,0.0,0.0,-0.008999999612569809,0,1
11.642770938982721,28.534,velocity_chirp,1,2,103.83767700195312,103.93960571289062,-1.0386258363723755,0.2535403370857239,1,1
11.642770938982721,28.534,velocity_chirp,1,1,-8.58359421657651,-126.95001220703125,-4.240180969238281,-0.0847441554069519,2,1
11.642770938982721,28.534,velocity_chirp,0,4,,0.0,-0.0,-0.017999999225139618,0,1
11.642770938982721,28.534,velocity_chirp,0,1,,0.0,0.0,-0.008999999612569809,0,1
11.653431752987672,28.544,velocity_chirp,1,2,103.83767700195312,103.85467529296875,10.271074295043945,0.027350813150405884,1,1
11.653431752987672,28.544,velocity_chirp,1,1,-8.206113363455769,-126.97198486328125,-4.589886665344238,-0.10267627239227295,2,1
11.653431752987672,28.544,velocity_chirp,0,4,,0.0,-0.0,0.006000000052154064,0,1
11.653431752987672,28.544,velocity_chirp,0,1,,0.0,0.0,-0.008999999612569809,0,1
11.662905075994786,28.554,velocity_chirp,1,2,103.83767700195312,103.93960571289062,-0.5000790953636169,0.10347303003072739,1,1
11.662905075994786,28.554,velocity_chirp,1,1,-7.833398519528092,-127.0159912109375,-4.502460479736328,-0.10353223979473114,2,1
11.662905075994786,28.554,velocity_chirp,0,4,,0.0,-0.0,0.006000000052154064,0,1
11.662905075994786,28.554,velocity_chirp,0,1,,0.0,0.0,-0.008999999612569809,0,1
11.673164972977247,28.564,velocity_chirp,1,2,103.83767700195312,103.84896850585938,3.2697479724884033,0.034930162131786346,1,1
11.673164972977247,28.564,velocity_chirp,1,1,-7.38788520268068,-127.0159912109375,0.04371320828795433,-0.10121490806341171,2,1
11.673164972977247,28.564,velocity_chirp,0,4,,0.0,-0.0,0.006000000052154064,0,1
11.673164972977247,28.564,velocity_chirp,0,1,,0.0,0.0,-0.008999999612569809,0,1
11.68272767495364,28.574,velocity_chirp,1,2,103.83767700195312,103.93960571289062,1.4233020544052124,0.2313159853219986,1,1
11.68272767495364,28.574,velocity_chirp,1,1,-6.972778272959542,-127.0159912109375,0.04371320828795433,-0.08566255867481232,2,1
11.68272767495364,28.574,velocity_chirp,0,4,,0.0,-0.0,0.006000000052154064,0,1
11.68272767495364,28.574,velocity_chirp,0,1,,0.0,0.0,-0.008999999612569809,0,1
11.693542458990123,28.584,velocity_chirp,1,2,103.83767700195312,103.84896850585938,-3.9359710216522217,-0.024435101076960564,1,1
11.693542458990123,28.584,velocity_chirp,1,1,-6.458770890441911,-127.1845703125,0.04371320828795433,-0.07945658266544342,2,1
11.693542458990123,28.584,velocity_chirp,0,4,,0.0,-0.0,-0.017999999225139618,0,1
11.693542458990123,28.584,velocity_chirp,0,1,,0.0,0.0,-0.0020000000949949026,0,1
11.703330665943213,28.594,velocity_chirp,1,2,103.83767700195312,103.93960571289062,-4.500711917877197,-0.024435101076960564,1,1
11.703330665943213,28.594,velocity_chirp,1,1,-5.9570314699298175,-127.0379638671875,-3.0162112712860107,-0.1021561548113823,2,1
11.703330665943213,28.594,velocity_chirp,0,4,,0.0,-0.0,0.006000000052154064,0,1
11.703330665943213,28.594,velocity_chirp,0,1,,0.0,0.0,-0.008999999612569809,0,1
11.713251363951713,28.604,velocity_chirp,1,2,103.83767700195312,103.87448120117188,10.963491439819336,0.11318185180425644,1,1
11.713251363951713,28.604,velocity_chirp,1,1,-5.369605432304231,-127.10400390625,-2.404226541519165,-0.11936376988887787,2,1
11.713251363951713,28.604,velocity_chirp,0,4,,0.0,-0.0,0.006000000052154064,0,1
11.713251363951713,28.604,velocity_chirp,0,1,,0.0,0.0,-0.008999999612569809,0,1
11.722747578984126,28.614,velocity_chirp,1,2,103.83767700195312,103.93960571289062,6.808988094329834,0.062350355088710785,1,1
11.722747578984126,28.614,velocity_chirp,1,1,-5.369605432304231,-127.08203125,0.04371320828795433,-0.13135620951652527,2,1
11.722747578984126,28.614,velocity_chirp,0,4,,0.0,-0.0,-0.017999999225139618,0,1
11.722747578984126,28.614,velocity_chirp,0,1,,0.0,0.0,0.06400000303983688,0,1
11.733292724995408,28.624,velocity_chirp,1,2,103.83767700195312,103.85745239257812,0.2692733705043793,0.03328213095664978,1,1
11.733292724995408,28.624,velocity_chirp,1,1,-4.830709800790366,-127.08203125,0.04371320828795433,-0.10314935445785522,2,1
11.733292724995408,28.624,velocity_chirp,0,4,,0.0,-0.0,-0.017999999225139618,0,1
11.733292724995408,28.624,velocity_chirp,0,1,,0.0,0.0,-0.008999999612569809,0,1
11.742754876962863,28.634,velocity_chirp,1,2,103.83767700195312,103.91763305664062,3.577488899230957,-0.043008171021938324,1,1
11.742754876962863,28.634,velocity_chirp,1,1,-4.275501555598275,-127.08203125,0.04371320828795433,-0.10526295751333237,2,1
11.742754876962863,28.634,velocity_chirp,0,4,,0.0,-0.0,0.054999999701976776,0,1
11.742754876962863,28.634,velocity_chirp,0,1,,0.0,0.0,0.2540000081062317,0,1
11.753250508976635,28.644,velocity_chirp,1,2,103.83767700195312,103.85745239257812,2.808136463165283,0.0516066811978817,1,1
11.753250508976635,28.644,velocity_chirp,1,1,-3.6468084728182304,-127.10400390625,0.04371320828795433,-0.12674006819725037,2,1
11.753250508976635,28.644,velocity_chirp,0,4,,0.0,-0.0,0.006000000052154064,0,1
11.753250508976635,28.644,velocity_chirp,0,1,,0.0,0.0,-0.01600000075995922,0,1
11.762907407945022,28.654,velocity_chirp,1,2,103.83767700195312,103.96157836914062,6.193505764007568,0.02086435630917549,1,1
11.762907407945022,28.654,velocity_chirp,1,1,-3.0572326204055678,-127.10400390625,0.04371320828795433,-0.1448371708393097,2,1
11.762907407945022,28.654,velocity_chirp,0,4,,0.0,-0.0,-0.017999999225139618,0,1
11.762907407945022,28.654,velocity_chirp,0,1,,0.0,0.0,-0.008999999612569809,0,1
11.773133481969126,28.664,velocity_chirp,1,2,103.83767700195312,103.85467529296875,-2.8850717544555664,-0.16034044325351715,1,1
11.773133481969126,28.664,velocity_chirp,1,1,-2.3689355263049054,-127.10400390625,0.04371320828795433,-0.1654488742351532,2,1
11.773133481969126,28.664,velocity_chirp,0,4,,0.0,-0.0,0.006000000052154064,0,1
11.773133481969126,28.664,velocity_chirp,0,1,,0.0,0.0,-0.008999999612569809,0,1
11.782812642981298,28.674,velocity_chirp,1,2,103.83767700195312,103.96157836914062,5.270282745361328,0.13933777809143066,1,1
11.782812642981298,28.674,velocity_chirp,1,1,-1.78688841357624,-127.10400390625,0.04371320828795433,-0.17751358449459076,2,1
11.782812642981298,28.674,velocity_chirp,0,4,,0.0,-0.0,0.006000000052154064,0,1
11.782812642981298,28.674,velocity_chirp,0,1,,0.0,0.0,-0.01600000075995922,0,1
11.793291603971738,28.684,velocity_chirp,1,2,103.83767700195312,103.88018798828125,3.2697479724884033,0.006620888598263264,1,1
11.793291603971738,28.684,velocity_chirp,1,1,-1.0895467642713947,-127.10400390625,0.04371320828795433,-0.1878032237291336,2,1
11.793291603971738,28.684,velocity_chirp,0,4,,0.0,-0.0,-0.017999999225139618,0,1
11.793291603971738,28.684,velocity_chirp,0,1,,0.0,0.0,-0.008999999612569809,0,1
11.803511084988713,28.694,velocity_chirp,1,2,103.83767700195312,103.96157836914062,12.271389961242676,0.16122093796730042,1,1
11.803511084988713,28.694,velocity_chirp,1,1,-0.46603581286877577,-127.10400390625,0.04371320828795433,-0.19910186529159546,2,1
11.803511084988713,28.694,velocity_chirp,0,4,,0.0,-0.0,-0.017999999225139618,0,1
11.803511084988713,28.694,velocity_chirp,0,1,,0.0,0.0,0.05700000002980232,0,1
11.813347101968247,28.704,velocity_chirp,1,2,103.83767700195312,103.86880493164062,-9.424568176269531,-0.0817040428519249,1,1
11.813347101968247,28.704,velocity_chirp,1,1,0.1469456687604488,-127.1259765625,0.04371320828795433,-0.20393894612789154,2,1
11.813347101968247,28.704,velocity_chirp,0,4,,0.0,-0.0,0.03200000151991844,0,1
11.813347101968247,28.704,velocity_chirp,0,1,,0.0,0.0,0.05700000002980232,0,1
11.823022825992666,28.714,velocity_chirp,1,2,103.83767700195312,103.93960571289062,0.730884850025177,0.22179831564426422,1,1
11.823022825992666,28.714,velocity_chirp,1,1,0.8596474694758842,-127.1259765625,0.04371320828795433,-0.21331973373889923,2,1
11.823022825992666,28.714,velocity_chirp,0,4,,0.0,-0.0,0.006000000052154064,0,1
11.823022825992666,28.714,velocity_chirp,0,1,,0.0,0.0,0.05700000002980232,0,1
11.833198714943137,28.724,velocity_chirp,1,2,103.83767700195312,103.86880493164062,3.88523006439209,0.15544837713241577,1,1
11.833198714943137,28.724,velocity_chirp,1,1,0.8596474694758842,-127.1259765625,0.04371320828795433,-0.21510371565818787,2,1
11.833198714943137,28.724,velocity_chirp,0,4,,0.0,-0.0,-0.017999999225139618,0,1
11.833198714943137,28.724,velocity_chirp,0,1,,0.0,0.0,-0.008999999612569809,0,1
11.842691023950465,28.734,velocity_chirp,1,2,103.83767700195312,103.96157836914062,1.5771725177764893,0.08160144090652466,1,1
11.842691023950465,28.734,velocity_chirp,1,1,1.5123427151761706,-127.1259765625,0.04371320828795433,-0.21942275762557983,2,1
11.842691023950465,28.734,velocity_chirp,0,4,,0.0,-0.0,-0.017999999225139618,0,1
11.842691023950465,28.734,velocity_chirp,0,1,,0.0,0.0,-0.008999999612569809,0,1
11.85316216998035,28.744,velocity_chirp,1,2,103.83767700195312,103.87448120117188,1.9618487358093262,0.06786220520734787,1,1
11.85316216998035,28.744,velocity_chirp,1,1,2.198585337360628,-127.1259765625,0.04371320828795433,-0.2197040617465973,2,1
11.85316216998035,28.744,velocity_chirp,0,4,,0.0,-0.0,-0.017999999225139618,0,1
11.85316216998035,28.744,velocity_chirp,0,1,,0.0,0.0,-0.008999999612569809,0,1
11.86296441295417,28.754,velocity_chirp,1,2,103.83767700195312,103.96157836914062,4.039100646972656,0.027556460350751877,1,1
11.86296441295417,28.754,velocity_chirp,1,1,2.8019817606817816,-127.1259765625,0.04371320828795433,-0.21986530721187592,2,1
11.86296441295417,28.754,velocity_chirp,0,4,,0.0,-0.0,-0.017999999225139618,0,1
11.86296441295417,28.754,velocity_chirp,0,1,,0.0,0.0,-0.008999999612569809,0,1
11.87345642899163,28.764,velocity_chirp,1,2,103.83767700195312,103.88018798828125,8.347692489624023,-0.0869881808757782,1,1
11.87345642899163,28.764,velocity_chirp,1,1,3.488538593286732,-127.1259765625,0.04371320828795433,-0.21812884509563446,2,1
11.87345642899163,28.764,velocity_chirp,0,4,,0.0,-0.0,-0.017999999225139618,0,1
11.87345642899163,28.764,velocity_chirp,0,1,,0.0,0.0,-0.008999999612569809,0,1
11.882794986944646,28.774,velocity_chirp,1,2,103.83767700195312,103.9835205078125,-6.654898643493652,-0.0448102168738842,1,1
11.882794986944646,28.774,velocity_chirp,1,1,4.065894537120948,-127.1259765625,0.04371320828795433,-0.2210724651813507,2,1
11.882794986944646,28.774,velocity_chirp,0,4,,0.0,-0.0,-0.017999999225139618,0,1
11.882794986944646,28.774,velocity_chirp,0,1,,0.0,0.0,-0.008999999612569809,0,1
11.894080650992692,28.785,velocity_chirp,1,2,103.83767700195312,103.88864135742188,5.824993133544922,0.058361344039440155,1,1
11.894080650992692,28.785,velocity_chirp,1,1,4.685308635273244,-127.29193115234375,-0.0,-0.21780042350292206,2,1
11.894080650992692,28.785,velocity_chirp,0,4,,0.0,-0.0,0.03200000151991844,0,1
11.894080650992692,28.785,velocity_chirp,0,1,,0.0,0.0,-0.008999999612569809,0,1
11.902687477995642,28.794,velocity_chirp,1,2,103.83767700195312,103.96157836914062,-2.4234602451324463,0.058361344039440155,1,1
11.902687477995642,28.794,velocity_chirp,1,1,5.299586661409217,-127.1259765625,0.04371320828795433,-0.20986318588256836,2,1
11.902687477995642,28.794,velocity_chirp,0,4,,0.0,-0.0,0.006000000052154064,0,1
11.902687477995642,28.794,velocity_chirp,0,1,,0.0,0.0,-0.008999999612569809,0,1
11.913394769944716,28.804,velocity_chirp,1,2,103.83767700195312,103.87734985351562,-6.347157955169678,-0.1324642151594162,1,1
11.913394769944716,28.804,velocity_chirp,1,1,5.816425270946533,-127.1259765625,0.04371320828795433,-0.2024608552455902,2,1
11.913394769944716,28.804,velocity_chirp,0,4,,0.0,-0.0,-0.017999999225139618,0,1
11.913394769944716,28.804,velocity_chirp,0,1,,0.0,0.0,-0.008999999612569809,0,1
11.923111681942828,28.814,velocity_chirp,1,2,103.83767700195312,103.93960571289062,-12.271389961242676,-0.09601940214633942,1,1
11.923111681942828,28.814,velocity_chirp,1,1,6.331700077987918,-127.1259765625,0.04371320828795433,-0.19576391577720642,2,1
11.923111681942828,28.814,velocity_chirp,0,4,,0.0,-0.0,0.006000000052154064,0,1
11.923111681942828,28.814,velocity_chirp,0,1,,0.0,0.0,-0.008999999612569809,0,1
11.933384052943438,28.824,velocity_chirp,1,2,103.83767700195312,103.865966796875,-4.039100646972656,0.049048829823732376,1,1
11.933384052943438,28.824,velocity_chirp,1,1,6.331700077987918,-127.1259765625,0.04371320828795433,-0.19088712334632874,2,1
11.933384052943438,28.824,velocity_chirp,0,4,,0.0,-0.0,0.006000000052154064,0,1
11.933384052943438,28.824,velocity_chirp,0,1,,0.0,0.0,0.06400000303983688,0,1
11.942679749976378,28.834,velocity_chirp,1,2,103.83767700195312,103.96157836914062,-1.5771725177764893,-0.018203627318143845,1,1
11.942679749976378,28.834,velocity_chirp,1,1,6.836939106007465,-127.1259765625,0.04371320828795433,-0.1855156272649765,2,1
11.942679749976378,28.834,velocity_chirp,0,4,,0.0,-0.0,-0.017999999225139618,0,1
11.942679749976378,28.834,velocity_chirp,0,1,,0.0,0.0,-0.008999999612569809,0,1
11.953088057984132,28.844,velocity_chirp,1,2,103.83767700195312,103.84329223632812,-13.040742874145508,0.09415052831172943,1,1
11.953088057984132,28.844,velocity_chirp,1,1,7.324064688715567,-127.1259765625,0.04371320828795433,-0.17615610361099243,2,1
11.953088057984132,28.844,velocity_chirp,0,4,,0.0,-0.0,0.006000000052154064,0,1
11.953088057984132,28.844,velocity_chirp,0,1,,0.0,0.0,0.05000000074505806,0,1
11.96313262899639,28.854,velocity_chirp,1,2,103.83767700195312,103.93960571289062,-9.963333129882812,0.061533957719802856,1,1
11.96313262899639,28.854,velocity_chirp,1,1,7.741863270411814,-127.1259765625,0.04371320828795433,-0.17522817850112915,2,1
11.96313262899639,28.854,velocity_chirp,0,4,,0.0,-0.0,-0.017999999225139618,0,1
11.96313262899639,28.854,velocity_chirp,0,1,,0.0,0.0,-0.008999999612569809,0,1
11.973309729946777,28.864,velocity_chirp,1,2,103.83767700195312,103.84896850585938,3.115877389907837,0.030133532360196114,1,1
11.973309729946777,28.864,velocity_chirp,1,1,8.183842774744486,-127.10400390625,0.04371320828795433,-0.1604955494403839,2,1
11.973309729946777,28.864,velocity_chirp,0,4,,0.0,-0.0,-0.017999999225139618,0,1
11.973309729946777,28.864,velocity_chirp,0,1,,0.0,0.0,-0.008999999612569809,0,1
11.98286026797723,28.874,velocity_chirp,1,2,103.83767700195312,103.93960571289062,3.19281268119812,0.02232319861650467,1,1
11.98286026797723,28.874,velocity_chirp,1,1,8.521234004931374,-127.10400390625,0.04371320828795433,-0.16685080528259277,2,1
11.98286026797723,28.874,velocity_chirp,0,4,,0.0,-0.0,-0.017999999225139618,0,1
11.98286026797723,28.874,velocity_chirp,0,1,,0.0,0.0,-0.0020000000949949026,0,1
11.993889286997728,28.885,velocity_chirp,1,2,103.83767700195312,103.85467529296875,2.4254350662231445,-0.036859266459941864,1,1
11.993889286997728,28.885,velocity_chirp,1,1,8.8731145260001,-127.2822265625,1.6135121141675388e-23,-0.14896127581596375,2,1
11.993889286997728,28.885,velocity_chirp,0,4,,0.0,-0.0,-0.017999999225139618,0,1
11.993889286997728,28.885,velocity_chirp,0,1,,0.0,0.0,-0.008999999612569809,0,1
12.002633943979163,28.894,velocity_chirp,1,2,103.83767700195312,103.93960571289062,6.655117511749268,-0.036859266459941864,1,1
12.002633943979163,28.894,velocity_chirp,1,1,9.16245027920236,-127.10400390625,0.04371320828795433,-0.1335994452238083,2,1
12.002633943979163,28.894,velocity_chirp,0,4,,0.0,-0.0,-0.017999999225139618,0,1
12.002633943979163,28.894,velocity_chirp,0,1,,0.0,0.0,-0.008999999612569809,0,1
12.013189619989134,28.904,velocity_chirp,1,2,103.83767700195312,103.85745239257812,1.5771725177764893,-0.13652916252613068,1,1
12.013189619989134,28.904,velocity_chirp,1,1,9.404698285640315,-127.10400390625,0.04371320828795433,-0.12291131913661957,2,1
12.013189619989134,28.904,velocity_chirp,0,4,,0.0,-0.0,0.03200000151991844,0,1
12.013189619989134,28.904,velocity_chirp,0,1,,0.0,0.0,-0.008999999612569809,0,1
12.023094286967535,28.914,velocity_chirp,1,2,103.83767700195312,103.93960571289062,-0.5770143270492554,-0.07512136548757553,1,1
12.023094286967535,28.914,velocity_chirp,1,1,9.60332052726115,-127.10400390625,0.04371320828795433,-0.11282714456319809,2,1
12.023094286967535,28.914,velocity_chirp,0,4,,0.0,-0.0,-0.017999999225139618,0,1
12.023094286967535,28.914,velocity_chirp,0,1,,0.0,0.0,-0.008999999612569809,0,1
12.03339006198803,28.924,velocity_chirp,1,2,103.83767700195312,103.851806640625,1.4233020544052124,-0.09092362970113754,1,1
12.03339006198803,28.924,velocity_chirp,1,1,9.60332052726115,-127.10400390625,0.04371320828795433,-0.104169100522995,2,1
12.03339006198803,28.924,velocity_chirp,0,4,,0.0,-0.0,-0.017999999225139618,0,1
12.03339006198803,28.924,velocity_chirp,0,1,,0.0,0.0,-0.0020000000949949026,0,1
12.042753897956572,28.934,velocity_chirp,1,2,103.83767700195312,103.96157836914062,3.038942337036133,-0.07407775521278381,1,1
12.042753897956572,28.934,velocity_chirp,1,1,9.773841193311073,-127.10400390625,0.04371320828795433,-0.09650087356567383,2,1
12.042753897956572,28.934,velocity_chirp,0,4,,0.0,-0.0,-0.04100000113248825,0,1
12.042753897956572,28.934,velocity_chirp,0,1,,0.0,0.0,0.05700000002980232,0,1
12.053357463970315,28.944,velocity_chirp,1,2,103.83767700195312,103.86318969726562,4.269906044006348,-0.10044612735509872,1,1
12.053357463970315,28.944,velocity_chirp,1,1,9.897960147424891,-127.08203125,0.04371320828795433,-0.0845259353518486,2,1
12.053357463970315,28.944,velocity_chirp,0,4,,0.0,-0.0,-0.017999999225139618,0,1
12.053357463970315,28.944,velocity_chirp,0,1,,0.0,0.0,-0.008999999612569809,0,1
12.063149948953651,28.954,velocity_chirp,1,2,103.83767700195312,103.93960571289062,-0.2692733705043793,-0.04355303570628166,1,1
12.063149948953651,28.954,velocity_chirp,1,1,9.969649358584174,-127.08203125,0.04371320828795433,-0.08524687588214874,2,1
12.063149948953651,28.954,velocity_chirp,0,4,,0.0,-0.0,-0.017999999225139618,0,1
12.063149948953651,28.954,velocity_chirp,0,1,,0.0,0.0,-0.008999999612569809,0,1
12.07333041599486,28.964,velocity_chirp,1,2,103.83767700195312,103.84896850585938,7.116728782653809,0.15994277596473694,1,1
12.07333041599486,28.964,velocity_chirp,1,1,9.999883590108364,-127.08203125,0.04371320828795433,-0.07156918942928314,2,1
12.07333041599486,28.964,velocity_chirp,0,4,,0.0,-0.0,0.006000000052154064,0,1
12.07333041599486,28.964,velocity_chirp,0,1,,0.0,0.0,-0.008999999612569809,0,1
12.082853432977572,28.974,velocity_chirp,1,2,103.83767700195312,103.93960571289062,2.1157193183898926,-0.10499945282936096,1,1
12.082853432977572,28.974,velocity_chirp,1,1,9.983618804763944,-127.08203125,4.939592361450195,-0.07258489727973938,2,1
12.082853432977572,28.974,velocity_chirp,0,4,,0.0,-0.0,0.006000000052154064,0,1
12.082853432977572,28.974,velocity_chirp,0,1,,0.0,0.0,-0.008999999612569809,0,1
12.093490601982921,28.984,velocity_chirp,1,2,103.83767700195312,103.83767700195312,4.5776472091674805,-0.08323421329259872,1,1
12.093490601982921,28.984,velocity_chirp,1,1,9.918033605257836,-127.08203125,0.04371320828795433,-0.06247115507721901,2,1
12.093490601982921,28.984,velocity_chirp,0,4,,0.0,-0.0,-0.2240000069141388,0,1
12.093490601982921,28.984,velocity_chirp,0,1,,0.0,0.0,-0.008999999612569809,0,1
12.103635201987345,28.994,velocity_chirp,1,2,103.83767700195312,103.93960571289062,1.4233020544052124,-0.08323421329259872,1,1
12.103635201987345,28.994,velocity_chirp,1,1,9.81402573600062,-127.0379638671875,4.939592361450195,-0.04483409225940704,2,1
12.103635201987345,28.994,velocity_chirp,0,4,,0.0,-0.0,-0.017999999225139618,0,1
12.103635201987345,28.994,velocity_chirp,0,1,,0.0,0.0,-0.008999999612569809,0,1
12.11334766598884,29.004,velocity_chirp,1,2,103.83767700195312,103.851806640625,-7.808927536010742,0.1582891345024109,1,1
12.11334766598884,29.004,velocity_chirp,1,1,9.674354965851762,-127.0159912109375,0.6556981205940247,-0.04133843630552292,2,1
12.11334766598884,29.004,velocity_chirp,0,4,,0.0,-0.0,0.03200000151991844,0,1
12.11334766598884,29.004,velocity_chirp,0,1,,0.0,0.0,-0.0020000000949949026,0,1
12.123226553958375,29.014,velocity_chirp,1,2,103.83767700195312,103.93960571289062,7.347534656524658,0.23224855959415436,1,1
12.123226553958375,29.014,velocity_chirp,1,1,9.465513900808451,-127.0159912109375,0.04371320828795433,-0.0454598143696785,2,1
12.123226553958375,29.014,velocity_chirp,0,4,,0.0,-0.0,0.054999999701976776,0,1
12.123226553958375,29.014,velocity_chirp,0,1,,0.0,0.0,0.05700000002980232,0,1
12.133482453995384,29.024,velocity_chirp,1,2,103.83767700195312,103.851806640625,8.347692489624023,-0.005762096028774977,1,1
12.133482453995384,29.024,velocity_chirp,1,1,9.465513900808451,-127.0159912109375,-4.852166175842285,-0.05659187212586403,2,1
12.133482453995384,29.024,velocity_chirp,0,4,,0.0,-0.0,0.006000000052154064,0,1
12.133482453995384,29.024,velocity_chirp,0,1,,0.0,0.0,-0.008999999612569809,0,1
12.142929075984284,29.034,velocity_chirp,1,2,103.83767700195312,103.91763305664062,-2.808136463165283,-0.19537106156349182,1,1
12.142929075984284,29.034,velocity_chirp,1,1,9.218300307696737,-127.0159912109375,0.04371320828795433,-0.06331238150596619,2,1
12.142929075984284,29.034,velocity_chirp,0,4,,0.0,-0.0,0.03200000151991844,0,1
12.142929075984284,29.034,velocity_chirp,0,1,,0.0,0.0,-0.008999999612569809,0,1
12.153564992942847,29.044,velocity_chirp,1,2,103.83767700195312,103.84051513671875,-0.11540286988019943,0.17844685912132263,1,1
12.153564992942847,29.044,velocity_chirp,1,1,8.915809199975323,-126.9940185546875,0.04371320828795433,-0.04449975863099098,2,1
12.153564992942847,29.044,velocity_chirp,0,4,,0.0,-0.0,0.006000000052154064,0,1
12.153564992942847,29.044,velocity_chirp,0,1,,0.0,0.0,-0.008999999612569809,0,1
12.163007356983144,29.054,velocity_chirp,1,2,103.83767700195312,103.93960571289062,12.425260543823242,0.025177642703056335,1,1
12.163007356983144,29.054,velocity_chirp,1,1,8.60143562900667,-126.97198486328125,4.939592361450195,-0.03129858151078224,2,1
12.163007356983144,29.054,velocity_chirp,0,4,,0.0,-0.0,0.03200000151991844,0,1
12.163007356983144,29.054,velocity_chirp,0,1,,0.0,0.0,-0.008999999612569809,0,1
12.1734380669659,29.064,velocity_chirp,1,2,103.83767700195312,103.82913208007812,-8.116668701171875,-0.17663723230361938,1,1
12.1734380669659,29.064,velocity_chirp,1,1,8.216493816609155,-126.95001220703125,0.04371320828795433,-0.0294650886207819,2,1
12.1734380669659,29.064,velocity_chirp,0,4,,0.0,-0.0,-0.017999999225139618,0,1
12.1734380669659,29.064,velocity_chirp,0,1,,0.0,0.0,-0.008999999612569809,0,1
12.182999986980576,29.074,velocity_chirp,1,2,103.83767700195312,103.91763305664062,2.1157193183898926,-0.16235068440437317,1,1
12.182999986980576,29.074,velocity_chirp,1,1,7.831604627774361,-126.95001220703125,0.04371320828795433,-0.03878016024827957,2,1
12.182999986980576,29.074,velocity_chirp,0,4,,0.0,-0.0,-0.017999999225139618,0,1
12.182999986980576,29.074,velocity_chirp,0,1,,0.0,0.0,-0.008999999612569809,0,1
12.193960827949923,29.085,velocity_chirp,1,2,103.83767700195312,103.83767700195312,1.2266528606414795,-0.0411393977701664,1,1
12.193960827949923,29.085,velocity_chirp,1,1,7.367083821279415,-127.1259765625,4.862240791320801,-0.04640376195311546,2,1
12.193960827949923,29.085,velocity_chirp,0,4,,0.0,-0.0,0.006000000052154064,0,1
12.193960827949923,29.085,velocity_chirp,0,1,,0.0,0.0,-0.008999999612569809,0,1
12.202796856989153,29.094,velocity_chirp,1,2,103.83767700195312,103.89566040039062,-11.96364974975586,-0.0411393977701664,1,1
12.202796856989153,29.094,velocity_chirp,1,1,6.880020221463555,-126.95001220703125,4.939592361450195,-0.03164941817522049,2,1
12.202796856989153,29.094,velocity_chirp,0,4,,0.0,-0.0,0.054999999701976776,0,1
12.202796856989153,29.094,velocity_chirp,0,1,,0.0,0.0,0.05700000002980232,0,1
12.213424307992682,29.104,velocity_chirp,1,2,103.83767700195312,103.81494140625,-1.3463667631149292,0.18821212649345398,1,1
12.213424307992682,29.104,velocity_chirp,1,1,6.363194647247024,-126.90606689453125,4.852166175842285,-0.01850137487053871,2,1
12.213424307992682,29.104,velocity_chirp,0,4,,0.0,-0.0,-0.017999999225139618,0,1
12.213424307992682,29.104,velocity_chirp,0,1,,0.0,0.0,0.24699999392032623,0,1
12.222882902948186,29.114,velocity_chirp,1,2,103.83767700195312,103.89566040039062,-1.6541078090667725,0.22756540775299072,1,1
12.222882902948186,29.114,velocity_chirp,1,1,6.363194647247024,-126.86212158203125,2.4916529655456543,-0.011183097958564758,2,1
12.222882902948186,29.114,velocity_chirp,0,4,,0.0,-0.0,0.03200000151991844,0,1
12.222882902948186,29.114,velocity_chirp,0,1,,0.0,0.0,-0.008999999612569809,0,1
12.233309985953383,29.124,velocity_chirp,1,2,103.83767700195312,103.82345581054688,-0.9616906046867371,0.12270491570234299,1,1
12.233309985953383,29.124,velocity_chirp,1,1,5.830002113201167,-126.86212158203125,-0.1311396211385727,-0.012590293772518635,2,1
12.233309985953383,29.124,velocity_chirp,0,4,,0.0,-0.0,-0.017999999225139618,0,1
12.233309985953383,29.124,velocity_chirp,0,1,,0.0,0.0,-0.008999999612569809,0,1
12.242708577949088,29.134,velocity_chirp,1,2,103.83767700195312,103.93960571289062,-3.962165117263794,0.16465935111045837,1,1
12.242708577949088,29.134,velocity_chirp,1,1,5.29391061529397,-126.88409423828125,0.04371320828795433,-0.02608536370098591,2,1
12.242708577949088,29.134,velocity_chirp,0,4,,0.0,-0.0,0.006000000052154064,0,1
12.242708577949088,29.134,velocity_chirp,0,1,,0.0,0.0,-0.008999999612569809,0,1
12.253250166948419,29.144,velocity_chirp,1,2,103.83767700195312,103.83767700195312,-3.19281268119812,0.1762819141149521,1,1
12.253250166948419,29.144,velocity_chirp,1,1,4.670047837766798,-126.88409423828125,4.32760763168335,-0.032608337700366974,2,1
12.253250166948419,29.144,velocity_chirp,0,4,,0.0,-0.0,0.03200000151991844,0,1
12.253250166948419,29.144,velocity_chirp,0,1,,0.0,0.0,-0.008999999612569809,0,1
12.26269120798679,29.154,velocity_chirp,1,2,103.83767700195312,103.91763305664062,4.654582500457764,0.07993532717227936,1,1
12.26269120798679,29.154,velocity_chirp,1,1,4.085718639513719,-126.86212158203125,0.21856604516506195,-0.015561680309474468,2,1
12.26269120798679,29.154,velocity_chirp,0,4,,0.0,-0.0,0.2150000035762787,0,1
12.26269120798679,29.154,velocity_chirp,0,1,,0.0,0.0,-0.008999999612569809,0,1
12.273242425988428,29.164,velocity_chirp,1,2,103.83767700195312,103.91763305664062,-1.5771725177764893,-0.11164076626300812,1,1
12.273242425988428,29.164,velocity_chirp,1,1,3.417959058344551,-126.84014892578125,0.04371320828795433,-0.0012162853963673115,2,1
12.273242425988428,29.164,velocity_chirp,0,4,,0.0,-0.0,0.006000000052154064,0,1
12.273242425988428,29.164,velocity_chirp,0,1,,0.0,0.0,-0.008999999612569809,0,1
12.28297338495031,29.174,velocity_chirp,1,2,103.83767700195312,103.93960571289062,13.656225204467773,-0.004225350450724363,1,1
12.28297338495031,29.174,velocity_chirp,1,1,2.788055290099654,-126.8182373046875,0.04371320828795433,0.0014806169783696532,2,1
12.28297338495031,29.174,velocity_chirp,0,4,,0.0,-0.0,-0.017999999225139618,0,1
12.28297338495031,29.174,velocity_chirp,0,1,,0.0,0.0,-0.008999999612569809,0,1
12.2935261449893,29.184,velocity_chirp,1,2,103.83767700195312,103.851806640625,3.19281268119812,0.021638765931129456,1,1
12.2935261449893,29.184,velocity_chirp,1,1,2.071339448098807,-126.98675537109375,0.04371320828795433,-0.00026812488795258105,2,1
12.2935261449893,29.184,velocity_chirp,0,4,,0.0,-0.0,0.054999999701976776,0,1
12.2935261449893,29.184,velocity_chirp,0,1,,0.0,0.0,-0.008999999612569809,0,1
12.303039602993522,29.194,velocity_chirp,1,2,103.83767700195312,103.91763305664062,-5.193129062652588,0.021638765931129456,1,1
12.303039602993522,29.194,velocity_chirp,1,1,1.4290952104307948,-126.8182373046875,0.04371320828795433,0.0021028609480708838,2,1
12.303039602993522,29.194,velocity_chirp,0,4,,0.0,-0.0,-0.017999999225139618,0,1
12.303039602993522,29.194,velocity_chirp,0,1,,0.0,0.0,-0.008999999612569809,0,1
12.31350318499608,29.204,velocity_chirp,1,2,103.83767700195312,103.83767700195312,-9.116827011108398,-0.12467704713344574,1,1
12.31350318499608,29.204,velocity_chirp,1,1,0.7039541441935704,-126.8182373046875,0.04371320828795433,-0.0028591924346983433,2,1
12.31350318499608,29.204,velocity_chirp,0,4,,0.0,-0.0,0.006000000052154064,0,1
12.31350318499608,29.204,velocity_chirp,0,1,,0.0,0.0,-0.0020000000949949026,0,1
12.322958983946592,29.214,velocity_chirp,1,2,103.83767700195312,103.91763305664062,4.423776626586914,0.027362655848264694,1,1
12.322958983946592,29.214,velocity_chirp,1,1,0.7039541441935704,-126.8182373046875,0.04371320828795433,0.008673074655234814,2,1
12.322958983946592,29.214,velocity_chirp,0,4,,0.0,-0.0,0.006000000052154064,0,1
12.322958983946592,29.214,velocity_chirp,0,1,,0.0,0.0,-0.008999999612569809,0,1
12.333229601965286,29.224,velocity_chirp,1,2,103.83767700195312,103.82623291015625,-0.5770143270492554,0.2632691562175751,1,1
12.333229601965286,29.224,velocity_chirp,1,1,0.009527699763897042,-126.7962646484375,0.1311396211385727,0.01701502874493599,2,1
12.333229601965286,29.224,velocity_chirp,0,4,,0.0,-0.0,0.006000000052154064,0,1
12.333229601965286,29.224,velocity_chirp,0,1,,0.0,0.0,-0.0020000000949949026,0,1
12.342681443959009,29.234,velocity_chirp,1,2,103.83767700195312,103.91763305664062,7.193664073944092,0.07660309970378876,1,1
12.342681443959009,29.234,velocity_chirp,1,1,-0.6308207845332559,-126.7742919921875,0.04371320828795433,0.018198460340499878,2,1
12.342681443959009,29.234,velocity_chirp,0,4,,0.0,-0.0,-0.017999999225139618,0,1
12.342681443959009,29.234,velocity_chirp,0,1,,0.0,0.0,-0.008999999612569809,0,1
12.35341039695777,29.244,velocity_chirp,1,2,103.83767700195312,103.83477783203125,-9.578437805175781,-0.026511648669838905,1,1
12.35341039695777,29.244,velocity_chirp,1,1,-1.3615096521034256,-126.7742919921875,-0.21856604516506195,0.01557453628629446,2,1
12.35341039695777,29.244,velocity_chirp,0,4,,0.0,-0.0,-0.017999999225139618,0,1
12.35341039695777,29.244,velocity_chirp,0,1,,0.0,0.0,-0.008999999612569809,0,1
12.362898567982484,29.254,velocity_chirp,1,2,103.83767700195312,103.91763305664062,-6.7318339347839355,0.009896136820316315,1,1
12.362898567982484,29.254,velocity_chirp,1,1,-2.0317519318469963,-126.7742919921875,0.04371320828795433,0.005417589098215103,2,1
12.362898567982484,29.254,velocity_chirp,0,4,,0.0,-0.0,0.03200000151991844,0,1
12.362898567982484,29.254,velocity_chirp,0,1,,0.0,0.0,-0.008999999612569809,0,1
12.37318693898851,29.264,velocity_chirp,1,2,103.83767700195312,103.91763305664062,-5.4239349365234375,0.07951094210147858,1,1
12.37318693898851,29.264,velocity_chirp,1,1,-2.7293873310813437,-126.7742919921875,0.04371320828795433,0.004193258471786976,2,1
12.37318693898851,29.264,velocity_chirp,0,4,,0.0,-0.0,-0.017999999225139618,0,1
12.37318693898851,29.264,velocity_chirp,0,1,,0.0,0.0,-0.008999999612569809,0,1
12.382643950986676,29.274,velocity_chirp,1,2,103.83767700195312,103.91763305664062,0.730884850025177,0.035290706902742386,1,1
12.382643950986676,29.274,velocity_chirp,1,1,-3.3393738935794763,-126.7742919921875,0.04371320828795433,0.012873832136392593,2,1
12.382643950986676,29.274,velocity_chirp,0,4,,0.0,-0.0,0.006000000052154064,0,1
12.382643950986676,29.274,velocity_chirp,0,1,,0.0,0.0,-0.0020000000949949026,0,1
12.393534958944656,29.284,velocity_chirp,1,2,103.83767700195312,103.84051513671875,-9.530184745788574,-0.1799396574497223,1,1
12.393534958944656,29.284,velocity_chirp,1,1,-4.021654462996274,-126.9404296875,0.04371320828795433,0.019625328481197357,2,1
12.393534958944656,29.284,velocity_chirp,0,4,,0.0,-0.0,0.006000000052154064,0,1
12.393534958944656,29.284,velocity_chirp,0,1,,0.0,0.0,-0.008999999612569809,0,1
12.4034859839594,29.294,velocity_chirp,1,2,103.83767700195312,103.83477783203125,-0.03846762329339981,-0.1799396574497223,1,1
12.4034859839594,29.294,velocity_chirp,1,1,-4.640986698886658,-126.7742919921875,0.04371320828795433,0.02096543461084366,2,1
12.4034859839594,29.294,velocity_chirp,0,4,,0.0,-0.0,-0.017999999225139618,0,1
12.4034859839594,29.294,velocity_chirp,0,1,,0.0,0.0,-0.008999999612569809,0,1
12.4133723359555,29.304,velocity_chirp,1,2,103.83767700195312,103.82623291015625,-3.962165117263794,0.11933402717113495,1,1
12.4133723359555,29.304,velocity_chirp,1,1,-5.3029012380157265,-126.7742919921875,0.04371320828795433,0.0209604874253273,2,1
12.4133723359555,29.304,velocity_chirp,0,4,,0.0,-0.0,-0.017999999225139618,0,1
12.4133723359555,29.304,velocity_chirp,0,1,,0.0,0.0,-0.01600000075995922,0,1
12.42280021298211,29.314,velocity_chirp,1,2,103.83767700195312,103.91763305664062,-13.040742874145508,0.10050118714570999,1,1
12.42280021298211,29.314,velocity_chirp,1,1,-5.3029012380157265,-126.7742919921875,0.04371320828795433,0.017893962562084198,2,1
12.42280021298211,29.314,velocity_chirp,0,4,,0.0,-0.0,-0.017999999225139618,0,1
12.42280021298211,29.314,velocity_chirp,0,1,,0.0,0.0,-0.008999999612569809,0,1
12.433289422944654,29.324,velocity_chirp,1,2,103.83767700195312,103.83197021484375,5.11641263961792,0.09985838830471039,1,1
12.433289422944654,29.324,velocity_chirp,1,1,-5.85010870351412,-126.7742919921875,0.04371320828795433,0.016615675762295723,2,1
12.433289422944654,29.324,velocity_chirp,0,4,,0.0,-0.0,0.03200000151991844,0,1
12.433289422944654,29.324,velocity_chirp,0,1,,0.0,0.0,-0.07699999958276749,0,1
12.443028957990464,29.334,velocity_chirp,1,2,103.83767700195312,103.91763305664062,0.11540286988019943,-0.12325014919042587,1,1
12.443028957990464,29.334,velocity_chirp,1,1,-6.370577067333105,-126.7742919921875,-1.1802566051483154,0.016583839431405067,2,1
12.443028957990464,29.334,velocity_chirp,0,4,,0.0,-0.0,-0.017999999225139618,0,1
12.443028957990464,29.334,velocity_chirp,0,1,,0.0,0.0,-0.008999999612569809,0,1
12.453238229965791,29.344,velocity_chirp,1,2,103.83767700195312,103.82061767578125,0.19233810901641846,-0.30321264266967773,1,1
12.453238229965791,29.344,velocity_chirp,1,1,-6.930479206968125,-126.7742919921875,0.04371320828795433,0.01127624697983265,2,1
12.453238229965791,29.344,velocity_chirp,0,4,,0.0,-0.0,0.006000000052154064,0,1
12.453238229965791,29.344,velocity_chirp,0,1,,0.0,0.0,-0.008999999612569809,0,1
12.4629447919433,29.354,velocity_chirp,1,2,103.83767700195312,103.91763305664062,-2.5003955364227295,-0.01643027924001217,1,1
12.4629447919433,29.354,velocity_chirp,1,1,-7.382652654498827,-126.7742919921875,-4.852166175842285,0.009974817745387554,2,1
12.4629447919433,29.354,velocity_chirp,0,4,,0.0,-0.0,0.006000000052154064,0,1
12.4629447919433,29.354,velocity_chirp,0,1,,0.0,0.0,-0.008999999612569809,0,1
12.47325555596035,29.364,velocity_chirp,1,2,103.83767700195312,103.84329223632812,1.5002373456954956,0.02038905769586563,1,1
12.47325555596035,29.364,velocity_chirp,1,1,-7.87202318546047,-126.7742919921875,0.04371320828795433,0.0031745568849146366,2,1
12.47325555596035,29.364,velocity_chirp,0,4,,0.0,-0.0,-0.017999999225139618,0,1
12.47325555596035,29.364,velocity_chirp,0,1,,0.0,0.0,-0.008999999612569809,0,1
12.482836481998675,29.374,velocity_chirp,1,2,103.83767700195312,103.93960571289062,10.655750274658203,-0.09540495276451111,1,1
12.482836481998675,29.374,velocity_chirp,1,1,-8.254186559108055,-126.7742919921875,0.04371320828795433,0.009504185058176517,2,1
12.482836481998675,29.374,velocity_chirp,0,4,,0.0,-0.0,0.03200000151991844,0,1
12.482836481998675,29.374,velocity_chirp,0,1,,0.0,0.0,-0.008999999612569809,0,1
12.493388459959533,29.384,velocity_chirp,1,2,103.83767700195312,103.84613037109375,-0.5770143270492554,0.0444825179874897,1,1
12.493388459959533,29.384,velocity_chirp,1,1,-8.652066035773643,-126.7742919921875,-4.502460479736328,-0.0034364769235253334,2,1
12.493388459959533,29.384,velocity_chirp,0,4,,0.0,-0.0,0.03200000151991844,0,1
12.493388459959533,29.384,velocity_chirp,0,1,,0.0,0.0,-0.008999999612569809,0,1
12.503341437957715,29.394,velocity_chirp,1,2,103.83767700195312,103.93960571289062,5.11641263961792,0.0444825179874897,1,1
12.503341437957715,29.394,velocity_chirp,1,1,-8.968970343258036,-126.7962646484375,-0.04371320828795433,-0.016197366639971733,2,1
12.503341437957715,29.394,velocity_chirp,0,4,,0.0,-0.0,-0.0430000014603138,0,1
12.503341437957715,29.394,velocity_chirp,0,1,,0.0,0.0,-0.008999999612569809,0,1
12.513329462963156,29.404,velocity_chirp,1,2,103.83767700195312,103.84613037109375,-3.577488899230957,-0.06606952846050262,1,1
12.513329462963156,29.404,velocity_chirp,1,1,-9.280170474614376,-126.7962646484375,0.04371320828795433,-0.023630473762750626,2,1
12.513329462963156,29.404,velocity_chirp,0,4,,0.0,-0.0,0.006000000052154064,0,1
12.513329462963156,29.404,velocity_chirp,0,1,,0.0,0.0,0.2540000081062317,0,1
12.522678500972688,29.414,velocity_chirp,1,2,103.83767700195312,103.91763305664062,-0.730884850025177,-0.04793422296643257,1,1
12.522678500972688,29.414,velocity_chirp,1,1,-9.280170474614376,-126.7962646484375,0.04371320828795433,-0.026901235803961754,2,1
12.522678500972688,29.414,velocity_chirp,0,4,,0.0,-0.0,-0.017999999225139618,0,1
12.522678500972688,29.414,velocity_chirp,0,1,,0.0,0.0,-0.008999999612569809,0,1
12.533213716989849,29.424,velocity_chirp,1,2,103.83767700195312,103.851806640625,-5.346999645233154,-0.0022894854191690683,1,1
12.533213716989849,29.424,velocity_chirp,1,1,-9.508611862218942,-126.7962646484375,0.04371320828795433,-0.035027503967285156,2,1
12.533213716989849,29.424,velocity_chirp,0,4,,0.0,-0.0,-0.017999999225139618,0,1
12.533213716989849,29.424,velocity_chirp,0,1,,0.0,0.0,-0.008999999612569809,0,1
12.542627457994968,29.434,velocity_chirp,1,2,103.83767700195312,103.91763305664062,-5.577805519104004,-0.08739986270666122,1,1
12.542627457994968,29.434,velocity_chirp,1,1,-9.694299807734405,-126.8182373046875,0.04371320828795433,-0.039706241339445114,2,1
12.542627457994968,29.434,velocity_chirp,0,4,,0.0,-0.0,0.03200000151991844,0,1
12.542627457994968,29.434,velocity_chirp,0,1,,0.0,0.0,-0.008999999612569809,0,1
12.56097252696054,29.451,velocity_chirp,1,2,103.83767700195312,103.91763305664062,2.4234602451324463,-0.03172716870903969,1,1
12.56097252696054,29.451,velocity_chirp,1,1,-9.946300402103418,-126.8182373046875,0.04371320828795433,-0.04846617206931114,2,1
12.56097252696054,29.451,velocity_chirp,0,4,,0.0,-0.0,0.006000000052154064,0,1
12.56097252696054,29.451,velocity_chirp,0,1,,0.0,0.0,-0.0020000000949949026,0,1
12.562899534997996,29.454,velocity_chirp,1,2,103.83767700195312,103.851806640625,1.1213458776474,0.007502006832510233,1,1
12.562899534997996,29.454,velocity_chirp,1,1,-9.946300402103418,-126.99169921875,1.7740753310846458e-11,-0.04294435679912567,2,1
12.562899534997996,29.454,velocity_chirp,0,4,,0.0,-0.0,0.006000000052154064,0,1
12.562899534997996,29.454,velocity_chirp,0,1,,0.0,0.0,-0.008999999612569809,0,1
12.573096162988804,29.464,velocity_chirp,1,2,103.83767700195312,103.85467529296875,-0.14444611966609955,0.0015021152794361115,1,1
12.573096162988804,29.464,velocity_chirp,1,1,-9.995547688934717,-126.99658203125,-2.840285784344587e-10,-0.0460377000272274,2,1
12.573096162988804,29.464,velocity_chirp,0,4,,0.0,-0.0,-0.017999999225139618,0,1
12.573096162988804,29.464,velocity_chirp,0,1,,0.0,0.0,-0.008999999612569809,0,1
12.58292763098143,29.474,velocity_chirp,1,2,103.83767700195312,103.84896850585938,-6.952016353607178,-0.12997250258922577,1,1
12.58292763098143,29.474,velocity_chirp,1,1,-9.994100144782703,-126.9990234375,-2.838520529735433e-10,-0.0460377000272274,2,1
12.58292763098143,29.474,velocity_chirp,0,4,,0.0,-0.0,0.006000000052154064,0,1
12.58292763098143,29.474,velocity_chirp,0,1,,0.0,0.0,-0.008999999612569809,0,1
12.593387375993188,29.484,velocity_chirp,1,2,103.83767700195312,103.83197021484375,-0.6064301133155823,0.2976524233818054,1,1
12.593387375993188,29.484,velocity_chirp,1,1,-9.938232654333394,-126.86212158203125,-0.5682716965675354,-0.0734739601612091,2,1
12.593387375993188,29.484,velocity_chirp,0,4,,0.0,-0.0,-0.017999999225139618,0,1
12.593387375993188,29.484,velocity_chirp,0,1,,0.0,0.0,-0.0020000000949949026,0,1
12.603033524996135,29.494,velocity_chirp,1,2,103.83767700195312,103.84896850585938,6.4545698165893555,-0.10987719893455505,1,1
12.603033524996135,29.494,velocity_chirp,1,1,-9.840580640993577,-127.06005859375,-1.2204887866973877,-0.0734739601612091,2,1
12.603033524996135,29.494,velocity_chirp,0,4,,0.0,-0.0,-0.017999999225139618,0,1
12.603033524996135,29.494,velocity_chirp,0,1,,0.0,0.0,-0.008999999612569809,0,1
12.612979619996622,29.504,velocity_chirp,1,2,103.83767700195312,103.83197021484375,-11.832880020141602,0.019260630011558533,1,1
12.612979619996622,29.504,velocity_chirp,1,1,-9.680442937154547,-127.072265625,2.4406542778015137,-0.06919078528881073,2,1
12.612979619996622,29.504,velocity_chirp,0,4,,0.0,-0.0,0.03200000151991844,0,1
12.612979619996622,29.504,velocity_chirp,0,1,,0.0,0.0,-0.0020000000949949026,0,1
12.622746526962146,29.514,velocity_chirp,1,2,103.83767700195312,103.84051513671875,5.785186767578125,-0.03392539918422699,1,1
12.622746526962146,29.514,velocity_chirp,1,1,-9.499592790144174,-127.06243896484375,1.0090722157743625e-24,-0.06919078528881073,2,1
12.622746526962146,29.514,velocity_chirp,0,4,,0.0,-0.0,-0.017999999225139618,0,1
12.622746526962146,29.514,velocity_chirp,0,1,,0.0,0.0,0.05700000002980232,0,1
12.633027563977521,29.524,velocity_chirp,1,2,103.83767700195312,103.83477783203125,-3.460644006729126,-0.1479291021823883,1,1
12.633027563977521,29.524,velocity_chirp,1,1,-9.499592790144174,-127.06243896484375,-0.0,-0.0668526291847229,2,1
12.633027563977521,29.524,velocity_chirp,0,4,,0.0,-0.0,0.006000000052154064,0,1
12.633027563977521,29.524,velocity_chirp,0,1,,0.0,0.0,-0.008999999612569809,0,1
12.642808797943871,29.534,velocity_chirp,1,2,103.83767700195312,103.81784057617188,-0.8126626014709473,0.10295195132493973,1,1
12.642808797943871,29.534,velocity_chirp,1,1,-9.251221199139785,-127.0771484375,-4.865283012390137,-0.0668526291847229,2,1
12.642808797943871,29.534,velocity_chirp,0,4,,0.0,-0.0,0.054999999701976776,0,1
12.642808797943871,29.534,velocity_chirp,0,1,,0.0,0.0,-0.008999999612569809,0,1
12.653084534977097,29.544,velocity_chirp,1,2,103.83767700195312,103.82345581054688,0.9638128280639648,0.04490721598267555,1,1
12.653084534977097,29.544,velocity_chirp,1,1,-8.933311693732426,-127.09912109375,-4.862240791320801,-0.08875693380832672,2,1
12.653084534977097,29.544,velocity_chirp,0,4,,0.0,-0.0,0.054999999701976776,0,1
12.653084534977097,29.544,velocity_chirp,0,1,,0.0,0.0,-0.008999999612569809,0,1
12.662910522951279,29.554,velocity_chirp,1,2,103.83767700195312,103.82913208007812,-1.349924921989441,0.0076124900951981544,1,1
12.662910522951279,29.554,velocity_chirp,1,1,-8.617544110986508,-127.11865234375,-3.7228193832561374e-05,-0.09077446162700653,2,1
12.662910522951279,29.554,velocity_chirp,0,4,,0.0,-0.0,-0.017999999225139618,0,1
12.662910522951279,29.554,velocity_chirp,0,1,,0.0,0.0,0.05000000074505806,0,1
12.67312857194338,29.564,velocity_chirp,1,2,103.83767700195312,103.82623291015625,-3.4124112129211426,-0.030801350250840187,1,1
12.67312857194338,29.564,velocity_chirp,1,1,-8.200747294587378,-127.13079833984375,-1.290809691334031e-22,-0.08944650739431381,2,1
12.67312857194338,29.564,velocity_chirp,0,4,,0.0,-0.0,-0.017999999225139618,0,1
12.67312857194338,29.564,velocity_chirp,0,1,,0.0,0.0,-0.008999999612569809,0,1
12.68290277197957,29.574,velocity_chirp,1,2,103.83767700195312,103.82061767578125,-2.9900705814361572,0.12339115887880325,1,1
12.68290277197957,29.574,velocity_chirp,1,1,-7.807260580162055,-127.12841796875,5.677041059470866e-10,-0.08944650739431381,2,1
12.68290277197957,29.574,velocity_chirp,0,4,,0.0,-0.0,0.006000000052154064,0,1
12.68290277197957,29.574,velocity_chirp,0,1,,0.0,0.0,-0.008999999612569809,0,1
12.693468456971459,29.585,velocity_chirp,1,2,103.83767700195312,103.82345581054688,9.27998161315918,0.0466030016541481,1,1
12.693468456971459,29.585,velocity_chirp,1,1,-7.308772508018999,-126.97198486328125,0.04371320828795433,-0.10330920666456223,2,1
12.693468456971459,29.585,velocity_chirp,0,4,,0.0,-0.0,-0.017999999225139618,0,1
12.693468456971459,29.585,velocity_chirp,0,1,,0.0,0.0,0.05000000074505806,0,1
12.703151044959668,29.594,velocity_chirp,1,2,103.83767700195312,103.81210327148438,-15.102409362792969,-0.015269145369529724,1,1
12.703151044959668,29.594,velocity_chirp,1,1,-6.816691711814959,-127.16015625,-4.86525297164917,-0.10330920666456223,2,1
12.703151044959668,29.594,velocity_chirp,0,4,,0.0,-0.0,-0.017999999225139618,0,1
12.703151044959668,29.594,velocity_chirp,0,1,,0.0,0.0,-0.008999999612569809,0,1
12.713206956977956,29.604,velocity_chirp,1,2,103.83767700195312,103.81784057617188,-3.556427240371704,0.18329498171806335,1,1
12.713206956977956,29.604,velocity_chirp,1,1,-6.245012883160026,-127.20654296875,-4.881650447845459,-0.10934969037771225,2,1
12.713206956977956,29.604,velocity_chirp,0,4,,0.0,-0.0,0.006000000052154064,0,1
12.713206956977956,29.604,velocity_chirp,0,1,,0.0,0.0,-0.008999999612569809,0,1
12.722898500971496,29.614,velocity_chirp,1,2,103.83767700195312,103.80929565429688,-9.740506172180176,0.09636453539133072,1,1
12.722898500971496,29.614,velocity_chirp,1,1,-5.719447492301737,-127.248046875,-4.8050384521484375,-0.10934969037771225,2,1
12.722898500971496,29.614,velocity_chirp,0,4,,0.0,-0.0,0.006000000052154064,0,1
12.722898500971496,29.614,velocity_chirp,0,1,,0.0,0.0,-0.008999999612569809,0,1
12.733144532947335,29.624,velocity_chirp,1,2,103.83767700195312,103.80078125,9.234209060668945,0.15680226683616638,1,1
12.733144532947335,29.624,velocity_chirp,1,1,-5.719447492301737,-127.24072265625,4.805335998535156,-0.0768793523311615,2,1
12.733144532947335,29.624,velocity_chirp,0,4,,0.0,-0.0,0.006000000052154064,0,1
12.733144532947335,29.624,velocity_chirp,0,1,,0.0,0.0,-0.008999999612569809,0,1
12.742785842972808,29.634,velocity_chirp,1,2,103.83767700195312,103.83767700195312,4.52634859085083,0.046430643647909164,1,1
12.742785842972808,29.634,velocity_chirp,1,1,-5.110952579172183,-127.22119140625,0.0001489127753302455,-0.0768793523311615,2,1
12.742785842972808,29.634,velocity_chirp,0,4,,0.0,-0.0,-0.017999999225139618,0,1
12.742785842972808,29.634,velocity_chirp,0,1,,0.0,0.0,-0.01600000075995922,0,1
12.753016504982952,29.644,velocity_chirp,1,2,103.83767700195312,103.83477783203125,2.10683274269104,-0.04425162076950073,1,1
12.753016504982952,29.644,velocity_chirp,1,1,-4.4373052154019135,-127.23089599609375,-0.0011905618011951447,-0.06971247494220734,2,1
12.753016504982952,29.644,velocity_chirp,0,4,,0.0,-0.0,0.03200000151991844,0,1
12.753016504982952,29.644,velocity_chirp,0,1,,0.0,0.0,-0.008999999612569809,0,1
12.763118683942594,29.654,velocity_chirp,1,2,103.83767700195312,103.82913208007812,1.4619522094726562,0.2315104603767395,1,1
12.763118683942594,29.654,velocity_chirp,1,1,-3.836566274060252,-127.25537109375,-4.581453800201416,-0.11663658171892166,2,1
12.763118683942594,29.654,velocity_chirp,0,4,,0.0,-0.0,0.054999999701976776,0,1
12.763118683942594,29.654,velocity_chirp,0,1,,0.0,0.0,-0.008999999612569809,0,1
12.773314580961596,29.664,velocity_chirp,1,2,103.83767700195312,103.83197021484375,2.314537286758423,0.021497435867786407,1,1
12.773314580961596,29.664,velocity_chirp,1,1,-3.218816352549922,-127.26263427734375,4.273801326751709,-0.11663658171892166,2,1
12.773314580961596,29.664,velocity_chirp,0,4,,0.0,-0.0,0.006000000052154064,0,1
12.773314580961596,29.664,velocity_chirp,0,1,,0.0,0.0,-0.008999999612569809,0,1
12.782946161984,29.674,velocity_chirp,1,2,103.83767700195312,103.84613037109375,-10.617961883544922,-0.17377613484859467,1,1
12.782946161984,29.674,velocity_chirp,1,1,-2.585560076148281,-127.26019287109375,-0.0,-0.1259644478559494,2,1
12.782946161984,29.674,velocity_chirp,0,4,,0.0,-0.0,-0.017999999225139618,0,1
12.782946161984,29.674,velocity_chirp,0,1,,0.0,0.0,0.05700000002980232,0,1
12.793168728996534,29.684,velocity_chirp,1,2,103.83767700195312,103.83477783203125,-0.4638347625732422,0.15629523992538452,1,1
12.793168728996534,29.684,velocity_chirp,1,1,-1.839918853722538,-127.26263427734375,-1.8177829019805358e-08,-0.14002516865730286,2,1
12.793168728996534,29.684,velocity_chirp,0,4,,0.0,-0.0,0.006000000052154064,0,1
12.793168728996534,29.684,velocity_chirp,0,1,,0.0,0.0,0.06400000303983688,0,1
12.802994376979768,29.694,velocity_chirp,1,2,103.83767700195312,103.82061767578125,-1.8185994625091553,0.11615213006734848,1,1
12.802994376979768,29.694,velocity_chirp,1,1,-1.1764111096372925,-127.267578125,-2.4382705688476562,-0.14002516865730286,2,1
12.802994376979768,29.694,velocity_chirp,0,4,,0.0,-0.0,0.03200000151991844,0,1
12.802994376979768,29.694,velocity_chirp,0,1,,0.0,0.0,-0.008999999612569809,0,1
12.813366445945576,29.704,velocity_chirp,1,2,103.83767700195312,103.80645751953125,-3.5191829204559326,0.13754449784755707,1,1
12.813366445945576,29.704,velocity_chirp,1,1,-0.4043516753392182,-127.10400390625,0.04371320828795433,-0.1665312498807907,2,1
12.813366445945576,29.704,velocity_chirp,0,4,,0.0,-0.0,-0.017999999225139618,0,1
12.813366445945576,29.704,velocity_chirp,0,1,,0.0,0.0,0.05700000002980232,0,1
12.82315531396307,29.715,velocity_chirp,1,2,103.83767700195312,103.91763305664062,-0.730884850025177,-0.059559233486652374,1,1
12.82315531396307,29.715,velocity_chirp,1,1,0.2830531592209163,-127.10400390625,0.04371320828795433,-0.17283855378627777,2,1
12.82315531396307,29.715,velocity_chirp,0,4,,0.0,-0.0,-0.017999999225139618,0,1
12.82315531396307,29.715,velocity_chirp,0,1,,0.0,0.0,-0.0020000000949949026,0,1
12.832962957967538,29.724,velocity_chirp,1,2,103.83767700195312,103.82913208007812,5.773622035980225,-0.05148082599043846,1,1
12.832962957967538,29.724,velocity_chirp,1,1,1.0548443649889725,-127.27490234375,-0.0,-0.17680293321609497,2,1
12.832962957967538,29.724,velocity_chirp,0,4,,0.0,-0.0,-0.017999999225139618,0,1
12.832962957967538,29.724,velocity_chirp,0,1,,0.0,0.0,-0.008999999612569809,0,1
12.843116273987107,29.734,velocity_chirp,1,2,103.83767700195312,103.83767700195312,6.296891689300537,-0.2365931123495102,1,1
12.843116273987107,29.734,velocity_chirp,1,1,1.7033401511138857,-127.27728271484375,-1.433976464253179e-38,-0.18273867666721344,2,1
12.843116273987107,29.734,velocity_chirp,0,4,,0.0,-0.0,0.006000000052154064,0,1
12.843116273987107,29.734,velocity_chirp,0,1,,0.0,0.0,-0.008999999612569809,0,1
12.853052199992817,29.744,velocity_chirp,1,2,103.83767700195312,103.83477783203125,-3.196132183074951,-0.1395973265171051,1,1
12.853052199992817,29.744,velocity_chirp,1,1,2.3450584932994705,-127.27728271484375,-0.0,-0.18466347455978394,2,1
12.853052199992817,29.744,velocity_chirp,0,4,,0.0,-0.0,-0.017999999225139618,0,1
12.853052199992817,29.744,velocity_chirp,0,1,,0.0,0.0,-0.008999999612569809,0,1
12.862936076999176,29.754,velocity_chirp,1,2,103.83767700195312,103.83477783203125,-5.032747745513916,-0.13499924540519714,1,1
12.862936076999176,29.754,velocity_chirp,1,1,2.9782426426512827,-127.27728271484375,-0.0,-0.18466347455978394,2,1
12.862936076999176,29.754,velocity_chirp,0,4,,0.0,-0.0,-0.017999999225139618,0,1
12.862936076999176,29.754,velocity_chirp,0,1,,0.0,0.0,-0.008999999612569809,0,1
12.873327342967968,29.764,velocity_chirp,1,2,103.83767700195312,103.83767700195312,-1.7899032831192017,-0.16860532760620117,1,1
12.873327342967968,29.764,velocity_chirp,1,1,3.6187061580452875,-127.27728271484375,-0.0,-0.1842452585697174,2,1
12.873327342967968,29.764,velocity_chirp,0,4,,0.0,-0.0,0.006000000052154064,0,1
12.873327342967968,29.764,velocity_chirp,0,1,,0.0,0.0,-0.008999999612569809,0,1
12.883516946982127,29.774,velocity_chirp,1,2,103.83767700195312,103.84896850585938,-1.0862220525741577,-0.09334693104028702,1,1
12.883516946982127,29.774,velocity_chirp,1,1,4.228833788765701,-127.27978515625,-0.0,-0.1842452585697174,2,1
12.883516946982127,29.774,velocity_chirp,0,4,,0.0,-0.0,-0.017999999225139618,0,1
12.883516946982127,29.774,velocity_chirp,0,1,,0.0,0.0,-0.008999999612569809,0,1
12.893178875965532,29.784,velocity_chirp,1,2,103.83767700195312,103.84051513671875,6.424584865570068,0.25339633226394653,1,1
12.893178875965532,29.784,velocity_chirp,1,1,4.228833788765701,-127.27978515625,-0.0,-0.18101860582828522,2,1
12.893178875965532,29.784,velocity_chirp,0,4,,0.0,-0.0,-0.017999999225139618,0,1
12.893178875965532,29.784,velocity_chirp,0,1,,0.0,0.0,0.05700000002980232,0,1
12.90285553195281,29.794,velocity_chirp,1,2,103.83767700195312,103.84051513671875,-4.613819122314453,-0.14391979575157166,1,1
12.90285553195281,29.794,velocity_chirp,1,1,4.854334883198634,-127.27978515625,-0.0,-0.18101860582828522,2,1
12.90285553195281,29.794,velocity_chirp,0,4,,0.0,-0.0,0.054999999701976776,0,1
12.90285553195281,29.794,velocity_chirp,0,1,,0.0,0.0,-0.01600000075995922,0,1
12.913163890945725,29.804,velocity_chirp,1,2,103.83767700195312,103.82345581054688,-3.0655124187469482,0.027695348486304283,1,1
12.913163890945725,29.804,velocity_chirp,1,1,5.520352233422903,-127.27978515625,-0.0,-0.17295502126216888,2,1
12.913163890945725,29.804,velocity_chirp,0,4,,0.0,-0.0,-0.017999999225139618,0,1
12.913163890945725,29.804,velocity_chirp,0,1,,0.0,0.0,-0.008999999612569809,0,1
12.922784932947252,29.814,velocity_chirp,1,2,103.83767700195312,103.84329223632812,-3.8584530353546143,-0.07966223359107971,1,1
12.922784932947252,29.814,velocity_chirp,1,1,6.069509444639891,-127.27978515625,-0.0,-0.17863287031650543,2,1
12.922784932947252,29.814,velocity_chirp,0,4,,0.0,-0.0,0.006000000052154064,0,1
12.922784932947252,29.814,velocity_chirp,0,1,,0.0,0.0,0.05700000002980232,0,1
12.933127585973125,29.824,velocity_chirp,1,2,103.83767700195312,103.84329223632812,3.867818832397461,-0.0930328369140625,1,1
12.933127585973125,29.824,velocity_chirp,1,1,6.670249836728703,-127.27978515625,-0.0,-0.16963039338588715,2,1
12.933127585973125,29.824,velocity_chirp,0,4,,0.0,-0.0,0.006000000052154064,0,1
12.933127585973125,29.824,velocity_chirp,0,1,,0.0,0.0,-0.008999999612569809,0,1
12.943095982947852,29.834,velocity_chirp,1,2,103.83767700195312,103.82061767578125,-11.302291870117188,0.046626754105091095,1,1
12.943095982947852,29.834,velocity_chirp,1,1,7.163320113784225,-127.27728271484375,1.0326477530672248e-21,-0.16963039338588715,2,1
12.943095982947852,29.834,velocity_chirp,0,4,,0.0,-0.0,-0.017999999225139618,0,1
12.943095982947852,29.834,velocity_chirp,0,1,,0.0,0.0,-0.008999999612569809,0,1
12.953407217981294,29.844,velocity_chirp,1,2,103.83767700195312,103.81210327148438,-4.862990856170654,0.12246968597173691,1,1
12.953407217981294,29.844,velocity_chirp,1,1,7.698367505507662,-127.10400390625,0.04371320828795433,-0.14745573699474335,2,1
12.953407217981294,29.844,velocity_chirp,0,4,,0.0,-0.0,-0.017999999225139618,0,1
12.953407217981294,29.844,velocity_chirp,0,1,,0.0,0.0,-0.008999999612569809,0,1
12.963143726985436,29.854,velocity_chirp,1,2,103.83767700195312,103.80355834960938,-3.6840527057647705,0.32580119371414185,1,1
12.963143726985436,29.854,velocity_chirp,1,1,8.114995839303837,-127.10400390625,0.04371320828795433,-0.13816283643245697,2,1
12.963143726985436,29.854,velocity_chirp,0,4,,0.0,-0.0,-0.017999999225139618,0,1
12.963143726985436,29.854,velocity_chirp,0,1,,0.0,0.0,-0.008999999612569809,0,1
12.973159072978888,29.864,velocity_chirp,1,2,103.83767700195312,103.81784057617188,1.054255485534668,0.17454002797603607,1,1
12.973159072978888,29.864,velocity_chirp,1,1,8.544242372154736,-127.27490234375,-0.0,-0.1323031634092331,2,1
12.973159072978888,29.864,velocity_chirp,0,4,,0.0,-0.0,0.006000000052154064,0,1
12.973159072978888,29.864,velocity_chirp,0,1,,0.0,0.0,-0.008999999612569809,0,1
12.98283018899383,29.874,velocity_chirp,1,2,103.83767700195312,103.80929565429688,-4.971285343170166,-0.05479499325156212,1,1
12.98283018899383,29.874,velocity_chirp,1,1,8.87291819354625,-127.2724609375,1.3969544390854101e-41,-0.1323031634092331,2,1
12.98283018899383,29.874,velocity_chirp,0,4,,0.0,-0.0,0.03200000151991844,0,1
12.98283018899383,29.874,velocity_chirp,0,1,,0.0,0.0,-0.008999999612569809,0,1
12.993101988977287,29.884,velocity_chirp,1,2,103.83767700195312,103.83767700195312,4.728282451629639,-0.19533897936344147,1,1
12.993101988977287,29.884,velocity_chirp,1,1,8.87291819354625,-127.26995849609375,-0.0,-0.11341529339551926,2,1
12.993101988977287,29.884,velocity_chirp,0,4,,0.0,-0.0,0.006000000052154064,0,1
12.993101988977287,29.884,velocity_chirp,0,1,,0.0,0.0,-0.008999999612569809,0,1
13.003048283979297,29.894,velocity_chirp,1,2,103.83767700195312,103.84051513671875,1.4082320928573608,-0.08017932623624802,1,1
13.003048283979297,29.894,velocity_chirp,1,1,9.190327549758896,-127.267578125,7.337403595409063e-36,-0.11341529339551926,2,1
13.003048283979297,29.894,velocity_chirp,0,4,,0.0,-0.0,0.054999999701976776,0,1
13.003048283979297,29.894,velocity_chirp,0,1,,0.0,0.0,0.05700000002980232,0,1
13.013204936985858,29.904,velocity_chirp,1,2,103.83767700195312,103.82345581054688,-6.573164939880371,-0.037016335874795914,1,1
13.013204936985858,29.904,velocity_chirp,1,1,9.476702788019665,-127.267578125,-0.0,-0.10334435850381851,2,1
13.013204936985858,29.904,velocity_chirp,0,4,,0.0,-0.0,0.006000000052154064,0,1
13.013204936985858,29.904,velocity_chirp,0,1,,0.0,0.0,-0.008999999612569809,0,1
13.02300462598214,29.914,velocity_chirp,1,2,103.83767700195312,103.81784057617188,-3.796539068222046,0.01819504424929619,1,1
13.02300462598214,29.914,velocity_chirp,1,1,9.672477285811558,-127.26263427734375,1.2609483044556714e-25,-0.08853990584611893,2,1
13.02300462598214,29.914,velocity_chirp,0,4,,0.0,-0.0,0.054999999701976776,0,1
13.02300462598214,29.914,velocity_chirp,0,1,,0.0,0.0,-0.01600000075995922,0,1
13.033191534981597,29.924,velocity_chirp,1,2,103.83767700195312,103.82623291015625,1.182550311088562,0.08248092234134674,1,1
13.033191534981597,29.924,velocity_chirp,1,1,9.842202071717686,-127.26019287109375,-0.0,-0.09096457064151764,2,1
13.033191534981597,29.924,velocity_chirp,0,4,,0.0,-0.0,-0.017999999225139618,0,1
13.033191534981597,29.924,velocity_chirp,0,1,,0.0,0.0,-0.008999999612569809,0,1
13.043090550985653,29.934,velocity_chirp,1,2,103.83767700195312,103.82623291015625,3.6993911266326904,0.13745258748531342,1,1
13.043090550985653,29.934,velocity_chirp,1,1,9.940016754526646,-127.2578125,0.1311396211385727,-0.09096457064151764,2,1
13.043090550985653,29.934,velocity_chirp,0,4,,0.0,-0.0,-0.017999999225139618,0,1
13.043090550985653,29.934,velocity_chirp,0,1,,0.0,0.0,-0.008999999612569809,0,1
13.053381166944746,29.944,velocity_chirp,1,2,103.83767700195312,103.83197021484375,-7.066262722015381,-0.0073398202657699585,1,1
13.053381166944746,29.944,velocity_chirp,1,1,9.995605432985212,-127.2529296875,0.15239191055297852,-0.06377275288105011,2,1
13.053381166944746,29.944,velocity_chirp,0,4,,0.0,-0.0,0.006000000052154064,0,1
13.053381166944746,29.944,velocity_chirp,0,1,,0.0,0.0,-0.008999999612569809,0,1
13.06331003899686,29.954,velocity_chirp,1,2,103.83767700195312,103.82061767578125,-1.9175395965576172,0.001440779771655798,1,1
13.06331003899686,29.954,velocity_chirp,1,1,9.992257134889469,-127.24072265625,2.4382705688476562,-0.05603567510843277,2,1
13.06331003899686,29.954,velocity_chirp,0,4,,0.0,-0.0,0.006000000052154064,0,1
13.06331003899686,29.954,velocity_chirp,0,1,,0.0,0.0,-0.008999999612569809,0,1
13.073144112946466,29.964,velocity_chirp,1,2,103.83767700195312,103.81494140625,-9.860024452209473,0.025420110672712326,1,1
13.073144112946466,29.964,velocity_chirp,1,1,9.92761396189085,-127.22607421875,4.653524229070172e-06,-0.049824927002191544,2,1
13.073144112946466,29.964,velocity_chirp,0,4,,0.0,-0.0,0.03200000151991844,0,1
13.073144112946466,29.964,velocity_chirp,0,1,,0.0,0.0,-0.008999999612569809,0,1
13.082868599973153,29.974,velocity_chirp,1,2,103.83767700195312,103.81784057617188,3.0198206901550293,-0.0031396676786243916,1,1
13.082868599973153,29.974,velocity_chirp,1,1,9.92761396189085,-127.21875,4.73170804977417,-0.049824927002191544,2,1
13.082868599973153,29.974,velocity_chirp,0,4,,0.0,-0.0,-0.017999999225139618,0,1
13.082868599973153,29.974,velocity_chirp,0,1,,0.0,0.0,-0.008999999612569809,0,1
13.093207826954313,29.984,velocity_chirp,1,2,103.83767700195312,103.82623291015625,-1.6087607145309448,0.1445932239294052,1,1
13.093207826954313,29.984,velocity_chirp,1,1,9.817027671128404,-127.21624755859375,-0.0,-0.0527520589530468,2,1
13.093207826954313,29.984,velocity_chirp,0,4,,0.0,-0.0,0.03200000151991844,0,1
13.093207826954313,29.984,velocity_chirp,0,1,,0.0,0.0,-0.008999999612569809,0,1
13.103156746947207,29.994,velocity_chirp,1,2,103.83767700195312,103.83767700195312,-4.375973224639893,0.03338900953531265,1,1
13.103156746947207,29.994,velocity_chirp,1,1,9.662176570022291,-127.21142578125,1.219893455505371,-0.0527520589530468,2,1
13.103156746947207,29.994,velocity_chirp,0,4,,0.0,-0.0,0.006000000052154064,0,1
13.103156746947207,29.994,velocity_chirp,0,1,,0.0,0.0,-0.008999999612569809,0,1
13.112940805964172,30.004,velocity_chirp,1,2,103.83767700195312,103.82623291015625,-3.627509355545044,0.11588016152381897,1,1
13.112940805964172,30.004,velocity_chirp,1,1,9.467860754620357,-127.20159912109375,8.875893076076835e-12,-0.04119453951716423,2,1
13.112940805964172,30.004,velocity_chirp,0,4,,0.0,-0.0,-0.017999999225139618,0,1
13.112940805964172,30.004,velocity_chirp,0,1,,0.0,0.0,-0.008999999612569809,0,1
13.12284488196019,30.014,velocity_chirp,1,2,103.83767700195312,103.84613037109375,1.5342152118682861,-0.04366685450077057,1,1
13.12284488196019,30.014,velocity_chirp,1,1,9.182177145738585,-127.17718505859375,4.880764961242676,-0.04119453951716423,2,1
13.12284488196019,30.014,velocity_chirp,0,4,,0.0,-0.0,0.054999999701976776,0,1
13.12284488196019,30.014,velocity_chirp,0,1,,0.0,0.0,-0.008999999612569809,0,1
13.13311936694663,30.024,velocity_chirp,1,2,103.83767700195312,103.82061767578125,-3.6971564292907715,0.029731521382927895,1,1
13.13311936694663,30.024,velocity_chirp,1,1,8.832154448047282,-127.14544677734375,4.843173503875732,-0.04456924647092819,2,1
13.13311936694663,30.024,velocity_chirp,0,4,,0.0,-0.0,0.006000000052154064,0,1
13.13311936694663,30.024,velocity_chirp,0,1,,0.0,0.0,-0.008999999612569809,0,1
13.142854984966107,30.034,velocity_chirp,1,2,103.83767700195312,103.83767700195312,-4.2960944175720215,-0.2764092683792114,1,1
13.142854984966107,30.034,velocity_chirp,1,1,8.48562061335805,-127.14544677734375,-1.4533225112245418e-07,-0.04456924647092819,2,1
13.142854984966107,30.034,velocity_chirp,0,4,,0.0,-0.0,-0.017999999225139618,0,1
13.142854984966107,30.034,velocity_chirp,0,1,,0.0,0.0,-0.01600000075995922,0,1
13.153303978964686,30.044,velocity_chirp,1,2,103.83767700195312,103.82623291015625,-3.056678056716919,0.08657827973365784,1,1
13.153303978964686,30.044,velocity_chirp,1,1,8.035548931339326,-126.97198486328125,0.04371320828795433,-0.04941513389348984,2,1
13.153303978964686,30.044,velocity_chirp,0,4,,0.0,-0.0,0.006000000052154064,0,1
13.153303978964686,30.044,velocity_chirp,0,1,,0.0,0.0,-0.008999999612569809,0,1
13.163040117942728,30.054,velocity_chirp,1,2,103.83767700195312,103.83477783203125,1.3646410703659058,0.04250642657279968,1,1
13.163040117942728,30.054,velocity_chirp,1,1,7.594865125702304,-127.14056396484375,3.660982370376587,-0.03008437342941761,2,1
13.163040117942728,30.054,velocity_chirp,0,4,,0.0,-0.0,-0.017999999225139618,0,1
13.163040117942728,30.054,velocity_chirp,0,1,,0.0,0.0,-0.008999999612569809,0,1
13.173308169993106,30.064,velocity_chirp,1,2,103.83767700195312,103.82345581054688,-3.0781922340393066,-0.06372380256652832,1,1
13.173308169993106,30.064,velocity_chirp,1,1,7.054412288454971,-127.12109375,0.00014891505998093635,-0.02302684634923935,2,1
13.173308169993106,30.064,velocity_chirp,0,4,,0.0,-0.0,-0.017999999225139618,0,1
13.173308169993106,30.064,velocity_chirp,0,1,,0.0,0.0,0.05700000002980232,0,1
13.182787213998381,30.074,velocity_chirp,1,2,103.83767700195312,103.80645751953125,-10.62431526184082,-0.018837960436940193,1,1
13.182787213998381,30.074,velocity_chirp,1,1,6.547576653990445,-127.08935546875,0.30482107400894165,-0.02302684634923935,2,1
13.182787213998381,30.074,velocity_chirp,0,4,,0.0,-0.0,0.03200000151991844,0,1
13.182787213998381,30.074,velocity_chirp,0,1,,0.0,0.0,-0.008999999612569809,0,1
13.193004079977982,30.084,velocity_chirp,1,2,103.83767700195312,103.81494140625,-5.811122894287109,-0.2020309865474701,1,1
13.193004079977982,30.084,velocity_chirp,1,1,6.547576653990445,-127.07470703125,1.353512062900273e-16,-0.023349111899733543,2,1
13.193004079977982,30.084,velocity_chirp,0,4,,0.0,-0.0,-0.017999999225139618,0,1
13.193004079977982,30.084,velocity_chirp,0,1,,0.0,0.0,-0.008999999612569809,0,1
13.202825739979744,30.094,velocity_chirp,1,2,103.83767700195312,103.82061767578125,2.010835886001587,-0.09980529546737671,1,1
13.202825739979744,30.094,velocity_chirp,1,1,5.973230668905383,-127.07952880859375,-6.158888035732193e-29,-0.023349111899733543,2,1
13.202825739979744,30.094,velocity_chirp,0,4,,0.0,-0.0,0.006000000052154064,0,1
13.202825739979744,30.094,velocity_chirp,0,1,,0.0,0.0,-0.008999999612569809,0,1
13.213089955970645,30.104,velocity_chirp,1,2,103.83767700195312,103.82061767578125,-4.423282146453857,-0.13640260696411133,1,1
13.213089955970645,30.104,velocity_chirp,1,1,5.301275115242683,-127.08203125,-1.5027002563397762e-32,-0.03373557701706886,2,1
13.213089955970645,30.104,velocity_chirp,0,4,,0.0,-0.0,-0.2240000069141388,0,1
13.213089955970645,30.104,velocity_chirp,0,1,,0.0,0.0,-0.008999999612569809,0,1
13.22284400794888,30.114,velocity_chirp,1,2,103.83767700195312,103.82345581054688,-5.584018230438232,0.10209818929433823,1,1
13.22284400794888,30.114,velocity_chirp,1,1,4.702446863967217,-127.072265625,0.009530417621135712,-0.02795395255088806,2,1
13.22284400794888,30.114,velocity_chirp,0,4,,0.0,-0.0,0.054999999701976776,0,1
13.22284400794888,30.114,velocity_chirp,0,1,,0.0,0.0,-0.0020000000949949026,0,1
13.234060971997678,30.124,velocity_chirp,1,2,103.83767700195312,103.84051513671875,4.451697826385498,-0.002749174367636442,1,1
13.234060971997678,30.124,velocity_chirp,1,1,3.9719238374730863,-127.05029296875,2.439824342727661,-0.00770947989076376,2,1
13.234060971997678,30.124,velocity_chirp,0,4,,0.0,-0.0,-0.017999999225139618,0,1
13.234060971997678,30.124,velocity_chirp,0,1,,0.0,0.0,-0.008999999612569809,0,1
13.242828131944407,30.134,velocity_chirp,1,2,103.83767700195312,103.81494140625,-7.41741418838501,0.02317102998495102,1,1
13.242828131944407,30.134,velocity_chirp,1,1,3.258850120488361,-127.0234375,2.4382710456848145,-0.00770947989076376,2,1
13.242828131944407,30.134,velocity_chirp,0,4,,0.0,-0.0,-0.017999999225139618,0,1
13.242828131944407,30.134,velocity_chirp,0,1,,0.0,0.0,-0.008999999612569809,0,1
13.253563315956853,30.144,velocity_chirp,1,2,103.83767700195312,103.81210327148438,-11.307877540588379,0.08167873322963715,1,1
13.253563315956853,30.144,velocity_chirp,1,1,2.5615162170039585,-127.013671875,4.927110428585754e-28,-0.008200387470424175,2,1
13.253563315956853,30.144,velocity_chirp,0,4,,0.0,-0.0,0.006000000052154064,0,1
13.253563315956853,30.144,velocity_chirp,0,1,,0.0,0.0,-0.008999999612569809,0,1
13.26338274194859,30.154,velocity_chirp,1,2,103.83767700195312,103.795166015625,-4.645842552185059,0.31282445788383484,1,1
13.26338274194859,30.154,velocity_chirp,1,1,1.8417708706181792,-127.0185546875,-3.939238559979343e-27,-0.008200387470424175,2,1
13.26338274194859,30.154,velocity_chirp,0,4,,0.0,-0.0,-0.0430000014603138,0,1
13.26338274194859,30.154,velocity_chirp,0,1,,0.0,0.0,0.05700000002980232,0,1
13.273069647955708,30.164,velocity_chirp,1,2,103.83767700195312,103.80355834960938,-7.392497539520264,0.14503590762615204,1,1
13.273069647955708,30.164,velocity_chirp,1,1,1.023454841718117,-127.0185546875,-0.0,-0.010815695859491825,2,1
13.273069647955708,30.164,velocity_chirp,0,4,,0.0,-0.0,-0.017999999225139618,0,1
13.273069647955708,30.164,velocity_chirp,0,1,,0.0,0.0,-0.01600000075995922,0,1
13.283110772958025,30.174,velocity_chirp,1,2,103.83767700195312,103.81494140625,-2.7216196060180664,-0.05005566030740738,1,1
13.283110772958025,30.174,velocity_chirp,1,1,1.023454841718117,-127.01123046875,0.6095676422119141,-0.010815695859491825,2,1
13.283110772958025,30.174,velocity_chirp,0,4,,0.0,-0.0,0.006000000052154064,0,1
13.283110772958025,30.174,velocity_chirp,0,1,,0.0,0.0,-0.008999999612569809,0,1
13.293040445947554,30.184,velocity_chirp,1,2,103.83767700195312,103.81494140625,3.6397039890289307,0.24261118471622467,1,1
13.293040445947554,30.184,velocity_chirp,1,1,0.29857839340052655,-127.00140380859375,4.874804496765137,0.008442525751888752,2,1
13.293040445947554,30.184,velocity_chirp,0,4,,0.0,-0.0,-0.017999999225139618,0,1
13.293040445947554,30.184,velocity_chirp,0,1,,0.0,0.0,-0.19900000095367432,0,1
13.30300635896856,30.194,velocity_chirp,1,2,103.83767700195312,103.81494140625,5.847812175750732,0.10577962547540665,1,1
13.30300635896856,30.194,velocity_chirp,1,1,-0.5217505822817787,-126.97943115234375,0.00014891280443407595,0.009191634133458138,2,1
13.30300635896856,30.194,velocity_chirp,0,4,,0.0,-0.0,-0.017999999225139618,0,1
13.30300635896856,30.194,velocity_chirp,0,1,,0.0,0.0,-0.008999999612569809,0,1
13.313143644947559,30.204,velocity_chirp,1,2,103.83767700195312,103.80078125,4.8765788078308105,-0.16777700185775757,1,1
13.313143644947559,30.204,velocity_chirp,1,1,-1.2012697762069162,-126.97210693359375,1.202160205071821e-31,0.009191634133458138,2,1
13.313143644947559,30.204,velocity_chirp,0,4,,0.0,-0.0,0.03200000151991844,0,1
13.313143644947559,30.204,velocity_chirp,0,1,,0.0,0.0,-0.01600000075995922,0,1
13.32288891094504,30.214,velocity_chirp,1,2,103.83767700195312,103.80078125,1.0792579650878906,-0.22003012895584106,1,1
13.32288891094504,30.214,velocity_chirp,1,1,-1.8811679948991278,-126.974609375,-2.0652955061344497e-21,-0.009637624956667423,2,1
13.32288891094504,30.214,velocity_chirp,0,4,,0.0,-0.0,-0.017999999225139618,0,1
13.32288891094504,30.214,velocity_chirp,0,1,,0.0,0.0,-0.07699999958276749,0,1
13.333307577995583,30.224,velocity_chirp,1,2,103.83767700195312,103.79794311523438,-7.904326438903809,-0.19202175736427307,1,1
13.333307577995583,30.224,velocity_chirp,1,1,-2.675525739817963,-126.97705078125,-0.0,-0.002420838223770261,2,1
13.333307577995583,30.224,velocity_chirp,0,4,,0.0,-0.0,0.054999999701976776,0,1
13.333307577995583,30.224,velocity_chirp,0,1,,0.0,0.0,-0.008999999612569809,0,1
13.343179832969327,30.234,velocity_chirp,1,2,103.83767700195312,103.81210327148438,1.5554062128067017,0.06107141077518463,1,1
13.343179832969327,30.234,velocity_chirp,1,1,-3.368638087804816,-126.974609375,2.463555214292877e-28,0.005007925443351269,2,1
13.343179832969327,30.234,velocity_chirp,0,4,,0.0,-0.0,0.03200000151991844,0,1
13.343179832969327,30.234,velocity_chirp,0,1,,0.0,0.0,-0.008999999612569809,0,1
13.35328259394737,30.244,velocity_chirp,1,2,103.83767700195312,103.80078125,-9.518797874450684,0.04213244467973709,1,1
13.35328259394737,30.244,velocity_chirp,1,1,-4.135276732598081,-126.97210693359375,5.414048251601092e-16,0.0046128155663609505,2,1
13.35328259394737,30.244,velocity_chirp,0,4,,0.0,-0.0,-0.017999999225139618,0,1
13.35328259394737,30.244,velocity_chirp,0,1,,0.0,0.0,-0.01600000075995922,0,1
13.36306364799384,30.254,velocity_chirp,1,2,103.83767700195312,103.81784057617188,-4.9346771240234375,0.052244339138269424,1,1
13.36306364799384,30.254,velocity_chirp,1,1,-4.875459024783152,-126.97210693359375,-0.0,0.0046128155663609505,2,1
13.36306364799384,30.254,velocity_chirp,0,4,,0.0,-0.0,-0.017999999225139618,0,1
13.36306364799384,30.254,velocity_chirp,0,1,,0.0,0.0,-0.008999999612569809,0,1
13.37306593899848,30.264,velocity_chirp,1,2,103.83767700195312,103.80929565429688,-2.3947911262512207,0.1009695827960968,1,1
13.37306593899848,30.264,velocity_chirp,1,1,-4.875459024783152,-126.97210693359375,-0.0,0.008012339472770691,2,1
13.37306593899848,30.264,velocity_chirp,0,4,,0.0,-0.0,0.006000000052154064,0,1
13.37306593899848,30.264,velocity_chirp,0,1,,0.0,0.0,-0.008999999612569809,0,1
13.383140275953338,30.274,velocity_chirp,1,2,103.83767700195312,103.80929565429688,9.72174072265625,0.12305684387683868,1,1
13.383140275953338,30.274,velocity_chirp,1,1,-5.514893014258741,-126.97210693359375,-0.0,0.008012339472770691,2,1
13.383140275953338,30.274,velocity_chirp,0,4,,0.0,-0.0,0.03200000151991844,0,1
13.383140275953338,30.274,velocity_chirp,0,1,,0.0,0.0,-0.008999999612569809,0,1
13.39323255699128,30.284,velocity_chirp,1,2,103.83767700195312,103.82345581054688,3.450282573699951,-0.09982394427061081,1,1
13.39323255699128,30.284,velocity_chirp,1,1,-6.07634407850902,-126.97210693359375,-0.0,0.008261251263320446,2,1
13.39323255699128,30.284,velocity_chirp,0,4,,0.0,-0.0,0.054999999701976776,0,1
13.39323255699128,30.284,velocity_chirp,0,1,,0.0,0.0,-0.008999999612569809,0,1
13.402846324956045,30.294,velocity_chirp,1,2,103.83767700195312,103.80645751953125,-1.023283839225769,-0.029855970293283463,1,1
13.402846324956045,30.294,velocity_chirp,1,1,-6.611586484514581,-126.97210693359375,-0.0,0.008261251263320446,2,1
13.402846324956045,30.294,velocity_chirp,0,4,,0.0,-0.0,-0.017999999225139618,0,1
13.402846324956045,30.294,velocity_chirp,0,1,,0.0,0.0,-0.008999999612569809,0,1
13.413407680985983,30.304,velocity_chirp,1,2,103.83767700195312,103.79794311523438,-2.4635658264160156,-0.03363022953271866,1,1
13.413407680985983,30.304,velocity_chirp,1,1,-7.1954092646618015,-126.97210693359375,-0.0,0.0016027690144255757,2,1
13.413407680985983,30.304,velocity_chirp,0,4,,0.0,-0.0,0.006000000052154064,0,1
13.413407680985983,30.304,velocity_chirp,0,1,,0.0,0.0,-0.008999999612569809,0,1
13.422877506993245,30.314,velocity_chirp,1,2,103.83767700195312,103.795166015625,-2.330134630203247,0.02527114562690258,1,1
13.422877506993245,30.314,velocity_chirp,1,1,-7.684697748212023,-126.974609375,-4.229725196563353e-18,-0.0033767998684197664,2,1
13.422877506993245,30.314,velocity_chirp,0,4,,0.0,-0.0,0.006000000052154064,0,1
13.422877506993245,30.314,velocity_chirp,0,1,,0.0,0.0,-0.008999999612569809,0,1
13.433443822956178,30.324,velocity_chirp,1,2,103.83767700195312,103.81210327148438,3.356720447540283,0.06542704999446869,1,1
13.433443822956178,30.324,velocity_chirp,1,1,-8.169658649954364,-126.97705078125,-0.0,-0.0030411730986088514,2,1
13.433443822956178,30.324,velocity_chirp,0,4,,0.0,-0.0,-0.017999999225139618,0,1
13.433443822956178,30.324,velocity_chirp,0,1,,0.0,0.0,-0.008999999612569809,0,1
13.442856981942896,30.334,velocity_chirp,1,2,103.83767700195312,103.80929565429688,8.848203659057617,0.018804196268320084,1,1
13.442856981942896,30.334,velocity_chirp,1,1,-8.57274243573808,-126.97705078125,-0.0,-0.00899859145283699,2,1
13.442856981942896,30.334,velocity_chirp,0,4,,0.0,-0.0,0.054999999701976776,0,1
13.442856981942896,30.334,velocity_chirp,0,1,,0.0,0.0,-0.008999999612569809,0,1
13.453554835985415,30.344,velocity_chirp,1,2,103.83767700195312,103.82345581054688,0.14459002017974854,-0.0067393057979643345,1,1
13.453554835985415,30.344,velocity_chirp,1,1,-8.95411714320727,-126.8182373046875,0.04371320828795433,-0.022057903930544853,2,1
13.453554835985415,30.344,velocity_chirp,0,4,,0.0,-0.0,0.03200000151991844,0,1
13.453554835985415,30.344,velocity_chirp,0,1,,0.0,0.0,0.05700000002980232,0,1
13.462911187962163,30.354,velocity_chirp,1,2,103.83767700195312,103.78378295898438,-2.0906639099121094,0.15153026580810547,1,1
13.462911187962163,30.354,velocity_chirp,1,1,-9.263135455212716,-126.99169921875,-5.547433172548022e-13,-0.022057903930544853,2,1
13.462911187962163,30.354,velocity_chirp,0,4,,0.0,-0.0,0.006000000052154064,0,1
13.462911187962163,30.354,velocity_chirp,0,1,,0.0,0.0,-0.0020000000949949026,0,1
13.47313763195416,30.364,velocity_chirp,1,2,103.83767700195312,103.77810668945312,2.686720609664917,0.17705202102661133,1,1
13.47313763195416,30.364,velocity_chirp,1,1,-9.529129740668381,-126.99407958984375,1.8177829019805358e-08,-0.03367439657449722,2,1
13.47313763195416,30.364,velocity_chirp,0,4,,0.0,-0.0,-0.017999999225139618,0,1
13.47313763195416,30.364,velocity_chirp,0,1,,0.0,0.0,-0.008999999612569809,0,1
13.483271962963045,30.374,velocity_chirp,1,2,103.83767700195312,103.78378295898438,-5.3195037841796875,0.14765344560146332,1,1
13.483271962963045,30.374,velocity_chirp,1,1,-9.724358569999374,-126.9990234375,-4.541632847576693e-09,-0.03367439657449722,2,1
13.483271962963045,30.374,velocity_chirp,0,4,,0.0,-0.0,0.006000000052154064,0,1
13.483271962963045,30.374,velocity_chirp,0,1,,0.0,0.0,-0.008999999612569809,0,1
13.493059828993864,30.384,velocity_chirp,1,2,103.83767700195312,103.80355834960938,-1.1695785522460938,-0.03492886945605278,1,1
13.493059828993864,30.384,velocity_chirp,1,1,-9.724358569999374,-127.00140380859375,-1.7670373635135943e-42,-0.04666493460536003,2,1
13.493059828993864,30.384,velocity_chirp,0,4,,0.0,-0.0,-0.017999999225139618,0,1
13.493059828993864,30.384,velocity_chirp,0,1,,0.0,0.0,-0.01600000075995922,0,1
13.503109188983217,30.394,velocity_chirp,1,2,103.83767700195312,103.795166015625,-0.35476940870285034,-0.05596896633505821,1,1
13.503109188983217,30.394,velocity_chirp,1,1,-9.87194966886425,-127.013671875,-4.579072952270508,-0.04666493460536003,2,1
13.503109188983217,30.394,velocity_chirp,0,4,,0.0,-0.0,-0.017999999225139618,0,1
13.503109188983217,30.394,velocity_chirp,0,1,,0.0,0.0,-0.008999999612569809,0,1
13.513318520970643,30.404,velocity_chirp,1,2,103.83767700195312,103.79226684570312,4.020380020141602,-0.01838107779622078,1,1
13.513318520970643,30.404,velocity_chirp,1,1,-9.95904123173756,-127.0234375,-8.067560570837694e-24,-0.059305258095264435,2,1
13.513318520970643,30.404,velocity_chirp,0,4,,0.0,-0.0,-0.017999999225139618,0,1
13.513318520970643,30.404,velocity_chirp,0,1,,0.0,0.0,-0.008999999612569809,0,1
13.522823592997156,30.414,velocity_chirp,1,2,103.83767700195312,103.80355834960938,0.866719663143158,-0.10489115864038467,1,1
13.522823592997156,30.414,velocity_chirp,1,1,-9.9980972507949,-127.02581787109375,-4.871774673461914,-0.059305258095264435,2,1
13.522823592997156,30.414,velocity_chirp,0,4,,0.0,-0.0,-0.017999999225139618,0,1
13.522823592997156,30.414,velocity_chirp,0,1,,0.0,0.0,-0.008999999612569809,0,1
13.533125249959994,30.424,velocity_chirp,1,2,103.83767700195312,103.80078125,8.491510391235352,-0.13912495970726013,1,1
13.533125249959994,30.424,velocity_chirp,1,1,-9.981239344165843,-127.0283203125,-0.0,-0.06328357011079788,2,1
13.533125249959994,30.424,velocity_chirp,0,4,,0.0,-0.0,0.006000000052154064,0,1
13.533125249959994,30.424,velocity_chirp,0,1,,0.0,0.0,-0.008999999612569809,0,1
13.543154491984751,30.434,velocity_chirp,1,2,103.83767700195312,103.80929565429688,5.395370006561279,-0.24545499682426453,1,1
13.543154491984751,30.434,velocity_chirp,1,1,-9.911050976044258,-127.03564453125,-4.871774673461914,-0.061745088547468185,2,1
13.543154491984751,30.434,velocity_chirp,0,4,,0.0,-0.0,0.054999999701976776,0,1
13.543154491984751,30.434,velocity_chirp,0,1,,0.0,0.0,0.05700000002980232,0,1
13.553014914970845,30.444,velocity_chirp,1,2,103.83767700195312,103.79794311523438,-2.5624163150787354,-0.10110561549663544,1,1
13.553014914970845,30.444,velocity_chirp,1,1,-9.793760706000409,-127.06005859375,-1.8614102373248897e-05,-0.07350793480873108,2,1
13.553014914970845,30.444,velocity_chirp,0,4,,0.0,-0.0,-0.017999999225139618,0,1
13.553014914970845,30.444,velocity_chirp,0,1,,0.0,0.0,-0.07699999958276749,0,1
13.562811046955176,30.454,velocity_chirp,1,2,103.83767700195312,103.79794311523438,-0.6270896196365356,-0.15407928824424744,1,1
13.562811046955176,30.454,velocity_chirp,1,1,-9.59081470777445,-127.07470703125,-0.000595651101320982,-0.07775627076625824,2,1
13.562811046955176,30.454,velocity_chirp,0,4,,0.0,-0.0,-0.017999999225139618,0,1
13.562811046955176,30.454,velocity_chirp,0,1,,0.0,0.0,0.05700000002980232,0,1
13.573467442998663,30.465,velocity_chirp,1,2,103.83767700195312,103.795166015625,7.0833940505981445,0.01667179726064205,1,1
13.573467442998663,30.465,velocity_chirp,1,1,-9.324750492042833,-126.90606689453125,0.04371320828795433,-0.0808432549238205,2,1
13.573467442998663,30.465,velocity_chirp,0,4,,0.0,-0.0,-0.017999999225139618,0,1
13.573467442998663,30.465,velocity_chirp,0,1,,0.0,0.0,-0.0020000000949949026,0,1
13.583653991983738,30.474,velocity_chirp,1,2,103.83767700195312,103.7894287109375,0.0741989016532898,0.06852728873491287,1,1
13.583653991983738,30.474,velocity_chirp,1,1,-9.028258967493748,-127.08203125,-1.8602528143674135e-05,-0.08797355741262436,2,1
13.583653991983738,30.474,velocity_chirp,0,4,,0.0,-0.0,-0.017999999225139618,0,1
13.583653991983738,30.474,velocity_chirp,0,1,,0.0,0.0,-0.008999999612569809,0,1
13.593312152952421,30.484,velocity_chirp,1,2,103.83767700195312,103.79794311523438,6.92811918258667,0.11441642791032791,1,1
13.593312152952421,30.484,velocity_chirp,1,1,-8.694020340318527,-127.09417724609375,-2.4407286643981934,-0.09552523493766785,2,1
13.593312152952421,30.484,velocity_chirp,0,4,,0.0,-0.0,-0.017999999225139618,0,1
13.593312152952421,30.484,velocity_chirp,0,1,,0.0,0.0,-0.008999999612569809,0,1
13.602943393983878,30.494,velocity_chirp,1,2,103.83767700195312,103.81494140625,6.575165271759033,0.18047437071800232,1,1
13.602943393983878,30.494,velocity_chirp,1,1,-8.261932299521447,-127.12353515625,-0.6100956201553345,-0.09552523493766785,2,1
13.602943393983878,30.494,velocity_chirp,0,4,,0.0,-0.0,-0.017999999225139618,0,1
13.602943393983878,30.494,velocity_chirp,0,1,,0.0,0.0,-0.008999999612569809,0,1
13.6130181819899,30.504,velocity_chirp,1,2,103.83767700195312,103.80355834960938,-0.28043586015701294,0.2146560549736023,1,1
13.6130181819899,30.504,velocity_chirp,1,1,-8.261932299521447,-127.150390625,-0.6095677614212036,-0.09714926034212112,2,1
13.6130181819899,30.504,velocity_chirp,0,4,,0.0,-0.0,-0.017999999225139618,0,1
13.6130181819899,30.504,velocity_chirp,0,1,,0.0,0.0,-0.008999999612569809,0,1
13.622814183996525,30.514,velocity_chirp,1,2,103.83767700195312,103.79794311523438,-2.438549757003784,0.09342234581708908,1,1
13.622814183996525,30.514,velocity_chirp,1,1,-7.805708411487223,-127.15283203125,-0.0,-0.09714926034212112,2,1
13.622814183996525,30.514,velocity_chirp,0,4,,0.0,-0.0,-0.017999999225139618,0,1
13.622814183996525,30.514,velocity_chirp,0,1,,0.0,0.0,0.05000000074505806,0,1
13.633089980983641,30.524,velocity_chirp,1,2,103.83767700195312,103.80078125,3.775876998901367,0.25179630517959595,1,1
13.633089980983641,30.524,velocity_chirp,1,1,-7.254715111271839,-127.14544677734375,0.1524866819381714,-0.08999744057655334,2,1
13.633089980983641,30.524,velocity_chirp,0,4,,0.0,-0.0,-0.017999999225139618,0,1
13.633089980983641,30.524,velocity_chirp,0,1,,0.0,0.0,-0.0020000000949949026,0,1
13.643263735983055,30.534,velocity_chirp,1,2,103.83767700195312,103.80929565429688,-6.342689037322998,0.16426876187324524,1,1
13.643263735983055,30.534,velocity_chirp,1,1,-6.736312722819716,-127.15283203125,-1.163381057267543e-06,-0.10196691751480103,2,1
13.643263735983055,30.534,velocity_chirp,0,4,,0.0,-0.0,-0.017999999225139618,0,1
13.643263735983055,30.534,velocity_chirp,0,1,,0.0,0.0,-0.008999999612569809,0,1
13.653243433975149,30.544,velocity_chirp,1,2,103.83767700195312,103.82345581054688,-2.64036226272583,0.06909221410751343,1,1
13.653243433975149,30.544,velocity_chirp,1,1,-6.192026968964254,-127.1748046875,-4.808621406555176,-0.10196691751480103,2,1
13.653243433975149,30.544,velocity_chirp,0,4,,0.0,-0.0,0.006000000052154064,0,1
13.653243433975149,30.544,velocity_chirp,0,1,,0.0,0.0,-0.008999999612569809,0,1
13.662870787957218,30.554,velocity_chirp,1,2,103.83767700195312,103.84613037109375,-1.8807311058044434,-0.02660488523542881,1,1
13.662870787957218,30.554,velocity_chirp,1,1,-5.498756728885088,-127.21142578125,-4.87599515914917,-0.10906339436769485,2,1
13.662870787957218,30.554,velocity_chirp,0,4,,0.0,-0.0,-0.017999999225139618,0,1
13.662870787957218,30.554,velocity_chirp,0,1,,0.0,0.0,-0.07699999958276749,0,1
13.673398630984593,30.564,velocity_chirp,1,2,103.83767700195312,103.84613037109375,-2.5889976024627686,0.04086065664887428,1,1
13.673398630984593,30.564,velocity_chirp,1,1,-4.792873991931732,-127.08203125,-4.677313327789307,-0.10294414311647415,2,1
13.673398630984593,30.564,velocity_chirp,0,4,,0.0,-0.0,0.054999999701976776,0,1
13.673398630984593,30.564,velocity_chirp,0,1,,0.0,0.0,-0.008999999612569809,0,1
13.68348593194969,30.574,velocity_chirp,1,2,103.83767700195312,103.83767700195312,-2.6270663738250732,0.11804059147834778,1,1
13.68348593194969,30.574,velocity_chirp,1,1,-4.124206555429451,-127.08203125,4.852166175842285,-0.08760789781808853,2,1
13.68348593194969,30.574,velocity_chirp,0,4,,0.0,-0.0,0.006000000052154064,0,1
13.68348593194969,30.574,velocity_chirp,0,1,,0.0,0.0,-0.008999999612569809,0,1
13.693416948954109,30.584,velocity_chirp,1,2,103.83767700195312,103.84896850585938,5.662320613861084,0.16712462902069092,1,1
13.693416948954109,30.584,velocity_chirp,1,1,-3.43568358899534,-127.24072265625,5.547433172548022e-13,-0.07757438719272614,2,1
13.693416948954109,30.584,velocity_chirp,0,4,,0.0,-0.0,0.03200000151991844,0,1
13.693416948954109,30.584,velocity_chirp,0,1,,0.0,0.0,0.05700000002980232,0,1
13.702805390988942,30.594,velocity_chirp,1,2,103.83767700195312,103.83477783203125,4.844635009765625,0.11182498931884766,1,1
13.702805390988942,30.594,velocity_chirp,1,1,-2.650319565420862,-127.24554443359375,-1.219893455505371,-0.07757438719272614,2,1
13.702805390988942,30.594,velocity_chirp,0,4,,0.0,-0.0,0.006000000052154064,0,1
13.702805390988942,30.594,velocity_chirp,0,1,,0.0,0.0,-0.008999999612569809,0,1
13.713177600991912,30.604,velocity_chirp,1,2,103.83767700195312,103.83477783203125,11.170417785644531,-0.0162191204726696,1,1
13.713177600991912,30.604,velocity_chirp,1,1,-2.650319565420862,-127.25537109375,-4.229725196563353e-18,-0.11490639299154282,2,1
13.713177600991912,30.604,velocity_chirp,0,4,,0.0,-0.0,-0.017999999225139618,0,1
13.713177600991912,30.604,velocity_chirp,0,1,,0.0,0.0,-0.008999999612569809,0,1
13.72283849696396,30.614,velocity_chirp,1,2,103.83767700195312,103.83767700195312,8.045633316040039,0.05018230900168419,1,1
13.72283849696396,30.614,velocity_chirp,1,1,-1.898297050289939,-127.2578125,-2.463555214292877e-28,-0.11490639299154282,2,1
13.72283849696396,30.614,velocity_chirp,0,4,,0.0,-0.0,0.006000000052154064,0,1
13.72283849696396,30.614,velocity_chirp,0,1,,0.0,0.0,-0.008999999612569809,0,1
13.733219042944256,30.624,velocity_chirp,1,2,103.83767700195312,103.83477783203125,4.093344211578369,0.08157631009817123,1,1
13.733219042944256,30.624,velocity_chirp,1,1,-1.0726303892697777,-127.26019287109375,-0.0,-0.12702412903308868,2,1
13.733219042944256,30.624,velocity_chirp,0,4,,0.0,-0.0,-0.017999999225139618,0,1
13.733219042944256,30.624,velocity_chirp,0,1,,0.0,0.0,-0.01600000075995922,0,1
13.743102989974432,30.634,velocity_chirp,1,2,103.83767700195312,103.82623291015625,-6.298494338989258,0.11235469579696655,1,1
13.743102989974432,30.634,velocity_chirp,1,1,-0.33238474787620237,-127.267578125,-9.086090102528033e-09,-0.15124893188476562,2,1
13.743102989974432,30.634,velocity_chirp,0,4,,0.0,-0.0,-0.017999999225139618,0,1
13.743102989974432,30.634,velocity_chirp,0,1,,0.0,0.0,-0.01600000075995922,0,1
13.753460291947704,30.644,velocity_chirp,1,2,103.83767700195312,103.84329223632812,8.325776100158691,0.04845525324344635,1,1
13.753460291947704,30.644,velocity_chirp,1,1,0.5150732817108719,-127.26995849609375,-0.0011905618011951447,-0.15684562921524048,2,1
13.753460291947704,30.644,velocity_chirp,0,4,,0.0,-0.0,0.006000000052154064,0,1
13.753460291947704,30.644,velocity_chirp,0,1,,0.0,0.0,-0.008999999612569809,0,1
13.762873780971859,30.654,velocity_chirp,1,2,103.83767700195312,103.83767700195312,-5.993410587310791,-0.022091738879680634,1,1
13.762873780971859,30.654,velocity_chirp,1,1,1.2535380597592116,-127.26995849609375,-0.0,-0.16093173623085022,2,1
13.762873780971859,30.654,velocity_chirp,0,4,,0.0,-0.0,0.006000000052154064,0,1
13.762873780971859,30.654,velocity_chirp,0,1,,0.0,0.0,0.05700000002980232,0,1
13.773531629994977,30.664,velocity_chirp,1,2,103.83767700195312,103.83477783203125,3.798964738845825,0.22131086885929108,1,1
13.773531629994977,30.664,velocity_chirp,1,1,2.0642877763764726,-127.2724609375,-9.39771733967925e-34,-0.16453509032726288,2,1
13.773531629994977,30.664,velocity_chirp,0,4,,0.0,-0.0,-0.017999999225139618,0,1
13.773531629994977,30.664,velocity_chirp,0,1,,0.0,0.0,0.05700000002980232,0,1
13.78317294997396,30.674,velocity_chirp,1,2,103.83767700195312,103.84613037109375,-1.299224615097046,-0.023038843646645546,1,1
13.78317294997396,30.674,velocity_chirp,1,1,2.795970673727584,-127.2724609375,-0.0,-0.16453509032726288,2,1
13.78317294997396,30.674,velocity_chirp,0,4,,0.0,-0.0,-0.06599999964237213,0,1
13.78317294997396,30.674,velocity_chirp,0,1,,0.0,0.0,0.05000000074505806,0,1
13.792969511996489,30.684,velocity_chirp,1,2,103.83767700195312,103.83197021484375,2.4142634868621826,0.02175273559987545,1,1
13.792969511996489,30.684,velocity_chirp,1,1,3.59860107174243,-127.2724609375,-0.0,-0.16984771192073822,2,1
13.792969511996489,30.684,velocity_chirp,0,4,,0.0,-0.0,0.03200000151991844,0,1
13.792969511996489,30.684,velocity_chirp,0,1,,0.0,0.0,-0.008999999612569809,0,1
13.80284263996873,30.694,velocity_chirp,1,2,103.83767700195312,103.84329223632812,-0.377541720867157,-0.057982489466667175,1,1
13.80284263996873,30.694,velocity_chirp,1,1,3.59860107174243,-127.2724609375,-0.0,-0.16984771192073822,2,1
13.80284263996873,30.694,velocity_chirp,0,4,,0.0,-0.0,0.03200000151991844,0,1
13.80284263996873,30.694,velocity_chirp,0,1,,0.0,0.0,0.05700000002980232,0,1
13.812976608984172,30.704,velocity_chirp,1,2,103.83767700195312,103.83197021484375,4.115284442901611,-0.1248006671667099,1,1
13.812976608984172,30.704,velocity_chirp,1,1,4.302124779700873,-127.27490234375,-1.3969544390854101e-41,-0.1740507334470749,2,1
13.812976608984172,30.704,velocity_chirp,0,4,,0.0,-0.0,0.054999999701976776,0,1
13.812976608984172,30.704,velocity_chirp,0,1,,0.0,0.0,-0.008999999612569809,0,1
13.822832243982702,30.714,velocity_chirp,1,2,103.83767700195312,103.82623291015625,3.5808703899383545,-0.22755199670791626,1,1
13.822832243982702,30.714,velocity_chirp,1,1,4.942766601584431,-127.27490234375,0.04371320828795433,-0.1740507334470749,2,1
13.822832243982702,30.714,velocity_chirp,0,4,,0.0,-0.0,-0.017999999225139618,0,1
13.822832243982702,30.714,velocity_chirp,0,1,,0.0,0.0,0.05000000074505806,0,1
13.833453151979484,30.724,velocity_chirp,1,2,103.83767700195312,103.82623291015625,-3.747373580932617,0.06953753530979156,1,1
13.833453151979484,30.724,velocity_chirp,1,1,5.674556442410832,-127.27490234375,0.04371320828795433,-0.16813631355762482,2,1
13.833453151979484,30.724,velocity_chirp,0,4,,0.0,-0.0,0.054999999701976776,0,1
13.833453151979484,30.724,velocity_chirp,0,1,,0.0,0.0,-0.008999999612569809,0,1
13.84287624998251,30.734,velocity_chirp,1,2,103.83767700195312,103.83477783203125,8.308212280273438,0.10052824765443802,1,1
13.84287624998251,30.734,velocity_chirp,1,1,6.28469270045181,-127.27490234375,-0.0,-0.1681809276342392,2,1
13.84287624998251,30.734,velocity_chirp,0,4,,0.0,-0.0,-0.0430000014603138,0,1
13.84287624998251,30.734,velocity_chirp,0,1,,0.0,0.0,-0.008999999612569809,0,1
13.853496577998158,30.744,velocity_chirp,1,2,103.83767700195312,103.82623291015625,-1.3848257064819336,0.17730621993541718,1,1
13.853496577998158,30.744,velocity_chirp,1,1,6.9035974155135715,-127.27490234375,-0.0,-0.16231444478034973,2,1
13.853496577998158,30.744,velocity_chirp,0,4,,0.0,-0.0,0.006000000052154064,0,1
13.853496577998158,30.744,velocity_chirp,0,1,,0.0,0.0,-0.008999999612569809,0,1
13.863174325961154,30.754,velocity_chirp,1,2,103.83767700195312,103.83767700195312,8.030776023864746,0.20271654427051544,1,1
13.863174325961154,30.754,velocity_chirp,1,1,7.436655196182934,-127.27490234375,-0.0,-0.16231444478034973,2,1
13.863174325961154,30.754,velocity_chirp,0,4,,0.0,-0.0,-0.017999999225139618,0,1
13.863174325961154,30.754,velocity_chirp,0,1,,0.0,0.0,-0.008999999612569809,0,1
13.873579146980774,30.765,velocity_chirp,1,2,103.83767700195312,103.84051513671875,-3.880786895751953,0.016414867714047432,1,1
13.873579146980774,30.765,velocity_chirp,1,1,7.975402424611944,-127.10400390625,0.04371320828795433,-0.13800010085105896,2,1
13.873579146980774,30.765,velocity_chirp,0,4,,0.0,-0.0,0.03200000151991844,0,1
13.873579146980774,30.765,velocity_chirp,0,1,,0.0,0.0,-0.008999999612569809,0,1
13.883421506965533,30.774,velocity_chirp,1,2,103.83767700195312,103.83477783203125,7.626407146453857,0.05968035012483597,1,1
13.883421506965533,30.774,velocity_chirp,1,1,8.40153758711072,-127.26995849609375,6.771769009458035e-17,-0.13800010085105896,2,1
13.883421506965533,30.774,velocity_chirp,0,4,,0.0,-0.0,-0.017999999225139618,0,1
13.883421506965533,30.774,velocity_chirp,0,1,,0.0,0.0,-0.008999999612569809,0,1
13.893316053960007,30.784,velocity_chirp,1,2,103.83767700195312,103.81494140625,-0.17439596354961395,0.18901804089546204,1,1
13.893316053960007,30.784,velocity_chirp,1,1,8.770465532643971,-127.26995849609375,-0.0,-0.12441468238830566,2,1
13.893316053960007,30.784,velocity_chirp,0,4,,0.0,-0.0,0.03200000151991844,0,1
13.893316053960007,30.784,velocity_chirp,0,1,,0.0,0.0,-0.008999999612569809,0,1
13.903028006956447,30.794,velocity_chirp,1,2,103.83767700195312,103.82623291015625,0.39342740178108215,0.08363577723503113,1,1
13.903028006956447,30.794,velocity_chirp,1,1,9.146371753042034,-127.267578125,4.924048199974179e-28,-0.12441468238830566,2,1
13.903028006956447,30.794,velocity_chirp,0,4,,0.0,-0.0,0.006000000052154064,0,1
13.903028006956447,30.794,velocity_chirp,0,1,,0.0,0.0,-0.008999999612569809,0,1
13.913316257996485,30.804,velocity_chirp,1,2,103.83767700195312,103.82623291015625,-10.047056198120117,0.1138986349105835,1,1
13.913316257996485,30.804,velocity_chirp,1,1,9.146371753042034,-127.267578125,9.61306381225586,-0.10771326720714569,2,1
13.913316257996485,30.804,velocity_chirp,0,4,,0.0,-0.0,-0.017999999225139618,0,1
13.913316257996485,30.804,velocity_chirp,0,1,,0.0,0.0,-0.008999999612569809,0,1
13.923014656000305,30.814,velocity_chirp,1,2,103.83767700195312,103.81784057617188,-0.9562451243400574,0.03126102313399315,1,1
13.923014656000305,30.814,velocity_chirp,1,1,9.444319079124,-127.26019287109375,6.306701348589765e-26,-0.10771326720714569,2,1
13.923014656000305,30.814,velocity_chirp,0,4,,0.0,-0.0,0.006000000052154064,0,1
13.923014656000305,30.814,velocity_chirp,0,1,,0.0,0.0,0.05700000002980232,0,1
13.933094422973227,30.824,velocity_chirp,1,2,103.83767700195312,103.82345581054688,3.6254165172576904,0.22728997468948364,1,1
13.933094422973227,30.824,velocity_chirp,1,1,9.692313086162393,-127.26019287109375,-0.0,-0.09359201788902283,2,1
13.933094422973227,30.824,velocity_chirp,0,4,,0.0,-0.0,0.03200000151991844,0,1
13.933094422973227,30.824,velocity_chirp,0,1,,0.0,0.0,-0.008999999612569809,0,1
13.942904861993156,30.834,velocity_chirp,1,2,103.83767700195312,103.82623291015625,9.190057754516602,0.08668317645788193,1,1
13.942904861993156,30.834,velocity_chirp,1,1,9.8448965306118,-127.2578125,4.541632847576693e-09,-0.09583132714033127,2,1
13.942904861993156,30.834,velocity_chirp,0,4,,0.0,-0.0,0.006000000052154064,0,1
13.942904861993156,30.834,velocity_chirp,0,1,,0.0,0.0,-0.07699999958276749,0,1
13.953328928968403,30.844,velocity_chirp,1,2,103.83767700195312,103.82345581054688,3.5404558181762695,0.17525558173656464,1,1
13.953328928968403,30.844,velocity_chirp,1,1,9.958779363245231,-127.25537109375,1.433976464253179e-38,-0.08300159871578217,2,1
13.953328928968403,30.844,velocity_chirp,0,4,,0.0,-0.0,-0.017999999225139618,0,1
13.953328928968403,30.844,velocity_chirp,0,1,,0.0,0.0,-0.008999999612569809,0,1
13.963297155976761,30.854,velocity_chirp,1,2,103.83767700195312,103.82345581054688,2.3080577850341797,0.05793828144669533,1,1
13.963297155976761,30.854,velocity_chirp,1,1,9.9989640516771,-127.2529296875,9.083265695153386e-09,-0.08300159871578217,2,1
13.963297155976761,30.854,velocity_chirp,0,4,,0.0,-0.0,0.03200000151991844,0,1
13.963297155976761,30.854,velocity_chirp,0,1,,0.0,0.0,-0.008999999612569809,0,1
13.973517238977365,30.864,velocity_chirp,1,2,103.83767700195312,103.83197021484375,-0.9798007011413574,0.06069555506110191,1,1
13.973517238977365,30.864,velocity_chirp,1,1,9.972724089718543,-127.24554443359375,0.001191302202641964,-0.05686194822192192,2,1
13.973517238977365,30.864,velocity_chirp,0,4,,0.0,-0.0,-0.017999999225139618,0,1
13.973517238977365,30.864,velocity_chirp,0,1,,0.0,0.0,-0.008999999612569809,0,1
13.98349293897627,30.874,velocity_chirp,1,2,103.83767700195312,103.81784057617188,-0.8298985958099365,0.0571272149682045,1,1
13.98349293897627,30.874,velocity_chirp,1,1,9.89158330163615,-127.22357177734375,1.2198941707611084,-0.05686194822192192,2,1
13.98349293897627,30.874,velocity_chirp,0,4,,0.0,-0.0,0.006000000052154064,0,1
13.98349293897627,30.874,velocity_chirp,0,1,,0.0,0.0,-0.008999999612569809,0,1
13.993165447958745,30.884,velocity_chirp,1,2,103.83767700195312,103.81784057617188,8.988360404968262,0.10664747655391693,1,1
13.993165447958745,30.884,velocity_chirp,1,1,9.724294596585796,-127.20654296875,4.871774673461914,-0.05067772418260574,2,1
13.993165447958745,30.884,velocity_chirp,0,4,,0.0,-0.0,-0.017999999225139618,0,1
13.993165447958745,30.884,velocity_chirp,0,1,,0.0,0.0,-0.0020000000949949026,0,1
14.002895114943385,30.894,velocity_chirp,1,2,103.83767700195312,103.82623291015625,1.1839053630828857,-0.03267808258533478,1,1
14.002895114943385,30.894,velocity_chirp,1,1,9.724294596585796,-127.2041015625,-0.0,-0.05067772418260574,2,1
14.002895114943385,30.894,velocity_chirp,0,4,,0.0,-0.0,-0.017999999225139618,0,1
14.002895114943385,30.894,velocity_chirp,0,1,,0.0,0.0,-0.008999999612569809,0,1
14.01306427095551,30.904,velocity_chirp,1,2,103.83767700195312,103.83197021484375,-5.807224273681641,-0.05784551054239273,1,1
14.01306427095551,30.904,velocity_chirp,1,1,9.518471094354986,-127.20892333984375,-8.266319591623577e-21,-0.05699506029486656,2,1
14.01306427095551,30.904,velocity_chirp,0,4,,0.0,-0.0,0.006000000052154064,0,1
14.01306427095551,30.904,velocity_chirp,0,1,,0.0,0.0,0.05700000002980232,0,1
14.022799076978117,30.914,velocity_chirp,1,2,103.83767700195312,103.82345581054688,-2.3283276557922363,0.035582371056079865,1,1
14.022799076978117,30.914,velocity_chirp,1,1,9.266354286156536,-127.20159912109375,2.326762114535086e-06,-0.05699506029486656,2,1
14.022799076978117,30.914,velocity_chirp,0,4,,0.0,-0.0,-0.017999999225139618,0,1
14.022799076978117,30.914,velocity_chirp,0,1,,0.0,0.0,-0.008999999612569809,0,1
14.033231108973268,30.924,velocity_chirp,1,2,103.83767700195312,103.851806640625,6.498856544494629,-0.014352761209011078,1,1
14.033231108973268,30.924,velocity_chirp,1,1,8.905811541181034,-127.1845703125,4.653524683817523e-06,-0.043765682727098465,2,1
14.033231108973268,30.924,velocity_chirp,0,4,,0.0,-0.0,-0.017999999225139618,0,1
14.033231108973268,30.924,velocity_chirp,0,1,,0.0,0.0,-0.008999999612569809,0,1
14.042888478958048,30.934,velocity_chirp,1,2,103.83767700195312,103.83477783203125,-7.496081829071045,-0.12669777870178223,1,1
14.042888478958048,30.934,velocity_chirp,1,1,8.537526663365426,-127.1650390625,4.728804588317871,-0.040597423911094666,2,1
14.042888478958048,30.934,velocity_chirp,0,4,,0.0,-0.0,0.006000000052154064,0,1
14.042888478958048,30.934,velocity_chirp,0,1,,0.0,0.0,-0.008999999612569809,0,1
14.053361718950327,30.944,velocity_chirp,1,2,103.83767700195312,103.83477783203125,6.355127811431885,0.11953383684158325,1,1
14.053361718950327,30.944,velocity_chirp,1,1,8.05159308062966,-127.14306640625,0.009524494409561157,-0.04276693984866142,2,1
14.053361718950327,30.944,velocity_chirp,0,4,,0.0,-0.0,-0.017999999225139618,0,1
14.053361718950327,30.944,velocity_chirp,0,1,,0.0,0.0,-0.008999999612569809,0,1
14.063082238950301,30.954,velocity_chirp,1,2,103.83767700195312,103.84329223632812,3.635880708694458,0.27131083607673645,1,1
14.063082238950301,30.954,velocity_chirp,1,1,7.573761135568913,-127.14788818359375,-3.550357230430734e-11,-0.04276693984866142,2,1
14.063082238950301,30.954,velocity_chirp,0,4,,0.0,-0.0,0.006000000052154064,0,1
14.063082238950301,30.954,velocity_chirp,0,1,,0.0,0.0,-0.008999999612569809,0,1
14.073730398959015,30.965,velocity_chirp,1,2,103.83767700195312,103.84329223632812,4.475904941558838,0.22926148772239685,1,1
14.073730398959015,30.965,velocity_chirp,1,1,6.980193409020162,-126.97198486328125,0.04371320828795433,-0.040399760007858276,2,1
14.073730398959015,30.965,velocity_chirp,0,4,,0.0,-0.0,-0.017999999225139618,0,1
14.073730398959015,30.965,velocity_chirp,0,1,,0.0,0.0,-0.008999999612569809,0,1
14.083250859985128,30.974,velocity_chirp,1,2,103.83767700195312,103.85467529296875,1.1728090047836304,0.11199714243412018,1,1
14.083250859985128,30.974,velocity_chirp,1,1,6.401177484592998,-127.13330078125,0.004762256518006325,-0.040399760007858276,2,1
14.083250859985128,30.974,velocity_chirp,0,4,,0.0,-0.0,0.006000000052154064,0,1
14.083250859985128,30.974,velocity_chirp,0,1,,0.0,0.0,-0.0020000000949949026,0,1
14.092964866955299,30.984,velocity_chirp,1,2,103.83767700195312,103.85467529296875,3.8284783363342285,0.10937002301216125,1,1
14.092964866955299,30.984,velocity_chirp,1,1,5.735009562957762,-127.1064453125,0.07624363899230957,-0.02015767991542816,2,1
14.092964866955299,30.984,velocity_chirp,0,4,,0.0,-0.0,-0.20100000500679016,0,1
14.092964866955299,30.984,velocity_chirp,0,1,,0.0,0.0,-0.008999999612569809,0,1
14.102837513957638,30.994,velocity_chirp,1,2,103.83767700195312,103.84896850585938,-4.0900492668151855,0.0133211025968194,1,1
14.102837513957638,30.994,velocity_chirp,1,1,5.735009562957762,-127.08203125,4.871774673461914,-0.02015767991542816,2,1
14.102837513957638,30.994,velocity_chirp,0,4,,0.0,-0.0,-0.017999999225139618,0,1
14.102837513957638,30.994,velocity_chirp,0,1,,0.0,0.0,0.05700000002980232,0,1
14.11325382697396,31.004,velocity_chirp,1,2,103.83767700195312,103.84329223632812,-3.3512978553771973,0.038538746535778046,1,1
14.11325382697396,31.004,velocity_chirp,1,1,5.067637716955309,-127.08203125,-9.301264071837068e-06,-0.03345135226845741,2,1
14.11325382697396,31.004,velocity_chirp,0,4,,0.0,-0.0,-0.017999999225139618,0,1
14.11325382697396,31.004,velocity_chirp,0,1,,0.0,0.0,-0.008999999612569809,0,1
14.12280713999644,31.014,velocity_chirp,1,2,103.83767700195312,103.82913208007812,-0.7357199788093567,0.08199310302734375,1,1
14.12280713999644,31.014,velocity_chirp,1,1,4.392127862881102,-127.08685302734375,-0.0,-0.03345135226845741,2,1
14.12280713999644,31.014,velocity_chirp,0,4,,0.0,-0.0,0.03200000151991844,0,1
14.12280713999644,31.014,velocity_chirp,0,1,,0.0,0.0,-0.008999999612569809,0,1
14.133390347997192,31.024,velocity_chirp,1,2,103.83767700195312,103.83477783203125,-1.018791675567627,0.024275580421090126,1,1
14.133390347997192,31.024,velocity_chirp,1,1,3.603077724190327,-127.08447265625,4.865264892578125,-0.03495030850172043,2,1
14.133390347997192,31.024,velocity_chirp,0,4,,0.0,-0.0,-0.017999999225139618,0,1
14.133390347997192,31.024,velocity_chirp,0,1,,0.0,0.0,-0.008999999612569809,0,1
14.143153316981625,31.034,velocity_chirp,1,2,103.83767700195312,103.83767700195312,-8.52256965637207,0.06794234365224838,1,1
14.143153316981625,31.034,velocity_chirp,1,1,2.8682611026787903,-127.072265625,0.009530418552458286,-0.024718141183257103,2,1
14.143153316981625,31.034,velocity_chirp,0,4,,0.0,-0.0,-0.017999999225139618,0,1
14.143153316981625,31.034,velocity_chirp,0,1,,0.0,0.0,-0.008999999612569809,0,1
14.153394288965501,31.044,velocity_chirp,1,2,103.83767700195312,103.84051513671875,-3.2494359016418457,0.15306904911994934,1,1
14.153394288965501,31.044,velocity_chirp,1,1,2.021856492734093,-127.05029296875,4.8717756271362305,-0.009172367863357067,2,1
14.153394288965501,31.044,velocity_chirp,0,4,,0.0,-0.0,0.006000000052154064,0,1
14.153394288965501,31.044,velocity_chirp,0,1,,0.0,0.0,-0.01600000075995922,0,1
14.163256374944467,31.054,velocity_chirp,1,2,103.83767700195312,103.83477783203125,-13.169228553771973,-0.06393832713365555,1,1
14.163256374944467,31.054,velocity_chirp,1,1,1.2746445889579605,-127.03564453125,1.1087970819279036e-12,-0.009172367863357067,2,1
14.163256374944467,31.054,velocity_chirp,0,4,,0.0,-0.0,-0.017999999225139618,0,1
14.163256374944467,31.054,velocity_chirp,0,1,,0.0,0.0,-0.008999999612569809,0,1
14.173455637996085,31.064,velocity_chirp,1,2,103.83767700195312,103.82345581054688,-7.6813764572143555,0.13228154182434082,1,1
14.173455637996085,31.064,velocity_chirp,1,1,0.3871086534474996,-127.03564453125,-2.4382705688476562,-0.017882997170090675,2,1
14.173455637996085,31.064,velocity_chirp,0,4,,0.0,-0.0,-0.017999999225139618,0,1
14.173455637996085,31.064,velocity_chirp,0,1,,0.0,0.0,-0.0020000000949949026,0,1
14.183148434967734,31.074,velocity_chirp,1,2,103.83767700195312,103.82345581054688,5.988500118255615,0.16669997572898865,1,1
14.183148434967734,31.074,velocity_chirp,1,1,-0.3620454101210046,-127.0380859375,-0.0,-0.017882997170090675,2,1
14.183148434967734,31.074,velocity_chirp,0,4,,0.0,-0.0,0.03200000151991844,0,1
14.183148434967734,31.074,velocity_chirp,0,1,,0.0,0.0,-0.008999999612569809,0,1
14.193275341996923,31.084,velocity_chirp,1,2,103.83767700195312,103.81784057617188,-4.585104465484619,0.08211354911327362,1,1
14.193275341996923,31.084,velocity_chirp,1,1,-1.2410545653203198,-127.0380859375,-0.0,-0.008348238654434681,2,1
14.193275341996923,31.084,velocity_chirp,0,4,,0.0,-0.0,-0.017999999225139618,0,1
14.193275341996923,31.084,velocity_chirp,0,1,,0.0,0.0,-0.008999999612569809,0,1
14.2029075739556,31.094,velocity_chirp,1,2,103.83767700195312,103.84896850585938,4.9072394371032715,0.08858822286128998,1,1
14.2029075739556,31.094,velocity_chirp,1,1,-1.9780054334097201,-127.03314208984375,4.871774673461914,-0.008348238654434681,2,1
14.2029075739556,31.094,velocity_chirp,0,4,,0.0,-0.0,0.03200000151991844,0,1
14.2029075739556,31.094,velocity_chirp,0,1,,0.0,0.0,-0.008999999612569809,0,1
14.213062783994246,31.104,velocity_chirp,1,2,103.83767700195312,103.83477783203125,7.401125907897949,-0.002436915412545204,1,1
14.213062783994246,31.104,velocity_chirp,1,1,-1.9780054334097201,-127.0185546875,0.1524866819381714,0.0004032741126138717,2,1
14.213062783994246,31.104,velocity_chirp,0,4,,0.0,-0.0,-0.017999999225139618,0,1
14.213062783994246,31.104,velocity_chirp,0,1,,0.0,0.0,-0.008999999612569809,0,1
14.222826434997842,31.114,velocity_chirp,1,2,103.83767700195312,103.82623291015625,-8.141013145446777,0.1400177776813507,1,1
14.222826434997842,31.114,velocity_chirp,1,1,-2.754361480679706,-127.0087890625,8.875893076076835e-12,0.0004032741126138717,2,1
14.222826434997842,31.114,velocity_chirp,0,4,,0.0,-0.0,-0.017999999225139618,0,1
14.222826434997842,31.114,velocity_chirp,0,1,,0.0,0.0,-0.008999999612569809,0,1
14.233346192981116,31.124,velocity_chirp,1,2,103.83767700195312,103.82345581054688,6.3613810539245605,0.350326806306839,1,1
14.233346192981116,31.124,velocity_chirp,1,1,-3.5932503228579393,-127.0087890625,-2.442172050476074,-0.0012806202284991741,2,1
14.233346192981116,31.124,velocity_chirp,0,4,,0.0,-0.0,0.006000000052154064,0,1
14.233346192981116,31.124,velocity_chirp,0,1,,0.0,0.0,-0.008999999612569809,0,1
14.242951243999414,31.134,velocity_chirp,1,2,103.83767700195312,103.83767700195312,10.13612174987793,0.16699256002902985,1,1
14.242951243999414,31.134,velocity_chirp,1,1,-4.317029850757422,-127.013671875,-3.2270242283350777e-23,-0.010149776935577393,2,1
14.242951243999414,31.134,velocity_chirp,0,4,,0.0,-0.0,-0.017999999225139618,0,1
14.242951243999414,31.134,velocity_chirp,0,1,,0.0,0.0,-0.008999999612569809,0,1
14.253416187944822,31.144,velocity_chirp,1,2,103.83767700195312,103.84613037109375,0.47192421555519104,-0.16882282495498657,1,1
14.253416187944822,31.144,velocity_chirp,1,1,-5.079087399816217,-127.013671875,-0.0,-0.008327527903020382,2,1
14.253416187944822,31.144,velocity_chirp,0,4,,0.0,-0.0,-0.017999999225139618,0,1
14.253416187944822,31.144,velocity_chirp,0,1,,0.0,0.0,-0.008999999612569809,0,1
14.263246334972791,31.154,velocity_chirp,1,2,103.83767700195312,103.85467529296875,4.412837028503418,-0.2360115796327591,1,1
14.263246334972791,31.154,velocity_chirp,1,1,-5.745485451123838,-127.01123046875,-0.0,-0.008327527903020382,2,1
14.263246334972791,31.154,velocity_chirp,0,4,,0.0,-0.0,0.03200000151991844,0,1
14.263246334972791,31.154,velocity_chirp,0,1,,0.0,0.0,0.05700000002980232,0,1
14.273331852979027,31.164,velocity_chirp,1,2,103.83767700195312,103.86318969726562,-5.4742560386657715,-0.10979977250099182,1,1
14.273331852979027,31.164,velocity_chirp,1,1,-6.447138758790492,-126.84014892578125,0.04371320828795433,-0.012221128679811954,2,1
14.273331852979027,31.164,velocity_chirp,0,4,,0.0,-0.0,-0.017999999225139618,0,1
14.273331852979027,31.164,velocity_chirp,0,1,,0.0,0.0,-0.008999999612569809,0,1
14.282860088977031,31.174,velocity_chirp,1,2,103.83767700195312,103.851806640625,-3.104505777359009,0.1275392472743988,1,1
14.282860088977031,31.174,velocity_chirp,1,1,-7.104190699873854,-127.013671875,-0.0,-0.012221128679811954,2,1
14.282860088977031,31.174,velocity_chirp,0,4,,0.0,-0.0,0.006000000052154064,0,1
14.282860088977031,31.174,velocity_chirp,0,1,,0.0,0.0,-0.008999999612569809,0,1
14.293118573958054,31.184,velocity_chirp,1,2,103.83767700195312,103.8603515625,9.158555030822754,0.014626049436628819,1,1
14.293118573958054,31.184,velocity_chirp,1,1,-7.104190699873854,-127.01605224609375,-0.0,-0.017681848257780075,2,1
14.293118573958054,31.184,velocity_chirp,0,4,,0.0,-0.0,-0.017999999225139618,0,1
14.293118573958054,31.184,velocity_chirp,0,1,,0.0,0.0,-0.008999999612569809,0,1
14.303254526981618,31.194,velocity_chirp,1,2,103.83767700195312,103.84896850585938,3.8356072902679443,0.04284154251217842,1,1
14.303254526981618,31.194,velocity_chirp,1,1,-7.66054377957622,-127.0185546875,-0.30478382110595703,-0.02325309067964554,2,1
14.303254526981618,31.194,velocity_chirp,0,4,,0.0,-0.0,-0.04100000113248825,0,1
14.303254526981618,31.194,velocity_chirp,0,1,,0.0,0.0,-0.0020000000949949026,0,1
14.313328432966955,31.204,velocity_chirp,1,2,103.83767700195312,103.84329223632812,11.710382461547852,-0.04409989342093468,1,1
14.313328432966955,31.204,velocity_chirp,1,1,-8.125253078915769,-127.0185546875,-0.0,-0.026145806536078453,2,1
14.313328432966955,31.204,velocity_chirp,0,4,,0.0,-0.0,0.054999999701976776,0,1
14.313328432966955,31.204,velocity_chirp,0,1,,0.0,0.0,-0.008999999612569809,0,1
14.323244491999503,31.214,velocity_chirp,1,2,103.83767700195312,103.84329223632812,-2.531066417694092,-0.07863987237215042,1,1
14.323244491999503,31.214,velocity_chirp,1,1,-8.539148152797932,-127.0234375,-1.4192602648677166e-10,-0.026145806536078453,2,1
14.323244491999503,31.214,velocity_chirp,0,4,,0.0,-0.0,0.006000000052154064,0,1
14.323244491999503,31.214,velocity_chirp,0,1,,0.0,0.0,-0.008999999612569809,0,1
14.33313400996849,31.224,velocity_chirp,1,2,103.83767700195312,103.84896850585938,4.467950820922852,0.07357439398765564,1,1
14.33313400996849,31.224,velocity_chirp,1,1,-8.976805811890499,-127.0283203125,3.6609811782836914,-0.03379933536052704,2,1
14.33313400996849,31.224,velocity_chirp,0,4,,0.0,-0.0,-0.017999999225139618,0,1
14.33313400996849,31.224,velocity_chirp,0,1,,0.0,0.0,0.05700000002980232,0,1
14.342806898988783,31.234,velocity_chirp,1,2,103.83767700195312,103.84051513671875,-1.7329394817352295,-0.0024080253206193447,1,1
14.342806898988783,31.234,velocity_chirp,1,1,-9.334682414897735,-127.0283203125,0.04371320828795433,-0.03231905773282051,2,1
14.342806898988783,31.234,velocity_chirp,0,4,,0.0,-0.0,-0.017999999225139618,0,1
14.342806898988783,31.234,velocity_chirp,0,1,,0.0,0.0,-0.008999999612569809,0,1
14.35334473097464,31.244,velocity_chirp,1,2,103.83767700195312,103.84329223632812,11.01115894317627,-0.07898594439029694,1,1
14.35334473097464,31.244,velocity_chirp,1,1,-9.615524936380908,-127.03564453125,-1.219893455505371,-0.051994577050209045,2,1
14.35334473097464,31.244,velocity_chirp,0,4,,0.0,-0.0,0.054999999701976776,0,1
14.35334473097464,31.244,velocity_chirp,0,1,,0.0,0.0,-0.008999999612569809,0,1
14.363381717994343,31.255,velocity_chirp,1,2,103.83767700195312,103.82913208007812,-1.1507631540298462,0.03887968137860298,1,1
14.363381717994343,31.255,velocity_chirp,1,1,-9.80122173176117,-126.88409423828125,0.04371320828795433,-0.06035936251282692,2,1
14.363381717994343,31.255,velocity_chirp,0,4,,0.0,-0.0,0.03200000151991844,0,1
14.363381717994343,31.255,velocity_chirp,0,1,,0.0,0.0,-0.008999999612569809,0,1
14.37306983594317,31.264,velocity_chirp,1,2,103.83767700195312,103.83477783203125,-6.279973030090332,-0.06749366223812103,1,1
14.37306983594317,31.264,velocity_chirp,1,1,-9.94093448714168,-127.06005859375,-6.771769009458035e-17,-0.0646393820643425,2,1
14.37306983594317,31.264,velocity_chirp,0,4,,0.0,-0.0,-0.017999999225139618,0,1
14.37306983594317,31.264,velocity_chirp,0,1,,0.0,0.0,-0.008999999612569809,0,1
14.383001473965123,31.274,velocity_chirp,1,2,103.83767700195312,103.82913208007812,1.8253179788589478,-0.06683617830276489,1,1
14.383001473965123,31.274,velocity_chirp,1,1,-9.94093448714168,-127.06243896484375,-9.083265695153386e-09,-0.0646393820643425,2,1
14.383001473965123,31.274,velocity_chirp,0,4,,0.0,-0.0,-0.017999999225139618,0,1
14.383001473965123,31.274,velocity_chirp,0,1,,0.0,0.0,0.05700000002980232,0,1
14.39315253595123,31.284,velocity_chirp,1,2,103.83767700195312,103.83767700195312,6.538690090179443,0.022201480343937874,1,1
14.39315253595123,31.284,velocity_chirp,1,1,-9.99650443912674,-127.06243896484375,-0.0,-0.06725714355707169,2,1
14.39315253595123,31.284,velocity_chirp,0,4,,0.0,-0.0,0.03200000151991844,0,1
14.39315253595123,31.284,velocity_chirp,0,1,,0.0,0.0,-0.008999999612569809,0,1
14.403151981998235,31.294,velocity_chirp,1,2,103.83767700195312,103.82623291015625,8.623213768005371,0.3094046711921692,1,1
14.403151981998235,31.294,velocity_chirp,1,1,-9.987712226542994,-127.072265625,-0.00014882022514939308,-0.06725714355707169,2,1
14.403151981998235,31.294,velocity_chirp,0,4,,0.0,-0.0,0.07800000160932541,0,1
14.403151981998235,31.294,velocity_chirp,0,1,,0.0,0.0,-0.008999999612569809,0,1
14.413128844986204,31.304,velocity_chirp,1,2,103.83767700195312,103.83767700195312,1.0733791589736938,0.006696055643260479,1,1
14.413128844986204,31.304,velocity_chirp,1,1,-9.921904237422591,-127.08935546875,-2.4406545162200928,-0.08275660872459412,2,1
14.413128844986204,31.304,velocity_chirp,0,4,,0.0,-0.0,-0.017999999225139618,0,1
14.413128844986204,31.304,velocity_chirp,0,1,,0.0,0.0,-0.008999999612569809,0,1
14.423061473993585,31.314,velocity_chirp,1,2,103.83767700195312,103.82913208007812,4.791390419006348,0.01638309843838215,1,1
14.423061473993585,31.314,velocity_chirp,1,1,-9.767713311969983,-127.1064453125,-0.6095676422119141,-0.08275660872459412,2,1
14.423061473993585,31.314,velocity_chirp,0,4,,0.0,-0.0,-0.017999999225139618,0,1
14.423061473993585,31.314,velocity_chirp,0,1,,0.0,0.0,-0.07699999958276749,0,1
14.433155117963906,31.324,velocity_chirp,1,2,103.83767700195312,103.83767700195312,4.287642955780029,0.011217956431210041,1,1
14.433155117963906,31.324,velocity_chirp,1,1,-9.532969241093404,-127.11614990234375,-1.7324954405123494e-14,-0.07903541624546051,2,1
14.433155117963906,31.324,velocity_chirp,0,4,,0.0,-0.0,0.03200000151991844,0,1
14.433155117963906,31.324,velocity_chirp,0,1,,0.0,0.0,-0.008999999612569809,0,1
14.443032262963243,31.334,velocity_chirp,1,2,103.83767700195312,103.82623291015625,1.6240496635437012,0.1501096934080124,1,1
14.443032262963243,31.334,velocity_chirp,1,1,-9.274302766689772,-127.111328125,0.04371320828795433,-0.07903541624546051,2,1
14.443032262963243,31.334,velocity_chirp,0,4,,0.0,-0.0,0.03200000151991844,0,1
14.443032262963243,31.334,velocity_chirp,0,1,,0.0,0.0,-0.008999999612569809,0,1
14.453594590944704,31.345,velocity_chirp,1,2,103.83767700195312,103.82061767578125,-0.9072632789611816,0.0003146408125758171,1,1
14.453594590944704,31.345,velocity_chirp,1,1,-8.892664157821333,-126.95001220703125,0.04371320828795433,-0.09704741835594177,2,1
14.453594590944704,31.345,velocity_chirp,0,4,,0.0,-0.0,0.03200000151991844,0,1
14.453594590944704,31.345,velocity_chirp,0,1,,0.0,0.0,-0.07699999958276749,0,1
14.463220200967044,31.354,velocity_chirp,1,2,103.83767700195312,103.81494140625,-1.2672209739685059,0.10482032597064972,1,1
14.463220200967044,31.354,velocity_chirp,1,1,-8.4998032514129,-127.14788818359375,-4.900400161743164,-0.09704741835594177,2,1
14.463220200967044,31.354,velocity_chirp,0,4,,0.0,-0.0,-0.017999999225139618,0,1
14.463220200967044,31.354,velocity_chirp,0,1,,0.0,0.0,-0.008999999612569809,0,1
14.473313223978039,31.364,velocity_chirp,1,2,103.83767700195312,103.82913208007812,8.644322395324707,0.015361723490059376,1,1
14.473313223978039,31.364,velocity_chirp,1,1,-7.997069024776014,-127.19183349609375,-4.843160629272461,-0.09932781010866165,2,1
14.473313223978039,31.364,velocity_chirp,0,4,,0.0,-0.0,0.006000000052154064,0,1
14.473313223978039,31.364,velocity_chirp,0,1,,0.0,0.0,-0.008999999612569809,0,1
14.48283872497268,31.374,velocity_chirp,1,2,103.83767700195312,103.82913208007812,12.607274055480957,0.05204009264707565,1,1
14.48283872497268,31.374,velocity_chirp,1,1,-7.519448998746857,-127.2138671875,-2.1161778154556358e-18,-0.09932781010866165,2,1
14.48283872497268,31.374,velocity_chirp,0,4,,0.0,-0.0,0.006000000052154064,0,1
14.48283872497268,31.374,velocity_chirp,0,1,,0.0,0.0,0.05700000002980232,0,1
14.49324538896326,31.384,velocity_chirp,1,2,103.83767700195312,103.82345581054688,4.7546067237854,-0.21226866543293,1,1
14.49324538896326,31.384,velocity_chirp,1,1,-7.519448998746857,-127.19921875,0.000595281133428216,-0.07621187716722488,2,1
14.49324538896326,31.384,velocity_chirp,0,4,,0.0,-0.0,-0.017999999225139618,0,1
14.49324538896326,31.384,velocity_chirp,0,1,,0.0,0.0,-0.008999999612569809,0,1
14.503046169993468,31.394,velocity_chirp,1,2,103.83767700195312,103.83197021484375,4.221525192260742,0.0019706026650965214,1,1
14.503046169993468,31.394,velocity_chirp,1,1,-6.932283706541272,-127.1943359375,-0.009524494409561157,-0.07621187716722488,2,1
14.503046169993468,31.394,velocity_chirp,0,4,,0.0,-0.0,-0.017999999225139618,0,1
14.503046169993468,31.394,velocity_chirp,0,1,,0.0,0.0,-0.008999999612569809,0,1
14.51316059299279,31.404,velocity_chirp,1,2,103.83767700195312,103.82913208007812,3.6598896980285645,0.1311052441596985,1,1
14.51316059299279,31.404,velocity_chirp,1,1,-6.249397613401997,-127.20654296875,-4.273801326751709,-0.08041921257972717,2,1
14.51316059299279,31.404,velocity_chirp,0,4,,0.0,-0.0,0.006000000052154064,0,1
14.51316059299279,31.404,velocity_chirp,0,1,,0.0,0.0,-0.008999999612569809,0,1
14.523234668944497,31.414,velocity_chirp,1,2,103.83767700195312,103.85467529296875,-0.8183680772781372,-0.2536605894565582,1,1
14.523234668944497,31.414,velocity_chirp,1,1,-5.6371124965224535,-127.228515625,-3.699103832244873,-0.10137216746807098,2,1
14.523234668944497,31.414,velocity_chirp,0,4,,0.0,-0.0,0.03200000151991844,0,1
14.523234668944497,31.414,velocity_chirp,0,1,,0.0,0.0,-0.0020000000949949026,0,1
14.533206221996807,31.424,velocity_chirp,1,2,103.83767700195312,103.83197021484375,-2.966872453689575,-0.07451736927032471,1,1
14.533206221996807,31.424,velocity_chirp,1,1,-4.972075209746447,-127.26263427734375,-9.088919838973197e-09,-0.11358412355184555,2,1
14.533206221996807,31.424,velocity_chirp,0,4,,0.0,-0.0,0.006000000052154064,0,1
14.533206221996807,31.424,velocity_chirp,0,1,,0.0,0.0,-0.008999999612569809,0,1
14.543166283983737,31.434,velocity_chirp,1,2,103.83767700195312,103.83767700195312,-2.716093063354492,-0.023262061178684235,1,1
14.543166283983737,31.434,velocity_chirp,1,1,-4.1545699553407,-127.26019287109375,1.9708441714343017e-27,-0.1242658719420433,2,1
14.543166283983737,31.434,velocity_chirp,0,4,,0.0,-0.0,-0.017999999225139618,0,1
14.543166283983737,31.434,velocity_chirp,0,1,,0.0,0.0,-0.008999999612569809,0,1
14.562037185998634,31.452,velocity_chirp,1,2,103.83767700195312,103.85467529296875,5.578023910522461,-0.023262061178684235,1,1
14.562037185998634,31.452,velocity_chirp,1,1,-2.4881783647560853,-127.26019287109375,0.04371320828795433,-0.10805170983076096,2,1
14.562037185998634,31.452,velocity_chirp,0,4,,0.0,-0.0,0.006000000052154064,0,1
14.562037185998634,31.452,velocity_chirp,0,1,,0.0,0.0,-0.008999999612569809,0,1
14.564305968990084,31.456,velocity_chirp,1,2,103.83767700195312,103.91763305664062,-1.1155611276626587,-0.0374990850687027,1,1
14.564305968990084,31.456,velocity_chirp,1,1,-2.4881783647560853,-127.08203125,0.04371320828795433,-0.11803331971168518,2,1
14.564305968990084,31.456,velocity_chirp,0,4,,0.0,-0.0,-0.017999999225139618,0,1
14.564305968990084,31.456,velocity_chirp,0,1,,0.0,0.0,-0.008999999612569809,0,1
14.57325159496395,31.464,velocity_chirp,1,2,103.83767700195312,103.84896850585938,5.71501350402832,0.027347931638360023,1,1
14.57325159496395,31.464,velocity_chirp,1,1,-2.4881783647560853,-127.08203125,-0.1311396211385727,-0.13209021091461182,2,1
14.57325159496395,31.464,velocity_chirp,0,4,,0.0,-0.0,-0.017999999225139618,0,1
14.57325159496395,31.464,velocity_chirp,0,1,,0.0,0.0,-0.008999999612569809,0,1
14.583131595980376,31.474,velocity_chirp,1,2,103.83767700195312,103.91763305664062,-1.5002373456954956,0.1284814178943634,1,1
14.583131595980376,31.474,velocity_chirp,1,1,-1.570958626448141,-127.10400390625,0.04371320828795433,-0.15611331164836884,2,1
14.583131595980376,31.474,velocity_chirp,0,4,,0.0,-0.0,-0.017999999225139618,0,1
14.583131595980376,31.474,velocity_chirp,0,1,,0.0,0.0,-0.008999999612569809,0,1
14.592973753984552,31.484,velocity_chirp,1,2,103.83767700195312,103.93960571289062,-0.4231438636779785,0.19170431792736053,1,1
14.592973753984552,31.484,velocity_chirp,1,1,-0.656523682895319,-127.10400390625,0.04371320828795433,-0.15871097147464752,2,1
14.592973753984552,31.484,velocity_chirp,0,4,,0.0,-0.0,-0.017999999225139618,0,1
14.592973753984552,31.484,velocity_chirp,0,1,,0.0,0.0,-0.008999999612569809,0,1
14.60277912399033,31.494,velocity_chirp,1,2,103.83767700195312,103.91763305664062,-9.34763240814209,0.11515793204307556,1,1
14.60277912399033,31.494,velocity_chirp,1,1,0.26851929094945404,-127.10400390625,0.04371320828795433,-0.16657914221286774,2,1
14.60277912399033,31.494,velocity_chirp,0,4,,0.0,-0.0,0.006000000052154064,0,1
14.60277912399033,31.494,velocity_chirp,0,1,,0.0,0.0,-0.008999999612569809,0,1
14.613143197959289,31.504,velocity_chirp,1,2,103.83767700195312,103.84613037109375,3.158311367034912,0.2541590631008148,1,1
14.613143197959289,31.504,velocity_chirp,1,1,1.1838267635061515,-127.10400390625,0.04371320828795433,-0.17204968631267548,2,1
14.613143197959289,31.504,velocity_chirp,0,4,,0.0,-0.0,0.006000000052154064,0,1
14.613143197959289,31.504,velocity_chirp,0,1,,0.0,0.0,-0.008999999612569809,0,1
14.623019650985952,31.514,velocity_chirp,1,2,103.83767700195312,103.93960571289062,0.730884850025177,0.19977277517318726,1,1
14.623019650985952,31.514,velocity_chirp,1,1,1.9699503796800097,-127.10400390625,0.04371320828795433,-0.1766764372587204,2,1
14.623019650985952,31.514,velocity_chirp,0,4,,0.0,-0.0,-0.017999999225139618,0,1
14.623019650985952,31.514,velocity_chirp,0,1,,0.0,0.0,-0.008999999612569809,0,1
14.633096973993815,31.524,velocity_chirp,1,2,103.83767700195312,103.84051513671875,-13.453511238098145,0.07802015542984009,1,1
14.633096973993815,31.524,velocity_chirp,1,1,2.86618704246594,-127.10400390625,0.04371320828795433,-0.17860952019691467,2,1
14.633096973993815,31.524,velocity_chirp,0,4,,0.0,-0.0,-0.017999999225139618,0,1
14.633096973993815,31.524,velocity_chirp,0,1,,0.0,0.0,-0.008999999612569809,0,1
14.64251993194921,31.534,velocity_chirp,1,2,103.83767700195312,103.91763305664062,4.423776626586914,0.14019742608070374,1,1
14.64251993194921,31.534,velocity_chirp,1,1,2.86618704246594,-127.10400390625,0.04371320828795433,-0.175062358379364,2,1
14.64251993194921,31.534,velocity_chirp,0,4,,0.0,-0.0,0.006000000052154064,0,1
14.64251993194921,31.534,velocity_chirp,0,1,,0.0,0.0,-0.0020000000949949026,0,1
14.652911567944102,31.544,velocity_chirp,1,2,103.83767700195312,103.82345581054688,-3.1712899208068848,-0.05357803404331207,1,1
14.652911567944102,31.544,velocity_chirp,1,1,3.636127608236517,-127.10400390625,0.04371320828795433,-0.1798376441001892,2,1
14.652911567944102,31.544,velocity_chirp,0,4,,0.0,-0.0,0.006000000052154064,0,1
14.652911567944102,31.544,velocity_chirp,0,1,,0.0,0.0,-0.008999999612569809,0,1
14.662458909966517,31.554,velocity_chirp,1,2,103.83767700195312,103.89566040039062,-9.501502990722656,0.19093114137649536,1,1
14.662458909966517,31.554,velocity_chirp,1,1,4.368083049981312,-127.10400390625,0.04371320828795433,-0.1745816171169281,2,1
14.662458909966517,31.554,velocity_chirp,0,4,,0.0,-0.0,0.006000000052154064,0,1
14.662458909966517,31.554,velocity_chirp,0,1,,0.0,0.0,0.05700000002980232,0,1
14.673060131957754,31.564,velocity_chirp,1,2,103.83767700195312,103.82623291015625,-6.5823774337768555,0.27221277356147766,1,1
14.673060131957754,31.564,velocity_chirp,1,1,5.168667767714979,-127.10400390625,0.04371320828795433,-0.17609474062919617,2,1
14.673060131957754,31.564,velocity_chirp,0,4,,0.0,-0.0,0.006000000052154064,0,1
14.673060131957754,31.564,velocity_chirp,0,1,,0.0,0.0,-0.008999999612569809,0,1
14.682825605967082,31.574,velocity_chirp,1,2,103.83767700195312,103.91763305664062,1.1924962997436523,0.026164188981056213,1,1
14.682825605967082,31.574,velocity_chirp,1,1,5.846159706835459,-127.10400390625,0.04371320828795433,-0.16450022161006927,2,1
14.682825605967082,31.574,velocity_chirp,0,4,,0.0,-0.0,0.006000000052154064,0,1
14.682825605967082,31.574,velocity_chirp,0,1,,0.0,0.0,-0.008999999612569809,0,1
14.692893209983595,31.584,velocity_chirp,1,2,103.83767700195312,103.91763305664062,0.5000790953636169,0.055266812443733215,1,1
14.692893209983595,31.584,velocity_chirp,1,1,6.566094498964652,-127.10400390625,0.04371320828795433,-0.17154371738433838,2,1
14.692893209983595,31.584,velocity_chirp,0,4,,0.0,-0.0,0.03200000151991844,0,1
14.692893209983595,31.584,velocity_chirp,0,1,,0.0,0.0,-0.008999999612569809,0,1
14.702540039957967,31.594,velocity_chirp,1,2,103.83767700195312,103.91763305664062,-7.962798118591309,0.008157992735505104,1,1
14.702540039957967,31.594,velocity_chirp,1,1,7.136111936937491,-127.10400390625,0.04371320828795433,-0.16003240644931793,2,1
14.702540039957967,31.594,velocity_chirp,0,4,,0.0,-0.0,0.03200000151991844,0,1
14.702540039957967,31.594,velocity_chirp,0,1,,0.0,0.0,-0.008999999612569809,0,1
14.713209440989885,31.604,velocity_chirp,1,2,103.83767700195312,103.84329223632812,5.527192115783691,0.06395018845796585,1,1
14.713209440989885,31.604,velocity_chirp,1,1,7.739290113311616,-127.10400390625,0.04371320828795433,-0.14754629135131836,2,1
14.713209440989885,31.604,velocity_chirp,0,4,,0.0,-0.0,0.03200000151991844,0,1
14.713209440989885,31.604,velocity_chirp,0,1,,0.0,0.0,-0.01600000075995922,0,1
14.72299631498754,31.614,velocity_chirp,1,2,103.83767700195312,103.91763305664062,-2.192654609680176,0.11267966777086258,1,1
14.72299631498754,31.614,velocity_chirp,1,1,8.238315512600224,-127.10400390625,4.939592361450195,-0.13413575291633606,2,1
14.72299631498754,31.614,velocity_chirp,0,4,,0.0,-0.0,-0.017999999225139618,0,1
14.72299631498754,31.614,velocity_chirp,0,1,,0.0,0.0,-0.008999999612569809,0,1
14.733121948956978,31.624,velocity_chirp,1,2,103.83767700195312,103.82345581054688,-0.016336165368556976,0.1770702302455902,1,1
14.733121948956978,31.624,velocity_chirp,1,1,8.727815236426824,-127.10400390625,0.04371320828795433,-0.12872947752475739,2,1
14.733121948956978,31.624,velocity_chirp,0,4,,0.0,-0.0,0.03200000151991844,0,1
14.733121948956978,31.624,velocity_chirp,0,1,,0.0,0.0,-0.0020000000949949026,0,1
14.742671926971525,31.634,velocity_chirp,1,2,103.83767700195312,103.93960571289062,-1.6541078090667725,-0.11024437099695206,1,1
14.742671926971525,31.634,velocity_chirp,1,1,9.088318891091822,-127.10400390625,0.04371320828795433,-0.11414466798305511,2,1
14.742671926971525,31.634,velocity_chirp,0,4,,0.0,-0.0,-0.017999999225139618,0,1
14.742671926971525,31.634,velocity_chirp,0,1,,0.0,0.0,-0.008999999612569809,0,1
14.752885586989578,31.644,velocity_chirp,1,2,103.83767700195312,103.84329223632812,-11.213544845581055,0.2396695911884308,1,1
14.752885586989578,31.644,velocity_chirp,1,1,9.088318891091822,-127.10400390625,0.04371320828795433,-0.11320225894451141,2,1
14.752885586989578,31.644,velocity_chirp,0,4,,0.0,-0.0,-0.017999999225139618,0,1
14.752885586989578,31.644,velocity_chirp,0,1,,0.0,0.0,0.05700000002980232,0,1
14.762560890987515,31.654,velocity_chirp,1,2,103.83767700195312,103.91763305664062,-2.346524953842163,-0.0278660599142313,1,1
14.762560890987515,31.654,velocity_chirp,1,1,9.403846267836173,-127.08203125,0.04371320828795433,-0.10036985576152802,2,1
14.762560890987515,31.654,velocity_chirp,0,4,,0.0,-0.0,-0.017999999225139618,0,1
14.762560890987515,31.654,velocity_chirp,0,1,,0.0,0.0,-0.008999999612569809,0,1
14.773146782943513,31.664,velocity_chirp,1,2,103.83767700195312,103.84051513671875,0.2511444389820099,0.3046906888484955,1,1
14.773146782943513,31.664,velocity_chirp,1,1,9.6798018881559,-127.08203125,0.04371320828795433,-0.10244305431842804,2,1
14.773146782943513,31.664,velocity_chirp,0,4,,0.0,-0.0,0.054999999701976776,0,1
14.773146782943513,31.664,velocity_chirp,0,1,,0.0,0.0,-0.0020000000949949026,0,1
14.782692692999262,31.674,velocity_chirp,1,2,103.83767700195312,103.91763305664062,-14.733318328857422,-0.2227797657251358,1,1
14.782692692999262,31.674,velocity_chirp,1,1,9.8519432576586,-127.08203125,0.04371320828795433,-0.08622349798679352,2,1
14.782692692999262,31.674,velocity_chirp,0,4,,0.0,-0.0,0.006000000052154064,0,1
14.782692692999262,31.674,velocity_chirp,0,1,,0.0,0.0,-0.008999999612569809,0,1
14.792965323955286,31.684,velocity_chirp,1,2,103.83767700195312,103.84613037109375,0.4711660146713257,-0.004121679812669754,1,1
14.792965323955286,31.684,velocity_chirp,1,1,9.96679118592046,-127.08203125,0.04371320828795433,-0.08842766284942627,2,1
14.792965323955286,31.684,velocity_chirp,0,4,,0.0,-0.0,0.054999999701976776,0,1
14.792965323955286,31.684,velocity_chirp,0,1,,0.0,0.0,-0.008999999612569809,0,1
14.802655776962638,31.694,velocity_chirp,1,2,103.83767700195312,103.93960571289062,5.4241533279418945,0.13732796907424927,1,1
14.802655776962638,31.694,velocity_chirp,1,1,9.999993567388994,-127.08203125,0.04371320828795433,-0.07454374432563782,2,1
14.802655776962638,31.694,velocity_chirp,0,4,,0.0,-0.0,0.006000000052154064,0,1
14.802655776962638,31.694,velocity_chirp,0,1,,0.0,0.0,0.05000000074505806,0,1
14.81313872494502,31.704,velocity_chirp,1,2,103.83767700195312,103.84329223632812,6.276618003845215,-0.15879562497138977,1,1
14.81313872494502,31.704,velocity_chirp,1,1,9.959047163334056,-127.08203125,0.04371320828795433,-0.061763957142829895,2,1
14.81313872494502,31.704,velocity_chirp,0,4,,0.0,-0.0,0.006000000052154064,0,1
14.81313872494502,31.704,velocity_chirp,0,1,,0.0,0.0,-0.008999999612569809,0,1
14.82325703598326,31.714,velocity_chirp,1,2,103.83767700195312,103.91763305664062,-7.347316265106201,0.021700916811823845,1,1
14.82325703598326,31.714,velocity_chirp,1,1,9.848880319322554,-127.0599365234375,4.32760763168335,-0.049739282578229904,2,1
14.82325703598326,31.714,velocity_chirp,0,4,,0.0,-0.0,0.006000000052154064,0,1
14.82325703598326,31.714,velocity_chirp,0,1,,0.0,0.0,-0.0020000000949949026,0,1
14.83325532899471,31.724,velocity_chirp,1,2,103.83767700195312,103.82061767578125,-2.435377597808838,0.1354985237121582,1,1
14.83325532899471,31.724,velocity_chirp,1,1,9.682478764123152,-127.0379638671875,0.04371320828795433,-0.04929853975772858,2,1
14.83325532899471,31.724,velocity_chirp,0,4,,0.0,-0.0,0.054999999701976776,0,1
14.83325532899471,31.724,velocity_chirp,0,1,,0.0,0.0,-0.008999999612569809,0,1
14.8426263089641,31.734,velocity_chirp,1,2,103.83767700195312,103.89566040039062,-4.654582500457764,-0.09196869283914566,1,1
14.8426263089641,31.734,velocity_chirp,1,1,9.40181195830032,-127.0379638671875,0.04371320828795433,-0.04858299344778061,2,1
14.8426263089641,31.734,velocity_chirp,0,4,,0.0,-0.0,0.006000000052154064,0,1
14.8426263089641,31.734,velocity_chirp,0,1,,0.0,0.0,0.2540000081062317,0,1
14.853029355988838,31.744,velocity_chirp,1,2,103.83767700195312,103.83197021484375,3.3496572971343994,-0.04219441115856171,1,1
14.853029355988838,31.744,velocity_chirp,1,1,9.40181195830032,-127.0379638671875,-1.1802566051483154,-0.056244101375341415,2,1
14.853029355988838,31.744,velocity_chirp,0,4,,0.0,-0.0,0.03200000151991844,0,1
14.853029355988838,31.744,velocity_chirp,0,1,,0.0,0.0,-0.008999999612569809,0,1
14.862458835996222,31.754,velocity_chirp,1,2,103.83767700195312,103.91763305664062,1.0386258363723755,0.057169269770383835,1,1
14.862458835996222,31.754,velocity_chirp,1,1,9.075905327191558,-127.0379638671875,2.4916529655456543,-0.045526620000600815,2,1
14.862458835996222,31.754,velocity_chirp,0,4,,0.0,-0.0,0.006000000052154064,0,1
14.862458835996222,31.754,velocity_chirp,0,1,,0.0,0.0,-0.008999999612569809,0,1
14.872885467950255,31.764,velocity_chirp,1,2,103.83767700195312,103.83767700195312,-1.1987202167510986,0.010844591073691845,1,1
14.872885467950255,31.764,velocity_chirp,1,1,8.656216997603817,-127.0159912109375,4.764739513397217,-0.038861148059368134,2,1
14.872885467950255,31.764,velocity_chirp,0,4,,0.0,-0.0,-0.017999999225139618,0,1
14.872885467950255,31.764,velocity_chirp,0,1,,0.0,0.0,-0.008999999612569809,0,1
14.882880124961957,31.774,velocity_chirp,1,2,103.83767700195312,103.91763305664062,5.039477348327637,0.02068432793021202,1,1
14.882880124961957,31.774,velocity_chirp,1,1,8.221864832896683,-126.9940185546875,4.677313327789307,-0.03567466884851456,2,1
14.882880124961957,31.774,velocity_chirp,0,4,,0.0,-0.0,0.054999999701976776,0,1
14.882880124961957,31.774,velocity_chirp,0,1,,0.0,0.0,-0.01600000075995922,0,1
14.89292024698807,31.784,velocity_chirp,1,2,103.83767700195312,103.83767700195312,-0.3088625371456146,-0.014929636381566525,1,1
14.89292024698807,31.784,velocity_chirp,1,1,7.743457548005605,-126.97198486328125,0.04371320828795433,-0.03919197991490364,2,1
14.89292024698807,31.784,velocity_chirp,0,4,,0.0,-0.0,0.03200000151991844,0,1
14.89292024698807,31.784,velocity_chirp,0,1,,0.0,0.0,-0.07699999958276749,0,1
14.90308970399201,31.794,velocity_chirp,1,2,103.83767700195312,103.82061767578125,-2.4470303058624268,0.2791355848312378,1,1
14.90308970399201,31.794,velocity_chirp,1,1,7.100154868778676,-126.97198486328125,0.04371320828795433,-0.043123986572027206,2,1
14.90308970399201,31.794,velocity_chirp,0,4,,0.0,-0.0,-0.017999999225139618,0,1
14.90308970399201,31.794,velocity_chirp,0,1,,0.0,0.0,-0.008999999612569809,0,1
14.913253680977505,31.804,velocity_chirp,1,2,103.83767700195312,103.80929565429688,-7.622519493103027,0.021412258967757225,1,1
14.913253680977505,31.804,velocity_chirp,1,1,6.521548182554206,-126.97198486328125,4.764739513397217,-0.0439256951212883,2,1
14.913253680977505,31.804,velocity_chirp,0,4,,0.0,-0.0,0.23800000548362732,0,1
14.913253680977505,31.804,velocity_chirp,0,1,,0.0,0.0,-0.008999999612569809,0,1
14.92254362697713,31.814,velocity_chirp,1,2,103.83767700195312,103.91763305664062,-4.346841335296631,-0.03477194905281067,1,1
14.92254362697713,31.814,velocity_chirp,1,1,5.867746445318155,-126.97198486328125,0.04371320828795433,-0.02449243888258934,2,1
14.92254362697713,31.814,velocity_chirp,0,4,,0.0,-0.0,-0.017999999225139618,0,1
14.92254362697713,31.814,velocity_chirp,0,1,,0.0,0.0,-0.008999999612569809,0,1
14.933456426952034,31.824,velocity_chirp,1,2,103.83767700195312,103.81210327148438,-11.849921226501465,0.09967181831598282,1,1
14.933456426952034,31.824,velocity_chirp,1,1,5.138482097132101,-126.92803955078125,4.764739513397217,-0.015532332472503185,2,1
14.933456426952034,31.824,velocity_chirp,0,4,,0.0,-0.0,-0.017999999225139618,0,1
14.933456426952034,31.824,velocity_chirp,0,1,,0.0,0.0,-0.008999999612569809,0,1
14.942995412973687,31.834,velocity_chirp,1,2,103.83767700195312,103.91763305664062,6.270441055297852,-0.006070696748793125,1,1
14.942995412973687,31.834,velocity_chirp,1,1,4.373852503825775,-126.90606689453125,4.939592361450195,-0.018397441133856773,2,1
14.942995412973687,31.834,velocity_chirp,0,4,,0.0,-0.0,-0.017999999225139618,0,1
14.942995412973687,31.834,velocity_chirp,0,1,,0.0,0.0,-0.008999999612569809,0,1
14.95299265498761,31.844,velocity_chirp,1,2,103.83767700195312,103.81494140625,-0.11325381696224213,0.09198512881994247,1,1
14.95299265498761,31.844,velocity_chirp,1,1,3.5257085453520065,-126.88409423828125,0.04371320828795433,-0.03198244050145149,2,1
14.95299265498761,31.844,velocity_chirp,0,4,,0.0,-0.0,-0.017999999225139618,0,1
14.95299265498761,31.844,velocity_chirp,0,1,,0.0,0.0,0.05700000002980232,0,1
14.962482458970044,31.854,velocity_chirp,1,2,103.83767700195312,103.91763305664062,-3.3466832637786865,0.03850260004401207,1,1
14.962482458970044,31.854,velocity_chirp,1,1,3.5257085453520065,-126.90606689453125,-1.1802566051483154,-0.0437677763402462,2,1
14.962482458970044,31.854,velocity_chirp,0,4,,0.0,-0.0,-0.017999999225139618,0,1
14.962482458970044,31.854,velocity_chirp,0,1,,0.0,0.0,-0.008999999612569809,0,1
14.972953895980027,31.864,velocity_chirp,1,2,103.83767700195312,103.84051513671875,0.7883138656616211,0.1023876741528511,1,1
14.972953895980027,31.864,velocity_chirp,1,1,2.7369661952671835,-126.90606689453125,0.04371320828795433,-0.031493350863456726,2,1
14.972953895980027,31.864,velocity_chirp,0,4,,0.0,-0.0,-0.017999999225139618,0,1
14.972953895980027,31.864,velocity_chirp,0,1,,0.0,0.0,-0.008999999612569809,0,1
14.982669484976213,31.874,velocity_chirp,1,2,103.83767700195312,103.91763305664062,-4.654582500457764,-0.01356150396168232,1,1
14.982669484976213,31.874,velocity_chirp,1,1,1.9275884776099255,-126.88409423828125,4.764739513397217,-0.016017107293009758,2,1
14.982669484976213,31.874,velocity_chirp,0,4,,0.0,-0.0,0.03200000151991844,0,1
14.982669484976213,31.874,velocity_chirp,0,1,,0.0,0.0,0.05700000002980232,0,1
14.992985498975031,31.884,velocity_chirp,1,2,103.83767700195312,103.83767700195312,-4.159091472625732,0.0772823840379715,1,1
14.992985498975031,31.884,velocity_chirp,1,1,0.9927694676523319,-126.88409423828125,0.04371320828795433,-0.006584359332919121,2,1
14.992985498975031,31.884,velocity_chirp,0,4,,0.0,-0.0,0.006000000052154064,0,1
14.992985498975031,31.884,velocity_chirp,0,1,,0.0,0.0,-0.008999999612569809,0,1
15.002974223985802,31.894,velocity_chirp,1,2,103.83767700195312,103.91763305664062,-8.88602066040039,0.020734932273626328,1,1
15.002974223985802,31.894,velocity_chirp,1,1,0.18411695738049846,-126.86212158203125,0.04371320828795433,-0.007594915572553873,2,1
15.002974223985802,31.894,velocity_chirp,0,4,,0.0,-0.0,-0.017999999225139618,0,1
15.002974223985802,31.894,velocity_chirp,0,1,,0.0,0.0,-0.008999999612569809,0,1
15.01279672596138,31.904,velocity_chirp,1,2,103.83767700195312,103.85745239257812,8.01515007019043,-0.009202937595546246,1,1
15.01279672596138,31.904,velocity_chirp,1,1,-0.6148457155373185,-126.86212158203125,0.04371320828795433,-0.004004406742751598,2,1
15.01279672596138,31.904,velocity_chirp,0,4,,0.0,-0.0,-0.017999999225139618,0,1
15.01279672596138,31.904,velocity_chirp,0,1,,0.0,0.0,0.05700000002980232,0,1
15.022854241949972,31.914,velocity_chirp,1,2,103.83767700195312,103.851806640625,-3.8133738040924072,-0.004096457734704018,1,1
15.022854241949972,31.914,velocity_chirp,1,1,-1.5705999412145268,-126.86212158203125,0.04371320828795433,-0.008679958991706371,2,1
15.022854241949972,31.914,velocity_chirp,0,4,,0.0,-0.0,-0.017999999225139618,0,1
15.022854241949972,31.914,velocity_chirp,0,1,,0.0,0.0,-0.008999999612569809,0,1
15.033792609989177,31.924,velocity_chirp,1,2,103.83767700195312,103.83197021484375,0.43525832891464233,0.20664376020431519,1,1
15.033792609989177,31.924,velocity_chirp,1,1,-2.495248058048699,-126.86212158203125,0.04371320828795433,-0.011583583429455757,2,1
15.033792609989177,31.924,velocity_chirp,0,4,,0.0,-0.0,-0.017999999225139618,0,1
15.033792609989177,31.924,velocity_chirp,0,1,,0.0,0.0,-0.008999999612569809,0,1
15.042450262990315,31.934,velocity_chirp,1,2,103.83767700195312,103.93960571289062,4.885388374328613,-0.054581183940172195,1,1
15.042450262990315,31.934,velocity_chirp,1,1,-3.3621206986680114,-126.86212158203125,0.04371320828795433,-0.008191781118512154,2,1
15.042450262990315,31.934,velocity_chirp,0,4,,0.0,-0.0,0.03200000151991844,0,1
15.042450262990315,31.934,velocity_chirp,0,1,,0.0,0.0,-0.008999999612569809,0,1
15.053098492964637,31.944,velocity_chirp,1,2,103.83767700195312,103.84051513671875,-0.8480737805366516,0.09051547944545746,1,1
15.053098492964637,31.944,velocity_chirp,1,1,-4.144065792861643,-126.86212158203125,4.852166175842285,-0.003534764051437378,2,1
15.053098492964637,31.944,velocity_chirp,0,4,,0.0,-0.0,0.03200000151991844,0,1
15.053098492964637,31.944,velocity_chirp,0,1,,0.0,0.0,0.05700000002980232,0,1
15.062479831976816,31.954,velocity_chirp,1,2,103.83767700195312,103.93960571289062,10.117203712463379,0.21540580689907074,1,1
15.062479831976816,31.954,velocity_chirp,1,1,-4.901102591740918,-126.86212158203125,0.04371320828795433,-0.002682248828932643,2,1
15.062479831976816,31.954,velocity_chirp,0,4,,0.0,-0.0,0.006000000052154064,0,1
15.062479831976816,31.954,velocity_chirp,0,1,,0.0,0.0,0.06400000303983688,0,1
15.072827424970455,31.964,velocity_chirp,1,2,103.83767700195312,103.84896850585938,-3.99668288230896,0.06867031008005142,1,1
15.072827424970455,31.964,velocity_chirp,1,1,-4.901102591740918,-126.84014892578125,0.04371320828795433,-0.002688382286578417,2,1
15.072827424970455,31.964,velocity_chirp,0,4,,0.0,-0.0,0.03200000151991844,0,1
15.072827424970455,31.964,velocity_chirp,0,1,,0.0,0.0,-0.008999999612569809,0,1
15.082495144975837,31.974,velocity_chirp,1,2,103.83767700195312,103.93960571289062,2.9620070457458496,0.33203691244125366,1,1
15.082495144975837,31.974,velocity_chirp,1,1,-5.638417259574799,-126.84014892578125,0.04371320828795433,-0.007674606051295996,2,1
15.082495144975837,31.974,velocity_chirp,0,4,,0.0,-0.0,-0.017999999225139618,0,1
15.082495144975837,31.974,velocity_chirp,0,1,,0.0,0.0,-0.008999999612569809,0,1
15.093017877952661,31.984,velocity_chirp,1,2,103.83767700195312,103.87164306640625,7.076656818389893,0.06043911725282669,1,1
15.093017877952661,31.984,velocity_chirp,1,1,-6.397805880712011,-126.84014892578125,0.04371320828795433,-0.00943475216627121,2,1
15.093017877952661,31.984,velocity_chirp,0,4,,0.0,-0.0,0.03200000151991844,0,1
15.093017877952661,31.984,velocity_chirp,0,1,,0.0,0.0,-0.0020000000949949026,0,1
15.102608160988893,31.994,velocity_chirp,1,2,103.83767700195312,103.93960571289062,2.808136463165283,-0.00459497282281518,1,1
15.102608160988893,31.994,velocity_chirp,1,1,-7.015242393611882,-126.84014892578125,0.04371320828795433,-0.016793454065918922,2,1
15.102608160988893,31.994,velocity_chirp,0,4,,0.0,-0.0,0.03200000151991844,0,1
15.102608160988893,31.994,velocity_chirp,0,1,,0.0,0.0,-0.008999999612569809,0,1
15.112954000942409,32.004,velocity_chirp,1,2,103.83767700195312,103.93960571289062,9.424786567687988,0.2717251181602478,1,1
15.112954000942409,32.004,velocity_chirp,1,1,-7.662033571329499,-126.84014892578125,0.04371320828795433,-0.008472908288240433,2,1
15.112954000942409,32.004,velocity_chirp,0,4,,0.0,-0.0,0.006000000052154064,0,1
15.112954000942409,32.004,velocity_chirp,0,1,,0.0,0.0,-0.008999999612569809,0,1
15.12249245698331,32.014,velocity_chirp,1,2,103.83767700195312,103.93960571289062,11.425102233886719,0.30364736914634705,1,1
15.12249245698331,32.014,velocity_chirp,1,1,-8.177554947404827,-126.84014892578125,0.04371320828795433,-0.014795566909015179,2,1
15.12249245698331,32.014,velocity_chirp,0,4,,0.0,-0.0,0.006000000052154064,0,1
15.12249245698331,32.014,velocity_chirp,0,1,,0.0,0.0,-0.01600000075995922,0,1
15.133547234989237,32.024,velocity_chirp,1,2,103.83767700195312,103.851806640625,-3.837007522583008,0.03156173229217529,1,1
15.133547234989237,32.024,velocity_chirp,1,1,-8.671094557216646,-126.86212158203125,0.04371320828795433,-0.029110943898558617,2,1
15.133547234989237,32.024,velocity_chirp,0,4,,0.0,-0.0,-0.017999999225139618,0,1
15.133547234989237,32.024,velocity_chirp,0,1,,0.0,0.0,-0.008999999612569809,0,1
15.142843322944827,32.034,velocity_chirp,1,2,103.83767700195312,103.91763305664062,-7.424251079559326,0.013514476828277111,1,1
15.142843322944827,32.034,velocity_chirp,1,1,-9.083974119415672,-126.86212158203125,0.04371320828795433,-0.03958479315042496,2,1
15.142843322944827,32.034,velocity_chirp,0,4,,0.0,-0.0,0.03200000151991844,0,1
15.142843322944827,32.034,velocity_chirp,0,1,,0.0,0.0,-0.008999999612569809,0,1
15.152991769951768,32.044,velocity_chirp,1,2,103.83767700195312,103.83197021484375,4.794524669647217,0.15551556646823883,1,1
15.152991769951768,32.044,velocity_chirp,1,1,-9.430254028523011,-126.86212158203125,0.04371320828795433,-0.04184426739811897,2,1
15.152991769951768,32.044,velocity_chirp,0,4,,0.0,-0.0,0.006000000052154064,0,1
15.152991769951768,32.044,velocity_chirp,0,1,,0.0,0.0,0.05700000002980232,0,1
15.162559790944215,32.054,velocity_chirp,1,2,103.83767700195312,103.93960571289062,7.039793491363525,0.1765422374010086,1,1
15.162559790944215,32.054,velocity_chirp,1,1,-9.430254028523011,-126.86212158203125,0.04371320828795433,-0.05149730294942856,2,1
15.162559790944215,32.054,velocity_chirp,0,4,,0.0,-0.0,-0.017999999225139618,0,1
15.162559790944215,32.054,velocity_chirp,0,1,,0.0,0.0,-0.008999999612569809,0,1
15.173087132978253,32.064,velocity_chirp,1,2,103.83767700195312,103.86880493164062,-10.480137825012207,0.11115347594022751,1,1
15.173087132978253,32.064,velocity_chirp,1,1,-9.681850586495468,-126.88409423828125,0.04371320828795433,-0.052679210901260376,2,1
15.173087132978253,32.064,velocity_chirp,0,4,,0.0,-0.0,0.03200000151991844,0,1
15.173087132978253,32.064,velocity_chirp,0,1,,0.0,0.0,-0.008999999612569809,0,1
15.182782364950981,32.074,velocity_chirp,1,2,103.83767700195312,103.93960571289062,-1.8849135637283325,-0.057541374117136,1,1
15.182782364950981,32.074,velocity_chirp,1,1,-9.85959492722076,-126.88409423828125,0.04371320828795433,-0.06097448617219925,2,1
15.182782364950981,32.074,velocity_chirp,0,4,,0.0,-0.0,0.006000000052154064,0,1
15.182782364950981,32.074,velocity_chirp,0,1,,0.0,0.0,-0.008999999612569809,0,1
15.192861901945435,32.084,velocity_chirp,1,2,103.83767700195312,103.84613037109375,10.086373329162598,0.06310069561004639,1,1
15.192861901945435,32.084,velocity_chirp,1,1,-9.974290712427331,-126.88409423828125,0.04371320828795433,-0.06376010924577713,2,1
15.192861901945435,32.084,velocity_chirp,0,4,,0.0,-0.0,0.006000000052154064,0,1
15.192861901945435,32.084,velocity_chirp,0,1,,0.0,0.0,-0.008999999612569809,0,1
15.202546873944812,32.094,velocity_chirp,1,2,103.83767700195312,103.93960571289062,-2.26958966255188,-0.013188373297452927,1,1
15.202546873944812,32.094,velocity_chirp,1,1,-9.996473212694129,-126.90606689453125,-4.852166175842285,-0.07216536998748779,2,1
15.202546873944812,32.094,velocity_chirp,0,4,,0.0,-0.0,0.054999999701976776,0,1
15.202546873944812,32.094,velocity_chirp,0,1,,0.0,0.0,-0.008999999612569809,0,1
15.213292367989197,32.104,velocity_chirp,1,2,103.83767700195312,103.85467529296875,1.267457365989685,-0.18719235062599182,1,1
15.213292367989197,32.104,velocity_chirp,1,1,-9.923827026920913,-126.90606689453125,0.04371320828795433,-0.07970713078975677,2,1
15.213292367989197,32.104,velocity_chirp,0,4,,0.0,-0.0,-0.017999999225139618,0,1
15.213292367989197,32.104,velocity_chirp,0,1,,0.0,0.0,-0.01600000075995922,0,1
15.222623201960232,32.114,velocity_chirp,1,2,103.83767700195312,103.91763305664062,-4.423776626586914,-0.10757935047149658,1,1
15.222623201960232,32.114,velocity_chirp,1,1,-9.773963841853863,-126.92803955078125,-1.1802566051483154,-0.08848478645086288,2,1
15.222623201960232,32.114,velocity_chirp,0,4,,0.0,-0.0,0.006000000052154064,0,1
15.222623201960232,32.114,velocity_chirp,0,1,,0.0,0.0,0.05700000002980232,0,1
15.232951637997758,32.124,velocity_chirp,1,2,103.83767700195312,103.84051513671875,-1.373426914215088,0.08184809237718582,1,1
15.232951637997758,32.124,velocity_chirp,1,1,-9.534545760934453,-126.95001220703125,0.04371320828795433,-0.08654870092868805,2,1
15.232951637997758,32.124,velocity_chirp,0,4,,0.0,-0.0,-0.017999999225139618,0,1
15.232951637997758,32.124,velocity_chirp,0,1,,0.0,0.0,-0.008999999612569809,0,1
15.24258691695286,32.134,velocity_chirp,1,2,103.83767700195312,103.93960571289062,-1.6541078090667725,-0.1985086351633072,1,1
15.24258691695286,32.134,velocity_chirp,1,1,-9.2528566687112,-126.95001220703125,0.04371320828795433,-0.08602439612150192,2,1
15.24258691695286,32.134,velocity_chirp,0,4,,0.0,-0.0,0.03200000151991844,0,1
15.24258691695286,32.134,velocity_chirp,0,1,,0.0,0.0,-0.01600000075995922,0,1
15.253187917987816,32.144,velocity_chirp,1,2,103.83767700195312,103.8603515625,-4.758233070373535,-0.04370858520269394,1,1
15.253187917987816,32.144,velocity_chirp,1,1,-9.2528566687112,-126.95001220703125,0.04371320828795433,-0.0832522064447403,2,1
15.253187917987816,32.144,velocity_chirp,0,4,,0.0,-0.0,-0.017999999225139618,0,1
15.253187917987816,32.144,velocity_chirp,0,1,,0.0,0.0,-0.008999999612569809,0,1
15.262714450946078,32.154,velocity_chirp,1,2,103.83767700195312,103.93960571289062,-1.1924962997436523,-0.10346957296133041,1,1
15.262714450946078,32.154,velocity_chirp,1,1,-8.87180923195506,-126.95001220703125,-0.04371320828795433,-0.10133036971092224,2,1
15.262714450946078,32.154,velocity_chirp,0,4,,0.0,-0.0,0.03200000151991844,0,1
15.262714450946078,32.154,velocity_chirp,0,1,,0.0,0.0,-0.19900000095367432,0,1
15.27283826196799,32.164,velocity_chirp,1,2,103.83767700195312,103.84613037109375,-4.862847328186035,0.1343754231929779,1,1
15.27283826196799,32.164,velocity_chirp,1,1,-8.394323379796546,-126.9940185546875,-4.852166175842285,-0.10130618512630463,2,1
15.27283826196799,32.164,velocity_chirp,0,4,,0.0,-0.0,-0.017999999225139618,0,1
15.27283826196799,32.164,velocity_chirp,0,1,,0.0,0.0,-0.01600000075995922,0,1
15.28273752797395,32.174,velocity_chirp,1,2,103.83767700195312,103.93960571289062,10.886555671691895,0.13648225367069244,1,1
15.28273752797395,32.174,velocity_chirp,1,1,-7.922620615222883,-127.0159912109375,-4.852166175842285,-0.10309747606515884,2,1
15.28273752797395,32.174,velocity_chirp,0,4,,0.0,-0.0,-0.017999999225139618,0,1
15.28273752797395,32.174,velocity_chirp,0,1,,0.0,0.0,-0.008999999612569809,0,1
15.293061696982477,32.184,velocity_chirp,1,2,103.83767700195312,103.85467529296875,5.8270063400268555,-0.08901644498109818,1,1
15.293061696982477,32.184,velocity_chirp,1,1,-7.395451318724209,-127.0379638671875,0.04371320828795433,-0.09240452945232391,2,1
15.293061696982477,32.184,velocity_chirp,0,4,,0.0,-0.0,0.03200000151991844,0,1
15.293061696982477,32.184,velocity_chirp,0,1,,0.0,0.0,-0.0020000000949949026,0,1
15.302838682953734,32.194,velocity_chirp,1,2,103.83767700195312,103.93960571289062,-1.2694315910339355,-0.17887715995311737,1,1
15.302838682953734,32.194,velocity_chirp,1,1,-6.810132880037737,-127.0159912109375,0.04371320828795433,-0.08828216046094894,2,1
15.302838682953734,32.194,velocity_chirp,0,4,,0.0,-0.0,-0.017999999225139618,0,1
15.302838682953734,32.194,velocity_chirp,0,1,,0.0,0.0,-0.008999999612569809,0,1
15.313192747998983,32.204,velocity_chirp,1,2,103.83767700195312,103.84329223632812,-1.5942027568817139,0.15014569461345673,1,1
15.313192747998983,32.204,velocity_chirp,1,1,-6.062686896579729,-127.0159912109375,0.04371320828795433,-0.08868248760700226,2,1
15.313192747998983,32.204,velocity_chirp,0,4,,0.0,-0.0,-0.017999999225139618,0,1
15.313192747998983,32.204,velocity_chirp,0,1,,0.0,0.0,0.05700000002980232,0,1
15.322639520978555,32.214,velocity_chirp,1,2,103.83767700195312,103.91763305664062,3.115877389907837,0.04415421187877655,1,1
15.322639520978555,32.214,velocity_chirp,1,1,-5.3622099776152465,-127.0379638671875,-0.04371320828795433,-0.10370886325836182,2,1
15.322639520978555,32.214,velocity_chirp,0,4,,0.0,-0.0,0.03200000151991844,0,1
15.322639520978555,32.214,velocity_chirp,0,1,,0.0,0.0,-0.008999999612569809,0,1
15.333377129980363,32.224,velocity_chirp,1,2,103.83767700195312,103.85745239257812,2.296066999435425,-0.015063454397022724,1,1
15.333377129980363,32.224,velocity_chirp,1,1,-4.553090140060631,-127.0599365234375,-2.404226541519165,-0.11394625902175903,2,1
15.333377129980363,32.224,velocity_chirp,0,4,,0.0,-0.0,0.006000000052154064,0,1
15.333377129980363,32.224,velocity_chirp,0,1,,0.0,0.0,-0.008999999612569809,0,1
15.342980116955005,32.234,velocity_chirp,1,2,103.83767700195312,103.93960571289062,0.5770143270492554,-0.011283009313046932,1,1
15.342980116955005,32.234,velocity_chirp,1,1,-3.7377880219398136,-127.10400390625,-4.764739513397217,-0.12333960086107254,2,1
15.342980116955005,32.234,velocity_chirp,0,4,,0.0,-0.0,-0.2240000069141388,0,1
15.342980116955005,32.234,velocity_chirp,0,1,,0.0,0.0,0.05700000002980232,0,1
15.35285423597088,32.244,velocity_chirp,1,2,103.83767700195312,103.85467529296875,10.431310653686523,0.07105632871389389,1,1
15.35285423597088,32.244,velocity_chirp,1,1,-2.817112269422664,-127.08203125,0.04371320828795433,-0.10586992651224136,2,1
15.35285423597088,32.244,velocity_chirp,0,4,,0.0,-0.0,-0.017999999225139618,0,1
15.35285423597088,32.244,velocity_chirp,0,1,,0.0,0.0,-0.008999999612569809,0,1
15.362472441978753,32.254,velocity_chirp,1,2,103.83767700195312,103.91763305664062,8.270757675170898,0.21086667478084564,1,1
15.362472441978753,32.254,velocity_chirp,1,1,-2.817112269422664,-127.08203125,0.04371320828795433,-0.10416819155216217,2,1
15.362472441978753,32.254,velocity_chirp,0,4,,0.0,-0.0,-0.017999999225139618,0,1
15.362472441978753,32.254,velocity_chirp,0,1,,0.0,0.0,-0.008999999612569809,0,1
15.372860040981323,32.264,velocity_chirp,1,2,103.83767700195312,103.84896850585938,9.781460762023926,0.19310855865478516,1,1
15.372860040981323,32.264,velocity_chirp,1,1,-1.996509264085359,-127.08203125,0.04371320828795433,-0.11346577852964401,2,1
15.372860040981323,32.264,velocity_chirp,0,4,,0.0,-0.0,-0.017999999225139618,0,1
15.372860040981323,32.264,velocity_chirp,0,1,,0.0,0.0,0.05700000002980232,0,1
15.382497623970266,32.274,velocity_chirp,1,2,103.83767700195312,103.93960571289062,5.731894493103027,0.13252677023410797,1,1
15.382497623970266,32.274,velocity_chirp,1,1,-1.1566946711750996,-127.08203125,0.04371320828795433,-0.12834735214710236,2,1
15.382497623970266,32.274,velocity_chirp,0,4,,0.0,-0.0,0.006000000052154064,0,1
15.382497623970266,32.274,velocity_chirp,0,1,,0.0,0.0,-0.008999999612569809,0,1
15.392926148953848,32.284,velocity_chirp,1,2,103.83767700195312,103.84329223632812,-8.653279304504395,-0.025411326438188553,1,1
15.392926148953848,32.284,velocity_chirp,1,1,-0.1803972578867691,-127.10400390625,0.04371320828795433,-0.14126838743686676,2,1
15.392926148953848,32.284,velocity_chirp,0,4,,0.0,-0.0,-0.017999999225139618,0,1
15.392926148953848,32.284,velocity_chirp,0,1,,0.0,0.0,-0.01600000075995922,0,1
15.402472288988065,32.294,velocity_chirp,1,2,103.83767700195312,103.91763305664062,3.038942337036133,0.2570516765117645,1,1
15.402472288988065,32.294,velocity_chirp,1,1,0.6639498239705965,-127.10400390625,0.04371320828795433,-0.14895015954971313,2,1
15.402472288988065,32.294,velocity_chirp,0,4,,0.0,-0.0,0.006000000052154064,0,1
15.402472288988065,32.294,velocity_chirp,0,1,,0.0,0.0,0.05700000002980232,0,1
15.412823348946404,32.304,velocity_chirp,1,2,103.83767700195312,103.93960571289062,-0.8078200817108154,-0.005780389998108149,1,1
15.412823348946404,32.304,velocity_chirp,1,1,1.6247343759289699,-127.10400390625,0.04371320828795433,-0.15660522878170013,2,1
15.412823348946404,32.304,velocity_chirp,0,4,,0.0,-0.0,0.054999999701976776,0,1
15.412823348946404,32.304,velocity_chirp,0,1,,0.0,0.0,-0.008999999612569809,0,1
15.422457634995226,32.314,velocity_chirp,1,2,103.83767700195312,103.91763305664062,10.34800910949707,0.17367766797542572,1,1
15.422457634995226,32.314,velocity_chirp,1,1,2.4658020968737584,-127.10400390625,0.04371320828795433,-0.16202329099178314,2,1
15.422457634995226,32.314,velocity_chirp,0,4,,0.0,-0.0,-0.017999999225139618,0,1
15.422457634995226,32.314,velocity_chirp,0,1,,0.0,0.0,-0.0020000000949949026,0,1
15.43405449698912,32.325,velocity_chirp,1,2,103.83767700195312,103.82913208007812,-4.302452087402344,0.055214449763298035,1,1
15.43405449698912,32.325,velocity_chirp,1,1,3.3750867828131135,-127.10400390625,0.04371320828795433,-0.1616113930940628,2,1
15.43405449698912,32.325,velocity_chirp,0,4,,0.0,-0.0,0.054999999701976776,0,1
15.43405449698912,32.325,velocity_chirp,0,1,,0.0,0.0,0.05700000002980232,0,1
15.44244302099105,32.334,velocity_chirp,1,2,103.83767700195312,103.93960571289062,7.578340530395508,0.10146521031856537,1,1
15.44244302099105,32.334,velocity_chirp,1,1,4.2700077414562765,-127.10400390625,0.04371320828795433,-0.15755577385425568,2,1
15.44244302099105,32.334,velocity_chirp,0,4,,0.0,-0.0,0.03200000151991844,0,1
15.44244302099105,32.334,velocity_chirp,0,1,,0.0,0.0,-0.008999999612569809,0,1
15.452861046942417,32.344,velocity_chirp,1,2,103.83767700195312,103.84329223632812,-3.221798896789551,0.10062932968139648,1,1
15.452861046942417,32.344,velocity_chirp,1,1,5.043979149036626,-127.10400390625,0.04371320828795433,-0.15915971994400024,2,1
15.452861046942417,32.344,velocity_chirp,0,4,,0.0,-0.0,0.03200000151991844,0,1
15.452861046942417,32.344,velocity_chirp,0,1,,0.0,0.0,-0.008999999612569809,0,1
15.462545708986,32.354,velocity_chirp,1,2,103.83767700195312,103.93960571289062,3.19281268119812,0.019102701917290688,1,1
15.462545708986,32.354,velocity_chirp,1,1,5.758956442174407,-127.10400390625,0.04371320828795433,-0.15336264669895172,2,1
15.462545708986,32.354,velocity_chirp,0,4,,0.0,-0.0,-0.017999999225139618,0,1
15.462545708986,32.354,velocity_chirp,0,1,,0.0,0.0,-0.008999999612569809,0,1
15.472783604986034,32.364,velocity_chirp,1,2,103.83767700195312,103.85467529296875,11.156058311462402,0.11038815230131149,1,1
15.472783604986034,32.364,velocity_chirp,1,1,6.416861663299978,-127.10400390625,0.04371320828795433,-0.15492761135101318,2,1
15.472783604986034,32.364,velocity_chirp,0,4,,0.0,-0.0,0.006000000052154064,0,1
15.472783604986034,32.364,velocity_chirp,0,1,,0.0,0.0,-0.008999999612569809,0,1
15.482701275963336,32.374,velocity_chirp,1,2,103.83767700195312,103.93960571289062,-6.808769226074219,-0.19259202480316162,1,1
15.482701275963336,32.374,velocity_chirp,1,1,6.416861663299978,-127.10400390625,0.04371320828795433,-0.14431166648864746,2,1
15.482701275963336,32.374,velocity_chirp,0,4,,0.0,-0.0,0.006000000052154064,0,1
15.482701275963336,32.374,velocity_chirp,0,1,,0.0,0.0,-0.008999999612569809,0,1
15.492834003991447,32.384,velocity_chirp,1,2,103.83767700195312,103.84051513671875,5.213696479797363,0.2517685890197754,1,1
15.492834003991447,32.384,velocity_chirp,1,1,7.098505068926784,-127.10400390625,0.04371320828795433,-0.14276130497455597,2,1
15.492834003991447,32.384,velocity_chirp,0,4,,0.0,-0.0,-0.017999999225139618,0,1
15.492834003991447,32.384,velocity_chirp,0,1,,0.0,0.0,-0.008999999612569809,0,1
15.502753307984676,32.394,velocity_chirp,1,2,103.83767700195312,103.93960571289062,-0.19233810901641846,0.17255708575248718,1,1
15.502753307984676,32.394,velocity_chirp,1,1,7.661463538721359,-127.10400390625,0.04371320828795433,-0.12766602635383606,2,1
15.502753307984676,32.394,velocity_chirp,0,4,,0.0,-0.0,-0.017999999225139618,0,1
15.502753307984676,32.394,velocity_chirp,0,1,,0.0,0.0,-0.008999999612569809,0,1
15.512813117995393,32.404,velocity_chirp,1,2,103.83767700195312,103.86318969726562,4.911627292633057,0.1112024188041687,1,1
15.512813117995393,32.404,velocity_chirp,1,1,8.169685077252666,-127.10400390625,0.04371320828795433,-0.12874780595302582,2,1
15.512813117995393,32.404,velocity_chirp,0,4,,0.0,-0.0,-0.017999999225139618,0,1
15.512813117995393,32.404,velocity_chirp,0,1,,0.0,0.0,-0.07699999958276749,0,1
15.522450078977272,32.414,velocity_chirp,1,2,103.83767700195312,103.96157836914062,5.578023910522461,-0.0554574616253376,1,1
15.522450078977272,32.414,velocity_chirp,1,1,8.709646708220298,-127.10400390625,0.04371320828795433,-0.11697618663311005,2,1
15.522450078977272,32.414,velocity_chirp,0,4,,0.0,-0.0,0.03200000151991844,0,1
15.522450078977272,32.414,velocity_chirp,0,1,,0.0,0.0,-0.008999999612569809,0,1
15.533022936957423,32.424,velocity_chirp,1,2,103.83767700195312,103.93960571289062,-7.501186370849609,-0.01694399304687977,1,1
15.533022936957423,32.424,velocity_chirp,1,1,9.143049197831436,-127.08203125,0.04371320828795433,-0.11884208768606186,2,1
15.533022936957423,32.424,velocity_chirp,0,4,,0.0,-0.0,0.006000000052154064,0,1
15.533022936957423,32.424,velocity_chirp,0,1,,0.0,0.0,-0.008999999612569809,0,1
15.54265843599569,32.434,velocity_chirp,1,2,103.83767700195312,103.91763305664062,-4.269906044006348,0.1611674726009369,1,1
15.54265843599569,32.434,velocity_chirp,1,1,9.470354709312723,-127.08203125,0.04371320828795433,-0.10784945636987686,2,1
15.54265843599569,32.434,velocity_chirp,0,4,,0.0,-0.0,-0.017999999225139618,0,1
15.54265843599569,32.434,velocity_chirp,0,1,,0.0,0.0,-0.008999999612569809,0,1
15.562595400959253,32.453,velocity_chirp,1,2,103.83767700195312,103.83477783203125,2.047220468521118,0.044885870069265366,1,1
15.562595400959253,32.453,velocity_chirp,1,1,9.9050561964088,-127.08203125,0.04371320828795433,-0.09643219411373138,2,1
15.562595400959253,32.453,velocity_chirp,0,4,,0.0,-0.0,0.006000000052154064,0,1
15.562595400959253,32.453,velocity_chirp,0,1,,0.0,0.0,0.05000000074505806,0,1
15.565017202985473,32.456,velocity_chirp,1,2,103.83767700195312,103.93960571289062,3.7313594818115234,0.044885870069265366,1,1
15.565017202985473,32.456,velocity_chirp,1,1,9.9050561964088,-127.08203125,0.04371320828795433,-0.09643219411373138,2,1
15.565017202985473,32.456,velocity_chirp,0,4,,0.0,-0.0,0.006000000052154064,0,1
15.565017202985473,32.456,velocity_chirp,0,1,,0.0,0.0,-0.008999999612569809,0,1
15.572854907950386,32.464,velocity_chirp,1,2,103.83767700195312,103.84613037109375,-7.552918434143066,0.09978177398443222,1,1
15.572854907950386,32.464,velocity_chirp,1,1,9.9916286172883,-127.08203125,0.04371320828795433,-0.07739073783159256,2,1
15.572854907950386,32.464,velocity_chirp,0,4,,0.0,-0.0,0.054999999701976776,0,1
15.572854907950386,32.464,velocity_chirp,0,1,,0.0,0.0,-0.0020000000949949026,0,1
15.582888817996718,32.474,velocity_chirp,1,2,103.83767700195312,103.93960571289062,-3.500553607940674,0.09542592614889145,1,1
15.582888817996718,32.474,velocity_chirp,1,1,9.9916286172883,-127.08203125,0.04371320828795433,-0.06792573630809784,2,1
15.582888817996718,32.474,velocity_chirp,0,4,,0.0,-0.0,0.03200000151991844,0,1
15.582888817996718,32.474,velocity_chirp,0,1,,0.0,0.0,-0.01600000075995922,0,1
15.59291739895707,32.484,velocity_chirp,1,2,103.83767700195312,103.84896850585938,10.047823905944824,0.15690845251083374,1,1
15.59291739895707,32.484,velocity_chirp,1,1,9.986806297171078,-127.08203125,0.04371320828795433,-0.0674688071012497,2,1
15.59291739895707,32.484,velocity_chirp,0,4,,0.0,-0.0,-0.017999999225139618,0,1
15.59291739895707,32.484,velocity_chirp,0,1,,0.0,0.0,-0.008999999612569809,0,1
15.603006643999834,32.494,velocity_chirp,1,2,103.83767700195312,103.93960571289062,1.2694315910339355,-0.014227135106921196,1,1
15.603006643999834,32.494,velocity_chirp,1,1,9.908892275541568,-127.0599365234375,4.939592361450195,-0.05711239576339722,2,1
15.603006643999834,32.494,velocity_chirp,0,4,,0.0,-0.0,0.23800000548362732,0,1
15.603006643999834,32.494,velocity_chirp,0,1,,0.0,0.0,-0.008999999612569809,0,1
15.612957187986467,32.504,velocity_chirp,1,2,103.83767700195312,103.84896850585938,-2.8987350463867188,0.15690751373767853,1,1
15.612957187986467,32.504,velocity_chirp,1,1,9.758528090613654,-127.0599365234375,0.04371320828795433,-0.05716702342033386,2,1
15.612957187986467,32.504,velocity_chirp,0,4,,0.0,-0.0,0.03200000151991844,0,1
15.612957187986467,32.504,velocity_chirp,0,1,,0.0,0.0,-0.0020000000949949026,0,1
15.622753750998527,32.514,velocity_chirp,1,2,103.83767700195312,103.84896850585938,-2.7425525188446045,0.18885430693626404,1,1
15.622753750998527,32.514,velocity_chirp,1,1,9.48577935395731,-127.0599365234375,4.939592361450195,-0.04825891926884651,2,1
15.622753750998527,32.514,velocity_chirp,0,4,,0.0,-0.0,0.03200000151991844,0,1
15.622753750998527,32.514,velocity_chirp,0,1,,0.0,0.0,-0.008999999612569809,0,1
15.632946110970806,32.524,velocity_chirp,1,2,103.83767700195312,103.93960571289062,9.963333129882812,0.006233854219317436,1,1
15.632946110970806,32.524,velocity_chirp,1,1,9.125986132412601,-127.0379638671875,0.04371320828795433,-0.0528116412460804,2,1
15.632946110970806,32.524,velocity_chirp,0,4,,0.0,-0.0,-0.017999999225139618,0,1
15.632946110970806,32.524,velocity_chirp,0,1,,0.0,0.0,-0.008999999612569809,0,1
15.64274562895298,32.534,velocity_chirp,1,2,103.83767700195312,103.84329223632812,-6.898334980010986,0.06027640029788017,1,1
15.64274562895298,32.534,velocity_chirp,1,1,8.738024391066666,-127.0379638671875,0.04371320828795433,-0.04992597922682762,2,1
15.64274562895298,32.534,velocity_chirp,0,4,,0.0,-0.0,0.03200000151991844,0,1
15.64274562895298,32.534,velocity_chirp,0,1,,0.0,0.0,-0.008999999612569809,0,1
15.653530546987895,32.544,velocity_chirp,1,2,103.83767700195312,103.84613037109375,-3.3508455753326416,-0.020217429846525192,1,1
15.653530546987895,32.544,velocity_chirp,1,1,8.209093080759963,-127.0379638671875,0.04371320828795433,-0.04342062398791313,2,1
15.653530546987895,32.544,velocity_chirp,0,4,,0.0,-0.0,0.03200000151991844,0,1
15.653530546987895,32.544,velocity_chirp,0,1,,0.0,0.0,-0.008999999612569809,0,1
15.66296445595799,32.554,velocity_chirp,1,2,103.83767700195312,103.91763305664062,-6.347157955169678,0.0828733965754509,1,1
15.66296445595799,32.554,velocity_chirp,1,1,7.659016852235876,-126.9940185546875,4.939592361450195,-0.03596820682287216,2,1
15.66296445595799,32.554,velocity_chirp,0,4,,0.0,-0.0,-0.017999999225139618,0,1
15.66296445595799,32.554,velocity_chirp,0,1,,0.0,0.0,-0.008999999612569809,0,1
15.672830859955866,32.564,velocity_chirp,1,2,103.83767700195312,103.83197021484375,1.8386735916137695,0.1821698546409607,1,1
15.672830859955866,32.564,velocity_chirp,1,1,6.983253761148723,-126.97198486328125,0.04371320828795433,-0.03909963741898537,2,1
15.672830859955866,32.564,velocity_chirp,0,4,,0.0,-0.0,-0.017999999225139618,0,1
15.672830859955866,32.564,velocity_chirp,0,1,,0.0,0.0,-0.008999999612569809,0,1
15.682837599946652,32.574,velocity_chirp,1,2,103.83767700195312,103.91763305664062,-11.809779167175293,-0.12895812094211578,1,1
15.682837599946652,32.574,velocity_chirp,1,1,6.983253761148723,-126.97198486328125,0.04371320828795433,-0.044246479868888855,2,1
15.682837599946652,32.574,velocity_chirp,0,4,,0.0,-0.0,-0.017999999225139618,0,1
15.682837599946652,32.574,velocity_chirp,0,1,,0.0,0.0,-0.008999999612569809,0,1
15.693115450965706,32.584,velocity_chirp,1,2,103.83767700195312,103.84613037109375,-6.908357620239258,-0.07742107659578323,1,1
15.693115450965706,32.584,velocity_chirp,1,1,6.294639473557923,-126.97198486328125,0.04371320828795433,-0.05862624943256378,2,1
15.693115450965706,32.584,velocity_chirp,0,4,,0.0,-0.0,0.006000000052154064,0,1
15.693115450965706,32.584,velocity_chirp,0,1,,0.0,0.0,-0.008999999612569809,0,1
15.702887557970826,32.594,velocity_chirp,1,2,103.83767700195312,103.91763305664062,-0.11540286988019943,0.18285398185253143,1,1
15.702887557970826,32.594,velocity_chirp,1,1,5.596145649245963,-126.97198486328125,0.04371320828795433,-0.04315054789185524,2,1
15.702887557970826,32.594,velocity_chirp,0,4,,0.0,-0.0,0.054999999701976776,0,1
15.702887557970826,32.594,velocity_chirp,0,1,,0.0,0.0,0.05700000002980232,0,1
15.712863919965457,32.604,velocity_chirp,1,2,103.83767700195312,103.93960571289062,3.7313594818115234,0.0707157701253891,1,1
15.712863919965457,32.604,velocity_chirp,1,1,4.723944384384545,-126.97198486328125,0.04371320828795433,-0.03438948839902878,2,1
15.712863919965457,32.604,velocity_chirp,0,4,,0.0,-0.0,-0.017999999225139618,0,1
15.712863919965457,32.604,velocity_chirp,0,1,,0.0,0.0,-0.008999999612569809,0,1
15.72275301697664,32.614,velocity_chirp,1,2,103.83767700195312,103.93960571289062,-7.039575099945068,0.08234349638223648,1,1
15.72275301697664,32.614,velocity_chirp,1,1,3.789570800175804,-126.95001220703125,0.04371320828795433,-0.02432752400636673,2,1
15.72275301697664,32.614,velocity_chirp,0,4,,0.0,-0.0,-0.017999999225139618,0,1
15.72275301697664,32.614,velocity_chirp,0,1,,0.0,0.0,-0.008999999612569809,0,1
15.73338742199121,32.624,velocity_chirp,1,2,103.83767700195312,103.86880493164062,-7.595559120178223,-0.0791790559887886,1,1
15.73338742199121,32.624,velocity_chirp,1,1,2.85297786806154,-126.92803955078125,4.939592361450195,-0.022526901215314865,2,1
15.73338742199121,32.624,velocity_chirp,0,4,,0.0,-0.0,-0.017999999225139618,0,1
15.73338742199121,32.624,velocity_chirp,0,1,,0.0,0.0,0.05700000002980232,0,1
15.743117137986701,32.634,velocity_chirp,1,2,103.83767700195312,103.93960571289062,0.11540286988019943,-0.13285718858242035,1,1
15.743117137986701,32.634,velocity_chirp,1,1,1.948554731008516,-126.90606689453125,2.4916529655456543,-0.02590072527527809,2,1
15.743117137986701,32.634,velocity_chirp,0,4,,0.0,-0.0,0.054999999701976776,0,1
15.743117137986701,32.634,velocity_chirp,0,1,,0.0,0.0,-0.008999999612569809,0,1
15.753120170964394,32.644,velocity_chirp,1,2,103.83767700195312,103.85745239257812,-7.253445148468018,-0.11619803309440613,1,1
15.753120170964394,32.644,velocity_chirp,1,1,0.9529754508006418,-126.92803955078125,0.04371320828795433,-0.037057943642139435,2,1
15.753120170964394,32.644,velocity_chirp,0,4,,0.0,-0.0,0.03200000151991844,0,1
15.753120170964394,32.644,velocity_chirp,0,1,,0.0,0.0,-0.008999999612569809,0,1
15.7628495869576,32.654,velocity_chirp,1,2,103.83767700195312,103.84896850585938,-8.110784530639648,0.11232162266969681,1,1
15.7628495869576,32.654,velocity_chirp,1,1,0.9529754508006418,-126.92803955078125,0.04371320828795433,-0.035112086683511734,2,1
15.7628495869576,32.654,velocity_chirp,0,4,,0.0,-0.0,-0.06599999964237213,0,1
15.7628495869576,32.654,velocity_chirp,0,1,,0.0,0.0,-0.008999999612569809,0,1
15.773100416990928,32.664,velocity_chirp,1,2,103.83767700195312,103.85745239257812,3.689631223678589,0.17417162656784058,1,1
15.773100416990928,32.664,velocity_chirp,1,1,0.04182786143232353,-126.90606689453125,0.04371320828795433,-0.02642296440899372,2,1
15.773100416990928,32.664,velocity_chirp,0,4,,0.0,-0.0,-0.017999999225139618,0,1
15.773100416990928,32.664,velocity_chirp,0,1,,0.0,0.0,-0.008999999612569809,0,1
15.782720326969866,32.674,velocity_chirp,1,2,103.83767700195312,103.93960571289062,-2.5003955364227295,0.06294814497232437,1,1
15.782720326969866,32.674,velocity_chirp,1,1,-0.8314035201901877,-126.90606689453125,0.04371320828795433,-0.015083898790180683,2,1
15.782720326969866,32.674,velocity_chirp,0,4,,0.0,-0.0,0.006000000052154064,0,1
15.782720326969866,32.674,velocity_chirp,0,1,,0.0,0.0,-0.008999999612569809,0,1
15.793094429944176,32.684,velocity_chirp,1,2,103.83767700195312,103.93960571289062,-12.348325729370117,-0.04616544768214226,1,1
15.793094429944176,32.684,velocity_chirp,1,1,-1.8311137250070766,-126.90606689453125,2.4916529655456543,-0.012428267858922482,2,1
15.793094429944176,32.684,velocity_chirp,0,4,,0.0,-0.0,0.03200000151991844,0,1
15.793094429944176,32.684,velocity_chirp,0,1,,0.0,0.0,-0.008999999612569809,0,1
15.802840546995867,32.694,velocity_chirp,1,2,103.83767700195312,103.8603515625,-3.974296808242798,0.035026609897613525,1,1
15.802840546995867,32.694,velocity_chirp,1,1,-2.68761924187829,-126.88409423828125,0.04371320828795433,-0.012582872062921524,2,1
15.802840546995867,32.694,velocity_chirp,0,4,,0.0,-0.0,0.006000000052154064,0,1
15.802840546995867,32.694,velocity_chirp,0,1,,0.0,0.0,0.05700000002980232,0,1
15.812946884951089,32.704,velocity_chirp,1,2,103.83767700195312,103.851806640625,-3.6592800617218018,0.2407068908214569,1,1
15.812946884951089,32.704,velocity_chirp,1,1,-3.657588578889041,-126.88409423828125,0.04371320828795433,-0.017111314460635185,2,1
15.812946884951089,32.704,velocity_chirp,0,4,,0.0,-0.0,-0.017999999225139618,0,1
15.812946884951089,32.704,velocity_chirp,0,1,,0.0,0.0,-0.0020000000949949026,0,1
15.82283069199184,32.714,velocity_chirp,1,2,103.83767700195312,103.96157836914062,3.4236185550689697,0.3024047613143921,1,1
15.82283069199184,32.714,velocity_chirp,1,1,-4.445967390796766,-126.88409423828125,0.04371320828795433,-0.024557985365390778,2,1
15.82283069199184,32.714,velocity_chirp,0,4,,0.0,-0.0,-0.017999999225139618,0,1
15.82283069199184,32.714,velocity_chirp,0,1,,0.0,0.0,-0.008999999612569809,0,1
15.832919135980774,32.724,velocity_chirp,1,2,103.83767700195312,103.85467529296875,5.280778408050537,0.2304292619228363,1,1
15.832919135980774,32.724,velocity_chirp,1,1,-5.332817732513169,-126.88409423828125,0.04371320828795433,-0.0247785784304142,2,1
15.832919135980774,32.724,velocity_chirp,0,4,,0.0,-0.0,-0.017999999225139618,0,1
15.832919135980774,32.724,velocity_chirp,0,1,,0.0,0.0,-0.008999999612569809,0,1
15.842898763949051,32.734,velocity_chirp,1,2,103.83767700195312,103.93960571289062,3.3466832637786865,0.14822551608085632,1,1
15.842898763949051,32.734,velocity_chirp,1,1,-6.0475330348497724,-126.88409423828125,0.04371320828795433,-0.029282357543706894,2,1
15.842898763949051,32.734,velocity_chirp,0,4,,0.0,-0.0,-0.0430000014603138,0,1
15.842898763949051,32.734,velocity_chirp,0,1,,0.0,0.0,-0.008999999612569809,0,1
15.852905172971077,32.744,velocity_chirp,1,2,103.83767700195312,103.86318969726562,1.5784971714019775,-0.02073710411787033,1,1
15.852905172971077,32.744,velocity_chirp,1,1,-6.841835583716992,-126.88409423828125,0.04371320828795433,-0.024566208943724632,2,1
15.852905172971077,32.744,velocity_chirp,0,4,,0.0,-0.0,0.006000000052154064,0,1
15.852905172971077,32.744,velocity_chirp,0,1,,0.0,0.0,-0.01600000075995922,0,1
15.862610212992877,32.754,velocity_chirp,1,2,103.83767700195312,103.93960571289062,1.8849135637283325,0.11450868844985962,1,1
15.862610212992877,32.754,velocity_chirp,1,1,-6.841835583716992,-126.88409423828125,0.04371320828795433,-0.029279300943017006,2,1
15.862610212992877,32.754,velocity_chirp,0,4,,0.0,-0.0,0.23800000548362732,0,1
15.862610212992877,32.754,velocity_chirp,0,1,,0.0,0.0,-0.008999999612569809,0,1
15.87301258998923,32.764,velocity_chirp,1,2,103.83767700195312,103.83767700195312,-6.350265026092529,0.07462195307016373,1,1
15.87301258998923,32.764,velocity_chirp,1,1,-7.4893645065260195,-126.88409423828125,0.04371320828795433,-0.028652526438236237,2,1
15.87301258998923,32.764,velocity_chirp,0,4,,0.0,-0.0,-0.017999999225139618,0,1
15.87301258998923,32.764,velocity_chirp,0,1,,0.0,0.0,-0.008999999612569809,0,1
15.882843196974136,32.774,velocity_chirp,1,2,103.83767700195312,103.91763305664062,-5.8855462074279785,0.0027238689363002777,1,1
15.882843196974136,32.774,velocity_chirp,1,1,-8.051569733513318,-126.90606689453125,-1.1802566051483154,-0.03540702909231186,2,1
15.882843196974136,32.774,velocity_chirp,0,4,,0.0,-0.0,0.006000000052154064,0,1
15.882843196974136,32.774,velocity_chirp,0,1,,0.0,0.0,-0.008999999612569809,0,1
15.893485746986698,32.784,velocity_chirp,1,2,103.83767700195312,103.91763305664062,-2.9620070457458496,0.05057014524936676,1,1
15.893485746986698,32.784,velocity_chirp,1,1,-8.62592503654848,-126.90606689453125,0.04371320828795433,-0.030185511335730553,2,1
15.893485746986698,32.784,velocity_chirp,0,4,,0.0,-0.0,-0.25,0,1
15.893485746986698,32.784,velocity_chirp,0,1,,0.0,0.0,-0.0020000000949949026,0,1
15.902983244974166,32.794,velocity_chirp,1,2,103.83767700195312,103.93960571289062,6.424311637878418,0.24627317488193512,1,1
15.902983244974166,32.794,velocity_chirp,1,1,-9.053030177627805,-126.90606689453125,0.04371320828795433,-0.03943633288145065,2,1
15.902983244974166,32.794,velocity_chirp,0,4,,0.0,-0.0,-0.017999999225139618,0,1
15.902983244974166,32.794,velocity_chirp,0,1,,0.0,0.0,-0.008999999612569809,0,1
15.912956650950946,32.804,velocity_chirp,1,2,103.83767700195312,103.91763305664062,-3.115877389907837,0.026432611048221588,1,1
15.912956650950946,32.804,velocity_chirp,1,1,-9.4368540513447,-126.90606689453125,-4.240180969238281,-0.054346971213817596,2,1
15.912956650950946,32.804,velocity_chirp,0,4,,0.0,-0.0,-0.017999999225139618,0,1
15.912956650950946,32.804,velocity_chirp,0,1,,0.0,0.0,-0.008999999612569809,0,1
15.923048481985461,32.814,velocity_chirp,1,2,103.83767700195312,103.91763305664062,3.115877389907837,0.0468723326921463,1,1
15.923048481985461,32.814,velocity_chirp,1,1,-9.688916767511637,-126.92803955078125,0.04371320828795433,-0.0638158991932869,2,1
15.923048481985461,32.814,velocity_chirp,0,4,,0.0,-0.0,-0.017999999225139618,0,1
15.923048481985461,32.814,velocity_chirp,0,1,,0.0,0.0,-0.008999999612569809,0,1
15.933520028949715,32.825,velocity_chirp,1,2,103.83767700195312,103.82913208007812,3.333101272583008,-0.02351590245962143,1,1
15.933520028949715,32.825,velocity_chirp,1,1,-9.892182373545552,-126.92803955078125,0.04371320828795433,-0.06821601092815399,2,1
15.933520028949715,32.825,velocity_chirp,0,4,,0.0,-0.0,-0.017999999225139618,0,1
15.933520028949715,32.825,velocity_chirp,0,1,,0.0,0.0,-0.0020000000949949026,0,1
15.943344914994668,32.834,velocity_chirp,1,2,103.83767700195312,103.84051513671875,12.865873336791992,0.10696080327033997,1,1
15.943344914994668,32.834,velocity_chirp,1,1,-9.9849962235153,-126.92803955078125,0.04371320828795433,-0.07763306051492691,2,1
15.943344914994668,32.834,velocity_chirp,0,4,,0.0,-0.0,-0.017999999225139618,0,1
15.943344914994668,32.834,velocity_chirp,0,1,,0.0,0.0,-0.008999999612569809,0,1
15.953413270995952,32.844,velocity_chirp,1,2,103.83767700195312,103.84329223632812,3.5635275840759277,0.11649023741483688,1,1
15.953413270995952,32.844,velocity_chirp,1,1,-9.988716847503134,-126.95001220703125,0.04371320828795433,-0.079611636698246,2,1
15.953413270995952,32.844,velocity_chirp,0,4,,0.0,-0.0,0.006000000052154064,0,1
15.953413270995952,32.844,velocity_chirp,0,1,,0.0,0.0,-0.008999999612569809,0,1
15.962777416978497,32.854,velocity_chirp,1,2,103.83767700195312,103.93960571289062,2.5773308277130127,-0.02489839494228363,1,1
15.962777416978497,32.854,velocity_chirp,1,1,-9.988716847503134,-126.95001220703125,-4.852166175842285,-0.08815661072731018,2,1
15.962777416978497,32.854,velocity_chirp,0,4,,0.0,-0.0,0.03200000151991844,0,1
15.962777416978497,32.854,velocity_chirp,0,1,,0.0,0.0,-0.008999999612569809,0,1
15.972981979954056,32.864,velocity_chirp,1,2,103.83767700195312,103.83477783203125,-3.479074478149414,-0.0799235925078392,1,1
15.972981979954056,32.864,velocity_chirp,1,1,-9.905646919086145,-126.97198486328125,0.04371320828795433,-0.08512576669454575,2,1
15.972981979954056,32.864,velocity_chirp,0,4,,0.0,-0.0,-0.017999999225139618,0,1
15.972981979954056,32.864,velocity_chirp,0,1,,0.0,0.0,0.05000000074505806,0,1
15.982678974978626,32.874,velocity_chirp,1,2,103.83767700195312,103.91763305664062,4.9625420570373535,0.09515340626239777,1,1
15.982678974978626,32.874,velocity_chirp,1,1,-9.746349550148711,-126.97198486328125,0.04371320828795433,-0.0929514616727829,2,1
15.982678974978626,32.874,velocity_chirp,0,4,,0.0,-0.0,0.006000000052154064,0,1
15.982678974978626,32.874,velocity_chirp,0,1,,0.0,0.0,-0.008999999612569809,0,1
15.993275888962671,32.884,velocity_chirp,1,2,103.83767700195312,103.91763305664062,12.809937477111816,0.25952619314193726,1,1
15.993275888962671,32.884,velocity_chirp,1,1,-9.461970883585108,-126.97198486328125,0.04371320828795433,-0.08911716192960739,2,1
15.993275888962671,32.884,velocity_chirp,0,4,,0.0,-0.0,0.006000000052154064,0,1
15.993275888962671,32.884,velocity_chirp,0,1,,0.0,0.0,-0.008999999612569809,0,1
16.003020362986717,32.894,velocity_chirp,1,2,103.83767700195312,103.91763305664062,-3.7313594818115234,-0.008302431553602219,1,1
16.003020362986717,32.894,velocity_chirp,1,1,-9.125757117658608,-126.97198486328125,-0.1311396211385727,-0.10050439089536667,2,1
16.003020362986717,32.894,velocity_chirp,0,4,,0.0,-0.0,0.03200000151991844,0,1
16.003020362986717,32.894,velocity_chirp,0,1,,0.0,0.0,-0.008999999612569809,0,1
16.013091944972984,32.904,velocity_chirp,1,2,103.83767700195312,103.91763305664062,1.4233020544052124,0.06786802411079407,1,1
16.013091944972984,32.904,velocity_chirp,1,1,-8.6486854283561,-126.9940185546875,-0.04371320828795433,-0.10155396908521652,2,1
16.013091944972984,32.904,velocity_chirp,0,4,,0.0,-0.0,-0.017999999225139618,0,1
16.013091944972984,32.904,velocity_chirp,0,1,,0.0,0.0,0.05700000002980232,0,1
16.02316628198605,32.914,velocity_chirp,1,2,103.83767700195312,103.91763305664062,-4.654582500457764,-0.009328226558864117,1,1
16.02316628198605,32.914,velocity_chirp,1,1,-8.179318830203886,-127.0379638671875,-1.1802566051483154,-0.103255994617939,2,1
16.02316628198605,32.914,velocity_chirp,0,4,,0.0,-0.0,-0.017999999225139618,0,1
16.02316628198605,32.914,velocity_chirp,0,1,,0.0,0.0,-0.008999999612569809,0,1
16.03303003194742,32.924,velocity_chirp,1,2,103.83767700195312,103.83477783203125,2.8314027786254883,-0.002017372287809849,1,1
16.03303003194742,32.924,velocity_chirp,1,1,-7.64070632254599,-127.0379638671875,0.04371320828795433,-0.09982582926750183,2,1
16.03303003194742,32.924,velocity_chirp,0,4,,0.0,-0.0,-0.017999999225139618,0,1
16.03303003194742,32.924,velocity_chirp,0,1,,0.0,0.0,-0.008999999612569809,0,1
16.04350838199025,32.934,velocity_chirp,1,2,103.83767700195312,103.91763305664062,8.270757675170898,0.08409183472394943,1,1
16.04350838199025,32.934,velocity_chirp,1,1,-6.914845739986216,-127.0379638671875,0.04371320828795433,-0.09701178222894669,2,1
16.04350838199025,32.934,velocity_chirp,0,4,,0.0,-0.0,0.054999999701976776,0,1
16.04350838199025,32.934,velocity_chirp,0,1,,0.0,0.0,-0.008999999612569809,0,1
16.053510532947257,32.944,velocity_chirp,1,2,103.83767700195312,103.81210327148438,3.745590925216675,0.1398978978395462,1,1
16.053510532947257,32.944,velocity_chirp,1,1,-6.241374366231838,-127.0379638671875,0.04371320828795433,-0.10205678641796112,2,1
16.053510532947257,32.944,velocity_chirp,0,4,,0.0,-0.0,0.006000000052154064,0,1
16.053510532947257,32.944,velocity_chirp,0,1,,0.0,0.0,-0.008999999612569809,0,1
16.06286992999958,32.954,velocity_chirp,1,2,103.83767700195312,103.91763305664062,11.117362022399902,0.09465862810611725,1,1
16.06286992999958,32.954,velocity_chirp,1,1,-5.390244084569358,-127.0599365234375,-0.21856604516506195,-0.11429965496063232,2,1
16.06286992999958,32.954,velocity_chirp,0,4,,0.0,-0.0,0.03200000151991844,0,1
16.06286992999958,32.954,velocity_chirp,0,1,,0.0,0.0,-0.008999999612569809,0,1
16.07305142999394,32.964,velocity_chirp,1,2,103.83767700195312,103.82623291015625,-4.7738542556762695,-0.08145296573638916,1,1
16.07305142999394,32.964,velocity_chirp,1,1,-4.627401136837384,-127.10400390625,0.04371320828795433,-0.11819807440042496,2,1
16.07305142999394,32.964,velocity_chirp,0,4,,0.0,-0.0,0.006000000052154064,0,1
16.07305142999394,32.964,velocity_chirp,0,1,,0.0,0.0,-0.0020000000949949026,0,1
16.08286623697495,32.974,velocity_chirp,1,2,103.83767700195312,103.91763305664062,0.2692733705043793,0.007880831137299538,1,1
16.08286623697495,32.974,velocity_chirp,1,1,-4.627401136837384,-127.08203125,0.04371320828795433,-0.11818933486938477,2,1
16.08286623697495,32.974,velocity_chirp,0,4,,0.0,-0.0,0.006000000052154064,0,1
16.08286623697495,32.974,velocity_chirp,0,1,,0.0,0.0,-0.008999999612569809,0,1
16.09331626299536,32.984,velocity_chirp,1,2,103.83767700195312,103.82913208007812,0.9878292083740234,-0.07062335312366486,1,1
16.09331626299536,32.984,velocity_chirp,1,1,-3.7908184204561843,-127.08203125,0.04371320828795433,-0.1096203476190567,2,1
16.09331626299536,32.984,velocity_chirp,0,4,,0.0,-0.0,-0.017999999225139618,0,1
16.09331626299536,32.984,velocity_chirp,0,1,,0.0,0.0,-0.008999999612569809,0,1
16.103173970943317,32.994,velocity_chirp,1,2,103.83767700195312,103.89566040039062,-6.501028537750244,-0.28688234090805054,1,1
16.103173970943317,32.994,velocity_chirp,1,1,-2.93741916145358,-127.08203125,0.04371320828795433,-0.12229476869106293,2,1
16.103173970943317,32.994,velocity_chirp,0,4,,0.0,-0.0,-0.017999999225139618,0,1
16.103173970943317,32.994,velocity_chirp,0,1,,0.0,0.0,-0.01600000075995922,0,1
16.11293530795956,33.004,velocity_chirp,1,2,103.83767700195312,103.89566040039062,5.270282745361328,0.051306162029504776,1,1
16.11293530795956,33.004,velocity_chirp,1,1,-1.9088720012791422,-127.08203125,0.04371320828795433,-0.13455542922019958,2,1
16.11293530795956,33.004,velocity_chirp,0,4,,0.0,-0.0,-0.017999999225139618,0,1
16.11293530795956,33.004,velocity_chirp,0,1,,0.0,0.0,-0.008999999612569809,0,1
16.12318900297396,33.014,velocity_chirp,1,2,103.83767700195312,103.81210327148438,-3.8652184009552,0.2561219036579132,1,1
16.12318900297396,33.014,velocity_chirp,1,1,-0.8572226157336666,-127.10400390625,0.04371320828795433,-0.1508093625307083,2,1
16.12318900297396,33.014,velocity_chirp,0,4,,0.0,-0.0,-0.017999999225139618,0,1
16.12318900297396,33.014,velocity_chirp,0,1,,0.0,0.0,-0.008999999612569809,0,1
16.13318566395901,33.024,velocity_chirp,1,2,103.83767700195312,103.80645751953125,1.0260848999023438,0.22579777240753174,1,1
16.13318566395901,33.024,velocity_chirp,1,1,0.039867695990668,-127.10400390625,0.04371320828795433,-0.15839025378227234,2,1
16.13318566395901,33.024,velocity_chirp,0,4,,0.0,-0.0,-0.017999999225139618,0,1
16.13318566395901,33.024,velocity_chirp,0,1,,0.0,0.0,-0.008999999612569809,0,1
16.14294995594537,33.034,velocity_chirp,1,2,103.83767700195312,103.91763305664062,-2.4234602451324463,0.03841627761721611,1,1
16.14294995594537,33.034,velocity_chirp,1,1,1.0995183560556987,-127.10400390625,0.04371320828795433,-0.16299539804458618,2,1
16.14294995594537,33.034,velocity_chirp,0,4,,0.0,-0.0,-0.017999999225139618,0,1
16.14294995594537,33.034,velocity_chirp,0,1,,0.0,0.0,-0.008999999612569809,0,1
16.153156291984487,33.044,velocity_chirp,1,2,103.83767700195312,103.81784057617188,-12.01904010772705,-0.051841720938682556,1,1
16.153156291984487,33.044,velocity_chirp,1,1,2.130768415722101,-127.10400390625,0.04371320828795433,-0.16802850365638733,2,1
16.153156291984487,33.044,velocity_chirp,0,4,,0.0,-0.0,-0.017999999225139618,0,1
16.153156291984487,33.044,velocity_chirp,0,1,,0.0,0.0,-0.008999999612569809,0,1
16.162695578997955,33.054,velocity_chirp,1,2,103.83767700195312,103.89566040039062,1.0386258363723755,0.215962752699852,1,1
16.162695578997955,33.054,velocity_chirp,1,1,2.130768415722101,-127.10400390625,0.04371320828795433,-0.168499156832695,2,1
16.162695578997955,33.054,velocity_chirp,0,4,,0.0,-0.0,-0.017999999225139618,0,1
16.162695578997955,33.054,velocity_chirp,0,1,,0.0,0.0,-0.0020000000949949026,0,1
16.1732838669559,33.064,velocity_chirp,1,2,103.83767700195312,103.80645751953125,-5.596820831298828,0.034987278282642365,1,1
16.1732838669559,33.064,velocity_chirp,1,1,3.0503806928595716,-127.10400390625,0.04371320828795433,-0.17352065443992615,2,1
16.1732838669559,33.064,velocity_chirp,0,4,,0.0,-0.0,-0.017999999225139618,0,1
16.1732838669559,33.064,velocity_chirp,0,1,,0.0,0.0,-0.008999999612569809,0,1
16.18322879995685,33.074,velocity_chirp,1,2,103.83767700195312,103.91763305664062,3.577488899230957,-0.044465117156505585,1,1
16.18322879995685,33.074,velocity_chirp,1,1,3.9279291122953257,-127.10400390625,0.04371320828795433,-0.16909869015216827,2,1
16.18322879995685,33.074,velocity_chirp,0,4,,0.0,-0.0,0.006000000052154064,0,1
16.18322879995685,33.074,velocity_chirp,0,1,,0.0,0.0,-0.008999999612569809,0,1
16.193234125967138,33.084,velocity_chirp,1,2,103.83767700195312,103.91763305664062,-0.730884850025177,0.18333502113819122,1,1
16.193234125967138,33.084,velocity_chirp,1,1,4.895004601604276,-127.10400390625,0.04371320828795433,-0.17352072894573212,2,1
16.193234125967138,33.084,velocity_chirp,0,4,,0.0,-0.0,0.054999999701976776,0,1
16.193234125967138,33.084,velocity_chirp,0,1,,0.0,0.0,-0.008999999612569809,0,1
16.20332127797883,33.094,velocity_chirp,1,2,103.83767700195312,103.93960571289062,12.733001708984375,0.12274681031703949,1,1
16.20332127797883,33.094,velocity_chirp,1,1,5.64926623312039,-127.10400390625,0.04371320828795433,-0.16417118906974792,2,1
16.20332127797883,33.094,velocity_chirp,0,4,,0.0,-0.0,0.03200000151991844,0,1
16.20332127797883,33.094,velocity_chirp,0,1,,0.0,0.0,-0.01600000075995922,0,1
16.21290332596982,33.104,velocity_chirp,1,2,103.83767700195312,103.91763305664062,2.5773308277130127,0.14170026779174805,1,1
16.21290332596982,33.104,velocity_chirp,1,1,6.364707417692523,-127.10400390625,0.04371320828795433,-0.16932377219200134,2,1
16.21290332596982,33.104,velocity_chirp,0,4,,0.0,-0.0,0.054999999701976776,0,1
16.21290332596982,33.104,velocity_chirp,0,1,,0.0,0.0,0.05700000002980232,0,1
16.22291332099121,33.114,velocity_chirp,1,2,103.83767700195312,103.93960571289062,-0.4231438636779785,0.1894848644733429,1,1
16.22291332099121,33.114,velocity_chirp,1,1,7.13200840118043,-127.10400390625,0.04371320828795433,-0.15562209486961365,2,1
16.22291332099121,33.114,velocity_chirp,0,4,,0.0,-0.0,-0.017999999225139618,0,1
16.22291332099121,33.114,velocity_chirp,0,1,,0.0,0.0,-0.008999999612569809,0,1
16.232985193957575,33.124,velocity_chirp,1,2,103.83767700195312,103.84051513671875,3.0281805992126465,0.11503555625677109,1,1
16.232985193957575,33.124,velocity_chirp,1,1,7.828883305214429,-127.10400390625,0.04371320828795433,-0.14385509490966797,2,1
16.232985193957575,33.124,velocity_chirp,0,4,,0.0,-0.0,-0.0430000014603138,0,1
16.232985193957575,33.124,velocity_chirp,0,1,,0.0,0.0,-0.008999999612569809,0,1
16.243529537983704,33.134,velocity_chirp,1,2,103.83767700195312,103.93960571289062,3.19281268119812,0.1998574435710907,1,1
16.243529537983704,33.134,velocity_chirp,1,1,8.371313009620874,-127.10400390625,0.30599245429039,-0.1335415542125702,2,1
16.243529537983704,33.134,velocity_chirp,0,4,,0.0,-0.0,0.054999999701976776,0,1
16.243529537983704,33.134,velocity_chirp,0,1,,0.0,0.0,-0.008999999612569809,0,1
16.253363481955603,33.144,velocity_chirp,1,2,103.83767700195312,103.85467529296875,-5.181130886077881,0.22249238193035126,1,1
16.253363481955603,33.144,velocity_chirp,1,1,8.843587674759505,-127.10400390625,0.04371320828795433,-0.1286463737487793,2,1
16.253363481955603,33.144,velocity_chirp,0,4,,0.0,-0.0,-0.017999999225139618,0,1
16.253363481955603,33.144,velocity_chirp,0,1,,0.0,0.0,0.05700000002980232,0,1
16.262705616944004,33.154,velocity_chirp,1,2,103.83767700195312,103.93960571289062,2.5773308277130127,0.1098444014787674,1,1
16.262705616944004,33.154,velocity_chirp,1,1,8.843587674759505,-127.10400390625,0.04371320828795433,-0.11581745743751526,2,1
16.262705616944004,33.154,velocity_chirp,0,4,,0.0,-0.0,0.03200000151991844,0,1
16.262705616944004,33.154,velocity_chirp,0,1,,0.0,0.0,-0.008999999612569809,0,1
16.27304737898521,33.164,velocity_chirp,1,2,103.83767700195312,103.84613037109375,2.787249803543091,0.036796800792217255,1,1
16.27304737898521,33.164,velocity_chirp,1,1,9.297962272258381,-127.10400390625,0.04371320828795433,-0.11460036039352417,2,1
16.27304737898521,33.164,velocity_chirp,0,4,,0.0,-0.0,-0.017999999225139618,0,1
16.27304737898521,33.164,velocity_chirp,0,1,,0.0,0.0,-0.008999999612569809,0,1
16.28301247896161,33.174,velocity_chirp,1,2,103.83767700195312,103.91763305664062,-0.5770143270492554,0.022148096933960915,1,1
16.28301247896161,33.174,velocity_chirp,1,1,9.596965033607699,-127.08203125,0.04371320828795433,-0.09717953205108643,2,1
16.28301247896161,33.174,velocity_chirp,0,4,,0.0,-0.0,-0.017999999225139618,0,1
16.28301247896161,33.174,velocity_chirp,0,1,,0.0,0.0,-0.008999999612569809,0,1
16.293218845967203,33.184,velocity_chirp,1,2,103.83767700195312,103.84329223632812,-1.2305546998977661,0.2015865445137024,1,1
16.293218845967203,33.184,velocity_chirp,1,1,9.80917468012391,-127.08203125,0.04371320828795433,-0.10049139708280563,2,1
16.293218845967203,33.184,velocity_chirp,0,4,,0.0,-0.0,-0.017999999225139618,0,1
16.293218845967203,33.184,velocity_chirp,0,1,,0.0,0.0,-0.0020000000949949026,0,1
16.302880293980706,33.194,velocity_chirp,1,2,103.83767700195312,103.93960571289062,1.1924962997436523,0.10599890351295471,1,1
16.302880293980706,33.194,velocity_chirp,1,1,9.944187683329126,-127.08203125,0.04371320828795433,-0.08639426529407501,2,1
16.302880293980706,33.194,velocity_chirp,0,4,,0.0,-0.0,-0.017999999225139618,0,1
16.302880293980706,33.194,velocity_chirp,0,1,,0.0,0.0,-0.008999999612569809,0,1
16.313049168966245,33.204,velocity_chirp,1,2,103.83767700195312,103.96157836914062,4.9625420570373535,0.04299255460500717,1,1
16.313049168966245,33.204,velocity_chirp,1,1,9.999999814937858,-127.08203125,0.04371320828795433,-0.08559253811836243,2,1
16.313049168966245,33.204,velocity_chirp,0,4,,0.0,-0.0,-0.017999999225139618,0,1
16.313049168966245,33.204,velocity_chirp,0,1,,0.0,0.0,-0.008999999612569809,0,1
16.323012686974835,33.214,velocity_chirp,1,2,103.83767700195312,103.93960571289062,-6.2702226638793945,0.07526645809412003,1,1
16.323012686974835,33.214,velocity_chirp,1,1,9.957340639662567,-127.08203125,0.04371320828795433,-0.07320929318666458,2,1
16.323012686974835,33.214,velocity_chirp,0,4,,0.0,-0.0,0.03200000151991844,0,1
16.323012686974835,33.214,velocity_chirp,0,1,,0.0,0.0,-0.0020000000949949026,0,1
16.333200227993075,33.224,velocity_chirp,1,2,103.83767700195312,103.96157836914062,-0.6539496183395386,0.059845078736543655,1,1
16.333200227993075,33.224,velocity_chirp,1,1,9.800662603006836,-127.08203125,0.30599245429039,-0.06865253299474716,2,1
16.333200227993075,33.224,velocity_chirp,0,4,,0.0,-0.0,0.03200000151991844,0,1
16.333200227993075,33.224,velocity_chirp,0,1,,0.0,0.0,-0.008999999612569809,0,1
16.342900909949094,33.234,velocity_chirp,1,2,103.83767700195312,103.93960571289062,7.732210636138916,0.02567790448665619,1,1
16.342900909949094,33.234,velocity_chirp,1,1,9.573854984005152,-127.08203125,4.589886665344238,-0.059940874576568604,2,1
16.342900909949094,33.234,velocity_chirp,0,4,,0.0,-0.0,0.006000000052154064,0,1
16.342900909949094,33.234,velocity_chirp,0,1,,0.0,0.0,-0.008999999612569809,0,1
16.35335958295036,33.244,velocity_chirp,1,2,103.83767700195312,103.85745239257812,15.901847839355469,0.24233059585094452,1,1
16.35335958295036,33.244,velocity_chirp,1,1,9.222860397676687,-127.0599365234375,0.30599245429039,-0.0508883073925972,2,1
16.35335958295036,33.244,velocity_chirp,0,4,,0.0,-0.0,-0.017999999225139618,0,1
16.35335958295036,33.244,velocity_chirp,0,1,,0.0,0.0,-0.008999999612569809,0,1
16.363350191968493,33.254,velocity_chirp,1,2,103.83767700195312,103.93960571289062,0.8847553133964539,0.25603148341178894,1,1
16.363350191968493,33.254,velocity_chirp,1,1,8.804723485117242,-127.0159912109375,0.21856604516506195,-0.04713521897792816,2,1
16.363350191968493,33.254,velocity_chirp,0,4,,0.0,-0.0,0.03200000151991844,0,1
16.363350191968493,33.254,velocity_chirp,0,1,,0.0,0.0,-0.008999999612569809,0,1
16.37348883994855,33.264,velocity_chirp,1,2,103.83767700195312,103.85745239257812,7.953500270843506,0.1809900850057602,1,1
16.37348883994855,33.264,velocity_chirp,1,1,8.229197489192636,-127.0159912109375,-4.502460479736328,-0.05634421855211258,2,1
16.37348883994855,33.264,velocity_chirp,0,4,,0.0,-0.0,0.006000000052154064,0,1
16.37348883994855,33.264,velocity_chirp,0,1,,0.0,0.0,-0.0020000000949949026,0,1
16.382797040976584,33.274,velocity_chirp,1,2,103.83767700195312,103.93960571289062,-0.6539496183395386,0.24952325224876404,1,1
16.382797040976584,33.274,velocity_chirp,1,1,8.229197489192636,-127.0159912109375,0.04371320828795433,-0.05956752225756645,2,1
16.382797040976584,33.274,velocity_chirp,0,4,,0.0,-0.0,0.006000000052154064,0,1
16.382797040976584,33.274,velocity_chirp,0,1,,0.0,0.0,0.05700000002980232,0,1
16.393192363961134,33.284,velocity_chirp,1,2,103.83767700195312,103.85745239257812,-10.455086708068848,0.06113108992576599,1,1
16.393192363961134,33.284,velocity_chirp,1,1,7.680855733554982,-127.0159912109375,0.04371320828795433,-0.06021846458315849,2,1
16.393192363961134,33.284,velocity_chirp,0,4,,0.0,-0.0,0.006000000052154064,0,1
16.393192363961134,33.284,velocity_chirp,0,1,,0.0,0.0,-0.008999999612569809,0,1
16.40288359799888,33.294,velocity_chirp,1,2,103.83767700195312,103.93960571289062,-6.577963352203369,0.04897147789597511,1,1
16.40288359799888,33.294,velocity_chirp,1,1,7.047507596598437,-127.0159912109375,0.04371320828795433,-0.04225478321313858,2,1
16.40288359799888,33.294,velocity_chirp,0,4,,0.0,-0.0,-0.017999999225139618,0,1
16.40288359799888,33.294,velocity_chirp,0,1,,0.0,0.0,-0.07699999958276749,0,1
16.412879536976106,33.304,velocity_chirp,1,2,103.83767700195312,103.93960571289062,-4.039100646972656,-0.21882666647434235,1,1
16.412879536976106,33.304,velocity_chirp,1,1,6.247826200203795,-126.9940185546875,4.852166175842285,-0.04143247753381729,2,1
16.412879536976106,33.304,velocity_chirp,0,4,,0.0,-0.0,-0.017999999225139618,0,1
16.412879536976106,33.304,velocity_chirp,0,1,,0.0,0.0,-0.008999999612569809,0,1
16.42277273297077,33.314,velocity_chirp,1,2,103.83767700195312,103.91763305664062,-1.9618487358093262,-0.20497965812683105,1,1
16.42277273297077,33.314,velocity_chirp,1,1,5.347721355214173,-126.9940185546875,0.04371320828795433,-0.03650354593992233,2,1
16.42277273297077,33.314,velocity_chirp,0,4,,0.0,-0.0,0.03200000151991844,0,1
16.42277273297077,33.314,velocity_chirp,0,1,,0.0,0.0,0.05700000002980232,0,1
16.43348279997008,33.324,velocity_chirp,1,2,103.83767700195312,103.84329223632812,-10.529601097106934,0.0888599306344986,1,1
16.43348279997008,33.324,velocity_chirp,1,1,4.397901720851315,-126.97198486328125,0.04371320828795433,-0.03417235240340233,2,1
16.43348279997008,33.324,velocity_chirp,0,4,,0.0,-0.0,-0.017999999225139618,0,1
16.43348279997008,33.324,velocity_chirp,0,1,,0.0,0.0,0.05700000002980232,0,1
16.44276570295915,33.334,velocity_chirp,1,2,103.83767700195312,103.91763305664062,-0.03846762329339981,0.014694219455122948,1,1
16.44276570295915,33.334,velocity_chirp,1,1,3.494519472768684,-126.97198486328125,0.04371320828795433,-0.03442899137735367,2,1
16.44276570295915,33.334,velocity_chirp,0,4,,0.0,-0.0,0.03200000151991844,0,1
16.44276570295915,33.334,velocity_chirp,0,1,,0.0,0.0,-0.008999999612569809,0,1
16.453049565956462,33.344,velocity_chirp,1,2,103.83767700195312,103.84896850585938,6.441408634185791,0.1719389408826828,1,1
16.453049565956462,33.344,velocity_chirp,1,1,2.516188654664143,-126.97198486328125,0.04371320828795433,-0.040149200707674026,2,1
16.453049565956462,33.344,velocity_chirp,0,4,,0.0,-0.0,0.054999999701976776,0,1
16.453049565956462,33.344,velocity_chirp,0,1,,0.0,0.0,-0.008999999612569809,0,1
16.462674523994792,33.354,velocity_chirp,1,2,103.83767700195312,103.96157836914062,6.193505764007568,0.34723952412605286,1,1
16.462674523994792,33.354,velocity_chirp,1,1,1.6156222522509112,-126.97198486328125,0.04371320828795433,-0.04146992042660713,2,1
16.462674523994792,33.354,velocity_chirp,0,4,,0.0,-0.0,-0.017999999225139618,0,1
16.462674523994792,33.354,velocity_chirp,0,1,,0.0,0.0,-0.008999999612569809,0,1
16.472962444997393,33.364,velocity_chirp,1,2,103.83767700195312,103.87164306640625,-0.47219201922416687,-0.11717680096626282,1,1
16.472962444997393,33.364,velocity_chirp,1,1,1.6156222522509112,-126.97198486328125,0.04371320828795433,-0.03186146542429924,2,1
16.472962444997393,33.364,velocity_chirp,0,4,,0.0,-0.0,0.03200000151991844,0,1
16.472962444997393,33.364,velocity_chirp,0,1,,0.0,0.0,-0.008999999612569809,0,1
16.48279915296007,33.374,velocity_chirp,1,2,103.83767700195312,103.86318969726562,2.5356571674346924,0.16117168962955475,1,1
16.48279915296007,33.374,velocity_chirp,1,1,0.6305124178981779,-126.95001220703125,0.04371320828795433,-0.024088969454169273,2,1
16.48279915296007,33.374,velocity_chirp,0,4,,0.0,-0.0,0.03200000151991844,0,1
16.48279915296007,33.374,velocity_chirp,0,1,,0.0,0.0,-0.008999999612569809,0,1
16.49285147897899,33.384,velocity_chirp,1,2,103.83767700195312,103.93960571289062,4.80845308303833,0.2533043920993805,1,1
16.49285147897899,33.384,velocity_chirp,1,1,-0.471053480243273,-126.92803955078125,2.4916529655456543,-0.02312597632408142,2,1
16.49285147897899,33.384,velocity_chirp,0,4,,0.0,-0.0,-0.017999999225139618,0,1
16.49285147897899,33.384,velocity_chirp,0,1,,0.0,0.0,-0.008999999612569809,0,1
16.50305589195341,33.394,velocity_chirp,1,2,103.83767700195312,103.91763305664062,-3.88523006439209,0.08398901671171188,1,1
16.50305589195341,33.394,velocity_chirp,1,1,-1.5581990506744283,-126.92803955078125,0.04371320828795433,-0.029747329652309418,2,1
16.50305589195341,33.394,velocity_chirp,0,4,,0.0,-0.0,-0.017999999225139618,0,1
16.50305589195341,33.394,velocity_chirp,0,1,,0.0,0.0,-0.008999999612569809,0,1
16.513025560998358,33.404,velocity_chirp,1,2,103.83767700195312,103.84613037109375,-12.046401023864746,0.05778665468096733,1,1
16.513025560998358,33.404,velocity_chirp,1,1,-2.491335115089875,-126.92803955078125,-2.404226541519165,-0.04293810948729515,2,1
16.513025560998358,33.404,velocity_chirp,0,4,,0.0,-0.0,0.23800000548362732,0,1
16.513025560998358,33.404,velocity_chirp,0,1,,0.0,0.0,0.24699999392032623,0,1
16.523174528963864,33.414,velocity_chirp,1,2,103.83767700195312,103.93960571289062,-4.269906044006348,0.26043230295181274,1,1
16.523174528963864,33.414,velocity_chirp,1,1,-3.545271901283944,-126.92803955078125,0.04371320828795433,-0.04473944008350372,2,1
16.523174528963864,33.414,velocity_chirp,0,4,,0.0,-0.0,0.03200000151991844,0,1
16.523174528963864,33.414,velocity_chirp,0,1,,0.0,0.0,0.05000000074505806,0,1
16.53287613298744,33.424,velocity_chirp,1,2,103.83767700195312,103.865966796875,-0.6578479409217834,0.10055360943078995,1,1
16.53287613298744,33.424,velocity_chirp,1,1,-4.541023256633113,-126.92803955078125,0.04371320828795433,-0.040228135883808136,2,1
16.53287613298744,33.424,velocity_chirp,0,4,,0.0,-0.0,0.006000000052154064,0,1
16.53287613298744,33.424,velocity_chirp,0,1,,0.0,0.0,-0.008999999612569809,0,1
16.54273523396114,33.434,velocity_chirp,1,2,103.83767700195312,103.93960571289062,-3.962165117263794,0.08112753927707672,1,1
16.54273523396114,33.434,velocity_chirp,1,1,-4.541023256633113,-126.92803955078125,0.04371320828795433,-0.035535089671611786,2,1
16.54273523396114,33.434,velocity_chirp,0,4,,0.0,-0.0,0.006000000052154064,0,1
16.54273523396114,33.434,velocity_chirp,0,1,,0.0,0.0,-0.0020000000949949026,0,1
16.563405692984816,33.454,velocity_chirp,1,2,103.83767700195312,103.8603515625,-5.105491638183594,0.15463027358055115,1,1
16.563405692984816,33.454,velocity_chirp,1,1,-6.2274596580533785,-126.92803955078125,0.04371320828795433,-0.02882058173418045,2,1
16.563405692984816,33.454,velocity_chirp,0,4,,0.0,-0.0,-0.017999999225139618,0,1
16.563405692984816,33.454,velocity_chirp,0,1,,0.0,0.0,-0.008999999612569809,0,1
16.565235246962402,33.456,velocity_chirp,1,2,103.83767700195312,103.93960571289062,-1.1155611276626587,0.15463027358055115,1,1
16.565235246962402,33.456,velocity_chirp,1,1,-6.2274596580533785,-126.92803955078125,0.04371320828795433,-0.02882058173418045,2,1
16.565235246962402,33.456,velocity_chirp,0,4,,0.0,-0.0,-0.017999999225139618,0,1
16.565235246962402,33.456,velocity_chirp,0,1,,0.0,0.0,-0.01600000075995922,0,1
16.573189701943193,33.464,velocity_chirp,1,2,103.83767700195312,103.96157836914062,-3.2697479724884033,0.13138365745544434,1,1
16.573189701943193,33.464,velocity_chirp,1,1,-6.995019264447526,-126.92803955078125,0.04371320828795433,-0.03177881985902786,2,1
16.573189701943193,33.464,velocity_chirp,0,4,,0.0,-0.0,-0.017999999225139618,0,1
16.573189701943193,33.464,velocity_chirp,0,1,,0.0,0.0,-0.008999999612569809,0,1
16.582855808956083,33.474,velocity_chirp,1,2,103.83767700195312,103.96157836914062,-5.654740810394287,-0.028712408617138863,1,1
16.582855808956083,33.474,velocity_chirp,1,1,-7.629082565576133,-126.92803955078125,0.04371320828795433,-0.0392787791788578,2,1
16.582855808956083,33.474,velocity_chirp,0,4,,0.0,-0.0,-0.017999999225139618,0,1
16.582855808956083,33.474,velocity_chirp,0,1,,0.0,0.0,-0.008999999612569809,0,1
16.593037277983967,33.484,velocity_chirp,1,2,103.83767700195312,103.865966796875,5.110543727874756,-0.041702695190906525,1,1
16.593037277983967,33.484,velocity_chirp,1,1,-8.291871540316265,-126.92803955078125,0.04371320828795433,-0.04293336719274521,2,1
16.593037277983967,33.484,velocity_chirp,0,4,,0.0,-0.0,0.006000000052154064,0,1
16.593037277983967,33.484,velocity_chirp,0,1,,0.0,0.0,0.05700000002980232,0,1
16.602813020988833,33.494,velocity_chirp,1,2,103.83767700195312,103.93960571289062,-0.3462086021900177,0.11914696544408798,1,1
16.602813020988833,33.494,velocity_chirp,1,1,-8.770081872657032,-126.92803955078125,0.04371320828795433,-0.03986882418394089,2,1
16.602813020988833,33.494,velocity_chirp,0,4,,0.0,-0.0,-0.017999999225139618,0,1
16.602813020988833,33.494,velocity_chirp,0,1,,0.0,0.0,-0.0020000000949949026,0,1
16.613372493942734,33.504,velocity_chirp,1,2,103.83767700195312,103.83767700195312,-6.546258926391602,0.18591921031475067,1,1
16.613372493942734,33.504,velocity_chirp,1,1,-9.248663325458734,-126.92803955078125,0.04371320828795433,-0.05278315395116806,2,1
16.613372493942734,33.504,velocity_chirp,0,4,,0.0,-0.0,-0.0430000014603138,0,1
16.613372493942734,33.504,velocity_chirp,0,1,,0.0,0.0,-0.008999999612569809,0,1
16.622695222962648,33.514,velocity_chirp,1,2,103.83767700195312,103.96157836914062,1.0386258363723755,-0.015151428058743477,1,1
16.622695222962648,33.514,velocity_chirp,1,1,-9.576894739119643,-126.95001220703125,-0.21856604516506195,-0.062443722039461136,2,1
16.622695222962648,33.514,velocity_chirp,0,4,,0.0,-0.0,-0.017999999225139618,0,1
16.622695222962648,33.514,velocity_chirp,0,1,,0.0,0.0,-0.008999999612569809,0,1
16.633173511945643,33.524,velocity_chirp,1,2,103.83767700195312,103.87164306640625,8.73100757598877,0.31842347979545593,1,1
16.633173511945643,33.524,velocity_chirp,1,1,-9.822169376627908,-126.95001220703125,0.04371320828795433,-0.06934329867362976,2,1
16.633173511945643,33.524,velocity_chirp,0,4,,0.0,-0.0,-0.017999999225139618,0,1
16.633173511945643,33.524,velocity_chirp,0,1,,0.0,0.0,-0.008999999612569809,0,1
16.64300442999229,33.534,velocity_chirp,1,2,103.83767700195312,103.96157836914062,0.11540286988019943,0.12608985602855682,1,1
16.64300442999229,33.534,velocity_chirp,1,1,-9.958672040308688,-126.95001220703125,0.04371320828795433,-0.07110805809497833,2,1
16.64300442999229,33.534,velocity_chirp,0,4,,0.0,-0.0,0.23800000548362732,0,1
16.64300442999229,33.534,velocity_chirp,0,1,,0.0,0.0,-0.008999999612569809,0,1
16.652888016949873,33.544,velocity_chirp,1,2,103.83767700195312,103.86880493164062,-7.542006969451904,-0.010606614872813225,1,1
16.652888016949873,33.544,velocity_chirp,1,1,-9.958672040308688,-126.95001220703125,0.04371320828795433,-0.07525414228439331,2,1
16.652888016949873,33.544,velocity_chirp,0,4,,0.0,-0.0,-0.017999999225139618,0,1
16.652888016949873,33.544,velocity_chirp,0,1,,0.0,0.0,-0.008999999612569809,0,1
16.662401835958008,33.554,velocity_chirp,1,2,103.83767700195312,103.96157836914062,3.7313594818115234,0.10223230719566345,1,1
16.662401835958008,33.554,velocity_chirp,1,1,-9.999781256983729,-126.97198486328125,-2.404226541519165,-0.08626598119735718,2,1
16.662401835958008,33.554,velocity_chirp,0,4,,0.0,-0.0,-0.25,0,1
16.662401835958008,33.554,velocity_chirp,0,1,,0.0,0.0,-0.01600000075995922,0,1
16.673007435980253,33.564,velocity_chirp,1,2,103.83767700195312,103.96157836914062,1.1924962997436523,0.11992289125919342,1,1
16.673007435980253,33.564,velocity_chirp,1,1,-9.933721130853906,-126.97198486328125,0.04371320828795433,-0.08295174688100815,2,1
16.673007435980253,33.564,velocity_chirp,0,4,,0.0,-0.0,0.006000000052154064,0,1
16.673007435980253,33.564,velocity_chirp,0,1,,0.0,0.0,-0.008999999612569809,0,1
16.68262826697901,33.574,velocity_chirp,1,2,103.83767700195312,103.96157836914062,2.8850717544555664,0.0818449929356575,1,1
16.68262826697901,33.574,velocity_chirp,1,1,-9.774915110857801,-126.9940185546875,0.04371320828795433,-0.09207462519407272,2,1
16.68262826697901,33.574,velocity_chirp,0,4,,0.0,-0.0,-0.017999999225139618,0,1
16.68262826697901,33.574,velocity_chirp,0,1,,0.0,0.0,-0.008999999612569809,0,1
16.692968686984386,33.584,velocity_chirp,1,2,103.83767700195312,103.93960571289062,1.0386258363723755,0.13860729336738586,1,1
16.692968686984386,33.584,velocity_chirp,1,1,-9.485738065788285,-126.9940185546875,0.04371320828795433,-0.08323398232460022,2,1
16.692968686984386,33.584,velocity_chirp,0,4,,0.0,-0.0,-0.0430000014603138,0,1
16.692968686984386,33.584,velocity_chirp,0,1,,0.0,0.0,-0.008999999612569809,0,1
16.702547728957143,33.594,velocity_chirp,1,2,103.83767700195312,103.93960571289062,-4.116035461425781,0.09106108546257019,1,1
16.702547728957143,33.594,velocity_chirp,1,1,-9.149574094206892,-126.9940185546875,-4.240180969238281,-0.09458175301551819,2,1
16.702547728957143,33.594,velocity_chirp,0,4,,0.0,-0.0,-0.017999999225139618,0,1
16.702547728957143,33.594,velocity_chirp,0,1,,0.0,0.0,-0.008999999612569809,0,1
16.7131487299921,33.604,velocity_chirp,1,2,103.83767700195312,103.84613037109375,7.995454788208008,0.07651642709970474,1,1
16.7131487299921,33.604,velocity_chirp,1,1,-8.65260059472249,-127.0159912109375,-4.852166175842285,-0.10534799098968506,2,1
16.7131487299921,33.604,velocity_chirp,0,4,,0.0,-0.0,-0.017999999225139618,0,1
16.7131487299921,33.604,velocity_chirp,0,1,,0.0,0.0,-0.008999999612569809,0,1
16.722898193984292,33.614,velocity_chirp,1,2,103.83767700195312,103.93960571289062,5.654959201812744,0.01782136596739292,1,1
16.722898193984292,33.614,velocity_chirp,1,1,-8.103972653832287,-127.0599365234375,-8.524075508117676,-0.10803714394569397,2,1
16.722898193984292,33.614,velocity_chirp,0,4,,0.0,-0.0,0.054999999701976776,0,1
16.722898193984292,33.614,velocity_chirp,0,1,,0.0,0.0,-0.008999999612569809,0,1
16.733160996984225,33.624,velocity_chirp,1,2,103.83767700195312,103.85467529296875,1.1475377082824707,0.07117274403572083,1,1
16.733160996984225,33.624,velocity_chirp,1,1,-7.436052113505271,-127.08203125,0.04371320828795433,-0.09952511638402939,2,1
16.733160996984225,33.624,velocity_chirp,0,4,,0.0,-0.0,-0.017999999225139618,0,1
16.733160996984225,33.624,velocity_chirp,0,1,,0.0,0.0,-0.008999999612569809,0,1
16.742508982948493,33.634,velocity_chirp,1,2,103.83767700195312,103.93960571289062,0.6539496183395386,0.1150827407836914,1,1
16.742508982948493,33.634,velocity_chirp,1,1,-7.436052113505271,-127.0599365234375,0.04371320828795433,-0.07915125042200089,2,1
16.742508982948493,33.634,velocity_chirp,0,4,,0.0,-0.0,-0.017999999225139618,0,1
16.742508982948493,33.634,velocity_chirp,0,1,,0.0,0.0,0.05700000002980232,0,1
16.75316354597453,33.644,velocity_chirp,1,2,103.83767700195312,103.84329223632812,-3.6148087978363037,0.14151793718338013,1,1
16.75316354597453,33.644,velocity_chirp,1,1,-6.7206987477736355,-127.0599365234375,0.04371320828795433,-0.07092246413230896,2,1
16.75316354597453,33.644,velocity_chirp,0,4,,0.0,-0.0,0.03200000151991844,0,1
16.75316354597453,33.644,velocity_chirp,0,1,,0.0,0.0,-0.008999999612569809,0,1
16.762694766977802,33.654,velocity_chirp,1,2,103.83767700195312,103.93960571289062,9.501721382141113,0.25729289650917053,1,1
16.762694766977802,33.654,velocity_chirp,1,1,-5.95600157575468,-127.08203125,-4.677313327789307,-0.09209629148244858,2,1
16.762694766977802,33.654,velocity_chirp,0,4,,0.0,-0.0,-0.017999999225139618,0,1
16.762694766977802,33.654,velocity_chirp,0,1,,0.0,0.0,-0.008999999612569809,0,1
16.773108534980565,33.664,velocity_chirp,1,2,103.83767700195312,103.93960571289062,-8.193603515625,0.2042979598045349,1,1
16.773108534980565,33.664,velocity_chirp,1,1,-5.040093631324616,-127.08203125,0.04371320828795433,-0.11320476233959198,2,1
16.773108534980565,33.664,velocity_chirp,0,4,,0.0,-0.0,-0.017999999225139618,0,1
16.773108534980565,33.664,velocity_chirp,0,1,,0.0,0.0,-0.008999999612569809,0,1
16.782927500957157,33.674,velocity_chirp,1,2,103.83767700195312,103.93960571289062,3.7313594818115234,0.11097317188978195,1,1
16.782927500957157,33.674,velocity_chirp,1,1,-4.180660138578503,-127.08203125,0.04371320828795433,-0.11933641880750656,2,1
16.782927500957157,33.674,velocity_chirp,0,4,,0.0,-0.0,-0.017999999225139618,0,1
16.782927500957157,33.674,velocity_chirp,0,1,,0.0,0.0,-0.008999999612569809,0,1
16.792867172975093,33.684,velocity_chirp,1,2,103.83767700195312,103.93960571289062,7.886081218719482,0.12139462679624557,1,1
16.792867172975093,33.684,velocity_chirp,1,1,-3.133484962333082,-127.08203125,0.04371320828795433,-0.12647747993469238,2,1
16.792867172975093,33.684,velocity_chirp,0,4,,0.0,-0.0,-0.017999999225139618,0,1
16.792867172975093,33.684,velocity_chirp,0,1,,0.0,0.0,-0.008999999612569809,0,1
16.80290603399044,33.694,velocity_chirp,1,2,103.83767700195312,103.93960571289062,5.578023910522461,0.1668035387992859,1,1
16.80290603399044,33.694,velocity_chirp,1,1,-2.046592946619417,-127.08203125,0.04371320828795433,-0.14048127830028534,2,1
16.80290603399044,33.694,velocity_chirp,0,4,,0.0,-0.0,0.006000000052154064,0,1
16.80290603399044,33.694,velocity_chirp,0,1,,0.0,0.0,-0.008999999612569809,0,1
16.813012440979946,33.704,velocity_chirp,1,2,103.83767700195312,103.85745239257812,-2.765899658203125,0.09866902977228165,1,1
16.813012440979946,33.704,velocity_chirp,1,1,-0.9375748669514371,-127.10400390625,0.04371320828795433,-0.15075580775737762,2,1
16.813012440979946,33.704,velocity_chirp,0,4,,0.0,-0.0,0.006000000052154064,0,1
16.813012440979946,33.704,velocity_chirp,0,1,,0.0,0.0,-0.008999999612569809,0,1
16.822995415946934,33.714,velocity_chirp,1,2,103.83767700195312,103.93960571289062,3.3466832637786865,0.18918240070343018,1,1
16.822995415946934,33.714,velocity_chirp,1,1,0.03665581066586507,-127.10400390625,0.04371320828795433,-0.15735895931720734,2,1
16.822995415946934,33.714,velocity_chirp,0,4,,0.0,-0.0,-0.017999999225139618,0,1
16.822995415946934,33.714,velocity_chirp,0,1,,0.0,0.0,-0.008999999612569809,0,1
16.832902246969752,33.724,velocity_chirp,1,2,103.83767700195312,103.83767700195312,-1.3906669616699219,0.1665145307779312,1,1
16.832902246969752,33.724,velocity_chirp,1,1,0.03665581066586507,-127.10400390625,0.04371320828795433,-0.15949153900146484,2,1
16.832902246969752,33.724,velocity_chirp,0,4,,0.0,-0.0,0.006000000052154064,0,1
16.832902246969752,33.724,velocity_chirp,0,1,,0.0,0.0,0.05700000002980232,0,1
16.842649506987073,33.734,velocity_chirp,1,2,103.83767700195312,103.93960571289062,-2.4234602451324463,0.1146552637219429,1,1
16.842649506987073,33.734,velocity_chirp,1,1,1.0395901126945404,-127.10400390625,0.04371320828795433,-0.1623213142156601,2,1
16.842649506987073,33.734,velocity_chirp,0,4,,0.0,-0.0,-0.017999999225139618,0,1
16.842649506987073,33.734,velocity_chirp,0,1,,0.0,0.0,0.05700000002980232,0,1
16.852976129972376,33.744,velocity_chirp,1,2,103.83767700195312,103.93960571289062,-5.4239349365234375,-0.10961294174194336,1,1
16.852976129972376,33.744,velocity_chirp,1,1,2.1357933586345,-127.10400390625,0.04371320828795433,-0.16759365797042847,2,1
16.852976129972376,33.744,velocity_chirp,0,4,,0.0,-0.0,0.03200000151991844,0,1
16.852976129972376,33.744,velocity_chirp,0,1,,0.0,0.0,0.05700000002980232,0,1
16.86262046598131,33.754,velocity_chirp,1,2,103.83767700195312,103.93960571289062,0.2692733705043793,0.06881793588399887,1,1
16.86262046598131,33.754,velocity_chirp,1,1,3.0863969282829107,-127.10400390625,0.04371320828795433,-0.16579370200634003,2,1
16.86262046598131,33.754,velocity_chirp,0,4,,0.0,-0.0,0.054999999701976776,0,1
16.86262046598131,33.754,velocity_chirp,0,1,,0.0,0.0,-0.008999999612569809,0,1
16.873286809946876,33.764,velocity_chirp,1,2,103.83767700195312,103.93960571289062,3.19281268119812,0.12180134654045105,1,1
16.873286809946876,33.764,velocity_chirp,1,1,4.12238842096381,-127.10400390625,0.04371320828795433,-0.16787990927696228,2,1
16.873286809946876,33.764,velocity_chirp,0,4,,0.0,-0.0,-0.017999999225139618,0,1
16.873286809946876,33.764,velocity_chirp,0,1,,0.0,0.0,-0.008999999612569809,0,1
16.882755032973364,33.774,velocity_chirp,1,2,103.83767700195312,103.93960571289062,-6.577963352203369,0.21490433812141418,1,1
16.882755032973364,33.774,velocity_chirp,1,1,5.027020792482915,-127.10400390625,0.04371320828795433,-0.16492906212806702,2,1
16.882755032973364,33.774,velocity_chirp,0,4,,0.0,-0.0,-0.017999999225139618,0,1
16.882755032973364,33.774,velocity_chirp,0,1,,0.0,0.0,-0.008999999612569809,0,1
16.89310549199581,33.784,velocity_chirp,1,2,103.83767700195312,103.85745239257812,-4.5231475830078125,0.02194179594516754,1,1
16.89310549199581,33.784,velocity_chirp,1,1,5.93288398904132,-127.10400390625,0.04371320828795433,-0.16189353168010712,2,1
16.89310549199581,33.784,velocity_chirp,0,4,,0.0,-0.0,0.006000000052154064,0,1
16.89310549199581,33.784,velocity_chirp,0,1,,0.0,0.0,-0.008999999612569809,0,1
16.902728195942473,33.794,velocity_chirp,1,2,103.83767700195312,103.91763305664062,-0.4231438636779785,-0.18438757956027985,1,1
16.902728195942473,33.794,velocity_chirp,1,1,6.666193663918094,-127.10400390625,0.04371320828795433,-0.15259382128715515,2,1
16.902728195942473,33.794,velocity_chirp,0,4,,0.0,-0.0,-0.017999999225139618,0,1
16.902728195942473,33.794,velocity_chirp,0,1,,0.0,0.0,-0.008999999612569809,0,1
16.912860362965148,33.804,velocity_chirp,1,2,103.83767700195312,103.8603515625,6.061581134796143,0.017923330888152122,1,1
16.912860362965148,33.804,velocity_chirp,1,1,7.455320996986455,-127.10400390625,0.04371320828795433,-0.14921359717845917,2,1
16.912860362965148,33.804,velocity_chirp,0,4,,0.0,-0.0,0.054999999701976776,0,1
16.912860362965148,33.804,velocity_chirp,0,1,,0.0,0.0,-0.008999999612569809,0,1
16.922668767976575,33.814,velocity_chirp,1,2,103.83767700195312,103.93960571289062,-4.962323188781738,-0.004851740784943104,1,1
16.922668767976575,33.814,velocity_chirp,1,1,8.06381976098818,-127.10400390625,0.04371320828795433,-0.13478603959083557,2,1
16.922668767976575,33.814,velocity_chirp,0,4,,0.0,-0.0,-0.017999999225139618,0,1
16.922668767976575,33.814,velocity_chirp,0,1,,0.0,0.0,-0.0020000000949949026,0,1
16.93288332998054,33.824,velocity_chirp,1,2,103.83767700195312,103.85467529296875,-1.536171793937683,0.13504314422607422,1,1
16.93288332998054,33.824,velocity_chirp,1,1,8.06381976098818,-127.10400390625,0.04371320828795433,-0.13115833699703217,2,1
16.93288332998054,33.824,velocity_chirp,0,4,,0.0,-0.0,0.054999999701976776,0,1
16.93288332998054,33.824,velocity_chirp,0,1,,0.0,0.0,-0.008999999612569809,0,1
16.942901630944107,33.834,velocity_chirp,1,2,103.83767700195312,103.93960571289062,-5.270064353942871,0.10393315553665161,1,1
16.942901630944107,33.834,velocity_chirp,1,1,8.638280219701883,-127.10400390625,0.04371320828795433,-0.12025968730449677,2,1
16.942901630944107,33.834,velocity_chirp,0,4,,0.0,-0.0,-0.017999999225139618,0,1
16.942901630944107,33.834,velocity_chirp,0,1,,0.0,0.0,-0.008999999612569809,0,1
16.953150286979508,33.844,velocity_chirp,1,2,103.83767700195312,103.91763305664062,3.88523006439209,0.04642339423298836,1,1
16.953150286979508,33.844,velocity_chirp,1,1,9.162408033442222,-127.10400390625,0.04371320828795433,-0.12125153839588165,2,1
16.953150286979508,33.844,velocity_chirp,0,4,,0.0,-0.0,0.006000000052154064,0,1
16.953150286979508,33.844,velocity_chirp,0,1,,0.0,0.0,-0.008999999612569809,0,1
16.96250163996592,33.854,velocity_chirp,1,2,103.83767700195312,103.93960571289062,-5.8855462074279785,-0.056717269122600555,1,1
16.96250163996592,33.854,velocity_chirp,1,1,9.50539472387036,-127.08203125,0.04371320828795433,-0.10580985993146896,2,1
16.96250163996592,33.854,velocity_chirp,0,4,,0.0,-0.0,-0.017999999225139618,0,1
16.96250163996592,33.854,velocity_chirp,0,1,,0.0,0.0,-0.008999999612569809,0,1
16.972909255942795,33.864,velocity_chirp,1,2,103.83767700195312,103.89566040039062,-1.2694315910339355,-0.24008885025978088,1,1
16.972909255942795,33.864,velocity_chirp,1,1,9.788007993914427,-127.08203125,0.04371320828795433,-0.1046314686536789,2,1
16.972909255942795,33.864,velocity_chirp,0,4,,0.0,-0.0,-0.017999999225139618,0,1
16.972909255942795,33.864,velocity_chirp,0,1,,0.0,0.0,-0.008999999612569809,0,1
16.982633662992157,33.874,velocity_chirp,1,2,103.83767700195312,103.91763305664062,-4.962323188781738,-0.11178983747959137,1,1
16.982633662992157,33.874,velocity_chirp,1,1,9.940011691060164,-127.08203125,0.04371320828795433,-0.09472261369228363,2,1
16.982633662992157,33.874,velocity_chirp,0,4,,0.0,-0.0,0.03200000151991844,0,1
16.982633662992157,33.874,velocity_chirp,0,1,,0.0,0.0,-0.008999999612569809,0,1
16.9934058469953,33.884,velocity_chirp,1,2,103.83767700195312,103.82913208007812,-8.756519317626953,0.03776206076145172,1,1
16.9934058469953,33.884,velocity_chirp,1,1,9.999885470780042,-127.08203125,0.04371320828795433,-0.08040289580821991,2,1
16.9934058469953,33.884,velocity_chirp,0,4,,0.0,-0.0,-0.017999999225139618,0,1
16.9934058469953,33.884,velocity_chirp,0,1,,0.0,0.0,-0.008999999612569809,0,1
17.002833543985616,33.894,velocity_chirp,1,2,103.83767700195312,103.91763305664062,0.19233810901641846,0.13339510560035706,1,1
17.002833543985616,33.894,velocity_chirp,1,1,9.941378212149003,-127.08203125,4.939592361450195,-0.06405159831047058,2,1
17.002833543985616,33.894,velocity_chirp,0,4,,0.0,-0.0,0.006000000052154064,0,1
17.002833543985616,33.894,velocity_chirp,0,1,,0.0,0.0,-0.008999999612569809,0,1
17.01282896194607,33.904,velocity_chirp,1,2,103.83767700195312,103.82913208007812,6.621969223022461,0.14849969744682312,1,1
17.01282896194607,33.904,velocity_chirp,1,1,9.764227816807088,-127.0599365234375,0.04371320828795433,-0.0606500618159771,2,1
17.01282896194607,33.904,velocity_chirp,0,4,,0.0,-0.0,0.006000000052154064,0,1
17.01282896194607,33.904,velocity_chirp,0,1,,0.0,0.0,-0.008999999612569809,0,1
17.02257163298782,33.914,velocity_chirp,1,2,103.83767700195312,103.91763305664062,-2.731201171875,0.002702078316360712,1,1
17.02257163298782,33.914,velocity_chirp,1,1,9.506045852522924,-127.0599365234375,0.04371320828795433,-0.05072501674294472,2,1
17.02257163298782,33.914,velocity_chirp,0,4,,0.0,-0.0,0.03200000151991844,0,1
17.02257163298782,33.914,velocity_chirp,0,1,,0.0,0.0,-0.008999999612569809,0,1
17.033151634968817,33.924,velocity_chirp,1,2,103.83767700195312,103.851806640625,4.798527717590332,0.18633072078227997,1,1
17.033151634968817,33.924,velocity_chirp,1,1,9.506045852522924,-127.0379638671875,0.04371320828795433,-0.0535057932138443,2,1
17.033151634968817,33.924,velocity_chirp,0,4,,0.0,-0.0,0.006000000052154064,0,1
17.033151634968817,33.924,velocity_chirp,0,1,,0.0,0.0,-0.008999999612569809,0,1
17.04288127098698,33.934,velocity_chirp,1,2,103.83767700195312,103.93960571289062,2.192654609680176,0.15887975692749023,1,1
17.04288127098698,33.934,velocity_chirp,1,1,9.12603133502214,-127.0379638671875,0.04371320828795433,-0.04972679913043976,2,1
17.04288127098698,33.934,velocity_chirp,0,4,,0.0,-0.0,-0.017999999225139618,0,1
17.04288127098698,33.934,velocity_chirp,0,1,,0.0,0.0,-0.008999999612569809,0,1
17.052918587985914,33.944,velocity_chirp,1,2,103.83767700195312,103.91763305664062,-1.3463667631149292,0.06964850425720215,1,1
17.052918587985914,33.944,velocity_chirp,1,1,8.604453074564027,-127.0379638671875,0.04371320828795433,-0.05252566933631897,2,1
17.052918587985914,33.944,velocity_chirp,0,4,,0.0,-0.0,-0.017999999225139618,0,1
17.052918587985914,33.944,velocity_chirp,0,1,,0.0,0.0,-0.008999999612569809,0,1
17.062450691999402,33.954,velocity_chirp,1,2,103.83767700195312,103.93960571289062,-3.962165117263794,0.05642189830541611,1,1
17.062450691999402,33.954,velocity_chirp,1,1,8.076598941520766,-127.0379638671875,1.2676830291748047,-0.039834532886743546,2,1
17.062450691999402,33.954,velocity_chirp,0,4,,0.0,-0.0,0.054999999701976776,0,1
17.062450691999402,33.954,velocity_chirp,0,1,,0.0,0.0,-0.008999999612569809,0,1
17.072973064961843,33.964,velocity_chirp,1,2,103.83767700195312,103.91763305664062,-10.194138526916504,-0.1269550621509552,1,1
17.072973064961843,33.964,velocity_chirp,1,1,7.354179597530641,-126.9940185546875,2.4916529655456543,-0.04237827658653259,2,1
17.072973064961843,33.964,velocity_chirp,0,4,,0.0,-0.0,0.006000000052154064,0,1
17.072973064961843,33.964,velocity_chirp,0,1,,0.0,0.0,-0.008999999612569809,0,1
17.082560642971657,33.974,velocity_chirp,1,2,103.83767700195312,103.91763305664062,-4.500711917877197,-0.026877420023083687,1,1
17.082560642971657,33.974,velocity_chirp,1,1,6.645736916133409,-126.9940185546875,4.852166175842285,-0.04212837666273117,2,1
17.082560642971657,33.974,velocity_chirp,0,4,,0.0,-0.0,0.006000000052154064,0,1
17.082560642971657,33.974,velocity_chirp,0,1,,0.0,0.0,-0.008999999612569809,0,1
17.093478111957666,33.984,velocity_chirp,1,2,103.83767700195312,103.8603515625,-2.290621519088745,-0.11188554763793945,1,1
17.093478111957666,33.984,velocity_chirp,1,1,5.767009831136115,-126.9940185546875,0.04371320828795433,-0.04992544278502464,2,1
17.093478111957666,33.984,velocity_chirp,0,4,,0.0,-0.0,-0.017999999225139618,0,1
17.093478111957666,33.984,velocity_chirp,0,1,,0.0,0.0,0.05700000002980232,0,1
17.10302033496555,33.994,velocity_chirp,1,2,103.83767700195312,103.96157836914062,-0.4231438636779785,-0.08978313952684402,1,1
17.10302033496555,33.994,velocity_chirp,1,1,4.892570760941118,-126.9940185546875,0.04371320828795433,-0.0451640784740448,2,1
17.10302033496555,33.994,velocity_chirp,0,4,,0.0,-0.0,0.006000000052154064,0,1
17.10302033496555,33.994,velocity_chirp,0,1,,0.0,0.0,-0.008999999612569809,0,1
17.113045989943203,34.004,velocity_chirp,1,2,103.83767700195312,103.86880493164062,4.459918975830078,0.1919945776462555,1,1
17.113045989943203,34.004,velocity_chirp,1,1,3.8814440571138444,-126.9940185546875,4.939592361450195,-0.03304433450102806,2,1
17.113045989943203,34.004,velocity_chirp,0,4,,0.0,-0.0,0.006000000052154064,0,1
17.113045989943203,34.004,velocity_chirp,0,1,,0.0,0.0,-0.008999999612569809,0,1
17.122898487956263,34.014,velocity_chirp,1,2,103.83767700195312,103.9835205078125,10.578814506530762,0.19578427076339722,1,1
17.122898487956263,34.014,velocity_chirp,1,1,2.9589216341786835,-126.97198486328125,4.852166175842285,-0.027366572991013527,2,1
17.122898487956263,34.014,velocity_chirp,0,4,,0.0,-0.0,0.054999999701976776,0,1
17.122898487956263,34.014,velocity_chirp,0,1,,0.0,0.0,0.05700000002980232,0,1
17.13305295695318,34.024,velocity_chirp,1,2,103.83767700195312,103.87734985351562,3.929774284362793,0.07962529361248016,1,1
17.13305295695318,34.024,velocity_chirp,1,1,2.9589216341786835,-126.92803955078125,4.852166175842285,-0.03126361966133118,2,1
17.13305295695318,34.024,velocity_chirp,0,4,,0.0,-0.0,-0.017999999225139618,0,1
17.13305295695318,34.024,velocity_chirp,0,1,,0.0,0.0,-0.01600000075995922,0,1
17.142491212987807,34.034,velocity_chirp,1,2,103.83767700195312,103.96157836914062,3.4236185550689697,0.10378473252058029,1,1
17.142491212987807,34.034,velocity_chirp,1,1,1.9381204158803222,-126.92803955078125,0.04371320828795433,-0.032943714410066605,2,1
17.142491212987807,34.034,velocity_chirp,0,4,,0.0,-0.0,-0.017999999225139618,0,1
17.142491212987807,34.034,velocity_chirp,0,1,,0.0,0.0,-0.008999999612569809,0,1
17.153038662974723,34.044,velocity_chirp,1,2,103.83767700195312,103.96157836914062,-2.731201171875,0.07074974477291107,1,1
17.153038662974723,34.044,velocity_chirp,1,1,0.8392983656812665,-126.95001220703125,0.04371320828795433,-0.0481133908033371,2,1
17.153038662974723,34.044,velocity_chirp,0,4,,0.0,-0.0,-0.017999999225139618,0,1
17.153038662974723,34.044,velocity_chirp,0,1,,0.0,0.0,-0.01600000075995922,0,1
17.163009514973965,34.054,velocity_chirp,1,2,103.83767700195312,103.96157836914062,7.578340530395508,0.2657233774662018,1,1
17.163009514973965,34.054,velocity_chirp,1,1,-0.1857366853472631,-126.95001220703125,0.04371320828795433,-0.04455072805285454,2,1
17.163009514973965,34.054,velocity_chirp,0,4,,0.0,-0.0,-0.017999999225139618,0,1
17.163009514973965,34.054,velocity_chirp,0,1,,0.0,0.0,-0.008999999612569809,0,1
17.173213847971056,34.064,velocity_chirp,1,2,103.83767700195312,103.96157836914062,-1.9618487358093262,0.37425491213798523,1,1
17.173213847971056,34.064,velocity_chirp,1,1,-1.150065995021927,-126.92803955078125,4.852166175842285,-0.031608834862709045,2,1
17.173213847971056,34.064,velocity_chirp,0,4,,0.0,-0.0,-0.017999999225139618,0,1
17.173213847971056,34.064,velocity_chirp,0,1,,0.0,0.0,-0.008999999612569809,0,1
17.182719641947187,34.074,velocity_chirp,1,2,103.83767700195312,103.93960571289062,-0.5770143270492554,0.03350081294775009,1,1
17.182719641947187,34.074,velocity_chirp,1,1,-2.1252130330985683,-126.92803955078125,0.04371320828795433,-0.025221653282642365,2,1
17.182719641947187,34.074,velocity_chirp,0,4,,0.0,-0.0,0.006000000052154064,0,1
17.182719641947187,34.074,velocity_chirp,0,1,,0.0,0.0,-0.008999999612569809,0,1
17.192926568968687,34.084,velocity_chirp,1,2,103.83767700195312,103.85745239257812,-2.3575470447540283,0.16867733001708984,1,1
17.192926568968687,34.084,velocity_chirp,1,1,-3.2338334695622333,-126.92803955078125,0.04371320828795433,-0.020313169807195663,2,1
17.192926568968687,34.084,velocity_chirp,0,4,,0.0,-0.0,0.006000000052154064,0,1
17.192926568968687,34.084,velocity_chirp,0,1,,0.0,0.0,-0.008999999612569809,0,1
17.202786781999748,34.094,velocity_chirp,1,2,103.83767700195312,103.96157836914062,7.501405239105225,0.2538577914237976,1,1
17.202786781999748,34.094,velocity_chirp,1,1,-4.1320724189608296,-126.92803955078125,0.04371320828795433,-0.019254805520176888,2,1
17.202786781999748,34.094,velocity_chirp,0,4,,0.0,-0.0,0.006000000052154064,0,1
17.202786781999748,34.094,velocity_chirp,0,1,,0.0,0.0,-0.0020000000949949026,0,1
17.21345342695713,34.104,velocity_chirp,1,2,103.83767700195312,103.86880493164062,8.891441345214844,0.1691381335258484,1,1
17.21345342695713,34.104,velocity_chirp,1,1,-5.177623302833326,-126.92803955078125,0.04371320828795433,-0.023914746940135956,2,1
17.21345342695713,34.104,velocity_chirp,0,4,,0.0,-0.0,-0.017999999225139618,0,1
17.21345342695713,34.104,velocity_chirp,0,1,,0.0,0.0,0.06400000303983688,0,1
17.22278023295803,34.114,velocity_chirp,1,2,103.83767700195312,103.96157836914062,4.5776472091674805,0.21871525049209595,1,1
17.22278023295803,34.114,velocity_chirp,1,1,-6.035946853727335,-126.92803955078125,0.04371320828795433,-0.032207295298576355,2,1
17.22278023295803,34.114,velocity_chirp,0,4,,0.0,-0.0,0.03200000151991844,0,1
17.22278023295803,34.114,velocity_chirp,0,1,,0.0,0.0,-0.07699999958276749,0,1
17.233012548997067,34.124,velocity_chirp,1,2,103.83767700195312,103.85467529296875,7.1465559005737305,0.05375177413225174,1,1
17.233012548997067,34.124,velocity_chirp,1,1,-6.871409252433204,-126.92803955078125,0.04371320828795433,-0.03354139253497124,2,1
17.233012548997067,34.124,velocity_chirp,0,4,,0.0,-0.0,0.03200000151991844,0,1
17.233012548997067,34.124,velocity_chirp,0,1,,0.0,0.0,-0.008999999612569809,0,1
17.24257378699258,34.134,velocity_chirp,1,2,103.83767700195312,103.96157836914062,4.80845308303833,0.024974673986434937,1,1
17.24257378699258,34.134,velocity_chirp,1,1,-7.548401375162824,-126.92803955078125,-3.6281962394714355,-0.038134071975946426,2,1
17.24257378699258,34.134,velocity_chirp,0,4,,0.0,-0.0,0.006000000052154064,0,1
17.24257378699258,34.134,velocity_chirp,0,1,,0.0,0.0,-0.01600000075995922,0,1
17.252942359948065,34.144,velocity_chirp,1,2,103.83767700195312,103.85745239257812,-6.330021381378174,0.018647311255335808,1,1
17.252942359948065,34.144,velocity_chirp,1,1,-7.548401375162824,-126.92803955078125,0.04371320828795433,-0.03781569004058838,2,1
17.252942359948065,34.144,velocity_chirp,0,4,,0.0,-0.0,-0.017999999225139618,0,1
17.252942359948065,34.144,velocity_chirp,0,1,,0.0,0.0,-0.008999999612569809,0,1
17.262513436959125,34.154,velocity_chirp,1,2,103.83767700195312,103.96157836914062,-1.3463667631149292,0.24295413494110107,1,1
17.262513436959125,34.154,velocity_chirp,1,1,-8.202246403446448,-126.92803955078125,0.04371320828795433,-0.04213414341211319,2,1
17.262513436959125,34.154,velocity_chirp,0,4,,0.0,-0.0,-0.017999999225139618,0,1
17.262513436959125,34.154,velocity_chirp,0,1,,0.0,0.0,-0.008999999612569809,0,1
17.2728578139795,34.164,velocity_chirp,1,2,103.83767700195312,103.96157836914062,9.424786567687988,0.20129603147506714,1,1
17.2728578139795,34.164,velocity_chirp,1,1,-8.804274259165387,-126.92803955078125,0.04371320828795433,-0.0444280244410038,2,1
17.2728578139795,34.164,velocity_chirp,0,4,,0.0,-0.0,-0.017999999225139618,0,1
17.2728578139795,34.164,velocity_chirp,0,1,,0.0,0.0,-0.008999999612569809,0,1
17.282514893973712,34.174,velocity_chirp,1,2,103.83767700195312,103.96157836914062,-1.5002373456954956,0.15454117953777313,1,1
17.282514893973712,34.174,velocity_chirp,1,1,-9.230926422195605,-126.92803955078125,0.04371320828795433,-0.05371750891208649,2,1
17.282514893973712,34.174,velocity_chirp,0,4,,0.0,-0.0,-0.017999999225139618,0,1
17.282514893973712,34.174,velocity_chirp,0,1,,0.0,0.0,-0.008999999612569809,0,1
17.293129410943948,34.184,velocity_chirp,1,2,103.83767700195312,103.93960571289062,8.270757675170898,0.040474534034729004,1,1
17.293129410943948,34.184,velocity_chirp,1,1,-9.618188521634485,-126.92803955078125,0.04371320828795433,-0.052485570311546326,2,1
17.293129410943948,34.184,velocity_chirp,0,4,,0.0,-0.0,0.03200000151991844,0,1
17.293129410943948,34.184,velocity_chirp,0,1,,0.0,0.0,0.05700000002980232,0,1
17.30312218394829,34.194,velocity_chirp,1,2,103.83767700195312,103.93960571289062,-0.8847553133964539,0.06798111647367477,1,1
17.30312218394829,34.194,velocity_chirp,1,1,-9.845858491352617,-126.95001220703125,0.04371320828795433,-0.061068639159202576,2,1
17.30312218394829,34.194,velocity_chirp,0,4,,0.0,-0.0,0.006000000052154064,0,1
17.30312218394829,34.194,velocity_chirp,0,1,,0.0,0.0,-0.008999999612569809,0,1
17.312874131952412,34.204,velocity_chirp,1,2,103.83767700195312,103.93960571289062,4.654582500457764,0.10446147620677948,1,1
17.312874131952412,34.204,velocity_chirp,1,1,-9.970271134332263,-126.95001220703125,0.04371320828795433,-0.07146921753883362,2,1
17.312874131952412,34.204,velocity_chirp,0,4,,0.0,-0.0,0.006000000052154064,0,1
17.312874131952412,34.204,velocity_chirp,0,1,,0.0,0.0,0.05700000002980232,0,1
17.323310251988005,34.214,velocity_chirp,1,2,103.83767700195312,103.96157836914062,-0.5000790953636169,0.07531319558620453,1,1
17.323310251988005,34.214,velocity_chirp,1,1,-9.99210600203477,-126.97198486328125,-4.677313327789307,-0.08193165063858032,2,1
17.323310251988005,34.214,velocity_chirp,0,4,,0.0,-0.0,0.006000000052154064,0,1
17.323310251988005,34.214,velocity_chirp,0,1,,0.0,0.0,-0.008999999612569809,0,1
17.333216712984722,34.224,velocity_chirp,1,2,103.83767700195312,103.85745239257812,-3.432847023010254,0.19668442010879517,1,1
17.333216712984722,34.224,velocity_chirp,1,1,-9.90355717582472,-126.97198486328125,-4.764739513397217,-0.0867392048239708,2,1
17.333216712984722,34.224,velocity_chirp,0,4,,0.0,-0.0,0.006000000052154064,0,1
17.333216712984722,34.224,velocity_chirp,0,1,,0.0,0.0,0.05700000002980232,0,1
17.343189066974446,34.234,velocity_chirp,1,2,103.83767700195312,103.96157836914062,11.886713981628418,0.18174144625663757,1,1
17.343189066974446,34.234,velocity_chirp,1,1,-9.718300971009544,-126.9940185546875,0.04371320828795433,-0.0899646133184433,2,1
17.343189066974446,34.234,velocity_chirp,0,4,,0.0,-0.0,0.006000000052154064,0,1
17.343189066974446,34.234,velocity_chirp,0,1,,0.0,0.0,0.05700000002980232,0,1
17.35342804499669,34.244,velocity_chirp,1,2,103.83767700195312,103.85745239257812,6.667657852172852,0.26223626732826233,1,1
17.35342804499669,34.244,velocity_chirp,1,1,-9.441346291799395,-126.9940185546875,0.04371320828795433,-0.09061937034130096,2,1
17.35342804499669,34.244,velocity_chirp,0,4,,0.0,-0.0,-0.2240000069141388,0,1
17.35342804499669,34.244,velocity_chirp,0,1,,0.0,0.0,-0.008999999612569809,0,1
17.362633982964326,34.254,velocity_chirp,1,2,103.83767700195312,103.96157836914062,2.1157193183898926,0.040562890470027924,1,1
17.362633982964326,34.254,velocity_chirp,1,1,-9.0502705781928,-126.9940185546875,-4.677313327789307,-0.09969588369131088,2,1
17.362633982964326,34.254,velocity_chirp,0,4,,0.0,-0.0,0.03200000151991844,0,1
17.362633982964326,34.254,velocity_chirp,0,1,,0.0,0.0,-0.0020000000949949026,0,1
17.373269869945943,34.264,velocity_chirp,1,2,103.83767700195312,103.865966796875,3.3335089683532715,-0.033479269593954086,1,1
17.373269869945943,34.264,velocity_chirp,1,1,-8.51760013542827,-127.0159912109375,-4.852166175842285,-0.10147394239902496,2,1
17.373269869945943,34.264,velocity_chirp,0,4,,0.0,-0.0,0.006000000052154064,0,1
17.373269869945943,34.264,velocity_chirp,0,1,,0.0,0.0,-0.008999999612569809,0,1
17.383310533943586,34.274,velocity_chirp,1,2,103.83767700195312,103.93960571289062,-2.346524953842163,0.018647044897079468,1,1
17.383310533943586,34.274,velocity_chirp,1,1,-7.931986076713629,-127.0599365234375,-4.852166175842285,-0.10376636683940887,2,1
17.383310533943586,34.274,velocity_chirp,0,4,,0.0,-0.0,-0.017999999225139618,0,1
17.383310533943586,34.274,velocity_chirp,0,1,,0.0,0.0,-0.008999999612569809,0,1
17.392840723972768,34.284,velocity_chirp,1,2,103.83767700195312,103.84329223632812,-5.563519477844238,0.27778762578964233,1,1
17.392840723972768,34.284,velocity_chirp,1,1,-7.931986076713629,-127.0599365234375,0.04371320828795433,-0.0910283625125885,2,1
17.392840723972768,34.284,velocity_chirp,0,4,,0.0,-0.0,0.03200000151991844,0,1
17.392840723972768,34.284,velocity_chirp,0,1,,0.0,0.0,-0.008999999612569809,0,1
17.40283446898684,34.294,velocity_chirp,1,2,103.83767700195312,103.93960571289062,-4.80845308303833,0.06894217431545258,1,1
17.40283446898684,34.294,velocity_chirp,1,1,-7.272429055400643,-127.0599365234375,0.6556981205940247,-0.08375898003578186,2,1
17.40283446898684,34.294,velocity_chirp,0,4,,0.0,-0.0,-0.06599999964237213,0,1
17.40283446898684,34.294,velocity_chirp,0,1,,0.0,0.0,-0.008999999612569809,0,1
17.413049130991567,34.304,velocity_chirp,1,2,103.83767700195312,103.85745239257812,0.027044737711548805,-0.007591605186462402,1,1
17.413049130991567,34.304,velocity_chirp,1,1,-6.557694931876741,-127.0599365234375,0.04371320828795433,-0.08906242251396179,2,1
17.413049130991567,34.304,velocity_chirp,0,4,,0.0,-0.0,0.006000000052154064,0,1
17.413049130991567,34.304,velocity_chirp,0,1,,0.0,0.0,-0.01600000075995922,0,1
17.42254245094955,34.314,velocity_chirp,1,2,103.83767700195312,103.96157836914062,9.347850799560547,0.12467224895954132,1,1
17.42254245094955,34.314,velocity_chirp,1,1,-5.768475778932682,-127.0599365234375,0.04371320828795433,-0.1059463769197464,2,1
17.42254245094955,34.314,velocity_chirp,0,4,,0.0,-0.0,0.006000000052154064,0,1
17.42254245094955,34.314,velocity_chirp,0,1,,0.0,0.0,-0.008999999612569809,0,1
17.432838987966534,34.324,velocity_chirp,1,2,103.83767700195312,103.93960571289062,3.88523006439209,0.1665262132883072,1,1
17.432838987966534,34.324,velocity_chirp,1,1,-4.794520324108257,-127.08203125,0.04371320828795433,-0.11766108125448227,2,1
17.432838987966534,34.324,velocity_chirp,0,4,,0.0,-0.0,0.03200000151991844,0,1
17.432838987966534,34.324,velocity_chirp,0,1,,0.0,0.0,-0.008999999612569809,0,1
17.44274112995481,34.334,velocity_chirp,1,2,103.83767700195312,103.91763305664062,-1.3463667631149292,-0.0822049081325531,1,1
17.44274112995481,34.334,velocity_chirp,1,1,-3.8692100451673967,-127.08203125,0.04371320828795433,-0.12461072951555252,2,1
17.44274112995481,34.334,velocity_chirp,0,4,,0.0,-0.0,-0.0430000014603138,0,1
17.44274112995481,34.334,velocity_chirp,0,1,,0.0,0.0,-0.008999999612569809,0,1
17.452950311999302,34.344,velocity_chirp,1,2,103.83767700195312,103.93960571289062,-0.6539496183395386,-0.05070967972278595,1,1
17.452950311999302,34.344,velocity_chirp,1,1,-2.761539282008659,-127.08203125,0.04371320828795433,-0.12373199313879013,2,1
17.452950311999302,34.344,velocity_chirp,0,4,,0.0,-0.0,0.006000000052154064,0,1
17.452950311999302,34.344,velocity_chirp,0,1,,0.0,0.0,-0.008999999612569809,0,1
17.46244555595331,34.354,velocity_chirp,1,2,103.83767700195312,103.93960571289062,-3.577488899230957,0.006437161937355995,1,1
17.46244555595331,34.354,velocity_chirp,1,1,-1.7723256773520295,-127.08203125,0.04371320828795433,-0.13596567511558533,2,1
17.46244555595331,34.354,velocity_chirp,0,4,,0.0,-0.0,-0.017999999225139618,0,1
17.46244555595331,34.354,velocity_chirp,0,1,,0.0,0.0,-0.008999999612569809,0,1
17.47301402594894,34.364,velocity_chirp,1,2,103.83767700195312,103.86880493164062,5.97345495223999,-0.03362896293401718,1,1
17.47301402594894,34.364,velocity_chirp,1,1,-0.6014375325640288,-127.10400390625,0.04371320828795433,-0.15029045939445496,2,1
17.47301402594894,34.364,velocity_chirp,0,4,,0.0,-0.0,-0.017999999225139618,0,1
17.47301402594894,34.364,velocity_chirp,0,1,,0.0,0.0,-0.008999999612569809,0,1
17.48324497899739,34.374,velocity_chirp,1,2,103.83767700195312,103.96157836914062,7.732210636138916,0.26294204592704773,1,1
17.48324497899739,34.374,velocity_chirp,1,1,0.4136760391651462,-127.10400390625,0.04371320828795433,-0.16020750999450684,2,1
17.48324497899739,34.374,velocity_chirp,0,4,,0.0,-0.0,0.054999999701976776,0,1
17.48324497899739,34.374,velocity_chirp,0,1,,0.0,0.0,-0.008999999612569809,0,1
17.49304581899196,34.384,velocity_chirp,1,2,103.83767700195312,103.87734985351562,1.5038930177688599,0.15689486265182495,1,1
17.49304581899196,34.384,velocity_chirp,1,1,1.4454680068627552,-127.10400390625,0.04371320828795433,-0.16164512932300568,2,1
17.49304581899196,34.384,velocity_chirp,0,4,,0.0,-0.0,0.006000000052154064,0,1
17.49304581899196,34.384,velocity_chirp,0,1,,0.0,0.0,0.05700000002980232,0,1
17.502666940970812,34.394,velocity_chirp,1,2,103.83767700195312,103.93960571289062,-1.7310431003570557,0.08296316117048264,1,1
17.502666940970812,34.394,velocity_chirp,1,1,2.6006398478275736,-127.10400390625,0.04371320828795433,-0.1595778465270996,2,1
17.502666940970812,34.394,velocity_chirp,0,4,,0.0,-0.0,-0.017999999225139618,0,1
17.502666940970812,34.394,velocity_chirp,0,1,,0.0,0.0,-0.008999999612569809,0,1
17.51323418895481,34.404,velocity_chirp,1,2,103.83767700195312,103.87734985351562,8.44333553314209,0.09674948453903198,1,1
17.51323418895481,34.404,velocity_chirp,1,1,2.6006398478275736,-127.10400390625,0.04371320828795433,-0.1629621833562851,2,1
17.51323418895481,34.404,velocity_chirp,0,4,,0.0,-0.0,-0.017999999225139618,0,1
17.51323418895481,34.404,velocity_chirp,0,1,,0.0,0.0,0.05700000002980232,0,1
17.522554331982974,34.414,velocity_chirp,1,2,103.83767700195312,103.96157836914062,4.80845308303833,0.41604822874069214,1,1
17.522554331982974,34.414,velocity_chirp,1,1,3.6668189788083168,-127.10400390625,0.04371320828795433,-0.16266249120235443,2,1
17.522554331982974,34.414,velocity_chirp,0,4,,0.0,-0.0,-0.017999999225139618,0,1
17.522554331982974,34.414,velocity_chirp,0,1,,0.0,0.0,-0.008999999612569809,0,1
17.532870816998184,34.424,velocity_chirp,1,2,103.83767700195312,103.96157836914062,-3.6544241905212402,0.1325462907552719,1,1
17.532870816998184,34.424,velocity_chirp,1,1,4.696930179196249,-127.10400390625,0.04371320828795433,-0.16701708734035492,2,1
17.532870816998184,34.424,velocity_chirp,0,4,,0.0,-0.0,-0.25,0,1
17.532870816998184,34.424,velocity_chirp,0,1,,0.0,0.0,0.05700000002980232,0,1
17.542513919994235,34.434,velocity_chirp,1,2,103.83767700195312,103.93960571289062,-10.117203712463379,0.1653633713722229,1,1
17.542513919994235,34.434,velocity_chirp,1,1,5.587378173613492,-127.10400390625,0.04371320828795433,-0.1600472778081894,2,1
17.542513919994235,34.434,velocity_chirp,0,4,,0.0,-0.0,-0.017999999225139618,0,1
17.542513919994235,34.434,velocity_chirp,0,1,,0.0,0.0,-0.0020000000949949026,0,1
17.55813921499066,34.444,velocity_chirp,1,2,103.83767700195312,103.93960571289062,-9.963333129882812,-0.08399923145771027,1,1
17.55813921499066,34.444,velocity_chirp,1,1,6.520448060781473,-127.10400390625,0.04371320828795433,-0.1662483662366867,2,1
17.55813921499066,34.444,velocity_chirp,0,4,,0.0,-0.0,-0.017999999225139618,0,1
17.55813921499066,34.444,velocity_chirp,0,1,,0.0,0.0,-0.008999999612569809,0,1
17.565311263955664,34.456,velocity_chirp,1,2,103.83767700195312,103.93960571289062,-9.963333129882812,-0.08399923145771027,1,1
17.565311263955664,34.456,velocity_chirp,1,1,7.322665308356999,-127.10400390625,0.04371320828795433,-0.1662483662366867,2,1
17.565311263955664,34.456,velocity_chirp,0,4,,0.0,-0.0,0.03200000151991844,0,1
17.565311263955664,34.456,velocity_chirp,0,1,,0.0,0.0,-0.008999999612569809,0,1
17.57342767494265,34.464,velocity_chirp,1,2,103.83767700195312,103.93960571289062,5.731894493103027,0.008275791071355343,1,1
17.57342767494265,34.464,velocity_chirp,1,1,8.072005088778093,-127.10400390625,0.04371320828795433,-0.15095332264900208,2,1
17.57342767494265,34.464,velocity_chirp,0,4,,0.0,-0.0,-0.017999999225139618,0,1
17.57342767494265,34.464,velocity_chirp,0,1,,0.0,0.0,-0.008999999612569809,0,1
17.583014651958365,34.474,velocity_chirp,1,2,103.83767700195312,103.93960571289062,6.501246929168701,0.20064270496368408,1,1
17.583014651958365,34.474,velocity_chirp,1,1,8.623784982938536,-127.10400390625,0.04371320828795433,-0.14242741465568542,2,1
17.583014651958365,34.474,velocity_chirp,0,4,,0.0,-0.0,-0.017999999225139618,0,1
17.583014651958365,34.474,velocity_chirp,0,1,,0.0,0.0,-0.008999999612569809,0,1
17.592875776987057,34.484,velocity_chirp,1,2,103.83767700195312,103.82345581054688,6.402683258056641,0.07447923719882965,1,1
17.592875776987057,34.484,velocity_chirp,1,1,9.168907413673237,-127.10400390625,0.04371320828795433,-0.1410573124885559,2,1
17.592875776987057,34.484,velocity_chirp,0,4,,0.0,-0.0,-0.017999999225139618,0,1
17.592875776987057,34.484,velocity_chirp,0,1,,0.0,0.0,-0.008999999612569809,0,1
17.60273751296336,34.494,velocity_chirp,1,2,103.83767700195312,103.93960571289062,-0.6539496183395386,-0.1485368311405182,1,1
17.60273751296336,34.494,velocity_chirp,1,1,9.168907413673237,-127.10400390625,0.04371320828795433,-0.12509149312973022,2,1
17.60273751296336,34.494,velocity_chirp,0,4,,0.0,-0.0,-0.06599999964237213,0,1
17.60273751296336,34.494,velocity_chirp,0,1,,0.0,0.0,-0.008999999612569809,0,1
17.612876190978568,34.504,velocity_chirp,1,2,103.83767700195312,103.93960571289062,11.96364974975586,0.19895388185977936,1,1
17.612876190978568,34.504,velocity_chirp,1,1,9.54286493209143,-127.10400390625,0.04371320828795433,-0.127362921833992,2,1
17.612876190978568,34.504,velocity_chirp,0,4,,0.0,-0.0,0.03200000151991844,0,1
17.612876190978568,34.504,velocity_chirp,0,1,,0.0,0.0,-0.07699999958276749,0,1
17.622829840984195,34.514,velocity_chirp,1,2,103.83767700195312,103.93960571289062,3.7313594818115234,0.0889521986246109,1,1
17.622829840984195,34.514,velocity_chirp,1,1,9.797442732201894,-127.08203125,0.04371320828795433,-0.11111565679311752,2,1
17.622829840984195,34.514,velocity_chirp,0,4,,0.0,-0.0,-0.0430000014603138,0,1
17.622829840984195,34.514,velocity_chirp,0,1,,0.0,0.0,-0.01600000075995922,0,1
17.632990550948307,34.524,velocity_chirp,1,2,103.83767700195312,103.93960571289062,-0.730884850025177,0.1867050677537918,1,1
17.632990550948307,34.524,velocity_chirp,1,1,9.967992456602884,-127.08203125,0.04371320828795433,-0.11375027894973755,2,1
17.632990550948307,34.524,velocity_chirp,0,4,,0.0,-0.0,-0.017999999225139618,0,1
17.632990550948307,34.524,velocity_chirp,0,1,,0.0,0.0,-0.008999999612569809,0,1
17.642789187957533,34.534,velocity_chirp,1,2,103.83767700195312,103.91763305664062,-5.270064353942871,0.18219409883022308,1,1
17.642789187957533,34.534,velocity_chirp,1,1,9.99742213011054,-127.08203125,0.04371320828795433,-0.10428819805383682,2,1
17.642789187957533,34.534,velocity_chirp,0,4,,0.0,-0.0,0.03200000151991844,0,1
17.642789187957533,34.534,velocity_chirp,0,1,,0.0,0.0,0.05700000002980232,0,1
17.653261285973713,34.544,velocity_chirp,1,2,103.83767700195312,103.84329223632812,1.7364052534103394,0.03778518736362457,1,1
17.653261285973713,34.544,velocity_chirp,1,1,9.899600986690148,-127.08203125,0.04371320828795433,-0.09567561000585556,2,1
17.653261285973713,34.544,velocity_chirp,0,4,,0.0,-0.0,-0.017999999225139618,0,1
17.653261285973713,34.544,velocity_chirp,0,1,,0.0,0.0,0.05700000002980232,0,1
17.662720701948274,34.554,velocity_chirp,1,2,103.83767700195312,103.93960571289062,5.193347930908203,0.04761584475636482,1,1
17.662720701948274,34.554,velocity_chirp,1,1,9.693129046068808,-127.08203125,0.04371320828795433,-0.08888514339923859,2,1
17.662720701948274,34.554,velocity_chirp,0,4,,0.0,-0.0,0.006000000052154064,0,1
17.662720701948274,34.554,velocity_chirp,0,1,,0.0,0.0,-0.008999999612569809,0,1
17.673034631996416,34.564,velocity_chirp,1,2,103.83767700195312,103.851806640625,-4.267813682556152,0.027472637593746185,1,1
17.673034631996416,34.564,velocity_chirp,1,1,9.338072851826464,-127.08203125,0.21856604516506195,-0.07556856423616409,2,1
17.673034631996416,34.564,velocity_chirp,0,4,,0.0,-0.0,0.006000000052154064,0,1
17.673034631996416,34.564,velocity_chirp,0,1,,0.0,0.0,0.05700000002980232,0,1
17.682955999975093,34.574,velocity_chirp,1,2,103.83767700195312,103.93960571289062,-1.0386258363723755,-0.10030486434698105,1,1
17.682955999975093,34.574,velocity_chirp,1,1,8.912002795086778,-127.0599365234375,4.939592361450195,-0.0627608671784401,2,1
17.682955999975093,34.574,velocity_chirp,0,4,,0.0,-0.0,-0.017999999225139618,0,1
17.682955999975093,34.574,velocity_chirp,0,1,,0.0,0.0,-0.008999999612569809,0,1
17.692984249966685,34.584,velocity_chirp,1,2,103.83767700195312,103.851806640625,6.000313758850098,-0.07878382503986359,1,1
17.692984249966685,34.584,velocity_chirp,1,1,8.307756824351781,-127.0599365234375,0.04371320828795433,-0.05955342948436737,2,1
17.692984249966685,34.584,velocity_chirp,0,4,,0.0,-0.0,-0.017999999225139618,0,1
17.692984249966685,34.584,velocity_chirp,0,1,,0.0,0.0,-0.008999999612569809,0,1
17.702746888971888,34.594,velocity_chirp,1,2,103.83767700195312,103.91763305664062,7.732210636138916,0.16149307787418365,1,1
17.702746888971888,34.594,velocity_chirp,1,1,7.696238199246621,-127.0599365234375,0.04371320828795433,-0.057860590517520905,2,1
17.702746888971888,34.594,velocity_chirp,0,4,,0.0,-0.0,-0.017999999225139618,0,1
17.702746888971888,34.594,velocity_chirp,0,1,,0.0,0.0,-0.0020000000949949026,0,1
17.713199770951178,34.604,velocity_chirp,1,2,103.83767700195312,103.83767700195312,-3.778374195098877,0.3057986795902252,1,1
17.713199770951178,34.604,velocity_chirp,1,1,7.696238199246621,-127.0599365234375,0.04371320828795433,-0.057823073118925095,2,1
17.713199770951178,34.604,velocity_chirp,0,4,,0.0,-0.0,-0.2240000069141388,0,1
17.713199770951178,34.604,velocity_chirp,0,1,,0.0,0.0,-0.008999999612569809,0,1
17.72268812195398,34.614,velocity_chirp,1,2,103.83767700195312,103.91763305664062,1.8079782724380493,-0.03896404057741165,1,1
17.72268812195398,34.614,velocity_chirp,1,1,6.908984194283,-127.0379638671875,0.04371320828795433,-0.04789704084396362,2,1
17.72268812195398,34.614,velocity_chirp,0,4,,0.0,-0.0,0.006000000052154064,0,1
17.72268812195398,34.614,velocity_chirp,0,1,,0.0,0.0,-0.008999999612569809,0,1
17.73321199696511,34.624,velocity_chirp,1,2,103.83767700195312,103.91763305664062,6.501246929168701,-0.1397067904472351,1,1
17.73321199696511,34.624,velocity_chirp,1,1,6.006739280272157,-127.0379638671875,0.04371320828795433,-0.04799053445458412,2,1
17.73321199696511,34.624,velocity_chirp,0,4,,0.0,-0.0,-0.017999999225139618,0,1
17.73321199696511,34.624,velocity_chirp,0,1,,0.0,0.0,-0.008999999612569809,0,1
17.742736716987565,34.634,velocity_chirp,1,2,103.83767700195312,103.93960571289062,5.654959201812744,0.23606130480766296,1,1
17.742736716987565,34.634,velocity_chirp,1,1,5.123558836789336,-127.0159912109375,0.04371320828795433,-0.04932117089629173,2,1
17.742736716987565,34.634,velocity_chirp,0,4,,0.0,-0.0,-0.017999999225139618,0,1
17.742736716987565,34.634,velocity_chirp,0,1,,0.0,0.0,0.05000000074505806,0,1
17.75304314197274,34.644,velocity_chirp,1,2,103.83767700195312,103.83477783203125,5.568836688995361,0.3959366977214813,1,1
17.75304314197274,34.644,velocity_chirp,1,1,4.065783072115813,-127.0159912109375,0.04371320828795433,-0.05473119020462036,2,1
17.75304314197274,34.644,velocity_chirp,0,4,,0.0,-0.0,-0.017999999225139618,0,1
17.75304314197274,34.644,velocity_chirp,0,1,,0.0,0.0,-0.008999999612569809,0,1
17.762924554990605,34.654,velocity_chirp,1,2,103.83767700195312,103.93960571289062,7.039793491363525,0.16282811760902405,1,1
17.762924554990605,34.654,velocity_chirp,1,1,3.100873752821058,-127.0159912109375,0.04371320828795433,-0.0512097030878067,2,1
17.762924554990605,34.654,velocity_chirp,0,4,,0.0,-0.0,0.03200000151991844,0,1
17.762924554990605,34.654,velocity_chirp,0,1,,0.0,0.0,-0.008999999612569809,0,1
17.77320877899183,34.664,velocity_chirp,1,2,103.83767700195312,103.85745239257812,0.5477604866027832,0.15760137140750885,1,1
17.77320877899183,34.664,velocity_chirp,1,1,2.105495767093812,-127.0159912109375,0.04371320828795433,-0.042135436087846756,2,1
17.77320877899183,34.664,velocity_chirp,0,4,,0.0,-0.0,-0.017999999225139618,0,1
17.77320877899183,34.664,velocity_chirp,0,1,,0.0,0.0,-0.008999999612569809,0,1
17.78280420199735,34.674,velocity_chirp,1,2,103.83767700195312,103.851806640625,-6.56951904296875,0.06823404878377914,1,1
17.78280420199735,34.674,velocity_chirp,1,1,1.094310474566403,-127.0159912109375,4.939592361450195,-0.038114033639431,2,1
17.78280420199735,34.674,velocity_chirp,0,4,,0.0,-0.0,-0.017999999225139618,0,1
17.78280420199735,34.674,velocity_chirp,0,1,,0.0,0.0,-0.008999999612569809,0,1
17.793503077991772,34.684,velocity_chirp,1,2,103.83767700195312,103.85467529296875,0.8434187173843384,-0.009627964347600937,1,1
17.793503077991772,34.684,velocity_chirp,1,1,-0.12187684514476915,-126.97198486328125,0.04371320828795433,-0.0389886349439621,2,1
17.793503077991772,34.684,velocity_chirp,0,4,,0.0,-0.0,0.006000000052154064,0,1
17.793503077991772,34.684,velocity_chirp,0,1,,0.0,0.0,-0.008999999612569809,0,1
17.80333324399544,34.694,velocity_chirp,1,2,103.83767700195312,103.91763305664062,3.500553607940674,-0.25057244300842285,1,1
17.80333324399544,34.694,velocity_chirp,1,1,-1.190275803049488,-126.97198486328125,0.04371320828795433,-0.04369046911597252,2,1
17.80333324399544,34.694,velocity_chirp,0,4,,0.0,-0.0,-0.017999999225139618,0,1
17.80333324399544,34.694,velocity_chirp,0,1,,0.0,0.0,-0.008999999612569809,0,1
17.813059283944312,34.704,velocity_chirp,1,2,103.83767700195312,103.84613037109375,-1.5308607816696167,-0.04144652560353279,1,1
17.813059283944312,34.704,velocity_chirp,1,1,-2.3718159759656516,-126.9940185546875,0.04371320828795433,-0.06041553243994713,2,1
17.813059283944312,34.704,velocity_chirp,0,4,,0.0,-0.0,-0.017999999225139618,0,1
17.813059283944312,34.704,velocity_chirp,0,1,,0.0,0.0,-0.008999999612569809,0,1
17.822683200996835,34.714,velocity_chirp,1,2,103.83767700195312,103.93960571289062,14.348642349243164,-0.0034641907550394535,1,1
17.822683200996835,34.714,velocity_chirp,1,1,-3.360360921777747,-126.9940185546875,0.04371320828795433,-0.06399130821228027,2,1
17.822683200996835,34.714,velocity_chirp,0,4,,0.0,-0.0,-0.017999999225139618,0,1
17.822683200996835,34.714,velocity_chirp,0,1,,0.0,0.0,0.05700000002980232,0,1
17.83302373997867,34.724,velocity_chirp,1,2,103.83767700195312,103.83197021484375,-1.7023389339447021,0.10740117728710175,1,1
17.83302373997867,34.724,velocity_chirp,1,1,-3.360360921777747,-126.9940185546875,0.04371320828795433,-0.05423952639102936,2,1
17.83302373997867,34.724,velocity_chirp,0,4,,0.0,-0.0,-0.017999999225139618,0,1
17.83302373997867,34.724,velocity_chirp,0,1,,0.0,0.0,-0.008999999612569809,0,1
17.842765860958025,34.734,velocity_chirp,1,2,103.83767700195312,103.91763305664062,-5.654740810394287,-0.09678099304437637,1,1
17.842765860958025,34.734,velocity_chirp,1,1,-4.392336926373381,-126.9940185546875,0.04371320828795433,-0.05248069390654564,2,1
17.842765860958025,34.734,velocity_chirp,0,4,,0.0,-0.0,0.006000000052154064,0,1
17.842765860958025,34.734,velocity_chirp,0,1,,0.0,0.0,0.05700000002980232,0,1
17.853022872994188,34.744,velocity_chirp,1,2,103.83767700195312,103.93960571289062,0.8078200817108154,0.07654835283756256,1,1
17.853022872994188,34.744,velocity_chirp,1,1,-5.455077753605306,-126.9940185546875,0.04371320828795433,-0.04710341617465019,2,1
17.853022872994188,34.744,velocity_chirp,0,4,,0.0,-0.0,0.006000000052154064,0,1
17.853022872994188,34.744,velocity_chirp,0,1,,0.0,0.0,-0.008999999612569809,0,1
17.862768869963475,34.754,velocity_chirp,1,2,103.83767700195312,103.91763305664062,-8.809085845947266,0.07165025174617767,1,1
17.862768869963475,34.754,velocity_chirp,1,1,-6.312117556806901,-126.9940185546875,0.04371320828795433,-0.04969436675310135,2,1
17.862768869963475,34.754,velocity_chirp,0,4,,0.0,-0.0,0.03200000151991844,0,1
17.862768869963475,34.754,velocity_chirp,0,1,,0.0,0.0,0.05700000002980232,0,1
17.872976127953734,34.764,velocity_chirp,1,2,103.83767700195312,103.865966796875,3.095829486846924,-0.05371490865945816,1,1
17.872976127953734,34.764,velocity_chirp,1,1,-7.2078552159465925,-126.9940185546875,0.04371320828795433,-0.05160945653915405,2,1
17.872976127953734,34.764,velocity_chirp,0,4,,0.0,-0.0,-0.017999999225139618,0,1
17.872976127953734,34.764,velocity_chirp,0,1,,0.0,0.0,0.05700000002980232,0,1
17.88281217496842,34.774,velocity_chirp,1,2,103.83767700195312,103.87734985351562,1.1377794742584229,0.0936116874217987,1,1
17.88281217496842,34.774,velocity_chirp,1,1,-7.8822050555772805,-126.9940185546875,0.04371320828795433,-0.0539490170776844,2,1
17.88281217496842,34.774,velocity_chirp,0,4,,0.0,-0.0,-0.017999999225139618,0,1
17.88281217496842,34.774,velocity_chirp,0,1,,0.0,0.0,-0.008999999612569809,0,1
17.89323136297753,34.784,velocity_chirp,1,2,103.83767700195312,103.96157836914062,-16.195087432861328,0.3588813543319702,1,1
17.89323136297753,34.784,velocity_chirp,1,1,-8.477365521606643,-126.9940185546875,0.04371320828795433,-0.06567680835723877,2,1
17.89323136297753,34.784,velocity_chirp,0,4,,0.0,-0.0,-0.017999999225139618,0,1
17.89323136297753,34.784,velocity_chirp,0,1,,0.0,0.0,-0.008999999612569809,0,1
17.9029267449514,34.794,velocity_chirp,1,2,103.83767700195312,103.96157836914062,-5.270064353942871,0.1656767576932907,1,1
17.9029267449514,34.794,velocity_chirp,1,1,-8.992433470301815,-126.9940185546875,0.04371320828795433,-0.07450172305107117,2,1
17.9029267449514,34.794,velocity_chirp,0,4,,0.0,-0.0,-0.017999999225139618,0,1
17.9029267449514,34.794,velocity_chirp,0,1,,0.0,0.0,-0.008999999612569809,0,1
17.91370257694507,34.804,velocity_chirp,1,2,103.83767700195312,103.85745239257812,-5.199084758758545,0.006103900261223316,1,1
17.91370257694507,34.804,velocity_chirp,1,1,-9.455222631056762,-127.0159912109375,0.04371320828795433,-0.08138535916805267,2,1
17.91370257694507,34.804,velocity_chirp,0,4,,0.0,-0.0,-0.017999999225139618,0,1
17.91370257694507,34.804,velocity_chirp,0,1,,0.0,0.0,-0.008999999612569809,0,1
17.92273413494695,34.814,velocity_chirp,1,2,103.83767700195312,103.93960571289062,-1.9618487358093262,0.05548909306526184,1,1
17.92273413494695,34.814,velocity_chirp,1,1,-9.764119670739609,-127.0159912109375,0.04371320828795433,-0.08624695241451263,2,1
17.92273413494695,34.814,velocity_chirp,0,4,,0.0,-0.0,-0.017999999225139618,0,1
17.92273413494695,34.814,velocity_chirp,0,1,,0.0,0.0,0.05700000002980232,0,1
17.932979875942692,34.824,velocity_chirp,1,2,103.83767700195312,103.85467529296875,-2.199045181274414,-0.035973139107227325,1,1
17.932979875942692,34.824,velocity_chirp,1,1,-9.944904025022268,-127.0159912109375,0.04371320828795433,-0.08556850254535675,2,1
17.932979875942692,34.824,velocity_chirp,0,4,,0.0,-0.0,0.054999999701976776,0,1
17.932979875942692,34.824,velocity_chirp,0,1,,0.0,0.0,-0.008999999612569809,0,1
17.942676690989174,34.834,velocity_chirp,1,2,103.83767700195312,103.93960571289062,0.19233810901641846,0.18054208159446716,1,1
17.942676690989174,34.834,velocity_chirp,1,1,-9.999989757800384,-127.0379638671875,-2.404226541519165,-0.09456752985715866,2,1
17.942676690989174,34.834,velocity_chirp,0,4,,0.0,-0.0,-0.017999999225139618,0,1
17.942676690989174,34.834,velocity_chirp,0,1,,0.0,0.0,-0.01600000075995922,0,1
17.953006499970797,34.844,velocity_chirp,1,2,103.83767700195312,103.85467529296875,-1.7503269910812378,0.17763754725456238,1,1
17.953006499970797,34.844,velocity_chirp,1,1,-9.999989757800384,-127.0379638671875,0.04371320828795433,-0.09543593227863312,2,1
17.953006499970797,34.844,velocity_chirp,0,4,,0.0,-0.0,0.03200000151991844,0,1
17.953006499970797,34.844,velocity_chirp,0,1,,0.0,0.0,-0.008999999612569809,0,1
17.963154035969637,34.854,velocity_chirp,1,2,103.83767700195312,103.93960571289062,-11.578972816467285,0.07064606994390488,1,1
17.963154035969637,34.854,velocity_chirp,1,1,-9.932085694242671,-127.0599365234375,0.04371320828795433,-0.1038421243429184,2,1
17.963154035969637,34.854,velocity_chirp,0,4,,0.0,-0.0,0.006000000052154064,0,1
17.963154035969637,34.854,velocity_chirp,0,1,,0.0,0.0,-0.008999999612569809,0,1
17.973272305971477,34.864,velocity_chirp,1,2,103.83767700195312,103.93960571289062,-11.348167419433594,-0.003106700722128153,1,1
17.973272305971477,34.864,velocity_chirp,1,1,-9.754995206454943,-127.0599365234375,0.04371320828795433,-0.09658602625131607,2,1
17.973272305971477,34.864,velocity_chirp,0,4,,0.0,-0.0,-0.017999999225139618,0,1
17.973272305971477,34.864,velocity_chirp,0,1,,0.0,0.0,-0.008999999612569809,0,1
17.982983777998015,34.874,velocity_chirp,1,2,103.83767700195312,103.93960571289062,7.424469947814941,-0.011117078363895416,1,1
17.982983777998015,34.874,velocity_chirp,1,1,-9.47223687820517,-127.0599365234375,0.04371320828795433,-0.10079783201217651,2,1
17.982983777998015,34.874,velocity_chirp,0,4,,0.0,-0.0,-0.017999999225139618,0,1
17.982983777998015,34.874,velocity_chirp,0,1,,0.0,0.0,-0.07000000029802322,0,1
17.99283458298305,34.884,velocity_chirp,1,2,103.83767700195312,103.96157836914062,8.347692489624023,0.16419166326522827,1,1
17.99283458298305,34.884,velocity_chirp,1,1,-9.007040888058325,-127.0599365234375,0.04371320828795433,-0.10067319869995117,2,1
17.99283458298305,34.884,velocity_chirp,0,4,,0.0,-0.0,-0.06599999964237213,0,1
17.99283458298305,34.884,velocity_chirp,0,1,,0.0,0.0,-0.008999999612569809,0,1
18.002866609953344,34.894,velocity_chirp,1,2,103.83767700195312,103.93960571289062,10.194138526916504,0.15380944311618805,1,1
18.002866609953344,34.894,velocity_chirp,1,1,-8.40100471192626,-127.08203125,-2.404226541519165,-0.1115642860531807,2,1
18.002866609953344,34.894,velocity_chirp,0,4,,0.0,-0.0,-0.017999999225139618,0,1
18.002866609953344,34.894,velocity_chirp,0,1,,0.0,0.0,-0.008999999612569809,0,1
18.01304450299358,34.904,velocity_chirp,1,2,103.83767700195312,103.93960571289062,2.192654609680176,0.2705231308937073,1,1
18.01304450299358,34.904,velocity_chirp,1,1,-7.787935128560025,-127.10400390625,0.04371320828795433,-0.13543540239334106,2,1
18.01304450299358,34.904,velocity_chirp,0,4,,0.0,-0.0,0.006000000052154064,0,1
18.01304450299358,34.904,velocity_chirp,0,1,,0.0,0.0,-0.008999999612569809,0,1
18.022831387992483,34.914,velocity_chirp,1,2,103.83767700195312,103.93960571289062,-8.347474098205566,0.012515147216618061,1,1
18.022831387992483,34.914,velocity_chirp,1,1,-7.084240974149819,-127.10400390625,0.04371320828795433,-0.14598368108272552,2,1
18.022831387992483,34.914,velocity_chirp,0,4,,0.0,-0.0,0.006000000052154064,0,1
18.022831387992483,34.914,velocity_chirp,0,1,,0.0,0.0,-0.008999999612569809,0,1
18.033268879982643,34.924,velocity_chirp,1,2,103.83767700195312,103.84896850585938,2.620818853378296,0.14353394508361816,1,1
18.033268879982643,34.924,velocity_chirp,1,1,-6.161858497088241,-127.10400390625,0.04371320828795433,-0.14891234040260315,2,1
18.033268879982643,34.924,velocity_chirp,0,4,,0.0,-0.0,0.006000000052154064,0,1
18.033268879982643,34.924,velocity_chirp,0,1,,0.0,0.0,0.05700000002980232,0,1
18.042954653967172,34.934,velocity_chirp,1,2,103.83767700195312,103.93960571289062,-1.8079782724380493,0.1913721263408661,1,1
18.042954653967172,34.934,velocity_chirp,1,1,-5.255834699456664,-127.10400390625,0.04371320828795433,-0.16554544866085052,2,1
18.042954653967172,34.934,velocity_chirp,0,4,,0.0,-0.0,-0.017999999225139618,0,1
18.042954653967172,34.934,velocity_chirp,0,1,,0.0,0.0,-0.07699999958276749,0,1
18.05292953294702,34.944,velocity_chirp,1,2,103.83767700195312,103.84613037109375,-6.163386344909668,0.26943498849868774,1,1
18.05292953294702,34.944,velocity_chirp,1,1,-4.173802066911843,-127.10400390625,-4.240180969238281,-0.17451347410678864,2,1
18.05292953294702,34.944,velocity_chirp,0,4,,0.0,-0.0,0.006000000052154064,0,1
18.05292953294702,34.944,velocity_chirp,0,1,,0.0,0.0,-0.008999999612569809,0,1
18.06272758898558,34.954,velocity_chirp,1,2,103.83767700195312,103.93960571289062,5.578023910522461,0.21156145632266998,1,1
18.06272758898558,34.954,velocity_chirp,1,1,-4.173802066911843,-127.10400390625,0.04371320828795433,-0.18758386373519897,2,1
18.06272758898558,34.954,velocity_chirp,0,4,,0.0,-0.0,-0.017999999225139618,0,1
18.06272758898558,34.954,velocity_chirp,0,1,,0.0,0.0,-0.008999999612569809,0,1
18.07290811697021,34.964,velocity_chirp,1,2,103.83767700195312,103.93960571289062,-9.424568176269531,-0.02748854085803032,1,1
18.07290811697021,34.964,velocity_chirp,1,1,-3.101684474281676,-127.10400390625,0.04371320828795433,-0.1895330846309662,2,1
18.07290811697021,34.964,velocity_chirp,0,4,,0.0,-0.0,-0.017999999225139618,0,1
18.07290811697021,34.964,velocity_chirp,0,1,,0.0,0.0,-0.0020000000949949026,0,1
18.08270302595338,34.974,velocity_chirp,1,2,103.83767700195312,103.93960571289062,2.654266119003296,0.20623870193958282,1,1
18.08270302595338,34.974,velocity_chirp,1,1,-2.076073312630508,-127.10400390625,0.04371320828795433,-0.19926458597183228,2,1
18.08270302595338,34.974,velocity_chirp,0,4,,0.0,-0.0,0.03200000151991844,0,1
18.08270302595338,34.974,velocity_chirp,0,1,,0.0,0.0,-0.008999999612569809,0,1
18.093237451976165,34.984,velocity_chirp,1,2,103.83767700195312,103.93960571289062,0.8078200817108154,0.10713109374046326,1,1
18.093237451976165,34.984,velocity_chirp,1,1,-0.8350730371899815,-127.10400390625,0.04371320828795433,-0.2017786055803299,2,1
18.093237451976165,34.984,velocity_chirp,0,4,,0.0,-0.0,0.006000000052154064,0,1
18.093237451976165,34.984,velocity_chirp,0,1,,0.0,0.0,-0.0020000000949949026,0,1
18.102963280980475,34.994,velocity_chirp,1,2,103.83767700195312,103.93960571289062,-0.11540286988019943,-0.07982523739337921,1,1
18.102963280980475,34.994,velocity_chirp,1,1,0.2654438067897801,-127.10400390625,0.04371320828795433,-0.20536142587661743,2,1
18.102963280980475,34.994,velocity_chirp,0,4,,0.0,-0.0,0.006000000052154064,0,1
18.102963280980475,34.994,velocity_chirp,0,1,,0.0,0.0,-0.008999999612569809,0,1
18.112999536970165,35.004,velocity_chirp,1,2,103.83767700195312,103.851806640625,-12.44677448272705,-0.12433202564716339,1,1
18.112999536970165,35.004,velocity_chirp,1,1,1.4971169147073793,-127.10400390625,0.04371320828795433,-0.20679041743278503,2,1
18.112999536970165,35.004,velocity_chirp,0,4,,0.0,-0.0,-0.017999999225139618,0,1
18.112999536970165,35.004,velocity_chirp,0,1,,0.0,0.0,-0.0020000000949949026,0,1
18.123121162992902,35.014,velocity_chirp,1,2,103.83767700195312,103.93960571289062,7.886081218719482,0.04836389794945717,1,1
18.123121162992902,35.014,velocity_chirp,1,1,2.5519501642435882,-127.10400390625,0.04371320828795433,-0.2038896232843399,2,1
18.123121162992902,35.014,velocity_chirp,0,4,,0.0,-0.0,0.006000000052154064,0,1
18.123121162992902,35.014,velocity_chirp,0,1,,0.0,0.0,-0.008999999612569809,0,1
18.133319974993356,35.024,velocity_chirp,1,2,103.83767700195312,103.85467529296875,2.717867374420166,0.11233526468276978,1,1
18.133319974993356,35.024,velocity_chirp,1,1,3.749795867654606,-127.10400390625,0.04371320828795433,-0.2032434344291687,2,1
18.133319974993356,35.024,velocity_chirp,0,4,,0.0,-0.0,-0.017999999225139618,0,1
18.133319974993356,35.024,velocity_chirp,0,1,,0.0,0.0,-0.008999999612569809,0,1
18.142954621987883,35.034,velocity_chirp,1,2,103.83767700195312,103.91763305664062,-8.193603515625,-0.1308979094028473,1,1
18.142954621987883,35.034,velocity_chirp,1,1,4.746022192429415,-127.10400390625,0.04371320828795433,-0.19681419432163239,2,1
18.142954621987883,35.034,velocity_chirp,0,4,,0.0,-0.0,0.03200000151991844,0,1
18.142954621987883,35.034,velocity_chirp,0,1,,0.0,0.0,-0.008999999612569809,0,1
18.153156099957414,35.044,velocity_chirp,1,2,103.83767700195312,103.84051513671875,-4.543543815612793,0.03665364161133766,1,1
18.153156099957414,35.044,velocity_chirp,1,1,5.778519595463894,-127.10400390625,0.04371320828795433,-0.1976783573627472,2,1
18.153156099957414,35.044,velocity_chirp,0,4,,0.0,-0.0,0.006000000052154064,0,1
18.153156099957414,35.044,velocity_chirp,0,1,,0.0,0.0,-0.008999999612569809,0,1
18.16290403099265,35.054,velocity_chirp,1,2,103.83767700195312,103.91763305664062,-0.19233810901641846,0.0024098423309624195,1,1
18.16290403099265,35.054,velocity_chirp,1,1,6.641183730720068,-127.10400390625,0.04371320828795433,-0.18760189414024353,2,1
18.16290403099265,35.054,velocity_chirp,0,4,,0.0,-0.0,-0.017999999225139618,0,1
18.16290403099265,35.054,velocity_chirp,0,1,,0.0,0.0,0.05700000002980232,0,1
18.17289039195748,35.064,velocity_chirp,1,2,103.83767700195312,103.8603515625,5.83335018157959,-0.2661876082420349,1,1
18.17289039195748,35.064,velocity_chirp,1,1,6.641183730720068,-127.10400390625,0.04371320828795433,-0.18809276819229126,2,1
18.17289039195748,35.064,velocity_chirp,0,4,,0.0,-0.0,-0.017999999225139618,0,1
18.17289039195748,35.064,velocity_chirp,0,1,,0.0,0.0,-0.008999999612569809,0,1
18.18272858299315,35.074,velocity_chirp,1,2,103.83767700195312,103.91763305664062,-1.9618487358093262,-0.18510429561138153,1,1
18.18272858299315,35.074,velocity_chirp,1,1,7.442304970112874,-127.10400390625,0.04371320828795433,-0.17214299738407135,2,1
18.18272858299315,35.074,velocity_chirp,0,4,,0.0,-0.0,0.006000000052154064,0,1
18.18272858299315,35.074,velocity_chirp,0,1,,0.0,0.0,-0.07699999958276749,0,1
18.192850169958547,35.084,velocity_chirp,1,2,103.83767700195312,103.93960571289062,-3.2697479724884033,-0.11581776291131973,1,1
18.192850169958547,35.084,velocity_chirp,1,1,8.231477828646083,-127.10400390625,0.04371320828795433,-0.17476212978363037,2,1
18.192850169958547,35.084,velocity_chirp,0,4,,0.0,-0.0,-0.017999999225139618,0,1
18.192850169958547,35.084,velocity_chirp,0,1,,0.0,0.0,-0.008999999612569809,0,1
18.202992264996283,35.094,velocity_chirp,1,2,103.83767700195312,103.93960571289062,6.501246929168701,0.019461210817098618,1,1
18.202992264996283,35.094,velocity_chirp,1,1,8.886069243503561,-127.10400390625,0.04371320828795433,-0.1632605791091919,2,1
18.202992264996283,35.094,velocity_chirp,0,4,,0.0,-0.0,0.006000000052154064,0,1
18.202992264996283,35.094,velocity_chirp,0,1,,0.0,0.0,0.05700000002980232,0,1
18.213176939985715,35.104,velocity_chirp,1,2,103.83767700195312,103.93960571289062,-0.8078200817108154,0.18008986115455627,1,1
18.213176939985715,35.104,velocity_chirp,1,1,9.333505282380148,-127.10400390625,0.04371320828795433,-0.14459551870822906,2,1
18.213176939985715,35.104,velocity_chirp,0,4,,0.0,-0.0,-0.25,0,1
18.213176939985715,35.104,velocity_chirp,0,1,,0.0,0.0,-0.0020000000949949026,0,1
18.223058923962526,35.114,velocity_chirp,1,2,103.83767700195312,103.93960571289062,-0.9616906046867371,0.09208253026008606,1,1
18.223058923962526,35.114,velocity_chirp,1,1,9.664124588268047,-127.10400390625,0.04371320828795433,-0.13097932934761047,2,1
18.223058923962526,35.114,velocity_chirp,0,4,,0.0,-0.0,0.006000000052154064,0,1
18.223058923962526,35.114,velocity_chirp,0,1,,0.0,0.0,-0.01600000075995922,0,1
18.233199055946898,35.124,velocity_chirp,1,2,103.83767700195312,103.83197021484375,-4.723791122436523,0.0594010055065155,1,1
18.233199055946898,35.124,velocity_chirp,1,1,9.912620705191577,-127.10400390625,0.04371320828795433,-0.12101534008979797,2,1
18.233199055946898,35.124,velocity_chirp,0,4,,0.0,-0.0,-0.017999999225139618,0,1
18.233199055946898,35.124,velocity_chirp,0,1,,0.0,0.0,-0.008999999612569809,0,1
18.242994946951512,35.134,velocity_chirp,1,2,103.83767700195312,103.91763305664062,-4.731517791748047,0.046105142682790756,1,1
18.242994946951512,35.134,velocity_chirp,1,1,9.997464787620112,-127.10400390625,0.04371320828795433,-0.10602039843797684,2,1
18.242994946951512,35.134,velocity_chirp,0,4,,0.0,-0.0,-0.017999999225139618,0,1
18.242994946951512,35.134,velocity_chirp,0,1,,0.0,0.0,-0.008999999612569809,0,1
18.25290352094453,35.144,velocity_chirp,1,2,103.83767700195312,103.84051513671875,4.299948215484619,0.06488510966300964,1,1
18.25290352094453,35.144,velocity_chirp,1,1,9.94775643288032,-127.10400390625,0.04371320828795433,-0.10456904023885727,2,1
18.25290352094453,35.144,velocity_chirp,0,4,,0.0,-0.0,-0.017999999225139618,0,1
18.25290352094453,35.144,velocity_chirp,0,1,,0.0,0.0,0.24699999392032623,0,1
18.262748755980283,35.154,velocity_chirp,1,2,103.83767700195312,103.93960571289062,1.7310431003570557,0.19032710790634155,1,1
18.262748755980283,35.154,velocity_chirp,1,1,9.94775643288032,-127.08203125,0.04371320828795433,-0.08970925211906433,2,1
18.262748755980283,35.154,velocity_chirp,0,4,,0.0,-0.0,0.03200000151991844,0,1
18.262748755980283,35.154,velocity_chirp,0,1,,0.0,0.0,-0.008999999612569809,0,1
18.27299247297924,35.164,velocity_chirp,1,2,103.83767700195312,103.93960571289062,-3.115877389907837,0.14651663601398468,1,1
18.27299247297924,35.164,velocity_chirp,1,1,9.761056394029193,-127.08203125,0.04371320828795433,-0.09119321405887604,2,1
18.27299247297924,35.164,velocity_chirp,0,4,,0.0,-0.0,-0.017999999225139618,0,1
18.27299247297924,35.164,velocity_chirp,0,1,,0.0,0.0,-0.008999999612569809,0,1
18.28268170298543,35.174,velocity_chirp,1,2,103.83767700195312,103.93960571289062,5.885765075683594,0.13702386617660522,1,1
18.28268170298543,35.174,velocity_chirp,1,1,9.467231707269319,-127.08203125,0.04371320828795433,-0.08019877970218658,2,1
18.28268170298543,35.174,velocity_chirp,0,4,,0.0,-0.0,-0.017999999225139618,0,1
18.28268170298543,35.174,velocity_chirp,0,1,,0.0,0.0,0.05700000002980232,0,1
18.29291751497658,35.184,velocity_chirp,1,2,103.83767700195312,103.93960571289062,8.886240005493164,9.930739179253578e-05,1,1
18.29291751497658,35.184,velocity_chirp,1,1,8.983332001089241,-127.08203125,0.04371320828795433,-0.07558313012123108,2,1
18.29291751497658,35.184,velocity_chirp,0,4,,0.0,-0.0,-0.017999999225139618,0,1
18.29291751497658,35.184,velocity_chirp,0,1,,0.0,0.0,-0.008999999612569809,0,1
18.3028390139807,35.194,velocity_chirp,1,2,103.83767700195312,103.96157836914062,-3.8082947731018066,-0.04505302757024765,1,1
18.3028390139807,35.194,velocity_chirp,1,1,8.457225712336596,-127.08203125,0.04371320828795433,-0.06393152475357056,2,1
18.3028390139807,35.194,velocity_chirp,0,4,,0.0,-0.0,0.006000000052154064,0,1
18.3028390139807,35.194,velocity_chirp,0,1,,0.0,0.0,-0.008999999612569809,0,1
18.312983773997985,35.204,velocity_chirp,1,2,103.83767700195312,103.96157836914062,6.03963565826416,0.039396531879901886,1,1
18.312983773997985,35.204,velocity_chirp,1,1,7.838912002106827,-127.08203125,0.04371320828795433,-0.06008774787187576,2,1
18.312983773997985,35.204,velocity_chirp,0,4,,0.0,-0.0,-0.017999999225139618,0,1
18.312983773997985,35.204,velocity_chirp,0,1,,0.0,0.0,-0.0020000000949949026,0,1
18.32277793198591,35.214,velocity_chirp,1,2,103.83767700195312,103.96157836914062,2.5003955364227295,0.09848220646381378,1,1
18.32277793198591,35.214,velocity_chirp,1,1,7.123259797964778,-127.0599365234375,0.04371320828795433,-0.05333976820111275,2,1
18.32277793198591,35.214,velocity_chirp,0,4,,0.0,-0.0,0.006000000052154064,0,1
18.32277793198591,35.214,velocity_chirp,0,1,,0.0,0.0,-0.008999999612569809,0,1
18.33299225399969,35.224,velocity_chirp,1,2,103.83767700195312,103.96157836914062,4.885388374328613,-0.0564529187977314,1,1
18.33299225399969,35.224,velocity_chirp,1,1,6.177870091496399,-127.0599365234375,0.04371320828795433,-0.055459264665842056,2,1
18.33299225399969,35.224,velocity_chirp,0,4,,0.0,-0.0,-0.017999999225139618,0,1
18.33299225399969,35.224,velocity_chirp,0,1,,0.0,0.0,-0.008999999612569809,0,1
18.34285825799452,35.234,velocity_chirp,1,2,103.83767700195312,103.93960571289062,0.5000790953636169,0.030830018222332,1,1
18.34285825799452,35.234,velocity_chirp,1,1,5.263488654602522,-127.0599365234375,0.04371320828795433,-0.054874222725629807,2,1
18.34285825799452,35.234,velocity_chirp,0,4,,0.0,-0.0,-0.017999999225139618,0,1
18.34285825799452,35.234,velocity_chirp,0,1,,0.0,0.0,-0.008999999612569809,0,1
18.353415375982877,35.244,velocity_chirp,1,2,103.83767700195312,103.88302612304688,8.613165855407715,-0.03103998675942421,1,1
18.353415375982877,35.244,velocity_chirp,1,1,4.135755594403419,-127.0599365234375,0.04371320828795433,-0.05395681411027908,2,1
18.353415375982877,35.244,velocity_chirp,0,4,,0.0,-0.0,0.006000000052154064,0,1
18.353415375982877,35.244,velocity_chirp,0,1,,0.0,0.0,0.05700000002980232,0,1
18.363108643970918,35.254,velocity_chirp,1,2,103.83767700195312,103.93960571289062,-5.577805519104004,-0.10480991750955582,1,1
18.363108643970918,35.254,velocity_chirp,1,1,3.047262954006693,-127.0379638671875,0.6556981205940247,-0.04714704304933548,2,1
18.363108643970918,35.254,velocity_chirp,0,4,,0.0,-0.0,-0.017999999225139618,0,1
18.363108643970918,35.254,velocity_chirp,0,1,,0.0,0.0,-0.008999999612569809,0,1
18.372970088967122,35.264,velocity_chirp,1,2,103.83767700195312,103.8603515625,7.968556880950928,0.006648761220276356,1,1
18.372970088967122,35.264,velocity_chirp,1,1,1.812102639863359,-127.0379638671875,0.04371320828795433,-0.04605800285935402,2,1
18.372970088967122,35.264,velocity_chirp,0,4,,0.0,-0.0,0.006000000052154064,0,1
18.372970088967122,35.264,velocity_chirp,0,1,,0.0,0.0,-0.008999999612569809,0,1
18.382765679969452,35.274,velocity_chirp,1,2,103.83767700195312,103.96157836914062,3.500553607940674,0.27593082189559937,1,1
18.382765679969452,35.274,velocity_chirp,1,1,1.812102639863359,-127.0159912109375,0.04371320828795433,-0.04676087573170662,2,1
18.382765679969452,35.274,velocity_chirp,0,4,,0.0,-0.0,-0.017999999225139618,0,1
18.382765679969452,35.274,velocity_chirp,0,1,,0.0,0.0,0.05700000002980232,0,1
18.392865675967187,35.284,velocity_chirp,1,2,103.83767700195312,103.93960571289062,3.7313594818115234,0.2642550468444824,1,1
18.392865675967187,35.284,velocity_chirp,1,1,0.7024732529647701,-127.0159912109375,0.04371320828795433,-0.055481672286987305,2,1
18.392865675967187,35.284,velocity_chirp,0,4,,0.0,-0.0,-0.017999999225139618,0,1
18.392865675967187,35.284,velocity_chirp,0,1,,0.0,0.0,-0.008999999612569809,0,1
18.402905717957765,35.294,velocity_chirp,1,2,103.83767700195312,103.91763305664062,6.424311637878418,0.11400382965803146,1,1
18.402905717957765,35.294,velocity_chirp,1,1,-0.3811823879142271,-127.0159912109375,0.04371320828795433,-0.05992083624005318,2,1
18.402905717957765,35.294,velocity_chirp,0,4,,0.0,-0.0,0.006000000052154064,0,1
18.402905717957765,35.294,velocity_chirp,0,1,,0.0,0.0,-0.0020000000949949026,0,1
18.412891968968324,35.304,velocity_chirp,1,2,103.83767700195312,103.91763305664062,8.963174819946289,0.17772820591926575,1,1
18.412891968968324,35.304,velocity_chirp,1,1,-1.460083146354028,-127.0159912109375,0.1311396211385727,-0.05538498982787132,2,1
18.412891968968324,35.304,velocity_chirp,0,4,,0.0,-0.0,-0.017999999225139618,0,1
18.412891968968324,35.304,velocity_chirp,0,1,,0.0,0.0,-0.008999999612569809,0,1
18.422798248997424,35.314,velocity_chirp,1,2,103.83767700195312,103.96157836914062,4.5776472091674805,0.05814448371529579,1,1
18.422798248997424,35.314,velocity_chirp,1,1,-2.7421147060722877,-127.0159912109375,0.04371320828795433,-0.05000072345137596,2,1
18.422798248997424,35.314,velocity_chirp,0,4,,0.0,-0.0,0.006000000052154064,0,1
18.422798248997424,35.314,velocity_chirp,0,1,,0.0,0.0,-0.008999999612569809,0,1
18.43317507696338,35.324,velocity_chirp,1,2,103.83767700195312,103.93960571289062,8.578498840332031,0.08379171043634415,1,1
18.43317507696338,35.324,velocity_chirp,1,1,-3.9587142468312218,-127.0159912109375,0.04371320828795433,-0.04858642816543579,2,1
18.43317507696338,35.324,velocity_chirp,0,4,,0.0,-0.0,0.23800000548362732,0,1
18.43317507696338,35.324,velocity_chirp,0,1,,0.0,0.0,-0.008999999612569809,0,1
18.442893682979047,35.334,velocity_chirp,1,2,103.83767700195312,103.93960571289062,-2.5003955364227295,0.2675204873085022,1,1
18.442893682979047,35.334,velocity_chirp,1,1,-4.988163706628926,-127.0159912109375,0.04371320828795433,-0.04586932435631752,2,1
18.442893682979047,35.334,velocity_chirp,0,4,,0.0,-0.0,0.008999999612569809,0,1
18.442893682979047,35.334,velocity_chirp,0,1,,0.0,0.0,-0.008999999612569809,0,1
18.45358154794667,35.344,velocity_chirp,1,2,103.83767700195312,103.86880493164062,0.7606721520423889,0.059912797063589096,1,1
18.45358154794667,35.344,velocity_chirp,1,1,-6.0422861828519085,-127.0159912109375,0.04371320828795433,-0.053016483783721924,2,1
18.45358154794667,35.344,velocity_chirp,0,4,,0.0,-0.0,-0.017999999225139618,0,1
18.45358154794667,35.344,velocity_chirp,0,1,,0.0,0.0,-0.008999999612569809,0,1
18.46305196598405,35.354,velocity_chirp,1,2,103.83767700195312,103.96157836914062,-5.346999645233154,-0.02807706594467163,1,1
18.46305196598405,35.354,velocity_chirp,1,1,-6.923901161182293,-127.0159912109375,-4.764739513397217,-0.060332149267196655,2,1
18.46305196598405,35.354,velocity_chirp,0,4,,0.0,-0.0,-0.017999999225139618,0,1
18.46305196598405,35.354,velocity_chirp,0,1,,0.0,0.0,-0.07699999958276749,0,1
18.472931223979685,35.364,velocity_chirp,1,2,103.83767700195312,103.85467529296875,-2.204540967941284,0.3450782597064972,1,1
18.472931223979685,35.364,velocity_chirp,1,1,-7.785636476814607,-127.0159912109375,0.04371320828795433,-0.06069265678524971,2,1
18.472931223979685,35.364,velocity_chirp,0,4,,0.0,-0.0,-0.017999999225139618,0,1
18.472931223979685,35.364,velocity_chirp,0,1,,0.0,0.0,-0.008999999612569809,0,1
18.482897026988212,35.374,velocity_chirp,1,2,103.83767700195312,103.93960571289062,0.4231438636779785,0.1148233637213707,1,1
18.482897026988212,35.374,velocity_chirp,1,1,-7.785636476814607,-127.0379638671875,-4.240180969238281,-0.0666118636727333,2,1
18.482897026988212,35.374,velocity_chirp,0,4,,0.0,-0.0,0.03200000151991844,0,1
18.482897026988212,35.374,velocity_chirp,0,1,,0.0,0.0,-0.01600000075995922,0,1
18.49296526197577,35.384,velocity_chirp,1,2,103.83767700195312,103.91763305664062,-3.6544241905212402,0.00016034767031669617,1,1
18.49296526197577,35.384,velocity_chirp,1,1,-8.467432865065668,-127.0379638671875,0.04371320828795433,-0.06521372497081757,2,1
18.49296526197577,35.384,velocity_chirp,0,4,,0.0,-0.0,-0.017999999225139618,0,1
18.49296526197577,35.384,velocity_chirp,0,1,,0.0,0.0,0.06400000303983688,0,1
18.50287925696466,35.394,velocity_chirp,1,2,103.83767700195312,103.93960571289062,12.425260543823242,0.04927931725978851,1,1
18.50287925696466,35.394,velocity_chirp,1,1,-8.994194282735283,-127.0379638671875,-2.404226541519165,-0.07555581629276276,2,1
18.50287925696466,35.394,velocity_chirp,0,4,,0.0,-0.0,-0.017999999225139618,0,1
18.50287925696466,35.394,velocity_chirp,0,1,,0.0,0.0,-0.008999999612569809,0,1
18.5131348859868,35.404,velocity_chirp,1,2,103.83767700195312,103.93960571289062,7.501405239105225,0.1775873303413391,1,1
18.5131348859868,35.404,velocity_chirp,1,1,-9.492346178684175,-127.0379638671875,0.04371320828795433,-0.07844696193933487,2,1
18.5131348859868,35.404,velocity_chirp,0,4,,0.0,-0.0,-0.017999999225139618,0,1
18.5131348859868,35.404,velocity_chirp,0,1,,0.0,0.0,0.05700000002980232,0,1
18.522811562987044,35.414,velocity_chirp,1,2,103.83767700195312,103.93960571289062,-2.731201171875,0.1211632490158081,1,1
18.522811562987044,35.414,velocity_chirp,1,1,-9.783500761955839,-127.0379638671875,-4.764739513397217,-0.08107070624828339,2,1
18.522811562987044,35.414,velocity_chirp,0,4,,0.0,-0.0,0.03200000151991844,0,1
18.522811562987044,35.414,velocity_chirp,0,1,,0.0,0.0,-0.008999999612569809,0,1
18.53323536994867,35.424,velocity_chirp,1,2,103.83767700195312,103.96157836914062,7.578340530395508,0.03992646932601929,1,1
18.53323536994867,35.424,velocity_chirp,1,1,-9.966516177626827,-127.0599365234375,0.04371320828795433,-0.08259426057338715,2,1
18.53323536994867,35.424,velocity_chirp,0,4,,0.0,-0.0,0.006000000052154064,0,1
18.53323536994867,35.424,velocity_chirp,0,1,,0.0,0.0,-0.008999999612569809,0,1
18.54287269199267,35.434,velocity_chirp,1,2,103.83767700195312,103.93960571289062,-3.6544241905212402,0.19982612133026123,1,1
18.54287269199267,35.434,velocity_chirp,1,1,-9.993751496979257,-127.0599365234375,0.04371320828795433,-0.09046316146850586,2,1
18.54287269199267,35.434,velocity_chirp,0,4,,0.0,-0.0,0.03200000151991844,0,1
18.54287269199267,35.434,velocity_chirp,0,1,,0.0,0.0,-0.008999999612569809,0,1
18.55340785899898,35.444,velocity_chirp,1,2,103.83767700195312,103.851806640625,7.382469177246094,-0.028149399906396866,1,1
18.55340785899898,35.444,velocity_chirp,1,1,-9.868509334663003,-127.0599365234375,-4.677313327789307,-0.09784170985221863,2,1
18.55340785899898,35.444,velocity_chirp,0,4,,0.0,-0.0,-0.017999999225139618,0,1
18.55340785899898,35.444,velocity_chirp,0,1,,0.0,0.0,-0.01600000075995922,0,1
18.565481990983244,35.456,velocity_chirp,1,2,103.83767700195312,103.851806640625,7.382469177246094,-0.028149399906396866,1,1
18.565481990983244,35.456,velocity_chirp,1,1,-9.607373445793616,-127.08203125,0.04371320828795433,-0.09784170985221863,2,1
18.565481990983244,35.456,velocity_chirp,0,4,,0.0,-0.0,0.03200000151991844,0,1
18.565481990983244,35.456,velocity_chirp,0,1,,0.0,0.0,-0.008999999612569809,0,1
18.573387744952925,35.464,velocity_chirp,1,2,103.83767700195312,103.96157836914062,-0.2692733705043793,0.1920536756515503,1,1
18.573387744952925,35.464,velocity_chirp,1,1,-9.160240105445371,-127.08203125,0.04371320828795433,-0.1234331801533699,2,1
18.573387744952925,35.464,velocity_chirp,0,4,,0.0,-0.0,-0.017999999225139618,0,1
18.573387744952925,35.464,velocity_chirp,0,1,,0.0,0.0,-0.008999999612569809,0,1
18.58268065698212,35.474,velocity_chirp,1,2,103.83767700195312,103.93960571289062,-6.193287372589111,0.03565118834376335,1,1
18.58268065698212,35.474,velocity_chirp,1,1,-9.160240105445371,-127.08203125,0.04371320828795433,-0.11471328884363174,2,1
18.58268065698212,35.474,velocity_chirp,0,4,,0.0,-0.0,-0.017999999225139618,0,1
18.58268065698212,35.474,velocity_chirp,0,1,,0.0,0.0,-0.008999999612569809,0,1
18.592939241963904,35.484,velocity_chirp,1,2,103.83767700195312,103.93960571289062,-1.0386258363723755,-0.04189961031079292,1,1
18.592939241963904,35.484,velocity_chirp,1,1,-8.657115665809306,-127.08203125,0.04371320828795433,-0.11247731000185013,2,1
18.592939241963904,35.484,velocity_chirp,0,4,,0.0,-0.0,-0.017999999225139618,0,1
18.592939241963904,35.484,velocity_chirp,0,1,,0.0,0.0,0.05700000002980232,0,1
18.602575591998175,35.494,velocity_chirp,1,2,103.83767700195312,103.93960571289062,7.424469947814941,-0.09829957783222198,1,1
18.602575591998175,35.494,velocity_chirp,1,1,-8.039715370511523,-127.08203125,0.04371320828795433,-0.12702062726020813,2,1
18.602575591998175,35.494,velocity_chirp,0,4,,0.0,-0.0,-0.017999999225139618,0,1
18.602575591998175,35.494,velocity_chirp,0,1,,0.0,0.0,-0.008999999612569809,0,1
18.61285836296156,35.504,velocity_chirp,1,2,103.83767700195312,103.91763305664062,5.347218036651611,0.04417480528354645,1,1
18.61285836296156,35.504,velocity_chirp,1,1,-7.203397248696145,-127.08203125,0.04371320828795433,-0.1381548047065735,2,1
18.61285836296156,35.504,velocity_chirp,0,4,,0.0,-0.0,-0.017999999225139618,0,1
18.61285836296156,35.504,velocity_chirp,0,1,,0.0,0.0,-0.008999999612569809,0,1
18.62266659794841,35.514,velocity_chirp,1,2,103.83767700195312,103.93960571289062,-5.193129062652588,0.0314696803689003,1,1
18.62266659794841,35.514,velocity_chirp,1,1,-6.36734577813187,-127.10400390625,0.04371320828795433,-0.15290001034736633,2,1
18.62266659794841,35.514,velocity_chirp,0,4,,0.0,-0.0,0.006000000052154064,0,1
18.62266659794841,35.514,velocity_chirp,0,1,,0.0,0.0,-0.008999999612569809,0,1
18.632905935985036,35.524,velocity_chirp,1,2,103.83767700195312,103.96157836914062,9.270915985107422,0.16552868485450745,1,1
18.632905935985036,35.524,velocity_chirp,1,1,-5.3277019713110025,-127.10400390625,0.04371320828795433,-0.1607813686132431,2,1
18.632905935985036,35.524,velocity_chirp,0,4,,0.0,-0.0,-0.017999999225139618,0,1
18.632905935985036,35.524,velocity_chirp,0,1,,0.0,0.0,-0.008999999612569809,0,1
18.64247326698387,35.534,velocity_chirp,1,2,103.83767700195312,103.93960571289062,0.19233810901641846,0.37077316641807556,1,1
18.64247326698387,35.534,velocity_chirp,1,1,-4.314325165395742,-127.10400390625,0.04371320828795433,-0.16296520829200745,2,1
18.64247326698387,35.534,velocity_chirp,0,4,,0.0,-0.0,-0.017999999225139618,0,1
18.64247326698387,35.534,velocity_chirp,0,1,,0.0,0.0,-0.008999999612569809,0,1
18.65333107294282,35.544,velocity_chirp,1,2,103.83767700195312,103.85467529296875,-4.785494327545166,0.13766732811927795,1,1
18.65333107294282,35.544,velocity_chirp,1,1,-3.134354327447859,-127.10400390625,0.04371320828795433,-0.17256544530391693,2,1
18.65333107294282,35.544,velocity_chirp,0,4,,0.0,-0.0,-0.017999999225139618,0,1
18.65333107294282,35.544,velocity_chirp,0,1,,0.0,0.0,-0.008999999612569809,0,1
18.662924561998807,35.554,velocity_chirp,1,2,103.83767700195312,103.93960571289062,0.8847553133964539,0.15628141164779663,1,1
18.662924561998807,35.554,velocity_chirp,1,1,-1.9747164089332145,-127.10400390625,0.04371320828795433,-0.18176788091659546,2,1
18.662924561998807,35.554,velocity_chirp,0,4,,0.0,-0.0,0.006000000052154064,0,1
18.662924561998807,35.554,velocity_chirp,0,1,,0.0,0.0,-0.008999999612569809,0,1
18.672808379982598,35.564,velocity_chirp,1,2,103.83767700195312,103.84613037109375,6.098021984100342,-0.08976573497056961,1,1
18.672808379982598,35.564,velocity_chirp,1,1,-0.6470920282439635,-127.10400390625,0.04371320828795433,-0.185481458902359,2,1
18.672808379982598,35.564,velocity_chirp,0,4,,0.0,-0.0,-0.017999999225139618,0,1
18.672808379982598,35.564,velocity_chirp,0,1,,0.0,0.0,-0.008999999612569809,0,1
18.682529770943802,35.574,velocity_chirp,1,2,103.83767700195312,103.93960571289062,-0.9616906046867371,-0.029033180326223373,1,1
18.682529770943802,35.574,velocity_chirp,1,1,-0.6470920282439635,-127.10400390625,0.04371320828795433,-0.1902308166027069,2,1
18.682529770943802,35.574,velocity_chirp,0,4,,0.0,-0.0,0.054999999701976776,0,1
18.682529770943802,35.574,velocity_chirp,0,1,,0.0,0.0,-0.008999999612569809,0,1
18.692909313947894,35.584,velocity_chirp,1,2,103.83767700195312,103.93960571289062,-4.731517791748047,0.10487698018550873,1,1
18.692909313947894,35.584,velocity_chirp,1,1,0.49464032854277473,-127.10400390625,0.04371320828795433,-0.19127820432186127,2,1
18.692909313947894,35.584,velocity_chirp,0,4,,0.0,-0.0,-0.017999999225139618,0,1
18.692909313947894,35.584,velocity_chirp,0,1,,0.0,0.0,-0.008999999612569809,0,1
18.702694364998024,35.594,velocity_chirp,1,2,103.83767700195312,103.93960571289062,-3.88523006439209,0.22231778502464294,1,1
18.702694364998024,35.594,velocity_chirp,1,1,1.632084257948624,-127.10400390625,0.04371320828795433,-0.18947239220142365,2,1
18.702694364998024,35.594,velocity_chirp,0,4,,0.0,-0.0,0.03200000151991844,0,1
18.702694364998024,35.594,velocity_chirp,0,1,,0.0,0.0,-0.008999999612569809,0,1
18.712804709968623,35.604,velocity_chirp,1,2,103.83767700195312,103.93960571289062,5.885765075683594,0.07029545307159424,1,1
18.712804709968623,35.604,velocity_chirp,1,1,2.935558510539942,-127.10400390625,0.04371320828795433,-0.1915016770362854,2,1
18.712804709968623,35.604,velocity_chirp,0,4,,0.0,-0.0,0.006000000052154064,0,1
18.712804709968623,35.604,velocity_chirp,0,1,,0.0,0.0,-0.008999999612569809,0,1
18.72275382099906,35.614,velocity_chirp,1,2,103.83767700195312,103.93960571289062,-5.346999645233154,0.10797105729579926,1,1
18.72275382099906,35.614,velocity_chirp,1,1,4.186435066645361,-127.10400390625,0.04371320828795433,-0.18575944006443024,2,1
18.72275382099906,35.614,velocity_chirp,0,4,,0.0,-0.0,-0.017999999225139618,0,1
18.72275382099906,35.614,velocity_chirp,0,1,,0.0,0.0,-0.0020000000949949026,0,1
18.733099399949424,35.624,velocity_chirp,1,2,103.83767700195312,103.85467529296875,0.11666890978813171,0.013798684813082218,1,1
18.733099399949424,35.624,velocity_chirp,1,1,5.372963079832097,-127.10400390625,0.04371320828795433,-0.18037983775138855,2,1
18.733099399949424,35.624,velocity_chirp,0,4,,0.0,-0.0,-0.017999999225139618,0,1
18.733099399949424,35.624,velocity_chirp,0,1,,0.0,0.0,-0.08299999684095383,0,1
18.74305618496146,35.634,velocity_chirp,1,2,103.83767700195312,103.93960571289062,-1.0386258363723755,0.1370289921760559,1,1
18.74305618496146,35.634,velocity_chirp,1,1,6.336348886045974,-127.10400390625,0.04371320828795433,-0.17148397862911224,2,1
18.74305618496146,35.634,velocity_chirp,0,4,,0.0,-0.0,-0.017999999225139618,0,1
18.74305618496146,35.634,velocity_chirp,0,1,,0.0,0.0,-0.008999999612569809,0,1
18.752868497977033,35.644,velocity_chirp,1,2,103.83767700195312,103.85745239257812,1.4921280145645142,0.17473620176315308,1,1
18.752868497977033,35.644,velocity_chirp,1,1,7.292004386561853,-127.10400390625,4.939592361450195,-0.16839109361171722,2,1
18.752868497977033,35.644,velocity_chirp,0,4,,0.0,-0.0,-0.017999999225139618,0,1
18.752868497977033,35.644,velocity_chirp,0,1,,0.0,0.0,0.05700000002980232,0,1
18.762521308963187,35.654,velocity_chirp,1,2,103.83767700195312,103.93960571289062,8.732369422912598,0.11935735493898392,1,1
18.762521308963187,35.654,velocity_chirp,1,1,7.292004386561853,-127.10400390625,0.04371320828795433,-0.1536688208580017,2,1
18.762521308963187,35.654,velocity_chirp,0,4,,0.0,-0.0,0.006000000052154064,0,1
18.762521308963187,35.654,velocity_chirp,0,1,,0.0,0.0,-0.008999999612569809,0,1
18.772831531998236,35.664,velocity_chirp,1,2,103.83767700195312,103.93960571289062,8.270757675170898,-0.04540219530463219,1,1
18.772831531998236,35.664,velocity_chirp,1,1,8.043735346608845,-127.10400390625,0.04371320828795433,-0.1530928909778595,2,1
18.772831531998236,35.664,velocity_chirp,0,4,,0.0,-0.0,-0.017999999225139618,0,1
18.772831531998236,35.664,velocity_chirp,0,1,,0.0,0.0,-0.008999999612569809,0,1
18.78264887398109,35.674,velocity_chirp,1,2,103.83767700195312,103.93960571289062,13.34848403930664,-0.007597942370921373,1,1
18.78264887398109,35.674,velocity_chirp,1,1,8.670378795306771,-127.10400390625,0.04371320828795433,-0.14021801948547363,2,1
18.78264887398109,35.674,velocity_chirp,0,4,,0.0,-0.0,-0.06599999964237213,0,1
18.78264887398109,35.674,velocity_chirp,0,1,,0.0,0.0,0.05700000002980232,0,1
18.792884485970717,35.684,velocity_chirp,1,2,103.83767700195312,103.93960571289062,-3.3466832637786865,0.3523124158382416,1,1
18.792884485970717,35.684,velocity_chirp,1,1,9.261566683435802,-127.10400390625,0.04371320828795433,-0.13601526618003845,2,1
18.792884485970717,35.684,velocity_chirp,0,4,,0.0,-0.0,-0.017999999225139618,0,1
18.792884485970717,35.684,velocity_chirp,0,1,,0.0,0.0,-0.008999999612569809,0,1
18.802797708951402,35.694,velocity_chirp,1,2,103.83767700195312,103.93960571289062,8.809304237365723,0.0016136267222464085,1,1
18.802797708951402,35.694,velocity_chirp,1,1,9.625758254099381,-127.10400390625,4.852166175842285,-0.12451396137475967,2,1
18.802797708951402,35.694,velocity_chirp,0,4,,0.0,-0.0,0.006000000052154064,0,1
18.802797708951402,35.694,velocity_chirp,0,1,,0.0,0.0,-0.008999999612569809,0,1
18.812902021978516,35.704,velocity_chirp,1,2,103.83767700195312,103.91763305664062,4.5776472091674805,0.050688210874795914,1,1
18.812902021978516,35.704,velocity_chirp,1,1,9.869200835501196,-127.10400390625,0.04371320828795433,-0.1178869754076004,2,1
18.812902021978516,35.704,velocity_chirp,0,4,,0.0,-0.0,-0.06599999964237213,0,1
18.812902021978516,35.704,velocity_chirp,0,1,,0.0,0.0,0.06400000303983688,0,1
18.822570623946376,35.714,velocity_chirp,1,2,103.83767700195312,103.93960571289062,-2.26958966255188,0.12048787623643875,1,1
18.822570623946376,35.714,velocity_chirp,1,1,9.987376186273824,-127.08203125,8.61172103881836,-0.1080450564622879,2,1
18.822570623946376,35.714,velocity_chirp,0,4,,0.0,-0.0,0.03200000151991844,0,1
18.822570623946376,35.714,velocity_chirp,0,1,,0.0,0.0,0.05700000002980232,0,1
18.833115037996322,35.724,velocity_chirp,1,2,103.83767700195312,103.91763305664062,-9.578437805175781,-0.11094854027032852,1,1
18.833115037996322,35.724,velocity_chirp,1,1,9.96710921439514,-127.08203125,0.04371320828795433,-0.10217106342315674,2,1
18.833115037996322,35.724,velocity_chirp,0,4,,0.0,-0.0,0.054999999701976776,0,1
18.833115037996322,35.724,velocity_chirp,0,1,,0.0,0.0,-0.008999999612569809,0,1
18.84243024198804,35.734,velocity_chirp,1,2,103.83767700195312,103.91763305664062,-1.7310431003570557,-0.12008079141378403,1,1
18.84243024198804,35.734,velocity_chirp,1,1,9.797341370231269,-127.08203125,0.04371320828795433,-0.0979398787021637,2,1
18.84243024198804,35.734,velocity_chirp,0,4,,0.0,-0.0,0.03200000151991844,0,1
18.84243024198804,35.734,velocity_chirp,0,1,,0.0,0.0,-0.008999999612569809,0,1
18.85364165599458,35.744,velocity_chirp,1,2,103.83767700195312,103.8603515625,4.547430992126465,-0.1958150714635849,1,1
18.85364165599458,35.744,velocity_chirp,1,1,9.461233658287801,-127.08203125,0.04371320828795433,-0.0851980447769165,2,1
18.85364165599458,35.744,velocity_chirp,0,4,,0.0,-0.0,-0.017999999225139618,0,1
18.85364165599458,35.744,velocity_chirp,0,1,,0.0,0.0,-0.0020000000949949026,0,1
18.863144093949813,35.754,velocity_chirp,1,2,103.83767700195312,103.93960571289062,-2.192654609680176,-0.03996676579117775,1,1
18.863144093949813,35.754,velocity_chirp,1,1,8.990798112529315,-127.08203125,0.04371320828795433,-0.06744420528411865,2,1
18.863144093949813,35.754,velocity_chirp,0,4,,0.0,-0.0,-0.017999999225139618,0,1
18.863144093949813,35.754,velocity_chirp,0,1,,0.0,0.0,-0.008999999612569809,0,1
18.87312775995815,35.764,velocity_chirp,1,2,103.83767700195312,103.86318969726562,4.730536937713623,-0.06346678733825684,1,1
18.87312775995815,35.764,velocity_chirp,1,1,8.323377198612096,-127.08203125,0.04371320828795433,-0.06232592836022377,2,1
18.87312775995815,35.764,velocity_chirp,0,4,,0.0,-0.0,-0.017999999225139618,0,1
18.87312775995815,35.764,velocity_chirp,0,1,,0.0,0.0,-0.008999999612569809,0,1
18.88257821899606,35.774,velocity_chirp,1,2,103.83767700195312,103.91763305664062,-5.8855462074279785,-0.0090455561876297,1,1
18.88257821899606,35.774,velocity_chirp,1,1,8.323377198612096,-127.0599365234375,0.04371320828795433,-0.05314299464225769,2,1
18.88257821899606,35.774,velocity_chirp,0,4,,0.0,-0.0,0.054999999701976776,0,1
18.88257821899606,35.774,velocity_chirp,0,1,,0.0,0.0,-0.008999999612569809,0,1
18.892956399999093,35.784,velocity_chirp,1,2,103.83767700195312,103.93960571289062,5.8088297843933105,0.16543632745742798,1,1
18.892956399999093,35.784,velocity_chirp,1,1,7.6195623507097165,-127.0599365234375,0.04371320828795433,-0.053969606757164,2,1
18.892956399999093,35.784,velocity_chirp,0,4,,0.0,-0.0,-0.017999999225139618,0,1
18.892956399999093,35.784,velocity_chirp,0,1,,0.0,0.0,-0.01600000075995922,0,1
18.902890041994397,35.794,velocity_chirp,1,2,103.83767700195312,103.93960571289062,-3.2697479724884033,0.09428533911705017,1,1
18.902890041994397,35.794,velocity_chirp,1,1,6.814942649944305,-127.0599365234375,0.04371320828795433,-0.052161481231451035,2,1
18.902890041994397,35.794,velocity_chirp,0,4,,0.0,-0.0,-0.017999999225139618,0,1
18.902890041994397,35.794,velocity_chirp,0,1,,0.0,0.0,-0.008999999612569809,0,1
18.913029230956454,35.804,velocity_chirp,1,2,103.83767700195312,103.93960571289062,-0.03846762329339981,0.16039268672466278,1,1
18.913029230956454,35.804,velocity_chirp,1,1,5.747134086936968,-127.0599365234375,0.04371320828795433,-0.055041998624801636,2,1
18.913029230956454,35.804,velocity_chirp,0,4,,0.0,-0.0,0.03200000151991844,0,1
18.913029230956454,35.804,velocity_chirp,0,1,,0.0,0.0,-0.008999999612569809,0,1
18.92263207799988,35.814,velocity_chirp,1,2,103.83767700195312,103.91763305664062,-8.193603515625,0.1425521820783615,1,1
18.92263207799988,35.814,velocity_chirp,1,1,4.769750388093033,-127.0379638671875,0.04371320828795433,-0.04783535748720169,2,1
18.92263207799988,35.814,velocity_chirp,0,4,,0.0,-0.0,-0.017999999225139618,0,1
18.92263207799988,35.814,velocity_chirp,0,1,,0.0,0.0,-0.008999999612569809,0,1
18.93303340295097,35.824,velocity_chirp,1,2,103.83767700195312,103.93960571289062,11.117362022399902,-0.015059051103889942,1,1
18.93303340295097,35.824,velocity_chirp,1,1,3.581548871265955,-127.0379638671875,4.32760763168335,-0.044898949563503265,2,1
18.93303340295097,35.824,velocity_chirp,0,4,,0.0,-0.0,0.03200000151991844,0,1
18.93303340295097,35.824,velocity_chirp,0,1,,0.0,0.0,-0.08299999684095383,0,1
18.942580193979666,35.834,velocity_chirp,1,2,103.83767700195312,103.96157836914062,-0.730884850025177,0.17058920860290527,1,1
18.942580193979666,35.834,velocity_chirp,1,1,2.4401098288244785,-127.0159912109375,4.852166175842285,-0.04167059436440468,2,1
18.942580193979666,35.834,velocity_chirp,0,4,,0.0,-0.0,-0.017999999225139618,0,1
18.942580193979666,35.834,velocity_chirp,0,1,,0.0,0.0,-0.008999999612569809,0,1
18.953311470977496,35.844,velocity_chirp,1,2,103.83767700195312,103.87164306640625,5.034965991973877,0.17600376904010773,1,1
18.953311470977496,35.844,velocity_chirp,1,1,1.1598550559093985,-127.0159912109375,0.04371320828795433,-0.04667026922106743,2,1
18.953311470977496,35.844,velocity_chirp,0,4,,0.0,-0.0,0.006000000052154064,0,1
18.953311470977496,35.844,velocity_chirp,0,1,,0.0,0.0,-0.008999999612569809,0,1
18.96314164798241,35.854,velocity_chirp,1,2,103.83767700195312,103.93960571289062,-2.654266119003296,0.008523375727236271,1,1
18.96314164798241,35.854,velocity_chirp,1,1,-0.05600416494674314,-127.0159912109375,0.04371320828795433,-0.05069877952337265,2,1
18.96314164798241,35.854,velocity_chirp,0,4,,0.0,-0.0,0.03200000151991844,0,1
18.96314164798241,35.854,velocity_chirp,0,1,,0.0,0.0,-0.008999999612569809,0,1
18.973228588991333,35.864,velocity_chirp,1,2,103.83767700195312,103.85467529296875,-0.6767572164535522,0.05833207815885544,1,1
18.973228588991333,35.864,velocity_chirp,1,1,-1.1984601587468888,-127.0159912109375,0.04371320828795433,-0.046918515115976334,2,1
18.973228588991333,35.864,velocity_chirp,0,4,,0.0,-0.0,-0.017999999225139618,0,1
18.973228588991333,35.864,velocity_chirp,0,1,,0.0,0.0,-0.0020000000949949026,0,1
18.982820624951273,35.874,velocity_chirp,1,2,103.83767700195312,103.91763305664062,-0.6539496183395386,-0.17162726819515228,1,1
18.982820624951273,35.874,velocity_chirp,1,1,-2.535270645801728,-127.0159912109375,0.04371320828795433,-0.044907525181770325,2,1
18.982820624951273,35.874,velocity_chirp,0,4,,0.0,-0.0,0.006000000052154064,0,1
18.982820624951273,35.874,velocity_chirp,0,1,,0.0,0.0,-0.0020000000949949026,0,1
18.99290466099046,35.884,velocity_chirp,1,2,103.83767700195312,103.93960571289062,-3.577488899230957,-0.11779851466417313,1,1
18.99290466099046,35.884,velocity_chirp,1,1,-2.535270645801728,-127.0159912109375,0.04371320828795433,-0.04023725911974907,2,1
18.99290466099046,35.884,velocity_chirp,0,4,,0.0,-0.0,0.006000000052154064,0,1
18.99290466099046,35.884,velocity_chirp,0,1,,0.0,0.0,-0.008999999612569809,0,1
19.002528968965635,35.894,velocity_chirp,1,2,103.83767700195312,103.91763305664062,-7.270380973815918,0.01574978046119213,1,1
19.002528968965635,35.894,velocity_chirp,1,1,-3.6929383853020044,-127.0159912109375,0.04371320828795433,-0.04224195331335068,2,1
19.002528968965635,35.894,velocity_chirp,0,4,,0.0,-0.0,-0.017999999225139618,0,1
19.002528968965635,35.894,velocity_chirp,0,1,,0.0,0.0,-0.008999999612569809,0,1
19.01283835998038,35.904,velocity_chirp,1,2,103.83767700195312,103.93960571289062,2.654266119003296,-0.17888306081295013,1,1
19.01283835998038,35.904,velocity_chirp,1,1,-4.912152023919915,-127.0159912109375,0.04371320828795433,-0.04256748780608177,2,1
19.01283835998038,35.904,velocity_chirp,0,4,,0.0,-0.0,0.006000000052154064,0,1
19.01283835998038,35.904,velocity_chirp,0,1,,0.0,0.0,-0.008999999612569809,0,1
19.022630854975432,35.914,velocity_chirp,1,2,103.83767700195312,103.93960571289062,3.115877389907837,0.11945731192827225,1,1
19.022630854975432,35.914,velocity_chirp,1,1,-5.891182754415256,-127.0159912109375,0.04371320828795433,-0.0490511991083622,2,1
19.022630854975432,35.914,velocity_chirp,0,4,,0.0,-0.0,0.006000000052154064,0,1
19.022630854975432,35.914,velocity_chirp,0,1,,0.0,0.0,-0.008999999612569809,0,1
19.033247975981794,35.924,velocity_chirp,1,2,103.83767700195312,103.91763305664062,-2.346524953842163,-0.2148270606994629,1,1
19.033247975981794,35.924,velocity_chirp,1,1,-6.9332870345952315,-127.0159912109375,0.04371320828795433,-0.05033504217863083,2,1
19.033247975981794,35.924,velocity_chirp,0,4,,0.0,-0.0,-0.017999999225139618,0,1
19.033247975981794,35.924,velocity_chirp,0,1,,0.0,0.0,-0.008999999612569809,0,1
19.042451990942936,35.934,velocity_chirp,1,2,103.83767700195312,103.96157836914062,10.732685089111328,-0.08337225019931793,1,1
19.042451990942936,35.934,velocity_chirp,1,1,-7.765349043024448,-127.0159912109375,-4.764739513397217,-0.053763121366500854,2,1
19.042451990942936,35.934,velocity_chirp,0,4,,0.0,-0.0,0.006000000052154064,0,1
19.042451990942936,35.934,velocity_chirp,0,1,,0.0,0.0,-0.01600000075995922,0,1
19.053473996988032,35.944,velocity_chirp,1,2,103.83767700195312,103.8603515625,-2.473966598510742,0.026870544999837875,1,1
19.053473996988032,35.944,velocity_chirp,1,1,-8.509867464198198,-127.0159912109375,0.04371320828795433,-0.06134996935725212,2,1
19.053473996988032,35.944,velocity_chirp,0,4,,0.0,-0.0,0.006000000052154064,0,1
19.053473996988032,35.944,velocity_chirp,0,1,,0.0,0.0,-0.0020000000949949026,0,1
19.06310972594656,35.954,velocity_chirp,1,2,103.83767700195312,103.96157836914062,1.9618487358093262,0.1419111043214798,1,1
19.06310972594656,35.954,velocity_chirp,1,1,-9.095855523157837,-127.0159912109375,0.04371320828795433,-0.0703294426202774,2,1
19.06310972594656,35.954,velocity_chirp,0,4,,0.0,-0.0,0.006000000052154064,0,1
19.06310972594656,35.954,velocity_chirp,0,1,,0.0,0.0,0.05000000074505806,0,1
19.072805919975508,35.964,velocity_chirp,1,2,103.83767700195312,103.86880493164062,3.8556275367736816,-0.10062498599290848,1,1
19.072805919975508,35.964,velocity_chirp,1,1,-9.578972959158296,-127.0379638671875,0.04371320828795433,-0.07424262911081314,2,1
19.072805919975508,35.964,velocity_chirp,0,4,,0.0,-0.0,-0.017999999225139618,0,1
19.072805919975508,35.964,velocity_chirp,0,1,,0.0,0.0,-0.008999999612569809,0,1
19.08252726995852,35.974,velocity_chirp,1,2,103.83767700195312,103.93960571289062,-8.6552152633667,-0.038691237568855286,1,1
19.08252726995852,35.974,velocity_chirp,1,1,-9.578972959158296,-127.0379638671875,0.04371320828795433,-0.08129345625638962,2,1
19.08252726995852,35.974,velocity_chirp,0,4,,0.0,-0.0,0.006000000052154064,0,1
19.08252726995852,35.974,velocity_chirp,0,1,,0.0,0.0,-0.008999999612569809,0,1
19.093164128949866,35.984,velocity_chirp,1,2,103.83767700195312,103.96157836914062,7.809145927429199,0.050465427339076996,1,1
19.093164128949866,35.984,velocity_chirp,1,1,-9.851828475779376,-127.0379638671875,0.04371320828795433,-0.07859301567077637,2,1
19.093164128949866,35.984,velocity_chirp,0,4,,0.0,-0.0,-0.017999999225139618,0,1
19.093164128949866,35.984,velocity_chirp,0,1,,0.0,0.0,-0.008999999612569809,0,1
19.102810147975106,35.994,velocity_chirp,1,2,103.83767700195312,103.96157836914062,5.11641263961792,0.2606711983680725,1,1
19.102810147975106,35.994,velocity_chirp,1,1,-9.987390089538858,-127.0599365234375,-3.6281962394714355,-0.08973173052072525,2,1
19.102810147975106,35.994,velocity_chirp,0,4,,0.0,-0.0,0.03200000151991844,0,1
19.102810147975106,35.994,velocity_chirp,0,1,,0.0,0.0,-0.008999999612569809,0,1
19.11292957997648,36.004,velocity_chirp,1,2,103.83767700195312,103.96157836914062,10.424944877624512,0.08973629772663116,1,1
19.11292957997648,36.004,velocity_chirp,1,1,-9.963490158338624,-127.0599365234375,0.04371320828795433,-0.08953345566987991,2,1
19.11292957997648,36.004,velocity_chirp,0,4,,0.0,-0.0,-0.017999999225139618,0,1
19.11292957997648,36.004,velocity_chirp,0,1,,0.0,0.0,-0.008999999612569809,0,1
19.122780315985437,36.014,velocity_chirp,1,2,103.83767700195312,103.96157836914062,0.4231438636779785,0.13664700090885162,1,1
19.122780315985437,36.014,velocity_chirp,1,1,-9.79612744611098,-127.0599365234375,0.04371320828795433,-0.09716538339853287,2,1
19.122780315985437,36.014,velocity_chirp,0,4,,0.0,-0.0,0.006000000052154064,0,1
19.122780315985437,36.014,velocity_chirp,0,1,,0.0,0.0,-0.0020000000949949026,0,1
19.1328629879863,36.024,velocity_chirp,1,2,103.83767700195312,103.96157836914062,-2.4234602451324463,0.20750360190868378,1,1
19.1328629879863,36.024,velocity_chirp,1,1,-9.434861309160475,-127.0599365234375,0.04371320828795433,-0.09478692710399628,2,1
19.1328629879863,36.024,velocity_chirp,0,4,,0.0,-0.0,-0.017999999225139618,0,1
19.1328629879863,36.024,velocity_chirp,0,1,,0.0,0.0,-0.008999999612569809,0,1
19.14247899997281,36.034,velocity_chirp,1,2,103.83767700195312,103.96157836914062,3.3466832637786865,0.09331414103507996,1,1
19.14247899997281,36.034,velocity_chirp,1,1,-8.974236194305053,-127.08203125,-2.404226541519165,-0.1027614027261734,2,1
19.14247899997281,36.034,velocity_chirp,0,4,,0.0,-0.0,-0.017999999225139618,0,1
19.14247899997281,36.034,velocity_chirp,0,1,,0.0,0.0,-0.0020000000949949026,0,1
19.153436504944693,36.044,velocity_chirp,1,2,103.83767700195312,103.8603515625,-10.816852569580078,0.05062909051775932,1,1
19.153436504944693,36.044,velocity_chirp,1,1,-8.311027382871734,-127.08203125,-4.764739513397217,-0.10939138382673264,2,1
19.153436504944693,36.044,velocity_chirp,0,4,,0.0,-0.0,0.03200000151991844,0,1
19.153436504944693,36.044,velocity_chirp,0,1,,0.0,0.0,-0.0020000000949949026,0,1
19.162661297945306,36.054,velocity_chirp,1,2,103.83767700195312,103.96157836914062,6.578182220458984,0.02860812284052372,1,1
19.162661297945306,36.054,velocity_chirp,1,1,-7.509656920659067,-127.08203125,0.04371320828795433,-0.12978914380073547,2,1
19.162661297945306,36.054,velocity_chirp,0,4,,0.0,-0.0,0.006000000052154064,0,1
19.162661297945306,36.054,velocity_chirp,0,1,,0.0,0.0,-0.008999999612569809,0,1
19.17319466196932,36.064,velocity_chirp,1,2,103.83767700195312,103.8603515625,-1.7411707639694214,0.11202886700630188,1,1
19.17319466196932,36.064,velocity_chirp,1,1,-6.567757394918409,-127.08203125,0.04371320828795433,-0.1322423666715622,2,1
19.17319466196932,36.064,velocity_chirp,0,4,,0.0,-0.0,0.03200000151991844,0,1
19.17319466196932,36.064,velocity_chirp,0,1,,0.0,0.0,-0.01600000075995922,0,1
19.182782810996287,36.074,velocity_chirp,1,2,103.83767700195312,103.96157836914062,3.577488899230957,0.3046078085899353,1,1
19.182782810996287,36.074,velocity_chirp,1,1,-6.567757394918409,-127.10400390625,-1.1802566051483154,-0.14505794644355774,2,1
19.182782810996287,36.074,velocity_chirp,0,4,,0.0,-0.0,-0.017999999225139618,0,1
19.182782810996287,36.074,velocity_chirp,0,1,,0.0,0.0,-0.008999999612569809,0,1
19.19313729699934,36.084,velocity_chirp,1,2,103.83767700195312,103.96157836914062,-6.577963352203369,0.0051864199340343475,1,1
19.19313729699934,36.084,velocity_chirp,1,1,-5.580194324392986,-127.10400390625,0.04371320828795433,-0.1532331109046936,2,1
19.19313729699934,36.084,velocity_chirp,0,4,,0.0,-0.0,0.03200000151991844,0,1
19.19313729699934,36.084,velocity_chirp,0,1,,0.0,0.0,-0.008999999612569809,0,1
19.20292749797227,36.094,velocity_chirp,1,2,103.83767700195312,103.93960571289062,-7.655056953430176,0.025368377566337585,1,1
19.20292749797227,36.094,velocity_chirp,1,1,-4.553294339768727,-127.10400390625,0.04371320828795433,-0.16093678772449493,2,1
19.20292749797227,36.094,velocity_chirp,0,4,,0.0,-0.0,-0.017999999225139618,0,1
19.20292749797227,36.094,velocity_chirp,0,1,,0.0,0.0,-0.008999999612569809,0,1
19.21283134398982,36.104,velocity_chirp,1,2,103.83767700195312,103.96157836914062,7.039793491363525,-0.11439386755228043,1,1
19.21283134398982,36.104,velocity_chirp,1,1,-3.2716231991244484,-127.10400390625,0.04371320828795433,-0.16340407729148865,2,1
19.21283134398982,36.104,velocity_chirp,0,4,,0.0,-0.0,-0.017999999225139618,0,1
19.21283134398982,36.104,velocity_chirp,0,1,,0.0,0.0,-0.008999999612569809,0,1
19.222618287953082,36.114,velocity_chirp,1,2,103.83767700195312,103.96157836914062,-0.9616906046867371,0.11640200763940811,1,1
19.222618287953082,36.114,velocity_chirp,1,1,-1.902991271522195,-127.10400390625,0.04371320828795433,-0.17279432713985443,2,1
19.222618287953082,36.114,velocity_chirp,0,4,,0.0,-0.0,-0.06599999964237213,0,1
19.222618287953082,36.114,velocity_chirp,0,1,,0.0,0.0,-0.008999999612569809,0,1
19.233238856948446,36.124,velocity_chirp,1,2,103.83767700195312,103.87448120117188,8.158041954040527,-0.04906921088695526,1,1
19.233238856948446,36.124,velocity_chirp,1,1,-0.56801624283297,-127.10400390625,0.04371320828795433,-0.18277017772197723,2,1
19.233238856948446,36.124,velocity_chirp,0,4,,0.0,-0.0,0.006000000052154064,0,1
19.233238856948446,36.124,velocity_chirp,0,1,,0.0,0.0,-0.01600000075995922,0,1
19.24280423298478,36.134,velocity_chirp,1,2,103.83767700195312,103.93960571289062,6.578182220458984,-0.1356041133403778,1,1
19.24280423298478,36.134,velocity_chirp,1,1,0.7186384552417253,-127.10400390625,0.04371320828795433,-0.1838633418083191,2,1
19.24280423298478,36.134,velocity_chirp,0,4,,0.0,-0.0,0.03200000151991844,0,1
19.24280423298478,36.134,velocity_chirp,0,1,,0.0,0.0,0.05700000002980232,0,1
19.25305884098634,36.144,velocity_chirp,1,2,103.83767700195312,103.86318969726562,-6.93805456161499,0.03306962177157402,1,1
19.25305884098634,36.144,velocity_chirp,1,1,2.034576825467769,-127.10400390625,0.04371320828795433,-0.1855485737323761,2,1
19.25305884098634,36.144,velocity_chirp,0,4,,0.0,-0.0,-0.017999999225139618,0,1
19.25305884098634,36.144,velocity_chirp,0,1,,0.0,0.0,-0.008999999612569809,0,1
19.26262959698215,36.154,velocity_chirp,1,2,103.83767700195312,103.93960571289062,3.577488899230957,-0.16629500687122345,1,1
19.26262959698215,36.154,velocity_chirp,1,1,3.1746678506591426,-127.10400390625,0.04371320828795433,-0.186116024851799,2,1
19.26262959698215,36.154,velocity_chirp,0,4,,0.0,-0.0,0.006000000052154064,0,1
19.26262959698215,36.154,velocity_chirp,0,1,,0.0,0.0,0.05700000002980232,0,1
19.27314339397708,36.164,velocity_chirp,1,2,103.83767700195312,103.93960571289062,-8.809085845947266,-0.02667888067662716,1,1
19.27314339397708,36.164,velocity_chirp,1,1,3.1746678506591426,-127.10400390625,0.04371320828795433,-0.1862010657787323,2,1
19.27314339397708,36.164,velocity_chirp,0,4,,0.0,-0.0,-0.017999999225139618,0,1
19.27314339397708,36.164,velocity_chirp,0,1,,0.0,0.0,0.06400000303983688,0,1
19.28275911498349,36.174,velocity_chirp,1,2,103.83767700195312,103.96157836914062,-4.731517791748047,0.06424875557422638,1,1
19.28275911498349,36.174,velocity_chirp,1,1,4.386963684418336,-127.10400390625,0.04371320828795433,-0.1802811175584793,2,1
19.28275911498349,36.174,velocity_chirp,0,4,,0.0,-0.0,0.006000000052154064,0,1
19.28275911498349,36.174,velocity_chirp,0,1,,0.0,0.0,-0.008999999612569809,0,1
19.292837940971367,36.184,velocity_chirp,1,2,103.83767700195312,103.93960571289062,-3.19281268119812,0.1546260118484497,1,1
19.292837940971367,36.184,velocity_chirp,1,1,5.584832962314571,-127.10400390625,0.04371320828795433,-0.18306176364421844,2,1
19.292837940971367,36.184,velocity_chirp,0,4,,0.0,-0.0,-0.017999999225139618,0,1
19.292837940971367,36.184,velocity_chirp,0,1,,0.0,0.0,-0.008999999612569809,0,1
19.302463019965217,36.194,velocity_chirp,1,2,103.83767700195312,103.93960571289062,-0.3462086021900177,0.013858434744179249,1,1
19.302463019965217,36.194,velocity_chirp,1,1,6.692938424325198,-127.10400390625,0.04371320828795433,-0.17369775474071503,2,1
19.302463019965217,36.194,velocity_chirp,0,4,,0.0,-0.0,0.006000000052154064,0,1
19.302463019965217,36.194,velocity_chirp,0,1,,0.0,0.0,-0.008999999612569809,0,1
19.31308634398738,36.204,velocity_chirp,1,2,103.83767700195312,103.84329223632812,-5.238343715667725,0.00991729088127613,1,1
19.31308634398738,36.204,velocity_chirp,1,1,7.663793964209925,-127.10400390625,0.04371320828795433,-0.1631019562482834,2,1
19.31308634398738,36.204,velocity_chirp,0,4,,0.0,-0.0,-0.017999999225139618,0,1
19.31308634398738,36.204,velocity_chirp,0,1,,0.0,0.0,0.05700000002980232,0,1
19.323342884948943,36.214,velocity_chirp,1,2,103.83767700195312,103.93960571289062,6.347376346588135,-0.01592668518424034,1,1
19.323342884948943,36.214,velocity_chirp,1,1,8.397358082016552,-127.10400390625,0.04371320828795433,-0.14885759353637695,2,1
19.323342884948943,36.214,velocity_chirp,0,4,,0.0,-0.0,0.03200000151991844,0,1
19.323342884948943,36.214,velocity_chirp,0,1,,0.0,0.0,-0.008999999612569809,0,1
19.333255586971063,36.224,velocity_chirp,1,2,103.83767700195312,103.83767700195312,-4.703192710876465,0.1221911758184433,1,1
19.333255586971063,36.224,velocity_chirp,1,1,8.98362569348816,-127.10400390625,4.939592361450195,-0.13777026534080505,2,1
19.333255586971063,36.224,velocity_chirp,0,4,,0.0,-0.0,-0.017999999225139618,0,1
19.333255586971063,36.224,velocity_chirp,0,1,,0.0,0.0,-0.0020000000949949026,0,1
19.342606738966424,36.234,velocity_chirp,1,2,103.83767700195312,103.96157836914062,-4.423776626586914,0.11111777275800705,1,1
19.342606738966424,36.234,velocity_chirp,1,1,9.515089742238878,-127.10400390625,0.04371320828795433,-0.12367458641529083,2,1
19.342606738966424,36.234,velocity_chirp,0,4,,0.0,-0.0,-0.0430000014603138,0,1
19.342606738966424,36.234,velocity_chirp,0,1,,0.0,0.0,0.05700000002980232,0,1
19.353292650950607,36.244,velocity_chirp,1,2,103.83767700195312,103.96157836914062,-1.3463667631149292,0.0985129103064537,1,1
19.353292650950607,36.244,velocity_chirp,1,1,9.515089742238878,-127.10400390625,0.04371320828795433,-0.12358619272708893,2,1
19.353292650950607,36.244,velocity_chirp,0,4,,0.0,-0.0,0.03200000151991844,0,1
19.353292650950607,36.244,velocity_chirp,0,1,,0.0,0.0,-0.008999999612569809,0,1
19.362571726960596,36.254,velocity_chirp,1,2,103.83767700195312,103.93960571289062,-3.19281268119812,0.07934152334928513,1,1
19.362571726960596,36.254,velocity_chirp,1,1,9.836101957380546,-127.10400390625,0.04371320828795433,-0.1097639724612236,2,1
19.362571726960596,36.254,velocity_chirp,0,4,,0.0,-0.0,0.006000000052154064,0,1
19.362571726960596,36.254,velocity_chirp,0,1,,0.0,0.0,-0.008999999612569809,0,1
19.373127632949036,36.264,velocity_chirp,1,2,103.83767700195312,103.96157836914062,5.654959201812744,0.003851700574159622,1,1
19.373127632949036,36.264,velocity_chirp,1,1,9.988682195662054,-127.08203125,0.04371320828795433,-0.10568205267190933,2,1
19.373127632949036,36.264,velocity_chirp,0,4,,0.0,-0.0,0.03200000151991844,0,1
19.373127632949036,36.264,velocity_chirp,0,1,,0.0,0.0,-0.008999999612569809,0,1
19.382506065943744,36.274,velocity_chirp,1,2,103.83767700195312,103.93960571289062,4.5776472091674805,0.15116684138774872,1,1
19.382506065943744,36.274,velocity_chirp,1,1,9.970292642530396,-127.08203125,0.04371320828795433,-0.0958542600274086,2,1
19.382506065943744,36.274,velocity_chirp,0,4,,0.0,-0.0,0.006000000052154064,0,1
19.382506065943744,36.274,velocity_chirp,0,1,,0.0,0.0,-0.008999999612569809,0,1
19.393065027950797,36.284,velocity_chirp,1,2,103.83767700195312,103.93960571289062,12.733001708984375,-0.03462519869208336,1,1
19.393065027950797,36.284,velocity_chirp,1,1,9.771540030385712,-127.08203125,0.04371320828795433,-0.09319834411144257,2,1
19.393065027950797,36.284,velocity_chirp,0,4,,0.0,-0.0,-0.017999999225139618,0,1
19.393065027950797,36.284,velocity_chirp,0,1,,0.0,0.0,-0.01600000075995922,0,1
19.40264262794517,36.294,velocity_chirp,1,2,103.83767700195312,103.93960571289062,2.654266119003296,0.025307118892669678,1,1
19.40264262794517,36.294,velocity_chirp,1,1,9.432770400246707,-127.08203125,0.04371320828795433,-0.08396881073713303,2,1
19.40264262794517,36.294,velocity_chirp,0,4,,0.0,-0.0,-0.017999999225139618,0,1
19.40264262794517,36.294,velocity_chirp,0,1,,0.0,0.0,-0.01600000075995922,0,1
19.41338028694736,36.304,velocity_chirp,1,2,103.83767700195312,103.8603515625,3.7648260593414307,0.05220222845673561,1,1
19.41338028694736,36.304,velocity_chirp,1,1,8.88944909353109,-127.08203125,4.852166175842285,-0.07126960903406143,2,1
19.41338028694736,36.304,velocity_chirp,0,4,,0.0,-0.0,-0.017999999225139618,0,1
19.41338028694736,36.304,velocity_chirp,0,1,,0.0,0.0,-0.0020000000949949026,0,1
19.422905527986586,36.314,velocity_chirp,1,2,103.83767700195312,103.91763305664062,-14.50251293182373,-0.030292920768260956,1,1
19.422905527986586,36.314,velocity_chirp,1,1,8.24214827827939,-127.0599365234375,0.04371320828795433,-0.05805486813187599,2,1
19.422905527986586,36.314,velocity_chirp,0,4,,0.0,-0.0,0.006000000052154064,0,1
19.422905527986586,36.314,velocity_chirp,0,1,,0.0,0.0,-0.008999999612569809,0,1
19.432828398945276,36.324,velocity_chirp,1,2,103.83767700195312,103.8603515625,0.6825947165489197,-0.05190447345376015,1,1
19.432828398945276,36.324,velocity_chirp,1,1,7.386561754983062,-127.0599365234375,0.04371320828795433,-0.055135034024715424,2,1
19.432828398945276,36.324,velocity_chirp,0,4,,0.0,-0.0,0.03200000151991844,0,1
19.432828398945276,36.324,velocity_chirp,0,1,,0.0,0.0,-0.008999999612569809,0,1
19.44241505599348,36.334,velocity_chirp,1,2,103.83767700195312,103.93960571289062,-2.0387840270996094,0.16483016312122345,1,1
19.44241505599348,36.334,velocity_chirp,1,1,6.539299999345323,-127.0599365234375,0.04371320828795433,-0.05075427144765854,2,1
19.44241505599348,36.334,velocity_chirp,0,4,,0.0,-0.0,-0.017999999225139618,0,1
19.44241505599348,36.334,velocity_chirp,0,1,,0.0,0.0,0.05700000002980232,0,1
19.45292711898219,36.344,velocity_chirp,1,2,103.83767700195312,103.85467529296875,-0.22630822658538818,0.057397108525037766,1,1
19.45292711898219,36.344,velocity_chirp,1,1,6.539299999345323,-127.0599365234375,0.04371320828795433,-0.055071864277124405,2,1
19.45292711898219,36.344,velocity_chirp,0,4,,0.0,-0.0,0.006000000052154064,0,1
19.45292711898219,36.344,velocity_chirp,0,1,,0.0,0.0,-0.008999999612569809,0,1
19.462465464952402,36.354,velocity_chirp,1,2,103.83767700195312,103.91763305664062,0.03846762329339981,-0.10417742282152176,1,1
19.462465464952402,36.354,velocity_chirp,1,1,5.483441019973543,-127.0379638671875,0.04371320828795433,-0.04911630600690842,2,1
19.462465464952402,36.354,velocity_chirp,0,4,,0.0,-0.0,0.006000000052154064,0,1
19.462465464952402,36.354,velocity_chirp,0,1,,0.0,0.0,-0.008999999612569809,0,1
19.47290722496109,36.364,velocity_chirp,1,2,103.83767700195312,103.93960571289062,-0.730884850025177,-0.07949142903089523,1,1
19.47290722496109,36.364,velocity_chirp,1,1,4.271829484489321,-127.0379638671875,1.2676830291748047,-0.04759175330400467,2,1
19.47290722496109,36.364,velocity_chirp,0,4,,0.0,-0.0,0.03200000151991844,0,1
19.47290722496109,36.364,velocity_chirp,0,1,,0.0,0.0,-0.008999999612569809,0,1
19.48260945995571,36.374,velocity_chirp,1,2,103.83767700195312,103.93960571289062,-0.3462086021900177,0.18742242455482483,1,1
19.48260945995571,36.374,velocity_chirp,1,1,3.131800088189598,-127.0379638671875,0.04371320828795433,-0.0440831333398819,2,1
19.48260945995571,36.374,velocity_chirp,0,4,,0.0,-0.0,-0.017999999225139618,0,1
19.48260945995571,36.374,velocity_chirp,0,1,,0.0,0.0,-0.008999999612569809,0,1
19.492849349975586,36.384,velocity_chirp,1,2,103.83767700195312,103.93960571289062,6.808988094329834,0.03461448848247528,1,1
19.492849349975586,36.384,velocity_chirp,1,1,1.7517691848548433,-127.0159912109375,0.04371320828795433,-0.043401528149843216,2,1
19.492849349975586,36.384,velocity_chirp,0,4,,0.0,-0.0,-0.017999999225139618,0,1
19.492849349975586,36.384,velocity_chirp,0,1,,0.0,0.0,-0.008999999612569809,0,1
19.50255474098958,36.394,velocity_chirp,1,2,103.83767700195312,103.93960571289062,0.4231438636779785,0.022014671936631203,1,1
19.50255474098958,36.394,velocity_chirp,1,1,0.5689928495989405,-127.0159912109375,0.04371320828795433,-0.050279416143894196,2,1
19.50255474098958,36.394,velocity_chirp,0,4,,0.0,-0.0,-0.017999999225139618,0,1
19.50255474098958,36.394,velocity_chirp,0,1,,0.0,0.0,-0.07000000029802322,0,1
19.513428537000436,36.404,velocity_chirp,1,2,103.83767700195312,103.86318969726562,2.728731393814087,0.13777227699756622,1,1
19.513428537000436,36.404,velocity_chirp,1,1,-0.8673601311474888,-127.0159912109375,0.04371320828795433,-0.0495479591190815,2,1
19.513428537000436,36.404,velocity_chirp,0,4,,0.0,-0.0,-0.017999999225139618,0,1
19.513428537000436,36.404,velocity_chirp,0,1,,0.0,0.0,0.05700000002980232,0,1
19.522728902986273,36.414,velocity_chirp,1,2,103.83767700195312,103.93960571289062,0.3462086021900177,0.03937450423836708,1,1
19.522728902986273,36.414,velocity_chirp,1,1,-2.162568089699636,-127.0159912109375,0.04371320828795433,-0.046719808131456375,2,1
19.522728902986273,36.414,velocity_chirp,0,4,,0.0,-0.0,0.03200000151991844,0,1
19.522728902986273,36.414,velocity_chirp,0,1,,0.0,0.0,-0.008999999612569809,0,1
19.532879293954466,36.424,velocity_chirp,1,2,103.83767700195312,103.87164306640625,-6.5678181648254395,0.04279126971960068,1,1
19.532879293954466,36.424,velocity_chirp,1,1,-3.4735849097386757,-127.0159912109375,0.04371320828795433,-0.04202103614807129,2,1
19.532879293954466,36.424,velocity_chirp,0,4,,0.0,-0.0,0.006000000052154064,0,1
19.532879293954466,36.424,velocity_chirp,0,1,,0.0,0.0,-0.008999999612569809,0,1
19.54242480295943,36.434,velocity_chirp,1,2,103.83767700195312,103.96157836914062,1.1155611276626587,0.20730537176132202,1,1
19.54242480295943,36.434,velocity_chirp,1,1,-4.564071670591543,-127.0159912109375,0.04371320828795433,-0.043076496571302414,2,1
19.54242480295943,36.434,velocity_chirp,0,4,,0.0,-0.0,-0.017999999225139618,0,1
19.54242480295943,36.434,velocity_chirp,0,1,,0.0,0.0,-0.008999999612569809,0,1
19.55310743796872,36.444,velocity_chirp,1,2,103.83767700195312,103.93960571289062,3.577488899230957,0.009814699180424213,1,1
19.55310743796872,36.444,velocity_chirp,1,1,-4.564071670591543,-127.0159912109375,0.04371320828795433,-0.043284595012664795,2,1
19.55310743796872,36.444,velocity_chirp,0,4,,0.0,-0.0,0.006000000052154064,0,1
19.55310743796872,36.444,velocity_chirp,0,1,,0.0,0.0,-0.008999999612569809,0,1
19.566723711963277,36.457,velocity_chirp,1,2,103.83767700195312,103.87164306640625,5.731894493103027,0.009814699180424213,1,1
19.566723711963277,36.457,velocity_chirp,1,1,-6.765506307727812,-127.0159912109375,0.04371320828795433,-0.043284595012664795,2,1
19.566723711963277,36.457,velocity_chirp,0,4,,0.0,-0.0,-0.06599999964237213,0,1
19.566723711963277,36.457,velocity_chirp,0,1,,0.0,0.0,-0.01600000075995922,0,1
19.572959702985827,36.464,velocity_chirp,1,2,103.83767700195312,103.93960571289062,0.11540286988019943,-0.03889956697821617,1,1
19.572959702985827,36.464,velocity_chirp,1,1,-6.765506307727812,-127.0159912109375,-4.677313327789307,-0.05493573471903801,2,1
19.572959702985827,36.464,velocity_chirp,0,4,,0.0,-0.0,0.006000000052154064,0,1
19.572959702985827,36.464,velocity_chirp,0,1,,0.0,0.0,0.05700000002980232,0,1
19.582973335986026,36.474,velocity_chirp,1,2,103.83767700195312,103.96157836914062,-3.115877389907837,0.09574604034423828,1,1
19.582973335986026,36.474,velocity_chirp,1,1,-7.653126942622146,-127.0159912109375,0.04371320828795433,-0.05875876173377037,2,1
19.582973335986026,36.474,velocity_chirp,0,4,,0.0,-0.0,-0.017999999225139618,0,1
19.582973335986026,36.474,velocity_chirp,0,1,,0.0,0.0,-0.008999999612569809,0,1
19.592857854964677,36.484,velocity_chirp,1,2,103.83767700195312,103.91763305664062,-2.0387840270996094,-0.014580262824892998,1,1
19.592857854964677,36.484,velocity_chirp,1,1,-8.374798677342325,-127.0159912109375,0.04371320828795433,-0.05799737572669983,2,1
19.592857854964677,36.484,velocity_chirp,0,4,,0.0,-0.0,-0.017999999225139618,0,1
19.592857854964677,36.484,velocity_chirp,0,1,,0.0,0.0,-0.008999999612569809,0,1
19.602915129973553,36.494,velocity_chirp,1,2,103.83767700195312,103.91763305664062,4.039100646972656,-0.1625560075044632,1,1
19.602915129973553,36.494,velocity_chirp,1,1,-9.06683955874302,-127.0159912109375,0.04371320828795433,-0.06214142590761185,2,1
19.602915129973553,36.494,velocity_chirp,0,4,,0.0,-0.0,0.006000000052154064,0,1
19.602915129973553,36.494,velocity_chirp,0,1,,0.0,0.0,-0.008999999612569809,0,1
19.612996469950303,36.504,velocity_chirp,1,2,103.83767700195312,103.93960571289062,-0.8847553133964539,-0.14199574291706085,1,1
19.612996469950303,36.504,velocity_chirp,1,1,-9.517682161354601,-127.0379638671875,0.04371320828795433,-0.07483324408531189,2,1
19.612996469950303,36.504,velocity_chirp,0,4,,0.0,-0.0,0.006000000052154064,0,1
19.612996469950303,36.504,velocity_chirp,0,1,,0.0,0.0,0.24699999392032623,0,1
19.623057321994565,36.514,velocity_chirp,1,2,103.83767700195312,103.93960571289062,-6.424093246459961,0.24118809401988983,1,1
19.623057321994565,36.514,velocity_chirp,1,1,-9.86245754475379,-127.0599365234375,0.04371320828795433,-0.08400388062000275,2,1
19.623057321994565,36.514,velocity_chirp,0,4,,0.0,-0.0,0.006000000052154064,0,1
19.623057321994565,36.514,velocity_chirp,0,1,,0.0,0.0,-0.008999999612569809,0,1
19.633035306993406,36.524,velocity_chirp,1,2,103.83767700195312,103.93960571289062,-12.502196311950684,0.0035059498623013496,1,1
19.633035306993406,36.524,velocity_chirp,1,1,-9.998154110098035,-127.0599365234375,0.04371320828795433,-0.08063643425703049,2,1
19.633035306993406,36.524,velocity_chirp,0,4,,0.0,-0.0,-0.017999999225139618,0,1
19.633035306993406,36.524,velocity_chirp,0,1,,0.0,0.0,-0.008999999612569809,0,1
19.642921959981322,36.534,velocity_chirp,1,2,103.83767700195312,103.93960571289062,0.11540286988019943,0.041315268725156784,1,1
19.642921959981322,36.534,velocity_chirp,1,1,-9.946653746472215,-127.0599365234375,0.04371320828795433,-0.08333677053451538,2,1
19.642921959981322,36.534,velocity_chirp,0,4,,0.0,-0.0,0.03200000151991844,0,1
19.642921959981322,36.534,velocity_chirp,0,1,,0.0,0.0,-0.0020000000949949026,0,1
19.653107556980103,36.544,velocity_chirp,1,2,103.83767700195312,103.93960571289062,0.5000790953636169,0.06161884590983391,1,1
19.653107556980103,36.544,velocity_chirp,1,1,-9.946653746472215,-127.0599365234375,0.04371320828795433,-0.08908138424158096,2,1
19.653107556980103,36.544,velocity_chirp,0,4,,0.0,-0.0,-0.017999999225139618,0,1
19.653107556980103,36.544,velocity_chirp,0,1,,0.0,0.0,0.05700000002980232,0,1
19.662967228970956,36.554,velocity_chirp,1,2,103.83767700195312,103.93960571289062,9.809462547302246,0.011056539602577686,1,1
19.662967228970956,36.554,velocity_chirp,1,1,-9.723661984812505,-127.08203125,-1.1802566051483154,-0.09875927120447159,2,1
19.662967228970956,36.554,velocity_chirp,0,4,,0.0,-0.0,-0.017999999225139618,0,1
19.662967228970956,36.554,velocity_chirp,0,1,,0.0,0.0,-0.008999999612569809,0,1
19.67302894295426,36.564,velocity_chirp,1,2,103.83767700195312,103.91763305664062,1.9618487358093262,0.042754750698804855,1,1
19.67302894295426,36.564,velocity_chirp,1,1,-9.280183379619345,-127.08203125,0.04371320828795433,-0.09960545599460602,2,1
19.67302894295426,36.564,velocity_chirp,0,4,,0.0,-0.0,0.054999999701976776,0,1
19.67302894295426,36.564,velocity_chirp,0,1,,0.0,0.0,-0.008999999612569809,0,1
19.682903341948986,36.574,velocity_chirp,1,2,103.83767700195312,103.93960571289062,-1.4233020544052124,0.07088375836610794,1,1
19.682903341948986,36.574,velocity_chirp,1,1,-8.63822785420752,-127.08203125,0.04371320828795433,-0.10151408612728119,2,1
19.682903341948986,36.574,velocity_chirp,0,4,,0.0,-0.0,-0.017999999225139618,0,1
19.682903341948986,36.574,velocity_chirp,0,1,,0.0,0.0,-0.008999999612569809,0,1
19.693368687992916,36.584,velocity_chirp,1,2,103.83767700195312,103.85745239257812,0.3107815384864807,0.17092393338680267,1,1
19.693368687992916,36.584,velocity_chirp,1,1,-7.805533604237271,-127.08203125,-2.404226541519165,-0.1104206070303917,2,1
19.693368687992916,36.584,velocity_chirp,0,4,,0.0,-0.0,-0.017999999225139618,0,1
19.693368687992916,36.584,velocity_chirp,0,1,,0.0,0.0,-0.008999999612569809,0,1
19.703127087967005,36.594,velocity_chirp,1,2,103.83767700195312,103.93960571289062,2.0387840270996094,0.10837060958147049,1,1
19.703127087967005,36.594,velocity_chirp,1,1,-6.961721961335395,-127.08203125,0.04371320828795433,-0.1253243237733841,2,1
19.703127087967005,36.594,velocity_chirp,0,4,,0.0,-0.0,-0.017999999225139618,0,1
19.703127087967005,36.594,velocity_chirp,0,1,,0.0,0.0,-0.008999999612569809,0,1
19.712909494992346,36.604,velocity_chirp,1,2,103.83767700195312,103.93960571289062,0.6539496183395386,0.2088954597711563,1,1
19.712909494992346,36.604,velocity_chirp,1,1,-5.861199952803685,-127.08203125,0.04371320828795433,-0.13520078361034393,2,1
19.712909494992346,36.604,velocity_chirp,0,4,,0.0,-0.0,-0.017999999225139618,0,1
19.712909494992346,36.604,velocity_chirp,0,1,,0.0,0.0,-0.008999999612569809,0,1
19.72272342996439,36.614,velocity_chirp,1,2,103.83767700195312,103.93960571289062,-7.731992244720459,0.2291136533021927,1,1
19.72272342996439,36.614,velocity_chirp,1,1,-5.861199952803685,-127.10400390625,0.04371320828795433,-0.1485154777765274,2,1
19.72272342996439,36.614,velocity_chirp,0,4,,0.0,-0.0,-0.017999999225139618,0,1
19.72272342996439,36.614,velocity_chirp,0,1,,0.0,0.0,-0.008999999612569809,0,1
19.733069239999168,36.624,velocity_chirp,1,2,103.83767700195312,103.93960571289062,-8.116668701171875,0.09888444095849991,1,1
19.733069239999168,36.624,velocity_chirp,1,1,-4.75528480417887,-127.10400390625,0.04371320828795433,-0.15302324295043945,2,1
19.733069239999168,36.624,velocity_chirp,0,4,,0.0,-0.0,0.006000000052154064,0,1
19.733069239999168,36.624,velocity_chirp,0,1,,0.0,0.0,-0.008999999612569809,0,1
19.742679109971505,36.634,velocity_chirp,1,2,103.83767700195312,103.93960571289062,1.0386258363723755,0.061418309807777405,1,1
19.742679109971505,36.634,velocity_chirp,1,1,-3.6185749656369097,-127.10400390625,0.04371320828795433,-0.16068467497825623,2,1
19.742679109971505,36.634,velocity_chirp,0,4,,0.0,-0.0,-0.017999999225139618,0,1
19.742679109971505,36.634,velocity_chirp,0,1,,0.0,0.0,0.05700000002980232,0,1
19.75302100199042,36.644,velocity_chirp,1,2,103.83767700195312,103.93960571289062,6.347376346588135,0.0932919979095459,1,1
19.75302100199042,36.644,velocity_chirp,1,1,-2.2597337084240494,-127.10400390625,0.04371320828795433,-0.16903728246688843,2,1
19.75302100199042,36.644,velocity_chirp,0,4,,0.0,-0.0,-0.017999999225139618,0,1
19.75302100199042,36.644,velocity_chirp,0,1,,0.0,0.0,-0.008999999612569809,0,1
19.763035616953857,36.654,velocity_chirp,1,2,103.83767700195312,103.84329223632812,-0.7360812425613403,0.029027599841356277,1,1
19.763035616953857,36.654,velocity_chirp,1,1,-0.9942188624968812,-127.10400390625,0.04371320828795433,-0.16952010989189148,2,1
19.763035616953857,36.654,velocity_chirp,0,4,,0.0,-0.0,-0.06599999964237213,0,1
19.763035616953857,36.654,velocity_chirp,0,1,,0.0,0.0,-0.008999999612569809,0,1
19.773532310966402,36.664,velocity_chirp,1,2,103.83767700195312,103.96157836914062,6.424311637878418,-0.11112547665834427,1,1
19.773532310966402,36.664,velocity_chirp,1,1,0.4969981152924492,-127.10400390625,0.04371320828795433,-0.17576883733272552,2,1
19.773532310966402,36.664,velocity_chirp,0,4,,0.0,-0.0,-0.017999999225139618,0,1
19.773532310966402,36.664,velocity_chirp,0,1,,0.0,0.0,-0.008999999612569809,0,1
19.783255685993936,36.674,velocity_chirp,1,2,103.83767700195312,103.93960571289062,-4.731517791748047,0.08961267024278641,1,1
19.783255685993936,36.674,velocity_chirp,1,1,1.745923178119658,-127.10400390625,0.04371320828795433,-0.17424340546131134,2,1
19.783255685993936,36.674,velocity_chirp,0,4,,0.0,-0.0,0.006000000052154064,0,1
19.783255685993936,36.674,velocity_chirp,0,1,,0.0,0.0,-0.008999999612569809,0,1
19.793212290969677,36.684,velocity_chirp,1,2,103.83767700195312,103.8603515625,-7.207977771759033,-0.0463227778673172,1,1
19.793212290969677,36.684,velocity_chirp,1,1,3.171454358651186,-127.10400390625,0.04371320828795433,-0.17532090842723846,2,1
19.793212290969677,36.684,velocity_chirp,0,4,,0.0,-0.0,0.03200000151991844,0,1
19.793212290969677,36.684,velocity_chirp,0,1,,0.0,0.0,-0.008999999612569809,0,1
19.802758270991035,36.694,velocity_chirp,1,2,103.83767700195312,103.91763305664062,-5.73167610168457,0.07631659507751465,1,1
19.802758270991035,36.694,velocity_chirp,1,1,4.516460802927332,-127.10400390625,0.04371320828795433,-0.174160435795784,2,1
19.802758270991035,36.694,velocity_chirp,0,4,,0.0,-0.0,0.03200000151991844,0,1
19.802758270991035,36.694,velocity_chirp,0,1,,0.0,0.0,-0.0020000000949949026,0,1
19.81310707598459,36.704,velocity_chirp,1,2,103.83767700195312,103.93960571289062,-7.578121662139893,0.010113140568137169,1,1
19.81310707598459,36.704,velocity_chirp,1,1,4.516460802927332,-127.10400390625,0.04371320828795433,-0.17473267018795013,2,1
19.81310707598459,36.704,velocity_chirp,0,4,,0.0,-0.0,-0.017999999225139618,0,1
19.81310707598459,36.704,velocity_chirp,0,1,,0.0,0.0,-0.008999999612569809,0,1
19.822822365968022,36.714,velocity_chirp,1,2,103.83767700195312,103.93960571289062,-1.1924962997436523,0.020609796047210693,1,1
19.822822365968022,36.714,velocity_chirp,1,1,5.672812900563635,-127.10400390625,0.04371320828795433,-0.1702853888273239,2,1
19.822822365968022,36.714,velocity_chirp,0,4,,0.0,-0.0,-0.25,0,1
19.822822365968022,36.714,velocity_chirp,0,1,,0.0,0.0,-0.008999999612569809,0,1
19.833128519996535,36.724,velocity_chirp,1,2,103.83767700195312,103.96157836914062,3.4236185550689697,0.2025156468153,1,1
19.833128519996535,36.724,velocity_chirp,1,1,6.811073283173549,-127.10400390625,0.04371320828795433,-0.16777727007865906,2,1
19.833128519996535,36.724,velocity_chirp,0,4,,0.0,-0.0,0.006000000052154064,0,1
19.833128519996535,36.724,velocity_chirp,0,1,,0.0,0.0,-0.008999999612569809,0,1
19.843250086996704,36.734,velocity_chirp,1,2,103.83767700195312,103.93960571289062,-5.346999645233154,0.4231729209423065,1,1
19.843250086996704,36.734,velocity_chirp,1,1,7.685100962259478,-127.10400390625,0.04371320828795433,-0.1596159189939499,2,1
19.843250086996704,36.734,velocity_chirp,0,4,,0.0,-0.0,0.006000000052154064,0,1
19.843250086996704,36.734,velocity_chirp,0,1,,0.0,0.0,-0.008999999612569809,0,1
19.852998017973732,36.744,velocity_chirp,1,2,103.83767700195312,103.91763305664062,-1.9618487358093262,0.13950422406196594,1,1
19.852998017973732,36.744,velocity_chirp,1,1,8.409902592206713,-127.10400390625,0.04371320828795433,-0.1493128538131714,2,1
19.852998017973732,36.744,velocity_chirp,0,4,,0.0,-0.0,-0.017999999225139618,0,1
19.852998017973732,36.744,velocity_chirp,0,1,,0.0,0.0,-0.008999999612569809,0,1
19.862982915947214,36.754,velocity_chirp,1,2,103.83767700195312,103.93960571289062,7.116728782653809,-0.043751318007707596,1,1
19.862982915947214,36.754,velocity_chirp,1,1,9.112618775639657,-127.10400390625,0.04371320828795433,-0.14152565598487854,2,1
19.862982915947214,36.754,velocity_chirp,0,4,,0.0,-0.0,-0.017999999225139618,0,1
19.862982915947214,36.754,velocity_chirp,0,1,,0.0,0.0,-0.008999999612569809,0,1
19.87338608398568,36.764,velocity_chirp,1,2,103.83767700195312,103.83197021484375,-1.14063560962677,0.007629594765603542,1,1
19.87338608398568,36.764,velocity_chirp,1,1,9.626422370617467,-127.10400390625,0.04371320828795433,-0.12819832563400269,2,1
19.87338608398568,36.764,velocity_chirp,0,4,,0.0,-0.0,0.006000000052154064,0,1
19.87338608398568,36.764,velocity_chirp,0,1,,0.0,0.0,-0.01600000075995922,0,1
19.882938345952425,36.774,velocity_chirp,1,2,103.83767700195312,103.93960571289062,2.0387840270996094,0.10017634183168411,1,1
19.882938345952425,36.774,velocity_chirp,1,1,9.898342447014311,-127.10400390625,0.04371320828795433,-0.11186173558235168,2,1
19.882938345952425,36.774,velocity_chirp,0,4,,0.0,-0.0,0.23800000548362732,0,1
19.882938345952425,36.774,velocity_chirp,0,1,,0.0,0.0,-0.008999999612569809,0,1
19.893517034943216,36.784,velocity_chirp,1,2,103.83767700195312,103.93960571289062,3.4236185550689697,0.0583786778151989,1,1
19.893517034943216,36.784,velocity_chirp,1,1,9.999999553205459,-127.08203125,0.04371320828795433,-0.10625452548265457,2,1
19.893517034943216,36.784,velocity_chirp,0,4,,0.0,-0.0,-0.017999999225139618,0,1
19.893517034943216,36.784,velocity_chirp,0,1,,0.0,0.0,-0.008999999612569809,0,1
19.9028690289706,36.794,velocity_chirp,1,2,103.83767700195312,103.93960571289062,6.424311637878418,0.08361664414405823,1,1
19.9028690289706,36.794,velocity_chirp,1,1,9.999999553205459,-127.08203125,0.04371320828795433,-0.09626363962888718,2,1
19.9028690289706,36.794,velocity_chirp,0,4,,0.0,-0.0,-0.017999999225139618,0,1
19.9028690289706,36.794,velocity_chirp,0,1,,0.0,0.0,-0.01600000075995922,0,1
19.91342622699449,36.804,velocity_chirp,1,2,103.83767700195312,103.93960571289062,-4.269906044006348,0.05255268141627312,1,1
19.91342622699449,36.804,velocity_chirp,1,1,9.913067225393588,-127.08203125,0.04371320828795433,-0.09625979512929916,2,1
19.91342622699449,36.804,velocity_chirp,0,4,,0.0,-0.0,-0.017999999225139618,0,1
19.91342622699449,36.804,velocity_chirp,0,1,,0.0,0.0,0.05700000002980232,0,1
19.923005469958298,36.814,velocity_chirp,1,2,103.83767700195312,103.93960571289062,3.962165117263794,0.09514094144105911,1,1
19.923005469958298,36.814,velocity_chirp,1,1,9.658529427130155,-127.08203125,0.04371320828795433,-0.08336789160966873,2,1
19.923005469958298,36.814,velocity_chirp,0,4,,0.0,-0.0,-0.017999999225139618,0,1
19.923005469958298,36.814,velocity_chirp,0,1,,0.0,0.0,-0.008999999612569809,0,1
19.933335128996987,36.824,velocity_chirp,1,2,103.83767700195312,103.93960571289062,-0.03846762329339981,0.010478622280061245,1,1
19.933335128996987,36.824,velocity_chirp,1,1,9.177530236849698,-127.08203125,0.04371320828795433,-0.07620038837194443,2,1
19.933335128996987,36.824,velocity_chirp,0,4,,0.0,-0.0,-0.017999999225139618,0,1
19.933335128996987,36.824,velocity_chirp,0,1,,0.0,0.0,-0.008999999612569809,0,1
19.943108878971543,36.834,velocity_chirp,1,2,103.83767700195312,103.91763305664062,-3.19281268119812,0.08395927399396896,1,1
19.943108878971543,36.834,velocity_chirp,1,1,8.594000226651367,-127.08203125,4.852166175842285,-0.07260844856500626,2,1
19.943108878971543,36.834,velocity_chirp,0,4,,0.0,-0.0,-0.017999999225139618,0,1
19.943108878971543,36.834,velocity_chirp,0,1,,0.0,0.0,0.05000000074505806,0,1
19.95352884894237,36.844,velocity_chirp,1,2,103.83767700195312,103.93960571289062,1.0386258363723755,0.3327878415584564,1,1
19.95352884894237,36.844,velocity_chirp,1,1,7.743904827104403,-127.08203125,4.939592361450195,-0.06528009474277496,2,1
19.95352884894237,36.844,velocity_chirp,0,4,,0.0,-0.0,0.006000000052154064,0,1
19.95352884894237,36.844,velocity_chirp,0,1,,0.0,0.0,-0.008999999612569809,0,1
19.962881362996995,36.854,velocity_chirp,1,2,103.83767700195312,103.91763305664062,-5.577805519104004,0.1543198525905609,1,1
19.962881362996995,36.854,velocity_chirp,1,1,6.864553962672719,-127.0599365234375,2.4916529655456543,-0.06215106323361397,2,1
19.962881362996995,36.854,velocity_chirp,0,4,,0.0,-0.0,0.006000000052154064,0,1
19.962881362996995,36.854,velocity_chirp,0,1,,0.0,0.0,-0.008999999612569809,0,1
19.973515396995936,36.864,velocity_chirp,1,2,103.83767700195312,103.83767700195312,-1.5288519859313965,0.1226273626089096,1,1
19.973515396995936,36.864,velocity_chirp,1,1,5.7706982673208875,-127.0599365234375,2.4916529655456543,-0.05616872012615204,2,1
19.973515396995936,36.864,velocity_chirp,0,4,,0.0,-0.0,-0.017999999225139618,0,1
19.973515396995936,36.864,velocity_chirp,0,1,,0.0,0.0,-0.008999999612569809,0,1
19.983036439982243,36.874,velocity_chirp,1,2,103.83767700195312,103.93960571289062,-1.3463667631149292,0.08423302322626114,1,1
19.983036439982243,36.874,velocity_chirp,1,1,4.675691688294263,-127.0379638671875,4.32760763168335,-0.04903338477015495,2,1
19.983036439982243,36.874,velocity_chirp,0,4,,0.0,-0.0,0.03200000151991844,0,1
19.983036439982243,36.874,velocity_chirp,0,1,,0.0,0.0,-0.008999999612569809,0,1
19.993202960991766,36.884,velocity_chirp,1,2,103.83767700195312,103.93960571289062,-3.6544241905212402,0.05271732062101364,1,1
19.993202960991766,36.884,velocity_chirp,1,1,3.2845451148043576,-127.0379638671875,0.04371320828795433,-0.052520234137773514,2,1
19.993202960991766,36.884,velocity_chirp,0,4,,0.0,-0.0,0.006000000052154064,0,1
19.993202960991766,36.884,velocity_chirp,0,1,,0.0,0.0,0.05700000002980232,0,1
20.003005805949215,36.894,velocity_chirp,1,2,103.83767700195312,103.93960571289062,-4.039100646972656,0.07067722082138062,1,1
20.003005805949215,36.894,velocity_chirp,1,1,2.085327061881239,-127.0379638671875,0.04371320828795433,-0.056758150458335876,2,1
20.003005805949215,36.894,velocity_chirp,0,4,,0.0,-0.0,-0.06599999964237213,0,1
20.003005805949215,36.894,velocity_chirp,0,1,,0.0,0.0,-0.008999999612569809,0,1
20.01290221698582,36.904,velocity_chirp,1,2,103.83767700195312,103.93960571289062,-0.19233810901641846,0.07240912318229675,1,1
20.01290221698582,36.904,velocity_chirp,1,1,2.085327061881239,-127.0379638671875,0.04371320828795433,-0.059832096099853516,2,1
20.01290221698582,36.904,velocity_chirp,0,4,,0.0,-0.0,-0.017999999225139618,0,1
20.01290221698582,36.904,velocity_chirp,0,1,,0.0,0.0,-0.008999999612569809,0,1
20.022774362994824,36.914,velocity_chirp,1,2,103.83767700195312,103.93960571289062,2.1157193183898926,0.08137164264917374,1,1
20.022774362994824,36.914,velocity_chirp,1,1,0.7894380836849508,-127.0379638671875,0.04371320828795433,-0.05574542284011841,2,1
20.022774362994824,36.914,velocity_chirp,0,4,,0.0,-0.0,-0.017999999225139618,0,1
20.022774362994824,36.914,velocity_chirp,0,1,,0.0,0.0,-0.008999999612569809,0,1
20.033218928962015,36.924,velocity_chirp,1,2,103.83767700195312,103.93960571289062,-0.19233810901641846,0.04266093671321869,1,1
20.033218928962015,36.924,velocity_chirp,1,1,-0.7381412476883854,-127.0379638671875,0.04371320828795433,-0.05005919560790062,2,1
20.033218928962015,36.924,velocity_chirp,0,4,,0.0,-0.0,-0.017999999225139618,0,1
20.033218928962015,36.924,velocity_chirp,0,1,,0.0,0.0,-0.01600000075995922,0,1
20.04296108899871,36.934,velocity_chirp,1,2,103.83767700195312,103.93960571289062,-1.5771725177764893,0.02357170730829239,1,1
20.04296108899871,36.934,velocity_chirp,1,1,-2.0430880262252065,-127.0379638671875,0.04371320828795433,-0.048396166414022446,2,1
20.04296108899871,36.934,velocity_chirp,0,4,,0.0,-0.0,0.006000000052154064,0,1
20.04296108899871,36.934,velocity_chirp,0,1,,0.0,0.0,0.05700000002980232,0,1
20.053117740957532,36.944,velocity_chirp,1,2,103.83767700195312,103.93960571289062,-6.962639808654785,0.09843619912862778,1,1
20.053117740957532,36.944,velocity_chirp,1,1,-3.452002424680343,-127.0379638671875,0.04371320828795433,-0.04587187245488167,2,1
20.053117740957532,36.944,velocity_chirp,0,4,,0.0,-0.0,0.03200000151991844,0,1
20.053117740957532,36.944,velocity_chirp,0,1,,0.0,0.0,-0.008999999612569809,0,1
20.06272818299476,36.954,velocity_chirp,1,2,103.83767700195312,103.96157836914062,9.65559196472168,0.11287379264831543,1,1
20.06272818299476,36.954,velocity_chirp,1,1,-4.60023201356368,-127.0379638671875,0.04371320828795433,-0.047420673072338104,2,1
20.06272818299476,36.954,velocity_chirp,0,4,,0.0,-0.0,0.03200000151991844,0,1
20.06272818299476,36.954,velocity_chirp,0,1,,0.0,0.0,-0.008999999612569809,0,1
20.073437628976535,36.964,velocity_chirp,1,2,103.83767700195312,103.86880493164062,-8.128988265991211,0.11036818474531174,1,1
20.073437628976535,36.964,velocity_chirp,1,1,-5.861285625021696,-127.0379638671875,0.04371320828795433,-0.052109863609075546,2,1
20.073437628976535,36.964,velocity_chirp,0,4,,0.0,-0.0,0.006000000052154064,0,1
20.073437628976535,36.964,velocity_chirp,0,1,,0.0,0.0,-0.008999999612569809,0,1
20.08315079397289,36.974,velocity_chirp,1,2,103.83767700195312,103.96157836914062,4.269906044006348,0.04208330065011978,1,1
20.08315079397289,36.974,velocity_chirp,1,1,-6.896856322527433,-127.0379638671875,0.04371320828795433,-0.05614057183265686,2,1
20.08315079397289,36.974,velocity_chirp,0,4,,0.0,-0.0,0.03200000151991844,0,1
20.08315079397289,36.974,velocity_chirp,0,1,,0.0,0.0,-0.0020000000949949026,0,1
20.093211375991814,36.984,velocity_chirp,1,2,103.83767700195312,103.93960571289062,7.347534656524658,0.1601329892873764,1,1
20.093211375991814,36.984,velocity_chirp,1,1,-7.921661742354927,-127.0379638671875,0.04371320828795433,-0.059800151735544205,2,1
20.093211375991814,36.984,velocity_chirp,0,4,,0.0,-0.0,0.23800000548362732,0,1
20.093211375991814,36.984,velocity_chirp,0,1,,0.0,0.0,-0.008999999612569809,0,1
20.10292783699697,36.994,velocity_chirp,1,2,103.83767700195312,103.93960571289062,1.0386258363723755,0.055254582315683365,1,1
20.10292783699697,36.994,velocity_chirp,1,1,-7.921661742354927,-127.0379638671875,0.04371320828795433,-0.0636243224143982,2,1
20.10292783699697,36.994,velocity_chirp,0,4,,0.0,-0.0,0.006000000052154064,0,1
20.10292783699697,36.994,velocity_chirp,0,1,,0.0,0.0,-0.008999999612569809,0,1
20.113149451965,37.004,velocity_chirp,1,2,103.83767700195312,103.93960571289062,-4.423776626586914,-0.043605852872133255,1,1
20.113149451965,37.004,velocity_chirp,1,1,-8.645895099231808,-127.0379638671875,0.04371320828795433,-0.06846651434898376,2,1
20.113149451965,37.004,velocity_chirp,0,4,,0.0,-0.0,-0.06599999964237213,0,1
20.113149451965,37.004,velocity_chirp,0,1,,0.0,0.0,-0.008999999612569809,0,1
20.123242805944756,37.014,velocity_chirp,1,2,103.83767700195312,103.93960571289062,-4.423776626586914,0.0034584980458021164,1,1
20.123242805944756,37.014,velocity_chirp,1,1,-9.216615882238852,-127.0379638671875,0.04371320828795433,-0.07447879016399384,2,1
20.123242805944756,37.014,velocity_chirp,0,4,,0.0,-0.0,-0.017999999225139618,0,1
20.123242805944756,37.014,velocity_chirp,0,1,,0.0,0.0,0.05700000002980232,0,1
20.133153192989994,37.024,velocity_chirp,1,2,103.83767700195312,103.9835205078125,6.578182220458984,0.34831878542900085,1,1
20.133153192989994,37.024,velocity_chirp,1,1,-9.633049439009724,-127.0599365234375,0.04371320828795433,-0.08090101927518845,2,1
20.133153192989994,37.024,velocity_chirp,0,4,,0.0,-0.0,-0.017999999225139618,0,1
20.133153192989994,37.024,velocity_chirp,0,1,,0.0,0.0,-0.01600000075995922,0,1
20.142759696987923,37.034,velocity_chirp,1,2,103.83767700195312,103.96157836914062,0.2692733705043793,0.18540605902671814,1,1
20.142759696987923,37.034,velocity_chirp,1,1,-9.927819145607911,-127.0599365234375,-4.764739513397217,-0.08912581205368042,2,1
20.142759696987923,37.034,velocity_chirp,0,4,,0.0,-0.0,0.03200000151991844,0,1
20.142759696987923,37.034,velocity_chirp,0,1,,0.0,0.0,-0.008999999612569809,0,1
20.153094275970943,37.044,velocity_chirp,1,2,103.83767700195312,103.96157836914062,-11.655908584594727,0.03202783316373825,1,1
20.153094275970943,37.044,velocity_chirp,1,1,-9.996071344609708,-127.0599365234375,0.04371320828795433,-0.08925255388021469,2,1
20.153094275970943,37.044,velocity_chirp,0,4,,0.0,-0.0,-0.017999999225139618,0,1
20.153094275970943,37.044,velocity_chirp,0,1,,0.0,0.0,-0.008999999612569809,0,1
20.163004021975212,37.054,velocity_chirp,1,2,103.83767700195312,103.93960571289062,0.3462086021900177,0.1838197559118271,1,1
20.163004021975212,37.054,velocity_chirp,1,1,-9.869835821357352,-127.0599365234375,0.04371320828795433,-0.09155811369419098,2,1
20.163004021975212,37.054,velocity_chirp,0,4,,0.0,-0.0,0.006000000052154064,0,1
20.163004021975212,37.054,velocity_chirp,0,1,,0.0,0.0,0.05700000002980232,0,1
20.17345334694255,37.064,velocity_chirp,1,2,103.83767700195312,103.85467529296875,2.0834262371063232,0.08508220314979553,1,1
20.17345334694255,37.064,velocity_chirp,1,1,-9.512471649832456,-127.08203125,-4.764739513397217,-0.09940733760595322,2,1
20.17345334694255,37.064,velocity_chirp,0,4,,0.0,-0.0,0.006000000052154064,0,1
20.17345334694255,37.064,velocity_chirp,0,1,,0.0,0.0,-0.0020000000949949026,0,1
20.18272642197553,37.074,velocity_chirp,1,2,103.83767700195312,103.93960571289062,-2.4234602451324463,-0.011073763482272625,1,1
20.18272642197553,37.074,velocity_chirp,1,1,-9.010066842289483,-127.08203125,0.04371320828795433,-0.11746978759765625,2,1
20.18272642197553,37.074,velocity_chirp,0,4,,0.0,-0.0,0.008999999612569809,0,1
20.18272642197553,37.074,velocity_chirp,0,1,,0.0,0.0,-0.008999999612569809,0,1
20.192959348962177,37.084,velocity_chirp,1,2,103.83767700195312,103.93960571289062,0.8847553133964539,-0.03439503535628319,1,1
20.192959348962177,37.084,velocity_chirp,1,1,-8.300971084927895,-127.08203125,0.04371320828795433,-0.11647442728281021,2,1
20.192959348962177,37.084,velocity_chirp,0,4,,0.0,-0.0,-0.017999999225139618,0,1
20.192959348962177,37.084,velocity_chirp,0,1,,0.0,0.0,0.05700000002980232,0,1
20.202770809992217,37.094,velocity_chirp,1,2,103.83767700195312,103.96157836914062,9.347850799560547,0.07069661468267441,1,1
20.202770809992217,37.094,velocity_chirp,1,1,-7.505997378244089,-127.08203125,-2.404226541519165,-0.12744256854057312,2,1
20.202770809992217,37.094,velocity_chirp,0,4,,0.0,-0.0,0.054999999701976776,0,1
20.202770809992217,37.094,velocity_chirp,0,1,,0.0,0.0,-0.008999999612569809,0,1
20.213010959967505,37.104,velocity_chirp,1,2,103.83767700195312,103.93960571289062,-7.962798118591309,-0.06466028094291687,1,1
20.213010959967505,37.104,velocity_chirp,1,1,-7.505997378244089,-127.08203125,0.04371320828795433,-0.13453130424022675,2,1
20.213010959967505,37.104,velocity_chirp,0,4,,0.0,-0.0,-0.017999999225139618,0,1
20.213010959967505,37.104,velocity_chirp,0,1,,0.0,0.0,-0.0020000000949949026,0,1
20.22270275495248,37.114,velocity_chirp,1,2,103.83767700195312,103.93960571289062,9.19398021697998,-0.09348578751087189,1,1
20.22270275495248,37.114,velocity_chirp,1,1,-6.529921990627953,-127.10400390625,-4.764739513397217,-0.15163397789001465,2,1
20.22270275495248,37.114,velocity_chirp,0,4,,0.0,-0.0,0.006000000052154064,0,1
20.22270275495248,37.114,velocity_chirp,0,1,,0.0,0.0,-0.008999999612569809,0,1
20.23294012999395,37.124,velocity_chirp,1,2,103.83767700195312,103.93960571289062,3.2697479724884033,-0.0027993968687951565,1,1
20.23294012999395,37.124,velocity_chirp,1,1,-5.332917914057131,-127.10400390625,0.04371320828795433,-0.1577138751745224,2,1
20.23294012999395,37.124,velocity_chirp,0,4,,0.0,-0.0,-0.017999999225139618,0,1
20.23294012999395,37.124,velocity_chirp,0,1,,0.0,0.0,-0.008999999612569809,0,1
20.243031158985104,37.134,velocity_chirp,1,2,103.83767700195312,103.93960571289062,3.4236185550689697,0.006837811321020126,1,1
20.243031158985104,37.134,velocity_chirp,1,1,-4.190529050478013,-127.10400390625,0.04371320828795433,-0.1606728732585907,2,1
20.243031158985104,37.134,velocity_chirp,0,4,,0.0,-0.0,-0.017999999225139618,0,1
20.243031158985104,37.134,velocity_chirp,0,1,,0.0,0.0,0.05700000002980232,0,1
20.25333411694737,37.144,velocity_chirp,1,2,103.83767700195312,103.91763305664062,-3.88523006439209,-0.07680723071098328,1,1
20.25333411694737,37.144,velocity_chirp,1,1,-2.9666142617371976,-127.10400390625,0.04371320828795433,-0.16815656423568726,2,1
20.25333411694737,37.144,velocity_chirp,0,4,,0.0,-0.0,-0.017999999225139618,0,1
20.25333411694737,37.144,velocity_chirp,0,1,,0.0,0.0,-0.008999999612569809,0,1
20.263109930965584,37.154,velocity_chirp,1,2,103.83767700195312,103.93960571289062,1.7310431003570557,-0.12754295766353607,1,1
20.263109930965584,37.154,velocity_chirp,1,1,-1.703464536613561,-127.10400390625,0.04371320828795433,-0.17325367033481598,2,1
20.263109930965584,37.154,velocity_chirp,0,4,,0.0,-0.0,0.006000000052154064,0,1
20.263109930965584,37.154,velocity_chirp,0,1,,0.0,0.0,-0.008999999612569809,0,1
20.273344680957962,37.164,velocity_chirp,1,2,103.83767700195312,103.84051513671875,6.037353992462158,0.03742699325084686,1,1
20.273344680957962,37.164,velocity_chirp,1,1,-0.19989130923497495,-127.10400390625,0.04371320828795433,-0.1801343858242035,2,1
20.273344680957962,37.164,velocity_chirp,0,4,,0.0,-0.0,0.03200000151991844,0,1
20.273344680957962,37.164,velocity_chirp,0,1,,0.0,0.0,-0.008999999612569809,0,1
20.283040372945834,37.174,velocity_chirp,1,2,103.83767700195312,103.93960571289062,0.11540286988019943,0.01150241307914257,1,1
20.283040372945834,37.174,velocity_chirp,1,1,1.1271502694076532,-127.10400390625,0.04371320828795433,-0.180111363530159,2,1
20.283040372945834,37.174,velocity_chirp,0,4,,0.0,-0.0,-0.017999999225139618,0,1
20.283040372945834,37.174,velocity_chirp,0,1,,0.0,0.0,-0.008999999612569809,0,1
20.293711637961678,37.184,velocity_chirp,1,2,103.83767700195312,103.84051513671875,-1.7774027585983276,0.03208093345165253,1,1
20.293711637961678,37.184,velocity_chirp,1,1,2.6282013413078333,-127.10400390625,0.04371320828795433,-0.17999979853630066,2,1
20.293711637961678,37.184,velocity_chirp,0,4,,0.0,-0.0,0.006000000052154064,0,1
20.293711637961678,37.184,velocity_chirp,0,1,,0.0,0.0,-0.008999999612569809,0,1
20.30287871195469,37.194,velocity_chirp,1,2,103.83767700195312,103.93960571289062,8.50156307220459,-0.037630610167980194,1,1
20.30287871195469,37.194,velocity_chirp,1,1,3.8997810173344623,-127.10400390625,0.04371320828795433,-0.178351029753685,2,1
20.30287871195469,37.194,velocity_chirp,0,4,,0.0,-0.0,0.03200000151991844,0,1
20.30287871195469,37.194,velocity_chirp,0,1,,0.0,0.0,-0.008999999612569809,0,1
20.312925506965257,37.204,velocity_chirp,1,2,103.83767700195312,103.93960571289062,-7.962798118591309,0.0648379698395729,1,1
20.312925506965257,37.204,velocity_chirp,1,1,5.143768995149144,-127.10400390625,0.04371320828795433,-0.1782972812652588,2,1
20.312925506965257,37.204,velocity_chirp,0,4,,0.0,-0.0,0.054999999701976776,0,1
20.312925506965257,37.204,velocity_chirp,0,1,,0.0,0.0,0.05700000002980232,0,1
20.322841244982556,37.214,velocity_chirp,1,2,103.83767700195312,103.93960571289062,-11.50203800201416,0.11964773386716843,1,1
20.322841244982556,37.214,velocity_chirp,1,1,6.248439295644406,-127.10400390625,0.04371320828795433,-0.1687958538532257,2,1
20.322841244982556,37.214,velocity_chirp,0,4,,0.0,-0.0,0.006000000052154064,0,1
20.322841244982556,37.214,velocity_chirp,0,1,,0.0,0.0,-0.008999999612569809,0,1
20.33294766297331,37.224,velocity_chirp,1,2,103.83767700195312,103.93960571289062,12.271389961242676,0.14330437779426575,1,1
20.33294766297331,37.224,velocity_chirp,1,1,6.248439295644406,-127.10400390625,0.04371320828795433,-0.16823060810565948,2,1
20.33294766297331,37.224,velocity_chirp,0,4,,0.0,-0.0,-0.017999999225139618,0,1
20.33294766297331,37.224,velocity_chirp,0,1,,0.0,0.0,-0.008999999612569809,0,1
20.343190517975017,37.234,velocity_chirp,1,2,103.83767700195312,103.93960571289062,0.9616906046867371,0.16551658511161804,1,1
20.343190517975017,37.234,velocity_chirp,1,1,7.260780083042636,-127.10400390625,0.04371320828795433,-0.15482978522777557,2,1
20.343190517975017,37.234,velocity_chirp,0,4,,0.0,-0.0,-0.017999999225139618,0,1
20.343190517975017,37.234,velocity_chirp,0,1,,0.0,0.0,0.05700000002980232,0,1
20.353305140975863,37.244,velocity_chirp,1,2,103.83767700195312,103.93960571289062,5.4241533279418945,0.12660625576972961,1,1
20.353305140975863,37.244,velocity_chirp,1,1,8.100016131634781,-127.10400390625,0.04371320828795433,-0.15170685946941376,2,1
20.353305140975863,37.244,velocity_chirp,0,4,,0.0,-0.0,-0.017999999225139618,0,1
20.353305140975863,37.244,velocity_chirp,0,1,,0.0,0.0,-0.008999999612569809,0,1
20.362931622948963,37.254,velocity_chirp,1,2,103.83767700195312,103.93960571289062,4.80845308303833,-0.026478303596377373,1,1
20.362931622948963,37.254,velocity_chirp,1,1,8.787827985031095,-127.10400390625,0.04371320828795433,-0.14375309646129608,2,1
20.362931622948963,37.254,velocity_chirp,0,4,,0.0,-0.0,0.006000000052154064,0,1
20.362931622948963,37.254,velocity_chirp,0,1,,0.0,0.0,0.05700000002980232,0,1
20.37311794195557,37.264,velocity_chirp,1,2,103.83767700195312,103.93960571289062,1.6541078090667725,0.04923395812511444,1,1
20.37311794195557,37.264,velocity_chirp,1,1,9.413883604120937,-127.10400390625,0.04371320828795433,-0.13735553622245789,2,1
20.37311794195557,37.264,velocity_chirp,0,4,,0.0,-0.0,0.006000000052154064,0,1
20.37311794195557,37.264,velocity_chirp,0,1,,0.0,0.0,0.05700000002980232,0,1
20.383045671973377,37.274,velocity_chirp,1,2,103.83767700195312,103.93960571289062,-2.0387840270996094,0.12024092674255371,1,1
20.383045671973377,37.274,velocity_chirp,1,1,9.771944515064371,-127.10400390625,0.30599245429039,-0.12967151403427124,2,1
20.383045671973377,37.274,velocity_chirp,0,4,,0.0,-0.0,0.23800000548362732,0,1
20.383045671973377,37.274,velocity_chirp,0,1,,0.0,0.0,0.05000000074505806,0,1
20.39315448497655,37.284,velocity_chirp,1,2,103.83767700195312,103.93960571289062,-1.3463667631149292,0.16794353723526,1,1
20.39315448497655,37.284,velocity_chirp,1,1,9.984768933973175,-127.10400390625,0.04371320828795433,-0.11909320205450058,2,1
20.39315448497655,37.284,velocity_chirp,0,4,,0.0,-0.0,-0.017999999225139618,0,1
20.39315448497655,37.284,velocity_chirp,0,1,,0.0,0.0,-0.008999999612569809,0,1
20.40333538298728,37.295,velocity_chirp,1,2,103.83767700195312,103.96157836914062,-2.5773308277130127,0.2766261696815491,1,1
20.40333538298728,37.295,velocity_chirp,1,1,9.950735675552647,-127.10400390625,0.04371320828795433,-0.11691999435424805,2,1
20.40333538298728,37.295,velocity_chirp,0,4,,0.0,-0.0,-0.017999999225139618,0,1
20.40333538298728,37.295,velocity_chirp,0,1,,0.0,0.0,-0.008999999612569809,0,1
20.413307687966153,37.304,velocity_chirp,1,2,103.83767700195312,103.8603515625,0.859673261642456,0.28492245078086853,1,1
20.413307687966153,37.304,velocity_chirp,1,1,9.72985475822423,-127.08203125,0.04371320828795433,-0.10831744223833084,2,1
20.413307687966153,37.304,velocity_chirp,0,4,,0.0,-0.0,-0.017999999225139618,0,1
20.413307687966153,37.304,velocity_chirp,0,1,,0.0,0.0,-0.008999999612569809,0,1
20.42303099198034,37.314,velocity_chirp,1,2,103.83767700195312,103.93960571289062,-14.425577163696289,0.44138234853744507,1,1
20.42303099198034,37.314,velocity_chirp,1,1,9.24876120913115,-127.08203125,0.04371320828795433,-0.0904083102941513,2,1
20.42303099198034,37.314,velocity_chirp,0,4,,0.0,-0.0,0.03200000151991844,0,1
20.42303099198034,37.314,velocity_chirp,0,1,,0.0,0.0,-0.008999999612569809,0,1
20.43291578197386,37.324,velocity_chirp,1,2,103.83767700195312,103.96157836914062,5.11641263961792,0.2736273407936096,1,1
20.43291578197386,37.324,velocity_chirp,1,1,9.24876120913115,-127.08203125,0.04371320828795433,-0.08984788507223129,2,1
20.43291578197386,37.324,velocity_chirp,0,4,,0.0,-0.0,-0.017999999225139618,0,1
20.43291578197386,37.324,velocity_chirp,0,1,,0.0,0.0,-0.008999999612569809,0,1
20.443025995977223,37.334,velocity_chirp,1,2,103.83767700195312,103.96157836914062,7.347534656524658,0.23036611080169678,1,1
20.443025995977223,37.334,velocity_chirp,1,1,8.650659991861978,-127.08203125,0.04371320828795433,-0.08026431500911713,2,1
20.443025995977223,37.334,velocity_chirp,0,4,,0.0,-0.0,-0.017999999225139618,0,1
20.443025995977223,37.334,velocity_chirp,0,1,,0.0,0.0,-0.008999999612569809,0,1
20.452920704963617,37.344,velocity_chirp,1,2,103.83767700195312,103.93960571289062,7.270599365234375,0.22632049024105072,1,1
20.452920704963617,37.344,velocity_chirp,1,1,7.914972551753452,-127.08203125,0.04371320828795433,-0.07675749063491821,2,1
20.452920704963617,37.344,velocity_chirp,0,4,,0.0,-0.0,0.006000000052154064,0,1
20.452920704963617,37.344,velocity_chirp,0,1,,0.0,0.0,-0.008999999612569809,0,1
20.46276714198757,37.354,velocity_chirp,1,2,103.83767700195312,103.96157836914062,3.7313594818115234,0.26886987686157227,1,1
20.46276714198757,37.354,velocity_chirp,1,1,6.868637893802002,-127.08203125,0.04371320828795433,-0.06917860358953476,2,1
20.46276714198757,37.354,velocity_chirp,0,4,,0.0,-0.0,0.006000000052154064,0,1
20.46276714198757,37.354,velocity_chirp,0,1,,0.0,0.0,-0.008999999612569809,0,1
20.47331760794623,37.364,velocity_chirp,1,2,103.83767700195312,103.93960571289062,8.50156307220459,-0.06202270835638046,1,1
20.47331760794623,37.364,velocity_chirp,1,1,5.6549695950989785,-127.0599365234375,0.04371320828795433,-0.06338347494602203,2,1
20.47331760794623,37.364,velocity_chirp,0,4,,0.0,-0.0,0.006000000052154064,0,1
20.47331760794623,37.364,velocity_chirp,0,1,,0.0,0.0,-0.008999999612569809,0,1
20.48278385697631,37.374,velocity_chirp,1,2,103.83767700195312,103.93960571289062,0.5770143270492554,-0.14761954545974731,1,1
20.48278385697631,37.374,velocity_chirp,1,1,4.487342777323245,-127.0599365234375,0.04371320828795433,-0.06074744835495949,2,1
20.48278385697631,37.374,velocity_chirp,0,4,,0.0,-0.0,0.03200000151991844,0,1
20.48278385697631,37.374,velocity_chirp,0,1,,0.0,0.0,-0.008999999612569809,0,1
20.493473855953198,37.384,velocity_chirp,1,2,103.83767700195312,103.8603515625,0.8274487257003784,0.0336383581161499,1,1
20.493473855953198,37.384,velocity_chirp,1,1,3.0700576491110256,-127.0599365234375,0.04371320828795433,-0.05724740028381348,2,1
20.493473855953198,37.384,velocity_chirp,0,4,,0.0,-0.0,-0.017999999225139618,0,1
20.493473855953198,37.384,velocity_chirp,0,1,,0.0,0.0,-0.008999999612569809,0,1
20.503138479951303,37.394,velocity_chirp,1,2,103.83767700195312,103.93960571289062,-3.4236185550689697,0.05351869389414787,1,1
20.503138479951303,37.394,velocity_chirp,1,1,1.751707103269473,-127.0599365234375,0.04371320828795433,-0.05448559299111366,2,1
20.503138479951303,37.394,velocity_chirp,0,4,,0.0,-0.0,-0.25,0,1
20.503138479951303,37.394,velocity_chirp,0,1,,0.0,0.0,0.05700000002980232,0,1
20.513223807967734,37.404,velocity_chirp,1,2,103.83767700195312,103.91763305664062,-6.885704517364502,0.01506632287055254,1,1
20.513223807967734,37.404,velocity_chirp,1,1,0.46164251501063897,-127.0599365234375,0.04371320828795433,-0.054842058569192886,2,1
20.513223807967734,37.404,velocity_chirp,0,4,,0.0,-0.0,-0.017999999225139618,0,1
20.513223807967734,37.404,velocity_chirp,0,1,,0.0,0.0,-0.008999999612569809,0,1
20.523243902949616,37.414,velocity_chirp,1,2,103.83767700195312,103.93960571289062,-2.8850717544555664,0.0781688392162323,1,1
20.523243902949616,37.414,velocity_chirp,1,1,-1.125707444751836,-127.0599365234375,0.04371320828795433,-0.05494178459048271,2,1
20.523243902949616,37.414,velocity_chirp,0,4,,0.0,-0.0,-0.017999999225139618,0,1
20.523243902949616,37.414,velocity_chirp,0,1,,0.0,0.0,-0.008999999612569809,0,1
20.53312963398639,37.424,velocity_chirp,1,2,103.83767700195312,103.96157836914062,-5.0392584800720215,0.063487209379673,1,1
20.53312963398639,37.424,velocity_chirp,1,1,-1.125707444751836,-127.0599365234375,0.04371320828795433,-0.06041116267442703,2,1
20.53312963398639,37.424,velocity_chirp,0,4,,0.0,-0.0,0.03200000151991844,0,1
20.53312963398639,37.424,velocity_chirp,0,1,,0.0,0.0,-0.008999999612569809,0,1
20.543262561957818,37.434,velocity_chirp,1,2,103.83767700195312,103.93960571289062,-11.809779167175293,0.06327717751264572,1,1
20.543262561957818,37.434,velocity_chirp,1,1,-2.5095590063249693,-127.0599365234375,0.04371320828795433,-0.06313470751047134,2,1
20.543262561957818,37.434,velocity_chirp,0,4,,0.0,-0.0,0.054999999701976776,0,1
20.543262561957818,37.434,velocity_chirp,0,1,,0.0,0.0,-0.0020000000949949026,0,1
20.552908650948666,37.444,velocity_chirp,1,2,103.83767700195312,103.93960571289062,3.88523006439209,0.057714637368917465,1,1
20.552908650948666,37.444,velocity_chirp,1,1,-3.7614396589859345,-127.0599365234375,0.04371320828795433,-0.061976030468940735,2,1
20.552908650948666,37.444,velocity_chirp,0,4,,0.0,-0.0,0.03200000151991844,0,1
20.552908650948666,37.444,velocity_chirp,0,1,,0.0,0.0,-0.01600000075995922,0,1
20.566650811990257,37.457,velocity_chirp,1,2,103.83767700195312,103.84613037109375,5.599388122558594,0.07711545377969742,1,1
20.566650811990257,37.457,velocity_chirp,1,1,-5.1438172402989,-127.0599365234375,0.04371320828795433,-0.06332641839981079,2,1
20.566650811990257,37.457,velocity_chirp,0,4,,0.0,-0.0,0.006000000052154064,0,1
20.566650811990257,37.457,velocity_chirp,0,1,,0.0,0.0,-0.0020000000949949026,0,1
20.573261269950308,37.464,velocity_chirp,1,2,103.83767700195312,103.93960571289062,-1.8849135637283325,0.07711545377969742,1,1
20.573261269950308,37.464,velocity_chirp,1,1,-6.366395404830722,-127.0599365234375,0.04371320828795433,-0.06332641839981079,2,1
20.573261269950308,37.464,velocity_chirp,0,4,,0.0,-0.0,-0.017999999225139618,0,1
20.573261269950308,37.464,velocity_chirp,0,1,,0.0,0.0,-0.008999999612569809,0,1
20.58267444896046,37.474,velocity_chirp,1,2,103.83767700195312,103.93960571289062,-4.1929707527160645,0.2302173525094986,1,1
20.58267444896046,37.474,velocity_chirp,1,1,-7.4138889487253765,-127.0599365234375,0.04371320828795433,-0.06798018515110016,2,1
20.58267444896046,37.474,velocity_chirp,0,4,,0.0,-0.0,-0.017999999225139618,0,1
20.58267444896046,37.474,velocity_chirp,0,1,,0.0,0.0,-0.008999999612569809,0,1
20.593353286967613,37.484,velocity_chirp,1,2,103.83767700195312,103.865966796875,2.8812413215637207,0.12097106128931046,1,1
20.593353286967613,37.484,velocity_chirp,1,1,-8.352932060982136,-127.0599365234375,0.04371320828795433,-0.07367437332868576,2,1
20.593353286967613,37.484,velocity_chirp,0,4,,0.0,-0.0,0.006000000052154064,0,1
20.593353286967613,37.484,velocity_chirp,0,1,,0.0,0.0,0.05700000002980232,0,1
20.603329849953298,37.494,velocity_chirp,1,2,103.83767700195312,103.93960571289062,0.3462086021900177,0.13328401744365692,1,1
20.603329849953298,37.494,velocity_chirp,1,1,-9.020851466745604,-127.08203125,0.04371320828795433,-0.08085913211107254,2,1
20.603329849953298,37.494,velocity_chirp,0,4,,0.0,-0.0,-0.017999999225139618,0,1
20.603329849953298,37.494,velocity_chirp,0,1,,0.0,0.0,-0.008999999612569809,0,1
20.61331090098247,37.504,velocity_chirp,1,2,103.83767700195312,103.93960571289062,-5.346999645233154,0.2964394986629486,1,1
20.61331090098247,37.504,velocity_chirp,1,1,-9.516562897410534,-127.08203125,0.04371320828795433,-0.08381196111440659,2,1
20.61331090098247,37.504,velocity_chirp,0,4,,0.0,-0.0,-0.017999999225139618,0,1
20.61331090098247,37.504,velocity_chirp,0,1,,0.0,0.0,-0.0020000000949949026,0,1
20.62288170796819,37.514,velocity_chirp,1,2,103.83767700195312,103.93960571289062,-5.73167610168457,0.28903090953826904,1,1
20.62288170796819,37.514,velocity_chirp,1,1,-9.882351584495195,-127.08203125,0.04371320828795433,-0.09145618975162506,2,1
20.62288170796819,37.514,velocity_chirp,0,4,,0.0,-0.0,0.006000000052154064,0,1
20.62288170796819,37.514,velocity_chirp,0,1,,0.0,0.0,-0.008999999612569809,0,1
20.633054750971496,37.524,velocity_chirp,1,2,103.83767700195312,103.93960571289062,-4.269906044006348,0.17901965975761414,1,1
20.633054750971496,37.524,velocity_chirp,1,1,-9.882351584495195,-127.08203125,0.04371320828795433,-0.09691470861434937,2,1
20.633054750971496,37.524,velocity_chirp,0,4,,0.0,-0.0,-0.017999999225139618,0,1
20.633054750971496,37.524,velocity_chirp,0,1,,0.0,0.0,0.05700000002980232,0,1
20.64245782099897,37.534,velocity_chirp,1,2,103.83767700195312,103.93960571289062,-4.731517791748047,0.07630397379398346,1,1
20.64245782099897,37.534,velocity_chirp,1,1,-9.999381572049641,-127.08203125,0.04371320828795433,-0.1057836264371872,2,1
20.64245782099897,37.534,velocity_chirp,0,4,,0.0,-0.0,-0.017999999225139618,0,1
20.64245782099897,37.534,velocity_chirp,0,1,,0.0,0.0,-0.008999999612569809,0,1
20.65337662299862,37.544,velocity_chirp,1,2,103.83767700195312,103.93960571289062,6.347376346588135,0.024017522111535072,1,1
20.65337662299862,37.544,velocity_chirp,1,1,-9.901936160812374,-127.08203125,0.04371320828795433,-0.11636527627706528,2,1
20.65337662299862,37.544,velocity_chirp,0,4,,0.0,-0.0,-0.017999999225139618,0,1
20.65337662299862,37.544,velocity_chirp,0,1,,0.0,0.0,-0.008999999612569809,0,1
20.662476309982594,37.554,velocity_chirp,1,2,103.83767700195312,103.93960571289062,6.193505764007568,-0.1961802989244461,1,1
20.662476309982594,37.554,velocity_chirp,1,1,-9.590809863448168,-127.08203125,0.04371320828795433,-0.12238607555627823,2,1
20.662476309982594,37.554,velocity_chirp,0,4,,0.0,-0.0,0.006000000052154064,0,1
20.662476309982594,37.554,velocity_chirp,0,1,,0.0,0.0,-0.008999999612569809,0,1
20.673200934950728,37.564,velocity_chirp,1,2,103.83767700195312,103.93960571289062,-0.730884850025177,0.09847439080476761,1,1
20.673200934950728,37.564,velocity_chirp,1,1,-9.074840971929865,-127.08203125,0.04371320828795433,-0.13625487685203552,2,1
20.673200934950728,37.564,velocity_chirp,0,4,,0.0,-0.0,-0.017999999225139618,0,1
20.673200934950728,37.564,velocity_chirp,0,1,,0.0,0.0,0.05700000002980232,0,1
20.682753767992835,37.574,velocity_chirp,1,2,103.83767700195312,103.93960571289062,-2.808136463165283,-0.08234860748052597,1,1
20.682753767992835,37.574,velocity_chirp,1,1,-8.39315664732117,-127.10400390625,0.04371320828795433,-0.1402837187051773,2,1
20.682753767992835,37.574,velocity_chirp,0,4,,0.0,-0.0,0.03200000151991844,0,1
20.682753767992835,37.574,velocity_chirp,0,1,,0.0,0.0,-0.008999999612569809,0,1
20.693903665000107,37.584,velocity_chirp,1,2,103.83767700195312,103.851806640625,-6.879766941070557,0.0028885244391858578,1,1
20.693903665000107,37.584,velocity_chirp,1,1,-7.444072449947923,-127.10400390625,0.04371320828795433,-0.15807802975177765,2,1
20.693903665000107,37.584,velocity_chirp,0,4,,0.0,-0.0,-0.017999999225139618,0,1
20.693903665000107,37.584,velocity_chirp,0,1,,0.0,0.0,-0.0020000000949949026,0,1
20.70248462294694,37.594,velocity_chirp,1,2,103.83767700195312,103.93960571289062,1.8849135637283325,0.12620751559734344,1,1
20.70248462294694,37.594,velocity_chirp,1,1,-6.404026838507264,-127.10400390625,0.04371320828795433,-0.17302633821964264,2,1
20.70248462294694,37.594,velocity_chirp,0,4,,0.0,-0.0,-0.04100000113248825,0,1
20.70248462294694,37.594,velocity_chirp,0,1,,0.0,0.0,-0.0020000000949949026,0,1
20.713056308974046,37.604,velocity_chirp,1,2,103.83767700195312,103.93960571289062,-2.26958966255188,0.014785698615014553,1,1
20.713056308974046,37.604,velocity_chirp,1,1,-5.248151393251473,-127.10400390625,0.04371320828795433,-0.17667216062545776,2,1
20.713056308974046,37.604,velocity_chirp,0,4,,0.0,-0.0,0.006000000052154064,0,1
20.713056308974046,37.604,velocity_chirp,0,1,,0.0,0.0,-0.008999999612569809,0,1
20.72305144695565,37.614,velocity_chirp,1,2,103.83767700195312,103.93960571289062,3.500553607940674,0.21869225800037384,1,1
20.72305144695565,37.614,velocity_chirp,1,1,-3.9505286783635345,-127.10400390625,0.04371320828795433,-0.18701590597629547,2,1
20.72305144695565,37.614,velocity_chirp,0,4,,0.0,-0.0,0.006000000052154064,0,1
20.72305144695565,37.614,velocity_chirp,0,1,,0.0,0.0,-0.008999999612569809,0,1
20.73314908798784,37.624,velocity_chirp,1,2,103.83767700195312,103.93960571289062,-4.346841335296631,0.006592845544219017,1,1
20.73314908798784,37.624,velocity_chirp,1,1,-3.9505286783635345,-127.10400390625,0.04371320828795433,-0.18986061215400696,2,1
20.73314908798784,37.624,velocity_chirp,0,4,,0.0,-0.0,0.006000000052154064,0,1
20.73314908798784,37.624,velocity_chirp,0,1,,0.0,0.0,-0.008999999612569809,0,1
20.74267455894733,37.634,velocity_chirp,1,2,103.83767700195312,103.93960571289062,-5.0392584800720215,0.2269272655248642,1,1
20.74267455894733,37.634,velocity_chirp,1,1,-2.587119646568692,-127.10400390625,-0.5682716965675354,-0.1962134838104248,2,1
20.74267455894733,37.634,velocity_chirp,0,4,,0.0,-0.0,0.006000000052154064,0,1
20.74267455894733,37.634,velocity_chirp,0,1,,0.0,0.0,-0.008999999612569809,0,1
20.753417398955207,37.644,velocity_chirp,1,2,103.83767700195312,103.91763305664062,-4.346841335296631,-0.018866853788495064,1,1
20.753417398955207,37.644,velocity_chirp,1,1,-1.0441746053977627,-127.10400390625,0.04371320828795433,-0.20169642567634583,2,1
20.753417398955207,37.644,velocity_chirp,0,4,,0.0,-0.0,0.03200000151991844,0,1
20.753417398955207,37.644,velocity_chirp,0,1,,0.0,0.0,-0.07699999958276749,0,1
20.76250001398148,37.654,velocity_chirp,1,2,103.83767700195312,103.93960571289062,-6.577963352203369,-0.15439584851264954,1,1
20.76250001398148,37.654,velocity_chirp,1,1,0.3849704319040054,-127.10400390625,0.04371320828795433,-0.19738177955150604,2,1
20.76250001398148,37.654,velocity_chirp,0,4,,0.0,-0.0,-0.017999999225139618,0,1
20.76250001398148,37.654,velocity_chirp,0,1,,0.0,0.0,-0.01600000075995922,0,1
20.773222403950058,37.664,velocity_chirp,1,2,103.83767700195312,103.91763305664062,-6.116352081298828,-0.07542840391397476,1,1
20.773222403950058,37.664,velocity_chirp,1,1,1.8549715638053446,-127.10400390625,0.04371320828795433,-0.20129600167274475,2,1
20.773222403950058,37.664,velocity_chirp,0,4,,0.0,-0.0,0.006000000052154064,0,1
20.773222403950058,37.664,velocity_chirp,0,1,,0.0,0.0,-0.008999999612569809,0,1
20.782681770971976,37.674,velocity_chirp,1,2,103.83767700195312,103.93960571289062,5.270282745361328,0.04080295190215111,1,1
20.782681770971976,37.674,velocity_chirp,1,1,3.2119118558801207,-127.10400390625,0.04371320828795433,-0.1958765983581543,2,1
20.782681770971976,37.674,velocity_chirp,0,4,,0.0,-0.0,-0.017999999225139618,0,1
20.782681770971976,37.674,velocity_chirp,0,1,,0.0,0.0,-0.008999999612569809,0,1
20.79350934998365,37.684,velocity_chirp,1,2,103.83767700195312,103.8603515625,-4.087380886077881,-0.034435346722602844,1,1
20.79350934998365,37.684,velocity_chirp,1,1,4.667256897755677,-127.10400390625,0.04371320828795433,-0.1958453357219696,2,1
20.79350934998365,37.684,velocity_chirp,0,4,,0.0,-0.0,-0.017999999225139618,0,1
20.79350934998365,37.684,velocity_chirp,0,1,,0.0,0.0,-0.008999999612569809,0,1
20.8031779609737,37.694,velocity_chirp,1,2,103.83767700195312,103.93960571289062,-0.11540286988019943,0.06421331316232681,1,1
20.8031779609737,37.694,velocity_chirp,1,1,5.886357476477619,-127.10400390625,0.04371320828795433,-0.19061699509620667,2,1
20.8031779609737,37.694,velocity_chirp,0,4,,0.0,-0.0,-0.017999999225139618,0,1
20.8031779609737,37.694,velocity_chirp,0,1,,0.0,0.0,-0.008999999612569809,0,1
20.81301685399376,37.704,velocity_chirp,1,2,103.83767700195312,103.93960571289062,-3.962165117263794,0.08347522467374802,1,1
20.81301685399376,37.704,velocity_chirp,1,1,7.088655541492487,-127.10400390625,0.04371320828795433,-0.18541225790977478,2,1
20.81301685399376,37.704,velocity_chirp,0,4,,0.0,-0.0,0.006000000052154064,0,1
20.81301685399376,37.704,velocity_chirp,0,1,,0.0,0.0,-0.01600000075995922,0,1
20.822538186970633,37.714,velocity_chirp,1,2,103.83767700195312,103.93960571289062,-2.26958966255188,0.11417358368635178,1,1
20.822538186970633,37.714,velocity_chirp,1,1,7.088655541492487,-127.10400390625,0.04371320828795433,-0.17424869537353516,2,1
20.822538186970633,37.714,velocity_chirp,0,4,,0.0,-0.0,0.006000000052154064,0,1
20.822538186970633,37.714,velocity_chirp,0,1,,0.0,0.0,0.05700000002980232,0,1
20.833228035946377,37.724,velocity_chirp,1,2,103.83767700195312,103.91763305664062,2.26958966255188,0.004189959727227688,1,1
20.833228035946377,37.724,velocity_chirp,1,1,8.001691425291344,-127.10400390625,0.04371320828795433,-0.16709604859352112,2,1
20.833228035946377,37.724,velocity_chirp,0,4,,0.0,-0.0,-0.017999999225139618,0,1
20.833228035946377,37.724,velocity_chirp,0,1,,0.0,0.0,-0.008999999612569809,0,1
20.84277652099263,37.734,velocity_chirp,1,2,103.83767700195312,103.93960571289062,7.347534656524658,0.04385141655802727,1,1
20.84277652099263,37.734,velocity_chirp,1,1,8.773527296000097,-127.10400390625,2.4916529655456543,-0.15616992115974426,2,1
20.84277652099263,37.734,velocity_chirp,0,4,,0.0,-0.0,0.006000000052154064,0,1
20.84277652099263,37.734,velocity_chirp,0,1,,0.0,0.0,-0.0020000000949949026,0,1
20.85330028599128,37.744,velocity_chirp,1,2,103.83767700195312,103.93960571289062,-1.4233020544052124,-0.13039442896842957,1,1
20.85330028599128,37.744,velocity_chirp,1,1,9.420430027008067,-127.10400390625,0.04371320828795433,-0.14674614369869232,2,1
20.85330028599128,37.744,velocity_chirp,0,4,,0.0,-0.0,-0.017999999225139618,0,1
20.85330028599128,37.744,velocity_chirp,0,1,,0.0,0.0,-0.008999999612569809,0,1
20.862564714974724,37.754,velocity_chirp,1,2,103.83767700195312,103.96157836914062,2.9620070457458496,-0.06578119099140167,1,1
20.862564714974724,37.754,velocity_chirp,1,1,9.799204033395378,-127.10400390625,0.04371320828795433,-0.1397978663444519,2,1
20.862564714974724,37.754,velocity_chirp,0,4,,0.0,-0.0,-0.017999999225139618,0,1
20.862564714974724,37.754,velocity_chirp,0,1,,0.0,0.0,-0.008999999612569809,0,1
20.87322365597356,37.764,velocity_chirp,1,2,103.83767700195312,103.96157836914062,-2.8850717544555664,0.24678699672222137,1,1
20.87322365597356,37.764,velocity_chirp,1,1,9.988213350281422,-127.10400390625,0.04371320828795433,-0.13239571452140808,2,1
20.87322365597356,37.764,velocity_chirp,0,4,,0.0,-0.0,-0.04100000113248825,0,1
20.87322365597356,37.764,velocity_chirp,0,1,,0.0,0.0,-0.008999999612569809,0,1
20.88269502395997,37.774,velocity_chirp,1,2,103.83767700195312,103.93960571289062,5.347218036651611,0.09612490236759186,1,1
20.88269502395997,37.774,velocity_chirp,1,1,9.952307608228878,-127.10400390625,0.04371320828795433,-0.12800411880016327,2,1
20.88269502395997,37.774,velocity_chirp,0,4,,0.0,-0.0,0.03200000151991844,0,1
20.88269502395997,37.774,velocity_chirp,0,1,,0.0,0.0,0.24699999392032623,0,1
20.89377882698318,37.784,velocity_chirp,1,2,103.83767700195312,103.86880493164062,-1.6954666376113892,-0.03982970118522644,1,1
20.89377882698318,37.784,velocity_chirp,1,1,9.674005630258018,-127.10400390625,0.04371320828795433,-0.11252181231975555,2,1
20.89377882698318,37.784,velocity_chirp,0,4,,0.0,-0.0,0.03200000151991844,0,1
20.89377882698318,37.784,velocity_chirp,0,1,,0.0,0.0,0.05700000002980232,0,1
20.90263132797554,37.794,velocity_chirp,1,2,103.83767700195312,103.93960571289062,0.8078200817108154,0.04979701712727547,1,1
20.90263132797554,37.794,velocity_chirp,1,1,9.189716436820763,-127.08203125,0.04371320828795433,-0.09860703349113464,2,1
20.90263132797554,37.794,velocity_chirp,0,4,,0.0,-0.0,-0.017999999225139618,0,1
20.90263132797554,37.794,velocity_chirp,0,1,,0.0,0.0,-0.008999999612569809,0,1
20.913324302993715,37.804,velocity_chirp,1,2,103.83767700195312,103.93960571289062,-0.730884850025177,-0.02771514281630516,1,1
20.913324302993715,37.804,velocity_chirp,1,1,8.53825118943345,-127.08203125,0.04371320828795433,-0.09006359428167343,2,1
20.913324302993715,37.804,velocity_chirp,0,4,,0.0,-0.0,0.006000000052154064,0,1
20.913324302993715,37.804,velocity_chirp,0,1,,0.0,0.0,-0.008999999612569809,0,1
20.92279676394537,37.814,velocity_chirp,1,2,103.83767700195312,103.96157836914062,2.346524953842163,0.1014275997877121,1,1
20.92279676394537,37.814,velocity_chirp,1,1,7.683974486083002,-127.08203125,0.04371320828795433,-0.08352802693843842,2,1
20.92279676394537,37.814,velocity_chirp,0,4,,0.0,-0.0,0.006000000052154064,0,1
20.92279676394537,37.814,velocity_chirp,0,1,,0.0,0.0,-0.008999999612569809,0,1
20.93305731297005,37.824,velocity_chirp,1,2,103.83767700195312,103.93960571289062,-3.3466832637786865,0.07607849687337875,1,1
20.93305731297005,37.824,velocity_chirp,1,1,7.683974486083002,-127.08203125,0.04371320828795433,-0.07742373645305634,2,1
20.93305731297005,37.824,velocity_chirp,0,4,,0.0,-0.0,-0.017999999225139618,0,1
20.93305731297005,37.824,velocity_chirp,0,1,,0.0,0.0,-0.07699999958276749,0,1
20.94252094696276,37.834,velocity_chirp,1,2,103.83767700195312,103.93960571289062,1.6541078090667725,0.08037643134593964,1,1
20.94252094696276,37.834,velocity_chirp,1,1,6.670609978434657,-127.08203125,0.04371320828795433,-0.07018603384494781,2,1
20.94252094696276,37.834,velocity_chirp,0,4,,0.0,-0.0,-0.017999999225139618,0,1
20.94252094696276,37.834,velocity_chirp,0,1,,0.0,0.0,-0.008999999612569809,0,1
20.95311831199797,37.844,velocity_chirp,1,2,103.83767700195312,103.93960571289062,-10.34800910949707,0.004526520613580942,1,1
20.95311831199797,37.844,velocity_chirp,1,1,5.428185271625942,-127.08203125,0.04371320828795433,-0.06099945679306984,2,1
20.95311831199797,37.844,velocity_chirp,0,4,,0.0,-0.0,-0.017999999225139618,0,1
20.95311831199797,37.844,velocity_chirp,0,1,,0.0,0.0,0.05700000002980232,0,1
20.96285888896091,37.854,velocity_chirp,1,2,103.83767700195312,103.93960571289062,2.4234602451324463,0.03266814723610878,1,1
20.96285888896091,37.854,velocity_chirp,1,1,4.152548907563239,-127.08203125,0.04371320828795433,-0.057117097079753876,2,1
20.96285888896091,37.854,velocity_chirp,0,4,,0.0,-0.0,0.006000000052154064,0,1
20.96285888896091,37.854,velocity_chirp,0,1,,0.0,0.0,-0.07699999958276749,0,1
20.973396600980777,37.864,velocity_chirp,1,2,103.83767700195312,103.93960571289062,7.039793491363525,0.05305270478129387,1,1
20.973396600980777,37.864,velocity_chirp,1,1,2.6193907486243124,-127.0599365234375,0.04371320828795433,-0.056821104139089584,2,1
20.973396600980777,37.864,velocity_chirp,0,4,,0.0,-0.0,-0.017999999225139618,0,1
20.973396600980777,37.864,velocity_chirp,0,1,,0.0,0.0,-0.008999999612569809,0,1
20.982603650947567,37.874,velocity_chirp,1,2,103.83767700195312,103.93960571289062,-1.5002373456954956,-0.09605510532855988,1,1
20.982603650947567,37.874,velocity_chirp,1,1,1.2192579709728906,-127.0599365234375,0.04371320828795433,-0.06032685562968254,2,1
20.982603650947567,37.874,velocity_chirp,0,4,,0.0,-0.0,-0.017999999225139618,0,1
20.982603650947567,37.874,velocity_chirp,0,1,,0.0,0.0,-0.008999999612569809,0,1
20.99365964095341,37.884,velocity_chirp,1,2,103.83767700195312,103.85467529296875,-1.2200855016708374,0.2079320251941681,1,1
20.99365964095341,37.884,velocity_chirp,1,1,-0.29084206612773467,-127.0599365234375,0.04371320828795433,-0.054852794855833054,2,1
20.99365964095341,37.884,velocity_chirp,0,4,,0.0,-0.0,-0.017999999225139618,0,1
20.99365964095341,37.884,velocity_chirp,0,1,,0.0,0.0,-0.008999999612569809,0,1
21.003153922967613,37.894,velocity_chirp,1,2,103.83767700195312,103.93960571289062,-9.270697593688965,0.2403012216091156,1,1
21.003153922967613,37.894,velocity_chirp,1,1,-1.7657092971359125,-127.0599365234375,0.04371320828795433,-0.05724078044295311,2,1
21.003153922967613,37.894,velocity_chirp,0,4,,0.0,-0.0,0.006000000052154064,0,1
21.003153922967613,37.894,velocity_chirp,0,1,,0.0,0.0,-0.008999999612569809,0,1
21.0131049779593,37.904,velocity_chirp,1,2,103.83767700195312,103.96157836914062,2.5773308277130127,0.18448905646800995,1,1
21.0131049779593,37.904,velocity_chirp,1,1,-3.3009436912180186,-127.0599365234375,0.04371320828795433,-0.05585290864109993,2,1
21.0131049779593,37.904,velocity_chirp,0,4,,0.0,-0.0,0.03200000151991844,0,1
21.0131049779593,37.904,velocity_chirp,0,1,,0.0,0.0,-0.0020000000949949026,0,1
21.022803505999036,37.914,velocity_chirp,1,2,103.83767700195312,103.96157836914062,3.4236185550689697,0.10296321660280228,1,1
21.022803505999036,37.914,velocity_chirp,1,1,-4.574716618168424,-127.0599365234375,0.04371320828795433,-0.056481871753931046,2,1
21.022803505999036,37.914,velocity_chirp,0,4,,0.0,-0.0,0.006000000052154064,0,1
21.022803505999036,37.914,velocity_chirp,0,1,,0.0,0.0,-0.008999999612569809,0,1
21.033310819999315,37.924,velocity_chirp,1,2,103.83767700195312,103.93960571289062,-5.73167610168457,0.0942215621471405,1,1
21.033310819999315,37.924,velocity_chirp,1,1,-4.574716618168424,-127.0599365234375,0.04371320828795433,-0.056877292692661285,2,1
21.033310819999315,37.924,velocity_chirp,0,4,,0.0,-0.0,0.03200000151991844,0,1
21.033310819999315,37.924,velocity_chirp,0,1,,0.0,0.0,0.05700000002980232,0,1
21.042670237948187,37.934,velocity_chirp,1,2,103.83767700195312,103.93960571289062,0.19233810901641846,0.1014881357550621,1,1
21.042670237948187,37.934,velocity_chirp,1,1,-5.879399233017955,-127.0599365234375,0.04371320828795433,-0.06259496510028839,2,1
21.042670237948187,37.934,velocity_chirp,0,4,,0.0,-0.0,0.03200000151991844,0,1
21.042670237948187,37.934,velocity_chirp,0,1,,0.0,0.0,-0.008999999612569809,0,1
21.053208500961773,37.944,velocity_chirp,1,2,103.83767700195312,103.96157836914062,-2.1157193183898926,0.1611165702342987,1,1
21.053208500961773,37.944,velocity_chirp,1,1,-7.0755379820377575,-127.0599365234375,0.04371320828795433,-0.06908141076564789,2,1
21.053208500961773,37.944,velocity_chirp,0,4,,0.0,-0.0,-0.017999999225139618,0,1
21.053208500961773,37.944,velocity_chirp,0,1,,0.0,0.0,-0.008999999612569809,0,1
21.062539013975766,37.954,velocity_chirp,1,2,103.83767700195312,103.91763305664062,-14.50251293182373,0.2303638756275177,1,1
21.062539013975766,37.954,velocity_chirp,1,1,-8.016964713000693,-127.08203125,-2.404226541519165,-0.07097560912370682,2,1
21.062539013975766,37.954,velocity_chirp,0,4,,0.0,-0.0,-0.017999999225139618,0,1
21.062539013975766,37.954,velocity_chirp,0,1,,0.0,0.0,0.05000000074505806,0,1
21.073177686950658,37.964,velocity_chirp,1,2,103.83767700195312,103.93960571289062,-8.962956428527832,0.05881894379854202,1,1
21.073177686950658,37.964,velocity_chirp,1,1,-8.856163912023069,-127.08203125,0.04371320828795433,-0.077318474650383,2,1
21.073177686950658,37.964,velocity_chirp,0,4,,0.0,-0.0,0.006000000052154064,0,1
21.073177686950658,37.964,velocity_chirp,0,1,,0.0,0.0,-0.008999999612569809,0,1
21.082654395955615,37.974,velocity_chirp,1,2,103.83767700195312,103.93960571289062,1.3463667631149292,0.4009316861629486,1,1
21.082654395955615,37.974,velocity_chirp,1,1,-9.43165021846646,-127.08203125,0.04371320828795433,-0.07956608384847641,2,1
21.082654395955615,37.974,velocity_chirp,0,4,,0.0,-0.0,-0.017999999225139618,0,1
21.082654395955615,37.974,velocity_chirp,0,1,,0.0,0.0,-0.008999999612569809,0,1
21.093192097963765,37.984,velocity_chirp,1,2,103.83767700195312,103.87164306640625,5.968388080596924,0.04083937406539917,1,1
21.093192097963765,37.984,velocity_chirp,1,1,-9.84222510766688,-127.08203125,0.04371320828795433,-0.08869646489620209,2,1
21.093192097963765,37.984,velocity_chirp,0,4,,0.0,-0.0,0.006000000052154064,0,1
21.093192097963765,37.984,velocity_chirp,0,1,,0.0,0.0,-0.008999999612569809,0,1
21.10377594694728,37.994,velocity_chirp,1,2,103.83767700195312,103.93960571289062,3.500553607940674,-0.11147578060626984,1,1
21.10377594694728,37.994,velocity_chirp,1,1,-9.993466546903086,-127.08203125,0.04371320828795433,-0.10515131801366806,2,1
21.10377594694728,37.994,velocity_chirp,0,4,,0.0,-0.0,0.006000000052154064,0,1
21.10377594694728,37.994,velocity_chirp,0,1,,0.0,0.0,-0.01600000075995922,0,1
21.112883538997266,38.004,velocity_chirp,1,2,103.83767700195312,103.84613037109375,-3.651719808578491,0.09721039980649948,1,1
21.112883538997266,38.004,velocity_chirp,1,1,-9.93704742020225,-127.08203125,0.04371320828795433,-0.11379428207874298,2,1
21.112883538997266,38.004,velocity_chirp,0,4,,0.0,-0.0,-0.017999999225139618,0,1
21.112883538997266,38.004,velocity_chirp,0,1,,0.0,0.0,-0.0020000000949949026,0,1
21.12279127194779,38.014,velocity_chirp,1,2,103.83767700195312,103.93960571289062,3.115877389907837,0.1326398253440857,1,1
21.12279127194779,38.014,velocity_chirp,1,1,-9.637498882351107,-127.10400390625,0.04371320828795433,-0.13119561970233917,2,1
21.12279127194779,38.014,velocity_chirp,0,4,,0.0,-0.0,-0.017999999225139618,0,1
21.12279127194779,38.014,velocity_chirp,0,1,,0.0,0.0,-0.008999999612569809,0,1
21.13331957597984,38.024,velocity_chirp,1,2,103.83767700195312,103.93960571289062,0.6539496183395386,0.06800615787506104,1,1
21.13331957597984,38.024,velocity_chirp,1,1,-9.637498882351107,-127.10400390625,0.04371320828795433,-0.14257515966892242,2,1
21.13331957597984,38.024,velocity_chirp,0,4,,0.0,-0.0,-0.017999999225139618,0,1
21.13331957597984,38.024,velocity_chirp,0,1,,0.0,0.0,-0.008999999612569809,0,1
21.142718338000122,38.034,velocity_chirp,1,2,103.83767700195312,103.91763305664062,6.885922908782959,-0.18676280975341797,1,1
21.142718338000122,38.034,velocity_chirp,1,1,-9.110211083460456,-127.10400390625,-2.404226541519165,-0.15185116231441498,2,1
21.142718338000122,38.034,velocity_chirp,0,4,,0.0,-0.0,-0.017999999225139618,0,1
21.142718338000122,38.034,velocity_chirp,0,1,,0.0,0.0,-0.008999999612569809,0,1
21.15321113495156,38.044,velocity_chirp,1,2,103.83767700195312,103.93960571289062,-11.50203800201416,0.08789487183094025,1,1
21.15321113495156,38.044,velocity_chirp,1,1,-8.343808625882335,-127.10400390625,0.04371320828795433,-0.1608317643404007,2,1
21.15321113495156,38.044,velocity_chirp,0,4,,0.0,-0.0,-0.017999999225139618,0,1
21.15321113495156,38.044,velocity_chirp,0,1,,0.0,0.0,-0.008999999612569809,0,1
21.1625108999433,38.054,velocity_chirp,1,2,103.83767700195312,103.93960571289062,9.732527732849121,-0.1459062695503235,1,1
21.1625108999433,38.054,velocity_chirp,1,1,-7.456482615781682,-127.10400390625,0.04371320828795433,-0.164565771818161,2,1
21.1625108999433,38.054,velocity_chirp,0,4,,0.0,-0.0,0.006000000052154064,0,1
21.1625108999433,38.054,velocity_chirp,0,1,,0.0,0.0,-0.008999999612569809,0,1
21.17321150895441,38.064,velocity_chirp,1,2,103.83767700195312,103.93960571289062,5.654959201812744,0.040678806602954865,1,1
21.17321150895441,38.064,velocity_chirp,1,1,-6.298988924964023,-127.10400390625,0.04371320828795433,-0.17499566078186035,2,1
21.17321150895441,38.064,velocity_chirp,0,4,,0.0,-0.0,0.03200000151991844,0,1
21.17321150895441,38.064,velocity_chirp,0,1,,0.0,0.0,0.05700000002980232,0,1
21.182638173981104,38.074,velocity_chirp,1,2,103.83767700195312,103.93960571289062,5.039477348327637,-0.12101534008979797,1,1
21.182638173981104,38.074,velocity_chirp,1,1,-5.113721496610729,-127.10400390625,0.04371320828795433,-0.1785629689693451,2,1
21.182638173981104,38.074,velocity_chirp,0,4,,0.0,-0.0,0.006000000052154064,0,1
21.182638173981104,38.074,velocity_chirp,0,1,,0.0,0.0,-0.008999999612569809,0,1
21.193434092972893,38.084,velocity_chirp,1,2,103.83767700195312,103.84896850585938,-7.688944339752197,-0.0722242221236229,1,1
21.193434092972893,38.084,velocity_chirp,1,1,-3.6811589928248063,-127.10400390625,-4.852166175842285,-0.18843430280685425,2,1
21.193434092972893,38.084,velocity_chirp,0,4,,0.0,-0.0,-0.017999999225139618,0,1
21.193434092972893,38.084,velocity_chirp,0,1,,0.0,0.0,0.06400000303983688,0,1
21.20354513998609,38.094,velocity_chirp,1,2,103.83767700195312,103.93960571289062,-0.03846762329339981,-0.010034143924713135,1,1
21.20354513998609,38.094,velocity_chirp,1,1,-2.270765360064331,-127.10400390625,0.04371320828795433,-0.20022907853126526,2,1
21.20354513998609,38.094,velocity_chirp,0,4,,0.0,-0.0,-0.017999999225139618,0,1
21.20354513998609,38.094,velocity_chirp,0,1,,0.0,0.0,-0.0020000000949949026,0,1
21.213248646992724,38.104,velocity_chirp,1,2,103.83767700195312,103.96157836914062,2.26958966255188,0.10318740457296371,1,1
21.213248646992724,38.104,velocity_chirp,1,1,-0.8386841439052208,-127.10400390625,0.04371320828795433,-0.20271998643875122,2,1
21.213248646992724,38.104,velocity_chirp,0,4,,0.0,-0.0,0.03200000151991844,0,1
21.213248646992724,38.104,velocity_chirp,0,1,,0.0,0.0,-0.008999999612569809,0,1
21.222775660979096,38.114,velocity_chirp,1,2,103.83767700195312,103.93960571289062,-8.578280448913574,0.07293008267879486,1,1
21.222775660979096,38.114,velocity_chirp,1,1,0.795406891696115,-127.10400390625,0.04371320828795433,-0.20160864293575287,2,1
21.222775660979096,38.114,velocity_chirp,0,4,,0.0,-0.0,-0.017999999225139618,0,1
21.222775660979096,38.114,velocity_chirp,0,1,,0.0,0.0,-0.008999999612569809,0,1
21.23316594498465,38.124,velocity_chirp,1,2,103.83767700195312,103.93960571289062,-6.962639808654785,0.08499030023813248,1,1
21.23316594498465,38.124,velocity_chirp,1,1,0.795406891696115,-127.10400390625,0.04371320828795433,-0.20117400586605072,2,1
21.23316594498465,38.124,velocity_chirp,0,4,,0.0,-0.0,0.03200000151991844,0,1
21.23316594498465,38.124,velocity_chirp,0,1,,0.0,0.0,-0.008999999612569809,0,1
21.24250873096753,38.134,velocity_chirp,1,2,103.83767700195312,103.9835205078125,3.7313594818115234,0.07132287323474884,1,1
21.24250873096753,38.134,velocity_chirp,1,1,2.2906728792819147,-127.10400390625,0.04371320828795433,-0.20243187248706818,2,1
21.24250873096753,38.134,velocity_chirp,0,4,,0.0,-0.0,-0.017999999225139618,0,1
21.24250873096753,38.134,velocity_chirp,0,1,,0.0,0.0,-0.008999999612569809,0,1
21.25317153899232,38.144,velocity_chirp,1,2,103.83767700195312,103.96157836914062,-2.5773308277130127,0.25462251901626587,1,1
21.25317153899232,38.144,velocity_chirp,1,1,3.814801968900249,-127.10400390625,0.04371320828795433,-0.20040081441402435,2,1
21.25317153899232,38.144,velocity_chirp,0,4,,0.0,-0.0,0.006000000052154064,0,1
21.25317153899232,38.144,velocity_chirp,0,1,,0.0,0.0,-0.008999999612569809,0,1
21.26310103299329,38.154,velocity_chirp,1,2,103.83767700195312,103.96157836914062,-6.7318339347839355,0.1570553034543991,1,1
21.26310103299329,38.154,velocity_chirp,1,1,5.146402871919986,-127.10400390625,0.04371320828795433,-0.1941281408071518,2,1
21.26310103299329,38.154,velocity_chirp,0,4,,0.0,-0.0,-0.017999999225139618,0,1
21.26310103299329,38.154,velocity_chirp,0,1,,0.0,0.0,-0.008999999612569809,0,1
21.273245241958648,38.164,velocity_chirp,1,2,103.83767700195312,103.86880493164062,7.17908239364624,0.06663703918457031,1,1
21.273245241958648,38.164,velocity_chirp,1,1,6.502062415644049,-127.10400390625,0.04371320828795433,-0.18953317403793335,2,1
21.273245241958648,38.164,velocity_chirp,0,4,,0.0,-0.0,-0.017999999225139618,0,1
21.273245241958648,38.164,velocity_chirp,0,1,,0.0,0.0,-0.008999999612569809,0,1
21.28271329496056,38.174,velocity_chirp,1,2,103.83767700195312,103.93960571289062,-6.2702226638793945,0.050786275416612625,1,1
21.28271329496056,38.174,velocity_chirp,1,1,7.51313696436823,-127.10400390625,0.04371320828795433,-0.19234374165534973,2,1
21.28271329496056,38.174,velocity_chirp,0,4,,0.0,-0.0,0.006000000052154064,0,1
21.28271329496056,38.174,velocity_chirp,0,1,,0.0,0.0,-0.008999999612569809,0,1
21.29351822094759,38.184,velocity_chirp,1,2,103.83767700195312,103.84329223632812,-2.0782034397125244,0.12035006284713745,1,1
21.29351822094759,38.184,velocity_chirp,1,1,8.480875151728693,-127.10400390625,0.04371320828795433,-0.17729869484901428,2,1
21.29351822094759,38.184,velocity_chirp,0,4,,0.0,-0.0,0.054999999701976776,0,1
21.29351822094759,38.184,velocity_chirp,0,1,,0.0,0.0,-0.008999999612569809,0,1
21.302620633970946,38.194,velocity_chirp,1,2,103.83767700195312,103.96157836914062,13.425418853759766,-0.01394885964691639,1,1
21.302620633970946,38.194,velocity_chirp,1,1,9.189135442492837,-127.10400390625,0.04371320828795433,-0.16132986545562744,2,1
21.302620633970946,38.194,velocity_chirp,0,4,,0.0,-0.0,-0.017999999225139618,0,1
21.302620633970946,38.194,velocity_chirp,0,1,,0.0,0.0,-0.008999999612569809,0,1
21.313067914976273,38.204,velocity_chirp,1,2,103.83767700195312,103.96157836914062,-1.8849135637283325,0.037211574614048004,1,1
21.313067914976273,38.204,velocity_chirp,1,1,9.68632989995881,-127.10400390625,0.04371320828795433,-0.15074960887432098,2,1
21.313067914976273,38.204,velocity_chirp,0,4,,0.0,-0.0,0.006000000052154064,0,1
21.313067914976273,38.204,velocity_chirp,0,1,,0.0,0.0,-0.01600000075995922,0,1
21.323036171961576,38.214,velocity_chirp,1,2,103.83767700195312,103.96157836914062,-3.6544241905212402,0.0793197900056839,1,1
21.323036171961576,38.214,velocity_chirp,1,1,9.948923141019645,-127.10400390625,0.04371320828795433,-0.1389380544424057,2,1
21.323036171961576,38.214,velocity_chirp,0,4,,0.0,-0.0,-0.017999999225139618,0,1
21.323036171961576,38.214,velocity_chirp,0,1,,0.0,0.0,-0.008999999612569809,0,1
21.33303124899976,38.224,velocity_chirp,1,2,103.83767700195312,103.93960571289062,1.3463667631149292,-0.0894317552447319,1,1
21.33303124899976,38.224,velocity_chirp,1,1,9.948923141019645,-127.10400390625,0.04371320828795433,-0.13091295957565308,2,1
21.33303124899976,38.224,velocity_chirp,0,4,,0.0,-0.0,0.054999999701976776,0,1
21.33303124899976,38.224,velocity_chirp,0,1,,0.0,0.0,-0.008999999612569809,0,1
21.342765333945863,38.234,velocity_chirp,1,2,103.83767700195312,103.96157836914062,-7.270380973815918,-0.14372919499874115,1,1
21.342765333945863,38.234,velocity_chirp,1,1,9.98721434793364,-127.10400390625,0.04371320828795433,-0.11900058388710022,2,1
21.342765333945863,38.234,velocity_chirp,0,4,,0.0,-0.0,-0.017999999225139618,0,1
21.342765333945863,38.234,velocity_chirp,0,1,,0.0,0.0,-0.008999999612569809,0,1
21.35331623099046,38.244,velocity_chirp,1,2,103.83767700195312,103.93960571289062,-11.040426254272461,0.027758101001381874,1,1
21.35331623099046,38.244,velocity_chirp,1,1,9.763738325388628,-127.10400390625,0.04371320828795433,-0.11145835369825363,2,1
21.35331623099046,38.244,velocity_chirp,0,4,,0.0,-0.0,0.054999999701976776,0,1
21.35331623099046,38.244,velocity_chirp,0,1,,0.0,0.0,0.05700000002980232,0,1
21.362563306989614,38.254,velocity_chirp,1,2,103.83767700195312,103.93960571289062,9.732527732849121,0.0650036484003067,1,1
21.362563306989614,38.254,velocity_chirp,1,1,9.33374168089426,-127.10400390625,0.04371320828795433,-0.10686302185058594,2,1
21.362563306989614,38.254,velocity_chirp,0,4,,0.0,-0.0,-0.017999999225139618,0,1
21.362563306989614,38.254,velocity_chirp,0,1,,0.0,0.0,-0.008999999612569809,0,1
21.373233688995242,38.264,velocity_chirp,1,2,103.83767700195312,103.93960571289062,2.1157193183898926,-0.059055376797914505,1,1
21.373233688995242,38.264,velocity_chirp,1,1,8.646048365903958,-127.08203125,0.04371320828795433,-0.09591737389564514,2,1
21.373233688995242,38.264,velocity_chirp,0,4,,0.0,-0.0,-0.017999999225139618,0,1
21.373233688995242,38.264,velocity_chirp,0,1,,0.0,0.0,-0.008999999612569809,0,1
21.382559853955172,38.274,velocity_chirp,1,2,103.83767700195312,103.93960571289062,-2.0387840270996094,-0.0708155408501625,1,1
21.382559853955172,38.274,velocity_chirp,1,1,7.807683253068401,-127.08203125,0.04371320828795433,-0.09622068703174591,2,1
21.382559853955172,38.274,velocity_chirp,0,4,,0.0,-0.0,-0.017999999225139618,0,1
21.382559853955172,38.274,velocity_chirp,0,1,,0.0,0.0,-0.0020000000949949026,0,1
21.393363347975537,38.284,velocity_chirp,1,2,103.83767700195312,103.86318969726562,2.903433084487915,0.12231452763080597,1,1
21.393363347975537,38.284,velocity_chirp,1,1,6.6968997977081735,-127.08203125,0.04371320828795433,-0.08737078309059143,2,1
21.393363347975537,38.284,velocity_chirp,0,4,,0.0,-0.0,-0.017999999225139618,0,1
21.393363347975537,38.284,velocity_chirp,0,1,,0.0,0.0,-0.008999999612569809,0,1
21.403480785957072,38.294,velocity_chirp,1,2,103.83767700195312,103.93960571289062,-1.2694315910339355,0.19396643340587616,1,1
21.403480785957072,38.294,velocity_chirp,1,1,5.493538227840956,-127.08203125,4.939592361450195,-0.0744304209947586,2,1
21.403480785957072,38.294,velocity_chirp,0,4,,0.0,-0.0,0.006000000052154064,0,1
21.403480785957072,38.294,velocity_chirp,0,1,,0.0,0.0,-0.07699999958276749,0,1
21.412897411966696,38.304,velocity_chirp,1,2,103.83767700195312,103.93960571289062,-5.0392584800720215,-0.01683097332715988,1,1
21.412897411966696,38.304,velocity_chirp,1,1,4.219999278243268,-127.08203125,0.04371320828795433,-0.06754769384860992,2,1
21.412897411966696,38.304,velocity_chirp,0,4,,0.0,-0.0,-0.017999999225139618,0,1
21.412897411966696,38.304,velocity_chirp,0,1,,0.0,0.0,-0.008999999612569809,0,1
21.422501591965556,38.314,velocity_chirp,1,2,103.83767700195312,103.93960571289062,1.8079782724380493,-0.09838955849409103,1,1
21.422501591965556,38.314,velocity_chirp,1,1,2.7063982428477447,-127.08203125,0.04371320828795433,-0.06072888523340225,2,1
21.422501591965556,38.314,velocity_chirp,0,4,,0.0,-0.0,-0.017999999225139618,0,1
21.422501591965556,38.314,velocity_chirp,0,1,,0.0,0.0,-0.008999999612569809,0,1
21.432987565989606,38.324,velocity_chirp,1,2,103.83767700195312,103.93960571289062,2.5773308277130127,-0.016756024211645126,1,1
21.432987565989606,38.324,velocity_chirp,1,1,2.7063982428477447,-127.08203125,0.04371320828795433,-0.059413790702819824,2,1
21.432987565989606,38.324,velocity_chirp,0,4,,0.0,-0.0,-0.017999999225139618,0,1
21.432987565989606,38.324,velocity_chirp,0,1,,0.0,0.0,-0.008999999612569809,0,1
21.442668419971596,38.334,velocity_chirp,1,2,103.83767700195312,103.93960571289062,-1.5771725177764893,0.15094786882400513,1,1
21.442668419971596,38.334,velocity_chirp,1,1,1.1627490983827695,-127.08203125,0.04371320828795433,-0.05789237096905708,2,1
21.442668419971596,38.334,velocity_chirp,0,4,,0.0,-0.0,-0.017999999225139618,0,1
21.442668419971596,38.334,velocity_chirp,0,1,,0.0,0.0,-0.01600000075995922,0,1
21.453260123962536,38.344,velocity_chirp,1,2,103.83767700195312,103.93960571289062,-4.500711917877197,-0.07100187242031097,1,1
21.453260123962536,38.344,velocity_chirp,1,1,-0.5147664547904597,-127.08203125,0.04371320828795433,-0.06072969734668732,2,1
21.453260123962536,38.344,velocity_chirp,0,4,,0.0,-0.0,0.006000000052154064,0,1
21.453260123962536,38.344,velocity_chirp,0,1,,0.0,0.0,-0.0020000000949949026,0,1
21.46276157995453,38.354,velocity_chirp,1,2,103.83767700195312,103.93960571289062,-16.195087432861328,0.10184818506240845,1,1
21.46276157995453,38.354,velocity_chirp,1,1,-2.0124461841982395,-127.08203125,0.04371320828795433,-0.0640491470694542,2,1
21.46276157995453,38.354,velocity_chirp,0,4,,0.0,-0.0,-0.017999999225139618,0,1
21.46276157995453,38.354,velocity_chirp,0,1,,0.0,0.0,-0.008999999612569809,0,1
21.473431981983595,38.364,velocity_chirp,1,2,103.83767700195312,103.93960571289062,-10.424944877624512,0.3653060793876648,1,1
21.473431981983595,38.364,velocity_chirp,1,1,-3.6054656946516754,-127.08203125,0.04371320828795433,-0.06175375357270241,2,1
21.473431981983595,38.364,velocity_chirp,0,4,,0.0,-0.0,0.054999999701976776,0,1
21.473431981983595,38.364,velocity_chirp,0,1,,0.0,0.0,-0.0020000000949949026,0,1
21.4825672369916,38.374,velocity_chirp,1,2,103.83767700195312,103.91763305664062,-7.962798118591309,0.22472289204597473,1,1
21.4825672369916,38.374,velocity_chirp,1,1,-4.9458087052455,-127.08203125,0.04371320828795433,-0.06487154960632324,2,1
21.4825672369916,38.374,velocity_chirp,0,4,,0.0,-0.0,0.23800000548362732,0,1
21.4825672369916,38.374,velocity_chirp,0,1,,0.0,0.0,0.05700000002980232,0,1
21.49363642197568,38.384,velocity_chirp,1,2,103.83767700195312,103.85467529296875,11.542703628540039,0.08294859528541565,1,1
21.49363642197568,38.384,velocity_chirp,1,1,-6.2846844903410135,-127.08203125,0.04371320828795433,-0.07021034508943558,2,1
21.49363642197568,38.384,velocity_chirp,0,4,,0.0,-0.0,-0.017999999225139618,0,1
21.49363642197568,38.384,velocity_chirp,0,1,,0.0,0.0,-0.0020000000949949026,0,1
21.503198792983312,38.394,velocity_chirp,1,2,103.83767700195312,103.93960571289062,10.424944877624512,0.10167760401964188,1,1
21.503198792983312,38.394,velocity_chirp,1,1,-7.41557126546164,-127.08203125,0.04371320828795433,-0.07685567438602448,2,1
21.503198792983312,38.394,velocity_chirp,0,4,,0.0,-0.0,-0.017999999225139618,0,1
21.503198792983312,38.394,velocity_chirp,0,1,,0.0,0.0,0.05000000074505806,0,1
21.513062071986496,38.404,velocity_chirp,1,2,103.83767700195312,103.91763305664062,-15.425735473632812,-0.04440748691558838,1,1
21.513062071986496,38.404,velocity_chirp,1,1,-8.43519103698267,-127.08203125,-2.404226541519165,-0.07962919771671295,2,1
21.513062071986496,38.404,velocity_chirp,0,4,,0.0,-0.0,-0.017999999225139618,0,1
21.513062071986496,38.404,velocity_chirp,0,1,,0.0,0.0,0.05700000002980232,0,1
21.522519814956468,38.414,velocity_chirp,1,2,103.83767700195312,103.91763305664062,-2.192654609680176,-0.02041817083954811,1,1
21.522519814956468,38.414,velocity_chirp,1,1,-8.43519103698267,-127.08203125,0.04371320828795433,-0.08911201357841492,2,1
21.522519814956468,38.414,velocity_chirp,0,4,,0.0,-0.0,-0.017999999225139618,0,1
21.522519814956468,38.414,velocity_chirp,0,1,,0.0,0.0,-0.0020000000949949026,0,1
21.53317229298409,38.424,velocity_chirp,1,2,103.83767700195312,103.91763305664062,0.03846762329339981,-0.09918589890003204,1,1
21.53317229298409,38.424,velocity_chirp,1,1,-9.134547422108543,-127.08203125,0.04371320828795433,-0.09644182026386261,2,1
21.53317229298409,38.424,velocity_chirp,0,4,,0.0,-0.0,-0.017999999225139618,0,1
21.53317229298409,38.424,velocity_chirp,0,1,,0.0,0.0,-0.008999999612569809,0,1
21.542493368964642,38.434,velocity_chirp,1,2,103.83767700195312,103.91763305664062,-3.038942337036133,0.10745321959257126,1,1
21.542493368964642,38.434,velocity_chirp,1,1,-9.64453023976185,-127.08203125,0.04371320828795433,-0.10315609723329544,2,1
21.542493368964642,38.434,velocity_chirp,0,4,,0.0,-0.0,0.03200000151991844,0,1
21.542493368964642,38.434,velocity_chirp,0,1,,0.0,0.0,-0.0020000000949949026,0,1
21.553353238967247,38.444,velocity_chirp,1,2,103.83767700195312,103.91763305664062,-15.348800659179688,0.2299841046333313,1,1
21.553353238967247,38.444,velocity_chirp,1,1,-9.946495167769768,-127.08203125,0.04371320828795433,-0.11454328149557114,2,1
21.553353238967247,38.444,velocity_chirp,0,4,,0.0,-0.0,0.054999999701976776,0,1
21.553353238967247,38.444,velocity_chirp,0,1,,0.0,0.0,-0.008999999612569809,0,1
21.567907842982095,38.459,velocity_chirp,1,2,103.83767700195312,103.85467529296875,9.29617691040039,-0.06637685000896454,1,1
21.567907842982095,38.459,velocity_chirp,1,1,-9.762732549443736,-127.10400390625,0.04371320828795433,-0.12097922712564468,2,1
21.567907842982095,38.459,velocity_chirp,0,4,,0.0,-0.0,-0.017999999225139618,0,1
21.567907842982095,38.459,velocity_chirp,0,1,,0.0,0.0,-0.008999999612569809,0,1
21.573667755990755,38.464,velocity_chirp,1,2,103.83767700195312,103.93960571289062,-8.116668701171875,-0.06637685000896454,1,1
21.573667755990755,38.464,velocity_chirp,1,1,-9.762732549443736,-127.10400390625,0.04371320828795433,-0.12097922712564468,2,1
21.573667755990755,38.464,velocity_chirp,0,4,,0.0,-0.0,0.03200000151991844,0,1
21.573667755990755,38.464,velocity_chirp,0,1,,0.0,0.0,-0.01600000075995922,0,1
21.583768112992402,38.475,velocity_chirp,1,2,103.83767700195312,103.96157836914062,-11.271232604980469,0.2269572764635086,1,1
21.583768112992402,38.475,velocity_chirp,1,1,-9.29561010048684,-127.10400390625,0.04371320828795433,-0.14650171995162964,2,1
21.583768112992402,38.475,velocity_chirp,0,4,,0.0,-0.0,0.006000000052154064,0,1
21.583768112992402,38.475,velocity_chirp,0,1,,0.0,0.0,-0.008999999612569809,0,1
21.593621842970606,38.484,velocity_chirp,1,2,103.83767700195312,103.96157836914062,11.96364974975586,0.162411168217659,1,1
21.593621842970606,38.484,velocity_chirp,1,1,-8.528171706710502,-127.10400390625,0.04371320828795433,-0.14816531538963318,2,1
21.593621842970606,38.484,velocity_chirp,0,4,,0.0,-0.0,0.03200000151991844,0,1
21.593621842970606,38.484,velocity_chirp,0,1,,0.0,0.0,-0.008999999612569809,0,1
21.603007710946258,38.494,velocity_chirp,1,2,103.83767700195312,103.93960571289062,0.4231438636779785,0.18207648396492004,1,1
21.603007710946258,38.494,velocity_chirp,1,1,-7.515241779476474,-127.10400390625,0.04371320828795433,-0.16247624158859253,2,1
21.603007710946258,38.494,velocity_chirp,0,4,,0.0,-0.0,-0.017999999225139618,0,1
21.603007710946258,38.494,velocity_chirp,0,1,,0.0,0.0,-0.008999999612569809,0,1
21.61328476096969,38.504,velocity_chirp,1,2,103.83767700195312,103.93960571289062,-3.4236185550689697,0.18528784811496735,1,1
21.61328476096969,38.504,velocity_chirp,1,1,-7.515241779476474,-127.10400390625,0.04371320828795433,-0.17062434554100037,2,1
21.61328476096969,38.504,velocity_chirp,0,4,,0.0,-0.0,-0.017999999225139618,0,1
21.61328476096969,38.504,velocity_chirp,0,1,,0.0,0.0,-0.008999999612569809,0,1
21.62315050396137,38.514,velocity_chirp,1,2,103.83767700195312,103.93960571289062,7.116728782653809,-0.06958932429552078,1,1
21.62315050396137,38.514,velocity_chirp,1,1,-6.395987799439494,-127.10400390625,0.04371320828795433,-0.1768099069595337,2,1
21.62315050396137,38.514,velocity_chirp,0,4,,0.0,-0.0,-0.017999999225139618,0,1
21.62315050396137,38.514,velocity_chirp,0,1,,0.0,0.0,-0.008999999612569809,0,1
21.633274324995,38.524,velocity_chirp,1,2,103.83767700195312,103.93960571289062,2.346524953842163,-0.04699762165546417,1,1
21.633274324995,38.524,velocity_chirp,1,1,-4.979756417509157,-127.10400390625,0.04371320828795433,-0.18560582399368286,2,1
21.633274324995,38.524,velocity_chirp,0,4,,0.0,-0.0,-0.017999999225139618,0,1
21.633274324995,38.524,velocity_chirp,0,1,,0.0,0.0,-0.008999999612569809,0,1
21.643089592980687,38.534,velocity_chirp,1,2,103.83767700195312,103.91763305664062,-2.1157193183898926,0.08980506658554077,1,1
21.643089592980687,38.534,velocity_chirp,1,1,-3.673791844384635,-127.10400390625,0.04371320828795433,-0.18249443173408508,2,1
21.643089592980687,38.534,velocity_chirp,0,4,,0.0,-0.0,0.23800000548362732,0,1
21.643089592980687,38.534,velocity_chirp,0,1,,0.0,0.0,-0.008999999612569809,0,1
21.65361460094573,38.544,velocity_chirp,1,2,103.83767700195312,103.91763305664062,8.116887092590332,0.06825726479291916,1,1
21.65361460094573,38.544,velocity_chirp,1,1,-2.025196023548373,-127.10400390625,0.04371320828795433,-0.19023491442203522,2,1
21.65361460094573,38.544,velocity_chirp,0,4,,0.0,-0.0,0.03200000151991844,0,1
21.65361460094573,38.544,velocity_chirp,0,1,,0.0,0.0,-0.008999999612569809,0,1
21.663030394993257,38.554,velocity_chirp,1,2,103.83767700195312,103.91763305664062,4.039100646972656,0.11463157087564468,1,1
21.663030394993257,38.554,velocity_chirp,1,1,-0.5000705319742458,-127.10400390625,0.04371320828795433,-0.1907903105020523,2,1
21.663030394993257,38.554,velocity_chirp,0,4,,0.0,-0.0,0.03200000151991844,0,1
21.663030394993257,38.554,velocity_chirp,0,1,,0.0,0.0,-0.008999999612569809,0,1
21.67372866999358,38.564,velocity_chirp,1,2,103.83767700195312,103.89566040039062,-7.501186370849609,0.12181141972541809,1,1
21.67372866999358,38.564,velocity_chirp,1,1,1.1670504016285126,-127.10400390625,0.04371320828795433,-0.19506579637527466,2,1
21.67372866999358,38.564,velocity_chirp,0,4,,0.0,-0.0,-0.017999999225139618,0,1
21.67372866999358,38.564,velocity_chirp,0,1,,0.0,0.0,-0.008999999612569809,0,1
21.683357976959087,38.575,velocity_chirp,1,2,103.83767700195312,103.91763305664062,1.5771725177764893,0.18195512890815735,1,1
21.683357976959087,38.575,velocity_chirp,1,1,2.64622047309351,-127.10400390625,0.04371320828795433,-0.19943182170391083,2,1
21.683357976959087,38.575,velocity_chirp,0,4,,0.0,-0.0,0.006000000052154064,0,1
21.683357976959087,38.575,velocity_chirp,0,1,,0.0,0.0,0.05700000002980232,0,1
21.693147887999658,38.584,velocity_chirp,1,2,103.83767700195312,103.91763305664062,2.0387840270996094,0.05130433663725853,1,1
21.693147887999658,38.584,velocity_chirp,1,1,4.267128090516488,-127.10400390625,0.04371320828795433,-0.19736728072166443,2,1
21.693147887999658,38.584,velocity_chirp,0,4,,0.0,-0.0,0.006000000052154064,0,1
21.693147887999658,38.584,velocity_chirp,0,1,,0.0,0.0,-0.008999999612569809,0,1
21.703198479954153,38.594,velocity_chirp,1,2,103.83767700195312,103.93960571289062,1.1155611276626587,0.08518733829259872,1,1
21.703198479954153,38.594,velocity_chirp,1,1,4.267128090516488,-127.10400390625,0.04371320828795433,-0.18920737504959106,2,1
21.703198479954153,38.594,velocity_chirp,0,4,,0.0,-0.0,-0.017999999225139618,0,1
21.703198479954153,38.594,velocity_chirp,0,1,,0.0,0.0,-0.008999999612569809,0,1
21.713223794999067,38.604,velocity_chirp,1,2,103.83767700195312,103.91763305664062,-4.116035461425781,0.1504673808813095,1,1
21.713223794999067,38.604,velocity_chirp,1,1,5.654909394400552,-127.10400390625,0.04371320828795433,-0.18623849749565125,2,1
21.713223794999067,38.604,velocity_chirp,0,4,,0.0,-0.0,0.006000000052154064,0,1
21.713223794999067,38.604,velocity_chirp,0,1,,0.0,0.0,-0.008999999612569809,0,1
21.723147577955388,38.614,velocity_chirp,1,2,103.83767700195312,103.93960571289062,-1.5771725177764893,0.05097629874944687,1,1
21.723147577955388,38.614,velocity_chirp,1,1,7.014006263168336,-127.10400390625,0.04371320828795433,-0.1768467128276825,2,1
21.723147577955388,38.614,velocity_chirp,0,4,,0.0,-0.0,-0.017999999225139618,0,1
21.723147577955388,38.614,velocity_chirp,0,1,,0.0,0.0,-0.008999999612569809,0,1
21.733312315947842,38.624,velocity_chirp,1,2,103.83767700195312,103.93960571289062,-4.346841335296631,-0.01317280437797308,1,1
21.733312315947842,38.624,velocity_chirp,1,1,8.146780328275296,-127.10400390625,0.04371320828795433,-0.16814884543418884,2,1
21.733312315947842,38.624,velocity_chirp,0,4,,0.0,-0.0,0.006000000052154064,0,1
21.733312315947842,38.624,velocity_chirp,0,1,,0.0,0.0,-0.008999999612569809,0,1
21.743306480988394,38.634,velocity_chirp,1,2,103.83767700195312,103.93960571289062,-2.5773308277130127,-0.024221599102020264,1,1
21.743306480988394,38.634,velocity_chirp,1,1,8.90803756402414,-127.10400390625,0.04371320828795433,-0.16696281731128693,2,1
21.743306480988394,38.634,velocity_chirp,0,4,,0.0,-0.0,0.03200000151991844,0,1
21.743306480988394,38.634,velocity_chirp,0,1,,0.0,0.0,-0.008999999612569809,0,1
21.753466970985755,38.644,velocity_chirp,1,2,103.83767700195312,103.91763305664062,-2.4234602451324463,-0.0682152807712555,1,1
21.753466970985755,38.644,velocity_chirp,1,1,9.475053648405167,-127.10400390625,0.04371320828795433,-0.1542014181613922,2,1
21.753466970985755,38.644,velocity_chirp,0,4,,0.0,-0.0,-0.017999999225139618,0,1
21.753466970985755,38.644,velocity_chirp,0,1,,0.0,0.0,-0.01600000075995922,0,1
21.76303612499032,38.654,velocity_chirp,1,2,103.83767700195312,103.91763305664062,-17.0413761138916,0.2338906079530716,1,1
21.76303612499032,38.654,velocity_chirp,1,1,9.842321288192707,-127.10400390625,0.04371320828795433,-0.1357659548521042,2,1
21.76303612499032,38.654,velocity_chirp,0,4,,0.0,-0.0,0.054999999701976776,0,1
21.76303612499032,38.654,velocity_chirp,0,1,,0.0,0.0,-0.008999999612569809,0,1
21.7742852299707,38.664,velocity_chirp,1,2,103.83767700195312,103.83767700195312,9.781601905822754,0.3372722566127777,1,1
21.7742852299707,38.664,velocity_chirp,1,1,9.999727919377918,-127.10400390625,0.04371320828795433,-0.12543806433677673,2,1
21.7742852299707,38.664,velocity_chirp,0,4,,0.0,-0.0,-0.017999999225139618,0,1
21.7742852299707,38.664,velocity_chirp,0,1,,0.0,0.0,0.05700000002980232,0,1
21.783269468985964,38.674,velocity_chirp,1,2,103.83767700195312,103.93960571289062,-1.8079782724380493,-0.05018305405974388,1,1
21.783269468985964,38.674,velocity_chirp,1,1,9.879389426955683,-127.10400390625,0.04371320828795433,-0.11293251067399979,2,1
21.783269468985964,38.674,velocity_chirp,0,4,,0.0,-0.0,0.006000000052154064,0,1
21.783269468985964,38.674,velocity_chirp,0,1,,0.0,0.0,-0.008999999612569809,0,1
21.793352582957596,38.684,velocity_chirp,1,2,103.83767700195312,103.93960571289062,1.1155611276626587,-0.0857248529791832,1,1
21.793352582957596,38.684,velocity_chirp,1,1,9.495133138508628,-127.10400390625,0.04371320828795433,-0.105575792491436,2,1
21.793352582957596,38.684,velocity_chirp,0,4,,0.0,-0.0,0.054999999701976776,0,1
21.793352582957596,38.684,velocity_chirp,0,1,,0.0,0.0,-0.008999999612569809,0,1
21.803249093994964,38.694,velocity_chirp,1,2,103.83767700195312,103.91763305664062,2.1157193183898926,0.013658365234732628,1,1
21.803249093994964,38.694,velocity_chirp,1,1,8.92757554141064,-127.08203125,0.04371320828795433,-0.09577183425426483,2,1
21.803249093994964,38.694,velocity_chirp,0,4,,0.0,-0.0,0.03200000151991844,0,1
21.803249093994964,38.694,velocity_chirp,0,1,,0.0,0.0,-0.008999999612569809,0,1
21.81323103699833,38.704,velocity_chirp,1,2,103.83767700195312,103.91763305664062,0.9616906046867371,-0.176531121134758,1,1
21.81323103699833,38.704,velocity_chirp,1,1,8.92757554141064,-127.08203125,0.04371320828795433,-0.08681562542915344,2,1
21.81323103699833,38.704,velocity_chirp,0,4,,0.0,-0.0,-0.017999999225139618,0,1
21.81323103699833,38.704,velocity_chirp,0,1,,0.0,0.0,0.05700000002980232,0,1
21.8230184429558,38.714,velocity_chirp,1,2,103.83767700195312,103.93960571289062,0.9616906046867371,0.14654260873794556,1,1
21.8230184429558,38.714,velocity_chirp,1,1,8.093406218830076,-127.08203125,4.939592361450195,-0.0806574746966362,2,1
21.8230184429558,38.714,velocity_chirp,0,4,,0.0,-0.0,0.03200000151991844,0,1
21.8230184429558,38.714,velocity_chirp,0,1,,0.0,0.0,-0.0020000000949949026,0,1
21.83327013498638,38.724,velocity_chirp,1,2,103.83767700195312,103.93960571289062,1.8079782724380493,0.12654592096805573,1,1
21.83327013498638,38.724,velocity_chirp,1,1,6.941534350878564,-127.08203125,0.04371320828795433,-0.073050856590271,2,1
21.83327013498638,38.724,velocity_chirp,0,4,,0.0,-0.0,-0.017999999225139618,0,1
21.83327013498638,38.724,velocity_chirp,0,1,,0.0,0.0,-0.008999999612569809,0,1
21.84301826596493,38.734,velocity_chirp,1,2,103.83767700195312,103.91763305664062,-3.2697479724884033,-0.12487942725419998,1,1
21.84301826596493,38.734,velocity_chirp,1,1,5.792403966218483,-127.08203125,4.939592361450195,-0.07244027405977249,2,1
21.84301826596493,38.734,velocity_chirp,0,4,,0.0,-0.0,0.03200000151991844,0,1
21.84301826596493,38.734,velocity_chirp,0,1,,0.0,0.0,-0.008999999612569809,0,1
21.85351259598974,38.744,velocity_chirp,1,2,103.83767700195312,103.96157836914062,11.271232604980469,0.04819442331790924,1,1
21.85351259598974,38.744,velocity_chirp,1,1,4.295801596046252,-127.08203125,0.04371320828795433,-0.0642549991607666,2,1
21.85351259598974,38.744,velocity_chirp,0,4,,0.0,-0.0,0.23800000548362732,0,1
21.85351259598974,38.744,velocity_chirp,0,1,,0.0,0.0,0.05700000002980232,0,1
21.863312775967643,38.754,velocity_chirp,1,2,103.83767700195312,103.93960571289062,9.809462547302246,0.03224629908800125,1,1
21.863312775967643,38.754,velocity_chirp,1,1,2.8423926830049826,-127.08203125,0.04371320828795433,-0.06368236988782883,2,1
21.863312775967643,38.754,velocity_chirp,0,4,,0.0,-0.0,0.03200000151991844,0,1
21.863312775967643,38.754,velocity_chirp,0,1,,0.0,0.0,-0.19900000095367432,0,1
21.873838765954133,38.765,velocity_chirp,1,2,103.83767700195312,103.93960571289062,-6.039416790008545,-0.08215493708848953,1,1
21.873838765954133,38.765,velocity_chirp,1,1,1.0949736918389064,-127.08203125,0.30599245429039,-0.05872136726975441,2,1
21.873838765954133,38.765,velocity_chirp,0,4,,0.0,-0.0,-0.017999999225139618,0,1
21.873838765954133,38.765,velocity_chirp,0,1,,0.0,0.0,-0.0020000000949949026,0,1
21.883604540955275,38.774,velocity_chirp,1,2,103.83767700195312,103.93960571289062,-8.270539283752441,0.1365901082754135,1,1
21.883604540955275,38.774,velocity_chirp,1,1,-0.4189545598419956,-127.0599365234375,0.04371320828795433,-0.0564977191388607,2,1
21.883604540955275,38.774,velocity_chirp,0,4,,0.0,-0.0,-0.017999999225139618,0,1
21.883604540955275,38.774,velocity_chirp,0,1,,0.0,0.0,0.05700000002980232,0,1
21.89338645595126,38.784,velocity_chirp,1,2,103.83767700195312,103.93960571289062,-5.270064353942871,0.2318994104862213,1,1
21.89338645595126,38.784,velocity_chirp,1,1,-2.152775551849286,-127.0599365234375,0.04371320828795433,-0.05669623613357544,2,1
21.89338645595126,38.784,velocity_chirp,0,4,,0.0,-0.0,-0.017999999225139618,0,1
21.89338645595126,38.784,velocity_chirp,0,1,,0.0,0.0,-0.008999999612569809,0,1
21.90305320394691,38.794,velocity_chirp,1,2,103.83767700195312,103.93960571289062,5.270282745361328,-0.09560070931911469,1,1
21.90305320394691,38.794,velocity_chirp,1,1,-2.152775551849286,-127.0599365234375,0.04371320828795433,-0.05946006625890732,2,1
21.90305320394691,38.794,velocity_chirp,0,4,,0.0,-0.0,-0.017999999225139618,0,1
21.90305320394691,38.794,velocity_chirp,0,1,,0.0,0.0,-0.008999999612569809,0,1
21.91325278696604,38.804,velocity_chirp,1,2,103.83767700195312,103.91763305664062,0.8078200817108154,-0.046326205134391785,1,1
21.91325278696604,38.804,velocity_chirp,1,1,-3.649635421217488,-127.0599365234375,0.04371320828795433,-0.06567560136318207,2,1
21.91325278696604,38.804,velocity_chirp,0,4,,0.0,-0.0,0.054999999701976776,0,1
21.91325278696604,38.804,velocity_chirp,0,1,,0.0,0.0,-0.008999999612569809,0,1
21.92308488697745,38.814,velocity_chirp,1,2,103.83767700195312,103.93960571289062,0.730884850025177,-0.1378106325864792,1,1
21.92308488697745,38.814,velocity_chirp,1,1,-4.99986212524661,-127.0599365234375,0.04371320828795433,-0.06876399368047714,2,1
21.92308488697745,38.814,velocity_chirp,0,4,,0.0,-0.0,-0.017999999225139618,0,1
21.92308488697745,38.814,velocity_chirp,0,1,,0.0,0.0,0.05700000002980232,0,1
21.93336169695249,38.824,velocity_chirp,1,2,103.83767700195312,103.93960571289062,-6.577963352203369,-0.07816597074270248,1,1
21.93336169695249,38.824,velocity_chirp,1,1,-6.45265923103588,-127.0599365234375,0.04371320828795433,-0.07132814079523087,2,1
21.93336169695249,38.824,velocity_chirp,0,4,,0.0,-0.0,0.054999999701976776,0,1
21.93336169695249,38.824,velocity_chirp,0,1,,0.0,0.0,-0.008999999612569809,0,1
21.9430803329451,38.834,velocity_chirp,1,2,103.83767700195312,103.93960571289062,0.03846762329339981,0.28717806935310364,1,1
21.9430803329451,38.834,velocity_chirp,1,1,-7.524532328185653,-127.08203125,0.04371320828795433,-0.07246827334165573,2,1
21.9430803329451,38.834,velocity_chirp,0,4,,0.0,-0.0,0.23800000548362732,0,1
21.9430803329451,38.834,velocity_chirp,0,1,,0.0,0.0,-0.008999999612569809,0,1
21.953501694952138,38.844,velocity_chirp,1,2,103.83767700195312,103.93960571289062,-0.5000790953636169,0.1442393958568573,1,1
21.953501694952138,38.844,velocity_chirp,1,1,-8.557540066795607,-127.08203125,0.04371320828795433,-0.07852243632078171,2,1
21.953501694952138,38.844,velocity_chirp,0,4,,0.0,-0.0,-0.017999999225139618,0,1
21.953501694952138,38.844,velocity_chirp,0,1,,0.0,0.0,-0.008999999612569809,0,1
21.9630529449787,38.854,velocity_chirp,1,2,103.83767700195312,103.93960571289062,-6.2702226638793945,-0.03705301880836487,1,1
21.9630529449787,38.854,velocity_chirp,1,1,-9.266311498854579,-127.08203125,-1.1802566051483154,-0.07772517949342728,2,1
21.9630529449787,38.854,velocity_chirp,0,4,,0.0,-0.0,-0.017999999225139618,0,1
21.9630529449787,38.854,velocity_chirp,0,1,,0.0,0.0,-0.008999999612569809,0,1
21.97378471295815,38.864,velocity_chirp,1,2,103.83767700195312,103.84051513671875,-1.4371486902236938,-0.07600953429937363,1,1
21.97378471295815,38.864,velocity_chirp,1,1,-9.774350324932842,-127.08203125,0.04371320828795433,-0.08437032252550125,2,1
21.97378471295815,38.864,velocity_chirp,0,4,,0.0,-0.0,0.006000000052154064,0,1
21.97378471295815,38.864,velocity_chirp,0,1,,0.0,0.0,-0.008999999612569809,0,1
21.983454085944686,38.874,velocity_chirp,1,2,103.83767700195312,103.93960571289062,-7.039575099945068,0.12611740827560425,1,1
21.983454085944686,38.874,velocity_chirp,1,1,-9.985709776284503,-127.08203125,0.04371320828795433,-0.10213799774646759,2,1
21.983454085944686,38.874,velocity_chirp,0,4,,0.0,-0.0,-0.017999999225139618,0,1
21.983454085944686,38.874,velocity_chirp,0,1,,0.0,0.0,-0.008999999612569809,0,1
21.993240859999787,38.884,velocity_chirp,1,2,103.83767700195312,103.93960571289062,6.962858200073242,0.06667006760835648,1,1
21.993240859999787,38.884,velocity_chirp,1,1,-9.925197189000947,-127.08203125,0.04371320828795433,-0.10753342509269714,2,1
21.993240859999787,38.884,velocity_chirp,0,4,,0.0,-0.0,-0.0430000014603138,0,1
21.993240859999787,38.884,velocity_chirp,0,1,,0.0,0.0,-0.008999999612569809,0,1
22.00347331597004,38.894,velocity_chirp,1,2,103.83767700195312,103.96157836914062,-3.7313594818115234,0.31522136926651,1,1
22.00347331597004,38.894,velocity_chirp,1,1,-9.925197189000947,-127.08203125,-4.852166175842285,-0.11555595695972443,2,1
22.00347331597004,38.894,velocity_chirp,0,4,,0.0,-0.0,0.054999999701976776,0,1
22.00347331597004,38.894,velocity_chirp,0,1,,0.0,0.0,-0.0020000000949949026,0,1
22.013347775966395,38.904,velocity_chirp,1,2,103.83767700195312,103.93960571289062,-5.500870227813721,0.12692295014858246,1,1
22.013347775966395,38.904,velocity_chirp,1,1,-9.591018872038044,-127.08203125,0.04371320828795433,-0.12722791731357574,2,1
22.013347775966395,38.904,velocity_chirp,0,4,,0.0,-0.0,0.006000000052154064,0,1
22.013347775966395,38.904,velocity_chirp,0,1,,0.0,0.0,-0.008999999612569809,0,1
22.023140240984503,38.914,velocity_chirp,1,2,103.83767700195312,103.96157836914062,5.4241533279418945,-0.05606481060385704,1,1
22.023140240984503,38.914,velocity_chirp,1,1,-8.925321741090418,-127.10400390625,0.04371320828795433,-0.13359248638153076,2,1
22.023140240984503,38.914,velocity_chirp,0,4,,0.0,-0.0,-0.017999999225139618,0,1
22.023140240984503,38.914,velocity_chirp,0,1,,0.0,0.0,-0.008999999612569809,0,1
22.033454460965004,38.924,velocity_chirp,1,2,103.83767700195312,103.93960571289062,4.269906044006348,-0.13949187099933624,1,1
22.033454460965004,38.924,velocity_chirp,1,1,-7.993016380529267,-127.10400390625,0.04371320828795433,-0.15064692497253418,2,1
22.033454460965004,38.924,velocity_chirp,0,4,,0.0,-0.0,-0.017999999225139618,0,1
22.033454460965004,38.924,velocity_chirp,0,1,,0.0,0.0,-0.08299999684095383,0,1
22.043136387947015,38.934,velocity_chirp,1,2,103.83767700195312,103.93960571289062,-1.6541078090667725,-0.08246118575334549,1,1
22.043136387947015,38.934,velocity_chirp,1,1,-6.9812948377039525,-127.10400390625,0.04371320828795433,-0.14628969132900238,2,1
22.043136387947015,38.934,velocity_chirp,0,4,,0.0,-0.0,0.054999999701976776,0,1
22.043136387947015,38.934,velocity_chirp,0,1,,0.0,0.0,-0.07699999958276749,0,1
22.053814433980733,38.944,velocity_chirp,1,2,103.83767700195312,103.93960571289062,-3.500553607940674,-0.003377253655344248,1,1
22.053814433980733,38.944,velocity_chirp,1,1,-5.611006141972722,-127.10400390625,-4.677313327789307,-0.15710502862930298,2,1
22.053814433980733,38.944,velocity_chirp,0,4,,0.0,-0.0,0.006000000052154064,0,1
22.053814433980733,38.944,velocity_chirp,0,1,,0.0,0.0,-0.008999999612569809,0,1
22.06316554598743,38.954,velocity_chirp,1,2,103.83767700195312,103.93960571289062,-8.424409866333008,0.13009119033813477,1,1
22.06316554598743,38.954,velocity_chirp,1,1,-4.201164609529082,-127.10400390625,0.04371320828795433,-0.17160552740097046,2,1
22.06316554598743,38.954,velocity_chirp,0,4,,0.0,-0.0,-0.017999999225139618,0,1
22.06316554598743,38.954,velocity_chirp,0,1,,0.0,0.0,-0.008999999612569809,0,1
22.073556150950026,38.964,velocity_chirp,1,2,103.83767700195312,103.96157836914062,2.8850717544555664,0.0674242153763771,1,1
22.073556150950026,38.964,velocity_chirp,1,1,-2.57843810319244,-127.10400390625,0.04371320828795433,-0.17726127803325653,2,1
22.073556150950026,38.964,velocity_chirp,0,4,,0.0,-0.0,0.03200000151991844,0,1
22.073556150950026,38.964,velocity_chirp,0,1,,0.0,0.0,0.05700000002980232,0,1
22.083151312952396,38.974,velocity_chirp,1,2,103.83767700195312,103.93960571289062,-0.3462086021900177,0.22444622218608856,1,1
22.083151312952396,38.974,velocity_chirp,1,1,-1.0821176069997087,-127.10400390625,0.04371320828795433,-0.17885246872901917,2,1
22.083151312952396,38.974,velocity_chirp,0,4,,0.0,-0.0,-0.017999999225139618,0,1
22.083151312952396,38.974,velocity_chirp,0,1,,0.0,0.0,-0.008999999612569809,0,1
22.09330562094692,38.984,velocity_chirp,1,2,103.83767700195312,103.91763305664062,0.5770143270492554,0.06611090153455734,1,1
22.09330562094692,38.984,velocity_chirp,1,1,-1.0821176069997087,-127.10400390625,0.04371320828795433,-0.18521440029144287,2,1
22.09330562094692,38.984,velocity_chirp,0,4,,0.0,-0.0,0.006000000052154064,0,1
22.09330562094692,38.984,velocity_chirp,0,1,,0.0,0.0,-0.01600000075995922,0,1
22.103369728953112,38.994,velocity_chirp,1,2,103.83767700195312,103.96157836914062,2.1157193183898926,0.03353617712855339,1,1
22.103369728953112,38.994,velocity_chirp,1,1,0.5524644699251764,-127.10400390625,0.04371320828795433,-0.18505050241947174,2,1
22.103369728953112,38.994,velocity_chirp,0,4,,0.0,-0.0,-0.017999999225139618,0,1
22.103369728953112,38.994,velocity_chirp,0,1,,0.0,0.0,0.06400000303983688,0,1
22.113300865981728,39.004,velocity_chirp,1,2,103.83767700195312,103.93960571289062,0.730884850025177,0.18321485817432404,1,1
22.113300865981728,39.004,velocity_chirp,1,1,2.05182289551965,-127.10400390625,0.04371320828795433,-0.18394744396209717,2,1
22.113300865981728,39.004,velocity_chirp,0,4,,0.0,-0.0,0.006000000052154064,0,1
22.113300865981728,39.004,velocity_chirp,0,1,,0.0,0.0,-0.0020000000949949026,0,1
22.123481183953118,39.014,velocity_chirp,1,2,103.83767700195312,103.96157836914062,11.425102233886719,0.13522659242153168,1,1
22.123481183953118,39.014,velocity_chirp,1,1,3.7809316344782298,-127.10400390625,0.04371320828795433,-0.18506838381290436,2,1
22.123481183953118,39.014,velocity_chirp,0,4,,0.0,-0.0,-0.017999999225139618,0,1
22.123481183953118,39.014,velocity_chirp,0,1,,0.0,0.0,-0.008999999612569809,0,1
22.133352917968296,39.024,velocity_chirp,1,2,103.83767700195312,103.93960571289062,0.19233810901641846,0.0396793931722641,1,1
22.133352917968296,39.024,velocity_chirp,1,1,5.1500683908557,-127.10400390625,0.04371320828795433,-0.1792631447315216,2,1
22.133352917968296,39.024,velocity_chirp,0,4,,0.0,-0.0,0.03200000151991844,0,1
22.133352917968296,39.024,velocity_chirp,0,1,,0.0,0.0,-0.008999999612569809,0,1
22.1431362759904,39.034,velocity_chirp,1,2,103.83767700195312,103.9835205078125,8.424628257751465,0.02704397775232792,1,1
22.1431362759904,39.034,velocity_chirp,1,1,6.61979815274371,-127.10400390625,0.04371320828795433,-0.17627564072608948,2,1
22.1431362759904,39.034,velocity_chirp,0,4,,0.0,-0.0,-0.017999999225139618,0,1
22.1431362759904,39.034,velocity_chirp,0,1,,0.0,0.0,-0.008999999612569809,0,1
22.154166397987865,39.044,velocity_chirp,1,2,103.83767700195312,103.96157836914062,-2.26958966255188,-0.1202785074710846,1,1
22.154166397987865,39.044,velocity_chirp,1,1,7.838588499305042,-127.10400390625,0.04371320828795433,-0.16397690773010254,2,1
22.154166397987865,39.044,velocity_chirp,0,4,,0.0,-0.0,0.006000000052154064,0,1
22.154166397987865,39.044,velocity_chirp,0,1,,0.0,0.0,-0.008999999612569809,0,1
22.163260854955297,39.054,velocity_chirp,1,2,103.83767700195312,103.96157836914062,-0.3462086021900177,0.06132441386580467,1,1
22.163260854955297,39.054,velocity_chirp,1,1,8.792080739659141,-127.10400390625,0.04371320828795433,-0.15374793112277985,2,1
22.163260854955297,39.054,velocity_chirp,0,4,,0.0,-0.0,0.006000000052154064,0,1
22.163260854955297,39.054,velocity_chirp,0,1,,0.0,0.0,-0.008999999612569809,0,1
22.17350087495288,39.064,velocity_chirp,1,2,103.83767700195312,103.96157836914062,-3.4236185550689697,0.12400579452514648,1,1
22.17350087495288,39.064,velocity_chirp,1,1,9.477399463048043,-127.10400390625,0.04371320828795433,-0.14898410439491272,2,1
22.17350087495288,39.064,velocity_chirp,0,4,,0.0,-0.0,-0.017999999225139618,0,1
22.17350087495288,39.064,velocity_chirp,0,1,,0.0,0.0,-0.008999999612569809,0,1
22.183133888989687,39.074,velocity_chirp,1,2,103.83767700195312,103.93960571289062,-8.116668701171875,0.2878866195678711,1,1
22.183133888989687,39.074,velocity_chirp,1,1,9.477399463048043,-127.10400390625,0.04371320828795433,-0.13650831580162048,2,1
22.183133888989687,39.074,velocity_chirp,0,4,,0.0,-0.0,-0.017999999225139618,0,1
22.183133888989687,39.074,velocity_chirp,0,1,,0.0,0.0,-0.01600000075995922,0,1
22.193346116982866,39.084,velocity_chirp,1,2,103.83767700195312,103.93960571289062,-7.501186370849609,0.2627606987953186,1,1
22.193346116982866,39.084,velocity_chirp,1,1,9.863285873645555,-127.10400390625,0.04371320828795433,-0.126882404088974,2,1
22.193346116982866,39.084,velocity_chirp,0,4,,0.0,-0.0,0.03200000151991844,0,1
22.193346116982866,39.084,velocity_chirp,0,1,,0.0,0.0,-0.008999999612569809,0,1
22.20317111397162,39.094,velocity_chirp,1,2,103.83767700195312,103.91763305664062,-1.3463667631149292,0.20547571778297424,1,1
22.20317111397162,39.094,velocity_chirp,1,1,9.999435906899672,-127.10400390625,0.04371320828795433,-0.12086603045463562,2,1
22.20317111397162,39.094,velocity_chirp,0,4,,0.0,-0.0,-0.017999999225139618,0,1
22.20317111397162,39.094,velocity_chirp,0,1,,0.0,0.0,-0.07699999958276749,0,1
22.213586704980116,39.104,velocity_chirp,1,2,103.83767700195312,103.93960571289062,-0.19233810901641846,0.025470782071352005,1,1
22.213586704980116,39.104,velocity_chirp,1,1,9.854212618016017,-127.10400390625,0.04371320828795433,-0.10983177274465561,2,1
22.213586704980116,39.104,velocity_chirp,0,4,,0.0,-0.0,-0.017999999225139618,0,1
22.213586704980116,39.104,velocity_chirp,0,1,,0.0,0.0,-0.008999999612569809,0,1
22.22321920795366,39.114,velocity_chirp,1,2,103.83767700195312,103.93960571289062,15.271864891052246,0.25125589966773987,1,1
22.22321920795366,39.114,velocity_chirp,1,1,9.461771787359762,-127.08203125,0.21856604516506195,-0.11047624796628952,2,1
22.22321920795366,39.114,velocity_chirp,0,4,,0.0,-0.0,0.03200000151991844,0,1
22.22321920795366,39.114,velocity_chirp,0,1,,0.0,0.0,0.05700000002980232,0,1
22.233774562948383,39.124,velocity_chirp,1,2,103.83767700195312,103.96157836914062,7.424469947814941,-0.2025933414697647,1,1
22.233774562948383,39.124,velocity_chirp,1,1,8.747492826690257,-127.08203125,0.04371320828795433,-0.09814147651195526,2,1
22.233774562948383,39.124,velocity_chirp,0,4,,0.0,-0.0,0.054999999701976776,0,1
22.233774562948383,39.124,velocity_chirp,0,1,,0.0,0.0,-0.0020000000949949026,0,1
22.24310002697166,39.134,velocity_chirp,1,2,103.83767700195312,103.96157836914062,-2.5773308277130127,-0.12525248527526855,1,1
22.24310002697166,39.134,velocity_chirp,1,1,7.858912041383077,-127.08203125,0.04371320828795433,-0.09933587908744812,2,1
22.24310002697166,39.134,velocity_chirp,0,4,,0.0,-0.0,-0.017999999225139618,0,1
22.24310002697166,39.134,velocity_chirp,0,1,,0.0,0.0,-0.008999999612569809,0,1
22.254061618994456,39.144,velocity_chirp,1,2,103.83767700195312,103.93960571289062,-9.424568176269531,0.08336015045642853,1,1
22.254061618994456,39.144,velocity_chirp,1,1,6.6660917710473875,-127.08203125,0.04371320828795433,-0.08766788244247437,2,1
22.254061618994456,39.144,velocity_chirp,0,4,,0.0,-0.0,0.006000000052154064,0,1
22.254061618994456,39.144,velocity_chirp,0,1,,0.0,0.0,-0.008999999612569809,0,1
22.263279889943078,39.154,velocity_chirp,1,2,103.83767700195312,103.93960571289062,3.2697479724884033,0.026174087077379227,1,1
22.263279889943078,39.154,velocity_chirp,1,1,5.333344298110097,-127.08203125,0.04371320828795433,-0.07470235228538513,2,1
22.263279889943078,39.154,velocity_chirp,0,4,,0.0,-0.0,-0.017999999225139618,0,1
22.263279889943078,39.154,velocity_chirp,0,1,,0.0,0.0,-0.20600000023841858,0,1
22.273295957944356,39.164,velocity_chirp,1,2,103.83767700195312,103.91763305664062,-4.346841335296631,-0.08873504400253296,1,1
22.273295957944356,39.164,velocity_chirp,1,1,3.791056580881829,-127.08203125,0.04371320828795433,-0.06741317361593246,2,1
22.273295957944356,39.164,velocity_chirp,0,4,,0.0,-0.0,-0.017999999225139618,0,1
22.273295957944356,39.164,velocity_chirp,0,1,,0.0,0.0,0.05700000002980232,0,1
22.28307840396883,39.174,velocity_chirp,1,2,103.83767700195312,103.96157836914062,4.423776626586914,-0.04232904314994812,1,1
22.28307840396883,39.174,velocity_chirp,1,1,3.791056580881829,-127.08203125,0.04371320828795433,-0.06296897679567337,2,1
22.28307840396883,39.174,velocity_chirp,0,4,,0.0,-0.0,0.006000000052154064,0,1
22.28307840396883,39.174,velocity_chirp,0,1,,0.0,0.0,-0.008999999612569809,0,1
22.293308153981343,39.184,velocity_chirp,1,2,103.83767700195312,103.93960571289062,-8.6552152633667,0.09198369085788727,1,1
22.293308153981343,39.184,velocity_chirp,1,1,2.198024602655141,-127.08203125,0.04371320828795433,-0.0621812529861927,2,1
22.293308153981343,39.184,velocity_chirp,0,4,,0.0,-0.0,-0.017999999225139618,0,1
22.293308153981343,39.184,velocity_chirp,0,1,,0.0,0.0,-0.0020000000949949026,0,1
22.303267143957783,39.194,velocity_chirp,1,2,103.83767700195312,103.93960571289062,-0.9616906046867371,-0.0815902054309845,1,1
22.303267143957783,39.194,velocity_chirp,1,1,0.6583874273474009,-127.08203125,0.04371320828795433,-0.0604582242667675,2,1
22.303267143957783,39.194,velocity_chirp,0,4,,0.0,-0.0,0.006000000052154064,0,1
22.303267143957783,39.194,velocity_chirp,0,1,,0.0,0.0,-0.07699999958276749,0,1
22.313284112955444,39.204,velocity_chirp,1,2,103.83767700195312,103.93960571289062,8.116887092590332,0.1456066519021988,1,1
22.313284112955444,39.204,velocity_chirp,1,1,-0.8655737832310434,-127.08203125,0.04371320828795433,-0.05970989167690277,2,1
22.313284112955444,39.204,velocity_chirp,0,4,,0.0,-0.0,0.23800000548362732,0,1
22.313284112955444,39.204,velocity_chirp,0,1,,0.0,0.0,-0.008999999612569809,0,1
22.323279049945995,39.214,velocity_chirp,1,2,103.83767700195312,103.93960571289062,-2.26958966255188,0.3192240595817566,1,1
22.323279049945995,39.214,velocity_chirp,1,1,-2.686536979152507,-127.08203125,0.04371320828795433,-0.06135013327002525,2,1
22.323279049945995,39.214,velocity_chirp,0,4,,0.0,-0.0,0.006000000052154064,0,1
22.323279049945995,39.214,velocity_chirp,0,1,,0.0,0.0,0.05000000074505806,0,1
22.333300767990295,39.224,velocity_chirp,1,2,103.83767700195312,103.96157836914062,-3.2697479724884033,0.19510811567306519,1,1
22.333300767990295,39.224,velocity_chirp,1,1,-4.135652668984396,-127.08203125,0.04371320828795433,-0.06506768614053726,2,1
22.333300767990295,39.224,velocity_chirp,0,4,,0.0,-0.0,-0.017999999225139618,0,1
22.333300767990295,39.224,velocity_chirp,0,1,,0.0,0.0,-0.008999999612569809,0,1
22.34312349994434,39.234,velocity_chirp,1,2,103.83767700195312,103.96157836914062,3.500553607940674,0.19826872646808624,1,1
22.34312349994434,39.234,velocity_chirp,1,1,-5.746580682001914,-127.08203125,0.04371320828795433,-0.06559443473815918,2,1
22.34312349994434,39.234,velocity_chirp,0,4,,0.0,-0.0,0.054999999701976776,0,1
22.34312349994434,39.234,velocity_chirp,0,1,,0.0,0.0,-0.008999999612569809,0,1
22.354069662978873,39.244,velocity_chirp,1,2,103.83767700195312,103.86880493164062,3.3950095176696777,0.2126646786928177,1,1
22.354069662978873,39.244,velocity_chirp,1,1,-7.143292957173836,-127.08203125,0.04371320828795433,-0.07151085883378983,2,1
22.354069662978873,39.244,velocity_chirp,0,4,,0.0,-0.0,0.03200000151991844,0,1
22.354069662978873,39.244,velocity_chirp,0,1,,0.0,0.0,-0.07699999958276749,0,1
22.36338546895422,39.254,velocity_chirp,1,2,103.83767700195312,103.96157836914062,-1.1155611276626587,0.31886693835258484,1,1
22.36338546895422,39.254,velocity_chirp,1,1,-8.228097759006033,-127.08203125,0.04371320828795433,-0.08226971328258514,2,1
22.36338546895422,39.254,velocity_chirp,0,4,,0.0,-0.0,0.03200000151991844,0,1
22.36338546895422,39.254,velocity_chirp,0,1,,0.0,0.0,-0.008999999612569809,0,1
22.373278653947636,39.264,velocity_chirp,1,2,103.83767700195312,103.9835205078125,0.3462086021900177,0.31507039070129395,1,1
22.373278653947636,39.264,velocity_chirp,1,1,-9.081598159142528,-127.08203125,0.04371320828795433,-0.0871414840221405,2,1
22.373278653947636,39.264,velocity_chirp,0,4,,0.0,-0.0,-0.017999999225139618,0,1
22.373278653947636,39.264,velocity_chirp,0,1,,0.0,0.0,-0.008999999612569809,0,1
22.3829704989912,39.274,velocity_chirp,1,2,103.83767700195312,103.96157836914062,4.116035461425781,0.07367143034934998,1,1
22.3829704989912,39.274,velocity_chirp,1,1,-9.081598159142528,-127.08203125,0.04371320828795433,-0.0945141464471817,2,1
22.3829704989912,39.274,velocity_chirp,0,4,,0.0,-0.0,0.03200000151991844,0,1
22.3829704989912,39.274,velocity_chirp,0,1,,0.0,0.0,-0.008999999612569809,0,1
22.393358047993388,39.284,velocity_chirp,1,2,103.83767700195312,103.96157836914062,0.19233810901641846,0.3049775958061218,1,1
22.393358047993388,39.284,velocity_chirp,1,1,-9.654277706107248,-127.08203125,0.04371320828795433,-0.10224267840385437,2,1
22.393358047993388,39.284,velocity_chirp,0,4,,0.0,-0.0,0.054999999701976776,0,1
22.393358047993388,39.284,velocity_chirp,0,1,,0.0,0.0,-0.008999999612569809,0,1
22.403149430989288,39.294,velocity_chirp,1,2,103.83767700195312,103.96157836914062,-2.1157193183898926,0.22019873559474945,1,1
22.403149430989288,39.294,velocity_chirp,1,1,-9.944779003236949,-127.08203125,0.04371320828795433,-0.10883400589227676,2,1
22.403149430989288,39.294,velocity_chirp,0,4,,0.0,-0.0,-0.017999999225139618,0,1
22.403149430989288,39.294,velocity_chirp,0,1,,0.0,0.0,-0.008999999612569809,0,1
22.413399529992603,39.304,velocity_chirp,1,2,103.83767700195312,103.96157836914062,-1.1924962997436523,0.016380496323108673,1,1
22.413399529992603,39.304,velocity_chirp,1,1,-9.967109832040336,-127.08203125,0.04371320828795433,-0.1186913475394249,2,1
22.413399529992603,39.304,velocity_chirp,0,4,,0.0,-0.0,-0.017999999225139618,0,1
22.413399529992603,39.304,velocity_chirp,0,1,,0.0,0.0,-0.01600000075995922,0,1
22.423176314972807,39.314,velocity_chirp,1,2,103.83767700195312,103.9835205078125,5.885765075683594,0.2194923758506775,1,1
22.423176314972807,39.314,velocity_chirp,1,1,-9.715621932594242,-127.08203125,0.04371320828795433,-0.12457256764173508,2,1
22.423176314972807,39.314,velocity_chirp,0,4,,0.0,-0.0,-0.017999999225139618,0,1
22.423176314972807,39.314,velocity_chirp,0,1,,0.0,0.0,-0.01600000075995922,0,1
22.433301568962634,39.324,velocity_chirp,1,2,103.83767700195312,103.96157836914062,0.5770143270492554,0.04918179661035538,1,1
22.433301568962634,39.324,velocity_chirp,1,1,-9.126258545680606,-127.10400390625,0.04371320828795433,-0.14141598343849182,2,1
22.433301568962634,39.324,velocity_chirp,0,4,,0.0,-0.0,0.006000000052154064,0,1
22.433301568962634,39.324,velocity_chirp,0,1,,0.0,0.0,-0.0020000000949949026,0,1
22.44305479998002,39.334,velocity_chirp,1,2,103.83767700195312,103.96157836914062,6.578182220458984,0.3420010507106781,1,1
22.44305479998002,39.334,velocity_chirp,1,1,-8.376014989487038,-127.10400390625,0.04371320828795433,-0.1371413618326187,2,1
22.44305479998002,39.334,velocity_chirp,0,4,,0.0,-0.0,0.006000000052154064,0,1
22.44305479998002,39.334,velocity_chirp,0,1,,0.0,0.0,-0.008999999612569809,0,1
22.453785355959553,39.344,velocity_chirp,1,2,103.83767700195312,103.96157836914062,-5.654740810394287,0.1286439597606659,1,1
22.453785355959553,39.344,velocity_chirp,1,1,-7.231539558142538,-127.10400390625,0.04371320828795433,-0.15006759762763977,2,1
22.453785355959553,39.344,velocity_chirp,0,4,,0.0,-0.0,-0.017999999225139618,0,1
22.453785355959553,39.344,velocity_chirp,0,1,,0.0,0.0,-0.008999999612569809,0,1
22.463486117951106,39.354,velocity_chirp,1,2,103.83767700195312,103.93960571289062,-11.655908584594727,0.4123021960258484,1,1
22.463486117951106,39.354,velocity_chirp,1,1,-5.99332396580984,-127.10400390625,0.04371320828795433,-0.16771447658538818,2,1
22.463486117951106,39.354,velocity_chirp,0,4,,0.0,-0.0,0.054999999701976776,0,1
22.463486117951106,39.354,velocity_chirp,0,1,,0.0,0.0,-0.008999999612569809,0,1
22.473659441981,39.364,velocity_chirp,1,2,103.83767700195312,103.96157836914062,1.6541078090667725,0.17719963192939758,1,1
22.473659441981,39.364,velocity_chirp,1,1,-4.404191262899618,-127.10400390625,0.04371320828795433,-0.17438432574272156,2,1
22.473659441981,39.364,velocity_chirp,0,4,,0.0,-0.0,-0.017999999225139618,0,1
22.473659441981,39.364,velocity_chirp,0,1,,0.0,0.0,-0.008999999612569809,0,1
22.483099701988976,39.374,velocity_chirp,1,2,103.83767700195312,103.96157836914062,-5.270064353942871,0.43478959798812866,1,1
22.483099701988976,39.374,velocity_chirp,1,1,-2.962388768489253,-127.10400390625,0.04371320828795433,-0.17688998579978943,2,1
22.483099701988976,39.374,velocity_chirp,0,4,,0.0,-0.0,-0.017999999225139618,0,1
22.483099701988976,39.374,velocity_chirp,0,1,,0.0,0.0,-0.008999999612569809,0,1
22.493429921974894,39.384,velocity_chirp,1,2,103.83767700195312,103.96157836914062,2.5003955364227295,0.10542935878038406,1,1
22.493429921974894,39.384,velocity_chirp,1,1,-2.962388768489253,-127.10400390625,0.04371320828795433,-0.18450632691383362,2,1
22.493429921974894,39.384,velocity_chirp,0,4,,0.0,-0.0,0.006000000052154064,0,1
22.493429921974894,39.384,velocity_chirp,0,1,,0.0,0.0,0.05000000074505806,0,1
22.50335140095558,39.394,velocity_chirp,1,2,103.83767700195312,103.93960571289062,0.9616906046867371,0.2661283314228058,1,1
22.50335140095558,39.394,velocity_chirp,1,1,-1.3010336032302947,-127.10400390625,0.04371320828795433,-0.18559792637825012,2,1
22.50335140095558,39.394,velocity_chirp,0,4,,0.0,-0.0,-0.017999999225139618,0,1
22.50335140095558,39.394,velocity_chirp,0,1,,0.0,0.0,-0.01600000075995922,0,1
22.513360955985263,39.404,velocity_chirp,1,2,103.83767700195312,103.96157836914062,2.9620070457458496,-0.037115439772605896,1,1
22.513360955985263,39.404,velocity_chirp,1,1,0.5961256418974495,-127.10400390625,0.04371320828795433,-0.1893545389175415,2,1
22.513360955985263,39.404,velocity_chirp,0,4,,0.0,-0.0,-0.017999999225139618,0,1
22.513360955985263,39.404,velocity_chirp,0,1,,0.0,0.0,0.05700000002980232,0,1
22.52333383198129,39.414,velocity_chirp,1,2,103.83767700195312,103.96157836914062,11.194296836853027,0.21806713938713074,1,1
22.52333383198129,39.414,velocity_chirp,1,1,2.4664706902658877,-127.10400390625,0.04371320828795433,-0.1849791407585144,2,1
22.52333383198129,39.414,velocity_chirp,0,4,,0.0,-0.0,0.03200000151991844,0,1
22.52333383198129,39.414,velocity_chirp,0,1,,0.0,0.0,0.05700000002980232,0,1
22.534140310948715,39.424,velocity_chirp,1,2,103.83767700195312,103.88018798828125,1.49164617061615,0.08793370425701141,1,1
22.534140310948715,39.424,velocity_chirp,1,1,4.222476688948758,-127.10400390625,0.04371320828795433,-0.1813039630651474,2,1
22.534140310948715,39.424,velocity_chirp,0,4,,0.0,-0.0,-0.017999999225139618,0,1
22.534140310948715,39.424,velocity_chirp,0,1,,0.0,0.0,0.05700000002980232,0,1
22.543026444967836,39.434,velocity_chirp,1,2,103.83767700195312,103.9835205078125,2.4234602451324463,0.19305966794490814,1,1
22.543026444967836,39.434,velocity_chirp,1,1,5.715756086458928,-127.10400390625,0.04371320828795433,-0.18001246452331543,2,1
22.543026444967836,39.434,velocity_chirp,0,4,,0.0,-0.0,0.006000000052154064,0,1
22.543026444967836,39.434,velocity_chirp,0,1,,0.0,0.0,-0.008999999612569809,0,1
22.553450281964615,39.444,velocity_chirp,1,2,103.83767700195312,103.96157836914062,-2.9620070457458496,0.06755364686250687,1,1
22.553450281964615,39.444,velocity_chirp,1,1,7.010444426168972,-127.10400390625,0.04371320828795433,-0.17331263422966003,2,1
22.553450281964615,39.444,velocity_chirp,0,4,,0.0,-0.0,0.03200000151991844,0,1
22.553450281964615,39.444,velocity_chirp,0,1,,0.0,0.0,-0.0020000000949949026,0,1
22.568822249944787,39.46,velocity_chirp,1,2,103.83767700195312,103.96157836914062,3.8082947731018066,0.04000135883688927,1,1
22.568822249944787,39.46,velocity_chirp,1,1,8.094018525444906,-127.10400390625,0.04371320828795433,-0.1634393334388733,2,1
22.568822249944787,39.46,velocity_chirp,0,4,,0.0,-0.0,0.006000000052154064,0,1
22.568822249944787,39.46,velocity_chirp,0,1,,0.0,0.0,-0.008999999612569809,0,1
22.573273601999972,39.464,velocity_chirp,1,2,103.83767700195312,103.93960571289062,6.270441055297852,0.04000135883688927,1,1
22.573273601999972,39.464,velocity_chirp,1,1,8.094018525444906,-127.10400390625,0.04371320828795433,-0.1634393334388733,2,1
22.573273601999972,39.464,velocity_chirp,0,4,,0.0,-0.0,-0.017999999225139618,0,1
22.573273601999972,39.464,velocity_chirp,0,1,,0.0,0.0,0.05700000002980232,0,1
22.58270571695175,39.474,velocity_chirp,1,2,103.83767700195312,103.93960571289062,0.11540286988019943,0.007652288768440485,1,1
22.58270571695175,39.474,velocity_chirp,1,1,8.970117330106511,-127.10400390625,0.04371320828795433,-0.14271320402622223,2,1
22.58270571695175,39.474,velocity_chirp,0,4,,0.0,-0.0,0.006000000052154064,0,1
22.58270571695175,39.474,velocity_chirp,0,1,,0.0,0.0,-0.01600000075995922,0,1
22.59331128699705,39.484,velocity_chirp,1,2,103.83767700195312,103.87164306640625,1.8849135637283325,0.10144700109958649,1,1
22.59331128699705,39.484,velocity_chirp,1,1,9.622718205614895,-127.10400390625,0.04371320828795433,-0.1373644471168518,2,1
22.59331128699705,39.484,velocity_chirp,0,4,,0.0,-0.0,-0.017999999225139618,0,1
22.59331128699705,39.484,velocity_chirp,0,1,,0.0,0.0,-0.008999999612569809,0,1
22.602815538994037,39.494,velocity_chirp,1,2,103.83767700195312,103.96157836914062,-0.9616906046867371,0.051547907292842865,1,1
22.602815538994037,39.494,velocity_chirp,1,1,9.93969697202261,-127.10400390625,0.04371320828795433,-0.13788704574108124,2,1
22.602815538994037,39.494,velocity_chirp,0,4,,0.0,-0.0,-0.017999999225139618,0,1
22.602815538994037,39.494,velocity_chirp,0,1,,0.0,0.0,-0.008999999612569809,0,1
22.613387494988274,39.504,velocity_chirp,1,2,103.83767700195312,103.85745239257812,3.6544241905212402,0.13861790299415588,1,1
22.613387494988274,39.504,velocity_chirp,1,1,9.971057205777306,-127.10400390625,0.04371320828795433,-0.1225900948047638,2,1
22.613387494988274,39.504,velocity_chirp,0,4,,0.0,-0.0,0.006000000052154064,0,1
22.613387494988274,39.504,velocity_chirp,0,1,,0.0,0.0,-0.008999999612569809,0,1
22.622793941991404,39.514,velocity_chirp,1,2,103.83767700195312,103.9835205078125,2.654266119003296,0.4047183692455292,1,1
22.622793941991404,39.514,velocity_chirp,1,1,9.709557743287963,-127.10400390625,0.04371320828795433,-0.13148970901966095,2,1
22.622793941991404,39.514,velocity_chirp,0,4,,0.0,-0.0,0.006000000052154064,0,1
22.622793941991404,39.514,velocity_chirp,0,1,,0.0,0.0,-0.008999999612569809,0,1
22.633362380962353,39.524,velocity_chirp,1,2,103.83767700195312,103.87164306640625,-0.8847553133964539,-0.01083703525364399,1,1
22.633362380962353,39.524,velocity_chirp,1,1,9.128187351798848,-127.10400390625,0.04371320828795433,-0.11519893258810043,2,1
22.633362380962353,39.524,velocity_chirp,0,4,,0.0,-0.0,-0.017999999225139618,0,1
22.633362380962353,39.524,velocity_chirp,0,1,,0.0,0.0,-0.0020000000949949026,0,1
22.643235889961943,39.534,velocity_chirp,1,2,103.83767700195312,103.93960571289062,-5.4239349365234375,0.054866887629032135,1,1
22.643235889961943,39.534,velocity_chirp,1,1,8.308089536622969,-127.08203125,0.04371320828795433,-0.10243626683950424,2,1
22.643235889961943,39.534,velocity_chirp,0,4,,0.0,-0.0,-0.017999999225139618,0,1
22.643235889961943,39.534,velocity_chirp,0,1,,0.0,0.0,-0.01600000075995922,0,1
22.65312539797742,39.544,velocity_chirp,1,2,103.83767700195312,103.88302612304688,-6.116352081298828,0.07098734378814697,1,1
22.65312539797742,39.544,velocity_chirp,1,1,7.123531400674345,-127.08203125,0.04371320828795433,-0.08813398331403732,2,1
22.65312539797742,39.544,velocity_chirp,0,4,,0.0,-0.0,-0.017999999225139618,0,1
22.65312539797742,39.544,velocity_chirp,0,1,,0.0,0.0,-0.008999999612569809,0,1
22.662738023966085,39.554,velocity_chirp,1,2,103.83767700195312,103.96157836914062,-7.808927536010742,-0.14357095956802368,1,1
22.662738023966085,39.554,velocity_chirp,1,1,5.934220067360315,-127.08203125,0.21856604516506195,-0.08170893043279648,2,1
22.662738023966085,39.554,velocity_chirp,0,4,,0.0,-0.0,0.006000000052154064,0,1
22.662738023966085,39.554,velocity_chirp,0,1,,0.0,0.0,-0.008999999612569809,0,1
22.673245387966745,39.564,velocity_chirp,1,2,103.83767700195312,103.86880493164062,2.1157193183898926,0.06766259670257568,1,1
22.673245387966745,39.564,velocity_chirp,1,1,5.934220067360315,-127.08203125,0.04371320828795433,-0.0722484439611435,2,1
22.673245387966745,39.564,velocity_chirp,0,4,,0.0,-0.0,-0.017999999225139618,0,1
22.673245387966745,39.564,velocity_chirp,0,1,,0.0,0.0,-0.008999999612569809,0,1
22.682733648980502,39.574,velocity_chirp,1,2,103.83767700195312,103.96157836914062,0.3462086021900177,-0.1274186223745346,1,1
22.682733648980502,39.574,velocity_chirp,1,1,4.437048603101326,-127.08203125,0.04371320828795433,-0.07358352839946747,2,1
22.682733648980502,39.574,velocity_chirp,0,4,,0.0,-0.0,0.006000000052154064,0,1
22.682733648980502,39.574,velocity_chirp,0,1,,0.0,0.0,-0.008999999612569809,0,1
22.693317357974593,39.584,velocity_chirp,1,2,103.83767700195312,103.87734985351562,2.192654609680176,-0.06569626927375793,1,1
22.693317357974593,39.584,velocity_chirp,1,1,2.713643590090074,-127.08203125,0.04371320828795433,-0.06628374755382538,2,1
22.693317357974593,39.584,velocity_chirp,0,4,,0.0,-0.0,-0.017999999225139618,0,1
22.693317357974593,39.584,velocity_chirp,0,1,,0.0,0.0,-0.008999999612569809,0,1
22.7026996689965,39.594,velocity_chirp,1,2,103.83767700195312,103.93960571289062,7.809145927429199,0.04210064187645912,1,1
22.7026996689965,39.594,velocity_chirp,1,1,1.0777514797165575,-127.08203125,0.04371320828795433,-0.06424012035131454,2,1
22.7026996689965,39.594,velocity_chirp,0,4,,0.0,-0.0,0.006000000052154064,0,1
22.7026996689965,39.594,velocity_chirp,0,1,,0.0,0.0,-0.008999999612569809,0,1
22.713391290977597,39.604,velocity_chirp,1,2,103.83767700195312,103.93960571289062,-6.193287372589111,0.05292476713657379,1,1
22.713391290977597,39.604,velocity_chirp,1,1,-0.7746058044359884,-127.08203125,0.04371320828795433,-0.06407734751701355,2,1
22.713391290977597,39.604,velocity_chirp,0,4,,0.0,-0.0,0.03200000151991844,0,1
22.713391290977597,39.604,velocity_chirp,0,1,,0.0,0.0,-0.008999999612569809,0,1
22.722824337950442,39.614,velocity_chirp,1,2,103.83767700195312,103.93960571289062,-4.80845308303833,0.11006192117929459,1,1
22.722824337950442,39.614,velocity_chirp,1,1,-2.4379515854545724,-127.08203125,0.04371320828795433,-0.06270035356283188,2,1
22.722824337950442,39.614,velocity_chirp,0,4,,0.0,-0.0,0.006000000052154064,0,1
22.722824337950442,39.614,velocity_chirp,0,1,,0.0,0.0,-0.008999999612569809,0,1
22.73328699794365,39.624,velocity_chirp,1,2,103.83767700195312,103.87164306640625,-4.346841335296631,0.06660481542348862,1,1
22.73328699794365,39.624,velocity_chirp,1,1,-4.143438249487416,-127.08203125,0.04371320828795433,-0.06387634575366974,2,1
22.73328699794365,39.624,velocity_chirp,0,4,,0.0,-0.0,-0.017999999225139618,0,1
22.73328699794365,39.624,velocity_chirp,0,1,,0.0,0.0,-0.07699999958276749,0,1
22.74321105197305,39.634,velocity_chirp,1,2,103.83767700195312,103.93960571289062,-7.270380973815918,0.2976759970188141,1,1
22.74321105197305,39.634,velocity_chirp,1,1,-5.606890530115943,-127.08203125,0.04371320828795433,-0.06909184157848358,2,1
22.74321105197305,39.634,velocity_chirp,0,4,,0.0,-0.0,0.006000000052154064,0,1
22.74321105197305,39.634,velocity_chirp,0,1,,0.0,0.0,-0.008999999612569809,0,1
22.753167886985466,39.644,velocity_chirp,1,2,103.83767700195312,103.865966796875,-5.73167610168457,0.24128617346286774,1,1
22.753167886985466,39.644,velocity_chirp,1,1,-7.071586192055576,-127.08203125,0.04371320828795433,-0.07268662005662918,2,1
22.753167886985466,39.644,velocity_chirp,0,4,,0.0,-0.0,-0.017999999225139618,0,1
22.753167886985466,39.644,velocity_chirp,0,1,,0.0,0.0,-0.008999999612569809,0,1
22.76299839396961,39.654,velocity_chirp,1,2,103.83767700195312,103.93960571289062,0.5000790953636169,0.10045526921749115,1,1
22.76299839396961,39.654,velocity_chirp,1,1,-8.14602803929419,-127.08203125,0.04371320828795433,-0.07920415699481964,2,1
22.76299839396961,39.654,velocity_chirp,0,4,,0.0,-0.0,0.006000000052154064,0,1
22.76299839396961,39.654,velocity_chirp,0,1,,0.0,0.0,0.05700000002980232,0,1
22.77317124698311,39.664,velocity_chirp,1,2,103.83767700195312,103.86318969726562,-4.5776472091674805,0.09425178170204163,1,1
22.77317124698311,39.664,velocity_chirp,1,1,-8.14602803929419,-127.08203125,0.04371320828795433,-0.08743277937173843,2,1
22.77317124698311,39.664,velocity_chirp,0,4,,0.0,-0.0,-0.017999999225139618,0,1
22.77317124698311,39.664,velocity_chirp,0,1,,0.0,0.0,-0.008999999612569809,0,1
22.783061466994695,39.674,velocity_chirp,1,2,103.83767700195312,103.93960571289062,1.0386258363723755,0.050745654851198196,1,1
22.783061466994695,39.674,velocity_chirp,1,1,-9.01293387607515,-127.08203125,0.04371320828795433,-0.09362108260393143,2,1
22.783061466994695,39.674,velocity_chirp,0,4,,0.0,-0.0,0.054999999701976776,0,1
22.783061466994695,39.674,velocity_chirp,0,1,,0.0,0.0,-0.008999999612569809,0,1
22.7931852779584,39.684,velocity_chirp,1,2,103.83767700195312,103.93960571289062,8.270757675170898,0.08252570033073425,1,1
22.7931852779584,39.684,velocity_chirp,1,1,-9.679391002587469,-127.08203125,0.04371320828795433,-0.10623220354318619,2,1
22.7931852779584,39.684,velocity_chirp,0,4,,0.0,-0.0,0.03200000151991844,0,1
22.7931852779584,39.684,velocity_chirp,0,1,,0.0,0.0,0.06400000303983688,0,1
22.802920864953194,39.694,velocity_chirp,1,2,103.83767700195312,103.96157836914062,-0.19233810901641846,0.07063902914524078,1,1
22.802920864953194,39.694,velocity_chirp,1,1,-9.955678019937084,-127.08203125,0.04371320828795433,-0.1058741956949234,2,1
22.802920864953194,39.694,velocity_chirp,0,4,,0.0,-0.0,-0.017999999225139618,0,1
22.802920864953194,39.694,velocity_chirp,0,1,,0.0,0.0,-0.008999999612569809,0,1
22.81325561396079,39.704,velocity_chirp,1,2,103.83767700195312,103.96157836914062,-5.270064353942871,0.08140116184949875,1,1
22.81325561396079,39.704,velocity_chirp,1,1,-9.950881363112437,-127.08203125,0.04371320828795433,-0.11919619888067245,2,1
22.81325561396079,39.704,velocity_chirp,0,4,,0.0,-0.0,0.006000000052154064,0,1
22.81325561396079,39.704,velocity_chirp,0,1,,0.0,0.0,-0.008999999612569809,0,1
22.822840857959818,39.714,velocity_chirp,1,2,103.83767700195312,103.96157836914062,2.654266119003296,0.16123443841934204,1,1
22.822840857959818,39.714,velocity_chirp,1,1,-9.656078430762786,-127.08203125,0.04371320828795433,-0.11645074933767319,2,1
22.822840857959818,39.714,velocity_chirp,0,4,,0.0,-0.0,-0.017999999225139618,0,1
22.822840857959818,39.714,velocity_chirp,0,1,,0.0,0.0,-0.008999999612569809,0,1
22.83365733595565,39.724,velocity_chirp,1,2,103.83767700195312,103.87734985351562,2.346524953842163,0.24811255931854248,1,1
22.83365733595565,39.724,velocity_chirp,1,1,-9.004035736563718,-127.10400390625,0.04371320828795433,-0.13557542860507965,2,1
22.83365733595565,39.724,velocity_chirp,0,4,,0.0,-0.0,0.006000000052154064,0,1
22.83365733595565,39.724,velocity_chirp,0,1,,0.0,0.0,-0.008999999612569809,0,1
22.84277156094322,39.734,velocity_chirp,1,2,103.83767700195312,103.96157836914062,2.346524953842163,0.24811255931854248,1,1
22.84277156094322,39.734,velocity_chirp,1,1,-8.098206210525898,-127.10400390625,0.04371320828795433,-0.14906659722328186,2,1
22.84277156094322,39.734,velocity_chirp,0,4,,0.0,-0.0,0.03200000151991844,0,1
22.84277156094322,39.734,velocity_chirp,0,1,,0.0,0.0,-0.008999999612569809,0,1
22.85324267798569,39.744,velocity_chirp,1,2,103.83767700195312,103.86318969726562,4.9625420570373535,-0.032368842512369156,1,1
22.85324267798569,39.744,velocity_chirp,1,1,-6.941931999755929,-127.10400390625,0.04371320828795433,-0.16272953152656555,2,1
22.85324267798569,39.744,velocity_chirp,0,4,,0.0,-0.0,-0.017999999225139618,0,1
22.85324267798569,39.744,velocity_chirp,0,1,,0.0,0.0,-0.008999999612569809,0,1
22.86312602396356,39.754,velocity_chirp,1,2,103.83767700195312,103.93960571289062,7.039793491363525,-0.0008672649273648858,1,1
22.86312602396356,39.754,velocity_chirp,1,1,-5.602585899180098,-127.10400390625,0.04371320828795433,-0.1716429591178894,2,1
22.86312602396356,39.754,velocity_chirp,0,4,,0.0,-0.0,-0.017999999225139618,0,1
22.86312602396356,39.754,velocity_chirp,0,1,,0.0,0.0,-0.008999999612569809,0,1
22.873136790993158,39.764,velocity_chirp,1,2,103.83767700195312,103.85745239257812,-0.8078200817108154,0.07418537139892578,1,1
22.873136790993158,39.764,velocity_chirp,1,1,-5.602585899180098,-127.10400390625,0.04371320828795433,-0.18100129067897797,2,1
22.873136790993158,39.764,velocity_chirp,0,4,,0.0,-0.0,-0.017999999225139618,0,1
22.873136790993158,39.764,velocity_chirp,0,1,,0.0,0.0,-0.008999999612569809,0,1
22.88285861298209,39.774,velocity_chirp,1,2,103.83767700195312,103.96157836914062,-4.116035461425781,0.11461028456687927,1,1
22.88285861298209,39.774,velocity_chirp,1,1,-4.091634622463749,-127.10400390625,0.04371320828795433,-0.1841505467891693,2,1
22.88285861298209,39.774,velocity_chirp,0,4,,0.0,-0.0,0.006000000052154064,0,1
22.88285861298209,39.774,velocity_chirp,0,1,,0.0,0.0,-0.01600000075995922,0,1
22.893085267976858,39.784,velocity_chirp,1,2,103.83767700195312,103.851806640625,-1.3463667631149292,0.038384970277547836,1,1
22.893085267976858,39.784,velocity_chirp,1,1,-2.2659640212632044,-127.10400390625,0.04371320828795433,-0.18941164016723633,2,1
22.893085267976858,39.784,velocity_chirp,0,4,,0.0,-0.0,0.03200000151991844,0,1
22.893085267976858,39.784,velocity_chirp,0,1,,0.0,0.0,-0.008999999612569809,0,1
22.902681692969054,39.794,velocity_chirp,1,2,103.83767700195312,103.93960571289062,-1.5002373456954956,0.08568349480628967,1,1
22.902681692969054,39.794,velocity_chirp,1,1,-0.6539321457938607,-127.10400390625,0.04371320828795433,-0.18979506194591522,2,1
22.902681692969054,39.794,velocity_chirp,0,4,,0.0,-0.0,-0.017999999225139618,0,1
22.902681692969054,39.794,velocity_chirp,0,1,,0.0,0.0,-0.008999999612569809,0,1
22.9133241729578,39.804,velocity_chirp,1,2,103.83767700195312,103.93960571289062,-0.6539496183395386,0.06188314035534859,1,1
22.9133241729578,39.804,velocity_chirp,1,1,1.263923076557082,-127.10400390625,0.04371320828795433,-0.19028061628341675,2,1
22.9133241729578,39.804,velocity_chirp,0,4,,0.0,-0.0,0.006000000052154064,0,1
22.9133241729578,39.804,velocity_chirp,0,1,,0.0,0.0,-0.01600000075995922,0,1
22.922803336987272,39.814,velocity_chirp,1,2,103.83767700195312,103.96157836914062,-5.808610916137695,0.049536049365997314,1,1
22.922803336987272,39.814,velocity_chirp,1,1,2.9279952703090033,-127.10400390625,0.04371320828795433,-0.19122284650802612,2,1
22.922803336987272,39.814,velocity_chirp,0,4,,0.0,-0.0,-0.017999999225139618,0,1
22.922803336987272,39.814,velocity_chirp,0,1,,0.0,0.0,-0.01600000075995922,0,1
22.933374350948725,39.824,velocity_chirp,1,2,103.83767700195312,103.87448120117188,-3.2697479724884033,0.03087010607123375,1,1
22.933374350948725,39.824,velocity_chirp,1,1,4.666057277639222,-127.10400390625,0.04371320828795433,-0.18973307311534882,2,1
22.933374350948725,39.824,velocity_chirp,0,4,,0.0,-0.0,-0.017999999225139618,0,1
22.933374350948725,39.824,velocity_chirp,0,1,,0.0,0.0,0.24699999392032623,0,1
22.943203024973627,39.834,velocity_chirp,1,2,103.83767700195312,103.96157836914062,8.655433654785156,0.03087010607123375,1,1
22.943203024973627,39.834,velocity_chirp,1,1,6.1086440302507095,-127.10400390625,0.04371320828795433,-0.18280814588069916,2,1
22.943203024973627,39.834,velocity_chirp,0,4,,0.0,-0.0,-0.017999999225139618,0,1
22.943203024973627,39.834,velocity_chirp,0,1,,0.0,0.0,-0.008999999612569809,0,1
22.953253877989482,39.844,velocity_chirp,1,2,103.83767700195312,103.86318969726562,-8.578280448913574,-0.19559261202812195,1,1
22.953253877989482,39.844,velocity_chirp,1,1,7.511696270338465,-127.10400390625,0.04371320828795433,-0.1748676896095276,2,1
22.953253877989482,39.844,velocity_chirp,0,4,,0.0,-0.0,0.03200000151991844,0,1
22.953253877989482,39.844,velocity_chirp,0,1,,0.0,0.0,0.05700000002980232,0,1
22.96310287999222,39.854,velocity_chirp,1,2,103.83767700195312,103.93960571289062,-10.886555671691895,-0.12133806198835373,1,1
22.96310287999222,39.854,velocity_chirp,1,1,8.494569495302928,-127.10400390625,0.04371320828795433,-0.1652093082666397,2,1
22.96310287999222,39.854,velocity_chirp,0,4,,0.0,-0.0,-0.017999999225139618,0,1
22.96310287999222,39.854,velocity_chirp,0,1,,0.0,0.0,-0.008999999612569809,0,1
22.973172527970746,39.864,velocity_chirp,1,2,103.83767700195312,103.8603515625,-9.886397361755371,-0.06664233654737473,1,1
22.973172527970746,39.864,velocity_chirp,1,1,9.234490552538922,-127.10400390625,0.04371320828795433,-0.15483322739601135,2,1
22.973172527970746,39.864,velocity_chirp,0,4,,0.0,-0.0,-0.017999999225139618,0,1
22.973172527970746,39.864,velocity_chirp,0,1,,0.0,0.0,-0.008999999612569809,0,1
22.982681637979113,39.874,velocity_chirp,1,2,103.83767700195312,103.96157836914062,-4.5776472091674805,0.1364172101020813,1,1
22.982681637979113,39.874,velocity_chirp,1,1,9.234490552538922,-127.10400390625,0.04371320828795433,-0.14895837008953094,2,1
22.982681637979113,39.874,velocity_chirp,0,4,,0.0,-0.0,0.006000000052154064,0,1
22.982681637979113,39.874,velocity_chirp,0,1,,0.0,0.0,-0.008999999612569809,0,1
22.993319599947426,39.884,velocity_chirp,1,2,103.83767700195312,103.85745239257812,-2.26958966255188,0.18328142166137695,1,1
22.993319599947426,39.884,velocity_chirp,1,1,9.748919207755462,-127.10400390625,0.04371320828795433,-0.13618837296962738,2,1
22.993319599947426,39.884,velocity_chirp,0,4,,0.0,-0.0,0.006000000052154064,0,1
22.993319599947426,39.884,velocity_chirp,0,1,,0.0,0.0,-0.008999999612569809,0,1
23.002879134961404,39.894,velocity_chirp,1,2,103.83767700195312,103.93960571289062,-5.962481498718262,0.14814908802509308,1,1
23.002879134961404,39.894,velocity_chirp,1,1,9.986293921610429,-127.10400390625,0.04371320828795433,-0.13023269176483154,2,1
23.002879134961404,39.894,velocity_chirp,0,4,,0.0,-0.0,-0.017999999225139618,0,1
23.002879134961404,39.894,velocity_chirp,0,1,,0.0,0.0,-0.008999999612569809,0,1
23.013129624945577,39.904,velocity_chirp,1,2,103.83767700195312,103.8603515625,5.885765075683594,0.08648638427257538,1,1
23.013129624945577,39.904,velocity_chirp,1,1,9.902075152895586,-127.10400390625,0.04371320828795433,-0.11516108363866806,2,1
23.013129624945577,39.904,velocity_chirp,0,4,,0.0,-0.0,-0.017999999225139618,0,1
23.013129624945577,39.904,velocity_chirp,0,1,,0.0,0.0,-0.0020000000949949026,0,1
23.022945924953092,39.914,velocity_chirp,1,2,103.83767700195312,103.96157836914062,0.8078200817108154,0.1603834480047226,1,1
23.022945924953092,39.914,velocity_chirp,1,1,9.538796227503543,-127.10400390625,0.04371320828795433,-0.11500300467014313,2,1
23.022945924953092,39.914,velocity_chirp,0,4,,0.0,-0.0,-0.017999999225139618,0,1
23.022945924953092,39.914,velocity_chirp,0,1,,0.0,0.0,-0.008999999612569809,0,1
23.0333367199637,39.924,velocity_chirp,1,2,103.83767700195312,103.9835205078125,0.8078200817108154,0.17363865673542023,1,1
23.0333367199637,39.924,velocity_chirp,1,1,8.764783335396999,-127.08203125,0.04371320828795433,-0.10050100088119507,2,1
23.0333367199637,39.924,velocity_chirp,0,4,,0.0,-0.0,0.03200000151991844,0,1
23.0333367199637,39.924,velocity_chirp,0,1,,0.0,0.0,-0.19900000095367432,0,1
23.042845418967772,39.934,velocity_chirp,1,2,103.83767700195312,103.9835205078125,-10.424944877624512,0.08352579176425934,1,1
23.042845418967772,39.934,velocity_chirp,1,1,7.821538898286922,-127.08203125,0.04371320828795433,-0.10770130902528763,2,1
23.042845418967772,39.934,velocity_chirp,0,4,,0.0,-0.0,-0.017999999225139618,0,1
23.042845418967772,39.934,velocity_chirp,0,1,,0.0,0.0,-0.008999999612569809,0,1
23.05381713999668,39.944,velocity_chirp,1,2,103.83767700195312,103.89154052734375,10.194991111755371,0.23823398351669312,1,1
23.05381713999668,39.944,velocity_chirp,1,1,6.544358417773819,-127.26019287109375,0.04371320828795433,-0.0955745279788971,2,1
23.05381713999668,39.944,velocity_chirp,0,4,,0.0,-0.0,0.03200000151991844,0,1
23.05381713999668,39.944,velocity_chirp,0,1,,0.0,0.0,-0.008999999612569809,0,1
23.06268607196398,39.954,velocity_chirp,1,2,103.83767700195312,103.96157836914062,-3.962165117263794,0.23823398351669312,1,1
23.06268607196398,39.954,velocity_chirp,1,1,5.021289946466271,-127.08203125,0.04371320828795433,-0.08325260877609253,2,1
23.06268607196398,39.954,velocity_chirp,0,4,,0.0,-0.0,-0.017999999225139618,0,1
23.06268607196398,39.954,velocity_chirp,0,1,,0.0,0.0,-0.008999999612569809,0,1
23.0731713049463,39.964,velocity_chirp,1,2,103.83767700195312,103.88864135742188,6.193505764007568,0.14275899529457092,1,1
23.0731713049463,39.964,velocity_chirp,1,1,3.421886422778056,-127.08203125,0.04371320828795433,-0.07300323992967606,2,1
23.0731713049463,39.964,velocity_chirp,0,4,,0.0,-0.0,0.006000000052154064,0,1
23.0731713049463,39.964,velocity_chirp,0,1,,0.0,0.0,-0.008999999612569809,0,1
23.082838392991107,39.974,velocity_chirp,1,2,103.83767700195312,103.96157836914062,-6.962639808654785,0.1375846266746521,1,1
23.082838392991107,39.974,velocity_chirp,1,1,1.7772218148714352,-127.08203125,0.04371320828795433,-0.06816210597753525,2,1
23.082838392991107,39.974,velocity_chirp,0,4,,0.0,-0.0,-0.017999999225139618,0,1
23.082838392991107,39.974,velocity_chirp,0,1,,0.0,0.0,-0.008999999612569809,0,1
23.0931251119473,39.984,velocity_chirp,1,2,103.83767700195312,103.85745239257812,-3.2697479724884033,0.21469205617904663,1,1
23.0931251119473,39.984,velocity_chirp,1,1,1.7772218148714352,-127.08203125,0.04371320828795433,-0.0648321807384491,2,1
23.0931251119473,39.984,velocity_chirp,0,4,,0.0,-0.0,0.03200000151991844,0,1
23.0931251119473,39.984,velocity_chirp,0,1,,0.0,0.0,-0.008999999612569809,0,1
23.102742726972792,39.994,velocity_chirp,1,2,103.83767700195312,103.93960571289062,-1.2694315910339355,0.1950177550315857,1,1
23.102742726972792,39.994,velocity_chirp,1,1,-0.02663506107346207,-127.08203125,0.04371320828795433,-0.0663578063249588,2,1
23.102742726972792,39.994,velocity_chirp,0,4,,0.0,-0.0,-0.017999999225139618,0,1
23.102742726972792,39.994,velocity_chirp,0,1,,0.0,0.0,-0.008999999612569809,0,1
23.11336299497634,40.004,velocity_chirp,1,2,103.83767700195312,103.8603515625,-3.962165117263794,0.16234801709651947,1,1
23.11336299497634,40.004,velocity_chirp,1,1,-1.9752466827207293,-127.08203125,0.04371320828795433,-0.06617528200149536,2,1
23.11336299497634,40.004,velocity_chirp,0,4,,0.0,-0.0,0.054999999701976776,0,1
23.11336299497634,40.004,velocity_chirp,0,1,,0.0,0.0,-0.008999999612569809,0,1
23.122961072949693,40.014,velocity_chirp,1,2,103.83767700195312,103.96157836914062,-7.731992244720459,-0.025663064792752266,1,1
23.122961072949693,40.014,velocity_chirp,1,1,-3.6311683810914017,-127.08203125,0.04371320828795433,-0.06607462465763092,2,1
23.122961072949693,40.014,velocity_chirp,0,4,,0.0,-0.0,-0.017999999225139618,0,1
23.122961072949693,40.014,velocity_chirp,0,1,,0.0,0.0,0.05700000002980232,0,1
23.133398154983297,40.024,velocity_chirp,1,2,103.83767700195312,103.96157836914062,0.03846762329339981,0.21157044172286987,1,1
23.133398154983297,40.024,velocity_chirp,1,1,-5.369621266264834,-127.08203125,0.04371320828795433,-0.06790918111801147,2,1
23.133398154983297,40.024,velocity_chirp,0,4,,0.0,-0.0,-0.017999999225139618,0,1
23.133398154983297,40.024,velocity_chirp,0,1,,0.0,0.0,0.05700000002980232,0,1
23.14273283595685,40.034,velocity_chirp,1,2,103.83767700195312,103.96157836914062,7.655275821685791,-0.07401502132415771,1,1
23.14273283595685,40.034,velocity_chirp,1,1,-6.741840669633403,-127.08203125,0.04371320828795433,-0.06823394447565079,2,1
23.14273283595685,40.034,velocity_chirp,0,4,,0.0,-0.0,0.03200000151991844,0,1
23.14273283595685,40.034,velocity_chirp,0,1,,0.0,0.0,-0.008999999612569809,0,1
23.153623212943785,40.044,velocity_chirp,1,2,103.83767700195312,103.88302612304688,0.26781368255615234,-0.12706750631332397,1,1
23.153623212943785,40.044,velocity_chirp,1,1,-7.984803761452904,-127.25537109375,-4.764739513397217,-0.07533305883407593,2,1
23.153623212943785,40.044,velocity_chirp,0,4,,0.0,-0.0,0.03200000151991844,0,1
23.153623212943785,40.044,velocity_chirp,0,1,,0.0,0.0,-0.008999999612569809,0,1
23.16304004896665,40.054,velocity_chirp,1,2,103.83767700195312,103.96157836914062,-7.501186370849609,-0.12706750631332397,1,1
23.16304004896665,40.054,velocity_chirp,1,1,-8.936500086403665,-127.08203125,0.04371320828795433,-0.08602932840585709,2,1
23.16304004896665,40.054,velocity_chirp,0,4,,0.0,-0.0,-0.017999999225139618,0,1
23.16304004896665,40.054,velocity_chirp,0,1,,0.0,0.0,-0.008999999612569809,0,1
23.17312976595713,40.064,velocity_chirp,1,2,103.83767700195312,103.87734985351562,11.271232604980469,0.03329998999834061,1,1
23.17312976595713,40.064,velocity_chirp,1,1,-9.625367553730479,-127.08203125,0.04371320828795433,-0.09616051614284515,2,1
23.17312976595713,40.064,velocity_chirp,0,4,,0.0,-0.0,0.006000000052154064,0,1
23.17312976595713,40.064,velocity_chirp,0,1,,0.0,0.0,-0.01600000075995922,0,1
23.1826346279704,40.074,velocity_chirp,1,2,103.83767700195312,103.93960571289062,-5.500870227813721,0.20943640172481537,1,1
23.1826346279704,40.074,velocity_chirp,1,1,-9.625367553730479,-127.08203125,0.04371320828795433,-0.10664882510900497,2,1
23.1826346279704,40.074,velocity_chirp,0,4,,0.0,-0.0,0.03200000151991844,0,1
23.1826346279704,40.074,velocity_chirp,0,1,,0.0,0.0,-0.008999999612569809,0,1
23.193339004996233,40.084,velocity_chirp,1,2,103.83767700195312,103.86318969726562,5.962700366973877,0.07095223665237427,1,1
23.193339004996233,40.084,velocity_chirp,1,1,-9.953108810681885,-127.08203125,0.04371320828795433,-0.11958665400743484,2,1
23.193339004996233,40.084,velocity_chirp,0,4,,0.0,-0.0,-0.017999999225139618,0,1
23.193339004996233,40.084,velocity_chirp,0,1,,0.0,0.0,0.05700000002980232,0,1
23.202788601978682,40.094,velocity_chirp,1,2,103.83767700195312,103.93960571289062,-3.038942337036133,-0.08067717403173447,1,1
23.202788601978682,40.094,velocity_chirp,1,1,-9.967608374439205,-127.10400390625,0.04371320828795433,-0.1285189837217331,2,1
23.202788601978682,40.094,velocity_chirp,0,4,,0.0,-0.0,-0.017999999225139618,0,1
23.202788601978682,40.094,velocity_chirp,0,1,,0.0,0.0,0.05700000002980232,0,1
23.21322238794528,40.104,velocity_chirp,1,2,103.83767700195312,103.85745239257812,-0.2692733705043793,-0.07868149876594543,1,1
23.21322238794528,40.104,velocity_chirp,1,1,-9.625364306883283,-127.10400390625,0.04371320828795433,-0.14238809049129486,2,1
23.21322238794528,40.104,velocity_chirp,0,4,,0.0,-0.0,0.006000000052154064,0,1
23.21322238794528,40.104,velocity_chirp,0,1,,0.0,0.0,0.05000000074505806,0,1
23.22292537498288,40.114,velocity_chirp,1,2,103.83767700195312,103.93960571289062,3.577488899230957,0.1371002346277237,1,1
23.22292537498288,40.114,velocity_chirp,1,1,-9.029711030993822,-127.10400390625,-2.404226541519165,-0.14306339621543884,2,1
23.22292537498288,40.114,velocity_chirp,0,4,,0.0,-0.0,0.006000000052154064,0,1
23.22292537498288,40.114,velocity_chirp,0,1,,0.0,0.0,-0.008999999612569809,0,1
23.233109037973918,40.124,velocity_chirp,1,2,103.83767700195312,103.87734985351562,2.1157193183898926,-0.01561261061578989,1,1
23.233109037973918,40.124,velocity_chirp,1,1,-8.004204350926617,-127.10400390625,0.04371320828795433,-0.15713632106781006,2,1
23.233109037973918,40.124,velocity_chirp,0,4,,0.0,-0.0,0.054999999701976776,0,1
23.233109037973918,40.124,velocity_chirp,0,1,,0.0,0.0,-0.008999999612569809,0,1
23.24268993397709,40.134,velocity_chirp,1,2,103.83767700195312,103.93960571289062,2.5003955364227295,0.006525587290525436,1,1
23.24268993397709,40.134,velocity_chirp,1,1,-6.882045349834785,-127.10400390625,0.04371320828795433,-0.15038098394870758,2,1
23.24268993397709,40.134,velocity_chirp,0,4,,0.0,-0.0,0.03200000151991844,0,1
23.24268993397709,40.134,velocity_chirp,0,1,,0.0,0.0,-0.008999999612569809,0,1
23.253686521959025,40.144,velocity_chirp,1,2,103.83767700195312,103.88302612304688,1.4148510694503784,-0.08360441029071808,1,1
23.253686521959025,40.144,velocity_chirp,1,1,-5.367167034376337,-127.27490234375,0.04371320828795433,-0.16243182122707367,2,1
23.253686521959025,40.144,velocity_chirp,0,4,,0.0,-0.0,0.23800000548362732,0,1
23.253686521959025,40.144,velocity_chirp,0,1,,0.0,0.0,-0.008999999612569809,0,1
23.262765069957823,40.154,velocity_chirp,1,2,103.83767700195312,103.96157836914062,-3.7313594818115234,-0.08360441029071808,1,1
23.262765069957823,40.154,velocity_chirp,1,1,-3.7042187951829546,-127.10400390625,0.04371320828795433,-0.18003863096237183,2,1
23.262765069957823,40.154,velocity_chirp,0,4,,0.0,-0.0,-0.017999999225139618,0,1
23.262765069957823,40.154,velocity_chirp,0,1,,0.0,0.0,-0.0020000000949949026,0,1
23.273236566979904,40.164,velocity_chirp,1,2,103.83767700195312,103.87448120117188,-8.578280448913574,-0.049180563539266586,1,1
23.273236566979904,40.164,velocity_chirp,1,1,-1.8974217493834546,-127.10400390625,0.04371320828795433,-0.18900832533836365,2,1
23.273236566979904,40.164,velocity_chirp,0,4,,0.0,-0.0,-0.017999999225139618,0,1
23.273236566979904,40.164,velocity_chirp,0,1,,0.0,0.0,-0.008999999612569809,0,1
23.282927359978203,40.174,velocity_chirp,1,2,103.83767700195312,103.96157836914062,-4.962323188781738,0.3958504796028137,1,1
23.282927359978203,40.174,velocity_chirp,1,1,-0.1990269761095198,-127.10400390625,0.04371320828795433,-0.19036540389060974,2,1
23.282927359978203,40.174,velocity_chirp,0,4,,0.0,-0.0,0.006000000052154064,0,1
23.282927359978203,40.174,velocity_chirp,0,1,,0.0,0.0,-0.008999999612569809,0,1
23.293116042972542,40.184,velocity_chirp,1,2,103.83767700195312,103.88302612304688,0.03846762329339981,0.15371859073638916,1,1
23.293116042972542,40.184,velocity_chirp,1,1,-0.1990269761095198,-127.10400390625,0.04371320828795433,-0.19032001495361328,2,1
23.293116042972542,40.184,velocity_chirp,0,4,,0.0,-0.0,-0.017999999225139618,0,1
23.293116042972542,40.184,velocity_chirp,0,1,,0.0,0.0,-0.008999999612569809,0,1
23.302834888978396,40.194,velocity_chirp,1,2,103.83767700195312,103.96157836914062,-2.1157193183898926,-0.01365680992603302,1,1
23.302834888978396,40.194,velocity_chirp,1,1,1.6370515839403823,-127.10400390625,0.04371320828795433,-0.19032728672027588,2,1
23.302834888978396,40.194,velocity_chirp,0,4,,0.0,-0.0,0.006000000052154064,0,1
23.302834888978396,40.194,velocity_chirp,0,1,,0.0,0.0,-0.0020000000949949026,0,1
23.313214922964107,40.204,velocity_chirp,1,2,103.83767700195312,103.86880493164062,7.809145927429199,0.1787939816713333,1,1
23.313214922964107,40.204,velocity_chirp,1,1,3.575240140375847,-127.10400390625,0.04371320828795433,-0.18782617151737213,2,1
23.313214922964107,40.204,velocity_chirp,0,4,,0.0,-0.0,-0.06599999964237213,0,1
23.313214922964107,40.204,velocity_chirp,0,1,,0.0,0.0,-0.008999999612569809,0,1
23.32292209699517,40.214,velocity_chirp,1,2,103.83767700195312,103.96157836914062,1.1924962997436523,-0.0661935955286026,1,1
23.32292209699517,40.214,velocity_chirp,1,1,5.1038032465742855,-127.10400390625,0.04371320828795433,-0.18516746163368225,2,1
23.32292209699517,40.214,velocity_chirp,0,4,,0.0,-0.0,-0.017999999225139618,0,1
23.32292209699517,40.214,velocity_chirp,0,1,,0.0,0.0,-0.07699999958276749,0,1
23.33320484799333,40.224,velocity_chirp,1,2,103.83767700195312,103.8603515625,-9.116827011108398,-0.11590244621038437,1,1
23.33320484799333,40.224,velocity_chirp,1,1,6.719018442389702,-127.10400390625,0.04371320828795433,-0.1798241138458252,2,1
23.33320484799333,40.224,velocity_chirp,0,4,,0.0,-0.0,-0.017999999225139618,0,1
23.33320484799333,40.224,velocity_chirp,0,1,,0.0,0.0,0.05700000002980232,0,1
23.342769693990704,40.234,velocity_chirp,1,2,103.83767700195312,103.9835205078125,-3.8082947731018066,-0.17920254170894623,1,1
23.342769693990704,40.234,velocity_chirp,1,1,7.896148705165096,-127.10400390625,0.04371320828795433,-0.18194100260734558,2,1
23.342769693990704,40.234,velocity_chirp,0,4,,0.0,-0.0,0.006000000052154064,0,1
23.342769693990704,40.234,velocity_chirp,0,1,,0.0,0.0,-0.008999999612569809,0,1
23.353261267999187,40.244,velocity_chirp,1,2,103.83767700195312,103.8858642578125,-4.885388374328613,0.22110626101493835,1,1
23.353261267999187,40.244,velocity_chirp,1,1,8.936273724564206,-127.10400390625,0.04371320828795433,-0.16549812257289886,2,1
23.353261267999187,40.244,velocity_chirp,0,4,,0.0,-0.0,-0.017999999225139618,0,1
23.353261267999187,40.244,velocity_chirp,0,1,,0.0,0.0,-0.07699999958276749,0,1
23.363644348981325,40.254,velocity_chirp,1,2,103.83767700195312,103.96157836914062,1.2694315910339355,0.28537434339523315,1,1
23.363644348981325,40.254,velocity_chirp,1,1,9.599639543838432,-127.10400390625,0.04371320828795433,-0.1474061906337738,2,1
23.363644348981325,40.254,velocity_chirp,0,4,,0.0,-0.0,0.006000000052154064,0,1
23.363644348981325,40.254,velocity_chirp,0,1,,0.0,0.0,-0.008999999612569809,0,1
23.373813975951634,40.264,velocity_chirp,1,2,103.83767700195312,103.88018798828125,13.579289436340332,0.16190780699253082,1,1
23.373813975951634,40.264,velocity_chirp,1,1,9.937837728547983,-127.10400390625,0.04371320828795433,-0.1374700665473938,2,1
23.373813975951634,40.264,velocity_chirp,0,4,,0.0,-0.0,0.006000000052154064,0,1
23.373813975951634,40.264,velocity_chirp,0,1,,0.0,0.0,-0.008999999612569809,0,1
23.382703375944402,40.274,velocity_chirp,1,2,103.83767700195312,103.96157836914062,3.038942337036133,0.0648338720202446,1,1
23.382703375944402,40.274,velocity_chirp,1,1,9.979461035793014,-127.10400390625,0.04371320828795433,-0.12583604454994202,2,1
23.382703375944402,40.274,velocity_chirp,0,4,,0.0,-0.0,-0.017999999225139618,0,1
23.382703375944402,40.274,velocity_chirp,0,1,,0.0,0.0,-0.008999999612569809,0,1
23.393243401951622,40.284,velocity_chirp,1,2,103.83767700195312,103.88302612304688,-2.346524953842163,0.08008590340614319,1,1
23.393243401951622,40.284,velocity_chirp,1,1,9.70728067055301,-127.10400390625,0.04371320828795433,-0.11325664073228836,2,1
23.393243401951622,40.284,velocity_chirp,0,4,,0.0,-0.0,-0.017999999225139618,0,1
23.393243401951622,40.284,velocity_chirp,0,1,,0.0,0.0,-0.008999999612569809,0,1
23.4027502789977,40.294,velocity_chirp,1,2,103.83767700195312,103.9835205078125,-4.346841335296631,0.06474634259939194,1,1
23.4027502789977,40.294,velocity_chirp,1,1,9.141421948868638,-127.08203125,0.04371320828795433,-0.10314540565013885,2,1
23.4027502789977,40.294,velocity_chirp,0,4,,0.0,-0.0,-0.017999999225139618,0,1
23.4027502789977,40.294,velocity_chirp,0,1,,0.0,0.0,-0.0020000000949949026,0,1
23.413262091984507,40.304,velocity_chirp,1,2,103.83767700195312,103.85745239257812,-1.1155611276626587,0.20855681598186493,1,1
23.413262091984507,40.304,velocity_chirp,1,1,9.141421948868638,-127.08203125,0.04371320828795433,-0.0967802107334137,2,1
23.413262091984507,40.304,velocity_chirp,0,4,,0.0,-0.0,0.054999999701976776,0,1
23.413262091984507,40.304,velocity_chirp,0,1,,0.0,0.0,-0.008999999612569809,0,1
23.422748017997947,40.314,velocity_chirp,1,2,103.83767700195312,103.96157836914062,9.578657150268555,0.15906406939029694,1,1
23.422748017997947,40.314,velocity_chirp,1,1,8.211340601874005,-127.08203125,4.852166175842285,-0.09199147671461105,2,1
23.422748017997947,40.314,velocity_chirp,0,4,,0.0,-0.0,0.03200000151991844,0,1
23.422748017997947,40.314,velocity_chirp,0,1,,0.0,0.0,-0.008999999612569809,0,1
23.433190880983602,40.324,velocity_chirp,1,2,103.83767700195312,103.86880493164062,0.9616906046867371,0.06189707666635513,1,1
23.433190880983602,40.324,velocity_chirp,1,1,6.938086134166425,-127.08203125,0.04371320828795433,-0.08169259876012802,2,1
23.433190880983602,40.324,velocity_chirp,0,4,,0.0,-0.0,0.006000000052154064,0,1
23.433190880983602,40.324,velocity_chirp,0,1,,0.0,0.0,-0.008999999612569809,0,1
23.44293530494906,40.334,velocity_chirp,1,2,103.83767700195312,103.93960571289062,9.040109634399414,0.23486533761024475,1,1
23.44293530494906,40.334,velocity_chirp,1,1,5.567490822980199,-127.08203125,0.21856604516506195,-0.08086713403463364,2,1
23.44293530494906,40.334,velocity_chirp,0,4,,0.0,-0.0,-0.25,0,1
23.44293530494906,40.334,velocity_chirp,0,1,,0.0,0.0,-0.008999999612569809,0,1
23.453108599991538,40.344,velocity_chirp,1,2,103.83767700195312,103.9835205078125,10.271074295043945,-0.028679344803094864,1,1
23.453108599991538,40.344,velocity_chirp,1,1,3.782821232358768,-127.08203125,0.04371320828795433,-0.07029026001691818,2,1
23.453108599991538,40.344,velocity_chirp,0,4,,0.0,-0.0,0.054999999701976776,0,1
23.453108599991538,40.344,velocity_chirp,0,1,,0.0,0.0,-0.008999999612569809,0,1
23.462976035953034,40.354,velocity_chirp,1,2,103.83767700195312,103.9835205078125,3.038942337036133,-0.2877924144268036,1,1
23.462976035953034,40.354,velocity_chirp,1,1,2.114219033429036,-127.08203125,0.04371320828795433,-0.06710633635520935,2,1
23.462976035953034,40.354,velocity_chirp,0,4,,0.0,-0.0,-0.06599999964237213,0,1
23.462976035953034,40.354,velocity_chirp,0,1,,0.0,0.0,-0.008999999612569809,0,1
23.473985928983893,40.365,velocity_chirp,1,2,103.83767700195312,103.8858642578125,-1.2137190103530884,0.1435548961162567,1,1
23.473985928983893,40.365,velocity_chirp,1,1,0.12045209837149015,-127.25048828125,1.120828576690205e-40,-0.06492138653993607,2,1
23.473985928983893,40.365,velocity_chirp,0,4,,0.0,-0.0,-0.017999999225139618,0,1
23.473985928983893,40.365,velocity_chirp,0,1,,0.0,0.0,-0.01600000075995922,0,1
23.483529895951506,40.374,velocity_chirp,1,2,103.83767700195312,103.96157836914062,4.116035461425781,0.1435548961162567,1,1
23.483529895951506,40.374,velocity_chirp,1,1,-1.7127948709957852,-127.08203125,0.04371320828795433,-0.060410767793655396,2,1
23.483529895951506,40.374,velocity_chirp,0,4,,0.0,-0.0,-0.017999999225139618,0,1
23.483529895951506,40.374,velocity_chirp,0,1,,0.0,0.0,-0.008999999612569809,0,1
23.493351144948974,40.384,velocity_chirp,1,2,103.83767700195312,103.85467529296875,4.654582500457764,0.1918276846408844,1,1
23.493351144948974,40.384,velocity_chirp,1,1,-3.671921910070868,-127.08203125,0.04371320828795433,-0.06363829225301743,2,1
23.493351144948974,40.384,velocity_chirp,0,4,,0.0,-0.0,0.006000000052154064,0,1
23.493351144948974,40.384,velocity_chirp,0,1,,0.0,0.0,-0.008999999612569809,0,1
23.50284923397703,40.394,velocity_chirp,1,2,103.83767700195312,103.96157836914062,2.731201171875,0.1566370278596878,1,1
23.50284923397703,40.394,velocity_chirp,1,1,-3.671921910070868,-127.08203125,0.04371320828795433,-0.06656253337860107,2,1
23.50284923397703,40.394,velocity_chirp,0,4,,0.0,-0.0,0.006000000052154064,0,1
23.50284923397703,40.394,velocity_chirp,0,1,,0.0,0.0,-0.008999999612569809,0,1
23.513085907965433,40.404,velocity_chirp,1,2,103.83767700195312,103.87448120117188,1.1924962997436523,0.06678332388401031,1,1
23.513085907965433,40.404,velocity_chirp,1,1,-5.238435898507491,-127.08203125,0.04371320828795433,-0.0675736665725708,2,1
23.513085907965433,40.404,velocity_chirp,0,4,,0.0,-0.0,-0.017999999225139618,0,1
23.513085907965433,40.404,velocity_chirp,0,1,,0.0,0.0,-0.008999999612569809,0,1
23.52285642194329,40.414,velocity_chirp,1,2,103.83767700195312,103.96157836914062,1.4233020544052124,-0.05893924832344055,1,1
23.52285642194329,40.414,velocity_chirp,1,1,-6.6328356226047545,-127.08203125,0.04371320828795433,-0.0729539766907692,2,1
23.52285642194329,40.414,velocity_chirp,0,4,,0.0,-0.0,0.006000000052154064,0,1
23.52285642194329,40.414,velocity_chirp,0,1,,0.0,0.0,-0.008999999612569809,0,1
23.533417958999053,40.424,velocity_chirp,1,2,103.83767700195312,103.87164306640625,-1.8849135637283325,-0.11007614433765411,1,1
23.533417958999053,40.424,velocity_chirp,1,1,-8.02119050211532,-127.08203125,0.04371320828795433,-0.08401758223772049,2,1
23.533417958999053,40.424,velocity_chirp,0,4,,0.0,-0.0,-0.017999999225139618,0,1
23.533417958999053,40.424,velocity_chirp,0,1,,0.0,0.0,0.05700000002980232,0,1
23.542769200983457,40.434,velocity_chirp,1,2,103.83767700195312,103.93960571289062,-4.039100646972656,0.0006711664609611034,1,1
23.542769200983457,40.434,velocity_chirp,1,1,-8.953441220630875,-127.08203125,-0.04371320828795433,-0.08355598151683807,2,1
23.542769200983457,40.434,velocity_chirp,0,4,,0.0,-0.0,-0.017999999225139618,0,1
23.542769200983457,40.434,velocity_chirp,0,1,,0.0,0.0,-0.008999999612569809,0,1
23.553356746968348,40.444,velocity_chirp,1,2,103.83767700195312,103.93960571289062,-7.962798118591309,0.06579534709453583,1,1
23.553356746968348,40.444,velocity_chirp,1,1,-9.648847190144053,-127.08203125,0.04371320828795433,-0.0989067330956459,2,1
23.553356746968348,40.444,velocity_chirp,0,4,,0.0,-0.0,-0.017999999225139618,0,1
23.553356746968348,40.444,velocity_chirp,0,1,,0.0,0.0,-0.0020000000949949026,0,1
23.56976400897838,40.461,velocity_chirp,1,2,103.83767700195312,103.86318969726562,-3.680363178253174,0.021431464701890945,1,1
23.56976400897838,40.461,velocity_chirp,1,1,-9.940237013400967,-127.08203125,0.04371320828795433,-0.09510359168052673,2,1
23.56976400897838,40.461,velocity_chirp,0,4,,0.0,-0.0,-0.017999999225139618,0,1
23.56976400897838,40.461,velocity_chirp,0,1,,0.0,0.0,-0.008999999612569809,0,1
23.57360445894301,40.464,velocity_chirp,1,2,103.83767700195312,103.87164306640625,2.5949478149414062,0.038149766623973846,1,1
23.57360445894301,40.464,velocity_chirp,1,1,-9.940237013400967,-127.26019287109375,-0.0,-0.11755931377410889,2,1
23.57360445894301,40.464,velocity_chirp,0,4,,0.0,-0.0,-0.017999999225139618,0,1
23.57360445894301,40.464,velocity_chirp,0,1,,0.0,0.0,-0.008999999612569809,0,1
23.5832798529882,40.474,velocity_chirp,1,2,103.83767700195312,103.865966796875,2.9461965560913086,0.14141389727592468,1,1
23.5832798529882,40.474,velocity_chirp,1,1,-9.556258757845292,-127.26263427734375,-0.0,-0.11755931377410889,2,1
23.5832798529882,40.474,velocity_chirp,0,4,,0.0,-0.0,0.006000000052154064,0,1
23.5832798529882,40.474,velocity_chirp,0,1,,0.0,0.0,-0.008999999612569809,0,1
23.593258899985813,40.484,velocity_chirp,1,2,103.83767700195312,103.8603515625,-2.0572166442871094,0.2791089117527008,1,1
23.593258899985813,40.484,velocity_chirp,1,1,-8.745222829379966,-127.26263427734375,-0.0,-0.13577881455421448,2,1
23.593258899985813,40.484,velocity_chirp,0,4,,0.0,-0.0,0.006000000052154064,0,1
23.593258899985813,40.484,velocity_chirp,0,1,,0.0,0.0,-0.008999999612569809,0,1
23.60281919699628,40.494,velocity_chirp,1,2,103.83767700195312,103.85745239257812,-0.7076964974403381,0.2085719257593155,1,1
23.60281919699628,40.494,velocity_chirp,1,1,-8.745222829379966,-127.26995849609375,-2.838520529735433e-10,-0.15056192874908447,2,1
23.60281919699628,40.494,velocity_chirp,0,4,,0.0,-0.0,-0.017999999225139618,0,1
23.60281919699628,40.494,velocity_chirp,0,1,,0.0,0.0,-0.008999999612569809,0,1
23.613217014994007,40.504,velocity_chirp,1,2,103.83767700195312,103.86318969726562,-7.213533878326416,0.19065022468566895,1,1
23.613217014994007,40.504,velocity_chirp,1,1,-7.739033680828892,-127.2724609375,-2.867952928506358e-38,-0.1487414836883545,2,1
23.613217014994007,40.504,velocity_chirp,0,4,,0.0,-0.0,0.03200000151991844,0,1
23.613217014994007,40.504,velocity_chirp,0,1,,0.0,0.0,-0.008999999612569809,0,1
23.622994200966787,40.514,velocity_chirp,1,2,103.83767700195312,103.85467529296875,2.926295757293701,0.07841617614030838,1,1
23.622994200966787,40.514,velocity_chirp,1,1,-6.487689614315009,-127.2724609375,0.04371320828795433,-0.1487414836883545,2,1
23.622994200966787,40.514,velocity_chirp,0,4,,0.0,-0.0,-0.017999999225139618,0,1
23.622994200966787,40.514,velocity_chirp,0,1,,0.0,0.0,0.05000000074505806,0,1
23.633369135961402,40.524,velocity_chirp,1,2,103.83767700195312,103.87448120117188,15.64175033569336,-0.1083904355764389,1,1
23.633369135961402,40.524,velocity_chirp,1,1,-4.784778346309978,-127.2724609375,-0.0,-0.1571611762046814,2,1
23.633369135961402,40.524,velocity_chirp,0,4,,0.0,-0.0,-0.017999999225139618,0,1
23.633369135961402,40.524,velocity_chirp,0,1,,0.0,0.0,-0.0020000000949949026,0,1
23.642991178960074,40.534,velocity_chirp,1,2,103.83767700195312,103.8603515625,-6.847840785980225,0.025217685848474503,1,1
23.642991178960074,40.534,velocity_chirp,1,1,-3.1537156160716457,-127.2724609375,-0.0,-0.1554192304611206,2,1
23.642991178960074,40.534,velocity_chirp,0,4,,0.0,-0.0,0.03200000151991844,0,1
23.642991178960074,40.534,velocity_chirp,0,1,,0.0,0.0,-0.008999999612569809,0,1
23.653155385982245,40.544,velocity_chirp,1,2,103.83767700195312,103.85467529296875,-0.8879478573799133,-0.21203836798667908,1,1
23.653155385982245,40.544,velocity_chirp,1,1,-1.2060979575529294,-127.2724609375,-0.0,-0.16386178135871887,2,1
23.653155385982245,40.544,velocity_chirp,0,4,,0.0,-0.0,0.006000000052154064,0,1
23.653155385982245,40.544,velocity_chirp,0,1,,0.0,0.0,-0.008999999612569809,0,1
23.66310553898802,40.554,velocity_chirp,1,2,103.83767700195312,103.85745239257812,-0.7647220492362976,0.011358469724655151,1,1
23.66310553898802,40.554,velocity_chirp,1,1,0.5881292052803757,-127.2724609375,-4.7287678718566895,-0.16386178135871887,2,1
23.66310553898802,40.554,velocity_chirp,0,4,,0.0,-0.0,0.006000000052154064,0,1
23.66310553898802,40.554,velocity_chirp,0,1,,0.0,0.0,0.05700000002980232,0,1
23.673653038975317,40.564,velocity_chirp,1,2,103.83767700195312,103.86318969726562,1.8500217199325562,-0.019281193614006042,1,1
23.673653038975317,40.564,velocity_chirp,1,1,2.6085553061703286,-127.27490234375,-0.0,-0.16460338234901428,2,1
23.673653038975317,40.564,velocity_chirp,0,4,,0.0,-0.0,0.006000000052154064,0,1
23.673653038975317,40.564,velocity_chirp,0,1,,0.0,0.0,-0.008999999612569809,0,1
23.68321606097743,40.574,velocity_chirp,1,2,103.83767700195312,103.86318969726562,0.7578952312469482,-0.08312444388866425,1,1
23.68321606097743,40.574,velocity_chirp,1,1,4.33117307193359,-127.27490234375,-0.0,-0.16460338234901428,2,1
23.68321606097743,40.574,velocity_chirp,0,4,,0.0,-0.0,-0.017999999225139618,0,1
23.68321606097743,40.574,velocity_chirp,0,1,,0.0,0.0,-0.008999999612569809,0,1
23.693189317942597,40.584,velocity_chirp,1,2,103.83767700195312,103.85745239257812,-4.579922676086426,-0.05050182715058327,1,1
23.693189317942597,40.584,velocity_chirp,1,1,6.067625817800123,-127.27490234375,-0.0,-0.15380015969276428,2,1
23.693189317942597,40.584,velocity_chirp,0,4,,0.0,-0.0,-0.017999999225139618,0,1
23.693189317942597,40.584,velocity_chirp,0,1,,0.0,0.0,-0.008999999612569809,0,1
23.702941726951394,40.594,velocity_chirp,1,2,103.83767700195312,103.84896850585938,0.009813914075493813,0.054691605269908905,1,1
23.702941726951394,40.594,velocity_chirp,1,1,6.067625817800123,-127.2724609375,0.00014882022514939308,-0.15380015969276428,2,1
23.702941726951394,40.594,velocity_chirp,0,4,,0.0,-0.0,0.03200000151991844,0,1
23.702941726951394,40.594,velocity_chirp,0,1,,0.0,0.0,-0.0020000000949949026,0,1
23.71298236097209,40.604,velocity_chirp,1,2,103.83767700195312,103.84896850585938,-14.143662452697754,-0.013054906390607357,1,1
23.71298236097209,40.604,velocity_chirp,1,1,7.440602374261893,-127.2724609375,-0.0,-0.14203469455242157,2,1
23.71298236097209,40.604,velocity_chirp,0,4,,0.0,-0.0,-0.017999999225139618,0,1
23.71298236097209,40.604,velocity_chirp,0,1,,0.0,0.0,-0.008999999612569809,0,1
23.723001513979398,40.614,velocity_chirp,1,2,103.83767700195312,103.851806640625,-5.443227291107178,0.15542134642601013,1,1
23.723001513979398,40.614,velocity_chirp,1,1,8.677869658081509,-127.2724609375,-0.0,-0.14203469455242157,2,1
23.723001513979398,40.614,velocity_chirp,0,4,,0.0,-0.0,-0.017999999225139618,0,1
23.723001513979398,40.614,velocity_chirp,0,1,,0.0,0.0,-0.008999999612569809,0,1
23.733194274944253,40.624,velocity_chirp,1,2,103.83767700195312,103.8858642578125,-0.04652014747262001,-0.011223454028367996,1,1
23.733194274944253,40.624,velocity_chirp,1,1,9.408776967272765,-127.26995849609375,4.820466717277371e-43,-0.1272880584001541,2,1
23.733194274944253,40.624,velocity_chirp,0,4,,0.0,-0.0,-0.017999999225139618,0,1
23.733194274944253,40.624,velocity_chirp,0,1,,0.0,0.0,-0.008999999612569809,0,1
23.743114901997615,40.634,velocity_chirp,1,2,103.83767700195312,103.87734985351562,3.573204755783081,0.07493681460618973,1,1
23.743114901997615,40.634,velocity_chirp,1,1,9.853759304441168,-127.267578125,9.301264071837068e-06,-0.12780587375164032,2,1
23.743114901997615,40.634,velocity_chirp,0,4,,0.0,-0.0,-0.017999999225139618,0,1
23.743114901997615,40.634,velocity_chirp,0,1,,0.0,0.0,-0.008999999612569809,0,1
23.75340554799186,40.644,velocity_chirp,1,2,103.83767700195312,103.87164306640625,15.172987937927246,0.13312353193759918,1,1
23.75340554799186,40.644,velocity_chirp,1,1,9.991911860292399,-127.267578125,-0.0,-0.113411083817482,2,1
23.75340554799186,40.644,velocity_chirp,0,4,,0.0,-0.0,-0.017999999225139618,0,1
23.75340554799186,40.644,velocity_chirp,0,1,,0.0,0.0,-0.008999999612569809,0,1
23.762920117995236,40.654,velocity_chirp,1,2,103.83767700195312,103.865966796875,4.318631172180176,0.01591518148779869,1,1
23.762920117995236,40.654,velocity_chirp,1,1,9.753470483217592,-127.26263427734375,9.304156264988706e-06,-0.113411083817482,2,1
23.762920117995236,40.654,velocity_chirp,0,4,,0.0,-0.0,-0.017999999225139618,0,1
23.762920117995236,40.654,velocity_chirp,0,1,,0.0,0.0,0.06400000303983688,0,1
23.773418044962455,40.664,velocity_chirp,1,2,103.83767700195312,103.84896850585938,-8.454875946044922,0.22305898368358612,1,1
23.773418044962455,40.664,velocity_chirp,1,1,9.12543303589436,-127.08203125,0.04371320828795433,-0.08996260911226273,2,1
23.773418044962455,40.664,velocity_chirp,0,4,,0.0,-0.0,-0.017999999225139618,0,1
23.773418044962455,40.664,velocity_chirp,0,1,,0.0,0.0,-0.008999999612569809,0,1
23.78330622095382,40.674,velocity_chirp,1,2,103.83767700195312,103.86318969726562,-1.440813422203064,0.22273948788642883,1,1
23.78330622095382,40.674,velocity_chirp,1,1,8.21795069884965,-127.2578125,1.2605563391933897e-25,-0.07636555284261703,2,1
23.78330622095382,40.674,velocity_chirp,0,4,,0.0,-0.0,-0.017999999225139618,0,1
23.78330622095382,40.674,velocity_chirp,0,1,,0.0,0.0,-0.008999999612569809,0,1
23.792920088977553,40.684,velocity_chirp,1,2,103.83767700195312,103.88018798828125,-1.1181646585464478,0.0602911040186882,1,1
23.792920088977553,40.684,velocity_chirp,1,1,6.8297339657059295,-127.2578125,4.865264892578125,-0.07274890691041946,2,1
23.792920088977553,40.684,velocity_chirp,0,4,,0.0,-0.0,-0.017999999225139618,0,1
23.792920088977553,40.684,velocity_chirp,0,1,,0.0,0.0,-0.008999999612569809,0,1
23.802792284986936,40.694,velocity_chirp,1,2,103.83767700195312,103.87164306640625,-3.2305760383605957,0.1309661567211151,1,1
23.802792284986936,40.694,velocity_chirp,1,1,6.8297339657059295,-127.25048828125,4.4379465380384175e-12,-0.07274890691041946,2,1
23.802792284986936,40.694,velocity_chirp,0,4,,0.0,-0.0,0.03200000151991844,0,1
23.802792284986936,40.694,velocity_chirp,0,1,,0.0,0.0,-0.008999999612569809,0,1
23.813307313947007,40.704,velocity_chirp,1,2,103.83767700195312,103.8858642578125,-8.637012481689453,0.03715624287724495,1,1
23.813307313947007,40.704,velocity_chirp,1,1,5.389373619100587,-127.248046875,1.9234563281149135e-30,-0.06371070444583893,2,1
23.813307313947007,40.704,velocity_chirp,0,4,,0.0,-0.0,0.006000000052154064,0,1
23.813307313947007,40.704,velocity_chirp,0,1,,0.0,0.0,0.05700000002980232,0,1
23.823032952961512,40.714,velocity_chirp,1,2,103.83767700195312,103.87448120117188,-6.48992919921875,0.14838925004005432,1,1
23.823032952961512,40.714,velocity_chirp,1,1,3.7512093949770224,-127.248046875,-0.0,-0.06371070444583893,2,1
23.823032952961512,40.714,velocity_chirp,0,4,,0.0,-0.0,0.054999999701976776,0,1
23.823032952961512,40.714,velocity_chirp,0,1,,0.0,0.0,0.05700000002980232,0,1
23.83305932895746,40.724,velocity_chirp,1,2,103.83767700195312,103.87734985351562,0.8871771693229675,0.18860922753810883,1,1
23.83305932895746,40.724,velocity_chirp,1,1,1.7368484630493075,-127.248046875,-0.0,-0.06084262207150459,2,1
23.83305932895746,40.724,velocity_chirp,0,4,,0.0,-0.0,0.006000000052154064,0,1
23.83305932895746,40.724,velocity_chirp,0,1,,0.0,0.0,-0.008999999612569809,0,1
23.842911767947953,40.734,velocity_chirp,1,2,103.83767700195312,103.89718627929688,3.1126911640167236,0.15897513926029205,1,1
23.842911767947953,40.734,velocity_chirp,1,1,-0.37653135979594193,-127.248046875,0.04371320828795433,-0.060256823897361755,2,1
23.842911767947953,40.734,velocity_chirp,0,4,,0.0,-0.0,0.03200000151991844,0,1
23.842911767947953,40.734,velocity_chirp,0,1,,0.0,0.0,-0.008999999612569809,0,1
23.85327632294502,40.744,velocity_chirp,1,2,103.83767700195312,103.88018798828125,7.04603910446167,0.0819171890616417,1,1
23.85327632294502,40.744,velocity_chirp,1,1,-2.453460583802156,-127.2431640625,2.325316017959267e-06,-0.05738161504268646,2,1
23.85327632294502,40.744,velocity_chirp,0,4,,0.0,-0.0,0.054999999701976776,0,1
23.85327632294502,40.744,velocity_chirp,0,1,,0.0,0.0,0.05700000002980232,0,1
23.86316407797858,40.754,velocity_chirp,1,2,103.83767700195312,103.9000244140625,-2.6267898082733154,-0.053339891135692596,1,1
23.86316407797858,40.754,velocity_chirp,1,1,-4.190032736230622,-127.2431640625,-0.0,-0.05738161504268646,2,1
23.86316407797858,40.754,velocity_chirp,0,4,,0.0,-0.0,0.03200000151991844,0,1
23.86316407797858,40.754,velocity_chirp,0,1,,0.0,0.0,-0.008999999612569809,0,1
23.873033227981068,40.764,velocity_chirp,1,2,103.83767700195312,103.88302612304688,-3.526923179626465,0.11571990698575974,1,1
23.873033227981068,40.764,velocity_chirp,1,1,-5.976934120954373,-127.24554443359375,-9.848096399948357e-28,-0.06765924394130707,2,1
23.873033227981068,40.764,velocity_chirp,0,4,,0.0,-0.0,-0.017999999225139618,0,1
23.873033227981068,40.764,velocity_chirp,0,1,,0.0,0.0,-0.0020000000949949026,0,1
23.883038283966016,40.774,velocity_chirp,1,2,103.83767700195312,103.88302612304688,-0.4533020853996277,0.2903098165988922,1,1
23.883038283966016,40.774,velocity_chirp,1,1,-7.340620046541247,-127.248046875,-1.3868582931370055e-13,-0.06765924394130707,2,1
23.883038283966016,40.774,velocity_chirp,0,4,,0.0,-0.0,-0.017999999225139618,0,1
23.883038283966016,40.774,velocity_chirp,0,1,,0.0,0.0,-0.01600000075995922,0,1
23.893180849961936,40.784,velocity_chirp,1,2,103.83767700195312,103.87734985351562,-0.7948088645935059,0.2556932270526886,1,1
23.893180849961936,40.784,velocity_chirp,1,1,-7.340620046541247,-127.248046875,-0.0,-0.07652388513088226,2,1
23.893180849961936,40.784,velocity_chirp,0,4,,0.0,-0.0,-0.017999999225139618,0,1
23.893180849961936,40.784,velocity_chirp,0,1,,0.0,0.0,0.06400000303983688,0,1
23.90319105697563,40.794,velocity_chirp,1,2,103.83767700195312,103.89718627929688,1.6560332775115967,0.051054373383522034,1,1
23.90319105697563,40.794,velocity_chirp,1,1,-8.490112682447227,-127.2529296875,-1.1361143137378349e-09,-0.08683788776397705,2,1
23.90319105697563,40.794,velocity_chirp,0,4,,0.0,-0.0,-0.017999999225139618,0,1
23.90319105697563,40.794,velocity_chirp,0,1,,0.0,0.0,-0.008999999612569809,0,1
23.913242620998062,40.804,velocity_chirp,1,2,103.83767700195312,103.89154052734375,-2.2630836963653564,-0.28229010105133057,1,1
23.913242620998062,40.804,velocity_chirp,1,1,-9.284138881309726,-127.2529296875,-0.0,-0.09064288437366486,2,1
23.913242620998062,40.804,velocity_chirp,0,4,,0.0,-0.0,-0.017999999225139618,0,1
23.913242620998062,40.804,velocity_chirp,0,1,,0.0,0.0,-0.01600000075995922,0,1
23.92333703598706,40.814,velocity_chirp,1,2,103.83767700195312,103.865966796875,-1.426910400390625,-0.04033948481082916,1,1
23.92333703598706,40.814,velocity_chirp,1,1,-9.793964969279408,-127.2578125,-5.680571568689174e-10,-0.09064288437366486,2,1
23.92333703598706,40.814,velocity_chirp,0,4,,0.0,-0.0,-0.06599999964237213,0,1
23.92333703598706,40.814,velocity_chirp,0,1,,0.0,0.0,-0.008999999612569809,0,1
23.933054328954313,40.824,velocity_chirp,1,2,103.83767700195312,103.84896850585938,-3.946714401245117,0.000859632040373981,1,1
23.933054328954313,40.824,velocity_chirp,1,1,-9.996807068764701,-127.2578125,-0.0,-0.10439721494913101,2,1
23.933054328954313,40.824,velocity_chirp,0,4,,0.0,-0.0,-0.017999999225139618,0,1
23.933054328954313,40.824,velocity_chirp,0,1,,0.0,0.0,-0.008999999612569809,0,1
23.942931834957562,40.834,velocity_chirp,1,2,103.83767700195312,103.86880493164062,0.8683100938796997,0.1531728059053421,1,1
23.942931834957562,40.834,velocity_chirp,1,1,-9.829366742776573,-127.26019287109375,-4.1305910122688994e-21,-0.10439721494913101,2,1
23.942931834957562,40.834,velocity_chirp,0,4,,0.0,-0.0,-0.017999999225139618,0,1
23.942931834957562,40.834,velocity_chirp,0,1,,0.0,0.0,-0.0020000000949949026,0,1
23.953031188983005,40.844,velocity_chirp,1,2,103.83767700195312,103.87164306640625,3.596994161605835,-0.02091290056705475,1,1
23.953031188983005,40.844,velocity_chirp,1,1,-9.348984843119359,-127.26263427734375,-0.0,-0.12208691239356995,2,1
23.953031188983005,40.844,velocity_chirp,0,4,,0.0,-0.0,0.006000000052154064,0,1
23.953031188983005,40.844,velocity_chirp,0,1,,0.0,0.0,-0.0020000000949949026,0,1
23.963372339960188,40.854,velocity_chirp,1,2,103.83767700195312,103.86318969726562,0.7435184121131897,0.13692352175712585,1,1
23.963372339960188,40.854,velocity_chirp,1,1,-8.350140877475907,-127.267578125,-8.665170767334016e-15,-0.12360281497240067,2,1
23.963372339960188,40.854,velocity_chirp,0,4,,0.0,-0.0,0.006000000052154064,0,1
23.963372339960188,40.854,velocity_chirp,0,1,,0.0,0.0,-0.008999999612569809,0,1
23.97331776394276,40.864,velocity_chirp,1,2,103.83767700195312,103.86880493164062,9.683884620666504,0.0924331471323967,1,1
23.97331776394276,40.864,velocity_chirp,1,1,-7.230559626764616,-127.26995849609375,-0.00014882022514939308,-0.15101096034049988,2,1
23.97331776394276,40.864,velocity_chirp,0,4,,0.0,-0.0,0.03200000151991844,0,1
23.97331776394276,40.864,velocity_chirp,0,1,,0.0,0.0,-0.008999999612569809,0,1
23.9830088079907,40.874,velocity_chirp,1,2,103.83767700195312,103.86880493164062,1.725937008857727,0.2058294713497162,1,1
23.9830088079907,40.874,velocity_chirp,1,1,-5.878127580338592,-127.2724609375,-6.613055673298862e-20,-0.15101096034049988,2,1
23.9830088079907,40.874,velocity_chirp,0,4,,0.0,-0.0,0.006000000052154064,0,1
23.9830088079907,40.874,velocity_chirp,0,1,,0.0,0.0,-0.07699999958276749,0,1
23.993770562985446,40.885,velocity_chirp,1,2,103.83767700195312,103.87734985351562,-7.351075172424316,0.2682907283306122,1,1
23.993770562985446,40.885,velocity_chirp,1,1,-4.104638006604215,-127.10400390625,-4.240180969238281,-0.1666836142539978,2,1
23.993770562985446,40.885,velocity_chirp,0,4,,0.0,-0.0,-0.017999999225139618,0,1
23.993770562985446,40.885,velocity_chirp,0,1,,0.0,0.0,-0.008999999612569809,0,1
24.002784087962937,40.894,velocity_chirp,1,2,103.83767700195312,103.8858642578125,-1.5032418966293335,-0.11518776416778564,1,1
24.002784087962937,40.894,velocity_chirp,1,1,-2.2357216586612454,-127.27490234375,-0.0,-0.1666836142539978,2,1
24.002784087962937,40.894,velocity_chirp,0,4,,0.0,-0.0,0.006000000052154064,0,1
24.002784087962937,40.894,velocity_chirp,0,1,,0.0,0.0,0.05700000002980232,0,1
24.013313273957465,40.904,velocity_chirp,1,2,103.83767700195312,103.8858642578125,-0.15866048634052277,-0.19039314985275269,1,1
24.013313273957465,40.904,velocity_chirp,1,1,-0.271722010560395,-127.27490234375,-0.0,-0.1741076409816742,2,1
24.013313273957465,40.904,velocity_chirp,0,4,,0.0,-0.0,-0.0430000014603138,0,1
24.013313273957465,40.904,velocity_chirp,0,1,,0.0,0.0,-0.0020000000949949026,0,1
24.02333292795811,40.914,velocity_chirp,1,2,103.83767700195312,103.87164306640625,3.1057891845703125,-0.07993436604738235,1,1
24.02333292795811,40.914,velocity_chirp,1,1,1.6087886335489494,-127.27490234375,-0.0,-0.1741076409816742,2,1
24.02333292795811,40.914,velocity_chirp,0,4,,0.0,-0.0,-0.017999999225139618,0,1
24.02333292795811,40.914,velocity_chirp,0,1,,0.0,0.0,-0.008999999612569809,0,1
24.033256339957006,40.924,velocity_chirp,1,2,103.83767700195312,103.85745239257812,-3.172271251678467,-0.16714121401309967,1,1
24.033256339957006,40.924,velocity_chirp,1,1,3.3551258244407274,-127.27490234375,-0.0,-0.1695084571838379,2,1
24.033256339957006,40.924,velocity_chirp,0,4,,0.0,-0.0,0.006000000052154064,0,1
24.033256339957006,40.924,velocity_chirp,0,1,,0.0,0.0,-0.008999999612569809,0,1
24.042970366950613,40.934,velocity_chirp,1,2,103.83767700195312,103.865966796875,-4.591344356536865,-0.019376426935195923,1,1
24.042970366950613,40.934,velocity_chirp,1,1,3.3551258244407274,-127.27490234375,-0.0,-0.1695084571838379,2,1
24.042970366950613,40.934,velocity_chirp,0,4,,0.0,-0.0,-0.06599999964237213,0,1
24.042970366950613,40.934,velocity_chirp,0,1,,0.0,0.0,-0.008999999612569809,0,1
24.052983888948802,40.944,velocity_chirp,1,2,103.83767700195312,103.86318969726562,-9.603508949279785,-0.003886657766997814,1,1
24.052983888948802,40.944,velocity_chirp,1,1,5.008830668240524,-127.27490234375,-0.0,-0.16449092328548431,2,1
24.052983888948802,40.944,velocity_chirp,0,4,,0.0,-0.0,0.03200000151991844,0,1
24.052983888948802,40.944,velocity_chirp,0,1,,0.0,0.0,-0.008999999612569809,0,1
24.063212577952072,40.954,velocity_chirp,1,2,103.83767700195312,103.85745239257812,-4.528885841369629,0.06959408521652222,1,1
24.063212577952072,40.954,velocity_chirp,1,1,6.762951487210833,-127.27490234375,-0.0,-0.16449092328548431,2,1
24.063212577952072,40.954,velocity_chirp,0,4,,0.0,-0.0,-0.017999999225139618,0,1
24.063212577952072,40.954,velocity_chirp,0,1,,0.0,0.0,-0.008999999612569809,0,1
24.07326914195437,40.964,velocity_chirp,1,2,103.83767700195312,103.8603515625,-5.538362503051758,0.13324785232543945,1,1
24.07326914195437,40.964,velocity_chirp,1,1,8.000399603876367,-127.27490234375,-0.0,-0.1527608335018158,2,1
24.07326914195437,40.964,velocity_chirp,0,4,,0.0,-0.0,-0.017999999225139618,0,1
24.07326914195437,40.964,velocity_chirp,0,1,,0.0,0.0,-0.008999999612569809,0,1
24.08301872597076,40.974,velocity_chirp,1,2,103.83767700195312,103.84896850585938,-11.381512641906738,0.32081153988838196,1,1
24.08301872597076,40.974,velocity_chirp,1,1,8.952466161450566,-127.27490234375,-0.0,-0.13680291175842285,2,1
24.08301872597076,40.974,velocity_chirp,0,4,,0.0,-0.0,0.03200000151991844,0,1
24.08301872597076,40.974,velocity_chirp,0,1,,0.0,0.0,0.05700000002980232,0,1
24.09350011195056,40.984,velocity_chirp,1,2,103.83767700195312,103.851806640625,4.7101521492004395,-0.031711988151073456,1,1
24.09350011195056,40.984,velocity_chirp,1,1,9.68015248693735,-127.2724609375,-0.0,-0.13668684661388397,2,1
24.09350011195056,40.984,velocity_chirp,0,4,,0.0,-0.0,0.054999999701976776,0,1
24.09350011195056,40.984,velocity_chirp,0,1,,0.0,0.0,-0.008999999612569809,0,1
24.1030845939531,40.994,velocity_chirp,1,2,103.83767700195312,103.88302612304688,10.170859336853027,-0.20882917940616608,1,1
24.1030845939531,40.994,velocity_chirp,1,1,9.983133756426819,-127.26995849609375,7.445638766512275e-05,-0.12584903836250305,2,1
24.1030845939531,40.994,velocity_chirp,0,4,,0.0,-0.0,-0.017999999225139618,0,1
24.1030845939531,40.994,velocity_chirp,0,1,,0.0,0.0,0.05700000002980232,0,1
24.113638716982678,41.004,velocity_chirp,1,2,103.83767700195312,103.88302612304688,5.3191752433776855,0.0647638738155365,1,1
24.113638716982678,41.004,velocity_chirp,1,1,9.880793365485404,-127.26995849609375,-0.0,-0.11356383562088013,2,1
24.113638716982678,41.004,velocity_chirp,0,4,,0.0,-0.0,-0.017999999225139618,0,1
24.113638716982678,41.004,velocity_chirp,0,1,,0.0,0.0,-0.01600000075995922,0,1
24.123328938963823,41.014,velocity_chirp,1,2,103.83767700195312,103.87164306640625,-11.886507987976074,0.0010022534988820553,1,1
24.123328938963823,41.014,velocity_chirp,1,1,9.434579111740081,-127.26263427734375,1.0087586435645371e-24,-0.11356383562088013,2,1
24.123328938963823,41.014,velocity_chirp,0,4,,0.0,-0.0,-0.017999999225139618,0,1
24.123328938963823,41.014,velocity_chirp,0,1,,0.0,0.0,0.05700000002980232,0,1
24.133135500946082,41.024,velocity_chirp,1,2,103.83767700195312,103.865966796875,2.921635150909424,0.14937818050384521,1,1
24.133135500946082,41.024,velocity_chirp,1,1,8.68864130341517,-127.26263427734375,-0.0,-0.09829816967248917,2,1
24.133135500946082,41.024,velocity_chirp,0,4,,0.0,-0.0,0.006000000052154064,0,1
24.133135500946082,41.024,velocity_chirp,0,1,,0.0,0.0,-0.008999999612569809,0,1
24.142796577943955,41.034,velocity_chirp,1,2,103.83767700195312,103.8603515625,-0.6321110129356384,0.14114613831043243,1,1
24.142796577943955,41.034,velocity_chirp,1,1,7.465332682091201,-127.26019287109375,9.854220857171509e-28,-0.09829816967248917,2,1
24.142796577943955,41.034,velocity_chirp,0,4,,0.0,-0.0,-0.017999999225139618,0,1
24.142796577943955,41.034,velocity_chirp,0,1,,0.0,0.0,-0.008999999612569809,0,1
24.152981583960354,41.044,velocity_chirp,1,2,103.83767700195312,103.86880493164062,-1.6152139902114868,0.2242439240217209,1,1
24.152981583960354,41.044,velocity_chirp,1,1,7.465332682091201,-127.2578125,9.301264071837068e-06,-0.08355676382780075,2,1
24.152981583960354,41.044,velocity_chirp,0,4,,0.0,-0.0,0.006000000052154064,0,1
24.152981583960354,41.044,velocity_chirp,0,1,,0.0,0.0,-0.008999999612569809,0,1
24.16316974698566,41.054,velocity_chirp,1,2,103.83767700195312,103.87734985351562,7.035149097442627,0.07264066487550735,1,1
24.16316974698566,41.054,velocity_chirp,1,1,6.025414122814979,-127.25537109375,9.088914509902679e-09,-0.08355676382780075,2,1
24.16316974698566,41.054,velocity_chirp,0,4,,0.0,-0.0,-0.017999999225139618,0,1
24.16316974698566,41.054,velocity_chirp,0,1,,0.0,0.0,-0.008999999612569809,0,1
24.173108447983395,41.064,velocity_chirp,1,2,103.83767700195312,103.87448120117188,-0.2316214144229889,0.11280804127454758,1,1
24.173108447983395,41.064,velocity_chirp,1,1,4.4552820690661825,-127.25537109375,-0.0,-0.07495259493589401,2,1
24.173108447983395,41.064,velocity_chirp,0,4,,0.0,-0.0,-0.017999999225139618,0,1
24.173108447983395,41.064,velocity_chirp,0,1,,0.0,0.0,-0.008999999612569809,0,1
24.182953621959314,41.074,velocity_chirp,1,2,103.83767700195312,103.86880493164062,-5.46431303024292,0.1561080813407898,1,1
24.182953621959314,41.074,velocity_chirp,1,1,2.375453852167956,-127.2529296875,1.4533225112245418e-07,-0.06618710607290268,2,1
24.182953621959314,41.074,velocity_chirp,0,4,,0.0,-0.0,0.054999999701976776,0,1
24.182953621959314,41.074,velocity_chirp,0,1,,0.0,0.0,-0.008999999612569809,0,1
24.19350187398959,41.084,velocity_chirp,1,2,103.83767700195312,103.88018798828125,-5.770843982696533,0.023990020155906677,1,1
24.19350187398959,41.084,velocity_chirp,1,1,0.2823043757727953,-127.2529296875,-0.0,-0.06762785464525223,2,1
24.19350187398959,41.084,velocity_chirp,0,4,,0.0,-0.0,-0.017999999225139618,0,1
24.19350187398959,41.084,velocity_chirp,0,1,,0.0,0.0,-0.008999999612569809,0,1
24.202854578965344,41.094,velocity_chirp,1,2,103.83767700195312,103.86880493164062,-3.873422622680664,0.07241718471050262,1,1
24.202854578965344,41.094,velocity_chirp,1,1,-1.7160845640487763,-127.2529296875,-0.0,-0.06762785464525223,2,1
24.202854578965344,41.094,velocity_chirp,0,4,,0.0,-0.0,0.006000000052154064,0,1
24.202854578965344,41.094,velocity_chirp,0,1,,0.0,0.0,-0.008999999612569809,0,1
24.21402739995392,41.105,velocity_chirp,1,2,103.83767700195312,103.86880493164062,-1.1579192876815796,0.16797508299350739,1,1
24.21402739995392,41.105,velocity_chirp,1,1,-3.696082195491257,-127.08203125,0.04371320828795433,-0.07312732189893723,2,1
24.21402739995392,41.105,velocity_chirp,0,4,,0.0,-0.0,-0.017999999225139618,0,1
24.21402739995392,41.105,velocity_chirp,0,1,,0.0,0.0,0.05700000002980232,0,1
24.22313606494572,41.114,velocity_chirp,1,2,103.83767700195312,103.88018798828125,3.3237061500549316,0.14473438262939453,1,1
24.22313606494572,41.114,velocity_chirp,1,1,-5.446164929650259,-127.2529296875,-0.0,-0.07312732189893723,2,1
24.22313606494572,41.114,velocity_chirp,0,4,,0.0,-0.0,-0.017999999225139618,0,1
24.22313606494572,41.114,velocity_chirp,0,1,,0.0,0.0,-0.008999999612569809,0,1
24.232958094973583,41.124,velocity_chirp,1,2,103.83767700195312,103.8858642578125,10.016826629638672,0.1304788738489151,1,1
24.232958094973583,41.124,velocity_chirp,1,1,-7.051671411981672,-127.2529296875,-0.0,-0.08164536952972412,2,1
24.232958094973583,41.124,velocity_chirp,0,4,,0.0,-0.0,-0.017999999225139618,0,1
24.232958094973583,41.124,velocity_chirp,0,1,,0.0,0.0,-0.008999999612569809,0,1
24.242965826997533,41.134,velocity_chirp,1,2,103.83767700195312,103.88018798828125,1.2576106786727905,0.11099014431238174,1,1
24.242965826997533,41.134,velocity_chirp,1,1,-7.051671411981672,-127.25537109375,-1.5387650624919308e-29,-0.08164536952972412,2,1
24.242965826997533,41.134,velocity_chirp,0,4,,0.0,-0.0,0.006000000052154064,0,1
24.242965826997533,41.134,velocity_chirp,0,1,,0.0,0.0,-0.0020000000949949026,0,1
24.253084517957177,41.144,velocity_chirp,1,2,103.83767700195312,103.8858642578125,-6.282351493835449,0.1193184107542038,1,1
24.253084517957177,41.144,velocity_chirp,1,1,-8.304531077314754,-127.25537109375,-0.0,-0.09440356492996216,2,1
24.253084517957177,41.144,velocity_chirp,0,4,,0.0,-0.0,-0.017999999225139618,0,1
24.253084517957177,41.144,velocity_chirp,0,1,,0.0,0.0,-0.0020000000949949026,0,1
24.263135260960553,41.154,velocity_chirp,1,2,103.83767700195312,103.86880493164062,-3.585216999053955,0.14012402296066284,1,1
24.263135260960553,41.154,velocity_chirp,1,1,-9.181081994982,-127.2578125,-0.0,-0.09440356492996216,2,1
24.263135260960553,41.154,velocity_chirp,0,4,,0.0,-0.0,0.006000000052154064,0,1
24.263135260960553,41.154,velocity_chirp,0,1,,0.0,0.0,-0.0020000000949949026,0,1
24.273356394958682,41.164,velocity_chirp,1,2,103.83767700195312,103.85745239257812,5.734312534332275,0.017871646210551262,1,1
24.273356394958682,41.164,velocity_chirp,1,1,-9.751681134117069,-127.2578125,-0.0,-0.10965859144926071,2,1
24.273356394958682,41.164,velocity_chirp,0,4,,0.0,-0.0,-0.017999999225139618,0,1
24.273356394958682,41.164,velocity_chirp,0,1,,0.0,0.0,-0.008999999612569809,0,1
24.282905219995882,41.174,velocity_chirp,1,2,103.83767700195312,103.8603515625,-2.591796875,-0.10102459043264389,1,1
24.282905219995882,41.174,velocity_chirp,1,1,-9.9928091957876,-127.26263427734375,-2.773716586274011e-13,-0.10965859144926071,2,1
24.282905219995882,41.174,velocity_chirp,0,4,,0.0,-0.0,-0.017999999225139618,0,1
24.282905219995882,41.174,velocity_chirp,0,1,,0.0,0.0,-0.008999999612569809,0,1
24.29321460099891,41.184,velocity_chirp,1,2,103.83767700195312,103.8603515625,-2.051011800765991,-0.14936484396457672,1,1
24.29321460099891,41.184,velocity_chirp,1,1,-9.847785560893636,-127.26263427734375,-0.0,-0.1258714497089386,2,1
24.29321460099891,41.184,velocity_chirp,0,4,,0.0,-0.0,-0.017999999225139618,0,1
24.29321460099891,41.184,velocity_chirp,0,1,,0.0,0.0,-0.008999999612569809,0,1
24.302954697981477,41.194,velocity_chirp,1,2,103.83767700195312,103.84613037109375,-2.7857182025909424,0.08153686672449112,1,1
24.302954697981477,41.194,velocity_chirp,1,1,-9.341639039988173,-127.267578125,-2.70786586479188e-16,-0.1452699601650238,2,1
24.302954697981477,41.194,velocity_chirp,0,4,,0.0,-0.0,0.006000000052154064,0,1
24.302954697981477,41.194,velocity_chirp,0,1,,0.0,0.0,-0.008999999612569809,0,1
24.313156334974337,41.204,velocity_chirp,1,2,103.83767700195312,103.84896850585938,2.3918967247009277,0.11336132884025574,1,1
24.313156334974337,41.204,velocity_chirp,1,1,-8.335955972195782,-127.26995849609375,-2.8661704768597367e-38,-0.13761483132839203,2,1
24.313156334974337,41.204,velocity_chirp,0,4,,0.0,-0.0,-0.017999999225139618,0,1
24.313156334974337,41.204,velocity_chirp,0,1,,0.0,0.0,-0.01600000075995922,0,1
24.323358623951208,41.214,velocity_chirp,1,2,103.83767700195312,103.851806640625,-4.223349571228027,-0.06016866862773895,1,1
24.323358623951208,41.214,velocity_chirp,1,1,-6.913614877349296,-127.26995849609375,-0.0,-0.147317036986351,2,1
24.323358623951208,41.214,velocity_chirp,0,4,,0.0,-0.0,0.03200000151991844,0,1
24.323358623951208,41.214,velocity_chirp,0,1,,0.0,0.0,-0.008999999612569809,0,1
24.33340079995105,41.224,velocity_chirp,1,2,103.83767700195312,103.84613037109375,-2.4591877460479736,0.06490512192249298,1,1
24.33340079995105,41.224,velocity_chirp,1,1,-5.385125806879322,-127.26995849609375,-0.0,-0.15367990732192993,2,1
24.33340079995105,41.224,velocity_chirp,0,4,,0.0,-0.0,-0.017999999225139618,0,1
24.33340079995105,41.224,velocity_chirp,0,1,,0.0,0.0,-0.008999999612569809,0,1
24.3435855259886,41.234,velocity_chirp,1,2,103.83767700195312,103.85467529296875,-4.999799728393555,0.08950334042310715,1,1
24.3435855259886,41.234,velocity_chirp,1,1,-3.3992650042831234,-127.2724609375,-2.4102333586386854e-43,-0.15367990732192993,2,1
24.3435855259886,41.234,velocity_chirp,0,4,,0.0,-0.0,0.03200000151991844,0,1
24.3435855259886,41.234,velocity_chirp,0,1,,0.0,0.0,0.05700000002980232,0,1
24.35300273296889,41.244,velocity_chirp,1,2,103.83767700195312,103.85745239257812,-10.501408576965332,0.04834370315074921,1,1
24.35300273296889,41.244,velocity_chirp,1,1,-3.3992650042831234,-127.27490234375,-0.0,-0.16804324090480804,2,1
24.35300273296889,41.244,velocity_chirp,0,4,,0.0,-0.0,0.03200000151991844,0,1
24.35300273296889,41.244,velocity_chirp,0,1,,0.0,0.0,-0.008999999612569809,0,1
24.36309854098363,41.254,velocity_chirp,1,2,103.83767700195312,103.85745239257812,-1.469632625579834,0.1321445107460022,1,1
24.36309854098363,41.254,velocity_chirp,1,1,-1.547031785985041,-127.27490234375,-0.0,-0.16832101345062256,2,1
24.36309854098363,41.254,velocity_chirp,0,4,,0.0,-0.0,0.006000000052154064,0,1
24.36309854098363,41.254,velocity_chirp,0,1,,0.0,0.0,-0.008999999612569809,0,1
24.373151507985312,41.264,velocity_chirp,1,2,103.83767700195312,103.85467529296875,0.7583581805229187,0.31588682532310486,1,1
24.373151507985312,41.264,velocity_chirp,1,1,0.30565004368989007,-127.27490234375,-0.0,-0.16512387990951538,2,1
24.373151507985312,41.264,velocity_chirp,0,4,,0.0,-0.0,0.03200000151991844,0,1
24.373151507985312,41.264,velocity_chirp,0,1,,0.0,0.0,-0.008999999612569809,0,1
24.382985270989593,41.274,velocity_chirp,1,2,103.83767700195312,103.83477783203125,-11.156383514404297,0.07992776483297348,1,1
24.382985270989593,41.274,velocity_chirp,1,1,2.140678641110256,-127.27490234375,-0.0,-0.16512387990951538,2,1
24.382985270989593,41.274,velocity_chirp,0,4,,0.0,-0.0,0.054999999701976776,0,1
24.382985270989593,41.274,velocity_chirp,0,1,,0.0,0.0,-0.008999999612569809,0,1
24.393100234970916,41.284,velocity_chirp,1,2,103.83767700195312,103.84329223632812,3.904726266860962,-0.05653972178697586,1,1
24.393100234970916,41.284,velocity_chirp,1,1,4.23445411122068,-127.27490234375,-0.0,-0.164340078830719,2,1
24.393100234970916,41.284,velocity_chirp,0,4,,0.0,-0.0,-0.017999999225139618,0,1
24.393100234970916,41.284,velocity_chirp,0,1,,0.0,0.0,-0.01600000075995922,0,1
24.403106412966736,41.294,velocity_chirp,1,2,103.83767700195312,103.84896850585938,0.2721613943576813,-0.16505290567874908,1,1
24.403106412966736,41.294,velocity_chirp,1,1,5.822750536305035,-127.27490234375,-0.0,-0.16379360854625702,2,1
24.403106412966736,41.294,velocity_chirp,0,4,,0.0,-0.0,0.03200000151991844,0,1
24.403106412966736,41.294,velocity_chirp,0,1,,0.0,0.0,-0.008999999612569809,0,1
24.413172514992766,41.304,velocity_chirp,1,2,103.83767700195312,103.85745239257812,-0.10872620344161987,0.040217019617557526,1,1
24.413172514992766,41.304,velocity_chirp,1,1,7.2302010774197845,-127.27490234375,-0.0,-0.15335458517074585,2,1
24.413172514992766,41.304,velocity_chirp,0,4,,0.0,-0.0,-0.017999999225139618,0,1
24.413172514992766,41.304,velocity_chirp,0,1,,0.0,0.0,-0.008999999612569809,0,1
24.423181227990426,41.314,velocity_chirp,1,2,103.83767700195312,103.84896850585938,-4.596510410308838,0.07641364634037018,1,1
24.423181227990426,41.314,velocity_chirp,1,1,8.377686039505452,-127.27490234375,-0.0,-0.1350252628326416,2,1
24.423181227990426,41.314,velocity_chirp,0,4,,0.0,-0.0,-0.017999999225139618,0,1
24.423181227990426,41.314,velocity_chirp,0,1,,0.0,0.0,-0.008999999612569809,0,1
24.43369252094999,41.324,velocity_chirp,1,2,103.83767700195312,103.85745239257812,-5.198828220367432,0.12272177636623383,1,1
24.43369252094999,41.324,velocity_chirp,1,1,9.241949328520667,-127.2724609375,-0.0,-0.1350252628326416,2,1
24.43369252094999,41.324,velocity_chirp,0,4,,0.0,-0.0,0.006000000052154064,0,1
24.43369252094999,41.324,velocity_chirp,0,1,,0.0,0.0,-0.008999999612569809,0,1
24.443148179969285,41.334,velocity_chirp,1,2,103.83767700195312,103.87734985351562,1.9512064456939697,0.07594044506549835,1,1
24.443148179969285,41.334,velocity_chirp,1,1,9.803103917429597,-127.26995849609375,6.613055673298862e-20,-0.11699576675891876,2,1
24.443148179969285,41.334,velocity_chirp,0,4,,0.0,-0.0,-0.017999999225139618,0,1
24.443148179969285,41.334,velocity_chirp,0,1,,0.0,0.0,0.05700000002980232,0,1
24.45337663794635,41.344,velocity_chirp,1,2,103.83767700195312,103.87448120117188,2.2803046703338623,0.037018440663814545,1,1
24.45337663794635,41.344,velocity_chirp,1,1,9.998241075900472,-127.267578125,1.2310120499935446e-28,-0.10310117155313492,2,1
24.45337663794635,41.344,velocity_chirp,0,4,,0.0,-0.0,0.03200000151991844,0,1
24.45337663794635,41.344,velocity_chirp,0,1,,0.0,0.0,-0.008999999612569809,0,1
24.463527749991044,41.354,velocity_chirp,1,2,103.83767700195312,103.8603515625,-5.331766605377197,0.12359213083982468,1,1
24.463527749991044,41.354,velocity_chirp,1,1,9.778945893574182,-127.26019287109375,5.547433172548022e-13,-0.09155938774347305,2,1
24.463527749991044,41.354,velocity_chirp,0,4,,0.0,-0.0,0.03200000151991844,0,1
24.463527749991044,41.354,velocity_chirp,0,1,,0.0,0.0,-0.0020000000949949026,0,1
24.473337988951243,41.364,velocity_chirp,1,2,103.83767700195312,103.8603515625,7.6780242919921875,-0.013453308492898941,1,1
24.473337988951243,41.364,velocity_chirp,1,1,9.076972338996752,-127.26019287109375,-0.0,-0.08558057993650436,2,1
24.473337988951243,41.364,velocity_chirp,0,4,,0.0,-0.0,-0.017999999225139618,0,1
24.473337988951243,41.364,velocity_chirp,0,1,,0.0,0.0,-0.008999999612569809,0,1
24.482759803999215,41.374,velocity_chirp,1,2,103.83767700195312,103.85745239257812,3.6269772052764893,0.10335026681423187,1,1
24.482759803999215,41.374,velocity_chirp,1,1,7.930212023284767,-127.25537109375,3.6355658039610717e-08,-0.08558057993650436,2,1
24.482759803999215,41.374,velocity_chirp,0,4,,0.0,-0.0,-0.017999999225139618,0,1
24.482759803999215,41.374,velocity_chirp,0,1,,0.0,0.0,-0.01600000075995922,0,1
24.493294440966565,41.384,velocity_chirp,1,2,103.83767700195312,103.86880493164062,8.16568660736084,0.058354780077934265,1,1
24.493294440966565,41.384,velocity_chirp,1,1,7.930212023284767,-127.25537109375,-0.0,-0.07405373454093933,2,1
24.493294440966565,41.384,velocity_chirp,0,4,,0.0,-0.0,-0.017999999225139618,0,1
24.493294440966565,41.384,velocity_chirp,0,1,,0.0,0.0,-0.008999999612569809,0,1
24.502810934965964,41.394,velocity_chirp,1,2,103.83767700195312,103.87448120117188,0.8252311944961548,0.07680105417966843,1,1
24.502810934965964,41.394,velocity_chirp,1,1,6.51119869711022,-127.25048828125,3.550357230430734e-11,-0.07405373454093933,2,1
24.502810934965964,41.394,velocity_chirp,0,4,,0.0,-0.0,-0.017999999225139618,0,1
24.502810934965964,41.394,velocity_chirp,0,1,,0.0,0.0,-0.008999999612569809,0,1
24.51301248196978,41.404,velocity_chirp,1,2,103.83767700195312,103.86318969726562,2.878995895385742,-0.09110376238822937,1,1
24.51301248196978,41.404,velocity_chirp,1,1,4.717477231870884,-127.248046875,-0.0,-0.06167314946651459,2,1
24.51301248196978,41.404,velocity_chirp,0,4,,0.0,-0.0,0.006000000052154064,0,1
24.51301248196978,41.404,velocity_chirp,0,1,,0.0,0.0,-0.008999999612569809,0,1
24.523064106993843,41.414,velocity_chirp,1,2,103.83767700195312,103.84896850585938,-5.087231159210205,-0.07940220087766647,1,1
24.523064106993843,41.414,velocity_chirp,1,1,2.973510784170016,-127.248046875,-0.0,-0.061547163873910904,2,1
24.523064106993843,41.414,velocity_chirp,0,4,,0.0,-0.0,0.03200000151991844,0,1
24.523064106993843,41.414,velocity_chirp,0,1,,0.0,0.0,-0.008999999612569809,0,1
24.533060125948396,41.424,velocity_chirp,1,2,103.83767700195312,103.865966796875,11.255400657653809,-0.05030813068151474,1,1
24.533060125948396,41.424,velocity_chirp,1,1,1.138936237476956,-127.248046875,-0.0,-0.061547163873910904,2,1
24.533060125948396,41.424,velocity_chirp,0,4,,0.0,-0.0,0.006000000052154064,0,1
24.533060125948396,41.424,velocity_chirp,0,1,,0.0,0.0,-0.008999999612569809,0,1
24.542993135983124,41.434,velocity_chirp,1,2,103.83767700195312,103.87164306640625,6.063238620758057,0.009753563441336155,1,1
24.542993135983124,41.434,velocity_chirp,1,1,-1.1030421907316974,-127.24554443359375,1.0834830415132855e-15,-0.05764458701014519,2,1
24.542993135983124,41.434,velocity_chirp,0,4,,0.0,-0.0,0.03200000151991844,0,1
24.542993135983124,41.434,velocity_chirp,0,1,,0.0,0.0,-0.0020000000949949026,0,1
24.5530917699798,41.444,velocity_chirp,1,2,103.83767700195312,103.85467529296875,-2.2660410404205322,0.012379853054881096,1,1
24.5530917699798,41.444,velocity_chirp,1,1,-2.929555537430688,-127.2431640625,-0.0,-0.06026816740632057,2,1
24.5530917699798,41.444,velocity_chirp,0,4,,0.0,-0.0,0.054999999701976776,0,1
24.5530917699798,41.444,velocity_chirp,0,1,,0.0,0.0,0.05700000002980232,0,1
24.57182330894284,41.462,velocity_chirp,1,2,103.83767700195312,103.83477783203125,-4.962323188781738,0.012379853054881096,1,1
24.57182330894284,41.462,velocity_chirp,1,1,-6.448726022518695,-127.08203125,0.04371320828795433,-0.06026816740632057,2,1
24.57182330894284,41.462,velocity_chirp,0,4,,0.0,-0.0,-0.017999999225139618,0,1
24.57182330894284,41.462,velocity_chirp,0,1,,0.0,0.0,-0.008999999612569809,0,1
24.573627313948236,41.464,velocity_chirp,1,2,103.83767700195312,103.93960571289062,4.885388374328613,0.11462122201919556,1,1
24.573627313948236,41.464,velocity_chirp,1,1,-6.448726022518695,-127.08203125,0.04371320828795433,-0.07245299965143204,2,1
24.573627313948236,41.464,velocity_chirp,0,4,,0.0,-0.0,0.03200000151991844,0,1
24.573627313948236,41.464,velocity_chirp,0,1,,0.0,0.0,-0.008999999612569809,0,1
24.582624327973463,41.474,velocity_chirp,1,2,103.83767700195312,103.93960571289062,-1.9618487358093262,-0.04935527592897415,1,1
24.582624327973463,41.474,velocity_chirp,1,1,-7.98265568348918,-127.08203125,0.04371320828795433,-0.07605855911970139,2,1
24.582624327973463,41.474,velocity_chirp,0,4,,0.0,-0.0,-0.017999999225139618,0,1
24.582624327973463,41.474,velocity_chirp,0,1,,0.0,0.0,-0.0020000000949949026,0,1
24.592899223964196,41.484,velocity_chirp,1,2,103.83767700195312,103.8603515625,-4.473652362823486,-0.08044207841157913,1,1
24.592899223964196,41.484,velocity_chirp,1,1,-9.03637612400093,-127.08203125,0.04371320828795433,-0.0799362063407898,2,1
24.592899223964196,41.484,velocity_chirp,0,4,,0.0,-0.0,-0.017999999225139618,0,1
24.592899223964196,41.484,velocity_chirp,0,1,,0.0,0.0,-0.008999999612569809,0,1
24.60259198094718,41.494,velocity_chirp,1,2,103.83767700195312,103.93960571289062,2.5003955364227295,0.05691984295845032,1,1
24.60259198094718,41.494,velocity_chirp,1,1,-9.03637612400093,-127.08203125,0.04371320828795433,-0.09487133473157883,2,1
24.60259198094718,41.494,velocity_chirp,0,4,,0.0,-0.0,-0.017999999225139618,0,1
24.60259198094718,41.494,velocity_chirp,0,1,,0.0,0.0,0.05700000002980232,0,1
24.612849693978205,41.504,velocity_chirp,1,2,103.83767700195312,103.85467529296875,-3.4109935760498047,0.0367596335709095,1,1
24.612849693978205,41.504,velocity_chirp,1,1,-9.709559786246691,-127.08203125,0.04371320828795433,-0.09399542212486267,2,1
24.612849693978205,41.504,velocity_chirp,0,4,,0.0,-0.0,0.03200000151991844,0,1
24.612849693978205,41.504,velocity_chirp,0,1,,0.0,0.0,-0.008999999612569809,0,1
24.622581083967816,41.514,velocity_chirp,1,2,103.83767700195312,103.93960571289062,0.2692733705043793,-0.022420387715101242,1,1
24.622581083967816,41.514,velocity_chirp,1,1,-9.987548062311905,-127.08203125,0.04371320828795433,-0.10858075320720673,2,1
24.622581083967816,41.514,velocity_chirp,0,4,,0.0,-0.0,0.054999999701976776,0,1
24.622581083967816,41.514,velocity_chirp,0,1,,0.0,0.0,-0.008999999612569809,0,1
24.63296277198242,41.524,velocity_chirp,1,2,103.83767700195312,103.85745239257812,0.3143485486507416,0.15418896079063416,1,1
24.63296277198242,41.524,velocity_chirp,1,1,-9.846446668056783,-127.08203125,0.04371320828795433,-0.11095710843801498,2,1
24.63296277198242,41.524,velocity_chirp,0,4,,0.0,-0.0,-0.017999999225139618,0,1
24.63296277198242,41.524,velocity_chirp,0,1,,0.0,0.0,-0.008999999612569809,0,1
24.642584483954124,41.534,velocity_chirp,1,2,103.83767700195312,103.93960571289062,-0.5770143270492554,0.07589437812566757,1,1
24.642584483954124,41.534,velocity_chirp,1,1,-9.326467046931569,-127.08203125,0.04371320828795433,-0.12788508832454681,2,1
24.642584483954124,41.534,velocity_chirp,0,4,,0.0,-0.0,-0.017999999225139618,0,1
24.642584483954124,41.534,velocity_chirp,0,1,,0.0,0.0,-0.07699999958276749,0,1
24.65288851497462,41.544,velocity_chirp,1,2,103.83767700195312,103.96157836914062,-6.808769226074219,0.03768748790025711,1,1
24.65288851497462,41.544,velocity_chirp,1,1,-8.310401918398268,-127.08203125,0.04371320828795433,-0.12400119006633759,2,1
24.65288851497462,41.544,velocity_chirp,0,4,,0.0,-0.0,-0.017999999225139618,0,1
24.65288851497462,41.544,velocity_chirp,0,1,,0.0,0.0,0.05700000002980232,0,1
24.662481212988496,41.554,velocity_chirp,1,2,103.83767700195312,103.96157836914062,8.039952278137207,0.19645369052886963,1,1
24.662481212988496,41.554,velocity_chirp,1,1,-7.062543363785602,-127.10400390625,0.04371320828795433,-0.13911820948123932,2,1
24.662481212988496,41.554,velocity_chirp,0,4,,0.0,-0.0,-0.017999999225139618,0,1
24.662481212988496,41.554,velocity_chirp,0,1,,0.0,0.0,-0.0020000000949949026,0,1
24.67324443097459,41.564,velocity_zero,1,2,103.83767700195312,103.85467529296875,-6.259307384490967,0.1715906262397766,1,1
24.67324443097459,41.564,velocity_zero,1,1,0.0,-127.10400390625,0.04371320828795433,-0.15366961061954498,2,1
24.67324443097459,41.564,velocity_zero,0,4,,0.0,-0.0,0.006000000052154064,0,1
24.67324443097459,41.564,velocity_zero,0,1,,0.0,0.0,-0.008999999612569809,0,1
24.682918031990994,41.574,velocity_zero,1,2,103.83767700195312,103.93960571289062,-3.577488899230957,0.2589944005012512,1,1
24.682918031990994,41.574,velocity_zero,1,1,0.0,-127.10400390625,0.04371320828795433,-0.14957661926746368,2,1
24.682918031990994,41.574,velocity_zero,0,4,,0.0,-0.0,0.006000000052154064,0,1
24.682918031990994,41.574,velocity_zero,0,1,,0.0,0.0,0.05000000074505806,0,1
24.692955468955915,41.584,velocity_zero,1,2,103.83767700195312,103.85745239257812,-0.5551519989967346,0.12387815117835999,1,1
24.692955468955915,41.584,velocity_zero,1,1,0.0,-127.10400390625,0.04371320828795433,-0.14212113618850708,2,1
24.692955468955915,41.584,velocity_zero,0,4,,0.0,-0.0,-0.017999999225139618,0,1
24.692955468955915,41.584,velocity_zero,0,1,,0.0,0.0,-0.008999999612569809,0,1
24.702474968973547,41.594,velocity_zero,1,2,103.83767700195312,103.93960571289062,-0.03846762329339981,-0.000801322516053915,1,1
24.702474968973547,41.594,velocity_zero,1,1,0.0,-127.10400390625,0.04371320828795433,-0.1422639936208725,2,1
24.702474968973547,41.594,velocity_zero,0,4,,0.0,-0.0,0.006000000052154064,0,1
24.702474968973547,41.594,velocity_zero,0,1,,0.0,0.0,-0.008999999612569809,0,1
24.712905828957446,41.604,velocity_zero,1,2,103.83767700195312,103.851806640625,1.8229705095291138,-0.008076382800936699,1,1
24.712905828957446,41.604,velocity_zero,1,1,0.0,-127.10400390625,0.04371320828795433,-0.14183978736400604,2,1
24.712905828957446,41.604,velocity_zero,0,4,,0.0,-0.0,0.006000000052154064,0,1
24.712905828957446,41.604,velocity_zero,0,1,,0.0,0.0,-0.07699999958276749,0,1
24.722680751990993,41.614,velocity_zero,1,2,103.83767700195312,103.93960571289062,-3.8082947731018066,-0.05961042270064354,1,1
24.722680751990993,41.614,velocity_zero,1,1,0.0,-127.10400390625,0.04371320828795433,-0.14713017642498016,2,1
24.722680751990993,41.614,velocity_zero,0,4,,0.0,-0.0,0.006000000052154064,0,1
24.722680751990993,41.614,velocity_zero,0,1,,0.0,0.0,-0.19900000095367432,0,1
24.732972719997633,41.624,velocity_zero,1,2,103.83767700195312,103.93960571289062,0.03846762329339981,-0.07340840250253677,1,1
24.732972719997633,41.624,velocity_zero,1,1,0.0,-127.10400390625,0.04371320828795433,-0.14593373239040375,2,1
24.732972719997633,41.624,velocity_zero,0,4,,0.0,-0.0,0.006000000052154064,0,1
24.732972719997633,41.624,velocity_zero,0,1,,0.0,0.0,0.05700000002980232,0,1
24.742562982952222,41.634,velocity_zero,1,2,103.83767700195312,103.96157836914062,6.270441055297852,0.08578864485025406,1,1
24.742562982952222,41.634,velocity_zero,1,1,0.0,-127.10400390625,0.04371320828795433,-0.14838755130767822,2,1
24.742562982952222,41.634,velocity_zero,0,4,,0.0,-0.0,-0.017999999225139618,0,1
24.742562982952222,41.634,velocity_zero,0,1,,0.0,0.0,-0.01600000075995922,0,1
24.753237603988964,41.644,velocity_zero,1,2,103.83767700195312,103.851806640625,7.096418857574463,-0.14505447447299957,1,1
24.753237603988964,41.644,velocity_zero,1,1,0.0,-127.10400390625,0.04371320828795433,-0.1509869396686554,2,1
24.753237603988964,41.644,velocity_zero,0,4,,0.0,-0.0,0.03200000151991844,0,1
24.753237603988964,41.644,velocity_zero,0,1,,0.0,0.0,-0.008999999612569809,0,1
24.763091464992613,41.654,velocity_zero,1,2,103.83767700195312,103.93960571289062,0.730884850025177,-0.13582012057304382,1,1
24.763091464992613,41.654,velocity_zero,1,1,0.0,-127.10400390625,0.04371320828795433,-0.1519002914428711,2,1
24.763091464992613,41.654,velocity_zero,0,4,,0.0,-0.0,-0.017999999225139618,0,1
24.763091464992613,41.654,velocity_zero,0,1,,0.0,0.0,-0.01600000075995922,0,1
24.773101369966753,41.664,velocity_zero,1,2,103.83767700195312,103.86880493164062,5.868187427520752,-0.08931049704551697,1,1
24.773101369966753,41.664,velocity_zero,1,1,0.0,-127.10400390625,0.04371320828795433,-0.15129625797271729,2,1
24.773101369966753,41.664,velocity_zero,0,4,,0.0,-0.0,0.006000000052154064,0,1
24.773101369966753,41.664,velocity_zero,0,1,,0.0,0.0,-0.008999999612569809,0,1
24.78254983597435,41.674,velocity_zero,1,2,103.83767700195312,103.91763305664062,-18.81088638305664,-0.09762762486934662,1,1
24.78254983597435,41.674,velocity_zero,1,1,0.0,-127.10400390625,0.04371320828795433,-0.15144094824790955,2,1
24.78254983597435,41.674,velocity_zero,0,4,,0.0,-0.0,-0.017999999225139618,0,1
24.78254983597435,41.674,velocity_zero,0,1,,0.0,0.0,-0.008999999612569809,0,1
24.793281423975714,41.684,velocity_zero,1,2,103.83767700195312,103.85467529296875,1.3700933456420898,0.24058689177036285,1,1
24.793281423975714,41.684,velocity_zero,1,1,0.0,-127.10400390625,0.04371320828795433,-0.1513645350933075,2,1
24.793281423975714,41.684,velocity_zero,0,4,,0.0,-0.0,-0.017999999225139618,0,1
24.793281423975714,41.684,velocity_zero,0,1,,0.0,0.0,-0.008999999612569809,0,1
24.80260284995893,41.694,velocity_zero,1,2,103.83767700195312,103.93960571289062,4.731517791748047,-0.05364975705742836,1,1
24.80260284995893,41.694,velocity_zero,1,1,0.0,-127.10400390625,0.04371320828795433,-0.15265658497810364,2,1
24.80260284995893,41.694,velocity_zero,0,4,,0.0,-0.0,0.006000000052154064,0,1
24.80260284995893,41.694,velocity_zero,0,1,,0.0,0.0,-0.008999999612569809,0,1
24.812947587983217,41.704,velocity_zero,1,2,103.83767700195312,103.85745239257812,1.418472170829773,-0.17882026731967926,1,1
24.812947587983217,41.704,velocity_zero,1,1,0.0,-127.10400390625,0.04371320828795433,-0.15427620708942413,2,1
24.812947587983217,41.704,velocity_zero,0,4,,0.0,-0.0,0.006000000052154064,0,1
24.812947587983217,41.704,velocity_zero,0,1,,0.0,0.0,0.05000000074505806,0,1
24.822844269976486,41.714,velocity_zero,1,2,103.83767700195312,103.93960571289062,8.655433654785156,-0.05296335741877556,1,1
24.822844269976486,41.714,velocity_zero,1,1,0.0,-127.10400390625,0.04371320828795433,-0.15392346680164337,2,1
24.822844269976486,41.714,velocity_zero,0,4,,0.0,-0.0,0.006000000052154064,0,1
24.822844269976486,41.714,velocity_zero,0,1,,0.0,0.0,-0.008999999612569809,0,1
24.83300122298533,41.724,velocity_zero,1,2,103.83767700195312,103.85467529296875,-6.029976844787598,-0.055712129920721054,1,1
24.83300122298533,41.724,velocity_zero,1,1,0.0,-127.10400390625,0.04371320828795433,-0.15387943387031555,2,1
24.83300122298533,41.724,velocity_zero,0,4,,0.0,-0.0,0.006000000052154064,0,1
24.83300122298533,41.724,velocity_zero,0,1,,0.0,0.0,-0.008999999612569809,0,1
24.843069468974136,41.734,velocity_zero,1,2,103.83767700195312,103.93960571289062,-1.3463667631149292,0.029984664171934128,1,1
24.843069468974136,41.734,velocity_zero,1,1,0.0,-127.10400390625,0.04371320828795433,-0.1540008932352066,2,1
24.843069468974136,41.734,velocity_zero,0,4,,0.0,-0.0,-0.017999999225139618,0,1
24.843069468974136,41.734,velocity_zero,0,1,,0.0,0.0,-0.008999999612569809,0,1
24.853488866996486,41.744,velocity_zero,1,2,103.83767700195312,103.85467529296875,0.360959529876709,0.11586986482143402,1,1
24.853488866996486,41.744,velocity_zero,1,1,0.0,-127.10400390625,0.04371320828795433,-0.15313111245632172,2,1
24.853488866996486,41.744,velocity_zero,0,4,,0.0,-0.0,0.006000000052154064,0,1
24.853488866996486,41.744,velocity_zero,0,1,,0.0,0.0,0.05700000002980232,0,1
24.86288768897066,41.754,velocity_zero,1,2,103.83767700195312,103.93960571289062,-2.731201171875,-0.09148372709751129,1,1
24.86288768897066,41.754,velocity_zero,1,1,0.0,-127.10400390625,0.04371320828795433,-0.15227395296096802,2,1
24.86288768897066,41.754,velocity_zero,0,4,,0.0,-0.0,-0.017999999225139618,0,1
24.86288768897066,41.754,velocity_zero,0,1,,0.0,0.0,-0.008999999612569809,0,1
24.87295842997264,41.764,velocity_zero,1,2,103.83767700195312,103.84896850585938,-1.302183747291565,0.005477582104504108,1,1
24.87295842997264,41.764,velocity_zero,1,1,0.0,-127.10400390625,0.04371320828795433,-0.15371528267860413,2,1
24.87295842997264,41.764,velocity_zero,0,4,,0.0,-0.0,-0.017999999225139618,0,1
24.87295842997264,41.764,velocity_zero,0,1,,0.0,0.0,-0.008999999612569809,0,1
24.882628563966136,41.774,velocity_zero,1,2,103.83767700195312,103.93960571289062,-2.192654609680176,-0.04084441065788269,1,1
24.882628563966136,41.774,velocity_zero,1,1,0.0,-127.10400390625,0.04371320828795433,-0.15460719168186188,2,1
24.882628563966136,41.774,velocity_zero,0,4,,0.0,-0.0,0.006000000052154064,0,1
24.882628563966136,41.774,velocity_zero,0,1,,0.0,0.0,-0.008999999612569809,0,1
24.89312234299723,41.784,velocity_zero,1,2,103.83767700195312,103.8603515625,1.6995688676834106,-0.0869816243648529,1,1
24.89312234299723,41.784,velocity_zero,1,1,0.0,-127.10400390625,0.04371320828795433,-0.15328507125377655,2,1
24.89312234299723,41.784,velocity_zero,0,4,,0.0,-0.0,0.054999999701976776,0,1
24.89312234299723,41.784,velocity_zero,0,1,,0.0,0.0,-0.008999999612569809,0,1
24.90277156798402,41.794,velocity_zero,1,2,103.83767700195312,103.93960571289062,4.731517791748047,0.21133683621883392,1,1
24.90277156798402,41.794,velocity_zero,1,1,0.0,-127.10400390625,0.04371320828795433,-0.1536273956298828,2,1
24.90277156798402,41.794,velocity_zero,0,4,,0.0,-0.0,-0.017999999225139618,0,1
24.90277156798402,41.794,velocity_zero,0,1,,0.0,0.0,0.05700000002980232,0,1
24.91287580196513,41.804,velocity_zero,1,2,103.83767700195312,103.8603515625,4.867294788360596,0.36611315608024597,1,1
24.91287580196513,41.804,velocity_zero,1,1,0.0,-127.10400390625,0.04371320828795433,-0.15339282155036926,2,1
24.91287580196513,41.804,velocity_zero,0,4,,0.0,-0.0,0.006000000052154064,0,1
24.91287580196513,41.804,velocity_zero,0,1,,0.0,0.0,0.05000000074505806,0,1
24.922587824985385,41.814,velocity_zero,1,2,103.83767700195312,103.93960571289062,2.5003955364227295,0.14951395988464355,1,1
24.922587824985385,41.814,velocity_zero,1,1,0.0,-127.10400390625,0.04371320828795433,-0.15397079288959503,2,1
24.922587824985385,41.814,velocity_zero,0,4,,0.0,-0.0,0.006000000052154064,0,1
24.922587824985385,41.814,velocity_zero,0,1,,0.0,0.0,-0.008999999612569809,0,1
24.932999177952297,41.824,velocity_zero,1,2,103.83767700195312,103.84896850585938,-3.4372401237487793,-0.004581421613693237,1,1
24.932999177952297,41.824,velocity_zero,1,1,0.0,-127.10400390625,0.04371320828795433,-0.15281255543231964,2,1
24.932999177952297,41.824,velocity_zero,0,4,,0.0,-0.0,0.006000000052154064,0,1
24.932999177952297,41.824,velocity_zero,0,1,,0.0,0.0,-0.008999999612569809,0,1
24.942972925957292,41.834,velocity_zero,1,2,103.83767700195312,103.93960571289062,4.9625420570373535,0.0843205526471138,1,1
24.942972925957292,41.834,velocity_zero,1,1,0.0,-127.10400390625,0.04371320828795433,-0.15215818583965302,2,1
24.942972925957292,41.834,velocity_zero,0,4,,0.0,-0.0,-0.017999999225139618,0,1
24.942972925957292,41.834,velocity_zero,0,1,,0.0,0.0,0.05700000002980232,0,1
24.953187276958488,41.844,velocity_zero,1,2,103.83767700195312,103.851806640625,3.292668342590332,-0.06515617668628693,1,1
24.953187276958488,41.844,velocity_zero,1,1,0.0,-127.10400390625,0.04371320828795433,-0.1532776802778244,2,1
24.953187276958488,41.844,velocity_zero,0,4,,0.0,-0.0,-0.017999999225139618,0,1
24.953187276958488,41.844,velocity_zero,0,1,,0.0,0.0,-0.008999999612569809,0,1
24.962492943974212,41.854,velocity_zero,1,2,103.83767700195312,103.93960571289062,-5.73167610168457,-0.06961692124605179,1,1
24.962492943974212,41.854,velocity_zero,1,1,0.0,-127.10400390625,0.04371320828795433,-0.15170851349830627,2,1
24.962492943974212,41.854,velocity_zero,0,4,,0.0,-0.0,0.006000000052154064,0,1
24.962492943974212,41.854,velocity_zero,0,1,,0.0,0.0,0.05700000002980232,0,1
24.973337494942825,41.864,velocity_zero,1,2,103.83767700195312,103.8603515625,-2.406198263168335,0.11373879015445709,1,1
24.973337494942825,41.864,velocity_zero,1,1,0.0,-127.10400390625,0.04371320828795433,-0.1519910991191864,2,1
24.973337494942825,41.864,velocity_zero,0,4,,0.0,-0.0,0.054999999701976776,0,1
24.973337494942825,41.864,velocity_zero,0,1,,0.0,0.0,-0.01600000075995922,0,1
24.98302036296809,41.874,velocity_zero,1,2,103.83767700195312,103.96157836914062,1.1155611276626587,0.22677719593048096,1,1
24.98302036296809,41.874,velocity_zero,1,1,0.0,-127.10400390625,0.04371320828795433,-0.1520819067955017,2,1
24.98302036296809,41.874,velocity_zero,0,4,,0.0,-0.0,0.054999999701976776,0,1
24.98302036296809,41.874,velocity_zero,0,1,,0.0,0.0,-0.008999999612569809,0,1
24.993007455952466,41.884,velocity_zero,1,2,103.83767700195312,103.84051513671875,-0.8354653716087341,0.046383488923311234,1,1
24.993007455952466,41.884,velocity_zero,1,1,0.0,-127.10400390625,0.04371320828795433,-0.15290005505084991,2,1
24.993007455952466,41.884,velocity_zero,0,4,,0.0,-0.0,-0.017999999225139618,0,1
24.993007455952466,41.884,velocity_zero,0,1,,0.0,0.0,-0.008999999612569809,0,1
25.002493181964383,41.894,velocity_zero,1,2,103.83767700195312,103.93960571289062,-1.9618487358093262,0.07720544189214706,1,1
25.002493181964383,41.894,velocity_zero,1,1,0.0,-127.10400390625,0.04371320828795433,-0.1523209512233734,2,1
25.002493181964383,41.894,velocity_zero,0,4,,0.0,-0.0,0.03200000151991844,0,1
25.002493181964383,41.894,velocity_zero,0,1,,0.0,0.0,0.05000000074505806,0,1
25.012923570990097,41.904,velocity_zero,1,2,103.83767700195312,103.84329223632812,6.06658411026001,0.05775843560695648,1,1
25.012923570990097,41.904,velocity_zero,1,1,0.0,-127.10400390625,0.04371320828795433,-0.15185056626796722,2,1
25.012923570990097,41.904,velocity_zero,0,4,,0.0,-0.0,0.03200000151991844,0,1
25.012923570990097,41.904,velocity_zero,0,1,,0.0,0.0,-0.008999999612569809,0,1
25.022600758995395,41.914,velocity_zero,1,2,103.83767700195312,103.96157836914062,3.2697479724884033,0.13241004943847656,1,1
25.022600758995395,41.914,velocity_zero,1,1,0.0,-127.10400390625,0.04371320828795433,-0.15239396691322327,2,1
25.022600758995395,41.914,velocity_zero,0,4,,0.0,-0.0,-0.04100000113248825,0,1
25.022600758995395,41.914,velocity_zero,0,1,,0.0,0.0,-0.008999999612569809,0,1
25.032953410991468,41.924,velocity_zero,1,2,103.83767700195312,103.84896850585938,-7.317591190338135,-0.007599073927849531,1,1
25.032953410991468,41.924,velocity_zero,1,1,0.0,-127.10400390625,0.04371320828795433,-0.15166102349758148,2,1
25.032953410991468,41.924,velocity_zero,0,4,,0.0,-0.0,0.006000000052154064,0,1
25.032953410991468,41.924,velocity_zero,0,1,,0.0,0.0,-0.01600000075995922,0,1
25.04254450596636,41.934,velocity_zero,1,2,103.83767700195312,103.93960571289062,-4.269906044006348,0.010164834558963776,1,1
25.04254450596636,41.934,velocity_zero,1,1,0.0,-127.10400390625,0.04371320828795433,-0.1524990051984787,2,1
25.04254450596636,41.934,velocity_zero,0,4,,0.0,-0.0,0.006000000052154064,0,1
25.04254450596636,41.934,velocity_zero,0,1,,0.0,0.0,0.05700000002980232,0,1
25.052920202957466,41.944,velocity_zero,1,2,103.83767700195312,103.87164306640625,7.1727294921875,-0.12166611105203629,1,1
25.052920202957466,41.944,velocity_zero,1,1,0.0,-127.10400390625,0.04371320828795433,-0.15171003341674805,2,1
25.052920202957466,41.944,velocity_zero,0,4,,0.0,-0.0,0.054999999701976776,0,1
25.052920202957466,41.944,velocity_zero,0,1,,0.0,0.0,-0.008999999612569809,0,1
25.062452075944748,41.954,velocity_zero,1,2,103.83767700195312,103.96157836914062,13.117677688598633,0.09741136431694031,1,1
25.062452075944748,41.954,velocity_zero,1,1,0.0,-127.10400390625,0.04371320828795433,-0.15063032507896423,2,1
25.062452075944748,41.954,velocity_zero,0,4,,0.0,-0.0,-0.017999999225139618,0,1
25.062452075944748,41.954,velocity_zero,0,1,,0.0,0.0,-0.008999999612569809,0,1
25.07339311897522,41.964,velocity_zero,1,2,103.83767700195312,103.86318969726562,4.576480388641357,0.10693415999412537,1,1
25.07339311897522,41.964,velocity_zero,1,1,0.0,-127.10400390625,0.04371320828795433,-0.1490340679883957,2,1
25.07339311897522,41.964,velocity_zero,0,4,,0.0,-0.0,-0.017999999225139618,0,1
25.07339311897522,41.964,velocity_zero,0,1,,0.0,0.0,-0.008999999612569809,0,1
25.083186445990577,41.974,velocity_zero,1,2,103.83767700195312,103.93960571289062,-5.500870227813721,-0.06507956981658936,1,1
25.083186445990577,41.974,velocity_zero,1,1,0.0,-127.10400390625,0.04371320828795433,-0.15151572227478027,2,1
25.083186445990577,41.974,velocity_zero,0,4,,0.0,-0.0,0.006000000052154064,0,1
25.083186445990577,41.974,velocity_zero,0,1,,0.0,0.0,-0.008999999612569809,0,1
25.092947170953266,41.984,velocity_zero,1,2,103.83767700195312,103.83767700195312,-3.2465124130249023,-0.14334678649902344,1,1
25.092947170953266,41.984,velocity_zero,1,1,0.0,-127.10400390625,0.04371320828795433,-0.1513233333826065,2,1
25.092947170953266,41.984,velocity_zero,0,4,,0.0,-0.0,0.03200000151991844,0,1
25.092947170953266,41.984,velocity_zero,0,1,,0.0,0.0,-0.008999999612569809,0,1
25.102454808948096,41.994,velocity_zero,1,2,103.83767700195312,103.91763305664062,-1.1155611276626587,-0.03670015558600426,1,1
25.102454808948096,41.994,velocity_zero,1,1,0.0,-127.10400390625,0.04371320828795433,-0.15114817023277283,2,1
25.102454808948096,41.994,velocity_zero,0,4,,0.0,-0.0,-0.017999999225139618,0,1
25.102454808948096,41.994,velocity_zero,0,1,,0.0,0.0,-0.008999999612569809,0,1
25.112830153957475,42.004,velocity_zero,1,2,103.83767700195312,103.84051513671875,-4.768826484680176,0.06062539666891098,1,1
25.112830153957475,42.004,velocity_zero,1,1,0.0,-127.10400390625,0.04371320828795433,-0.1504984050989151,2,1
25.112830153957475,42.004,velocity_zero,0,4,,0.0,-0.0,-0.017999999225139618,0,1
25.112830153957475,42.004,velocity_zero,0,1,,0.0,0.0,0.05700000002980232,0,1
25.122692771954462,42.014,velocity_zero,1,2,103.83767700195312,103.93960571289062,-0.5770143270492554,0.012823631055653095,1,1
25.122692771954462,42.014,velocity_zero,1,1,0.0,-127.10400390625,0.04371320828795433,-0.14890547096729279,2,1
25.122692771954462,42.014,velocity_zero,0,4,,0.0,-0.0,0.03200000151991844,0,1
25.122692771954462,42.014,velocity_zero,0,1,,0.0,0.0,-0.008999999612569809,0,1
25.132877426978666,42.024,velocity_zero,1,2,103.83767700195312,103.84329223632812,-0.3520185649394989,-0.1053515076637268,1,1
25.132877426978666,42.024,velocity_zero,1,1,0.0,-127.10400390625,0.04371320828795433,-0.14964327216148376,2,1
25.132877426978666,42.024,velocity_zero,0,4,,0.0,-0.0,0.006000000052154064,0,1
25.132877426978666,42.024,velocity_zero,0,1,,0.0,0.0,-0.07699999958276749,0,1
25.14269383798819,42.034,velocity_zero,1,2,103.83767700195312,103.91763305664062,2.8850717544555664,-0.01245814934372902,1,1
25.14269383798819,42.034,velocity_zero,1,1,0.0,-127.10400390625,0.04371320828795433,-0.1502823829650879,2,1
25.14269383798819,42.034,velocity_zero,0,4,,0.0,-0.0,0.03200000151991844,0,1
25.14269383798819,42.034,velocity_zero,0,1,,0.0,0.0,-0.008999999612569809,0,1
25.153126551944297,42.044,velocity_zero,1,2,103.83767700195312,103.83767700195312,9.970165252685547,0.2657308876514435,1,1
25.153126551944297,42.044,velocity_zero,1,1,0.0,-127.10400390625,0.04371320828795433,-0.14922747015953064,2,1
25.153126551944297,42.044,velocity_zero,0,4,,0.0,-0.0,0.03200000151991844,0,1
25.153126551944297,42.044,velocity_zero,0,1,,0.0,0.0,-0.008999999612569809,0,1
25.16281310695922,42.054,velocity_zero,1,2,103.83767700195312,103.93960571289062,9.732527732849121,0.07728829979896545,1,1
25.16281310695922,42.054,velocity_zero,1,1,0.0,-127.10400390625,0.04371320828795433,-0.14936135709285736,2,1
25.16281310695922,42.054,velocity_zero,0,4,,0.0,-0.0,-0.017999999225139618,0,1
25.16281310695922,42.054,velocity_zero,0,1,,0.0,0.0,-0.008999999612569809,0,1
25.17337711795699,42.064,velocity_zero,1,2,103.83767700195312,103.83767700195312,-4.4806060791015625,0.22295507788658142,1,1
25.17337711795699,42.064,velocity_zero,1,1,0.0,-127.10400390625,0.04371320828795433,-0.14948982000350952,2,1
25.17337711795699,42.064,velocity_zero,0,4,,0.0,-0.0,0.006000000052154064,0,1
25.17337711795699,42.064,velocity_zero,0,1,,0.0,0.0,-0.008999999612569809,0,1
25.182671172951814,42.074,velocity_zero,1,2,103.83767700195312,103.93960571289062,-1.7310431003570557,0.07022149115800858,1,1
25.182671172951814,42.074,velocity_zero,1,1,0.0,-127.10400390625,0.04371320828795433,-0.1490209549665451,2,1
25.182671172951814,42.074,velocity_zero,0,4,,0.0,-0.0,-0.017999999225139618,0,1
25.182671172951814,42.074,velocity_zero,0,1,,0.0,0.0,0.05700000002980232,0,1
25.19309242494637,42.084,velocity_zero,1,2,103.83767700195312,103.84613037109375,4.610319137573242,0.2783462405204773,1,1
25.19309242494637,42.084,velocity_zero,1,1,0.0,-127.10400390625,0.04371320828795433,-0.14869022369384766,2,1
25.19309242494637,42.084,velocity_zero,0,4,,0.0,-0.0,0.054999999701976776,0,1
25.19309242494637,42.084,velocity_zero,0,1,,0.0,0.0,-0.008999999612569809,0,1
25.20245804399019,42.094,velocity_zero,1,2,103.83767700195312,103.93960571289062,4.5776472091674805,0.22052937746047974,1,1
25.20245804399019,42.094,velocity_zero,1,1,0.0,-127.10400390625,0.04371320828795433,-0.14999404549598694,2,1
25.20245804399019,42.094,velocity_zero,0,4,,0.0,-0.0,0.054999999701976776,0,1
25.20245804399019,42.094,velocity_zero,0,1,,0.0,0.0,-0.008999999612569809,0,1
25.2129291909514,42.104,velocity_zero,1,2,103.83767700195312,103.84329223632812,-8.222127914428711,0.3113837242126465,1,1
25.2129291909514,42.104,velocity_zero,1,1,0.0,-127.10400390625,0.04371320828795433,-0.14988818764686584,2,1
25.2129291909514,42.104,velocity_zero,0,4,,0.0,-0.0,-0.017999999225139618,0,1
25.2129291909514,42.104,velocity_zero,0,1,,0.0,0.0,-0.008999999612569809,0,1
25.22254847898148,42.114,velocity_zero,1,2,103.83767700195312,103.93960571289062,-10.963491439819336,-0.1678103506565094,1,1
25.22254847898148,42.114,velocity_zero,1,1,0.0,-127.10400390625,0.04371320828795433,-0.15039105713367462,2,1
25.22254847898148,42.114,velocity_zero,0,4,,0.0,-0.0,0.006000000052154064,0,1
25.22254847898148,42.114,velocity_zero,0,1,,0.0,0.0,-0.0020000000949949026,0,1
25.232960222987458,42.124,velocity_zero,1,2,103.83767700195312,103.851806640625,-13.133109092712402,0.06679978966712952,1,1
25.232960222987458,42.124,velocity_zero,1,1,0.0,-127.10400390625,0.04371320828795433,-0.14872755110263824,2,1
25.232960222987458,42.124,velocity_zero,0,4,,0.0,-0.0,0.006000000052154064,0,1
25.232960222987458,42.124,velocity_zero,0,1,,0.0,0.0,0.24699999392032623,0,1
25.242711790953763,42.134,velocity_zero,1,2,103.83767700195312,103.93960571289062,-3.577488899230957,-0.0385487861931324,1,1
25.242711790953763,42.134,velocity_zero,1,1,0.0,-127.10400390625,0.04371320828795433,-0.1496882289648056,2,1
25.242711790953763,42.134,velocity_zero,0,4,,0.0,-0.0,0.054999999701976776,0,1
25.242711790953763,42.134,velocity_zero,0,1,,0.0,0.0,-0.0020000000949949026,0,1
25.2529188489425,42.144,velocity_zero,1,2,103.83767700195312,103.96157836914062,16.195087432861328,0.08119339495897293,1,1
25.2529188489425,42.144,velocity_zero,1,1,0.0,-127.10400390625,0.04371320828795433,-0.14924268424510956,2,1
25.2529188489425,42.144,velocity_zero,0,4,,0.0,-0.0,-0.2240000069141388,0,1
25.2529188489425,42.144,velocity_zero,0,1,,0.0,0.0,-0.008999999612569809,0,1
25.262531574990135,42.154,velocity_zero,1,2,103.83767700195312,103.93960571289062,5.885765075683594,0.010864782147109509,1,1
25.262531574990135,42.154,velocity_zero,1,1,0.0,-127.10400390625,0.04371320828795433,-0.15048593282699585,2,1
25.262531574990135,42.154,velocity_zero,0,4,,0.0,-0.0,0.006000000052154064,0,1
25.262531574990135,42.154,velocity_zero,0,1,,0.0,0.0,-0.008999999612569809,0,1
25.273349515977316,42.164,velocity_zero,1,2,103.83767700195312,103.85467529296875,3.974453926086426,-0.04672826826572418,1,1
25.273349515977316,42.164,velocity_zero,1,1,0.0,-127.10400390625,0.04371320828795433,-0.14831440150737762,2,1
25.273349515977316,42.164,velocity_zero,0,4,,0.0,-0.0,-0.017999999225139618,0,1
25.273349515977316,42.164,velocity_zero,0,1,,0.0,0.0,-0.008999999612569809,0,1
25.28315632796148,42.174,velocity_zero,1,2,103.83767700195312,103.96157836914062,20.42652702331543,0.18614251911640167,1,1
25.28315632796148,42.174,velocity_zero,1,1,0.0,-127.10400390625,0.04371320828795433,-0.1488441377878189,2,1
25.28315632796148,42.174,velocity_zero,0,4,,0.0,-0.0,-0.017999999225139618,0,1
25.28315632796148,42.174,velocity_zero,0,1,,0.0,0.0,-0.01600000075995922,0,1
25.29291746398667,42.184,velocity_zero,1,2,103.83767700195312,103.8603515625,-6.939432621002197,0.16319508850574493,1,1
25.29291746398667,42.184,velocity_zero,1,1,0.0,-127.10400390625,0.04371320828795433,-0.15125678479671478,2,1
25.29291746398667,42.184,velocity_zero,0,4,,0.0,-0.0,-0.017999999225139618,0,1
25.29291746398667,42.184,velocity_zero,0,1,,0.0,0.0,0.05700000002980232,0,1
25.302512866968755,42.194,velocity_zero,1,2,103.83767700195312,103.93960571289062,2.8850717544555664,0.1608227789402008,1,1
25.302512866968755,42.194,velocity_zero,1,1,0.0,-127.10400390625,0.04371320828795433,-0.14807575941085815,2,1
25.302512866968755,42.194,velocity_zero,0,4,,0.0,-0.0,0.006000000052154064,0,1
25.302512866968755,42.194,velocity_zero,0,1,,0.0,0.0,-0.008999999612569809,0,1
25.31299995398149,42.204,velocity_zero,1,2,103.83767700195312,103.8603515625,7.691044330596924,0.10453493893146515,1,1
25.31299995398149,42.204,velocity_zero,1,1,0.0,-127.10400390625,0.04371320828795433,-0.15131178498268127,2,1
25.31299995398149,42.204,velocity_zero,0,4,,0.0,-0.0,0.03200000151991844,0,1
25.31299995398149,42.204,velocity_zero,0,1,,0.0,0.0,-0.0020000000949949026,0,1
25.322525444964413,42.214,velocity_zero,1,2,103.83767700195312,103.93960571289062,-0.730884850025177,0.2446543425321579,1,1
25.322525444964413,42.214,velocity_zero,1,1,0.0,-127.10400390625,0.04371320828795433,-0.1490274965763092,2,1
25.322525444964413,42.214,velocity_zero,0,4,,0.0,-0.0,0.006000000052154064,0,1
25.322525444964413,42.214,velocity_zero,0,1,,0.0,0.0,-0.008999999612569809,0,1
25.33300825295737,42.224,velocity_zero,1,2,103.83767700195312,103.85745239257812,6.071918487548828,0.06250476092100143,1,1
25.33300825295737,42.224,velocity_zero,1,1,0.0,-127.10400390625,0.04371320828795433,-0.1481045037508011,2,1
25.33300825295737,42.224,velocity_zero,0,4,,0.0,-0.0,-0.017999999225139618,0,1
25.33300825295737,42.224,velocity_zero,0,1,,0.0,0.0,-0.008999999612569809,0,1
25.342577296949457,42.234,velocity_zero,1,2,103.83767700195312,103.93960571289062,-5.116193771362305,-0.048942554742097855,1,1
25.342577296949457,42.234,velocity_zero,1,1,0.0,-127.10400390625,0.04371320828795433,-0.1491585224866867,2,1
25.342577296949457,42.234,velocity_zero,0,4,,0.0,-0.0,0.006000000052154064,0,1
25.342577296949457,42.234,velocity_zero,0,1,,0.0,0.0,-0.008999999612569809,0,1
25.353087416966446,42.244,velocity_zero,1,2,103.83767700195312,103.91763305664062,0.4231438636779785,0.20439043641090393,1,1
25.353087416966446,42.244,velocity_zero,1,1,0.0,-127.10400390625,0.04371320828795433,-0.15093830227851868,2,1
25.353087416966446,42.244,velocity_zero,0,4,,0.0,-0.0,0.054999999701976776,0,1
25.353087416966446,42.244,velocity_zero,0,1,,0.0,0.0,-0.01600000075995922,0,1
25.363137487962376,42.254,velocity_zero,1,2,103.83767700195312,103.82623291015625,0.1824459731578827,0.22718068957328796,1,1
25.363137487962376,42.254,velocity_zero,1,1,0.0,-127.10400390625,0.04371320828795433,-0.1483069360256195,2,1
25.363137487962376,42.254,velocity_zero,0,4,,0.0,-0.0,0.006000000052154064,0,1
25.363137487962376,42.254,velocity_zero,0,1,,0.0,0.0,-0.0020000000949949026,0,1
25.373033558949828,42.264,velocity_zero,1,2,103.83767700195312,103.93960571289062,-0.6539496183395386,0.16301877796649933,1,1
25.373033558949828,42.264,velocity_zero,1,1,0.0,-127.10400390625,0.04371320828795433,-0.14907687902450562,2,1
25.373033558949828,42.264,velocity_zero,0,4,,0.0,-0.0,0.006000000052154064,0,1
25.373033558949828,42.264,velocity_zero,0,1,,0.0,0.0,-0.008999999612569809,0,1
25.383302833943162,42.274,velocity_zero,1,2,103.83767700195312,103.93960571289062,5.578023910522461,-0.03151940554380417,1,1
25.383302833943162,42.274,velocity_zero,1,1,0.0,-127.10400390625,0.04371320828795433,-0.14881150424480438,2,1
25.383302833943162,42.274,velocity_zero,0,4,,0.0,-0.0,-0.017999999225139618,0,1
25.383302833943162,42.274,velocity_zero,0,1,,0.0,0.0,-0.008999999612569809,0,1
25.39330414298456,42.284,velocity_zero,1,2,103.83767700195312,103.82913208007812,-11.088105201721191,0.0726972296833992,1,1
25.39330414298456,42.284,velocity_zero,1,1,0.0,-127.10400390625,0.04371320828795433,-0.14958861470222473,2,1
25.39330414298456,42.284,velocity_zero,0,4,,0.0,-0.0,0.03200000151991844,0,1
25.39330414298456,42.284,velocity_zero,0,1,,0.0,0.0,-0.01600000075995922,0,1
25.403136693988927,42.294,velocity_zero,1,2,103.83767700195312,103.91763305664062,5.347218036651611,0.18060509860515594,1,1
25.403136693988927,42.294,velocity_zero,1,1,0.0,-127.10400390625,0.04371320828795433,-0.14966604113578796,2,1
25.403136693988927,42.294,velocity_zero,0,4,,0.0,-0.0,0.006000000052154064,0,1
25.403136693988927,42.294,velocity_zero,0,1,,0.0,0.0,-0.008999999612569809,0,1
25.413294017955195,42.304,velocity_zero,1,2,103.83767700195312,103.84051513671875,3.8489956855773926,-0.05476287007331848,1,1
25.413294017955195,42.304,velocity_zero,1,1,0.0,-127.10400390625,0.04371320828795433,-0.1473308801651001,2,1
25.413294017955195,42.304,velocity_zero,0,4,,0.0,-0.0,0.054999999701976776,0,1
25.413294017955195,42.304,velocity_zero,0,1,,0.0,0.0,-0.008999999612569809,0,1
25.423065132985357,42.314,velocity_zero,1,2,103.83767700195312,103.93960571289062,-1.2694315910339355,-0.07070955634117126,1,1
25.423065132985357,42.314,velocity_zero,1,1,0.0,-127.10400390625,0.04371320828795433,-0.14769497513771057,2,1
25.423065132985357,42.314,velocity_zero,0,4,,0.0,-0.0,0.006000000052154064,0,1
25.423065132985357,42.314,velocity_zero,0,1,,0.0,0.0,-0.07699999958276749,0,1
25.432842799986247,42.324,velocity_zero,1,2,103.83767700195312,103.83197021484375,8.634919166564941,-0.05089263617992401,1,1
25.432842799986247,42.324,velocity_zero,1,1,0.0,-127.10400390625,0.04371320828795433,-0.15055735409259796,2,1
25.432842799986247,42.324,velocity_zero,0,4,,0.0,-0.0,-0.017999999225139618,0,1
25.432842799986247,42.324,velocity_zero,0,1,,0.0,0.0,-0.008999999612569809,0,1
25.442572746949736,42.334,velocity_zero,1,2,103.83767700195312,103.93960571289062,8.270757675170898,-0.018478289246559143,1,1
25.442572746949736,42.334,velocity_zero,1,1,0.0,-127.10400390625,0.04371320828795433,-0.14883162081241608,2,1
25.442572746949736,42.334,velocity_zero,0,4,,0.0,-0.0,0.23800000548362732,0,1
25.442572746949736,42.334,velocity_zero,0,1,,0.0,0.0,-0.008999999612569809,0,1
25.45318737498019,42.344,velocity_zero,1,2,103.83767700195312,103.84613037109375,2.4792821407318115,-0.015408830717206001,1,1
25.45318737498019,42.344,velocity_zero,1,1,0.0,-127.10400390625,0.04371320828795433,-0.14949865639209747,2,1
25.45318737498019,42.344,velocity_zero,0,4,,0.0,-0.0,-0.017999999225139618,0,1
25.45318737498019,42.344,velocity_zero,0,1,,0.0,0.0,-0.008999999612569809,0,1
25.46250250894809,42.354,velocity_zero,1,2,103.83767700195312,103.93960571289062,-4.80845308303833,0.0205401461571455,1,1
25.46250250894809,42.354,velocity_zero,1,1,0.0,-127.10400390625,0.04371320828795433,-0.1476539522409439,2,1
25.46250250894809,42.354,velocity_zero,0,4,,0.0,-0.0,-0.017999999225139618,0,1
25.46250250894809,42.354,velocity_zero,0,1,,0.0,0.0,-0.0020000000949949026,0,1
25.473175665945746,42.364,velocity_zero,1,2,103.83767700195312,103.84329223632812,-1.316909670829773,0.17927876114845276,1,1
25.473175665945746,42.364,velocity_zero,1,1,0.0,-127.10400390625,0.04371320828795433,-0.14817070960998535,2,1
25.473175665945746,42.364,velocity_zero,0,4,,0.0,-0.0,-0.017999999225139618,0,1
25.473175665945746,42.364,velocity_zero,0,1,,0.0,0.0,-0.008999999612569809,0,1
25.482579076953698,42.374,velocity_zero,1,2,103.83767700195312,103.93960571289062,2.5003955364227295,0.11593475192785263,1,1
25.482579076953698,42.374,velocity_zero,1,1,0.0,-127.10400390625,0.04371320828795433,-0.14645569026470184,2,1
25.482579076953698,42.374,velocity_zero,0,4,,0.0,-0.0,-0.017999999225139618,0,1
25.482579076953698,42.374,velocity_zero,0,1,,0.0,0.0,-0.01600000075995922,0,1
25.493171582987998,42.384,velocity_zero,1,2,103.83767700195312,103.93960571289062,-5.4239349365234375,0.07896400988101959,1,1
25.493171582987998,42.384,velocity_zero,1,1,0.0,-127.10400390625,0.04371320828795433,-0.15017598867416382,2,1
25.493171582987998,42.384,velocity_zero,0,4,,0.0,-0.0,0.006000000052154064,0,1
25.493171582987998,42.384,velocity_zero,0,1,,0.0,0.0,0.05700000002980232,0,1
25.50257629598491,42.394,velocity_zero,1,2,103.83767700195312,103.93960571289062,6.116570472717285,0.1483813226222992,1,1
25.50257629598491,42.394,velocity_zero,1,1,0.0,-127.10400390625,0.04371320828795433,-0.14941252768039703,2,1
25.50257629598491,42.394,velocity_zero,0,4,,0.0,-0.0,0.03200000151991844,0,1
25.50257629598491,42.394,velocity_zero,0,1,,0.0,0.0,-0.01600000075995922,0,1
25.51344201696338,42.404,velocity_zero,1,2,103.83767700195312,103.83477783203125,-3.3555121421813965,0.12604205310344696,1,1
25.51344201696338,42.404,velocity_zero,1,1,0.0,-127.10400390625,0.04371320828795433,-0.14845237135887146,2,1
25.51344201696338,42.404,velocity_zero,0,4,,0.0,-0.0,0.03200000151991844,0,1
25.51344201696338,42.404,velocity_zero,0,1,,0.0,0.0,-0.008999999612569809,0,1
25.523060713952873,42.414,velocity_zero,1,2,103.83767700195312,103.93960571289062,0.8847553133964539,0.001503308187238872,1,1
25.523060713952873,42.414,velocity_zero,1,1,0.0,-127.10400390625,0.04371320828795433,-0.14946870505809784,2,1
25.523060713952873,42.414,velocity_zero,0,4,,0.0,-0.0,0.006000000052154064,0,1
25.523060713952873,42.414,velocity_zero,0,1,,0.0,0.0,-0.008999999612569809,0,1
25.533168293943163,42.424,velocity_zero,1,2,103.83767700195312,103.851806640625,-11.602128982543945,0.06127503514289856,1,1
25.533168293943163,42.424,velocity_zero,1,1,0.0,-127.10400390625,0.04371320828795433,-0.1500384658575058,2,1
25.533168293943163,42.424,velocity_zero,0,4,,0.0,-0.0,-0.017999999225139618,0,1
25.533168293943163,42.424,velocity_zero,0,1,,0.0,0.0,-0.0020000000949949026,0,1
25.5427374879946,42.434,velocity_zero,1,2,103.83767700195312,103.93960571289062,2.9620070457458496,0.22939707338809967,1,1
25.5427374879946,42.434,velocity_zero,1,1,0.0,-127.10400390625,0.04371320828795433,-0.14971306920051575,2,1
25.5427374879946,42.434,velocity_zero,0,4,,0.0,-0.0,-0.017999999225139618,0,1
25.5427374879946,42.434,velocity_zero,0,1,,0.0,0.0,-0.008999999612569809,0,1
25.553094708942808,42.444,velocity_zero,1,2,103.83767700195312,103.84896850585938,-9.79487133026123,0.06911800801753998,1,1
25.553094708942808,42.444,velocity_zero,1,1,0.0,-127.10400390625,0.04371320828795433,-0.14871838688850403,2,1
25.553094708942808,42.444,velocity_zero,0,4,,0.0,-0.0,-0.017999999225139618,0,1
25.553094708942808,42.444,velocity_zero,0,1,,0.0,0.0,-0.008999999612569809,0,1
25.57167465199018,42.463,velocity_zero,1,2,103.83767700195312,103.93960571289062,-0.4231438636779785,0.11719173192977905,1,1
25.57167465199018,42.463,velocity_zero,1,1,0.0,-127.10400390625,0.04371320828795433,-0.14976784586906433,2,1
25.57167465199018,42.463,velocity_zero,0,4,,0.0,-0.0,-0.017999999225139618,0,1
25.57167465199018,42.463,velocity_zero,0,1,,0.0,0.0,-0.008999999612569809,0,1
25.573170706979,42.464,velocity_zero,1,2,103.83767700195312,103.93960571289062,-0.4231438636779785,0.11719173192977905,1,1
25.573170706979,42.464,velocity_zero,1,1,0.0,-127.10400390625,0.04371320828795433,-0.14976784586906433,2,1
25.573170706979,42.464,velocity_zero,0,4,,0.0,-0.0,0.03200000151991844,0,1
25.573170706979,42.464,velocity_zero,0,1,,0.0,0.0,-0.008999999612569809,0,1
25.582955095975194,42.474,velocity_zero,1,2,103.83767700195312,103.96157836914062,2.346524953842163,0.17050273716449738,1,1
25.582955095975194,42.474,velocity_zero,1,1,0.0,-127.10400390625,0.04371320828795433,-0.14737090468406677,2,1
25.582955095975194,42.474,velocity_zero,0,4,,0.0,-0.0,-0.017999999225139618,0,1
25.582955095975194,42.474,velocity_zero,0,1,,0.0,0.0,-0.008999999612569809,0,1
25.593207319965586,42.484,velocity_zero,1,2,103.83767700195312,103.96157836914062,-0.2692733705043793,0.27791792154312134,1,1
25.593207319965586,42.484,velocity_zero,1,1,0.0,-127.10400390625,0.04371320828795433,-0.14804226160049438,2,1
25.593207319965586,42.484,velocity_zero,0,4,,0.0,-0.0,0.006000000052154064,0,1
25.593207319965586,42.484,velocity_zero,0,1,,0.0,0.0,-0.008999999612569809,0,1
25.60277876694454,42.494,velocity_zero,1,2,103.83767700195312,103.93960571289062,-0.5000790953636169,0.001287903287447989,1,1
25.60277876694454,42.494,velocity_zero,1,1,0.0,-127.10400390625,0.04371320828795433,-0.1495160013437271,2,1
25.60277876694454,42.494,velocity_zero,0,4,,0.0,-0.0,-0.017999999225139618,0,1
25.60277876694454,42.494,velocity_zero,0,1,,0.0,0.0,-0.008999999612569809,0,1
25.613314695947338,42.504,velocity_zero,1,2,103.83767700195312,103.87164306640625,-2.6460142135620117,0.11425341665744781,1,1
25.613314695947338,42.504,velocity_zero,1,1,0.0,-127.10400390625,0.04371320828795433,-0.14917893707752228,2,1
25.613314695947338,42.504,velocity_zero,0,4,,0.0,-0.0,0.054999999701976776,0,1
25.613314695947338,42.504,velocity_zero,0,1,,0.0,0.0,-0.008999999612569809,0,1
25.62345347495284,42.515,velocity_zero,1,2,103.83767700195312,103.93960571289062,3.4236185550689697,0.0328981950879097,1,1
25.62345347495284,42.515,velocity_zero,1,1,0.0,-127.10400390625,0.04371320828795433,-0.1477804183959961,2,1
25.62345347495284,42.515,velocity_zero,0,4,,0.0,-0.0,0.054999999701976776,0,1
25.62345347495284,42.515,velocity_zero,0,1,,0.0,0.0,-0.008999999612569809,0,1
25.633242543961387,42.524,velocity_zero,1,2,103.83767700195312,103.83767700195312,-2.8941774368286133,0.1693103313446045,1,1
25.633242543961387,42.524,velocity_zero,1,1,0.0,-127.10400390625,0.04371320828795433,-0.14585335552692413,2,1
25.633242543961387,42.524,velocity_zero,0,4,,0.0,-0.0,0.006000000052154064,0,1
25.633242543961387,42.524,velocity_zero,0,1,,0.0,0.0,0.05700000002980232,0,1
25.64304330496816,42.534,velocity_zero,1,2,103.83767700195312,103.93960571289062,4.039100646972656,0.1557845026254654,1,1
25.64304330496816,42.534,velocity_zero,1,1,0.0,-127.10400390625,0.04371320828795433,-0.14842896163463593,2,1
25.64304330496816,42.534,velocity_zero,0,4,,0.0,-0.0,-0.017999999225139618,0,1
25.64304330496816,42.534,velocity_zero,0,1,,0.0,0.0,-0.008999999612569809,0,1
25.65306566399522,42.544,velocity_zero,1,2,103.83767700195312,103.851806640625,-2.536695718765259,0.053141623735427856,1,1
25.65306566399522,42.544,velocity_zero,1,1,0.0,-127.10400390625,0.04371320828795433,-0.14758700132369995,2,1
25.65306566399522,42.544,velocity_zero,0,4,,0.0,-0.0,-0.017999999225139618,0,1
25.65306566399522,42.544,velocity_zero,0,1,,0.0,0.0,-0.008999999612569809,0,1
25.66283913294319,42.554,velocity_zero,1,2,103.83767700195312,103.85467529296875,-5.704800605773926,0.05561558157205582,1,1
25.66283913294319,42.554,velocity_zero,1,1,0.0,-127.10400390625,0.04371320828795433,-0.15046940743923187,2,1
25.66283913294319,42.554,velocity_zero,0,4,,0.0,-0.0,0.006000000052154064,0,1
25.66283913294319,42.554,velocity_zero,0,1,,0.0,0.0,-0.0020000000949949026,0,1
25.673492993984837,42.564,velocity_zero,1,2,103.83767700195312,103.96157836914062,3.8082947731018066,0.16228707134723663,1,1
25.673492993984837,42.564,velocity_zero,1,1,0.0,-127.10400390625,0.04371320828795433,-0.14741230010986328,2,1
25.673492993984837,42.564,velocity_zero,0,4,,0.0,-0.0,-0.017999999225139618,0,1
25.673492993984837,42.564,velocity_zero,0,1,,0.0,0.0,-0.008999999612569809,0,1
25.715317094989587,42.606,disabled,1,2,103.83767700195312,103.93960571289062,-3.316605567932129,-0.09455301612615585,0,1
25.715317094989587,42.606,disabled,1,1,0.0,-126.9990234375,-8.573750495910645,-0.0,0,1
25.715317094989587,42.606,disabled,0,4,,0.0,-0.0,0.03200000151991844,0,1
25.715317094989587,42.606,disabled,0,1,,0.0,0.0,-0.008999999612569809,0,1
25.72286623599939,42.614,disabled,1,2,103.83767700195312,103.93960571289062,-3.316605567932129,-0.09455301612615585,0,1
25.72286623599939,42.614,disabled,1,1,0.0,-127.00140380859375,4.283325672149658,-0.0,0,1
25.72286623599939,42.614,disabled,0,4,,0.0,-0.0,-0.017999999225139618,0,1
25.72286623599939,42.614,disabled,0,1,,0.0,0.0,-0.008999999612569809,0,1
25.732562559947837,42.624,disabled,1,2,103.83767700195312,103.93960571289062,-3.316605567932129,-0.09455301612615585,0,1
25.732562559947837,42.624,disabled,1,1,0.0,-126.97943115234375,3.306531067823699e-20,-0.0,0,1
25.732562559947837,42.624,disabled,0,4,,0.0,-0.0,0.054999999701976776,0,1
25.732562559947837,42.624,disabled,0,1,,0.0,0.0,0.05700000002980232,0,1
25.742887749976944,42.634,disabled,1,2,103.83767700195312,103.84896850585938,4.80573034286499,-0.0,0,1
25.742887749976944,42.634,disabled,1,1,0.0,-126.99169921875,-1.2317779682583031e-28,-0.0,0,1
25.742887749976944,42.634,disabled,0,4,,0.0,-0.0,0.054999999701976776,0,1
25.742887749976944,42.634,disabled,0,1,,0.0,0.0,-0.008999999612569809,0,1
25.752713618974667,42.644,disabled,1,2,103.83767700195312,103.84329223632812,-5.288510799407959,-0.0,0,1
25.752713618974667,42.644,disabled,1,1,0.0,-126.98675537109375,6.155060249967723e-29,-0.0,0,1
25.752713618974667,42.644,disabled,0,4,,0.0,-0.0,0.006000000052154064,0,1
25.752713618974667,42.644,disabled,0,1,,0.0,0.0,-0.0020000000949949026,0,1
25.762978775950614,42.654,disabled,1,2,103.83767700195312,103.851806640625,5.775390625,-0.0,0,1
25.762978775950614,42.654,disabled,1,1,0.0,-126.9892578125,-7.337403595409063e-36,-0.0,0,1
25.762978775950614,42.654,disabled,0,4,,0.0,-0.0,-0.017999999225139618,0,1
25.762978775950614,42.654,disabled,0,1,,0.0,0.0,-0.008999999612569809,0,1
25.772727888950612,42.664,disabled,1,2,103.83767700195312,103.84329223632812,0.7958444952964783,-0.0,0,1
25.772727888950612,42.664,disabled,1,1,0.0,-126.98675537109375,3.846912656229827e-30,-0.0,0,1
25.772727888950612,42.664,disabled,0,4,,0.0,-0.0,-0.017999999225139618,0,1
25.772727888950612,42.664,disabled,0,1,,0.0,0.0,-0.008999999612569809,0,1
25.783114856982138,42.674,disabled,1,2,103.83767700195312,103.83767700195312,-4.540661334991455,-0.0,0,1
25.783114856982138,42.674,disabled,1,1,0.0,-126.98675537109375,-0.0,-0.0,0,1
25.783114856982138,42.674,disabled,0,4,,0.0,-0.0,0.006000000052154064,0,1
25.783114856982138,42.674,disabled,0,1,,0.0,0.0,-0.008999999612569809,0,1
25.792738422984257,42.684,disabled,1,2,103.83767700195312,103.83477783203125,-6.031425952911377,-0.0,0,1
25.792738422984257,42.684,disabled,1,1,0.0,-126.98675537109375,-0.0,-0.0,0,1
25.792738422984257,42.684,disabled,0,4,,0.0,-0.0,0.006000000052154064,0,1
25.792738422984257,42.684,disabled,0,1,,0.0,0.0,-0.008999999612569809,0,1
25.80275133496616,42.694,disabled,1,2,103.83767700195312,103.84613037109375,-0.2188994437456131,-0.0,0,1
25.80275133496616,42.694,disabled,1,1,0.0,-126.98675537109375,-0.0,-0.0,0,1
25.80275133496616,42.694,disabled,0,4,,0.0,-0.0,-0.017999999225139618,0,1
25.80275133496616,42.694,disabled,0,1,,0.0,0.0,-0.0020000000949949026,0,1
25.812590737943538,42.704,disabled,1,2,103.83767700195312,103.83477783203125,-1.173506736755371,-0.0,0,1
25.812590737943538,42.704,disabled,1,1,0.0,-126.98675537109375,-0.0,-0.0,0,1
25.812590737943538,42.704,disabled,0,4,,0.0,-0.0,0.006000000052154064,0,1
25.812590737943538,42.704,disabled,0,1,,0.0,0.0,-0.008999999612569809,0,1
25.823121386987623,42.714,disabled,1,2,103.83767700195312,103.83767700195312,-4.459664821624756,-0.0,0,1
25.823121386987623,42.714,disabled,1,1,0.0,-126.98675537109375,-0.0,-0.0,0,1
25.823121386987623,42.714,disabled,0,4,,0.0,-0.0,-0.017999999225139618,0,1
25.823121386987623,42.714,disabled,0,1,,0.0,0.0,-0.008999999612569809,0,1
25.83254303195281,42.724,disabled,1,2,103.83767700195312,103.84896850585938,9.058939933776855,-0.0,0,1
25.83254303195281,42.724,disabled,1,1,0.0,-126.98675537109375,-0.0,-0.0,0,1
25.83254303195281,42.724,disabled,0,4,,0.0,-0.0,-0.017999999225139618,0,1
25.83254303195281,42.724,disabled,0,1,,0.0,0.0,-0.008999999612569809,0,1
25.843175833986606,42.734,disabled,1,2,103.83767700195312,103.84613037109375,6.726064682006836,-0.0,0,1
25.843175833986606,42.734,disabled,1,1,0.0,-126.98675537109375,-0.0,-0.0,0,1
25.843175833986606,42.734,disabled,0,4,,0.0,-0.0,0.054999999701976776,0,1
25.843175833986606,42.734,disabled,0,1,,0.0,0.0,-0.008999999612569809,0,1
25.852839324972592,42.744,disabled,1,2,103.83767700195312,103.84896850585938,1.8881642818450928,-0.0,0,1
25.852839324972592,42.744,disabled,1,1,0.0,-126.98675537109375,-0.0,-0.0,0,1
25.852839324972592,42.744,disabled,0,4,,0.0,-0.0,0.006000000052154064,0,1
25.852839324972592,42.744,disabled,0,1,,0.0,0.0,-0.008999999612569809,0,1
25.86294837796595,42.754,disabled,1,2,103.83767700195312,103.83477783203125,-8.772001266479492,-0.0,0,1
25.86294837796595,42.754,disabled,1,1,0.0,-126.98675537109375,-0.0,-0.0,0,1
25.86294837796595,42.754,disabled,0,4,,0.0,-0.0,0.03200000151991844,0,1
25.86294837796595,42.754,disabled,0,1,,0.0,0.0,-0.008999999612569809,0,1
25.872922515962273,42.764,disabled,1,2,103.83767700195312,103.84329223632812,4.490479946136475,-0.0,0,1
25.872922515962273,42.764,disabled,1,1,0.0,-126.98675537109375,-0.0,-0.0,0,1
25.872922515962273,42.764,disabled,0,4,,0.0,-0.0,-0.017999999225139618,0,1
25.872922515962273,42.764,disabled,0,1,,0.0,0.0,0.05700000002980232,0,1
25.882808908994775,42.774,disabled,1,2,103.83767700195312,103.83767700195312,1.8417742252349854,-0.0,0,1
25.882808908994775,42.774,disabled,1,1,0.0,-126.98675537109375,-0.0,-0.0,0,1
25.882808908994775,42.774,disabled,0,4,,0.0,-0.0,-0.017999999225139618,0,1
25.882808908994775,42.774,disabled,0,1,,0.0,0.0,-0.008999999612569809,0,1
25.892847157956567,42.784,disabled,1,2,103.83767700195312,103.84329223632812,3.061149835586548,-0.0,0,1
25.892847157956567,42.784,disabled,1,1,0.0,-126.98675537109375,-0.0,-0.0,0,1
25.892847157956567,42.784,disabled,0,4,,0.0,-0.0,-0.017999999225139618,0,1
25.892847157956567,42.784,disabled,0,1,,0.0,0.0,-0.008999999612569809,0,1
25.903012416965794,42.794,disabled,1,2,103.83767700195312,103.84051513671875,0.38571247458457947,-0.0,0,1
25.903012416965794,42.794,disabled,1,1,0.0,-126.98675537109375,-0.0,-0.0,0,1
25.903012416965794,42.794,disabled,0,4,,0.0,-0.0,-0.017999999225139618,0,1
25.903012416965794,42.794,disabled,0,1,,0.0,0.0,-0.008999999612569809,0,1
25.912547686952166,42.804,disabled,1,2,103.83767700195312,103.84051513671875,4.589136600494385,-0.0,0,1
25.912547686952166,42.804,disabled,1,1,0.0,-126.98675537109375,-0.0,-0.0,0,1
25.912547686952166,42.804,disabled,0,4,,0.0,-0.0,0.006000000052154064,0,1
25.912547686952166,42.804,disabled,0,1,,0.0,0.0,-0.008999999612569809,0,1
25.922872175986413,42.814,disabled,1,2,103.83767700195312,103.83767700195312,-4.655750274658203,-0.0,0,1
25.922872175986413,42.814,disabled,1,1,0.0,-126.98675537109375,-0.0,-0.0,0,1
25.922872175986413,42.814,disabled,0,4,,0.0,-0.0,-0.017999999225139618,0,1
25.922872175986413,42.814,disabled,0,1,,0.0,0.0,-0.008999999612569809,0,1
25.932495601999108,42.824,disabled,1,2,103.83767700195312,103.84051513671875,0.013585821725428104,-0.0,0,1
25.932495601999108,42.824,disabled,1,1,0.0,-126.98675537109375,-0.0,-0.0,0,1
25.932495601999108,42.824,disabled,0,4,,0.0,-0.0,0.006000000052154064,0,1
25.932495601999108,42.824,disabled,0,1,,0.0,0.0,-0.07000000029802322,0,1
25.943036199954804,42.834,disabled,1,2,103.83767700195312,103.84329223632812,0.07595095038414001,-0.0,0,1
25.943036199954804,42.834,disabled,1,1,0.0,-126.98675537109375,-0.0,-0.0,0,1
25.943036199954804,42.834,disabled,0,4,,0.0,-0.0,-0.017999999225139618,0,1
25.943036199954804,42.834,disabled,0,1,,0.0,0.0,0.05700000002980232,0,1
25.952830918948166,42.844,disabled,1,2,103.83767700195312,103.84051513671875,-2.424132823944092,-0.0,0,1
25.952830918948166,42.844,disabled,1,1,0.0,-126.98675537109375,-0.0,-0.0,0,1
25.952830918948166,42.844,disabled,0,4,,0.0,-0.0,0.054999999701976776,0,1
25.952830918948166,42.844,disabled,0,1,,0.0,0.0,-0.008999999612569809,0,1
25.962751465965994,42.854,disabled,1,2,103.83767700195312,103.84329223632812,6.784978866577148,-0.0,0,1
25.962751465965994,42.854,disabled,1,1,0.0,-126.98675537109375,-0.0,-0.0,0,1
25.962751465965994,42.854,disabled,0,4,,0.0,-0.0,-0.017999999225139618,0,1
25.962751465965994,42.854,disabled,0,1,,0.0,0.0,-0.0020000000949949026,0,1
25.97291342896642,42.864,disabled,1,2,103.83767700195312,103.84613037109375,3.9432036876678467,-0.0,0,1
25.97291342896642,42.864,disabled,1,1,0.0,-126.98675537109375,-0.0,-0.0,0,1
25.97291342896642,42.864,disabled,0,4,,0.0,-0.0,-0.017999999225139618,0,1
25.97291342896642,42.864,disabled,0,1,,0.0,0.0,-0.008999999612569809,0,1
25.98280464997515,42.874,disabled,1,2,103.83767700195312,103.84329223632812,-0.5641031861305237,-0.0,0,1
25.98280464997515,42.874,disabled,1,1,0.0,-126.98675537109375,-0.0,-0.0,0,1
25.98280464997515,42.874,disabled,0,4,,0.0,-0.0,-0.017999999225139618,0,1
25.98280464997515,42.874,disabled,0,1,,0.0,0.0,-0.008999999612569809,0,1
25.992947616963647,42.884,disabled,1,2,103.83767700195312,103.84613037109375,2.5910415649414062,-0.0,0,1
25.992947616963647,42.884,disabled,1,1,0.0,-126.98675537109375,-0.0,-0.0,0,1
25.992947616963647,42.884,disabled,0,4,,0.0,-0.0,-0.017999999225139618,0,1
25.992947616963647,42.884,disabled,0,1,,0.0,0.0,-0.008999999612569809,0,1
26.002840150962584,42.894,disabled,1,2,103.83767700195312,103.84613037109375,-9.108905792236328,-0.0,0,1
26.002840150962584,42.894,disabled,1,1,0.0,-126.98675537109375,-0.0,-0.0,0,1
26.002840150962584,42.894,disabled,0,4,,0.0,-0.0,-0.017999999225139618,0,1
26.002840150962584,42.894,disabled,0,1,,0.0,0.0,-0.008999999612569809,0,1
26.01256783399731,42.904,disabled,1,2,103.83767700195312,103.84329223632812,-2.034250497817993,-0.0,0,1
26.01256783399731,42.904,disabled,1,1,0.0,-126.98675537109375,-0.0,-0.0,0,1
26.01256783399731,42.904,disabled,0,4,,0.0,-0.0,-0.017999999225139618,0,1
26.01256783399731,42.904,disabled,0,1,,0.0,0.0,-0.008999999612569809,0,1
26.023116195981856,42.914,disabled,1,2,103.83767700195312,103.85467529296875,10.272347450256348,-0.0,0,1
26.023116195981856,42.914,disabled,1,1,0.0,-126.98675537109375,-0.0,-0.0,0,1
26.023116195981856,42.914,disabled,0,4,,0.0,-0.0,0.006000000052154064,0,1
26.023116195981856,42.914,disabled,0,1,,0.0,0.0,-0.008999999612569809,0,1
26.032669840962626,42.924,disabled,1,2,103.83767700195312,103.84329223632812,-5.140946388244629,-0.0,0,1
26.032669840962626,42.924,disabled,1,1,0.0,-126.98675537109375,-0.0,-0.0,0,1
26.032669840962626,42.924,disabled,0,4,,0.0,-0.0,-0.017999999225139618,0,1
26.032669840962626,42.924,disabled,0,1,,0.0,0.0,-0.008999999612569809,0,1
26.042876567982603,42.934,disabled,1,2,103.83767700195312,103.84329223632812,1.461910367012024,-0.0,0,1
26.042876567982603,42.934,disabled,1,1,0.0,-126.98675537109375,-0.0,-0.0,0,1
26.042876567982603,42.934,disabled,0,4,,0.0,-0.0,-0.017999999225139618,0,1
26.042876567982603,42.934,disabled,0,1,,0.0,0.0,-0.07699999958276749,0,1
26.052797054988332,42.944,disabled,1,2,103.83767700195312,103.84896850585938,4.122471332550049,-0.0,0,1
26.052797054988332,42.944,disabled,1,1,0.0,-126.98675537109375,-0.0,-0.0,0,1
26.052797054988332,42.944,disabled,0,4,,0.0,-0.0,-0.017999999225139618,0,1
26.052797054988332,42.944,disabled,0,1,,0.0,0.0,-0.008999999612569809,0,1
26.062755162944086,42.954,disabled,1,2,103.83767700195312,103.83767700195312,-3.5321097373962402,-0.0,0,1
26.062755162944086,42.954,disabled,1,1,0.0,-126.98675537109375,-0.0,-0.0,0,1
26.062755162944086,42.954,disabled,0,4,,0.0,-0.0,0.03200000151991844,0,1
26.062755162944086,42.954,disabled,0,1,,0.0,0.0,-0.008999999612569809,0,1
26.07279883197043,42.964,disabled,1,2,103.83767700195312,103.84613037109375,-3.670196294784546,-0.0,0,1
26.07279883197043,42.964,disabled,1,1,0.0,-126.98675537109375,-0.0,-0.0,0,1
26.07279883197043,42.964,disabled,0,4,,0.0,-0.0,-0.017999999225139618,0,1
26.07279883197043,42.964,disabled,0,1,,0.0,0.0,-0.0020000000949949026,0,1
26.082999958947767,42.974,disabled,1,2,103.83767700195312,103.84051513671875,0.3883921504020691,-0.0,0,1
26.082999958947767,42.974,disabled,1,1,0.0,-126.98675537109375,-0.0,-0.0,0,1
26.082999958947767,42.974,disabled,0,4,,0.0,-0.0,0.054999999701976776,0,1
26.082999958947767,42.974,disabled,0,1,,0.0,0.0,-0.008999999612569809,0,1
26.09256572596496,42.984,disabled,1,2,103.83767700195312,103.84613037109375,4.853509902954102,-0.0,0,1
26.09256572596496,42.984,disabled,1,1,0.0,-126.98675537109375,-0.0,-0.0,0,1
26.09256572596496,42.984,disabled,0,4,,0.0,-0.0,0.006000000052154064,0,1
26.09256572596496,42.984,disabled,0,1,,0.0,0.0,-0.008999999612569809,0,1
26.102764838957228,42.994,disabled,1,2,103.83767700195312,103.84329223632812,-2.1726434230804443,-0.0,0,1
26.102764838957228,42.994,disabled,1,1,0.0,-126.98675537109375,-0.0,-0.0,0,1
26.102764838957228,42.994,disabled,0,4,,0.0,-0.0,-0.017999999225139618,0,1
26.102764838957228,42.994,disabled,0,1,,0.0,0.0,-0.008999999612569809,0,1
26.112609522999264,43.004,disabled,1,2,103.83767700195312,103.83767700195312,1.6352993249893188,-0.0,0,1
26.112609522999264,43.004,disabled,1,1,0.0,-126.98675537109375,-0.0,-0.0,0,1
26.112609522999264,43.004,disabled,0,4,,0.0,-0.0,0.054999999701976776,0,1
26.112609522999264,43.004,disabled,0,1,,0.0,0.0,-0.008999999612569809,0,1
26.122930174984504,43.014,disabled,1,2,103.83767700195312,103.84329223632812,-3.0962471961975098,-0.0,0,1
26.122930174984504,43.014,disabled,1,1,0.0,-126.98675537109375,-0.0,-0.0,0,1
26.122930174984504,43.014,disabled,0,4,,0.0,-0.0,-0.2240000069141388,0,1
26.122930174984504,43.014,disabled,0,1,,0.0,0.0,-0.008999999612569809,0,1
26.132744380971417,43.024,disabled,1,2,103.83767700195312,103.84329223632812,2.2409653663635254,-0.0,0,1
26.132744380971417,43.024,disabled,1,1,0.0,-126.98675537109375,-0.0,-0.0,0,1
26.132744380971417,43.024,disabled,0,4,,0.0,-0.0,-0.017999999225139618,0,1
26.132744380971417,43.024,disabled,0,1,,0.0,0.0,0.05700000002980232,0,1
26.142889281967655,43.034,disabled,1,2,103.83767700195312,103.84896850585938,7.790117263793945,-0.0,0,1
26.142889281967655,43.034,disabled,1,1,0.0,-126.98675537109375,-0.0,-0.0,0,1
26.142889281967655,43.034,disabled,0,4,,0.0,-0.0,-0.017999999225139618,0,1
26.142889281967655,43.034,disabled,0,1,,0.0,0.0,-0.008999999612569809,0,1
26.152605492970906,43.044,disabled,1,2,103.83767700195312,103.83767700195312,-1.2513084411621094,-0.0,0,1
26.152605492970906,43.044,disabled,1,1,0.0,-126.98675537109375,-0.0,-0.0,0,1
26.152605492970906,43.044,disabled,0,4,,0.0,-0.0,0.006000000052154064,0,1
26.152605492970906,43.044,disabled,0,1,,0.0,0.0,-0.008999999612569809,0,1
26.162753428972792,43.054,disabled,1,2,103.83767700195312,103.84329223632812,-0.0710173174738884,-0.0,0,1
26.162753428972792,43.054,disabled,1,1,0.0,-126.98675537109375,-0.0,-0.0,0,1
26.162753428972792,43.054,disabled,0,4,,0.0,-0.0,0.006000000052154064,0,1
26.162753428972792,43.054,disabled,0,1,,0.0,0.0,0.05700000002980232,0,1
26.172746682947036,43.064,disabled,1,2,103.83767700195312,103.83767700195312,-1.8934338092803955,-0.0,0,1
26.172746682947036,43.064,disabled,1,1,0.0,-126.98675537109375,-0.0,-0.0,0,1
26.172746682947036,43.064,disabled,0,4,,0.0,-0.0,-0.017999999225139618,0,1
26.172746682947036,43.064,disabled,0,1,,0.0,0.0,-0.008999999612569809,0,1
26.182819036999717,43.074,disabled,1,2,103.83767700195312,103.84329223632812,0.5897230505943298,-0.0,0,1
26.182819036999717,43.074,disabled,1,1,0.0,-126.98675537109375,-0.0,-0.0,0,1
26.182819036999717,43.074,disabled,0,4,,0.0,-0.0,0.006000000052154064,0,1
26.182819036999717,43.074,disabled,0,1,,0.0,0.0,0.24699999392032623,0,1
26.19266645598691,43.084,disabled,1,2,103.83767700195312,103.84329223632812,0.26745808124542236,-0.0,0,1
26.19266645598691,43.084,disabled,1,1,0.0,-126.98675537109375,-0.0,-0.0,0,1
26.19266645598691,43.084,disabled,0,4,,0.0,-0.0,0.006000000052154064,0,1
26.19266645598691,43.084,disabled,0,1,,0.0,0.0,-0.0020000000949949026,0,1
26.202781739993952,43.094,disabled,1,2,103.83767700195312,103.84329223632812,-4.555940628051758,-0.0,0,1
26.202781739993952,43.094,disabled,1,1,0.0,-126.98675537109375,-0.0,-0.0,0,1
26.202781739993952,43.094,disabled,0,4,,0.0,-0.0,-0.017999999225139618,0,1
26.202781739993952,43.094,disabled,0,1,,0.0,0.0,-0.008999999612569809,0,1
26.212648956978228,43.104,disabled,1,2,103.83767700195312,103.84329223632812,0.3985121250152588,-0.0,0,1
26.212648956978228,43.104,disabled,1,1,0.0,-126.98675537109375,-0.0,-0.0,0,1
26.212648956978228,43.104,disabled,0,4,,0.0,-0.0,0.03200000151991844,0,1
26.212648956978228,43.104,disabled,0,1,,0.0,0.0,-0.008999999612569809,0,1
26.222908883995842,43.114,disabled,1,2,103.83767700195312,103.84329223632812,1.1747077703475952,-0.0,0,1
26.222908883995842,43.114,disabled,1,1,0.0,-126.98675537109375,-0.0,-0.0,0,1
26.222908883995842,43.114,disabled,0,4,,0.0,-0.0,0.006000000052154064,0,1
26.222908883995842,43.114,disabled,0,1,,0.0,0.0,-0.008999999612569809,0,1
26.232595839945134,43.124,disabled,1,2,103.83767700195312,103.84051513671875,-4.621068477630615,-0.0,0,1
26.232595839945134,43.124,disabled,1,1,0.0,-126.98675537109375,-0.0,-0.0,0,1
26.232595839945134,43.124,disabled,0,4,,0.0,-0.0,-0.017999999225139618,0,1
26.232595839945134,43.124,disabled,0,1,,0.0,0.0,-0.008999999612569809,0,1
26.243121690000407,43.134,disabled,1,2,103.83767700195312,103.84329223632812,1.6305315494537354,-0.0,0,1
26.243121690000407,43.134,disabled,1,1,0.0,-126.98675537109375,-0.0,-0.0,0,1
26.243121690000407,43.134,disabled,0,4,,0.0,-0.0,-0.017999999225139618,0,1
26.243121690000407,43.134,disabled,0,1,,0.0,0.0,-0.008999999612569809,0,1
26.252821669972036,43.144,disabled,1,2,103.83767700195312,103.84329223632812,0.9685709476470947,-0.0,0,1
26.252821669972036,43.144,disabled,1,1,0.0,-126.98675537109375,-0.0,-0.0,0,1
26.252821669972036,43.144,disabled,0,4,,0.0,-0.0,0.006000000052154064,0,1
26.252821669972036,43.144,disabled,0,1,,0.0,0.0,0.05700000002980232,0,1
26.26274127594661,43.154,disabled,1,2,103.83767700195312,103.84329223632812,3.289294958114624,-0.0,0,1
26.26274127594661,43.154,disabled,1,1,0.0,-126.98675537109375,-0.0,-0.0,0,1
26.26274127594661,43.154,disabled,0,4,,0.0,-0.0,-0.017999999225139618,0,1
26.26274127594661,43.154,disabled,0,1,,0.0,0.0,0.05000000074505806,0,1
26.27273113297997,43.164,disabled,1,2,103.83767700195312,103.84051513671875,-0.48069891333580017,-0.0,0,1
26.27273113297997,43.164,disabled,1,1,0.0,-126.98675537109375,-0.0,-0.0,0,1
26.27273113297997,43.164,disabled,0,4,,0.0,-0.0,-0.017999999225139618,0,1
26.27273113297997,43.164,disabled,0,1,,0.0,0.0,-0.07699999958276749,0,1
26.282849272945896,43.174,disabled,1,2,103.83767700195312,103.84051513671875,-4.536159038543701,-0.0,0,1
26.282849272945896,43.174,disabled,1,1,0.0,-126.98675537109375,-0.0,-0.0,0,1
26.282849272945896,43.174,disabled,0,4,,0.0,-0.0,-0.017999999225139618,0,1
26.282849272945896,43.174,disabled,0,1,,0.0,0.0,0.24699999392032623,0,1
26.292754681955557,43.184,disabled,1,2,103.83767700195312,103.84051513671875,-3.51611065864563,-0.0,0,1
26.292754681955557,43.184,disabled,1,1,0.0,-126.98675537109375,-0.0,-0.0,0,1
26.292754681955557,43.184,disabled,0,4,,0.0,-0.0,-0.017999999225139618,0,1
26.292754681955557,43.184,disabled,0,1,,0.0,0.0,-0.008999999612569809,0,1
26.302897638990544,43.194,disabled,1,2,103.83767700195312,103.84329223632812,-4.022088050842285,-0.0,0,1
26.302897638990544,43.194,disabled,1,1,0.0,-126.98675537109375,-0.0,-0.0,0,1
26.302897638990544,43.194,disabled,0,4,,0.0,-0.0,-0.017999999225139618,0,1
26.302897638990544,43.194,disabled,0,1,,0.0,0.0,-0.008999999612569809,0,1
26.312672329950146,43.204,disabled,1,2,103.83767700195312,103.84613037109375,-1.4767849445343018,-0.0,0,1
26.312672329950146,43.204,disabled,1,1,0.0,-126.98675537109375,-0.0,-0.0,0,1
26.312672329950146,43.204,disabled,0,4,,0.0,-0.0,0.006000000052154064,0,1
26.312672329950146,43.204,disabled,0,1,,0.0,0.0,-0.008999999612569809,0,1
26.323020073992666,43.214,disabled,1,2,103.83767700195312,103.84613037109375,-3.2339847087860107,-0.0,0,1
26.323020073992666,43.214,disabled,1,1,0.0,-126.98675537109375,-0.0,-0.0,0,1
26.323020073992666,43.214,disabled,0,4,,0.0,-0.0,0.006000000052154064,0,1
26.323020073992666,43.214,disabled,0,1,,0.0,0.0,-0.0020000000949949026,0,1
26.33281115599675,43.224,disabled,1,2,103.83767700195312,103.84329223632812,1.49773108959198,-0.0,0,1
26.33281115599675,43.224,disabled,1,1,0.0,-126.98675537109375,-0.0,-0.0,0,1
26.33281115599675,43.224,disabled,0,4,,0.0,-0.0,0.006000000052154064,0,1
26.33281115599675,43.224,disabled,0,1,,0.0,0.0,-0.008999999612569809,0,1
26.342971304955427,43.234,disabled,1,2,103.83767700195312,103.84896850585938,2.7822189331054688,-0.0,0,1
26.342971304955427,43.234,disabled,1,1,0.0,-126.98675537109375,-0.0,-0.0,0,1
26.342971304955427,43.234,disabled,0,4,,0.0,-0.0,0.006000000052154064,0,1
26.342971304955427,43.234,disabled,0,1,,0.0,0.0,-0.008999999612569809,0,1
26.352739864960313,43.244,disabled,1,2,103.83767700195312,103.84329223632812,4.8976593017578125,-0.0,0,1
26.352739864960313,43.244,disabled,1,1,0.0,-126.98675537109375,-0.0,-0.0,0,1
26.352739864960313,43.244,disabled,0,4,,0.0,-0.0,-0.017999999225139618,0,1
26.352739864960313,43.244,disabled,0,1,,0.0,0.0,-0.008999999612569809,0,1
26.362867042946164,43.254,disabled,1,2,103.83767700195312,103.84329223632812,1.434686303138733,-0.0,0,1
26.362867042946164,43.254,disabled,1,1,0.0,-126.98675537109375,-0.0,-0.0,0,1
26.362867042946164,43.254,disabled,0,4,,0.0,-0.0,-0.017999999225139618,0,1
26.362867042946164,43.254,disabled,0,1,,0.0,0.0,-0.008999999612569809,0,1
26.37282642297214,43.264,disabled,1,2,103.83767700195312,103.84613037109375,-1.50246262550354,-0.0,0,1
26.37282642297214,43.264,disabled,1,1,0.0,-126.98675537109375,-0.0,-0.0,0,1
26.37282642297214,43.264,disabled,0,4,,0.0,-0.0,-0.017999999225139618,0,1
26.37282642297214,43.264,disabled,0,1,,0.0,0.0,0.05700000002980232,0,1
26.382934884983115,43.274,disabled,1,2,103.83767700195312,103.84051513671875,-5.3109660148620605,-0.0,0,1
26.382934884983115,43.274,disabled,1,1,0.0,-126.98675537109375,-0.0,-0.0,0,1
26.382934884983115,43.274,disabled,0,4,,0.0,-0.0,0.006000000052154064,0,1
26.382934884983115,43.274,disabled,0,1,,0.0,0.0,-0.008999999612569809,0,1
26.392814874998294,43.284,disabled,1,2,103.83767700195312,103.851806640625,7.205000400543213,-0.0,0,1
26.392814874998294,43.284,disabled,1,1,0.0,-126.98675537109375,-0.0,-0.0,0,1
26.392814874998294,43.284,disabled,0,4,,0.0,-0.0,0.006000000052154064,0,1
26.392814874998294,43.284,disabled,0,1,,0.0,0.0,-0.008999999612569809,0,1
26.403044745966326,43.294,disabled,1,2,103.83767700195312,103.84329223632812,-1.5566326379776,-0.0,0,1
26.403044745966326,43.294,disabled,1,1,0.0,-126.98675537109375,-0.0,-0.0,0,1
26.403044745966326,43.294,disabled,0,4,,0.0,-0.0,-0.017999999225139618,0,1
26.403044745966326,43.294,disabled,0,1,,0.0,0.0,-0.008999999612569809,0,1
26.412761307961773,43.304,disabled,1,2,103.83767700195312,103.84613037109375,2.6638262271881104,-0.0,0,1
26.412761307961773,43.304,disabled,1,1,0.0,-126.98675537109375,-0.0,-0.0,0,1
26.412761307961773,43.304,disabled,0,4,,0.0,-0.0,0.03200000151991844,0,1
26.412761307961773,43.304,disabled,0,1,,0.0,0.0,-0.008999999612569809,0,1
26.4228963299538,43.314,disabled,1,2,103.83767700195312,103.85467529296875,8.354410171508789,-0.0,0,1
26.4228963299538,43.314,disabled,1,1,0.0,-126.98675537109375,-0.0,-0.0,0,1
26.4228963299538,43.314,disabled,0,4,,0.0,-0.0,0.006000000052154064,0,1
26.4228963299538,43.314,disabled,0,1,,0.0,0.0,-0.0020000000949949026,0,1
26.432779204973485,43.324,disabled,1,2,103.83767700195312,103.84329223632812,-2.8302016258239746,-0.0,0,1
26.432779204973485,43.324,disabled,1,1,0.0,-126.98675537109375,-0.0,-0.0,0,1
26.432779204973485,43.324,disabled,0,4,,0.0,-0.0,0.03200000151991844,0,1
26.432779204973485,43.324,disabled,0,1,,0.0,0.0,-0.008999999612569809,0,1
26.44313428294845,43.334,disabled,1,2,103.83767700195312,103.851806640625,11.993265151977539,-0.0,0,1
26.44313428294845,43.334,disabled,1,1,0.0,-126.98675537109375,-0.0,-0.0,0,1
26.44313428294845,43.334,disabled,0,4,,0.0,-0.0,0.03200000151991844,0,1
26.44313428294845,43.334,disabled,0,1,,0.0,0.0,-0.008999999612569809,0,1
26.452562380000018,43.344,disabled,1,2,103.83767700195312,103.84329223632812,0.5405150651931763,-0.0,0,1
26.452562380000018,43.344,disabled,1,1,0.0,-126.98675537109375,-0.0,-0.0,0,1
26.452562380000018,43.344,disabled,0,4,,0.0,-0.0,0.006000000052154064,0,1
26.452562380000018,43.344,disabled,0,1,,0.0,0.0,-0.008999999612569809,0,1
26.462770419951994,43.354,disabled,1,2,103.83767700195312,103.84329223632812,-4.552428245544434,-0.0,0,1
26.462770419951994,43.354,disabled,1,1,0.0,-126.98675537109375,-0.0,-0.0,0,1
26.462770419951994,43.354,disabled,0,4,,0.0,-0.0,0.23800000548362732,0,1
26.462770419951994,43.354,disabled,0,1,,0.0,0.0,-0.008999999612569809,0,1
26.472994228999596,43.364,disabled,1,2,103.83767700195312,103.84051513671875,-5.175395488739014,-0.0,0,1
26.472994228999596,43.364,disabled,1,1,0.0,-126.98675537109375,-0.0,-0.0,0,1
26.472994228999596,43.364,disabled,0,4,,0.0,-0.0,-0.017999999225139618,0,1
26.472994228999596,43.364,disabled,0,1,,0.0,0.0,-0.01600000075995922,0,1
26.482820237986743,43.374,disabled,1,2,103.83767700195312,103.851806640625,1.6422916650772095,-0.0,0,1
26.482820237986743,43.374,disabled,1,1,0.0,-126.98675537109375,-0.0,-0.0,0,1
26.482820237986743,43.374,disabled,0,4,,0.0,-0.0,0.054999999701976776,0,1
26.482820237986743,43.374,disabled,0,1,,0.0,0.0,-0.008999999612569809,0,1
26.492903821985237,43.384,disabled,1,2,103.83767700195312,103.84329223632812,-1.1487427949905396,-0.0,0,1
26.492903821985237,43.384,disabled,1,1,0.0,-126.98675537109375,-0.0,-0.0,0,1
26.492903821985237,43.384,disabled,0,4,,0.0,-0.0,-0.20100000500679016,0,1
26.492903821985237,43.384,disabled,0,1,,0.0,0.0,-0.008999999612569809,0,1
26.503202923981007,43.394,disabled,1,2,103.83767700195312,103.84613037109375,4.3681535720825195,-0.0,0,1
26.503202923981007,43.394,disabled,1,1,0.0,-126.98675537109375,-0.0,-0.0,0,1
26.503202923981007,43.394,disabled,0,4,,0.0,-0.0,0.23800000548362732,0,1
26.503202923981007,43.394,disabled,0,1,,0.0,0.0,-0.008999999612569809,0,1
26.51254072098527,43.404,disabled,1,2,103.83767700195312,103.84613037109375,6.467217445373535,-0.0,0,1
26.51254072098527,43.404,disabled,1,1,0.0,-126.98675537109375,-0.0,-0.0,0,1
26.51254072098527,43.404,disabled,0,4,,0.0,-0.0,-0.017999999225139618,0,1
26.51254072098527,43.404,disabled,0,1,,0.0,0.0,-0.008999999612569809,0,1
26.523133055947255,43.414,disabled,1,2,103.83767700195312,103.84329223632812,-0.7714923024177551,-0.0,0,1
26.523133055947255,43.414,disabled,1,1,0.0,-126.98675537109375,-0.0,-0.0,0,1
26.523133055947255,43.414,disabled,0,4,,0.0,-0.0,0.054999999701976776,0,1
26.523133055947255,43.414,disabled,0,1,,0.0,0.0,-0.008999999612569809,0,1
26.53283019096125,43.424,disabled,1,2,103.83767700195312,103.84613037109375,0.5183338522911072,-0.0,0,1
26.53283019096125,43.424,disabled,1,1,0.0,-126.98675537109375,-0.0,-0.0,0,1
26.53283019096125,43.424,disabled,0,4,,0.0,-0.0,-0.04100000113248825,0,1
26.53283019096125,43.424,disabled,0,1,,0.0,0.0,0.06400000303983688,0,1
26.542879140994046,43.434,disabled,1,2,103.83767700195312,103.84051513671875,7.544471263885498,-0.0,0,1
26.542879140994046,43.434,disabled,1,1,0.0,-126.98675537109375,-0.0,-0.0,0,1
26.542879140994046,43.434,disabled,0,4,,0.0,-0.0,0.006000000052154064,0,1
26.542879140994046,43.434,disabled,0,1,,0.0,0.0,-0.0020000000949949026,0,1
26.55268649396021,43.444,disabled,1,2,103.83767700195312,103.84329223632812,-2.221977949142456,-0.0,0,1
26.55268649396021,43.444,disabled,1,1,0.0,-126.98675537109375,-0.0,-0.0,0,1
26.55268649396021,43.444,disabled,0,4,,0.0,-0.0,-0.017999999225139618,0,1
26.55268649396021,43.444,disabled,0,1,,0.0,0.0,0.05000000074505806,0,1
26.572401188954245,43.463,disabled,1,2,103.83767700195312,103.84329223632812,2.770456552505493,-0.0,0,1
26.572401188954245,43.463,disabled,1,1,0.0,-126.98675537109375,-0.0,-0.0,0,1
26.572401188954245,43.463,disabled,0,4,,0.0,-0.0,-0.017999999225139618,0,1
26.572401188954245,43.463,disabled,0,1,,0.0,0.0,-0.008999999612569809,0,1
26.57355132995872,43.465,disabled,1,2,103.83767700195312,103.84329223632812,2.770456552505493,-0.0,0,1
26.57355132995872,43.465,disabled,1,1,0.0,-126.98675537109375,-0.0,-0.0,0,1
26.57355132995872,43.465,disabled,0,4,,0.0,-0.0,-0.017999999225139618,0,1
26.57355132995872,43.465,disabled,0,1,,0.0,0.0,-0.008999999612569809,0,1
26.58295011194423,43.474,disabled,1,2,103.83767700195312,103.84051513671875,-0.41404083371162415,-0.0,0,1
26.58295011194423,43.474,disabled,1,1,0.0,-126.98675537109375,-0.0,-0.0,0,1
26.58295011194423,43.474,disabled,0,4,,0.0,-0.0,0.006000000052154064,0,1
26.58295011194423,43.474,disabled,0,1,,0.0,0.0,-0.008999999612569809,0,1
26.592778885969892,43.484,disabled,1,2,103.83767700195312,103.84329223632812,0.03889429569244385,-0.0,0,1
26.592778885969892,43.484,disabled,1,1,0.0,-126.98675537109375,-0.0,-0.0,0,1
26.592778885969892,43.484,disabled,0,4,,0.0,-0.0,-0.017999999225139618,0,1
26.592778885969892,43.484,disabled,0,1,,0.0,0.0,-0.008999999612569809,0,1
26.60301892599091,43.494,disabled,1,2,103.83767700195312,103.84329223632812,1.3971203565597534,-0.0,0,1
26.60301892599091,43.494,disabled,1,1,0.0,-126.98675537109375,-0.0,-0.0,0,1
26.60301892599091,43.494,disabled,0,4,,0.0,-0.0,-0.017999999225139618,0,1
26.60301892599091,43.494,disabled,0,1,,0.0,0.0,0.05700000002980232,0,1
26.612557160959113,43.504,disabled,1,2,103.83767700195312,103.84896850585938,-0.037448592483997345,-0.0,0,1
26.612557160959113,43.504,disabled,1,1,0.0,-126.98675537109375,-0.0,-0.0,0,1
26.612557160959113,43.504,disabled,0,4,,0.0,-0.0,0.006000000052154064,0,1
26.612557160959113,43.504,disabled,0,1,,0.0,0.0,-0.008999999612569809,0,1
26.62302252696827,43.514,disabled,1,2,103.83767700195312,103.84613037109375,2.3809738159179688,-0.0,0,1
26.62302252696827,43.514,disabled,1,1,0.0,-126.98675537109375,-0.0,-0.0,0,1
26.62302252696827,43.514,disabled,0,4,,0.0,-0.0,0.006000000052154064,0,1
26.62302252696827,43.514,disabled,0,1,,0.0,0.0,-0.07699999958276749,0,1
26.63257854594849,43.524,disabled,1,2,103.83767700195312,103.84329223632812,-0.2998722791671753,-0.0,0,1
26.63257854594849,43.524,disabled,1,1,0.0,-126.98675537109375,-0.0,-0.0,0,1
26.63257854594849,43.524,disabled,0,4,,0.0,-0.0,-0.017999999225139618,0,1
26.63257854594849,43.524,disabled,0,1,,0.0,0.0,-0.0020000000949949026,0,1
26.64291328494437,43.534,disabled,1,2,103.83767700195312,103.84329223632812,-0.08599111437797546,-0.0,0,1
26.64291328494437,43.534,disabled,1,1,0.0,-126.98675537109375,-0.0,-0.0,0,1
26.64291328494437,43.534,disabled,0,4,,0.0,-0.0,-0.017999999225139618,0,1
26.64291328494437,43.534,disabled,0,1,,0.0,0.0,-0.008999999612569809,0,1
26.652667056943756,43.544,disabled,1,2,103.83767700195312,103.84896850585938,5.204183578491211,-0.0,0,1
26.652667056943756,43.544,disabled,1,1,0.0,-126.98675537109375,-0.0,-0.0,0,1
26.652667056943756,43.544,disabled,0,4,,0.0,-0.0,0.006000000052154064,0,1
26.652667056943756,43.544,disabled,0,1,,0.0,0.0,0.05700000002980232,0,1
26.662795706943143,43.554,disabled,1,2,103.83767700195312,103.84896850585938,-5.116859436035156,-0.0,0,1
26.662795706943143,43.554,disabled,1,1,0.0,-126.98675537109375,-0.0,-0.0,0,1
26.662795706943143,43.554,disabled,0,4,,0.0,-0.0,-0.25,0,1
26.662795706943143,43.554,disabled,0,1,,0.0,0.0,0.05700000002980232,0,1
26.672575076983776,43.564,disabled,1,2,103.83767700195312,103.84329223632812,-1.1130452156066895,-0.0,0,1
26.672575076983776,43.564,disabled,1,1,0.0,-126.98675537109375,-0.0,-0.0,0,1
26.672575076983776,43.564,disabled,0,4,,0.0,-0.0,0.006000000052154064,0,1
26.672575076983776,43.564,disabled,0,1,,0.0,0.0,-0.008999999612569809,0,1
26.682799677946605,43.574,disabled,1,2,103.83767700195312,103.84329223632812,0.07264011353254318,-0.0,0,1
26.682799677946605,43.574,disabled,1,1,0.0,-126.98675537109375,-0.0,-0.0,0,1
26.682799677946605,43.574,disabled,0,4,,0.0,-0.0,-0.017999999225139618,0,1
26.682799677946605,43.574,disabled,0,1,,0.0,0.0,-0.008999999612569809,0,1
26.69263745896751,43.584,disabled,1,2,103.83767700195312,103.84329223632812,-4.6142401695251465,-0.0,0,1
26.69263745896751,43.584,disabled,1,1,0.0,-126.98675537109375,-0.0,-0.0,0,1
26.69263745896751,43.584,disabled,0,4,,0.0,-0.0,-0.017999999225139618,0,1
26.69263745896751,43.584,disabled,0,1,,0.0,0.0,-0.008999999612569809,0,1
26.70309389696922,43.594,disabled,1,2,103.83767700195312,103.84051513671875,-1.6483062505722046,-0.0,0,1
26.70309389696922,43.594,disabled,1,1,0.0,-126.98675537109375,-0.0,-0.0,0,1
26.70309389696922,43.594,disabled,0,4,,0.0,-0.0,0.006000000052154064,0,1
26.70309389696922,43.594,disabled,0,1,,0.0,0.0,-0.008999999612569809,0,1
26.71253311599139,43.604,disabled,1,2,103.83767700195312,103.85467529296875,6.967102527618408,-0.0,0,1
26.71253311599139,43.604,disabled,1,1,0.0,-126.98675537109375,-0.0,-0.0,0,1
26.71253311599139,43.604,disabled,0,4,,0.0,-0.0,-0.017999999225139618,0,1
26.71253311599139,43.604,disabled,0,1,,0.0,0.0,-0.008999999612569809,0,1
