tick,id,target,model,velocity,current,position,reference_current
829699,1,-0.0,0.0,0.0,0.0,89.00593566894531,9.739652887219563e-05
829719,1,-0.0,0.0,0.1940886676311493,-0.05495273694396019,89.00593566894531,-0.028343403711915016
829739,1,-0.0,0.0,0.13492055237293243,-0.043046705424785614,89.00593566894531,-0.03107050620019436
829759,1,-0.0,0.0,0.09903321415185928,-0.036321621388196945,89.00593566894531,-0.029706954956054688
829779,1,-0.0,0.0,0.011273011565208435,-0.01784990355372429,88.98397827148438,-0.03847264125943184
829799,1,-0.0,0.0,0.02403724379837513,-0.021942343562841415,89.00593566894531,-0.02503192238509655
829819,1,-0.0,0.0,0.03177914023399353,-0.02494071237742901,89.00593566894531,-0.020550666376948357
829839,1,-0.0,0.0,0.08069702982902527,-0.0398264117538929,89.00593566894531,-0.0232777688652277
829859,1,-0.0,0.0,0.06614500284194946,-0.0379752591252327,89.00593566894531,-0.0232777688652277
829879,1,-0.0,0.0,0.05731877312064171,-0.03741298243403435,89.00593566894531,-0.02503192238509655
829899,1,-0.0,0.0,0.05196540057659149,-0.03764008730649948,89.00593566894531,-0.02425173483788967
829919,1,-0.0,0.0,0.048718418926000595,-0.03835361450910568,89.00593566894531,-0.02464132197201252
829939,1,-0.0,0.0,0.04674902558326721,-0.039369817823171616,89.00593566894531,-0.026979852467775345
829959,1,-0.0,0.0,0.04555452615022659,-0.0405772402882576,89.00593566894531,-0.025226714089512825
829979,1,-0.0,0.0,0.04483002796769142,-0.04190829023718834,89.00593566894531,-0.02756423130631447
829999,1,-0.0,0.0,0.08446510881185532,-0.051709890365600586,89.00593566894531,-0.019187115132808685
830019,1,-0.0,0.0,0.13239675760269165,-0.06513606756925583,89.00593566894531,-0.020550666376948357
830039,1,-0.0,0.0,0.0975024625658989,-0.05896908789873123,89.00593566894531,-0.033018436282873154
830059,1,-0.0,0.0,0.07633800059556961,-0.05586552247405052,89.00593566894531,-0.03555074706673622
830079,1,-0.0,0.0,0.06350111961364746,-0.054627690464258194,89.00593566894531,-0.03749867528676987
830099,1,-0.0,0.0,0.05571518465876579,-0.054529111832380295,89.00593566894531,-0.03632991760969162
830119,1,-0.0,0.0,0.050992779433727264,-0.05512915551662445,89.00593566894531,-0.03691429644823074
830139,1,-0.0,0.0,0.04812850058078766,-0.0561605840921402,89.00593566894531,-0.037888262420892715
830159,1,-0.0,0.0,0.04639121890068054,-0.05746130272746086,89.00593566894531,-0.03905702009797096
830179,1,-0.0,0.0,0.045337509363889694,-0.05893300846219063,89.00593566894531,-0.03866743668913841
830199,1,-0.0,0.0,0.04469840228557587,-0.060516033321619034,88.98397827148438,-0.04158933088183403
830219,1,-0.0,0.0,0.044310759752988815,-0.0621742382645607,88.98397827148438,-0.0433424673974514
830239,1,-0.0,0.0,0.04407564923167229,-0.06388568878173828,88.98397827148438,-0.04295288398861885
830259,1,-0.0,0.0,0.043933045119047165,-0.06563705950975418,88.98397827148438,-0.04275808855891228
830279,1,-0.0,0.0,-0.18640077114105225,-0.00593426451086998,88.98397827148438,-0.04470602050423622
830299,1,-0.0,0.0,0.12721601128578186,-0.08773072808980942,89.00593566894531,-0.02639547362923622
830319,1,-0.0,0.0,0.02860831655561924,-0.06259386986494064,88.98397827148438,-0.03457678109407425
830339,1,-0.0,0.0,-0.007119297981262207,-0.05106646195054054,89.00593566894531,-0.02542150765657425
830359,1,-0.0,0.0,-0.10350240767002106,-0.023733550682663918,89.00593566894531,-0.020161081105470657
830379,1,-0.0,0.0,-0.04557756334543228,-0.03812200203537941,89.00593566894531,-0.019576702266931534
830399,1,-0.0,0.0,-0.010444357991218567,-0.04747679457068443,89.00593566894531,-0.02503192238509655
830419,1,-0.0,0.0,-0.0530218742787838,-0.035456832498311996,89.00593566894531,-0.02425173483788967
830439,1,-0.0,0.0,-0.01495955791324377,-0.045417334884405136,89.00593566894531,-0.02542150765657425
830459,1,-0.0,0.0,-0.09989989548921585,-0.02269235998392105,89.00593566894531,-0.023862149566411972
830479,1,-0.0,0.0,0.10523054748773575,-0.07983661442995071,88.98397827148438,-0.03944660723209381
830499,1,-0.0,0.0,0.004900534637272358,-0.05375555902719498,88.98397827148438,-0.03866743668913841
830519,1,-0.0,0.0,0.02017214149236679,-0.05872533097863197,88.98397827148438,-0.036135125905275345
830539,1,-0.0,0.0,0.02943483740091324,-0.0623822957277298,88.98397827148438,-0.03886222839355469
830559,1,-0.0,0.0,0.035052940249443054,-0.06525064259767532,88.98397827148438,-0.041394539177417755
830579,1,-0.0,0.0,0.03846049681305885,-0.06764831393957138,88.98397827148438,-0.04197891801595688
830599,1,-0.0,0.0,0.040527284145355225,-0.06976814568042755,88.98397827148438,-0.044900812208652496
830619,1,-0.0,0.0,0.041780851781368256,-0.07172710448503494,88.98397827148438,-0.04762791469693184
830639,1,-0.0,0.0,0.042541176080703735,-0.07359613478183746,88.98397827148438,-0.04860188066959381
830659,1,-0.0,0.0,0.04300234094262123,-0.07541826367378235,88.98397827148438,-0.050549812614917755
830679,1,-0.0,0.0,-0.1108546033501625,-0.03487858921289444,88.98397827148438,-0.04295288398861885
830699,1,-0.0,0.0,-0.05003689229488373,-0.049957964569330215,88.98397827148438,-0.03847264125943184
830719,1,-0.0,0.0,-0.0131490807980299,-0.059751302003860474,88.98397827148438,-0.03691429644823074
830739,1,-0.44772911071777344,-0.04260704293847084,0.00922449678182602,-0.08702264726161957,88.98397827148438,-0.0441216416656971
830759,1,-4.606931209564209,-0.6291736960411072,-0.3281046152114868,-0.23489314317703247,88.98397827148438,-0.06535408645868301
830779,1,-8.83185863494873,-1.727574110031128,-1.8982188701629639,-0.1804475039243698,88.8741455078125,-0.08697661757469177
830799,1,-12.888582229614258,-3.3291103839874268,-3.7206363677978516,-0.1808309555053711,88.78622436523438,-0.13002638518810272
830819,1,-16.75119400024414,-5.323983192443848,-4.3141584396362305,-0.586090087890625,88.65437316894531,-0.13742852210998535
830839,1,-18.57069206237793,-7.601132392883301,-5.570405960083008,-0.8612854480743408,88.50056457519531,-0.2085290104150772
830859,1,-22.52703094482422,-10.148836135864258,-4.510795593261719,-1.9460432529449463,88.43466186523438,-0.5223451852798462
830879,1,-26.40089225769043,-12.872834205627441,-7.9613237380981445,-1.911767601966858,88.19298553466797,-0.8275914788246155
830899,1,-30.2109375,-15.662604331970215,-9.142813682556152,-2.5032999515533447,87.97321319580078,-1.1129668951034546
830919,1,-33.92466735839844,-18.5914363861084,-12.109949111938477,-2.665302038192749,87.64361572265625,-1.3646429777145386
830939,1,-35.82706832885742,-21.551910400390625,-16.487998962402344,-2.4121251106262207,87.18216705322266,-1.565477728843689
830959,1,-39.195884704589844,-24.559980392456055,-16.784425735473633,-3.3069300651550293,86.83060455322266,-1.7657279968261719
830979,1,-42.3878059387207,-27.495073318481445,-21.8339786529541,-2.925065755844116,86.25933074951172,-1.9116305112838745
830999,1,-45.323612213134766,-30.459714889526367,-25.992122650146484,-2.7303147315979004,85.60013580322266,-1.9159159660339355
831019,1,-47.80435562133789,-33.32176208496094,-28.263757705688477,-3.0042471885681152,84.96290588378906,-1.9202018976211548
831039,1,-48.96707534790039,-36.078495025634766,-31.755002975463867,-2.905102491378784,84.2158432006836,-1.8865022659301758
831059,1,-51.334712982177734,-38.75376892089844,-37.50243377685547,-2.167485237121582,83.31497192382812,-1.8294273614883423
831079,1,-53.45058822631836,-41.300907135009766,-40.17667007446289,-2.18206787109375,82.4140396118164,-1.7583258152008057
831099,1,-55.31885528564453,-43.68499755859375,-43.8820686340332,-1.8595632314682007,81.44721221923828,-1.6180728673934937
831119,1,-56.86111068725586,-45.91757583618164,-46.84003448486328,-1.664859652519226,80.39252471923828,-1.4119787216186523
831139,1,-57.48907470703125,-47.97231674194336,-50.79905319213867,-1.1169794797897339,79.27188110351562,-1.2218587398529053
831159,1,-58.58833312988281,-49.85733413696289,-52.044090270996094,-1.2360819578170776,78.19522857666016,-1.1075125932693481
831179,1,-59.38522720336914,-51.541263580322266,-54.34761428833008,-1.019434928894043,77.03070831298828,-0.9970634579658508
831199,1,-59.856563568115234,-53.00714874267578,-55.388427734375,-1.0834693908691406,75.88804626464844,-0.8157081007957458
831219,1,-59.9992790222168,-54.264198303222656,-56.11445236206055,-1.1660798788070679,74.74549102783203,-0.834019660949707
831239,1,-59.940147399902344,-55.29816436767578,-57.22587585449219,-1.092332363128662,73.55894470214844,-0.8236956000328064
831259,1,-59.58295440673828,-56.098880767822266,-57.89019012451172,-1.080580472946167,72.39437103271484,-0.7315564751625061
831279,1,-58.89216613769531,-56.661197662353516,-58.80646514892578,-0.9370280504226685,71.1858139038086,-0.7227903008460999
831299,1,-57.97062683105469,-56.99116134643555,-58.7882080078125,-0.9794073104858398,69.99932861328125,-0.7541524767875671
831319,1,-56.72737121582031,-57.063316345214844,-57.8871955871582,-1.1860886812210083,68.85671997070312,-0.7411013245582581
831339,1,-55.19432067871094,-56.89487838745117,-58.304481506347656,-0.9906591773033142,67.67018127441406,-0.6799358129501343
831359,1,-53.4856071472168,-56.475460052490234,-57.84056854248047,-0.9571608304977417,66.52757263183594,-0.7151933312416077
831379,1,-52.49177169799805,-55.82111740112305,-58.49479293823242,-0.5686193704605103,65.3410873413086,-0.6345484852790833
831399,1,-50.18748092651367,-54.898895263671875,-58.09272766113281,-0.35234335064888,64.19847869873047,-0.4765688180923462
831419,1,-47.627044677734375,-53.756004333496094,-57.659446716308594,-0.05614960566163063,63.033843994140625,-0.3542362451553345
831439,1,-44.78190994262695,-52.3715934753418,-54.302513122558594,-0.5037060379981995,62.04505157470703,-0.37430092692375183
831459,1,-41.65628433227539,-50.742584228515625,-52.70032501220703,-0.42974111437797546,61.01238250732422,-0.3639758825302124
831479,1,-40.0620231628418,-48.91524124145508,-50.85701370239258,-0.4043288826942444,60.06752395629883,-0.2839154303073883
831499,1,-36.55546569824219,-46.817832946777344,-49.02271270751953,-0.26220059394836426,59.144683837890625,-0.27885082364082336
831519,1,-32.82750701904297,-44.502994537353516,-45.996734619140625,-0.3886500298976898,58.30965042114258,-0.31936776638031006
831539,1,-28.928537368774414,-42.01165771484375,-42.981937408447266,-0.47639742493629456,57.540626525878906,-0.3359256982803345
831559,1,-24.78388023376465,-39.31509017944336,-40.00505447387695,-0.5013962388038635,56.81547927856445,-0.3106020987033844
831579,1,-22.817359924316406,-36.45865249633789,-37.14194869995117,-0.5131293535232544,56.15633773803711,-0.2930707037448883
831599,1,-18.442218780517578,-33.36983871459961,-35.261009216308594,-0.13875055313110352,55.49714279174805,-0.24982614815235138
831619,1,-13.715258598327637,-30.186403274536133,-32.773094177246094,0.13232295215129852,54.903900146484375,-0.18437466025352478
831639,1,-9.212024688720703,-26.8339900970459,-29.187780380249023,0.14233291149139404,54.44245147705078,-0.1333378702402115
831659,1,-4.927064418792725,-23.347238540649414,-24.78729248046875,-0.03797760605812073,54.046958923339844,-0.08210679143667221
831679,1,-2.404167890548706,-19.76814842224121,-20.751136779785156,-0.1568044126033783,53.76129150390625,-0.08541827648878098
831699,1,2.3338871002197266,-16.036420822143555,-18.63775062561035,0.3223649859428406,53.49764633178711,-0.052692536264657974
831719,1,6.84574556350708,-12.314069747924805,-11.478362083435059,-0.5516389608383179,53.45365905761719,-0.09496313333511353
831739,1,11.54612922668457,-8.469612121582031,-9.693816184997559,0.07460720092058182,53.25591278076172,0.04860188066959381
831759,1,13.633784294128418,-4.605303764343262,-10.415481567382812,1.2217580080032349,53.19001388549805,-0.059705086052417755
831779,1,18.106260299682617,-0.663644552230835,6.518811225891113,-2.184155225753784,53.69539260864258,-0.15807658433914185
831799,1,22.175474166870117,3.297668218612671,-7.591945648193359,2.7041661739349365,53.058162689208984,0.1530119776725769
831819,1,26.349092483520508,7.231550216674805,8.305449485778809,-0.5245048403739929,53.95903778076172,-0.10879344493150711
831839,1,30.427249908447266,11.095799446105957,12.465290069580078,-0.5006003379821777,54.17880630493164,0.10567675530910492
831859,1,34.082889556884766,14.9135103225708,7.844423294067383,1.819478988647461,54.20077133178711,0.38033902645111084
831879,1,37.84548568725586,18.68515396118164,11.744536399841309,1.9876625537872314,54.48638153076172,0.7999298572540283
831899,1,39.61026382446289,22.357898712158203,12.791708946228027,2.8162243366241455,54.837947845458984,1.1515363454818726
831919,1,42.98918533325195,25.966096878051758,17.476316452026367,2.7580184936523438,55.29939270019531,1.4969100952148438
831939,1,46.4156494140625,29.406614303588867,21.063472747802734,2.944464683532715,55.80477523803711,1.6837196350097656
831959,1,49.087867736816406,32.71955490112305,26.086088180541992,2.6648526191711426,56.48593521118164,1.7497550249099731
831979,1,51.588382720947266,35.91056823730469,30.374496459960938,2.5122077465057373,57.211029052734375,1.7405997514724731
831999,1,52.7846565246582,38.88775634765625,34.135066986083984,2.407014846801758,58.002017974853516,1.6885894536972046
832019,1,54.88758850097656,41.705406188964844,37.26742172241211,2.4352753162384033,58.85906982421875,1.73689866065979
832039,1,56.60942840576172,44.310577392578125,41.13941192626953,2.194805145263672,59.759944915771484,1.6515783071517944
832059,1,57.90073013305664,46.69872283935547,43.72914505004883,2.2181506156921387,60.704750061035156,1.6093076467514038
832079,1,58.97856903076172,48.827789306640625,46.594058990478516,2.0989532470703125,61.69354248046875,1.5056756734848022
832099,1,59.68297576904297,50.72684860229492,50.092369079589844,1.7072319984436035,62.81413269042969,1.5006110668182373
832119,1,59.87377166748047,52.37189483642578,51.989933013916016,1.656945824623108,63.89078903198242,1.3469167947769165
832139,1,59.99395751953125,53.75262451171875,53.487205505371094,1.6367093324661255,65.01148986816406,1.2448443174362183
832159,1,59.73345184326172,54.855899810791016,54.642669677734375,1.628411889076233,66.15403747558594,1.1754964590072632
832179,1,59.07979202270508,55.68339920043945,55.890838623046875,1.512259840965271,67.31861114501953,1.1897168159484863
832199,1,57.99223327636719,56.22694396972656,56.374961853027344,1.5284734964370728,68.46121978759766,1.1043959856033325
832219,1,57.37473678588867,56.47711181640625,56.127593994140625,1.675489068031311,69.60377502441406,1.0915396213531494
832239,1,55.77790451049805,56.417633056640625,56.64685821533203,1.522745966911316,70.74638366699219,1.1579645872116089
832259,1,53.5861930847168,56.084476470947266,56.10710906982422,1.5695074796676636,71.84506225585938,1.139069676399231
832279,1,51.447269439697266,55.45310974121094,56.05327224731445,1.407572865486145,72.96565246582031,1.0720597505569458
832299,1,48.775543212890625,54.494606018066406,57.09153747558594,0.8341389298439026,74.13027954101562,0.9390141367912292
832319,1,47.300315856933594,53.29110336303711,57.33955764770508,0.39690154790878296,75.27283477783203,0.7720739245414734
832339,1,44.106895446777344,51.7591438293457,55.26820373535156,0.44152915477752686,76.32752227783203,0.5692912936210632
832359,1,40.65664291381836,49.94749450683594,52.606964111328125,0.5796899795532227,77.31631469726562,0.426505982875824
832379,1,36.763668060302734,47.8906364440918,51.979434967041016,0.10015831142663956,78.32707214355469,0.33144545555114746
832399,1,32.83149337768555,45.54161071777344,48.437225341796875,0.31078198552131653,79.22795104980469,0.2991093099117279
832419,1,30.731109619140625,43.00014114379883,47.69969940185547,-0.2255941927433014,80.15084838867188,0.16859592497348785
832439,1,26.46251678466797,40.1748046875,44.28285217285156,-0.19489634037017822,80.96385955810547,-0.006915153469890356
832459,1,21.90152931213379,37.122867584228516,37.477806091308594,0.7736713886260986,81.46917724609375,0.10937782377004623
832479,1,17.16950798034668,33.912994384765625,37.70509338378906,-0.26363274455070496,82.28219604492188,0.023862656205892563
832499,1,12.187857627868652,30.446460723876953,31.770109176635742,0.2915661931037903,82.78762817382812,-0.01003184262663126
832519,1,9.827970504760742,26.8698787689209,28.468399047851562,0.23679295182228088,83.2490234375,0.1339222490787506
832539,1,4.956239700317383,23.096128463745117,26.734418869018555,-0.35607725381851196,83.6884994506836,0.0959371030330658
832559,1,-0.27104729413986206,19.213706970214844,17.1956787109375,1.0907515287399292,83.79833221435547,0.13918165862560272
832579,1,-5.1461310386657715,15.164087295532227,15.845107078552246,0.3172682225704193,84.14989471435547,0.045290399342775345
832599,1,-9.685879707336426,11.095399856567383,11.917523384094238,0.24853336811065674,84.25978088378906,0.05853632837533951
832619,1,-14.794180870056152,6.931238651275635,7.818224906921387,0.2000747174024582,84.3037109375,0.11463773995637894
832639,1,-17.439250946044922,2.7413783073425293,4.746399879455566,-0.0821128785610199,84.3037109375,0.08288545906543732
832659,1,-21.803150177001953,-1.521301031112671,0.9470226168632507,-0.26128533482551575,84.2158432006836,-0.061458222568035126
832679,1,-26.430313110351562,-5.774621486663818,-3.6956355571746826,-0.15320543944835663,83.93017578125,0.09983295947313309
832699,1,-30.479305267333984,-10.009819984436035,-10.573674201965332,0.4711175858974457,83.6005859375,-0.08405472338199615
832719,1,-34.77345275878906,-14.176312446594238,-7.289299011230469,-1.583465337753296,83.55664825439453,-0.2868373394012451
832739,1,-38.94769287109375,-18.24034881591797,-12.056950569152832,-1.5575472116470337,83.20508575439453,-0.6185744404792786
832759,1,-40.75046157836914,-22.197811126708984,-12.064265251159668,-2.748488664627075,82.96340942382812,-1.0184906721115112
832779,1,-44.34584045410156,-26.06885528564453,-17.267210006713867,-2.624284029006958,82.47999572753906,-1.3878244161605835
832799,1,-47.359596252441406,-29.80069351196289,-21.238176345825195,-2.7504801750183105,81.93062591552734,-1.5871007442474365
832819,1,-50.29899978637695,-33.34915542602539,-26.057615280151367,-2.5940053462982178,81.27143096923828,-1.7162500619888306
832839,1,-52.939796447753906,-36.70936584472656,-28.488407135009766,-3.0170669555664062,80.63426208496094,-1.7881301641464233
832859,1,-54.99178695678711,-39.82985305786133,-33.29972457885742,-2.7376513481140137,79.82125091552734,-1.8085834980010986
832879,1,-56.8835563659668,-42.73200225830078,-38.47844314575195,-2.240889072418213,78.87638854980469,-1.7996230125427246
832899,1,-57.62627029418945,-45.3812255859375,-42.298004150390625,-1.9936552047729492,77.88764953613281,-1.6706684827804565
832919,1,-58.84804916381836,-47.776493072509766,-44.85294723510742,-2.0106618404388428,76.89885711669922,-1.55145263671875
832939,1,-59.65013885498047,-49.887855529785156,-48.51680374145508,-1.6398082971572876,75.84410858154297,-1.3455532789230347
832959,1,-59.985267639160156,-51.69204330444336,-50.13450241088867,-1.7120736837387085,74.7674560546875,-1.3065941333770752
832979,1,-59.86363220214844,-53.19251251220703,-52.60487365722656,-1.4650940895080566,73.62484741210938,-1.2495193481445312
832999,1,-59.64662170410156,-54.37725067138672,-55.033042907714844,-1.128292202949524,72.46027374267578,-1.0401136875152588
833019,1,-58.83979034423828,-55.22393035888672,-57.6505012512207,-0.6172625422477722,71.22979736328125,-0.8597323298454285
833039,1,-57.61210632324219,-55.73278045654297,-59.058677673339844,-0.29793623089790344,70.04325866699219,-0.6961036324501038
833059,1,-55.90805435180664,-55.91505813598633,-58.3346061706543,-0.4469336271286011,68.85671997070312,-0.5262415409088135
833079,1,-53.97758483886719,-55.73830795288086,-57.22409439086914,-0.6361384987831116,67.75804138183594,-0.40858450531959534
833099,1,-51.392459869384766,-55.22186279296875,-54.994754791259766,-1.0473318099975586,66.7253189086914,-0.5198128819465637
833119,1,-48.45827865600586,-54.34646987915039,-53.1507453918457,-1.293826937675476,65.6926498413086,-0.6888962984085083
833139,1,-46.956504821777344,-53.13621520996094,-52.567291259765625,-1.1637696027755737,64.65991973876953,-0.7042849063873291
833159,1,-43.415924072265625,-51.584285736083984,-52.34132766723633,-0.7860731482505798,63.62709045410156,-0.6633778810501099
833179,1,-39.532691955566406,-49.73645782470703,-51.31614303588867,-0.5099030137062073,62.61638641357422,-0.6066920757293701
833199,1,-35.42466735839844,-47.528350830078125,-49.43611526489258,-0.36720773577690125,61.715511322021484,-0.5529282093048096
833219,1,-33.17485427856445,-45.07992172241211,-47.57707977294922,-0.18281568586826324,60.83660125732422,-0.38637810945510864
833239,1,-28.188495635986328,-42.282535552978516,-45.00675582885742,-0.03716558963060379,60.001625061035156,-0.24086566269397736
833259,1,-23.183313369750977,-39.2484130859375,-43.59450912475586,0.49800631403923035,59.18861389160156,-0.11950705945491791
833279,1,-17.97083282470703,-35.93251037597656,-38.22492599487305,0.05537151172757149,58.57340621948242,-0.07217183709144592
833299,1,-15.55618667602539,-32.40357971191406,-33.16456985473633,-0.3392641544342041,58.02398681640625,-0.06827598065137863
833319,1,-10.295310974121094,-28.613788604736328,-32.693355560302734,0.5850141644477844,57.43074035644531,-0.07976927608251572
833339,1,-4.950859069824219,-24.635683059692383,-19.750041961669922,-1.7134605646133423,57.298892974853516,-0.043926846235990524
833359,1,0.0058466908521950245,-20.470672607421875,-28.746360778808594,1.8458938598632812,56.44194793701172,0.21437330543994904
833379,1,5.43305778503418,-16.226728439331055,-17.85968780517578,0.0829305425286293,56.55183410644531,-0.05035501718521118
833399,1,10.809381484985352,-11.827728271484375,-8.541257858276367,-1.120024561882019,56.50790023803711,0.06126343086361885
833419,1,13.496609687805176,-7.420446395874023,-9.405357360839844,0.26235175132751465,56.26616668701172,0.1325587034225464
833439,1,18.787145614624023,-2.8846631050109863,-4.951669216156006,0.328644335269928,56.35408401489258,0.1713230311870575
833459,1,23.860891342163086,1.677779197692871,-2.841885805130005,1.0663831233978271,56.33211898803711,0.31566721200942993
833479,1,28.895902633666992,6.145698547363281,0.6730250120162964,1.4520199298858643,56.44194793701172,0.5293582081794739
833499,1,33.659210205078125,10.649006843566895,5.0922770500183105,1.5963783264160156,56.68368148803711,0.7029213905334473
833519,1,35.79071807861328,15.061078071594238,7.220338344573975,2.311666488647461,56.90339660644531,0.9649220705032349
833539,1,40.087867736816406,19.427644729614258,11.145243644714355,2.6182358264923096,57.232994079589844,1.259843349456787
833559,1,44.061798095703125,23.66584587097168,15.618280410766602,2.750777006149292,57.650455474853516,1.4844433069229126
833579,1,47.64981460571289,27.711688995361328,19.227067947387695,3.051607608795166,58.15583419799805,1.6868363618850708
833599,1,50.781700134277344,31.60660171508789,23.911285400390625,3.0173795223236084,58.79311752319336,1.8892292976379395
833619,1,52.243019104003906,35.24768829345703,27.850828170776367,3.083976984024048,59.45231246948242,1.9930555820465088
833639,1,54.76357650756836,38.689979553222656,33.36627960205078,2.674041748046875,60.28729248046875,1.931305170059204
833659,1,56.810386657714844,41.85887145996094,37.40352249145508,2.552086353302002,61.14418029785156,1.8716974258422852
833679,1,58.393028259277344,44.728511810302734,41.80232620239258,2.225511074066162,62.08903884887695,1.7544300556182861
833699,1,59.397708892822266,47.299102783203125,44.307552337646484,2.2945892810821533,63.05581283569336,1.718977689743042
833719,1,59.739723205566406,49.53086853027344,46.9788818359375,2.224891424179077,64.06657409667969,1.6319036483764648
833739,1,60.0,51.423561096191406,50.21548080444336,1.9030365943908691,65.1433334350586,1.5082080364227295
833759,1,59.73080062866211,52.950904846191406,53.23738479614258,1.5060454607009888,66.30785369873047,1.3648383617401123
833779,1,58.93502426147461,54.10719680786133,55.343021392822266,1.2113314867019653,67.47242736816406,1.2358838319778442
833799,1,57.755950927734375,54.88703155517578,56.29790496826172,1.1239725351333618,68.63700866699219,1.037971019744873
833819,1,55.89841079711914,55.26933670043945,55.75633239746094,1.3285752534866333,69.71366119384766,0.9450526833534241
833839,1,53.785133361816406,55.24690246582031,56.23485565185547,1.1568233966827393,70.85626983642578,0.9791420102119446
833859,1,52.333335876464844,54.84377670288086,55.3184700012207,1.2792284488677979,71.91095733642578,0.940767228603363
833879,1,49.29768371582031,54.01594543457031,53.347232818603516,1.5640238523483276,72.92172241210938,0.95440274477005
833899,1,45.81112289428711,52.82775115966797,53.095035552978516,1.3025814294815063,73.9544448852539,0.9542079567909241
833919,1,42.12310028076172,51.22111129760742,53.317588806152344,0.7714698910713196,75.03115844726562,0.9222618937492371
833939,1,37.87855911254883,49.218135833740234,53.1235237121582,0.18833234906196594,76.06382751464844,0.6641570329666138
833959,1,33.21173858642578,46.870399475097656,50.71826171875,0.08880800753831863,76.9867172241211,0.4512452185153961
833979,1,30.96198844909668,44.1804084777832,47.8756217956543,0.09780437499284744,77.84365844726562,0.32638081908226013
833999,1,25.723649978637695,41.14232635498047,45.677574157714844,-0.2504228949546814,78.70060729980469,0.22722963988780975
834019,1,20.38968849182129,37.885074615478516,40.91946792602539,0.03434889018535614,79.38176727294922,0.1660636067390442
834039,1,14.704519271850586,34.22029495239258,38.06405258178711,-0.3284679353237152,80.1069107055664,-0.04899146780371666
834059,1,11.99673843383789,30.376487731933594,37.49848175048828,-1.1781377792358398,80.67819213867188,-0.004772429820150137
834079,1,6.20904541015625,26.233428955078125,25.444976806640625,0.7981727123260498,80.85397338867188,-0.12145499140024185
834099,1,0.43836650252342224,21.8946533203125,26.145681381225586,-0.610375165939331,81.42524719238281,-0.08736620843410492
834119,1,-5.418796539306641,17.48191261291504,21.548053741455078,-0.6756965517997742,81.73287963867188,-0.27203255891799927
834139,1,-10.761699676513672,12.88067626953125,16.92058563232422,-0.774997889995575,81.93062591552734,-0.3530674874782562
834159,1,-16.382080078125,8.098867416381836,10.8871488571167,-0.5325593948364258,81.95259094238281,-0.3622227609157562
834179,1,-19.25104331970215,3.336803913116455,6.620584964752197,-0.6824186444282532,81.95259094238281,-0.37196239829063416
834199,1,-24.72232437133789,-1.5290933847427368,3.952739715576172,-1.3758207559585571,81.95259094238281,-0.5038398504257202
834219,1,-30.058671951293945,-6.396068572998047,-0.6477395296096802,-1.5893603563308716,81.79878234863281,-0.7091547846794128
834239,1,-35.06612014770508,-11.126814842224121,-4.132087707519531,-2.0685677528381348,81.62300109863281,-0.9086259007453918
834259,1,-39.76885986328125,-15.85191822052002,-8.577046394348145,-2.316880464553833,81.31542205810547,-1.157380223274231
834279,1,-44.02522659301758,-20.465850830078125,-12.239883422851562,-2.7393810749053955,80.96385955810547,-1.3628898859024048
834299,1,-45.92012023925781,-24.91676139831543,-18.510759353637695,-2.3847007751464844,80.45848083496094,-1.4764567613601685
834319,1,-49.836334228515625,-29.16616439819336,-24.04594612121582,-2.178685426712036,79.82125091552734,-1.4770411252975464
834339,1,-52.69293975830078,-33.16020965576172,-28.66379737854004,-2.1137278079986572,79.09609985351562,-1.5226231813430786
834359,1,-55.26744842529297,-36.9342041015625,-30.88771629333496,-2.6429202556610107,78.4149398803711,-1.6143717765808105
834379,1,-57.257911682128906,-40.401458740234375,-35.52256774902344,-2.4509425163269043,77.60198211669922,-1.6991082429885864
834399,1,-58.727779388427734,-43.556365966796875,-40.3890495300293,-2.0683443546295166,76.65711975097656,-1.555543303489685
834419,1,-59.243736267089844,-46.3555793762207,-44.22216796875,-1.829105257987976,75.66832733154297,-1.456002950668335
834439,1,-59.92967224121094,-48.7733268737793,-48.40406799316406,-1.3736560344696045,74.5916748046875,-1.3217885494232178
834459,1,-59.916343688964844,-50.801422119140625,-51.12165832519531,-1.1682645082473755,73.49299621582031,-1.1791980266571045
834479,1,-59.32768630981445,-52.41969299316406,-52.91816711425781,-1.086217999458313,72.39437103271484,-0.9670643210411072
834499,1,-58.74161148071289,-53.61611557006836,-54.582061767578125,-0.9379962682723999,71.25181579589844,-0.861485481262207
834519,1,-57.161006927490234,-54.35594940185547,-55.801849365234375,-0.7565833926200867,70.1091537475586,-0.8036308884620667
834539,1,-55.003326416015625,-54.66592025756836,-56.70405960083008,-0.52281254529953,68.94463348388672,-0.6760399341583252
834559,1,-52.315181732177734,-54.49711990356445,-56.83863067626953,-0.3594968616962433,67.8020248413086,-0.4528035521507263
834579,1,-50.76579284667969,-53.9264030456543,-55.30207061767578,-0.5604150295257568,66.7253189086914,-0.42416897416114807
834599,1,-47.15149688720703,-52.85078430175781,-54.652427673339844,-0.37168002128601074,65.6486587524414,-0.4111168384552002
834619,1,-43.112754821777344,-51.321495056152344,-52.630836486816406,-0.42137500643730164,64.65991973876953,-0.3067062199115753
834639,1,-38.533512115478516,-49.394344329833984,-50.29806137084961,-0.4598606824874878,63.71500778198242,-0.2673575282096863
834659,1,-33.681640625,-47.004112243652344,-46.797733306884766,-0.7044335603713989,62.858062744140625,-0.3731311559677124
834679,1,-31.095237731933594,-44.296695709228516,-43.10133361816406,-1.003929615020752,62.11100387573242,-0.4857240915298462
834699,1,-25.566343307495117,-41.13208770751953,-41.60801696777344,-0.5365575551986694,61.34197998046875,-0.5071513056755066
834719,1,-19.866119384765625,-37.611907958984375,-40.27155303955078,0.11677855998277664,60.57290267944336,-0.3226792514324188
834739,1,-13.796459197998047,-33.85964584350586,-37.00047302246094,0.3535862863063812,59.9137077331543,-0.10645592212677002
834759,1,-7.716396808624268,-29.68639373779297,-33.5531005859375,0.6506941914558411,59.342430114746094,0.051718570291996
834779,1,-4.609074115753174,-25.352529525756836,-23.94757080078125,-0.7493783831596375,59.12271499633789,0.012174565345048904
834799,1,1.6572691202163696,-20.71047019958496,-22.960453033447266,0.29595455527305603,58.63930130004883,0.061458222568035126
834819,1,8.067882537841797,-15.870038986206055,-21.47771644592285,1.2030234336853027,58.39751434326172,-0.04782271012663841
834839,1,13.7966947555542,-10.89867877960205,-12.651483535766602,0.2696923613548279,58.37554931640625,0.22742444276809692
834859,1,19.67342758178711,-5.908980369567871,-10.126249313354492,1.0165977478027344,58.19976806640625,0.3022259771823883
834879,1,25.538358688354492,-0.7916262149810791,-5.441631317138672,1.2379558086395264,58.24369812011719,0.4561150372028351
834899,1,28.292850494384766,4.292665004730225,-0.6751140356063843,1.3739763498306274,58.35358428955078,0.6288989782333374
834919,1,33.773868560791016,9.414454460144043,2.7752997875213623,1.9589968919754028,58.55133056640625,0.857200026512146
834939,1,38.745338439941406,14.449187278747559,6.423629283905029,2.4853909015655518,58.79311752319336,1.1363425254821777
834959,1,43.038551330566406,19.375965118408203,9.499550819396973,3.1759331226348877,59.07878494262695,1.4900922775268555
834979,1,47.25824737548828,24.04643440246582,13.908007621765137,3.46942400932312,59.474281311035156,1.8007917404174805
834999,1,51.01047134399414,28.5501708984375,19.596302032470703,3.3651180267333984,60.023590087890625,1.9870169162750244
835019,1,52.535160064697266,32.793941497802734,25.413644790649414,3.106130361557007,60.68278503417969,2.1216208934783936
835039,1,55.32864761352539,36.7706184387207,29.883647918701172,3.137944221496582,61.40787887573242,2.1321401596069336
835059,1,57.47745132446289,40.40719985961914,36.38972854614258,2.479523181915283,62.308753967285156,2.0086395740509033
835079,1,58.878807067871094,43.67668151855469,38.33938980102539,2.911590814590454,63.16569519042969,2.0142884254455566
835099,1,59.77717590332031,46.52028274536133,40.19794845581055,3.2935631275177,64.02263641357422,2.06123423576355
835119,1,59.98506546020508,48.949745178222656,43.95145034790039,3.052082061767578,65.01148986816406,2.0906484127044678
835139,1,59.820220947265625,50.93146896362305,48.95262145996094,2.3077385425567627,66.13207244873047,1.9529271125793457
835159,1,58.975830078125,52.43077850341797,53.76558303833008,1.4076296091079712,67.34058380126953,1.737288236618042
835179,1,57.456642150878906,53.43642807006836,56.525047302246094,0.8643000721931458,68.54914093017578,1.2902315855026245
835199,1,55.18471145629883,53.97222137451172,56.83927917480469,0.8231826424598694,69.69169616699219,1.0029072761535645
835219,1,52.21049499511719,53.94022750854492,56.37997055053711,0.8327586650848389,70.81228637695312,0.8836918473243713
835239,1,48.69471740722656,53.40974807739258,55.14657211303711,0.9377121329307556,71.86702728271484,0.8182408809661865
835259,1,46.81552505493164,52.376243591308594,53.42477035522461,1.0930908918380737,72.89974975585938,0.7483086585998535
835279,1,42.40402603149414,50.83294677734375,51.119510650634766,1.23789644241333,73.86652374267578,0.7438284158706665
835299,1,37.482791900634766,48.834049224853516,49.10114288330078,1.2008007764816284,74.81138610839844,0.8554468750953674
835319,1,32.00679397583008,46.39487075805664,48.448768615722656,0.6546187996864319,75.77821350097656,0.7697364091873169
835339,1,29.265892028808594,43.4768180847168,47.28024673461914,0.14692063629627228,76.7010498046875,0.537344753742218
835359,1,23.298641204833984,40.06366729736328,42.34565353393555,0.44221675395965576,77.40423583984375,0.37663793563842773
835379,1,17.00048828125,36.245880126953125,41.10111999511719,-0.37332120537757874,78.19522857666016,0.21729519963264465
835399,1,10.57143497467041,32.1374626159668,37.44122314453125,-0.6371287107467651,78.83245849609375,0.08210628479719162
835419,1,3.9507081508636475,27.686874389648438,26.415525436401367,1.031083106994629,79.03020477294922,0.16314171254634857
835439,1,-2.91121506690979,22.930919647216797,29.83074188232422,-1.2671655416488647,79.73338317871094,-0.07470414787530899
835459,1,-6.1426825523376465,17.939023971557617,24.03870964050293,-1.117096185684204,79.99703216552734,-0.31858861446380615
835479,1,-12.68068790435791,12.769875526428223,17.91789436340332,-1.0206944942474365,80.19477844238281,-0.4619588255882263
835499,1,-19.180179595947266,7.5771098136901855,11.81511116027832,-0.9085299372673035,80.26072692871094,-0.524098813533783
835519,1,-25.47490692138672,2.213909387588501,6.880161285400391,-1.1356509923934937,80.23876190185547,-0.5683168172836304
835539,1,-31.564455032348633,-3.2038228511810303,3.086667537689209,-1.702619194984436,80.21674346923828,-0.7188944220542908
835559,1,-34.21040725708008,-8.596526145935059,-1.3924036026000977,-2.0449330806732178,80.04096221923828,-0.9306380152702332
835579,1,-39.06459426879883,-13.914582252502441,-5.031908988952637,-2.666391611099243,79.82125091552734,-1.2140659093856812
835599,1,-44.00983428955078,-19.091333389282227,-12.321961402893066,-2.2957890033721924,79.38176727294922,-1.4256153106689453
835619,1,-48.312286376953125,-24.031429290771484,-14.918330192565918,-3.0811989307403564,78.98626708984375,-1.6186572313308716
835639,1,-52.039676666259766,-28.741466522216797,-20.192310333251953,-3.1396729946136475,78.43695831298828,-1.8576723337173462
835659,1,-54.9658317565918,-33.173309326171875,-27.093128204345703,-2.6438212394714355,77.71186828613281,-1.9402656555175781
835679,1,-56.130714416503906,-37.25535202026367,-32.58897399902344,-2.33819317817688,76.87689208984375,-1.8136481046676636
835699,1,-58.20302200317383,-40.97608947753906,-38.22665786743164,-1.8996483087539673,75.9320297241211,-1.5853476524353027
835719,1,-59.47388458251953,-44.263668060302734,-42.60511779785156,-1.6325076818466187,74.9432373046875,-1.4988579750061035
835739,1,-59.991050720214844,-47.08332061767578,-46.27962112426758,-1.4020837545394897,73.91051483154297,-1.3184765577316284
835759,1,-59.71824264526367,-49.40765380859375,-47.81532669067383,-1.600931167602539,72.8777847290039,-1.2004303932189941
835779,1,-59.27183532714844,-51.226173400878906,-49.91678237915039,-1.5315600633621216,71.80113220214844,-1.0862802267074585
835799,1,-57.78770065307617,-52.484344482421875,-52.00737762451172,-1.2933908700942993,70.72441864013672,-1.071280598640442
835819,1,-55.54533004760742,-53.17573165893555,-53.76893997192383,-0.9632176160812378,69.5818099975586,-0.9855706691741943
835839,1,-52.52854537963867,-53.31864547729492,-55.47268295288086,-0.473394513130188,68.43925476074219,-0.7148037552833557
835859,1,-48.641502380371094,-52.8818359375,-56.55781936645508,0.05328363552689552,67.2746810913086,-0.4933210015296936
835879,1,-46.66611862182617,-51.88981628417969,-54.25839614868164,-0.2288113534450531,66.26392364501953,-0.3791707754135132
835899,1,-42.0313720703125,-50.29791259765625,-53.23899459838867,0.04135097563266754,65.20923614501953,-0.24456673860549927
835919,1,-36.672203063964844,-48.14806365966797,-49.46494674682617,-0.2981055974960327,64.330322265625,-0.1699589639902115
835939,1,-30.739728927612305,-45.51158905029297,-48.181175231933594,0.16177816689014435,63.42934036254883,-0.13080556690692902
835959,1,-24.480335235595703,-42.35761642456055,-43.63039016723633,-0.10472038388252258,62.660316467285156,-0.13294829428195953
835979,1,-21.328908920288086,-38.760658264160156,-39.74007797241211,-0.18374188244342804,61.979156494140625,-0.1530119776725769
835999,1,-14.718583106994629,-34.675498962402344,-37.06524658203125,0.2742013931274414,61.31996154785156,-0.07645779848098755
836019,1,-7.6427321434021,-30.18593978881836,-28.59370994567871,-0.7047455310821533,60.94643020629883,-0.038277849555015564
836039,1,-0.5225260257720947,-25.406625747680664,-30.547765731811523,1.1214115619659424,60.353187561035156,-0.02152463234961033
836059,1,6.820269584655762,-20.337810516357422,-11.581576347351074,-2.507564067840576,60.59486770629883,-0.16236203908920288
836079,1,10.072003364562988,-15.047184944152832,-28.9064998626709,3.5270044803619385,59.496246337890625,0.3546258211135864
836099,1,16.953556060791016,-9.523326873779297,-9.046558380126953,-0.25941649079322815,60.06752395629883,0.12242946028709412
836119,1,23.690969467163086,-3.878643751144409,-9.645343780517578,1.4808679819107056,59.825843811035156,0.30865415930747986
836139,1,30.147493362426758,1.7530474662780762,-5.165947437286377,1.9489610195159912,59.847808837890625,0.6435089707374573
836159,1,36.334869384765625,7.390830993652344,0.7416279911994934,2.032473087310791,60.045555114746094,0.880380392074585
836179,1,38.966670989990234,12.935096740722656,5.391580581665039,2.3681697845458984,60.28729248046875,1.1295247077941895
836199,1,44.16790771484375,18.38936996459961,10.238306045532227,2.700626850128174,60.63885498046875,1.375746726989746
836219,1,48.742576599121094,23.63017463684082,11.650588035583496,3.9465184211730957,60.90250015258789,1.770403504371643
836239,1,52.59014129638672,28.531452178955078,17.701927185058594,3.8877527713775635,61.45180892944336,2.106816291809082
836259,1,55.796913146972656,33.15382766723633,25.000991821289062,3.372560739517212,62.154937744140625,2.2416152954101562
836279,1,57.13605499267578,37.38574981689453,30.069820404052734,3.2762327194213867,62.90199661254883,2.3166117668151855
836299,1,58.95980453491211,41.200462341308594,34.75656509399414,3.182560443878174,63.75893783569336,2.261289596557617
836319,1,59.87253189086914,44.51038360595703,39.838043212890625,2.806501626968384,64.72582244873047,2.184929847717285
836339,1,59.88528060913086,47.30944061279297,44.267547607421875,2.4221415519714355,65.71461486816406,1.954485535621643
836359,1,59.0088005065918,49.54368591308594,47.119903564453125,2.278326988220215,66.76930236816406,1.932279109954834
836379,1,58.28529739379883,51.1905517578125,49.48697280883789,2.1139397621154785,67.8020248413086,1.751508116722107
836399,1,56.068641662597656,52.21333694458008,51.42612838745117,1.8501135110855103,68.90070343017578,1.5964508056640625
836419,1,52.98876953125,52.63179397583008,52.97158432006836,1.5084353685379028,70.02129364013672,1.3837332725524902
836439,1,49.07648468017578,52.40886306762695,54.314353942871094,1.0065593719482422,71.14188385009766,1.2446495294570923
836459,1,46.95436096191406,51.56484603881836,54.441829681396484,0.686927318572998,72.24055480957031,0.9522600173950195
836479,1,41.997684478759766,50.04207229614258,52.54328155517578,0.6581136584281921,73.2513198852539,0.7001942992210388
836499,1,36.35057830810547,47.88992691040039,49.42753982543945,0.8152942657470703,74.1522445678711,0.6384443640708923
836519,1,30.1505069732666,45.256587982177734,46.668357849121094,0.7633140683174133,75.00918579101562,0.6814936399459839
836539,1,23.527530670166016,41.938323974609375,44.18373489379883,0.4518190622329712,75.80017852783203,0.5916930437088013
836559,1,20.011999130249023,38.2034797668457,41.12626266479492,0.23653437197208405,76.5252685546875,0.4294278919696808
836579,1,12.80997085571289,33.89118194580078,36.665931701660156,0.14867021143436432,77.1624984741211,0.2671627402305603
836599,1,5.388331890106201,29.160512924194336,35.83367919921875,-1.034543752670288,77.82169342041016,0.03243355080485344
836619,1,-2.0980587005615234,24.121496200561523,23.246034622192383,0.8494121432304382,77.93157958984375,-0.006720360368490219
836639,1,-8.969441413879395,18.730236053466797,23.28805923461914,-0.7200943231582642,78.48088836669922,-0.18534862995147705
836659,1,-16.572208404541016,13.12647533416748,20.187959671020508,-1.5343987941741943,78.74453735351562,-0.3996240198612213
836679,1,-19.887365341186523,7.368143558502197,13.125503540039062,-1.2741624116897583,78.81048583984375,-0.5922774076461792
836699,1,-26.752639770507812,1.4518722295761108,7.593684196472168,-1.5256006717681885,78.81048583984375,-0.7350627183914185
836719,1,-32.83039474487305,-4.506125450134277,3.025031805038452,-2.0544002056121826,78.72257232666016,-0.9475849866867065
836739,1,-38.84098434448242,-10.38480281829834,-2.223201036453247,-2.402811288833618,78.52482604980469,-1.1977033615112305
836759,1,-44.42826461791992,-16.090177536010742,-5.7483062744140625,-3.2027297019958496,78.30510711669922,-1.5013903379440308
836779,1,-49.31884002685547,-21.6168212890625,-11.53564453125,-3.3643572330474854,77.88764953613281,-1.8140376806259155
836799,1,-51.23358154296875,-26.85486602783203,-18.015329360961914,-3.2055282592773438,77.36030578613281,-2.0140931606292725
836819,1,-54.81979751586914,-31.79283332824707,-23.24965476989746,-3.284998893737793,76.7010498046875,-2.0275349617004395
836839,1,-57.50504684448242,-36.3079948425293,-28.111207962036133,-3.376373052597046,75.9979248046875,-2.077402353286743
836859,1,-59.2412109375,-40.3320426940918,-36.54218673706055,-2.310523271560669,75.00918579101562,-2.0947389602661133
836879,1,-59.976463317871094,-43.82284927368164,-41.75930404663086,-1.886580467224121,74.0423583984375,-1.8294273614883423
836899,1,-59.97249221801758,-46.75054931640625,-45.784488677978516,-1.577588438987732,72.98761749267578,-1.5798933506011963
836919,1,-59.232913970947266,-49.053836822509766,-48.93489074707031,-1.322157621383667,71.91095733642578,-1.256921410560608
836939,1,-57.48310852050781,-50.69467544555664,-50.47364044189453,-1.3028535842895508,70.8342514038086,-1.1762760877609253
836959,1,-54.801116943359375,-51.68100357055664,-52.00311279296875,-1.099923849105835,69.77955627441406,-1.0728394985198975
836979,1,-51.514286041259766,-51.977943420410156,-51.32596969604492,-1.3001980781555176,68.76885223388672,-0.9355078339576721
836999,1,-46.90999984741211,-51.58439636230469,-53.2282600402832,-0.6090619564056396,67.64820861816406,-0.7652556896209717
837019,1,-44.57535171508789,-50.47307205200195,-52.393310546875,-0.47270238399505615,66.59352111816406,-0.6057181358337402
837039,1,-38.91856002807617,-48.612815856933594,-52.13859939575195,0.0923461765050888,65.56079864501953,-0.41150641441345215
837059,1,-32.709136962890625,-46.08926010131836,-47.323307037353516,-0.3829019069671631,64.74778747558594,-0.2513844966888428
837079,1,-26.43044090270996,-42.90718078613281,-46.06668472290039,0.2251192033290863,63.86882400512695,-0.1050923764705658
837099,1,-19.149581909179688,-39.28352355957031,-42.97088623046875,0.5107259750366211,63.07777786254883,-0.03068092092871666
837119,1,-11.423815727233887,-34.963096618652344,-33.14158248901367,-0.8737500905990601,62.704246520996094,-0.13431183993816376
837139,1,-7.562987327575684,-30.25956916809082,-32.895503997802734,0.3123328983783722,62.001121520996094,-0.09418395906686783
837159,1,0.31530648469924927,-25.038782119750977,-25.828210830688477,-0.13491840660572052,61.75944137573242,-0.1317795217037201
837179,1,8.241501808166504,-19.456666946411133,-18.824172973632812,-0.36690381169319153,61.42984390258789,0.08561255782842636
837199,1,15.325850486755371,-13.579473495483398,-20.99599838256836,1.7863516807556152,61.05631637573242,0.18456895649433136
837219,1,22.89497947692871,-7.670576572418213,-12.902779579162598,1.3303295373916626,61.07828140258789,0.3770275413990021
837239,1,30.236417770385742,-1.5492205619812012,-6.917381286621094,1.505507469177246,61.10024642944336,0.5868232250213623
837259,1,33.352569580078125,4.564908981323242,-0.7420240640640259,1.5392078161239624,61.25406265258789,0.7533732652664185
837279,1,39.704315185546875,10.693906784057617,3.9211511611938477,2.068877935409546,61.473777770996094,0.940962016582489
837299,1,45.441307067871094,16.67346954345703,9.90074348449707,2.215707540512085,61.869327545166016,1.1451082229614258
837319,1,50.306793212890625,22.325740814208984,10.912177085876465,3.6418964862823486,62.132972717285156,1.524181604385376
837339,1,54.20050048828125,27.753549575805664,15.97997760772705,3.975552797317505,62.594417572021484,2.0228593349456787
837359,1,57.012718200683594,32.76622009277344,17.792858123779297,5.111037254333496,62.98991394042969,2.547639846801758
837379,1,58.08262252807617,37.282344818115234,27.415895462036133,3.9828455448150635,63.82489013671875,2.699580669403076
837399,1,59.666622161865234,41.27400588989258,33.714508056640625,3.5306215286254883,64.681884765625,2.6855554580688477
837419,1,59.9899787902832,44.65728759765625,39.4332275390625,3.0110771656036377,65.62669372558594,2.437190532684326
837439,1,59.26961135864258,47.381378173828125,44.6329345703125,2.3947620391845703,66.70335388183594,2.3094046115875244
837459,1,57.47866439819336,49.39189147949219,47.48896789550781,2.166753053665161,67.714111328125,1.9942243099212646
837479,1,56.14837646484375,50.70733642578125,49.41262435913086,2.0150864124298096,68.76885223388672,1.81228506565094
837499,1,52.772216796875,51.225223541259766,50.94938278198242,1.70993173122406,69.80158233642578,1.5530109405517578
837519,1,48.31192398071289,50.968509674072266,52.25369644165039,1.2155836820602417,70.90019989013672,1.4100313186645508
837539,1,42.99490737915039,50.02509307861328,51.96781539916992,0.9368727207183838,71.93292236328125,1.1587437391281128
837559,1,36.610511779785156,48.26210021972656,51.41014862060547,0.48482653498649597,72.92172241210938,0.8969383239746094
837579,1,33.46354293823242,45.79418182373047,48.357147216796875,0.5926682353019714,73.80062866210938,0.6682476997375488
837599,1,26.233623504638672,42.5464973449707,45.71156311035156,0.302750825881958,74.63560485839844,0.5704600811004639
837619,1,18.510639190673828,38.636940002441406,40.413326263427734,0.549117922782898,75.31676483154297,0.5015023350715637
837639,1,9.648195266723633,34.23894119262695,38.90473175048828,-0.3757256865501404,76.06382751464844,0.3275495767593384
837659,1,5.628134727478027,29.326818466186523,34.13856506347656,-0.4701484441757202,76.59117126464844,0.10548195987939835
837679,1,-2.7513222694396973,23.84593391418457,24.015653610229492,0.6142444610595703,76.83290100097656,-0.03749867528676987
837699,1,-10.333989143371582,17.97562599182129,23.338159561157227,-0.8406710624694824,77.27238464355469,-0.07918489724397659
837719,1,-18.50589370727539,11.83370590209961,18.131484985351562,-1.2279024124145508,77.44816589355469,-0.328913152217865
837739,1,-26.348297119140625,5.5677571296691895,12.711749076843262,-1.6400843858718872,77.53608703613281,-0.5751355886459351
837759,1,-33.74128723144531,-0.8003491163253784,6.39959192276001,-1.8320304155349731,77.49209594726562,-0.8003194332122803
837779,1,-36.9742431640625,-7.137106418609619,-0.7106072306632996,-1.7161115407943726,77.25041961669922,-0.9672591090202332
837799,1,-43.199764251708984,-13.432315826416016,-3.7059361934661865,-2.7718594074249268,77.09660339355469,-1.2195202112197876
837819,1,-48.66771697998047,-19.51759910583496,-7.982943534851074,-3.493464469909668,76.83290100097656,-1.5888538360595703
837839,1,-53.14192581176758,-25.209644317626953,-12.960175514221191,-3.922982931137085,76.39342498779297,-1.9190326929092407
837859,1,-56.63789749145508,-30.561193466186523,-21.665416717529297,-3.270062208175659,75.7562484741211,-2.136814832687378
837879,1,-58.74396896362305,-35.44060134887695,-24.54542350769043,-4.001067638397217,75.1849136352539,-2.421217679977417
837899,1,-59.41815185546875,-39.74102783203125,-30.205169677734375,-3.8295023441314697,74.4158935546875,-2.584261655807495
837919,1,-59.99998474121094,-43.402156829833984,-36.489830017089844,-3.282036066055298,73.49299621582031,-2.543938398361206
837939,1,-59.363548278808594,-46.345340728759766,-43.79240417480469,-2.1813509464263916,72.41633605957031,-2.2406415939331055
837959,1,-57.511714935302734,-48.536109924316406,-50.20197677612305,-1.0116163492202759,71.22979736328125,-1.7787801027297974
837979,1,-54.318851470947266,-49.93072509765625,-52.50676727294922,-0.6444460153579712,70.13111877441406,-1.334255337715149
837999,1,-52.163612365722656,-50.521060943603516,-52.539817810058594,-0.7013574838638306,69.07643127441406,-1.0219969749450684
838019,1,-47.854286193847656,-50.23163604736328,-50.47538375854492,-1.0891896486282349,68.1315689086914,-0.8067476153373718
838039,1,-42.6656379699707,-49.094573974609375,-49.8421516418457,-0.88187175989151,67.14282989501953,-0.7950600385665894
838059,1,-36.2180290222168,-47.13446807861328,-48.710880279541016,-0.5711245536804199,66.2199935913086,-0.727855384349823
838079,1,-28.766700744628906,-44.44807434082031,-48.55231857299805,0.2537926435470581,65.231201171875,-0.47676360607147217
838099,1,-20.549392700195312,-40.97132873535156,-43.644107818603516,0.028252411633729935,64.528076171875,-0.24398235976696014
838119,1,-16.704137802124023,-36.83465576171875,-42.87881088256836,1.0101627111434937,63.67107391357422,0.013928210362792015
838139,1,-8.133906364440918,-31.98272705078125,-29.810585021972656,-1.0529457330703735,63.42934036254883,-0.010616221465170383
838159,1,0.5981766581535339,-26.59485626220703,-29.991132736206055,0.5799609422683716,62.72621536254883,0.12846805155277252
838179,1,8.53165054321289,-20.708162307739258,-26.342222213745117,1.1838045120239258,62.484535217285156,-0.02113504707813263
838199,1,16.985809326171875,-14.664612770080566,-18.15157699584961,0.7209644913673401,62.37464904785156,0.14599941670894623
838219,1,24.719181060791016,-8.208904266357422,-12.99520492553711,1.1806107759475708,62.26482009887695,0.3349517285823822
838239,1,32.62332534790039,-1.617407202720642,-7.1411519050598145,1.5072884559631348,62.28678894042969,0.5369551777839661
838259,1,35.96746826171875,4.967536449432373,-0.3992151618003845,1.5154130458831787,62.44060516357422,0.7469451427459717
838279,1,42.602664947509766,11.530502319335938,4.320635795593262,2.1375386714935303,62.682281494140625,0.9643377065658569
838299,1,48.36744689941406,17.889381408691406,7.3971381187438965,3.1976864337921143,62.9239616394043,1.3510074615478516
838319,1,53.164920806884766,23.89432144165039,12.187880516052246,3.7526748180389404,63.29754638671875,1.7990386486053467
838339,1,56.68202209472656,29.522991180419922,16.474206924438477,4.356419563293457,63.75893783569336,2.1775271892547607
838359,1,59.02261734008789,34.61289978027344,18.89093017578125,5.347476482391357,64.19847869873047,2.625168561935425
838379,1,59.63532638549805,39.095943450927734,24.732206344604492,5.251035213470459,64.879638671875,3.0178775787353516
838399,1,59.95317840576172,42.87315368652344,32.58342742919922,4.404719352722168,65.758544921875,3.0564470291137695
838419,1,58.912044525146484,45.89260482788086,40.83420944213867,3.116086721420288,66.83519744873047,2.9506726264953613
838439,1,56.44983673095703,48.052520751953125,46.22966003417969,2.2569494247436523,67.91185760498047,2.476149320602417
838459,1,52.78469467163086,49.355342864990234,48.20222473144531,2.02765154838562,68.94463348388672,2.0924015045166016
838479,1,50.60493469238281,49.76953887939453,48.30534362792969,2.1151444911956787,69.91140747070312,1.8068304061889648
838499,1,45.07765197753906,49.301021575927734,48.88456344604492,1.7743782997131348,70.90019989013672,1.6934592723846436
838519,1,38.73381042480469,47.9868049621582,49.12164306640625,1.2727710008621216,71.88899230957031,1.438081979751587
838539,1,32.047183990478516,45.75271224975586,48.93925857543945,0.6143156886100769,72.85581970214844,1.1443290710449219
838559,1,23.963359832763672,42.56232452392578,45.8661994934082,0.4259606599807739,73.69074249267578,0.8094747066497803
838579,1,19.790870666503906,38.719085693359375,40.73896026611328,0.7105278372764587,74.37195587158203,0.6355219483375549
838599,1,10.919072151184082,34.03757858276367,37.626625061035156,0.13577963411808014,75.0531234741211,0.4964376986026764
838619,1,1.601797103881836,28.69455337524414,34.369102478027344,-0.5726404786109924,75.62439727783203,0.27378568053245544
838639,1,-7.542206764221191,22.90276336669922,27.38316535949707,-0.44548270106315613,76.01988983154297,-0.02035587467253208
838659,1,-16.581892013549805,16.575695037841797,22.66489028930664,-0.9537883400917053,76.23960876464844,0.03632941097021103
838679,1,-21.004343032836914,10.065154075622559,15.27476692199707,-0.7883420586585999,76.3494873046875,-0.2671627402305603
838699,1,-29.350467681884766,3.2560296058654785,10.102917671203613,-1.3859564065933228,76.41539001464844,-0.4596213102340698
838719,1,-37.72101593017578,-3.5210201740264893,4.757826328277588,-1.9652049541473389,76.3494873046875,-0.7171412706375122
838739,1,-43.93080139160156,-10.260366439819336,-2.1729025840759277,-2.0859549045562744,76.08584594726562,-0.9436891674995422
838759,1,-49.919456481933594,-16.847394943237305,-6.382529258728027,-2.903855562210083,75.8221435546875,-1.2434806823730469
838779,1,-52.184444427490234,-23.098466873168945,-12.159912109375,-3.2002577781677246,75.42665100097656,-1.6165144443511963
838799,1,-56.156639099121094,-28.944129943847656,-16.064985275268555,-3.9261209964752197,74.96520233154297,-1.958770990371704
838819,1,-58.7606315612793,-34.21220779418945,-22.08344841003418,-3.9707748889923096,74.34999084472656,-2.301806688308716
838839,1,-59.931419372558594,-38.78201675415039,-23.214242935180664,-5.164425373077393,73.86652374267578,-2.7260730266571045
838859,1,-59.613685607910156,-42.605613708496094,-28.700817108154297,-4.9989542961120605,73.14143371582031,-3.099885940551758
838879,1,-58.946319580078125,-45.613182067871094,-35.71007537841797,-4.160447120666504,72.24055480957031,-3.001514434814453
838899,1,-56.16489791870117,-47.6929817199707,-44.0377082824707,-2.5810623168945312,71.09794616699219,-2.8139257431030273
838919,1,-52.149009704589844,-48.88507843017578,-51.86888122558594,-0.7385162711143494,69.84551239013672,-2.1311657428741455
838939,1,-46.784366607666016,-49.01560974121094,-53.363616943359375,-0.19505493342876434,68.72492218017578,-1.3852920532226562
838959,1,-40.61940383911133,-48.20088577270508,-51.56462478637695,-0.2673662602901459,67.714111328125,-0.8700563311576843
838979,1,-36.68939208984375,-46.452606201171875,-47.208003997802734,-0.8861408829689026,66.9011001586914,-0.7389585971832275
838999,1,-28.633499145507812,-43.69306182861328,-43.981388092041016,-0.9151589274406433,66.110107421875,-0.7161673307418823
839019,1,-19.92599105834961,-40.137271881103516,-42.02924346923828,-0.3777608573436737,65.3410873413086,-0.6400027275085449
839039,1,-10.417924880981445,-35.736148834228516,-38.16676330566406,-0.0892895981669426,64.681884765625,-0.42748045921325684
839059,1,-1.5834002494812012,-30.57029151916504,-37.02324676513672,1.1417652368545532,63.956687927246094,-0.08736620843410492
839079,1,2.8893320560455322,-24.810087203979492,-22.375398635864258,-1.1700983047485352,63.86882400512695,0.03516065329313278
839099,1,12.408744812011719,-18.437488555908203,-30.827356338500977,2.9012856483459473,63.05581283569336,0.3478080630302429
839119,1,21.71575927734375,-11.689002990722656,-16.485069274902344,1.0495527982711792,63.23159408569336,0.5079305171966553
839139,1,31.1070613861084,-4.829964637756348,-11.469442367553711,1.7215170860290527,63.12176513671875,0.6705852150917053
839159,1,35.158939361572266,2.1424949169158936,-5.071405410766602,1.9589622020721436,63.20962905883789,0.9058988094329834
839179,1,42.513954162597656,9.177943229675293,1.7516703605651855,2.1849205493927,63.42934036254883,1.1156944036483765
839199,1,48.890995025634766,16.02085304260254,7.8703227043151855,2.543179988861084,63.75893783569336,1.3093217611312866
839219,1,53.929710388183594,22.447650909423828,10.817127227783203,3.655210494995117,64.06657409667969,1.635994791984558
839239,1,57.5493278503418,28.457502365112305,15.924972534179688,4.129977226257324,64.506103515625,2.0633769035339355
839259,1,58.64391326904297,33.854732513427734,16.07278823852539,5.790053367614746,64.83570098876953,2.6588683128356934
839279,1,59.927181243896484,38.546875,22.647151947021484,5.621974945068359,65.4728775024414,3.1343655586242676
839299,1,59.61371612548828,42.404029846191406,30.594600677490234,4.786051273345947,66.30785369873047,3.2697484493255615
839319,1,57.946250915527344,45.33662414550781,38.0074577331543,3.7341432571411133,67.2746810913086,3.228646755218506
839339,1,54.56719207763672,47.31304168701172,44.0146598815918,2.6939544677734375,68.32931518554688,2.732111692428589
839359,1,49.508487701416016,48.25544738769531,46.67038345336914,2.185903549194336,69.34013366699219,2.3549864292144775
839379,1,46.796260833740234,48.17588806152344,47.19272232055664,2.037778854370117,70.3069076538086,1.9988993406295776
839399,1,39.982940673828125,46.97312545776367,46.90726852416992,1.7168294191360474,71.25181579589844,1.825725793838501
839419,1,32.003936767578125,44.7315788269043,47.174198150634766,0.9249625205993652,72.19662475585938,1.416849136352539
839439,1,23.140975952148438,41.64982986450195,45.27763366699219,0.4242766499519348,73.07553100585938,1.0036864280700684
839459,1,14.454337120056152,37.566497802734375,39.22205352783203,0.816253662109375,73.66877746582031,0.7837615013122559
839479,1,4.287844657897949,32.60722351074219,34.21658706665039,0.6860421299934387,74.2401123046875,0.6887015104293823
839499,1,-5.550835132598877,26.853816986083984,31.04926300048828,-0.12819907069206238,74.74549102783203,0.5525386333465576
839519,1,-10.15257453918457,20.541942596435547,23.129308700561523,0.2947843372821808,74.98716735839844,0.4257268011569977
839539,1,-19.081974029541016,13.741724014282227,19.380664825439453,-0.6399655342102051,75.27283477783203,0.219243124127388
839559,1,-28.38345718383789,6.646326541900635,6.173125743865967,0.8652570247650146,75.07508850097656,0.07665207982063293
839579,1,-36.806697845458984,-0.596476137638092,4.8009538650512695,-0.7865166664123535,75.1849136352539,-0.05074460431933403
839599,1,-44.23631286621094,-7.776840686798096,0.10319185256958008,-1.574081301689148,75.03115844726562,-0.34839245676994324
839619,1,-47.45207595825195,-14.749457359313965,-4.8306121826171875,-2.2221975326538086,74.78942108154297,-0.7212319374084473
839639,1,-52.99138259887695,-21.47532844543457,-12.289419174194336,-2.201596260070801,74.30606079101562,-1.0408929586410522
839659,1,-56.98054122924805,-27.69706916809082,-14.46418571472168,-3.500382900238037,73.97640991210938,-1.4706125259399414
839679,1,-59.208126068115234,-33.29070281982422,-19.985851287841797,-3.7497780323028564,73.40513610839844,-1.8794896602630615
839699,1,-59.997554779052734,-38.078704833984375,-24.890445709228516,-3.9119505882263184,72.74594116210938,-2.1095433235168457
839719,1,-58.998435974121094,-41.985111236572266,-25.612262725830078,-4.988325595855713,72.19662475585938,-2.432710647583008
839739,1,-57.90851593017578,-44.945858001708984,-27.523088455200195,-5.583856105804443,71.60338592529297,-2.9284660816192627
839759,1,-54.36419677734375,-46.818870544433594,-31.603160858154297,-5.275678634643555,70.8342514038086,-3.2822163105010986
839779,1,-49.311607360839844,-47.57870864868164,-38.762393951416016,-3.755462646484375,69.84551239013672,-3.215010643005371
839799,1,-43.35611343383789,-47.18446350097656,-45.883602142333984,-1.7879643440246582,68.7029037475586,-2.6491286754608154
839819,1,-35.70461654663086,-45.82386779785156,-50.25051498413086,-0.11181952059268951,67.56029510498047,-1.8181283473968506
839839,1,-26.857267379760742,-43.210899353027344,-48.27065658569336,0.28673139214515686,66.637451171875,-1.1069282293319702
839859,1,-22.023700714111328,-39.69990539550781,-42.12147903442383,-0.3315393924713135,65.97825622558594,-0.7379846572875977
839879,1,-12.117694854736328,-35.096229553222656,-36.211788177490234,-0.5595163106918335,65.42894744873047,-0.6098088026046753
839899,1,-1.7308497428894043,-29.64751625061035,-30.89708709716797,-0.3999267816543579,64.9455337524414,-0.4765688180923462
839919,1,9.060532569885254,-23.538410186767578,-26.908370971679688,0.27473023533821106,64.55004119873047,-0.32306885719299316
839939,1,18.90110206604004,-16.760631561279297,-21.892194747924805,0.8970485925674438,64.22044372558594,0.0032140854746103287
839959,1,23.917888641357422,-9.728960990905762,-9.44578742980957,-0.5893622040748596,64.46217346191406,-0.09554751217365265
839979,1,33.10362243652344,-2.3208394050598145,-8.595674514770508,1.312455177307129,64.22044372558594,0.3121609389781952
839999,1,41.48652267456055,5.152464389801025,-2.995997905731201,1.9750010967254639,64.30835723876953,0.6283146142959595
840019,1,48.3912467956543,12.428614616394043,4.681722640991211,2.0176243782043457,64.65991973876953,0.865965723991394
840039,1,53.829811096191406,19.44990348815918,8.326823234558105,3.087003231048584,64.92356872558594,1.2296499013900757
840059,1,55.97686004638672,25.924707412719727,14.07949447631836,3.44217586517334,65.36305236816406,1.6336573362350464
840079,1,58.92141342163086,31.807785034179688,18.000944137573242,4.210090160369873,65.8244400024414,2.059286117553711
840099,1,59.994808197021484,36.876808166503906,21.76549530029297,4.808640480041504,66.3737564086914,2.5129663944244385
840119,1,59.1809196472168,41.01687240600586,26.73014259338379,4.8110456466674805,67.0768814086914,2.874701976776123
840139,1,56.512516021728516,44.093318939208984,32.303104400634766,4.342939376831055,67.889892578125,2.956711530685425
840159,1,54.46623611450195,46.113155364990234,39.07518005371094,3.2192251682281494,68.8786849975586,2.8164584636688232
840179,1,49.208396911621094,46.90135955810547,42.1710205078125,2.620293140411377,69.80158233642578,2.4233601093292236
840199,1,42.08300018310547,46.46330261230469,42.19371795654297,2.472405195236206,70.68048858642578,2.2494070529937744
840219,1,33.896427154541016,44.883697509765625,40.23354721069336,2.553957462310791,71.42760467529297,2.0924015045166016
840239,1,24.407318115234375,42.05908966064453,38.84754180908203,2.144610643386841,72.1746597290039,1.8960471153259277
840259,1,19.502700805664062,38.30475616455078,37.216087341308594,1.6235374212265015,72.8777847290039,1.6426178216934204
840279,1,8.941317558288574,33.40907287597656,34.56450271606445,0.9244816303253174,73.49299621582031,1.2931534051895142
840299,1,-1.9573664665222168,27.630353927612305,31.342544555664062,0.09436860680580139,74.0423583984375,0.9142754077911377
840319,1,-12.73880386352539,21.302576065063477,24.160531997680664,0.18148872256278992,74.30606079101562,0.6497423648834229
840339,1,-23.579389572143555,14.286696434020996,20.09987449645996,-0.7748214602470398,74.5916748046875,0.3443017899990082
840359,1,-28.951648712158203,6.911503791809082,11.765975952148438,-0.5795741081237793,74.5916748046875,-0.029122576117515564
840379,1,-38.01447677612305,-0.7293821573257446,-0.515518307685852,0.5861933827400208,74.2181396484375,0.00788911897689104
840399,1,-45.92451858520508,-8.203948974609375,-2.8395118713378906,-0.8706410527229309,74.1522445678711,-0.135480597615242
840419,1,-52.344932556152344,-15.569167137145996,-5.972782611846924,-2.0955512523651123,73.88848876953125,-0.433908611536026
840439,1,-54.666290283203125,-22.49798011779785,-12.637149810791016,-2.276590347290039,73.44906616210938,-0.8242799639701843
840459,1,-58.27023696899414,-28.85615348815918,-15.158499717712402,-3.47198224067688,73.03160095214844,-1.2631548643112183
840479,1,-59.90377426147461,-34.41344451904297,-21.158496856689453,-3.5976946353912354,72.46027374267578,-1.7119646072387695
840499,1,-59.51506423950195,-39.02813720703125,-27.019439697265625,-3.4560909271240234,71.75714111328125,-1.9971462488174438
840519,1,-57.419578552246094,-42.582637786865234,-27.832223892211914,-4.3718976974487305,71.16384887695312,-2.391608238220215
840539,1,-53.214664459228516,-44.920509338378906,-29.626243591308594,-4.751316547393799,70.54863739013672,-2.770292043685913
840559,1,-50.353904724121094,-46.100494384765625,-33.750091552734375,-4.227814197540283,69.7575912475586,-2.936647415161133
840579,1,-43.437782287597656,-45.9080924987793,-38.83714294433594,-2.9251132011413574,68.81278991699219,-2.7128260135650635
840599,1,-34.965545654296875,-44.421714782714844,-43.21296691894531,-1.3223681449890137,67.8020248413086,-2.1488919258117676
840619,1,-25.20834732055664,-41.771568298339844,-42.001853942871094,-0.8103306293487549,66.989013671875,-1.6525522470474243
840639,1,-14.79722785949707,-37.86146545410156,-36.712860107421875,-1.069130778312683,66.3957748413086,-1.3101004362106323
840659,1,-4.240317344665527,-32.95759582519531,-31.68787956237793,-1.039531946182251,65.91236114501953,-1.144134283065796
840679,1,0.9385774731636047,-27.166412353515625,-27.177017211914062,-0.7579990029335022,65.4948959350586,-0.9518704414367676
840699,1,13.077177047729492,-20.496355056762695,-23.102663040161133,0.061064958572387695,65.1433334350586,-0.6727279424667358
840719,1,23.09796905517578,-13.195313453674316,-16.747791290283203,0.4184965193271637,65.01148986816406,-0.3526778817176819
840739,1,33.04039764404297,-5.719202041625977,-10.184937477111816,0.7857369184494019,65.01148986816406,-9.739652887219563e-05
840759,1,41.86859893798828,2.0342438220977783,0.9787930250167847,-0.07276211678981781,65.36305236816406,0.0014609479112550616
840779,1,45.69314193725586,9.687461853027344,6.393554210662842,0.49883610010147095,65.60472869873047,0.14268794655799866
840799,1,52.19554901123047,17.156526565551758,10.41926383972168,1.489004373550415,65.934326171875,0.382286936044693
840819,1,56.492855072021484,24.11956214904785,15.960471153259277,1.9689017534255981,66.41773986816406,0.728050172328949
840839,1,59.30117416381836,30.360443115234375,17.801054000854492,3.260552167892456,66.85717010498047,1.173353672027588
840859,1,59.983829498291016,35.7091064453125,21.425291061401367,3.928150177001953,67.362548828125,1.7392361164093018
840879,1,58.62820816040039,39.99015426635742,24.570003509521484,4.4541168212890625,67.93382263183594,2.205383062362671
840899,1,55.09675216674805,43.102169036865234,27.73708152770996,4.668918132781982,68.57110595703125,2.653803586959839
840919,1,49.87462615966797,44.940818786621094,29.268535614013672,4.9701762199401855,69.18631744384766,2.9777491092681885
840939,1,46.71523666381836,45.4779052734375,34.913394927978516,3.863377809524536,70.02129364013672,2.9783334732055664
840959,1,38.743499755859375,44.58864212036133,41.342987060546875,1.9326019287109375,71.05401611328125,2.6366617679595947
840979,1,29.20577049255371,42.35990524291992,42.86855697631836,0.8164636492729187,71.97691345214844,1.9476677179336548
840999,1,18.39530372619629,38.93741989135742,38.92927932739258,0.7989249229431152,72.65802001953125,1.431458592414856
841019,1,7.070928573608398,34.21572494506836,32.03541564941406,1.2778117656707764,73.07553100585938,1.1840673685073853
841039,1,1.1270873546600342,28.623075485229492,25.72123146057129,1.5459966659545898,73.40513610839844,1.1098506450653076
841059,1,-10.527838706970215,21.993310928344727,21.188751220703125,0.9450199007987976,73.69074249267578,1.0130369663238525
841079,1,-21.953725814819336,14.67131519317627,15.761884689331055,0.36313045024871826,73.86652374267578,0.7878527045249939
841099,1,-32.3348274230957,7.006824016571045,9.813440322875977,-0.17384442687034607,73.86652374267578,0.5274103283882141
841119,1,-41.49116134643555,-0.9529446959495544,2.873192310333252,-0.5347389578819275,73.75669860839844,0.23989170789718628
841139,1,-49.379600524902344,-8.8445463180542,-4.8356404304504395,-0.6291962265968323,73.40513610839844,0.014512590132653713
841159,1,-52.380245208740234,-16.477855682373047,-17.140825271606445,0.653624415397644,72.76790618896484,-0.05522484332323074
841179,1,-57.119407653808594,-23.59017562866211,-13.38241195678711,-2.290043830871582,72.61408996582031,-0.36202797293663025
841199,1,-59.72571563720703,-29.920053482055664,-19.449724197387695,-2.5073020458221436,72.06477355957031,-0.8047996759414673
841219,1,-59.999671936035156,-35.3538818359375,-22.012264251708984,-3.413423538208008,71.51546478271484,-1.2947118282318115
841239,1,-58.763484954833984,-39.67255401611328,-27.52300262451172,-3.2396047115325928,70.79031372070312,-1.6607335805892944
841259,1,-55.12517166137695,-42.707550048828125,-34.15178298950195,-2.374086856842041,69.9333724975586,-1.750534176826477
841279,1,-49.2725715637207,-44.46693801879883,-35.1554069519043,-2.614157199859619,69.18631744384766,-1.8161804676055908
841299,1,-41.33525848388672,-44.75410842895508,-34.97473907470703,-2.7947075366973877,68.50515747070312,-1.8335180282592773
841319,1,-37.18034362792969,-43.66453170776367,-36.29124450683594,-2.29341983795166,67.714111328125,-1.769623875617981
841339,1,-27.049861907958984,-41.07361602783203,-35.63993453979492,-1.7673991918563843,67.03295135498047,-1.6747591495513916
841359,1,-16.71091079711914,-37.106346130371094,-32.817955017089844,-1.4440770149230957,66.43970489501953,-1.456002950668335
841379,1,-4.983701705932617,-31.969982147216797,-29.931217193603516,-0.789065420627594,65.95629119873047,-1.2027679681777954
841399,1,7.080982208251953,-25.90349578857422,-24.199989318847656,-0.6258938908576965,65.62669372558594,-0.9563506841659546
841419,1,19.02265167236328,-18.857389450073242,-18.916175842285156,-0.09121225774288177,65.42894744873047,-0.7079859972000122
841439,1,24.640113830566406,-11.355688095092773,-14.526606559753418,0.7153864502906799,65.25316619873047,-0.3540414571762085
841459,1,35.192962646484375,-3.32586932182312,-6.484246730804443,0.8329896330833435,65.3410873413086,0.09243082255125046
841479,1,44.276885986328125,4.805555820465088,8.477255821228027,-1.0119802951812744,66.0002212524414,-0.08230158686637878
841499,1,51.58344650268555,12.693953514099121,9.857671737670898,0.7750877737998962,66.13207244873047,0.17833557724952698
841519,1,56.43860626220703,20.18036651611328,12.034994125366211,2.2555298805236816,66.461669921875,0.5977315902709961
841539,1,59.35396957397461,27.034940719604492,15.469386100769043,3.2552623748779297,66.9011001586914,1.0919291973114014
841559,1,59.9465217590332,32.960391998291016,20.551158905029297,3.6360669136047363,67.4504623413086,1.6246962547302246
841579,1,59.1942253112793,37.77375411987305,24.940637588500977,3.9236607551574707,68.08763885498047,2.019547939300537
841599,1,55.93369674682617,41.28438949584961,29.013046264648438,3.9174768924713135,68.79081726074219,2.342909097671509
841619,1,50.3465690612793,43.47161865234375,29.859207153320312,4.414074420928955,69.4060287475586,2.5680932998657227
841639,1,42.465309143066406,44.04582977294922,34.72520446777344,3.370124101638794,70.21903991699219,2.604909658432007
841659,1,32.61432647705078,43.140899658203125,38.1024055480957,2.2149994373321533,71.09794616699219,2.43894362449646
841679,1,27.4507999420166,40.74139404296875,39.040191650390625,1.356885313987732,71.91095733642578,1.946109414100647
841699,1,15.941691398620605,36.92821502685547,36.093727111816406,1.004541277885437,72.57015228271484,1.5304149389266968
841719,1,4.558173656463623,31.761463165283203,30.3928279876709,1.0552918910980225,73.00958251953125,1.2197154760360718
841739,1,-7.910848617553711,25.738040924072266,25.082395553588867,0.7687519788742065,73.33917999267578,1.009920358657837
841759,1,-20.030059814453125,18.557952880859375,18.884241104125977,0.42374297976493835,73.53692626953125,0.8040205240249634
841779,1,-25.927711486816406,10.896227836608887,11.868958473205566,0.2986312508583069,73.55894470214844,0.6041597723960876
841799,1,-36.582496643066406,2.7145981788635254,5.798909664154053,-0.34868279099464417,73.51496124267578,0.3585216999053955
841819,1,-45.609642028808594,-5.549379348754883,-2.7447566986083984,-0.3326173722743988,73.18536376953125,0.15729741752147675
841839,1,-52.97364044189453,-13.548884391784668,-8.96873950958252,-0.862494707107544,72.83380126953125,-0.1202862337231636
841859,1,-57.75955581665039,-21.13778305053711,-17.0323429107666,-0.7066267728805542,72.1746597290039,-0.15710262954235077
841879,1,-59.07120132446289,-27.924495697021484,-17.320343017578125,-2.508066177368164,71.91095733642578,-0.5685116648674011
841899,1,-59.95470428466797,-33.724586486816406,-21.52472686767578,-3.0679798126220703,71.33968353271484,-1.1158887147903442
841919,1,-57.838722229003906,-38.31380844116211,-23.130769729614258,-4.018178462982178,70.81228637695312,-1.6780706644058228
841939,1,-53.54494857788086,-41.50951385498047,-33.00477600097656,-2.3523471355438232,69.86747741699219,-1.8705291748046875
841959,1,-46.48292541503906,-43.18168258666992,-33.285858154296875,-2.7434771060943604,69.18631744384766,-1.9094878435134888
841979,1,-42.4672737121582,-43.32600784301758,-33.492191314697266,-2.8822755813598633,68.50515747070312,-1.9127992391586304
841999,1,-31.41476821899414,-41.77051544189453,-35.42866134643555,-1.9374210834503174,67.73607635498047,-1.7630008459091187
842019,1,-20.90582275390625,-38.6383056640625,-35.09821701049805,-1.1490355730056763,67.010986328125,-1.5261294841766357
842039,1,-8.155831336975098,-34.215084075927734,-31.95269203186035,-0.7012693285942078,66.461669921875,-1.2113388776779175
842059,1,5.18838357925415,-28.46215057373047,-26.466209411621094,-0.5271806716918945,66.06617736816406,-0.9368714094161987
842079,1,11.023652076721191,-21.70250129699707,-20.041513442993164,-0.5140242576599121,65.84640502929688,-0.7401273846626282
842099,1,23.427104949951172,-14.008793830871582,-12.688880920410156,-0.3714105784893036,65.80247497558594,-0.5792262554168701
842119,1,34.82971954345703,-5.785733222961426,-7.06185245513916,0.36959341168403625,65.8244400024414,-0.35832688212394714
842139,1,44.60228729248047,2.450978994369507,2.525641918182373,0.06333298236131668,66.110107421875,-0.05503005161881447
842159,1,52.07229232788086,10.777145385742188,10.972476959228516,0.004626525100320578,66.5715560913086,0.018992830067873
842179,1,56.97117233276367,18.702632904052734,11.585022926330566,1.8759018182754517,66.87913513183594,0.15047965943813324
842199,1,58.69371032714844,25.834325790405273,15.881428718566895,2.6754465103149414,67.34058380126953,0.6542226076126099
842219,1,59.996299743652344,32.00481033325195,22.838796615600586,2.559443712234497,68.02174377441406,1.0716701745986938
842239,1,58.406494140625,36.91524887084961,25.9470157623291,3.144083023071289,68.59307098388672,1.4678853750228882
842259,1,53.978759765625,40.45136260986328,25.74164390563965,4.249058246612549,69.12042236328125,1.94162917137146
842279,1,46.944393157958984,42.31319808959961,29.781862258911133,3.78646183013916,69.82354736328125,2.2203826904296875
842299,1,42.50798416137695,42.65103530883789,32.0084342956543,3.4516689777374268,70.54863739013672,2.4169318675994873
842319,1,32.150115966796875,41.18489074707031,32.5123291015625,2.9658031463623047,71.1858139038086,2.389855146408081
842339,1,20.064624786376953,38.19499206542969,33.336570739746094,1.9183489084243774,71.88899230957031,2.0842201709747314
842359,1,7.170571327209473,33.77467346191406,32.25334167480469,0.9328564405441284,72.50425720214844,1.677290916442871
842379,1,-6.161709785461426,27.877370834350586,27.16264533996582,0.5921688675880432,72.92172241210938,1.2493245601654053
842399,1,-12.573898315429688,20.982051849365234,20.155107498168945,0.6662401556968689,73.11946868896484,0.949922502040863
842419,1,-25.29220199584961,13.083280563354492,12.577378273010254,0.5072942972183228,73.14143371582031,0.74149090051651
842439,1,-36.781028747558594,4.683234691619873,5.857511520385742,-0.0014809217536821961,73.09750366210938,0.5202029347419739
842459,1,-46.571266174316406,-3.819167375564575,-1.7335777282714844,-0.29567834734916687,72.85581970214844,0.30573225021362305
842479,1,-53.7954216003418,-12.229852676391602,-10.537176132202148,-0.20680826902389526,72.39437103271484,0.04042057320475578
842499,1,-56.44197463989258,-20.063682556152344,-20.496780395507812,0.44881612062454224,71.73517608642578,0.024057449772953987
842519,1,-59.57648468017578,-27.130727767944336,-16.462196350097656,-2.5364582538604736,71.51546478271484,-0.37274158000946045
842539,1,-59.675750732421875,-33.05699157714844,-20.549226760864258,-3.1268041133880615,70.96610260009766,-0.9882977604866028
842559,1,-56.698116302490234,-37.62032699584961,-24.857765197753906,-3.3482308387756348,70.39482116699219,-1.5442452430725098
842579,1,-50.51670455932617,-40.635650634765625,-28.4453067779541,-3.2814886569976807,69.71366119384766,-1.8944886922836304
842599,1,-42.7310676574707,-41.9295539855957,-30.30255126953125,-3.1971359252929688,69.03250122070312,-2.066688299179077
842619,1,-37.1834602355957,-41.54690933227539,-31.236173629760742,-3.0080149173736572,68.39527130126953,-2.066883087158203
842639,1,-26.587934494018555,-39.31109619140625,-32.92121887207031,-1.9834275245666504,67.69214630126953,-1.9075398445129395
842659,1,-13.673379898071289,-35.43939208984375,-32.83120346069336,-0.8879323601722717,67.010986328125,-1.5746339559555054
842679,1,-0.05063280090689659,-30.2972412109375,-29.939565658569336,-0.14500871300697327,66.48363494873047,-1.1260185241699219
842699,1,13.583793640136719,-23.709457397460938,-24.00978660583496,0.1660611778497696,66.1760025024414,-0.7385690212249756
842719,1,20.363975524902344,-16.182641983032227,-15.72234058380127,-0.06980299949645996,66.110107421875,-0.4627380073070526
842739,1,32.769805908203125,-7.797949314117432,-9.211569786071777,0.509088933467865,66.13207244873047,-0.24417714774608612
842759,1,43.48286056518555,0.8999552130699158,2.2933084964752197,-0.21346846222877502,66.52757263183594,-0.08639223873615265
842779,1,51.93316650390625,9.462403297424316,11.600530624389648,-0.4126553535461426,66.94508361816406,0.03847264125943184
842799,1,57.271026611328125,17.64855194091797,10.143824577331543,2.1156809329986572,67.12086486816406,0.2313203066587448
842819,1,58.99338150024414,25.025646209716797,17.310577392578125,2.17038631439209,67.73607635498047,0.6320157051086426
842839,1,59.9228515625,31.34964370727539,21.111188888549805,2.9085068702697754,68.28538513183594,1.0371918678283691
842859,1,57.53664779663086,36.270294189453125,23.85814666748047,3.5494203567504883,68.8786849975586,1.478209376335144
842879,1,52.093353271484375,39.683876037597656,26.627227783203125,3.8409011363983154,69.45001220703125,1.9332530498504639
842899,1,44.4281005859375,41.258323669433594,30.64429473876953,3.2624292373657227,70.17510986328125,2.1494767665863037
842919,1,33.622257232666016,41.026611328125,31.372831344604492,3.003223419189453,70.8342514038086,2.232849597930908
842939,1,28.07131004333496,39.056724548339844,30.51653289794922,2.8492431640625,71.42760467529297,2.1796698570251465
842959,1,14.864888191223145,35.21981430053711,29.64980697631836,2.0218417644500732,71.9988784790039,1.941823959350586
842979,1,1.9911454916000366,29.761669158935547,27.488189697265625,1.084997534751892,72.48223876953125,1.6032686233520508
842999,1,-11.845908164978027,23.01153564453125,22.85605239868164,0.4063792824745178,72.81183624267578,1.1795871257781982
843019,1,-25.710840225219727,15.34256362915039,15.654230117797852,0.15600576996803284,72.92172241210938,0.811812698841095
843039,1,-37.43994140625,6.84998893737793,8.737435340881348,-0.34109461307525635,72.8777847290039,0.505203366279602
843059,1,-42.888038635253906,-1.7944790124893188,-0.23947572708129883,-0.2063770294189453,72.61408996582031,0.28352534770965576
843079,1,-51.59236526489258,-10.507023811340332,-9.17551326751709,-0.16216768324375153,72.13067626953125,0.07645728439092636
843099,1,-57.390926361083984,-18.70619010925293,-19.4754638671875,0.4053821563720703,71.51546478271484,9.739652887219563e-05
843119,1,-59.906497955322266,-26.01361846923828,-15.73186206817627,-2.515540838241577,71.2957534790039,-0.36514464020729065
843139,1,-59.179805755615234,-32.12950897216797,-18.57378387451172,-3.4868481159210205,70.81228637695312,-1.033490777015686
843159,1,-55.251747131347656,-36.72705078125,-23.984174728393555,-3.3747053146362305,70.15314483642578,-1.560218334197998
843179,1,-51.882530212402344,-39.70401382446289,-27.31379508972168,-3.4327523708343506,69.51591491699219,-1.9089034795761108
843199,1,-42.35127258300781,-40.721954345703125,-28.284318923950195,-3.4821910858154297,68.8786849975586,-2.0528581142425537
843219,1,-30.917190551757812,-40.02871322631836,-30.662538528442383,-2.6913511753082275,68.19752502441406,-2.0368850231170654
843239,1,-18.625837326049805,-37.252437591552734,-32.12194061279297,-1.5332207679748535,67.51636505126953,-1.826700210571289
843259,1,-4.187799453735352,-32.7674674987793,-31.12869644165039,-0.4693617522716522,66.9011001586914,-1.4215246438980103
843279,1,2.690490961074829,-26.809064865112305,-26.34837532043457,-0.16896319389343262,66.50559997558594,-0.9766101837158203
843299,1,17.4055118560791,-19.373931884765625,-18.47278594970703,-0.15114399790763855,66.35179138183594,-0.6464309096336365
843319,1,30.579002380371094,-11.062788009643555,-10.89937686920166,0.12259043008089066,66.35179138183594,-0.4132595360279083
843339,1,42.63692855834961,-2.3190665245056152,-2.6413686275482178,0.32558295130729675,66.52757263183594,-0.15593387186527252
843359,1,51.24830627441406,6.606768608093262,4.443946361541748,0.7929267287254333,66.85717010498047,0.03691378980875015
843379,1,56.945743560791016,15.214493751525879,14.907970428466797,0.2381805032491684,67.49440002441406,0.164505273103714
843399,1,58.83587646484375,22.992820739746094,15.274015426635742,2.1860811710357666,67.75804138183594,0.46565988659858704
843419,1,59.928443908691406,29.68324851989746,20.85989761352539,2.506298303604126,68.37330627441406,0.8470707535743713
843439,1,57.28703308105469,34.88186264038086,23.229801177978516,3.289309501647949,68.92266845703125,1.2775695323944092
843459,1,51.30778884887695,38.39104461669922,26.235523223876953,3.5029280185699463,69.51591491699219,1.714107871055603
843479,1,42.06695556640625,40.015682220458984,29.70789909362793,3.028726100921631,70.21903991699219,1.9441615343093872
843499,1,36.469093322753906,39.754512786865234,30.213132858276367,2.93113374710083,70.85626983642578,2.050520420074463
843519,1,23.460725784301758,37.338531494140625,29.142824172973633,2.5488240718841553,71.40557861328125,2.0088343620300293
843539,1,9.004646301269531,33.058128356933594,27.420127868652344,1.8102020025253296,71.88899230957031,1.7926104068756104
843559,1,-6.180475234985352,27.219867706298828,24.132049560546875,1.037746548652649,72.28449249267578,1.4844433069229126
843579,1,-21.249422073364258,19.975496292114258,19.43917465209961,0.23943325877189636,72.5262222290039,1.1205642223358154
843599,1,-27.56198501586914,11.78886604309082,12.439423561096191,-0.020990917459130287,72.57015228271484,0.7272710204124451
843619,1,-39.94364929199219,2.8731727600097656,4.124746799468994,-0.2769273519515991,72.41633605957031,0.40449386835098267
843639,1,-49.982757568359375,-6.154002666473389,-4.85217809677124,-0.3106534481048584,72.04280853271484,0.1917767971754074
843659,1,-56.7436408996582,-14.801360130310059,-13.836533546447754,-0.21549361944198608,71.53742980957031,-0.011395393870770931
843679,1,-59.85466766357422,-22.701019287109375,-16.612464904785156,-1.476362705230713,71.05401611328125,-0.12476697564125061
843699,1,-59.932621002197266,-29.44464874267578,-17.84298324584961,-3.0243823528289795,70.70245361328125,-0.7868787050247192
843719,1,-56.87672424316406,-34.636199951171875,-21.59930992126465,-3.477762460708618,70.13111877441406,-1.3408782482147217
843739,1,-50.04814147949219,-38.107269287109375,-25.83054542541504,-3.3235421180725098,69.47198486328125,-1.738067388534546
843759,1,-40.106475830078125,-39.42939758300781,-27.60641860961914,-3.2212982177734375,68.85671997070312,-1.922929048538208
843779,1,-28.182767868041992,-38.707496643066406,-31.022695541381836,-2.106616497039795,68.15359497070312,-1.8370243310928345
843799,1,-21.690542221069336,-36.06556701660156,-30.88553810119629,-1.5120280981063843,67.51636505126953,-1.622359275817871
843819,1,-5.541241645812988,-31.4028263092041,-28.771446228027344,-0.6717128753662109,66.989013671875,-1.2935431003570557
843839,1,8.651102066040039,-24.991432189941406,-23.88165283203125,-0.14613625407218933,66.65941619873047,-0.9162228107452393
843859,1,23.644933700561523,-17.558679580688477,-16.554241180419922,0.015962155535817146,66.52757263183594,-0.6203275918960571
843879,1,36.8277473449707,-8.9058198928833,-9.449522972106934,0.5070308446884155,66.5495376586914,-0.3370944559574127
843899,1,42.58168029785156,0.03491789847612381,0.9486013650894165,0.03810581937432289,66.85717010498047,-0.05210815742611885
843919,1,52.00434494018555,9.120065689086914,8.497774124145508,0.46919602155685425,67.20873260498047,0.144635871052742
843939,1,58.10946273803711,17.688796997070312,13.544462203979492,1.3380740880966187,67.714111328125,0.26443561911582947
843959,1,59.999176025390625,25.248035430908203,17.77105712890625,2.2439894676208496,68.15359497070312,0.634548008441925
843979,1,57.7811393737793,31.43507194519043,23.51806640625,2.3507368564605713,68.79081726074219,1.0196599960327148
843999,1,55.329917907714844,35.933616638183594,24.870492935180664,3.265712261199951,69.29620361328125,1.4287314414978027
844019,1,47.566917419433594,38.38990020751953,29.46487808227539,2.6948702335357666,70.02129364013672,1.646124005317688
844039,1,36.346256256103516,38.691001892089844,30.905366897583008,2.3274409770965576,70.70245361328125,1.7542352676391602
844059,1,22.7357177734375,37.077476501464844,29.352031707763672,2.2325143814086914,71.22979736328125,1.7690399885177612
844079,1,7.268111228942871,33.118404388427734,27.426027297973633,1.6018266677856445,71.71321105957031,1.6091128587722778
844099,1,-0.6116246581077576,27.541513442993164,23.811206817626953,1.1474175453186035,72.08673858642578,1.3502283096313477
844119,1,-16.322256088256836,20.213054656982422,18.477567672729492,0.49892866611480713,72.28449249267578,1.0397241115570068
844139,1,-31.125032424926758,11.754321098327637,11.38838005065918,0.03465502709150314,72.28449249267578,0.7331148386001587
844159,1,-43.62794494628906,2.746875524520874,4.264099597930908,-0.5460954308509827,72.1746597290039,0.4140392243862152
844179,1,-52.72156524658203,-6.494715213775635,-5.970376014709473,-0.2950831949710846,71.73517608642578,0.09924858063459396
844199,1,-56.15536117553711,-15.262510299682617,-18.28160285949707,0.7480570077896118,71.09794616699219,0.01723969168961048
844219,1,-59.734737396240234,-23.22403907775879,-14.176419258117676,-2.41394305229187,70.90019989013672,-0.36280712485313416
844239,1,-59.055389404296875,-29.80653953552246,-20.205930709838867,-2.6345090866088867,70.32892608642578,-0.93609219789505
844259,1,-54.11723327636719,-34.69365310668945,-23.882667541503906,-2.9846348762512207,69.73562622070312,-1.4121735095977783
844279,1,-44.99696350097656,-37.464359283447266,-27.294540405273438,-2.787743330001831,69.07643127441406,-1.6905373334884644
844299,1,-39.69038009643555,-38.22972106933594,-28.550189971923828,-2.770575523376465,68.48319244384766,-1.754819631576538
844319,1,-26.282522201538086,-36.62747573852539,-30.81441879272461,-1.6566998958587646,67.7800064086914,-1.6118394136428833
844339,1,-10.910198211669922,-32.86075973510742,-30.140501022338867,-0.684468686580658,67.186767578125,-1.3484752178192139
844359,1,5.810422420501709,-27.2729549407959,-26.0341854095459,-0.09343164414167404,66.79126739501953,-0.9514808654785156
844379,1,21.999813079833984,-20.00431251525879,-18.921953201293945,0.11135061085224152,66.61548614501953,-0.6271463632583618
844399,1,28.73726463317871,-11.628390312194824,-11.391876220703125,0.2700962424278259,66.59352111816406,-0.35365185141563416
844419,1,42.023109436035156,-2.406101703643799,-1.3743194341659546,0.14300087094306946,66.83519744873047,-0.03808305785059929
844439,1,51.915523529052734,6.915475845336914,5.36260461807251,0.8406051397323608,67.14282989501953,0.15320676565170288
844459,1,57.79171371459961,15.81999397277832,13.319192886352539,1.0122660398483276,67.714111328125,0.27378568053245544
844479,1,59.998226165771484,23.703569412231445,15.78891658782959,2.467008590698242,68.04370880126953,0.6596767902374268
844499,1,57.542640686035156,30.15580177307129,22.4023494720459,2.415982484817505,68.68093872070312,1.0669951438903809
844519,1,54.89588928222656,34.82089614868164,23.386856079101562,3.451735258102417,69.18631744384766,1.4774302244186401
844539,1,46.173736572265625,37.2750244140625,29.366838455200195,2.4835457801818848,69.95533752441406,1.6439813375473022
844559,1,34.04574203491211,37.434608459472656,31.22686195373535,1.9219207763671875,70.63650512695312,1.6663825511932373
844579,1,19.016860961914062,35.37529754638672,30.076828002929688,1.5297510623931885,71.20783233642578,1.5495046377182007
844599,1,2.0285747051239014,31.11736297607422,27.129776000976562,1.0129603147506714,71.6473159790039,1.3102957010269165
844619,1,-13.224454879760742,24.83445167541504,21.629169464111328,0.6925857067108154,71.93292236328125,1.066215991973877
844639,1,-21.843521118164062,17.11533546447754,14.806963920593262,0.5065598487854004,72.02084350585938,0.8314868211746216
844659,1,-36.48814392089844,8.235157012939453,8.169839859008789,-0.1778244972229004,71.97691345214844,0.5759142637252808
844679,1,-48.491634368896484,-1.0827453136444092,0.45014387369155884,-0.6724072694778442,71.80113220214844,0.2605397701263428
844699,1,-56.135223388671875,-10.388986587524414,-10.635030746459961,-0.1601502001285553,71.25181579589844,0.031849171966314316
844719,1,-59.666324615478516,-19.02517318725586,-12.632859230041504,-1.81658935546875,70.87823486328125,-0.16723185777664185
844739,1,-59.954349517822266,-26.424734115600586,-17.88334083557129,-2.396542549133301,70.39482116699219,-0.6758451461791992
844759,1,-56.89545440673828,-32.119728088378906,-20.824337005615234,-3.1651203632354736,69.91140747070312,-1.2041314840316772
844779,1,-49.088401794433594,-35.7125244140625,-25.289209365844727,-2.9359045028686523,69.27423095703125,-1.5812569856643677
844799,1,-37.28190231323242,-37.145965576171875,-26.363094329833984,-2.9827191829681396,68.7029037475586,-1.764948844909668
844819,1,-23.09381866455078,-35.970008850097656,-29.182126998901367,-1.8328443765640259,68.02174377441406,-1.6626814603805542
844839,1,-14.944790840148926,-32.7144775390625,-29.28636932373047,-0.9560489654541016,67.4284439086914,-1.4084724187850952
844859,1,2.1283843517303467,-27.085220336914062,-26.15774917602539,-0.08768052607774734,66.989013671875,-0.9972582459449768
844879,1,20.499080657958984,-19.91119956970215,-18.592721939086914,0.030540499836206436,66.813232421875,-0.6437037587165833
844899,1,35.98258972167969,-11.196657180786133,-10.808582305908203,0.3925479054450989,66.83519744873047,-0.37566450238227844
844919,1,41.998985290527344,-1.9641811847686768,-2.251053810119629,0.4972899854183197,67.010986328125,-0.023667355999350548
844939,1,52.63621520996094,7.551155090332031,6.893270492553711,0.6405513882637024,67.40647888183594,0.1948934942483902
844959,1,58.93582534790039,16.495044708251953,13.303132057189941,1.2036261558532715,67.9557876586914,0.1773616075515747
844979,1,59.69354248046875,24.307357788085938,15.506659507751465,2.6896309852600098,68.28538513183594,0.6364964246749878
844999,1,58.14299774169922,30.54644012451172,21.025854110717773,2.883284568786621,68.90070343017578,1.0985521078109741
845019,1,50.637969970703125,34.66067886352539,24.779142379760742,2.9659345149993896,69.47198486328125,1.4710021018981934
845039,1,38.97117233276367,36.588260650634766,28.447240829467773,2.40242600440979,70.17510986328125,1.6356052160263062
845059,1,24.115741729736328,35.87024688720703,29.589441299438477,1.7616710662841797,70.79031372070312,1.650604248046875
845079,1,16.478483200073242,32.87589645385742,28.226051330566406,1.352973461151123,71.33968353271484,1.4427570104599
845099,1,-0.8424476385116577,27.44969940185547,24.267019271850586,0.7880502939224243,71.71321105957031,1.1423810720443726
845119,1,-18.28065299987793,20.14177703857422,17.286394119262695,0.5493772625923157,71.86702728271484,0.8988862633705139
845139,1,-34.39198684692383,11.74462604522705,9.666552543640137,0.24048800766468048,71.84506225585938,0.6964932084083557
845159,1,-47.2906608581543,2.3110296726226807,3.394155502319336,-0.6592801809310913,71.75714111328125,0.3961177468299866
845179,1,-51.83237075805664,-7.1938018798828125,-8.48057746887207,0.08088572323322296,71.25181579589844,0.08191148936748505
845199,1,-58.39597702026367,-16.27083396911621,-13.217860221862793,-1.0204025506973267,70.8342514038086,-0.12145499140024185
845219,1,-59.86245346069336,-24.146896362304688,-16.164836883544922,-2.287576913833618,70.39482116699219,-0.505203366279602
845239,1,-55.98270797729492,-30.32135772705078,-20.933950424194336,-2.644484043121338,69.86747741699219,-1.01517915725708
845259,1,-46.949188232421875,-34.340396881103516,-23.882305145263672,-2.881460189819336,69.31816864013672,-1.4250309467315674
845279,1,-41.446739196777344,-36.00376892089844,-25.22412109375,-3.037224292755127,68.76885223388672,-1.6301510334014893
845299,1,-25.29067611694336,-34.94493103027344,-27.809593200683594,-1.942362904548645,68.1315689086914,-1.5908018350601196
845319,1,-8.018948554992676,-31.52893829345703,-28.395219802856445,-0.6967920660972595,67.56029510498047,-1.3451637029647827
845339,1,8.424439430236816,-25.866249084472656,-25.961637496948242,0.36224880814552307,67.0768814086914,-0.9133009314537048
845359,1,25.921619415283203,-18.248550415039062,-18.215991973876953,0.5478366613388062,66.94508361816406,-0.4744260907173157
845379,1,33.41624069213867,-9.394373893737793,-9.641295433044434,0.5818389654159546,66.989013671875,-0.15749220550060272
845399,1,46.66114044189453,0.2876961827278137,-0.9643968939781189,0.9249686002731323,67.23069763183594,0.17853036522865295
845419,1,56.33563232421875,9.84420394897461,15.13713550567627,-0.8512049317359924,67.9778060913086,0.0943787544965744
845439,1,59.86054992675781,18.66224479675293,11.511590957641602,2.3681867122650146,68.10960388183594,0.37897545099258423
845459,1,58.45035171508789,26.06914520263672,19.058788299560547,2.307729482650757,68.68093872070312,0.8422009348869324
845479,1,55.69591522216797,31.627395629882812,19.962556838989258,3.5750374794006348,69.09844970703125,1.3416574001312256
845499,1,45.46342849731445,34.74189376831055,26.311769485473633,2.645674228668213,69.82354736328125,1.5921653509140015
845519,1,31.48351287841797,35.244590759277344,28.625503540039062,2.0141499042510986,70.4826889038086,1.650409460067749
845539,1,16.14897346496582,33.162811279296875,28.73506736755371,1.2707974910736084,71.07598114013672,1.5222336053848267
845559,1,-2.326134204864502,28.627073287963867,26.586397171020508,0.4046635329723358,71.55939483642578,1.168678641319275
845579,1,-11.079329490661621,22.02640151977539,20.862930297851562,0.16155433654785156,71.8230972290039,0.8096694946289062
845599,1,-28.19634437561035,13.586943626403809,12.215036392211914,0.06186959147453308,71.8230972290039,0.541824996471405
845619,1,-43.05661392211914,4.131157875061035,4.151891708374023,-0.4129689335823059,71.66928100585938,0.28742170333862305
845639,1,-53.741180419921875,-5.416885852813721,-5.154661655426025,-0.48664772510528564,71.2957534790039,0.03632941097021103
845659,1,-59.39419937133789,-14.704557418823242,-12.519312858581543,-0.8871410489082336,70.74638366699219,-0.07411976903676987
845679,1,-59.999977111816406,-22.873912811279297,-15.813434600830078,-2.1405856609344482,70.39482116699219,-0.5203972458839417
845699,1,-57.10578536987305,-29.255765914916992,-19.77712631225586,-2.77142333984375,69.88944244384766,-1.0216073989868164
845719,1,-48.71747589111328,-33.317283630371094,-23.2125186920166,-2.894380807876587,69.31816864013672,-1.4209392070770264
845739,1,-35.38746643066406,-34.986900329589844,-24.422609329223633,-2.913149118423462,68.76885223388672,-1.6432021856307983
845759,1,-18.256616592407227,-33.78285598754883,-27.27519416809082,-1.676750898361206,68.1315689086914,-1.5588546991348267
845779,1,-9.99921989440918,-30.03468132019043,-27.61159896850586,-0.5960273146629333,67.56029510498047,-1.242896318435669
845799,1,8.849835395812988,-23.746112823486328,-24.579748153686523,0.5348736047744751,67.14282989501953,-0.7533732652664185
845819,1,26.682689666748047,-15.611381530761719,-16.477025985717773,0.7760952115058899,67.03295135498047,-0.30417391657829285
845839,1,42.11677169799805,-6.40987491607666,-5.995504379272461,0.585262656211853,67.23069763183594,0.09574230760335922
845859,1,52.53466033935547,3.4127390384674072,6.124109268188477,-0.042008813470602036,67.69214630126953,0.12652011215686798
845879,1,59.06028366088867,12.906990051269531,9.286709785461426,1.534082055091858,68.02174377441406,0.18788094818592072
845899,1,59.97272872924805,21.376340866088867,14.21321964263916,2.4401915073394775,68.43925476074219,0.6458464860916138
845919,1,57.610958099365234,28.103300094604492,17.338207244873047,3.3732945919036865,68.92266845703125,1.1447186470031738
845939,1,49.497684478759766,32.51427459716797,22.757905960083008,3.0787134170532227,69.49394989013672,1.5726855993270874
845959,1,36.334716796875,34.395965576171875,26.984025955200195,2.326324701309204,70.17510986328125,1.7154713869094849
845979,1,19.317222595214844,33.274391174316406,29.22113609313965,1.2142914533615112,70.8342514038086,1.5993727445602417
845999,1,10.223043441772461,29.716022491455078,27.86459732055664,0.5751768350601196,71.36164855957031,1.2263383865356445
846019,1,-8.974248886108398,23.474960327148438,22.65485191345215,0.040184784680604935,71.69124603271484,0.8053840398788452
846039,1,-27.629011154174805,15.272318840026855,13.899283409118652,-0.01093646977096796,71.71321105957031,0.5365656018257141
846059,1,-43.10282516479492,5.964025974273682,5.514214515686035,-0.3671393394470215,71.60338592529297,0.3166411817073822
846079,1,-54.206382751464844,-3.7672665119171143,-4.1774468421936035,-0.38720399141311646,71.20783233642578,0.05288732796907425
846099,1,-57.445892333984375,-13.276647567749023,-12.041497230529785,-0.6680569648742676,70.72441864013672,-0.11054658144712448
846119,1,-59.9617805480957,-21.70611572265625,-14.500136375427246,-2.2123453617095947,70.35089111328125,-0.4720880687236786
846139,1,-56.12491989135742,-28.238496780395508,-19.611909866333008,-2.550046443939209,69.82354736328125,-0.9709601998329163
846159,1,-46.51420593261719,-32.4123649597168,-23.027956008911133,-2.6686959266662598,69.27423095703125,-1.3500335216522217
846179,1,-31.896512985229492,-33.794925689697266,-23.381994247436523,-2.808309555053711,68.76885223388672,-1.5843735933303833
846199,1,-23.340171813964844,-32.48324966430664,-25.715349197387695,-1.8778047561645508,68.1755599975586,-1.5226231813430786
846219,1,-4.014766216278076,-28.127601623535156,-25.976661682128906,-0.4222058951854706,67.64820861816406,-1.2008200883865356
846239,1,15.172374725341797,-21.36368179321289,-23.759321212768555,1.0636614561080933,67.23069763183594,-0.6559757590293884
846259,1,33.195152282714844,-13.114456176757812,-15.191770553588867,1.2493308782577515,67.14282989501953,-0.09652148187160492
846279,1,47.516632080078125,-3.3967835903167725,-1.2154780626296997,0.21361488103866577,67.49440002441406,0.14405149221420288
846299,1,52.855262756347656,6.435938835144043,7.2998247146606445,0.38559114933013916,67.9557876586914,0.05678318813443184
846319,1,59.268253326416016,15.820869445800781,10.709762573242188,1.9698623418807983,68.241455078125,0.41092202067375183
846339,1,59.05291748046875,23.743545532226562,16.472808837890625,2.5086922645568848,68.74688720703125,0.862069845199585
846359,1,52.549686431884766,29.649198532104492,17.652128219604492,3.7174742221832275,69.12042236328125,1.4166542291641235
846379,1,41.300689697265625,32.9053840637207,22.557403564453125,3.211789846420288,69.71366119384766,1.7713775634765625
846399,1,25.09136390686035,33.046966552734375,27.24346923828125,1.8324048519134521,70.41678619384766,1.7976751327514648
846419,1,15.631353378295898,30.53511619567871,28.657859802246094,0.7268682718276978,71.05401611328125,1.482884407043457
846439,1,-5.800365447998047,25.09676170349121,25.20454216003418,-0.1388036459684372,71.4715347290039,0.9709606766700745
846459,1,-25.748546600341797,17.550161361694336,17.239187240600586,-0.29620322585105896,71.60338592529297,0.5872128009796143
846479,1,-41.90753173828125,8.231024742126465,8.05456829071045,-0.47621214389801025,71.49349975585938,0.2952134311199188
846499,1,-48.57646942138672,-1.6116704940795898,-1.4887034893035889,-0.4540506899356842,71.16384887695312,0.048796672374010086
846519,1,-57.40479278564453,-11.431280136108398,-12.508330345153809,-0.10316654294729233,70.61453247070312,-0.0860026553273201
846539,1,-59.93657302856445,-20.154237747192383,-12.724580764770508,-2.2900238037109375,70.35089111328125,-0.4118959903717041
846559,1,-55.6507682800293,-27.059934616088867,-18.857221603393555,-2.4227263927459717,69.80158233642578,-0.9020029306411743
846579,1,-45.02387619018555,-31.35879135131836,-22.52197265625,-2.4712588787078857,69.25221252441406,-1.2748428583145142
846599,1,-37.49323654174805,-32.984275817871094,-22.57491683959961,-2.8978018760681152,68.76885223388672,-1.4848328828811646
846619,1,-19.983240127563477,-31.37204933166504,-24.100414276123047,-1.9093844890594482,68.21949005126953,-1.4743140935897827
846639,1,-1.7499983310699463,-26.802980422973633,-23.178335189819336,-0.7656425833702087,67.7800064086914,-1.2312088012695312
846659,1,17.196374893188477,-19.66257667541504,-21.44253921508789,0.9046404957771301,67.40647888183594,-0.7175308465957642
846679,1,35.66005325317383,-10.841819763183594,-14.936817169189453,1.812607765197754,67.2526626586914,-0.011784980073571205
846699,1,49.6374397277832,-1.1238268613815308,5.577984809875488,-0.9777535200119019,67.91185760498047,0.07879480719566345
846719,1,58.025997161865234,8.834012985229492,3.017576217651367,2.2786777019500732,67.93382263183594,0.2276192307472229
846739,1,59.8726692199707,17.97505760192871,11.074997901916504,2.4753403663635254,68.46121978759766,0.5876023769378662
846759,1,58.5267219543457,25.417612075805664,15.750801086425781,3.1961965560913086,68.92266845703125,1.1024479866027832
846779,1,50.52275085449219,30.357257843017578,19.34870719909668,3.5145297050476074,69.4060287475586,1.5855424404144287
846799,1,34.92827606201172,32.53624725341797,23.00873374938965,2.9801619052886963,69.95533752441406,1.8890345096588135
846819,1,17.62040901184082,31.547677993774414,27.3406982421875,1.370915412902832,70.61453247070312,1.8189079761505127
846839,1,-3.333117723464966,27.59457015991211,28.2634220123291,-0.26080572605133057,71.22979736328125,1.3050358295440674
846859,1,-14.728381156921387,20.903932571411133,22.430253982543945,-0.6211410164833069,71.51546478271484,0.6962984204292297
846879,1,-33.6009521484375,12.058128356933594,11.949487686157227,-0.420304536819458,71.44956970214844,0.3205370306968689
846899,1,-48.79387664794922,2.3791675567626953,1.5959177017211914,-0.33552584052085876,71.16384887695312,0.09009330719709396
846919,1,-58.07635498046875,-7.71872615814209,-8.699357032775879,-0.25565105676651,70.72441864013672,-0.08561307191848755
846939,1,-59.7405891418457,-17.03520393371582,-10.997885704040527,-1.96446692943573,70.37285614013672,-0.3183937966823578
846959,1,-57.96355056762695,-24.6053466796875,-16.609291076660156,-2.4457058906555176,69.88944244384766,-0.7913589477539062
846979,1,-49.065460205078125,-29.64109230041504,-20.998149871826172,-2.5004501342773438,69.34013366699219,-1.1704312562942505
846999,1,-34.22672653198242,-31.902013778686523,-23.25333595275879,-2.3088161945343018,68.76885223388672,-1.347501277923584
847019,1,-14.85246467590332,-30.786575317382812,-23.874181747436523,-1.6199612617492676,68.26342010498047,-1.3461376428604126
847039,1,-4.50406551361084,-26.728015899658203,-21.452661514282227,-1.1933314800262451,67.91185760498047,-1.1992616653442383
847059,1,17.082157135009766,-19.67390251159668,-18.43918228149414,0.1215190514922142,67.6262435913086,-0.861290693283081
847079,1,35.5040283203125,-10.715211868286133,-14.441450119018555,1.6789857149124146,67.4284439086914,-0.27281174063682556
847099,1,50.47525405883789,-0.9461910128593445,0.7022916078567505,0.42658284306526184,67.8239974975586,0.15340155363082886
847119,1,58.738155364990234,9.176395416259766,6.275548458099365,1.491811752319336,68.241455078125,0.10294964909553528
847139,1,59.95390319824219,18.297897338867188,11.082111358642578,2.555187463760376,68.59307098388672,0.5365656018257141
847159,1,56.957611083984375,25.50391387939453,14.581144332885742,3.5119612216949463,69.01053619384766,1.1250444650650024
847179,1,46.56032180786133,29.993778228759766,19.064022064208984,3.4244346618652344,69.51591491699219,1.5904122591018677
847199,1,29.945589065551758,31.605953216552734,21.852415084838867,2.950746774673462,70.04325866699219,1.8742297887802124
847219,1,9.246920585632324,29.531286239624023,24.67803192138672,1.417102336883545,70.59256744384766,1.812479853630066
847239,1,-10.5612154006958,24.53327178955078,25.549081802368164,-0.4242870807647705,71.11991882324219,1.279322624206543
847259,1,-20.11625099182129,17.091245651245117,19.21648597717285,-0.8067677617073059,71.36164855957031,0.6324052810668945
847279,1,-38.931209564208984,7.6378173828125,7.42952823638916,-0.41870078444480896,71.16384887695312,0.17599806189537048
847299,1,-52.556339263916016,-2.5474507808685303,-1.2245579957962036,-0.9035722017288208,70.90019989013672,-0.11931226402521133
847319,1,-59.44224548339844,-12.310856819152832,-13.684322357177734,-0.07114803791046143,70.19707489013672,-0.12476697564125061
847339,1,-58.41747283935547,-20.862531661987305,-12.295095443725586,-2.6083316802978516,70.04325866699219,-0.5180597305297852
847359,1,-54.929805755615234,-27.275699615478516,-18.31572723388672,-2.6765387058258057,69.49394989013672,-1.0009592771530151
847379,1,-41.16938018798828,-30.608930587768555,-22.30531883239746,-2.309546947479248,68.92266845703125,-1.2407536506652832
847399,1,-24.371118545532227,-30.53891944885254,-24.881885528564453,-1.3996899127960205,68.32931518554688,-1.2140659093856812
847419,1,-1.0845407247543335,-27.467735290527344,-22.493186950683594,-0.8930060267448425,67.93382263183594,-1.0911500453948975
847439,1,10.189164161682129,-21.410451889038086,-17.933475494384766,-0.4800449013710022,67.714111328125,-0.8554468750953674
847459,1,30.672462463378906,-12.749576568603516,-12.829081535339355,0.6848066449165344,67.6042251586914,-0.4812438488006592
847479,1,47.52395248413086,-2.7346389293670654,-5.6987833976745605,1.6516679525375366,67.67018127441406,0.149310901761055
847499,1,57.61173629760742,7.454588890075684,13.19582462310791,-0.7491952776908875,68.57110595703125,0.0032140854746103287
847519,1,59.7609977722168,16.79328727722168,10.664804458618164,2.2799081802368164,68.65897369384766,0.37196290493011475
847539,1,57.75779342651367,24.355491638183594,13.377026557922363,3.54909610748291,69.01053619384766,1.0003749132156372
847559,1,48.011192321777344,29.115890502929688,19.223796844482422,3.1699087619781494,69.55984497070312,1.4708073139190674
847579,1,33.12841033935547,30.54242706298828,21.576082229614258,2.7781314849853516,70.08718872070312,1.6919009685516357
847599,1,12.750722885131836,28.541566848754883,22.986669540405273,1.6334072351455688,70.59256744384766,1.6663825511932373
847619,1,-7.780559539794922,23.2008113861084,22.437198638916016,0.09620925039052963,71.03205108642578,1.2545839548110962
847639,1,-28.864864349365234,15.693317413330078,17.254486083984375,-0.8313971757888794,71.25181579589844,0.7077912092208862
847659,1,-46.17701721191406,6.017814636230469,7.103298664093018,-0.9129014015197754,71.11991882324219,0.16801154613494873
847679,1,-52.70246887207031,-4.181395053863525,-3.1051747798919678,-0.8337279558181763,70.74638366699219,-0.14288273453712463
847699,1,-59.55099868774414,-14.031843185424805,-12.378045082092285,-0.8803424835205078,70.1091537475586,-0.2336583286523819
847719,1,-58.035400390625,-22.189041137695312,-13.703869819641113,-2.6236636638641357,69.86747741699219,-0.6573392748832703
847739,1,-49.41873550415039,-27.71751594543457,-18.820755004882812,-2.612037181854248,69.31816864013672,-1.1006948947906494
847759,1,-33.187870025634766,-30.295581817626953,-23.097118377685547,-1.924099326133728,68.72492218017578,-1.2596485614776611
847779,1,-11.140179634094238,-29.152992248535156,-24.911577224731445,-0.799587070941925,68.15359497070312,-1.1063438653945923
847799,1,-0.6097943186759949,-24.697050094604492,-21.2059326171875,-0.5537869930267334,67.8239974975586,-0.8702511787414551
847819,1,21.62563705444336,-17.179162979125977,-14.541959762573242,-0.07007333636283875,67.73607635498047,-0.6041597723960876
847839,1,41.06794738769531,-7.672618865966797,-8.364357948303223,1.009246826171875,67.73607635498047,-0.23852814733982086
847859,1,53.61276626586914,2.7424910068511963,4.9139404296875,0.3182739019393921,68.15359497070312,0.12087111920118332
847879,1,59.82062530517578,12.69054126739502,10.957797050476074,1.1694835424423218,68.65897369384766,0.033602308481931686
847899,1,56.87187957763672,21.13654136657715,12.290958404541016,2.932194948196411,68.94463348388672,0.6148738861083984
847919,1,51.53557586669922,27.1064395904541,17.111019134521484,3.2177038192749023,69.4060287475586,1.232377052307129
847939,1,36.04951477050781,29.699251174926758,21.585718154907227,2.518575668334961,69.97736358642578,1.515026330947876
847959,1,15.04454517364502,29.0404109954834,23.01805877685547,1.6828831434249878,70.46072387695312,1.5828148126602173
847979,1,-7.9859538078308105,24.456876754760742,22.611116409301758,0.2562219798564911,70.92216491699219,1.2777643203735352
847999,1,-29.15645408630371,16.997575759887695,17.510318756103516,-0.6632452607154846,71.11991882324219,0.764087438583374
848019,1,-38.07803726196289,7.622424602508545,8.765824317932129,-0.8440319299697876,71.05401611328125,0.2695002555847168
848039,1,-52.773338317871094,-2.8074069023132324,-2.1926510334014893,-0.8095664978027344,70.70245361328125,-0.13587018847465515
848059,1,-59.69731521606445,-12.82171630859375,-13.644166946411133,-0.29441332817077637,69.99932861328125,-0.12690970301628113
848079,1,-57.343711853027344,-21.219600677490234,-12.413932800292969,-2.7292160987854004,69.82354736328125,-0.5552657246589661
848099,1,-46.18383026123047,-26.879009246826172,-18.287353515625,-2.4925084114074707,69.27423095703125,-1.05258047580719
848119,1,-37.97412872314453,-29.450031280517578,-21.940414428710938,-2.158191442489624,68.72492218017578,-1.2347149848937988
848139,1,-17.198911666870117,-28.10689353942871,-25.473533630371094,-0.5314103960990906,68.08763885498047,-1.0046603679656982
848159,1,6.7877960205078125,-23.182178497314453,-21.840871810913086,0.19519120454788208,67.75804138183594,-0.6733128428459167
848179,1,29.37744903564453,-15.499907493591309,-13.904349327087402,0.4232702851295471,67.714111328125,-0.37196239829063416
848199,1,47.894142150878906,-5.848394870758057,-6.182896614074707,1.116774320602417,67.8020248413086,0.015291761606931686
848219,1,53.71554946899414,4.551753044128418,11.860602378845215,-1.063102126121521,68.50515747070312,0.027953309938311577
848239,1,59.88444900512695,14.43359375,11.029187202453613,1.6493135690689087,68.72492218017578,0.19508828222751617
848259,1,56.602821350097656,22.371665954589844,12.63631534576416,3.2423899173736572,69.01053619384766,0.8129814863204956
848279,1,43.7625617980957,27.456710815429688,18.30265998840332,2.9175751209259033,69.53787994384766,1.3395147323608398
848299,1,25.19268035888672,28.87484359741211,21.417694091796875,2.214838743209839,70.04325866699219,1.5502837896347046
848319,1,4.022192001342773,26.429723739624023,23.126056671142578,0.825282096862793,70.57060241699219,1.4244459867477417
848339,1,-8.071287155151367,21.000404357910156,20.890844345092773,-0.13759411871433258,70.94412994384766,0.9629741907119751
848359,1,-31.125024795532227,12.441131591796875,13.133382797241211,-0.682027280330658,70.98806762695312,0.46546509861946106
848379,1,-48.7020378112793,2.3045687675476074,1.966463565826416,-0.592841386795044,70.74638366699219,-0.009252670221030712
848399,1,-58.688663482666016,-8.033141136169434,-12.159090042114258,0.4635525345802307,70.1091537475586,-0.05931549891829491
848419,1,-58.918846130371094,-17.344257354736328,-12.397485733032227,-1.743636965751648,69.84551239013672,-0.2626824975013733
848439,1,-55.253265380859375,-24.465944290161133,-15.664005279541016,-2.6941773891448975,69.45001220703125,-0.7728525996208191
848459,1,-41.2446174621582,-28.168838500976562,-18.28712272644043,-2.7856929302215576,68.98857116699219,-1.1708208322525024
848479,1,-18.625686645507812,-28.315319061279297,-24.177406311035156,-0.9328898787498474,68.3513412475586,-1.1904959678649902
848499,1,5.551149368286133,-24.423229217529297,-24.189767837524414,0.5138339400291443,67.8239974975586,-0.7898005843162537
848519,1,27.845298767089844,-17.110340118408203,-16.574071884155273,0.7593110203742981,67.714111328125,-0.3754696846008301
848539,1,37.73542022705078,-7.842899799346924,-7.661855697631836,0.8646436929702759,67.8239974975586,0.07256142795085907
848559,1,53.10823440551758,2.6697728633880615,10.377923965454102,-1.1061429977416992,68.54914093017578,-0.021914217621088028
848579,1,59.96178436279297,12.727579116821289,10.127033233642578,1.5359418392181396,68.72492218017578,0.2139837145805359
848599,1,54.88211441040039,21.088756561279297,11.97244930267334,3.1085522174835205,68.98857116699219,0.8090851306915283
848619,1,48.23595428466797,26.58198356628418,17.34317398071289,3.0918471813201904,69.49394989013672,1.334060549736023
848639,1,29.84292984008789,28.309234619140625,19.914764404296875,2.633376121520996,69.95533752441406,1.6135931015014648
848659,1,5.983715057373047,26.50237274169922,22.5981388092041,1.1083554029464722,70.4826889038086,1.5832043886184692
848679,1,-19.220796585083008,20.553409576416016,22.063438415527344,-0.7333217859268188,70.94412994384766,1.060956597328186
848699,1,-30.616167068481445,12.054987907409668,13.858449935913086,-0.91384357213974,70.98806762695312,0.4422847330570221
848719,1,-48.72166442871094,1.6815110445022583,0.6727303266525269,-0.3583017885684967,70.63650512695312,-0.026005886495113373
848739,1,-59.349185943603516,-8.576838493347168,-11.630701065063477,0.21269454061985016,70.04325866699219,-0.07723696529865265
848759,1,-57.552146911621094,-17.792476654052734,-11.78066349029541,-1.960564136505127,69.77955627441406,-0.3100177049636841
848779,1,-53.12942886352539,-24.499563217163086,-15.936086654663086,-2.568155288696289,69.36209869384766,-0.8003194332122803
848799,1,-36.46502685546875,-27.43882179260254,-16.56934356689453,-2.9576032161712646,68.98857116699219,-1.2191306352615356
848819,1,-13.368587493896484,-26.541627883911133,-22.053804397583008,-0.9621250033378601,68.39527130126953,-1.2269233465194702
848839,1,13.402846336364746,-21.929553985595703,-23.079185485839844,0.9959294199943542,67.889892578125,-0.7592170834541321
848859,1,25.231626510620117,-14.187285423278809,-15.038870811462402,1.0398107767105103,67.8020248413086,-0.1980101764202118
848879,1,45.643577575683594,-4.0779805183410645,-0.1487414836883545,-0.011192957870662212,68.19752502441406,0.09924858063459396
848899,1,57.67439270019531,6.533553123474121,5.59649133682251,1.195802092552185,68.59307098388672,0.0020453270990401506
848919,1,59.368106842041016,16.076539993286133,9.41445541381836,2.6083836555480957,68.90070343017578,0.47559434175491333
848939,1,51.63301086425781,23.26987075805664,13.806289672851562,3.2127323150634766,69.29620361328125,1.0870593786239624
848959,1,34.14564895629883,27.071657180786133,17.592782974243164,2.954359292984009,69.7575912475586,1.5068445205688477
848979,1,22.712116241455078,27.061058044433594,18.096858978271484,2.780550479888916,70.13111877441406,1.7002769708633423
848999,1,-2.6466236114501953,22.71515464782715,20.64295196533203,0.6075886487960815,70.63650512695312,1.4803521633148193
849019,1,-27.430747985839844,15.013955116271973,18.307388305664062,-1.222113847732544,70.94412994384766,0.8098642826080322
849039,1,-47.308006286621094,5.307466506958008,7.743805885314941,-1.2902171611785889,70.81228637695312,0.117170050740242
849059,1,-58.62666320800781,-5.269476890563965,-7.567816257476807,-0.014062099158763885,70.17510986328125,-0.03204447031021118
849079,1,-58.95671844482422,-15.07581615447998,-13.951842308044434,-0.6989805698394775,69.71366119384766,-0.19216638803482056
849099,1,-55.59760665893555,-22.650226593017578,-14.268853187561035,-2.523535966873169,69.45001220703125,-0.6269515752792358
849119,1,-41.15868377685547,-26.672590255737305,-15.444644927978516,-3.066699266433716,69.0544662475586,-1.1030323505401611
849139,1,-18.773683547973633,-26.573081970214844,-17.622024536132812,-2.215545892715454,68.65897369384766,-1.3515918254852295
849159,1,7.630788803100586,-22.606990814208984,-21.673980712890625,0.3066183626651764,68.08763885498047,-1.0231667757034302
849179,1,30.24951934814453,-15.17404556274414,-18.31108283996582,1.7628467082977295,67.8020248413086,-0.36280712485313416
849199,1,49.78318786621094,-5.176809787750244,-2.532148838043213,0.47530102729797363,68.15359497070312,0.11580649763345718
849219,1,55.50001907348633,5.4322004318237305,4.992791175842285,1.0421758890151978,68.61503601074219,-0.04938105493783951
849239,1,59.917724609375,15.257802963256836,9.365668296813965,2.4240782260894775,68.92266845703125,0.42825913429260254
849259,1,52.7261962890625,22.58417510986328,13.454300880432129,3.146160125732422,69.27423095703125,1.0260881185531616
849279,1,35.15703201293945,26.463027954101562,16.869503021240234,3.0013606548309326,69.73562622070312,1.464379072189331
849299,1,13.044886589050293,26.20888328552246,16.522829055786133,2.7664966583251953,70.06522369384766,1.7306652069091797
849319,1,-13.786031723022461,21.737152099609375,18.196922302246094,0.8035479784011841,70.4826889038086,1.5995675325393677
849339,1,-25.64708137512207,13.956645965576172,17.438264846801758,-1.1613924503326416,70.8342514038086,0.9101847410202026
849359,1,-46.62651062011719,3.7219810485839844,7.345371723175049,-1.5377837419509888,70.72441864013672,0.09048289805650711
849379,1,-58.40901184082031,-6.9706549644470215,-8.672933578491211,-0.08667618781328201,69.99932861328125,0.038277849555015564
849399,1,-58.568111419677734,-16.419130325317383,-17.35710334777832,-0.13753172755241394,69.49394989013672,-0.2223593145608902
849419,1,-46.96553039550781,-23.25005531311035,-13.839957237243652,-2.5905327796936035,69.31816864013672,-0.6680529117584229
849439,1,-37.55202102661133,-26.484464645385742,-14.805347442626953,-3.132580041885376,68.94463348388672,-1.1377060413360596
849459,1,-11.15877914428711,-25.164697647094727,-17.38995933532715,-1.7779569625854492,68.54914093017578,-1.3278270959854126
849479,1,13.720620155334473,-19.602998733520508,-19.04754638671875,0.47546058893203735,68.08763885498047,-0.9290796518325806
849499,1,37.98384475708008,-11.138456344604492,-14.881697654724121,2.014775037765503,67.889892578125,-0.24534590542316437
849519,1,54.48667526245117,-0.6569671034812927,6.006777763366699,-0.6032898426055908,68.57110595703125,0.04197891801595688
849539,1,58.7797737121582,9.82433795928955,7.856026649475098,1.4492698907852173,68.83475494384766,0.08892454952001572
849559,1,58.07902908325195,18.732643127441406,9.70404052734375,3.2253832817077637,69.12042236328125,0.6801300644874573
849579,1,45.20115661621094,24.39777946472168,15.543781280517578,2.9681479930877686,69.60377502441406,1.222442626953125
849599,1,22.910795211791992,26.110910415649414,16.0482177734375,2.960684299468994,69.97736358642578,1.5869059562683105
849619,1,-4.473771095275879,23.167644500732422,14.375407218933105,2.317655086517334,70.19707489013672,1.7628066539764404
849639,1,-17.21077537536621,16.71681785583496,15.961886405944824,0.1649976670742035,70.54863739013672,1.4353549480438232
849659,1,-42.65852355957031,7.193211078643799,12.807604789733887,-1.9492902755737305,70.74638366699219,0.5928617715835571
849679,1,-56.27421188354492,-3.5901851654052734,-7.450257301330566,0.4297749102115631,70.08718872070312,-0.04295288398861885
849699,1,-59.59809112548828,-13.639801979064941,-5.7732343673706055,-2.4901206493377686,69.88944244384766,-0.17853087186813354
849719,1,-50.704551696777344,-21.31980323791504,-15.64350700378418,-1.6260370016098022,69.18631744384766,-0.5106576085090637
849739,1,-41.56930923461914,-25.61334228515625,-14.632590293884277,-2.947383403778076,68.96660614013672,-0.9618049263954163
849759,1,-17.81829071044922,-25.247722625732422,-15.757065773010254,-2.2754368782043457,68.63700866699219,-1.2748428583145142
849779,1,10.147902488708496,-20.475648880004883,-16.78213882446289,-0.3693678379058838,68.26342010498047,-1.0806312561035156
849799,1,37.540802001953125,-12.534269332885742,-14.345705032348633,1.5062963962554932,68.04370880126953,-0.5268259048461914
849819,1,54.10789489746094,-2.2037646770477295,-2.903323173522949,1.4033968448638916,68.241455078125,0.12301383912563324
849839,1,58.35039520263672,8.483543395996094,8.952906608581543,0.8242046236991882,68.94463348388672,-0.009837049059569836
849859,1,58.34050750732422,17.663387298583984,9.959575653076172,2.8662798404693604,69.16435241699219,0.5163071155548096
849879,1,45.649845123291016,23.587472915649414,14.618847846984863,2.981926202774048,69.60377502441406,1.07907235622406
849899,1,22.893630981445312,25.523197174072266,16.295671463012695,2.6902284622192383,69.99932861328125,1.4386664628982544
849919,1,-5.159343719482422,22.5986328125,14.439967155456543,2.0621001720428467,70.24100494384766,1.5964508056640625
849939,1,-18.836837768554688,16.020315170288086,13.491257667541504,0.5390548706054688,70.4826889038086,1.3367875814437866
849959,1,-43.054752349853516,6.218540191650391,9.875365257263184,-1.447520136833191,70.59256744384766,0.6493527889251709
849979,1,-57.34197998046875,-4.644297122955322,-5.935788154602051,-0.2852626442909241,70.08718872070312,-0.04626436531543732
849999,1,-58.98553466796875,-14.545673370361328,-11.550528526306152,-1.176734447479248,69.55984497070312,-0.04723833128809929
850019,1,-46.538787841796875,-21.822803497314453,-15.2845458984375,-1.7716792821884155,69.14238739013672,-0.4504660367965698
850039,1,-35.23842239379883,-25.227676391601562,-14.765457153320312,-2.6958670616149902,68.8786849975586,-0.9109634160995483
850059,1,-8.539539337158203,-23.791702270507812,-14.714422225952148,-1.989870309829712,68.57110595703125,-1.1762760877609253
850079,1,20.55339241027832,-18.185897827148438,-13.617945671081543,-0.43437063694000244,68.3513412475586,-1.0582294464111328
850099,1,44.52667236328125,-9.215353012084961,-10.650961875915527,1.4611051082611084,68.21949005126953,-0.5079305171966553
850119,1,52.45216751098633,1.422630786895752,1.3688026666641235,1.0872421264648438,68.5271224975586,0.09807982295751572
850139,1,59.986473083496094,11.886017799377441,9.235255241394043,1.612903118133545,69.09844970703125,0.1516484171152115
850159,1,53.706233978271484,19.981584548950195,11.807098388671875,2.8798985481262207,69.4060287475586,0.6472100615501404
850179,1,34.67756271362305,24.554018020629883,16.615646362304688,2.479823112487793,69.86747741699219,1.1583541631698608
850199,1,7.12656307220459,24.524654388427734,15.241409301757812,2.41222882270813,70.15314483642578,1.4281470775604248
850219,1,-19.2130126953125,19.608488082885742,13.167322158813477,1.365775465965271,70.35089111328125,1.456392526626587
850239,1,-31.403182983398438,11.192885398864746,10.357115745544434,-0.12016911804676056,70.4826889038086,1.061930537223816
850259,1,-51.4774055480957,0.5216823220252991,4.630940914154053,-1.6897932291030884,70.41678619384766,0.3585216999053955
850279,1,-59.94752502441406,-10.102174758911133,-14.613179206848145,0.6230295896530151,69.62580108642578,-0.05912070721387863
850299,1,-54.02952575683594,-18.776554107666016,-12.142205238342285,-1.9944913387298584,69.38406372070312,-0.18515384197235107
850319,1,-34.31968688964844,-23.786865234375,-13.765227317810059,-2.493664503097534,69.01053619384766,-0.6528590321540833
850339,1,-22.405839920043945,-24.348928451538086,-14.964934349060059,-2.2690446376800537,68.65897369384766,-1.0194646120071411
850359,1,6.750854015350342,-19.891502380371094,-12.578729629516602,-1.358061671257019,68.46121978759766,-1.0790728330612183
850379,1,34.398292541503906,-11.569700241088867,-9.699670791625977,0.4088406562805176,68.32931518554688,-0.7609702348709106
850399,1,53.56589126586914,-1.0060516595840454,-4.234508037567139,1.973287582397461,68.39527130126953,-0.11210492253303528
850419,1,59.95806121826172,9.57528305053711,15.443089485168457,-0.5919973850250244,69.31816864013672,0.0532769151031971
850439,1,57.64547348022461,18.44662094116211,10.753284454345703,2.80795955657959,69.36209869384766,0.44189512729644775
850459,1,42.5031852722168,23.537214279174805,14.565254211425781,2.879141330718994,69.7575912475586,0.986934244632721
850479,1,16.502613067626953,24.105697631835938,15.6561861038208,2.3345019817352295,70.13111877441406,1.3095165491104126
850499,1,-12.857123374938965,20.12586784362793,12.856828689575195,1.6452170610427856,70.3069076538086,1.4209396839141846
850519,1,-39.589656829833984,11.914400100708008,9.366862297058105,0.0989653617143631,70.39482116699219,1.1542634963989258
850539,1,-49.586463928222656,1.4478693008422852,4.749353885650635,-1.4531538486480713,70.35089111328125,0.5065669417381287
850559,1,-59.719051361083984,-9.379145622253418,-11.109942436218262,-0.17164669930934906,69.73562622070312,-0.08775579184293747
850579,1,-56.0587158203125,-18.135799407958984,-12.019028663635254,-1.9178712368011475,69.31816864013672,-0.09866420179605484
850599,1,-38.65144729614258,-23.0015926361084,-13.7073335647583,-2.406043291091919,68.98857116699219,-0.5503959059715271
850619,1,-14.329639434814453,-22.967117309570312,-14.068254470825195,-1.9742177724838257,68.7029037475586,-0.9156384468078613
850639,1,18.451839447021484,-18.595468521118164,-12.151350021362305,-0.8683881759643555,68.50515747070312,-1.0031020641326904
850659,1,31.914447784423828,-10.357589721679688,-8.308063507080078,0.3133157789707184,68.43925476074219,-0.6688320636749268
850679,1,53.09389877319336,0.4130488336086273,-2.3778092861175537,1.8482719659805298,68.54914093017578,-0.021719425916671753
850699,1,59.993228912353516,10.976142883300781,12.538846969604492,0.544883131980896,69.34013366699219,0.10976740717887878
850719,1,51.65506362915039,19.296072006225586,11.646307945251465,2.7168514728546143,69.51591491699219,0.574161171913147
850739,1,32.326988220214844,23.637235641479492,15.314099311828613,2.5532212257385254,69.95533752441406,1.1100454330444336
850759,1,2.5643231868743896,22.980709075927734,14.839470863342285,2.0379252433776855,70.26296997070312,1.348085641860962
850779,1,-12.021188735961914,17.630525588989258,11.97981071472168,1.3311262130737305,70.41678619384766,1.3036723136901855
850799,1,-41.3399772644043,8.373934745788574,8.24231243133545,-0.5171869397163391,70.46072387695312,0.88447105884552
850819,1,-56.67407989501953,-2.619312047958374,2.1277215480804443,-1.967706322669983,70.32892608642578,0.1545703113079071
850839,1,-58.92024612426758,-12.8026704788208,-19.775876998901367,1.3413649797439575,69.31816864013672,-0.023082977160811424
850859,1,-45.993377685546875,-20.178421020507812,-15.297440528869629,-1.3856878280639648,69.16435241699219,-0.2757341265678406
850879,1,-34.15534591674805,-23.519229888916016,-13.931131362915039,-2.4835286140441895,68.94463348388672,-0.7592170834541321
850899,1,-5.466437339782715,-21.46543312072754,-12.762303352355957,-1.8645824193954468,68.72492218017578,-1.029594898223877
850919,1,22.39179801940918,-14.690730094909668,-9.395463943481445,-0.6547130346298218,68.61503601074219,-0.9563506841659546
850939,1,47.307373046875,-4.749259948730469,-5.755579948425293,1.3016421794891357,68.61503601074219,-0.4818282127380371
850959,1,59.444862365722656,5.936655521392822,8.202921867370605,0.49702104926109314,69.12042236328125,0.034771066159009933
850979,1,55.616878509521484,15.477251052856445,11.51343822479248,1.80623459815979,69.53787994384766,0.26540958881378174
850999,1,38.92426300048828,21.471134185791016,13.966551780700684,2.392110824584961,69.86747741699219,0.8086955547332764
851019,1,25.838403701782227,23.155101776123047,14.944633483886719,2.4353933334350586,70.17510986328125,1.1647827625274658
851039,1,-5.439652919769287,19.260480880737305,12.464950561523438,1.6094883680343628,70.37285614013672,1.2434806823730469
851059,1,-34.63182830810547,11.129417419433594,8.250630378723145,0.21418748795986176,70.41678619384766,1.0081666707992554
851079,1,-54.69107437133789,0.6790651082992554,3.5016446113586426,-1.5146338939666748,70.35089111328125,0.4378044903278351
851099,1,-59.615943908691406,-9.987472534179688,-11.637569427490234,-0.263571172952652,69.7575912475586,-0.11385805904865265
851119,1,-55.66056442260742,-18.53631591796875,-13.670539855957031,-1.6562837362289429,69.31816864013672,-0.14892131090164185
851139,1,-36.756385803222656,-22.727081298828125,-13.357120513916016,-2.4870409965515137,69.0544662475586,-0.6002638936042786
851159,1,-6.581340789794922,-21.604890823364258,-12.98890209197998,-1.846801996231079,68.81278991699219,-0.9466110467910767
851179,1,24.371152877807617,-16.133607864379883,-10.017232894897461,-0.7929762601852417,68.68093872070312,-0.9976478219032288
851199,1,48.97903823852539,-6.485668182373047,-6.1493964195251465,0.9966498613357544,68.68093872070312,-0.5971472263336182
851219,1,59.700199127197266,4.481861114501953,3.294482946395874,1.4315378665924072,68.96660614013672,0.05522484332323074
851239,1,58.94232940673828,14.419121742248535,12.675058364868164,1.2883496284484863,69.60377502441406,0.19606225192546844
851259,1,44.50544357299805,20.86949920654297,13.387040138244629,2.4796383380889893,69.86747741699219,0.7027266025543213
851279,1,17.281694412231445,22.591936111450195,15.043130874633789,2.036851406097412,70.21903991699219,1.1092658042907715
851299,1,-14.820417404174805,18.95043182373047,13.039254188537598,1.1143497228622437,70.43875122070312,1.1793923377990723
851319,1,-29.8837947845459,11.125456809997559,8.938213348388672,0.05786523595452309,70.50470733642578,0.8827179074287415
851339,1,-52.55564498901367,0.3310811221599579,3.493943214416504,-1.646852970123291,70.41678619384766,0.2770971655845642
851359,1,-59.925514221191406,-10.402567863464355,-16.057861328125,0.7444682717323303,69.5818099975586,-0.08814537525177002
851379,1,-51.04359817504883,-18.462621688842773,-13.958605766296387,-1.548901915550232,69.29620361328125,-0.27592891454696655
851399,1,-23.332677841186523,-22.52718162536621,-14.0532808303833,-2.0745930671691895,69.03250122070312,-0.7738275527954102
851419,1,-8.9724760055542,-21.049348831176758,-11.505794525146484,-2.2849292755126953,68.85671997070312,-1.0833582878112793
851439,1,25.947040557861328,-14.325763702392578,-8.959417343139648,-0.7222009897232056,68.74688720703125,-1.0506325960159302
851459,1,48.9292106628418,-4.152762413024902,-5.249241352081299,1.225832223892212,68.74688720703125,-0.5579928159713745
851479,1,59.90925979614258,6.753764629364014,5.981180191040039,1.1996073722839355,69.14238739013672,0.07723645865917206
851499,1,52.369449615478516,16.066383361816406,13.004875183105469,1.3885104656219482,69.73562622070312,0.24826779961585999
851519,1,43.280635833740234,21.619260787963867,13.351676940917969,2.597835063934326,69.97736358642578,0.7642822265625
851539,1,14.633085250854492,21.613420486450195,14.242730140686035,1.9044791460037231,70.2849349975586,1.0880333185195923
851559,1,-18.322500228881836,16.2922306060791,10.890246391296387,0.9109964966773987,70.41678619384766,1.08004629611969
851579,1,-46.070533752441406,7.1503729820251465,6.170778274536133,-0.6043074727058411,70.41678619384766,0.718894898891449
851599,1,-59.51480484008789,-3.775110960006714,0.2704079747200012,-2.0399677753448486,70.26296997070312,-0.01626521907746792
851619,1,-59.3957405090332,-13.8655366897583,-19.482769012451172,0.7994301915168762,69.25221252441406,-0.11677995324134827
851639,1,-46.09108352661133,-20.411876678466797,-12.547163009643555,-2.396744728088379,69.2302474975586,-0.4144282937049866
851659,1,-17.8323917388916,-21.691261291503906,-12.747702598571777,-2.219179630279541,68.96660614013672,-0.8647969365119934
851679,1,15.484330177307129,-18.033926010131836,-10.87237548828125,-1.2789177894592285,68.79081726074219,-1.061346173286438
851699,1,44.01002502441406,-9.537934303283691,-7.358007431030273,0.3759850859642029,68.74688720703125,-0.8065528273582458
851719,1,53.56096267700195,1.2486763000488281,-1.8199307918548584,1.757283091545105,68.83475494384766,-0.1393764615058899
851739,1,59.71441650390625,11.805889129638672,16.403942108154297,-0.3852572739124298,69.71366119384766,0.10704030096530914
851759,1,46.62372589111328,19.073856353759766,11.296643257141113,2.507676362991333,69.77955627441406,0.49059391021728516
851779,1,19.011627197265625,21.562429428100586,12.777802467346191,2.286013126373291,70.08718872070312,0.981869101524353
851799,1,-15.65689468383789,18.370529174804688,12.279572486877441,1.0332233905792236,70.35089111328125,1.1055647134780884
851819,1,-30.54876136779785,10.518441200256348,8.14945125579834,-0.013079668395221233,70.39482116699219,0.825253427028656
851839,1,-53.71803283691406,-0.35592198371887207,2.6758017539978027,-1.732885718345642,70.3069076538086,0.23950211703777313
851859,1,-59.646480560302734,-10.968887329101562,-17.20072364807129,0.8167715072631836,69.47198486328125,-0.08580785989761353
851879,1,-48.57919692993164,-18.620439529418945,-12.848841667175293,-1.9396263360977173,69.27423095703125,-0.34839245676994324
851899,1,-21.048349380493164,-21.519412994384766,-13.339009284973145,-2.0797390937805176,69.01053619384766,-0.8127861618995667
851919,1,13.043129920959473,-18.403736114501953,-11.076789855957031,-1.351407766342163,68.83475494384766,-1.02511465549469
851939,1,28.91716194152832,-10.908360481262207,-7.44248628616333,-0.2680424153804779,68.79081726074219,-0.8336300849914551
851959,1,53.0386962890625,-0.12118130922317505,-2.6610260009765625,1.617079734802246,68.8786849975586,-0.2883956730365753
851979,1,59.7314338684082,10.563036918640137,14.635875701904297,-0.19899260997772217,69.62580108642578,0.05873112007975578
851999,1,46.415531158447266,18.511274337768555,11.591116905212402,2.2634265422821045,69.82354736328125,0.4590369164943695
852019,1,16.543561935424805,21.465980529785156,12.934557914733887,2.138479232788086,70.1091537475586,0.9277161359786987
852039,1,-2.1844255924224854,18.79149627685547,12.098681449890137,1.4648860692977905,70.32892608642578,1.0929031372070312
852059,1,-35.19784927368164,10.804000854492188,7.9687933921813965,-0.008737740106880665,70.35089111328125,0.852914571762085
852079,1,-56.416465759277344,0.4126172363758087,3.203315019607544,-1.7456854581832886,70.2849349975586,0.29560303688049316
852099,1,-58.01014709472656,-10.314325332641602,-15.601093292236328,0.5736246109008789,69.51591491699219,-0.09905379265546799
852119,1,-41.92190933227539,-18.069442749023438,-13.685990333557129,-1.4239227771759033,69.20828247070312,-0.2924863398075104
852139,1,-26.35870933532715,-20.91212272644043,-12.50595760345459,-2.2526252269744873,69.01053619384766,-0.7262970805168152
852159,1,8.585905075073242,-17.626224517822266,-10.114399909973145,-1.494705080986023,68.8786849975586,-0.9514808654785156
852179,1,40.74538803100586,-9.691398620605469,-6.580581188201904,0.08562379330396652,68.83475494384766,-0.8100590705871582
852199,1,58.60249328613281,1.0942187309265137,-1.8602006435394287,1.8511717319488525,68.92266845703125,-0.23638541996479034
852219,1,59.915184020996094,11.667135238647461,17.089305877685547,-0.5654205679893494,69.7575912475586,0.07684687525033951
852239,1,45.524314880371094,18.860763549804688,11.94600772857666,2.2570078372955322,69.84551239013672,0.4514400064945221
852259,1,18.608312606811523,20.553363800048828,12.200572967529297,2.180851697921753,70.1091537475586,0.8889517784118652
852279,1,-17.67690658569336,16.753698348999023,10.635299682617188,1.0281591415405273,70.2849349975586,1.0416721105575562
852299,1,-46.19306945800781,7.879548072814941,6.467831611633301,-0.5646593570709229,70.2849349975586,0.745776355266571
852319,1,-55.48563766479492,-2.9729504585266113,0.7986128926277161,-1.9430900812149048,70.15314483642578,0.020551174879074097
852339,1,-58.60935592651367,-13.169108390808105,-19.047882080078125,0.8068562746047974,69.16435241699219,-0.1592453420162201
852359,1,-40.7876091003418,-19.407560348510742,-11.589598655700684,-2.3498682975769043,69.16435241699219,-0.44111597537994385
852379,1,-8.173327445983887,-20.28596305847168,-11.696479797363281,-2.0021395683288574,68.92266845703125,-0.9070675373077393
852399,1,27.66054916381836,-15.177278518676758,-9.400026321411133,-0.7416803240776062,68.81278991699219,-0.9715445637702942
852419,1,51.71577453613281,-5.646172523498535,-5.418880462646484,0.985340416431427,68.81278991699219,-0.5764991641044617
852439,1,58.844173431396484,5.430136680603027,2.809678792953491,1.7010160684585571,69.07643127441406,0.08775579184293747
852459,1,54.827938079833984,14.860674858093262,13.566747665405273,1.0025243759155273,69.77955627441406,0.20891858637332916
852479,1,30.535181045532227,20.01759910583496,12.06139087677002,2.2495265007019043,69.9333724975586,0.6775977611541748
852499,1,-5.147632598876953,19.132888793945312,11.90046215057373,1.4603163003921509,70.17510986328125,1.0128421783447266
852519,1,-36.23173522949219,12.573134422302246,8.036680221557617,0.3324719965457916,70.24100494384766,0.913301408290863
852539,1,-48.20364761352539,2.372537851333618,3.8379056453704834,-1.268143892288208,70.21903991699219,0.4239736795425415
852559,1,-59.994327545166016,-8.680203437805176,-9.701032638549805,-0.6870142817497253,69.71366119384766,-0.1454150378704071
852579,1,-49.92359924316406,-16.97599220275879,-14.30687141418457,-1.1965235471725464,69.18631744384766,-0.22372286021709442
852599,1,-21.300392150878906,-20.410451889038086,-12.002033233642578,-2.161095142364502,69.03250122070312,-0.7058432698249817
852619,1,15.534357070922852,-17.604576110839844,-10.189370155334473,-1.3207058906555176,68.8786849975586,-0.96355801820755
852639,1,32.192161560058594,-9.713852882385254,-6.275710105895996,-0.19753724336624146,68.85671997070312,-0.7820088863372803
852659,1,55.88154983520508,1.4129934310913086,-1.5493401288986206,1.781713843345642,68.94463348388672,-0.2095029652118683
852679,1,58.231529235839844,11.823223114013672,17.248624801635742,-0.6089009046554565,69.80158233642578,0.08346983790397644
852699,1,38.53886795043945,18.499305725097656,11.368549346923828,2.1679909229278564,69.86747741699219,0.45260876417160034
852719,1,4.231113433837891,19.449565887451172,11.639588356018066,1.7413350343704224,70.1091537475586,0.8910945057868958
852739,1,-14.162549018859863,14.610979080200195,8.572197914123535,1.1296137571334839,70.19707489013672,0.9514808654785156
852759,1,-46.117977142333984,4.753066539764404,4.979542255401611,-0.9595904350280762,70.19707489013672,0.5640318989753723
852779,1,-59.994815826416016,-6.2821431159973145,-3.5627589225769043,-1.7522822618484497,69.91140747070312,-0.14872652292251587
852799,1,-48.609989166259766,-15.351943016052246,-14.140915870666504,-0.8324823975563049,69.18631744384766,-0.21125610172748566
852819,1,-35.49540710449219,-19.897611618041992,-10.884078979492188,-2.6433095932006836,69.07643127441406,-0.6339641213417053
852839,1,-0.022134415805339813,-17.781959533691406,-9.90954875946045,-1.783721685409546,68.8786849975586,-0.9366766214370728
852859,1,36.113067626953125,-10.040766716003418,-6.504780292510986,-0.13391970098018646,68.83475494384766,-0.8186299800872803
852879,1,57.504127502441406,0.41614967584609985,-2.255340337753296,1.7451938390731812,68.90070343017578,-0.30495309829711914
852899,1,56.091060638427734,10.928956031799316,15.396119117736816,-0.38557717204093933,69.64776611328125,0.05483525991439819
852919,1,47.34352493286133,18.126283645629883,11.586069107055664,2.194300889968872,69.82354736328125,0.4009875953197479
852939,1,15.909805297851562,19.122520446777344,11.40949535369873,1.949916124343872,70.04325866699219,0.8047996759414673
852959,1,-22.1090030670166,13.808696746826172,7.983911037445068,0.8764986395835876,70.1091537475586,0.8811595439910889
852979,1,-51.05313491821289,4.342806816101074,4.321202754974365,-1.0272295475006104,70.08718872070312,0.537344753742218
852999,1,-59.746849060058594,-6.681868553161621,-4.253963470458984,-1.685255765914917,69.82354736328125,-0.15515469014644623
853019,1,-45.97129440307617,-15.56159782409668,-13.87633991241455,-0.9277377724647522,69.12042236328125,-0.22274890542030334
853039,1,-32.943458557128906,-19.600751876831055,-10.4945707321167,-2.6589581966400146,69.01053619384766,-0.6725331544876099
853059,1,4.349658966064453,-16.816665649414062,-9.353913307189941,-1.6347784996032715,68.83475494384766,-0.9392089247703552
853079,1,39.8465461730957,-8.495067596435547,-6.141879081726074,0.21000505983829498,68.81278991699219,-0.7578535079956055
853099,1,58.88491439819336,2.2959818840026855,-1.3479859828948975,2.0024752616882324,68.92266845703125,-0.12398730218410492
853119,1,53.837806701660156,12.426963806152344,17.123550415039062,-0.5582598447799683,69.80158233642578,0.1477525532245636
853139,1,42.336246490478516,18.63288116455078,11.033272743225098,2.3702430725097656,69.82354736328125,0.4689713716506958
853159,1,8.062828063964844,18.206750869750977,10.52139949798584,1.8057210445404053,70.02129364013672,0.8186304569244385
853179,1,-29.972131729125977,11.610696792602539,6.965388298034668,0.44064560532569885,70.06522369384766,0.7989558577537537
853199,1,-55.395870208740234,1.4331409931182861,3.257187604904175,-1.5841279029846191,70.04325866699219,0.3458601236343384
853219,1,-57.91935348510742,-9.364619255065918,-12.83385944366455,-0.04499568045139313,69.4060287475586,-0.12671491503715515
853239,1,-49.543304443359375,-17.21894073486328,-12.299773216247559,-1.8793693780899048,69.0544662475586,-0.3600800335407257
853259,1,-18.384273529052734,-18.87441062927246,-10.533568382263184,-2.2293667793273926,68.92266845703125,-0.7868787050247192
853279,1,20.864728927612305,-13.909805297851562,-8.206329345703125,-0.9275344610214233,68.81278991699219,-0.9099894165992737
853299,1,51.27561569213867,-4.751323223114014,-4.402468681335449,0.8919817209243774,68.83475494384766,-0.5936409831047058
853319,1,59.45914077758789,6.283080577850342,3.670611619949341,1.6700034141540527,69.09844970703125,0.0935995802283287
853339,1,54.27188491821289,15.335687637329102,13.37137508392334,1.1447429656982422,69.77955627441406,0.2245025485754013
853359,1,27.202388763427734,18.778810501098633,10.852339744567871,2.1824982166290283,69.91140747070312,0.6415610909461975
853379,1,-12.571784973144531,15.443943977355957,8.995675086975098,1.1377519369125366,70.04325866699219,0.8453176617622375
853399,1,-46.61444854736328,6.887159824371338,5.473349571228027,-0.6705088019371033,70.04325866699219,0.6236395835876465
853419,1,-59.998680114746094,-4.2092156410217285,-0.7054259777069092,-2.0668928623199463,69.88944244384766,-0.12437688559293747
853439,1,-56.98270797729492,-13.981081008911133,-13.98237133026123,-0.8034963011741638,69.09844970703125,-0.2502157390117645
853459,1,-33.370887756347656,-18.667442321777344,-10.08812141418457,-2.5588347911834717,69.01053619384766,-0.6059129238128662
853479,1,1.5724557638168335,-16.585926055908203,-8.89533519744873,-1.7730127573013306,68.83475494384766,-0.9092102646827698
853499,1,38.906463623046875,-8.587383270263672,-5.647913455963135,0.01792210154235363,68.81278991699219,-0.7783077955245972
853519,1,58.86762619018555,2.1726837158203125,-1.3913496732711792,1.955651879310608,68.90070343017578,-0.20190604031085968
853539,1,54.52245330810547,12.346861839294434,17.4149112701416,-0.6497589945793152,69.7575912475586,0.11132574826478958
853559,1,26.926189422607422,17.75880241394043,10.956543922424316,1.8102306127548218,69.80158233642578,0.44734933972358704
853579,1,7.471028804779053,17.22059440612793,10.154866218566895,1.6181355714797974,69.95533752441406,0.7403221726417542
853599,1,-34.65625,9.910268783569336,6.488739490509033,-0.005483326036483049,69.97736358642578,0.648573637008667
853619,1,-56.872047424316406,-1.067104458808899,2.5204107761383057,-2.1227903366088867,69.91140747070312,0.04626436531543732
853639,1,-56.12965393066406,-11.434494018554688,-15.647078514099121,0.22535228729248047,69.01053619384766,-0.25839704275131226
853659,1,-33.033775329589844,-17.783523559570312,-10.276749610900879,-2.2988319396972656,69.01053619384766,-0.555460512638092
853679,1,5.906156063079834,-17.1866455078125,-10.118110656738281,-1.5094966888427734,68.81278991699219,-0.9368714094161987
853699,1,40.90140914916992,-10.486984252929688,-6.807748794555664,-0.10893849283456802,68.79081726074219,-0.8445384502410889
853719,1,54.271995544433594,0.1005266085267067,-2.72334361076355,1.6698344945907593,68.85671997070312,-0.3143031597137451
853739,1,56.9139289855957,10.729687690734863,15.072118759155273,-0.3720514178276062,69.62580108642578,0.06418532878160477
853759,1,34.24770736694336,17.560771942138672,11.013426780700684,1.8800512552261353,69.77955627441406,0.42436325550079346
853779,1,-6.761968612670898,17.803829193115234,10.506564140319824,1.327297568321228,69.95533752441406,0.7919433116912842
853799,1,-26.201515197753906,11.152595520019531,6.690621852874756,0.4276893436908722,69.99932861328125,0.7383742332458496
853819,1,-54.688602447509766,0.18246720731258392,2.40190052986145,-1.7163375616073608,69.9333724975586,0.2396969050168991
853839,1,-57.89777374267578,-10.507091522216797,-17.608388900756836,0.9087745547294617,69.09844970703125,-0.0959371030330658
853859,1,-34.252830505371094,-17.196508407592773,-11.270492553710938,-1.8773080110549927,69.01053619384766,-0.42144086956977844
853879,1,6.669894218444824,-16.79845428466797,-9.625757217407227,-1.4744623899459839,68.8786849975586,-0.8085007667541504
853899,1,25.595462799072266,-10.404273986816406,-6.40773868560791,-0.48338186740875244,68.83475494384766,-0.7588275074958801
853919,1,55.520809173583984,0.3360842168331146,-2.412034273147583,1.7242240905761719,68.92266845703125,-0.26657834649086
853939,1,57.45405197143555,10.878830909729004,16.152427673339844,-0.5753401517868042,69.69169616699219,0.05016022548079491
853959,1,32.43059539794922,17.379281997680664,11.047505378723145,1.8234800100326538,69.80158233642578,0.4157923758029938
853979,1,-9.175627708435059,16.858762741088867,9.678468704223633,1.2993204593658447,69.95533752441406,0.768957257270813
853999,1,-28.245986938476562,9.983062744140625,6.30016565322876,0.22297506034374237,69.97736358642578,0.6690269112586975
854019,1,-55.94830322265625,-1.0885921716690063,1.843494176864624,-1.9072829484939575,69.88944244384766,0.0867813229560852
854039,1,-56.28181457519531,-11.413118362426758,-17.332780838012695,0.683750569820404,68.98857116699219,-0.19703622162342072
854059,1,-28.771522521972656,-17.3891658782959,-10.428506851196289,-2.040454864501953,68.98857116699219,-0.49741166830062866
854079,1,12.584320068359375,-15.82410717010498,-9.028650283813477,-1.282448172569275,68.85671997070312,-0.843369722366333
854099,1,32.559776306152344,-8.41572093963623,-5.5758585929870605,-0.06980415433645248,68.83475494384766,-0.7064276337623596
854119,1,57.66674041748047,2.816751003265381,-0.8808144927024841,1.996419906616211,68.96660614013672,-0.043537262827157974
854139,1,55.86676025390625,12.783729553222656,15.119081497192383,0.1205141544342041,69.80158233642578,0.24924176931381226
854159,1,27.003450393676758,17.260997772216797,9.703948974609375,2.087702989578247,69.82354736328125,0.518839418888092
854179,1,-15.827350616455078,14.936263084411621,8.524078369140625,1.0431408882141113,69.95533752441406,0.8067476153373718
854199,1,-50.58684158325195,6.418452739715576,5.196150779724121,-0.8291414976119995,69.95533752441406,0.5453312397003174
854219,1,-59.70197296142578,-4.815840244293213,-2.0257883071899414,-1.892875075340271,69.7575912475586,-0.15593387186527252
854239,1,-54.51820755004883,-14.178828239440918,-12.912083625793457,-1.1092939376831055,69.0544662475586,-0.22508743405342102
854259,1,-23.902769088745117,-17.41168785095215,-9.056951522827148,-2.35395884513855,68.96660614013672,-0.6248088479042053
854279,1,19.12614631652832,-13.348855972290039,-7.452130317687988,-0.9928426742553711,68.85671997070312,-0.8110330700874329
854299,1,52.35486602783203,-3.955441474914551,-3.9282848834991455,1.0243853330612183,68.8786849975586,-0.5161117911338806
854319,1,58.19313049316406,7.1719207763671875,5.680817604064941,1.365004539489746,69.2302474975586,0.11639087647199631
854339,1,49.90336990356445,15.483089447021484,12.72355842590332,1.2959342002868652,69.77955627441406,0.2673575282096863
854359,1,14.339677810668945,16.926467895507812,9.446989059448242,1.85709810256958,69.86747741699219,0.6096140146255493
854379,1,-29.4061222076416,11.358574867248535,6.835062503814697,0.3550138473510742,69.9333724975586,0.675844669342041
854399,1,-56.875518798828125,1.2422282695770264,2.892857074737549,-1.640818476676941,69.88944244384766,0.24554069340229034
854419,1,-56.46406936645508,-9.561958312988281,-16.081514358520508,0.7648784518241882,69.09844970703125,-0.08191200345754623
854439,1,-27.146236419677734,-16.289783477783203,-10.832620620727539,-1.6119037866592407,69.01053619384766,-0.3949489891529083
854459,1,-7.616086006164551,-16.049264907836914,-8.546661376953125,-1.8926653861999512,68.90070343017578,-0.7716838121414185
854479,1,35.47563552856445,-8.336775779724121,-5.64005184173584,0.06073407456278801,68.8786849975586,-0.6598716378211975
854499,1,58.849021911621094,2.8017160892486572,-0.6886751055717468,1.9926023483276367,68.98857116699219,-0.02035587467253208
854519,1,51.257381439208984,12.66309642791748,14.780823707580566,0.09485841542482376,69.80158233642578,0.2642408311367035
854539,1,15.871511459350586,17.007375717163086,9.893935203552246,1.7441412210464478,69.82354736328125,0.5426041483879089
854559,1,-6.237312316894531,14.301427841186523,8.685627937316895,1.0633527040481567,69.9333724975586,0.7192845344543457
854579,1,-45.370033264160156,4.855342864990234,4.937221527099609,-1.049188256263733,69.91140747070312,0.3920271098613739
854599,1,-59.89323806762695,-6.391185760498047,-7.3135786056518555,-0.8983408808708191,69.49394989013672,-0.149310901761055
854619,1,-41.96720886230469,-14.7675142288208,-11.419787406921387,-1.3983533382415771,69.01053619384766,-0.328913152217865
854639,1,0.5632196068763733,-16.129716873168945,-8.562097549438477,-1.6906479597091675,68.92266845703125,-0.736815869808197
854659,1,38.884769439697266,-10.42422103881836,-6.203749656677246,-0.2115049511194229,68.85671997070312,-0.7672035694122314
854679,1,52.24446105957031,0.02468675561249256,-2.404036045074463,1.5992627143859863,68.92266845703125,-0.2749549448490143
854699,1,58.288780212402344,10.698097229003906,15.76241397857666,-0.46528464555740356,69.69169616699219,0.05600401759147644
854719,1,31.624042510986328,16.334291458129883,10.780477523803711,1.6465892791748047,69.80158233642578,0.37585878372192383
854739,1,-13.026666641235352,15.224924087524414,8.949050903320312,1.0213778018951416,69.91140747070312,0.7087651491165161
854759,1,-49.982765197753906,6.623030185699463,5.405035018920898,-0.8633269667625427,69.91140747070312,0.49507415294647217
854779,1,-58.77302932739258,-4.63185453414917,-2.840698480606079,-1.6452058553695679,69.66973114013672,-0.1598297357559204
854799,1,-50.695919036865234,-13.671887397766113,-12.438311576843262,-1.0536261796951294,69.03250122070312,-0.20346438884735107
854819,1,-14.566068649291992,-16.132888793945312,-8.507125854492188,-2.0063023567199707,68.96660614013672,-0.6086400151252747
854839,1,30.451658248901367,-11.471872329711914,-6.588080406188965,-0.5234606862068176,68.90070343017578,-0.769151508808136
854859,1,57.95426559448242,-1.0978575944900513,-2.71163010597229,1.545985460281372,68.94463348388672,-0.33164024353027344
854879,1,53.319026947021484,9.713364601135254,12.896932601928711,-0.03499322012066841,69.5818099975586,0.08113232254981995
854899,1,40.62472915649414,16.182266235351562,10.817748069763184,1.8045318126678467,69.80158233642578,0.3594956398010254
854919,1,-2.070150375366211,14.695367813110352,7.934084892272949,1.403948187828064,69.88944244384766,0.6458464860916138
854939,1,-43.56809616088867,6.235077857971191,4.70139741897583,-0.6303824782371521,69.88944244384766,0.4660494923591614
854959,1,-59.97771453857422,-5.0711846351623535,-3.2337565422058105,-1.6774827241897583,69.64776611328125,-0.16645269095897675
854979,1,-44.40913009643555,-13.811144828796387,-12.58461856842041,-0.9151787757873535,69.01053619384766,-0.2208009660243988
854999,1,-2.5133774280548096,-16.10524559020996,-8.963075637817383,-1.6170017719268799,68.94463348388672,-0.6419506669044495
855019,1,38.81454849243164,-10.68746280670166,-6.150012969970703,-0.26627376675605774,68.90070343017578,-0.7114923000335693
855039,1,52.525447845458984,-0.16385270655155182,-2.334760904312134,1.5599603652954102,68.96660614013672,-0.2589814066886902
855059,1,57.50598907470703,10.487627029418945,15.750749588012695,-0.5169703960418701,69.73562622070312,0.05464046448469162
855079,1,28.08068084716797,15.731121063232422,10.155807495117188,1.6049034595489502,69.82354736328125,0.3807286024093628
855099,1,-18.177824020385742,13.513928413391113,7.409987449645996,0.9145337343215942,69.88944244384766,0.6774029731750488
855119,1,-54.3526496887207,4.603446006774902,4.243374347686768,-1.1443153619766235,69.88944244384766,0.40702617168426514
855139,1,-59.99905776977539,-6.620804309844971,-7.084671974182129,-1.0343987941741943,69.51591491699219,-0.1613880693912506
855159,1,-41.423316955566406,-14.388348579406738,-12.150278091430664,-1.1062819957733154,69.01053619384766,-0.26677313446998596
855179,1,3.237294912338257,-15.576844215393066,-8.378835678100586,-1.5342273712158203,68.94463348388672,-0.6694164872169495
855199,1,45.69220733642578,-8.635169982910156,-5.370771884918213,0.17713631689548492,68.92266845703125,-0.639613151550293
855219,1,59.972381591796875,2.5103485584259033,-0.5364111065864563,1.9293477535247803,69.03250122070312,-0.020940253511071205
855239,1,53.643192291259766,12.32414436340332,14.686480522155762,0.11138671636581421,69.82354736328125,0.26599398255348206
855259,1,16.93551254272461,15.575550079345703,9.48154354095459,1.5282824039459229,69.82354736328125,0.4239736795425415
855279,1,-30.80278968811035,11.63377857208252,6.507332801818848,0.43585753440856934,69.86747741699219,0.6275354623794556
855299,1,-58.54863739013672,1.1632750034332275,3.078927993774414,-1.7821781635284424,69.84551239013672,0.2063862830400467
855319,1,-59.15770721435547,-9.72952651977539,-16.49250602722168,0.7553528547286987,68.98857116699219,-0.11463723331689835
855339,1,-33.595333099365234,-15.415136337280273,-9.464540481567383,-1.9480926990509033,68.98857116699219,-0.41540226340293884
855359,1,14.854205131530762,-13.321440696716309,-7.232436656951904,-1.1024422645568848,68.92266845703125,-0.7144141793251038
855379,1,52.63826370239258,-4.689688682556152,-3.79630970954895,0.8447166681289673,68.92266845703125,-0.5128003358840942
855399,1,57.544769287109375,6.545635223388672,4.9052228927612305,1.4215154647827148,69.2302474975586,0.11366377770900726
855419,1,28.5491886138916,14.13818073272705,12.342082023620605,0.6045039892196655,69.80158233642578,0.22060668468475342
855439,1,3.7827227115631104,14.3936128616333,8.145133972167969,1.3388258218765259,69.82354736328125,0.48474961519241333
855459,1,-42.027591705322266,6.66778564453125,4.609601020812988,-0.5243144035339355,69.82354736328125,0.39319586753845215
855479,1,-59.94620895385742,-4.379579544067383,-4.010299205780029,-1.3477816581726074,69.55984497070312,-0.15710262954235077
855499,1,-37.97397232055664,-13.292969703674316,-11.623062133789062,-0.9444060325622559,68.98857116699219,-0.23307394981384277
855519,1,4.3807501792907715,-15.090278625488281,-7.763439178466797,-1.5868498086929321,68.94463348388672,-0.6546121835708618
855539,1,29.844200134277344,-9.137615203857422,-5.539914131164551,-0.29769521951675415,68.90070343017578,-0.6972723603248596
855559,1,58.67012405395508,1.863691806793213,-1.4914227724075317,1.9473767280578613,68.98857116699219,-0.12846805155277252
855579,1,47.906578063964844,11.692705154418945,15.715665817260742,-0.46989530324935913,69.82354736328125,0.19197160005569458
855599,1,5.350162982940674,15.190262794494629,9.432951927185059,1.151140809059143,69.82354736328125,0.41131162643432617
855619,1,-38.03376770019531,10.361927032470703,6.327722072601318,-0.04597478732466698,69.84551239013672,0.4956585168838501
855639,1,-52.45980453491211,-0.0420113168656826,1.9360347986221313,-1.7177678346633911,69.7575912475586,-0.02678505890071392
855659,1,-56.79804229736328,-10.596406936645508,-13.001323699951172,-0.36786940693855286,68.98857116699219,-0.2823570966720581
855679,1,-22.582138061523438,-15.48996639251709,-9.446428298950195,-1.8027198314666748,68.96660614013672,-0.5126055479049683
855699,1,25.682727813720703,-12.098480224609375,-6.404294967651367,-0.8622956871986389,68.90070343017578,-0.7473347187042236
855719,1,57.517616271972656,-2.3018887042999268,-2.803816795349121,1.2117860317230225,68.92266845703125,-0.44345349073410034
855739,1,53.09852600097656,8.570764541625977,8.650714874267578,0.7695503830909729,69.36209869384766,0.10976740717887878
855759,1,36.92302322387695,14.813157081604004,11.370229721069336,1.1741971969604492,69.77955627441406,0.23950211703777313
855779,1,-12.105782508850098,12.079316139221191,7.233266830444336,0.6167246103286743,69.80158233642578,0.38345569372177124
855799,1,-51.898372650146484,2.6004576683044434,3.2543158531188965,-1.4750487804412842,69.77955627441406,0.0616530142724514
855819,1,-57.012123107910156,-8.150434494018555,-14.444478988647461,0.5409177541732788,68.94463348388672,-0.16703706979751587
855839,1,-22.941898345947266,-14.574564933776855,-8.879637718200684,-1.7773524522781372,68.96660614013672,-0.5009179711341858
855859,1,1.4035850763320923,-13.338330268859863,-6.878800868988037,-1.6177350282669067,68.90070343017578,-0.7876578569412231
855879,1,46.7678337097168,-4.055222988128662,-4.02235221862793,0.8209819793701172,68.90070343017578,-0.523904025554657
855899,1,58.906429290771484,7.124328136444092,4.733341217041016,1.5460166931152344,69.20828247070312,0.12184508144855499
855919,1,30.369779586791992,14.29428768157959,12.61535930633545,0.521792471408844,69.77955627441406,0.21748998761177063
855939,1,-21.060100555419922,13.228960990905762,8.139082908630371,0.39496102929115295,69.80158233642578,0.372936874628067
855959,1,-41.52089309692383,4.699713706970215,4.299313545227051,-1.054673671722412,69.77955627441406,0.13431183993816376
855979,1,-59.90556716918945,-6.726658344268799,-14.928350448608398,0.8958799839019775,68.98857116699219,-0.08054845035076141
855999,1,-35.66051483154297,-13.806893348693848,-8.661749839782715,-1.9513295888900757,68.98857116699219,-0.40390947461128235
856019,1,14.992655754089355,-13.04885482788086,-7.165737152099609,-1.1809293031692505,68.90070343017578,-0.7894110083580017
856039,1,54.3907585144043,-4.500865459442139,-4.083850860595703,0.8795393705368042,68.90070343017578,-0.555655300617218
856059,1,59.982398986816406,6.806671142578125,3.911433696746826,1.6896933317184448,69.16435241699219,0.11736484616994858
856079,1,39.95411682128906,14.058635711669922,11.960121154785156,0.8404665589332581,69.77955627441406,0.19898414611816406
856099,1,-9.639808654785156,12.797154426574707,7.56845760345459,0.6947798132896423,69.80158233642578,0.3972865045070648
856119,1,-52.104942321777344,4.314620494842529,4.373396873474121,-1.4046542644500732,69.77955627441406,0.18924449384212494
856139,1,-56.7630615234375,-6.789355278015137,-15.152104377746582,1.002506136894226,69.01053619384766,-0.07489944994449615
856159,1,-23.618755340576172,-13.81595516204834,-9.020442962646484,-1.588138461112976,68.98857116699219,-0.3918323218822479
856179,1,0.9415431022644043,-12.815633773803711,-6.247049808502197,-1.6773369312286377,68.92266845703125,-0.7270762324333191
856199,1,46.740997314453125,-3.6649398803710938,-3.4517288208007812,0.753755509853363,68.92266845703125,-0.4987752139568329
856219,1,58.539146423339844,7.433103084564209,5.128944396972656,1.4983103275299072,69.2302474975586,0.12009194493293762
856239,1,22.332275390625,14.117775917053223,12.130837440490723,0.42705172300338745,69.80158233642578,0.25859183073043823
856259,1,-5.0812811851501465,12.506897926330566,7.715480804443359,0.6883602142333984,69.80158233642578,0.34605494141578674
856279,1,-51.97180938720703,2.9243662357330322,3.384946584701538,-1.497896671295166,69.7575912475586,-0.00808391161262989
856299,1,-57.313812255859375,-8.109225273132324,-12.656513214111328,0.0295745600014925,68.98857116699219,-0.2024904191493988
856319,1,-22.278867721557617,-14.377063751220703,-8.635076522827148,-1.8279989957809448,68.96660614013672,-0.5196180939674377
856339,1,31.755006790161133,-11.608028411865234,-6.376585483551025,-0.6881443858146667,68.92266845703125,-0.7469451427459717
856359,1,49.64187240600586,-1.7250070571899414,-2.7850358486175537,1.1122372150421143,68.94463348388672,-0.38871562480926514
856379,1,55.651885986328125,9.093019485473633,9.61422061920166,0.6420897245407104,69.45001220703125,0.08970372378826141
856399,1,21.16315460205078,13.68663215637207,10.959104537963867,0.6015791893005371,69.77955627441406,0.1925559788942337
856419,1,-30.90766716003418,9.964324951171875,6.8284831047058105,-0.2834344208240509,69.80158233642578,0.24748863279819489
856439,1,-59.765968322753906,-0.3281475603580475,-2.0585107803344727,-1.0526810884475708,69.55984497070312,-0.13645456731319427
856459,1,-56.52199935913086,-10.735566139221191,-9.883376121520996,-1.351406455039978,69.03250122070312,-0.18008922040462494
856479,1,-18.88243865966797,-14.130269050598145,-7.017570495605469,-2.2017416954040527,68.96660614013672,-0.6458464860916138
856499,1,33.723880767822266,-8.430317878723145,-5.235107421875,-0.23595558106899261,68.90070343017578,-0.7048693299293518
856519,1,59.88243865966797,1.9959962368011475,-1.8596618175506592,1.9906805753707886,68.96660614013672,-0.20307479798793793
856539,1,38.409423828125,11.14623737335205,16.336389541625977,-1.080297827720642,69.80158233642578,0.12983159720897675
856559,1,15.881813049316406,13.540801048278809,9.395158767700195,0.8595017790794373,69.77955627441406,0.20268522202968597
856579,1,-36.98652648925781,6.41577672958374,5.099663734436035,-0.8510158658027649,69.7575912475586,0.04860188066959381
856599,1,-59.988075256347656,-4.767881393432617,-13.656983375549316,0.947513222694397,69.03250122070312,-0.06204260140657425
856619,1,-35.52854919433594,-13.119247436523438,-8.633952140808105,-1.8561294078826904,68.98857116699219,-0.42007729411125183
856639,1,17.286521911621094,-13.012568473815918,-6.740533828735352,-1.2990171909332275,68.90070343017578,-0.8256435394287109
856659,1,41.05517578125,-4.832528114318848,-4.032552242279053,0.4134255647659302,68.8786849975586,-0.6176005005836487
856679,1,59.64498519897461,6.626556873321533,2.457015037536621,1.9543654918670654,69.09844970703125,0.10022255033254623
856699,1,29.676151275634766,13.02427864074707,12.84412670135498,0.05249013379216194,69.7575912475586,0.13216911256313324
856719,1,-24.06954574584961,11.320764541625977,7.840578079223633,-0.1701945662498474,69.7575912475586,0.21476289629936218
856739,1,-57.213871002197266,1.7100309133529663,-0.4613058567047119,-1.008041501045227,69.55984497070312,-0.12457168102264404
856759,1,-48.815120697021484,-8.798559188842773,-7.958256244659424,-1.2861251831054688,69.09844970703125,-0.18943928182125092
856779,1,-27.447355270385742,-13.63607120513916,-6.8492865562438965,-2.3658955097198486,68.96660614013672,-0.6072764992713928
856799,1,26.287607192993164,-8.571375846862793,-5.244091033935547,-0.4765995740890503,68.90070343017578,-0.6974671483039856
856819,1,59.074668884277344,2.287121534347534,-1.4619089365005493,1.8987866640090942,68.96660614013672,-0.17482981085777283
856839,1,45.82413101196289,11.469511985778809,16.051740646362305,-0.7929273247718811,69.80158233642578,0.12203987687826157
856859,1,-4.53564977645874,13.109516143798828,9.069385528564453,0.35972118377685547,69.77955627441406,0.2506053149700165
856879,1,-51.63104248046875,5.799861907958984,5.086418151855469,-1.3509677648544312,69.7575912475586,0.041784122586250305
856899,1,-59.82257080078125,-5.5368852615356445,-13.882116317749023,0.822685956954956,68.96660614013672,-0.12301333248615265
856919,1,-38.61164474487305,-12.929397583007812,-8.101563453674316,-2.040515661239624,68.98857116699219,-0.38384580612182617
856939,1,15.42223072052002,-11.047625541687012,-6.167384624481201,-1.0184143781661987,68.92266845703125,-0.6990255117416382
856959,1,56.211368560791016,-2.276881456375122,-3.3184969425201416,1.2145626544952393,68.94463348388672,-0.452219158411026
856979,1,48.229957580566406,8.49553394317627,8.001289367675781,0.7168554067611694,69.36209869384766,0.117170050740242
856999,1,28.10906219482422,13.422897338867188,10.737934112548828,0.7073739767074585,69.77955627441406,0.17716681957244873
857019,1,-31.352020263671875,8.426149368286133,6.3328938484191895,-0.6044812202453613,69.77955627441406,0.11366377770900726
857039,1,-59.555198669433594,-2.594693899154663,-9.836997985839844,0.42263543605804443,69.20828247070312,-0.07879531383514404
857059,1,-40.64201354980469,-11.537160873413086,-8.599163055419922,-1.603208065032959,68.98857116699219,-0.36962488293647766
857079,1,14.069993019104004,-12.5469331741333,-7.044153690338135,-1.1602481603622437,68.92266845703125,-0.7305824756622314
857099,1,39.269996643066406,-4.872500419616699,-4.183335304260254,0.43127691745758057,68.92266845703125,-0.5361759662628174
857119,1,59.681251525878906,6.549562931060791,3.439870834350586,1.7034436464309692,69.18631744384766,0.12398780882358551
857139,1,32.25582504272461,12.854214668273926,11.761589050292969,0.38029953837394714,69.77955627441406,0.140155628323555
857159,1,-23.045047760009766,9.528698921203613,7.150961875915527,-0.38244539499282837,69.77955627441406,0.13976603746414185
857179,1,-58.850894927978516,-0.01606428250670433,-3.6144142150878906,-0.6189020872116089,69.45001220703125,-0.12671491503715515
857199,1,-40.70967102050781,-10.084506034851074,-9.788654327392578,-0.930702805519104,68.98857116699219,-0.20054249465465546
857219,1,-17.696107864379883,-13.033543586730957,-6.50474739074707,-2.1084773540496826,68.94463348388672,-0.6444829702377319
857239,1,38.48021697998047,-5.874960422515869,-4.073834419250488,0.1490478813648224,68.92266845703125,-0.5788366794586182
857259,1,59.752288818359375,5.341938018798828,1.3355669975280762,1.962629795074463,69.09844970703125,0.08639173209667206
857279,1,27.88004493713379,12.946776390075684,12.479341506958008,0.125044047832489,69.77955627441406,0.223723366856575
857299,1,-31.373449325561523,10.993257522583008,7.746702671051025,-0.35857057571411133,69.80158233642578,0.21651603281497955
857319,1,-53.169185638427734,1.2393425703048706,0.1678546667098999,-1.1813677549362183,69.62580108642578,-0.1561286598443985
857339,1,-51.85774230957031,-9.114319801330566,-8.903194427490234,-1.1632822751998901,69.07643127441406,-0.1736600399017334
857359,1,-2.64324951171875,-12.521992683410645,-6.648284912109375,-1.5751968622207642,68.96660614013672,-0.6121463179588318
857379,1,49.19120788574219,-6.320165634155273,-4.009480953216553,0.2863118648529053,68.94463348388672,-0.6039649844169617
857399,1,59.641197204589844,4.924015998840332,1.0942116975784302,1.9295246601104736,69.07643127441406,0.050549812614917755
857419,1,38.64828109741211,12.435181617736816,12.78365421295166,0.16464172303676605,69.77955627441406,0.19664663076400757
857439,1,-19.00861358642578,10.206707954406738,7.650373458862305,-0.2625642716884613,69.77955627441406,0.10684551298618317
857459,1,-58.12134552001953,0.5777846574783325,-3.8960189819335938,-0.37488409876823425,69.42799377441406,-0.10294964909553528
857479,1,-42.38142395019531,-9.376420021057129,-9.46406078338623,-0.8771039247512817,69.01053619384766,-0.1964518427848816
857499,1,-17.982276916503906,-12.600168228149414,-6.316079139709473,-2.048593044281006,68.96660614013672,-0.6250036358833313
857519,1,38.8535041809082,-5.503536224365234,-4.3690361976623535,0.34415173530578613,68.94463348388672,-0.550980269908905
857539,1,59.258705139160156,5.681042671203613,2.0219902992248535,1.875179648399353,69.14238739013672,0.10723509639501572
857559,1,18.968242645263672,12.615229606628418,12.565046310424805,-0.1702238917350769,69.77955627441406,0.16879071295261383
857579,1,-40.075016021728516,9.673664093017578,7.757758140563965,-0.8874767422676086,69.77955627441406,0.10372882336378098
857599,1,-56.435977935791016,-0.9011889696121216,-8.286194801330566,0.4953254461288452,69.2302474975586,-0.06613325327634811
857619,1,-47.2937126159668,-10.47747802734375,-7.7982072830200195,-1.7065308094024658,69.01053619384766,-0.3639758825302124
857639,1,7.611968040466309,-12.068341255187988,-6.304166793823242,-1.3807506561279297,68.94463348388672,-0.7286345958709717
857659,1,54.71712875366211,-3.9315690994262695,-3.689131021499634,0.877583384513855,68.92266845703125,-0.5597459673881531
857679,1,59.793060302734375,7.273616313934326,4.116359710693359,1.7078063488006592,69.18631744384766,0.12574094533920288
857699,1,26.664663314819336,12.64564323425293,11.96146297454834,0.14968374371528625,69.7575912475586,0.09710586071014404
857719,1,-33.51026916503906,7.7448811531066895,5.958756923675537,-0.7555192112922668,69.73562622070312,-0.05503005161881447
857739,1,-59.92985916137695,-2.6847968101501465,-11.49779987335205,0.8581015467643738,69.03250122070312,-0.009837049059569836
857759,1,-27.87221908569336,-10.849664688110352,-7.4597649574279785,-1.476149320602417,69.01053619384766,-0.4081949293613434
857779,1,1.4167512655258179,-10.623348236083984,-5.760695457458496,-1.3264811038970947,68.96660614013672,-0.6403923034667969
857799,1,52.90302276611328,-0.8413692712783813,-2.756145477294922,1.3779289722442627,68.98857116699219,-0.30475831031799316
857819,1,48.38833236694336,9.599757194519043,13.217514038085938,-0.37958112359046936,69.64776611328125,0.06983432173728943
857839,1,-6.822724342346191,12.03470230102539,9.647278785705566,-0.0909186452627182,69.80158233642578,0.19391952455043793
857859,1,-55.7828369140625,4.897658348083496,3.5328240394592285,-1.2563207149505615,69.71366119384766,-0.08249638229608536
857879,1,-59.5257453918457,-6.4580302238464355,-9.031412124633789,-0.660959780216217,69.0544662475586,-0.14580462872982025
857899,1,-23.195873260498047,-12.172694206237793,-7.411406993865967,-1.7071336507797241,68.98857116699219,-0.45942652225494385
857919,1,36.07929611206055,-8.838760375976562,-5.17314338684082,-0.27911168336868286,68.94463348388672,-0.6616247296333313
857939,1,59.89471435546875,2.214153289794922,-1.3190704584121704,1.9257488250732422,69.03250122070312,-0.07567862421274185
857959,1,27.819902420043945,10.4746732711792,14.506484985351562,-0.9966344833374023,69.82354736328125,0.20619149506092072
857979,1,-3.434033155441284,10.084646224975586,7.612585067749023,0.051424793899059296,69.73562622070312,0.008278705179691315
857999,1,-53.874576568603516,0.11203750222921371,-7.642518043518066,0.6079972982406616,69.25221252441406,-0.06613325327634811
858019,1,-48.97799301147461,-9.806380271911621,-9.748130798339844,-1.0646992921829224,68.98857116699219,-0.2239176630973816
858039,1,6.177090644836426,-12.345969200134277,-6.705857276916504,-1.3580676317214966,68.94463348388672,-0.6836368441581726
858059,1,56.05882263183594,-4.504975318908691,-4.120727062225342,0.9021320343017578,68.94463348388672,-0.5129951238632202
858079,1,59.42844772338867,6.854410171508789,4.123376846313477,1.6123652458190918,69.2302474975586,0.12574094533920288
858099,1,21.44723129272461,11.575016021728516,11.380146980285645,-0.06429283320903778,69.77955627441406,0.05873112007975578
858119,1,-38.50300598144531,5.759492874145508,4.109978199005127,-0.8631807565689087,69.66973114013672,-0.1508692502975464
858139,1,-59.64094543457031,-5.401944637298584,-5.669946193695068,-1.336970567703247,69.14238739013672,-0.1134684756398201
858159,1,-22.479612350463867,-12.569053649902344,-6.812688827514648,-2.0115654468536377,68.96660614013672,-0.6236401200294495
858179,1,40.407691955566406,-9.31069278717041,-5.187671661376953,-0.3713061511516571,68.90070343017578,-0.7862943410873413
858199,1,56.70122146606445,1.544182538986206,-1.7504944801330566,1.7149029970169067,68.96660614013672,-0.2792403995990753
858219,1,43.826744079589844,10.459006309509277,15.54651927947998,-0.9565510749816895,69.69169616699219,0.01977200247347355
858239,1,-15.094093322753906,9.449070930480957,8.158493041992188,-0.5876472592353821,69.71366119384766,-0.08872975409030914
858259,1,-58.47659683227539,0.5825815796852112,-5.4271955490112305,-0.0037006717175245285,69.18631744384766,0.01022663526237011
858279,1,-36.35275650024414,-9.417806625366211,-6.1674981117248535,-1.7116141319274902,69.03250122070312,-0.3647550642490387
858299,1,20.000125885009766,-10.672327041625977,-5.477261066436768,-1.0543055534362793,68.92266845703125,-0.7284398078918457
858319,1,48.176910400390625,-2.430981397628784,-2.7525436878204346,0.7962595820426941,68.94463348388672,-0.49351581931114197
858339,1,53.5506477355957,8.189604759216309,6.244027137756348,1.1815791130065918,69.27423095703125,0.10041733831167221
858359,1,-0.03680741414427757,12.08234977722168,11.40485954284668,-0.475526362657547,69.77955627441406,0.13002638518810272
858379,1,-54.031646728515625,4.666467666625977,1.4857615232467651,-0.818164050579071,69.55984497070312,-0.11366327106952667
858399,1,-59.734527587890625,-6.6185712814331055,-5.060357093811035,-1.83714759349823,69.16435241699219,-0.1909976303577423
858419,1,-21.701217651367188,-11.534197807312012,-5.919878959655762,-2.0169429779052734,68.96660614013672,-0.5642262101173401
858439,1,39.77212905883789,-5.630303859710693,-3.873774290084839,0.1562841683626175,68.94463348388672,-0.5788366794586182
858459,1,57.70103073120117,5.00018310546875,0.9723300933837891,1.893695592880249,69.07643127441406,0.05912070721387863
858479,1,11.38267993927002,11.002300262451172,12.535097122192383,-0.7738780379295349,69.7575912475586,0.14872652292251587
858499,1,-45.63431167602539,6.635924339294434,2.439140796661377,-0.41497957706451416,69.55984497070312,-0.09554751217365265
858519,1,-58.79814529418945,-4.327617645263672,-3.632629871368408,-1.6387768983840942,69.18631744384766,-0.09924858063459396
858539,1,-35.98540115356445,-11.721238136291504,-6.180912971496582,-2.3080081939697266,68.98857116699219,-0.5739668607711792
858559,1,27.85073471069336,-8.247891426086426,-4.970317840576172,-0.4672609269618988,68.92266845703125,-0.7126610279083252
858579,1,59.929439544677734,1.8610774278640747,-1.7708392143249512,1.8615915775299072,68.96660614013672,-0.24924176931381226
858599,1,24.486740112304688,9.91307544708252,15.657590866088867,-1.5744150876998901,69.7575912475586,0.03301792964339256
858619,1,-9.58448314666748,8.702075958251953,7.775603294372559,-0.5570284724235535,69.66973114013672,-0.11171533912420273
858639,1,-57.785133361816406,-1.919328212738037,-6.0025224685668945,-0.43811163306236267,69.0544662475586,-0.0616530142724514
858659,1,-39.76615905761719,-10.589015007019043,-6.211684703826904,-2.115849018096924,68.96660614013672,-0.45728379487991333
858679,1,23.911130905151367,-9.799766540527344,-5.310196876525879,-0.8674929141998291,68.8786849975586,-0.7983714938163757
858699,1,59.99997329711914,-0.23099324107170105,-2.169015884399414,1.3997695446014404,68.92266845703125,-0.4337138235569
858719,1,51.23216247558594,9.695564270019531,9.337250709533691,0.6347249746322632,69.36209869384766,0.08639173209667206
858739,1,-6.948414325714111,9.291150093078613,6.105900287628174,0.054089028388261795,69.53787994384766,-0.07353539019823074
858759,1,-57.31592559814453,-0.42004305124282837,-5.399141788482666,-0.2806851267814636,69.09844970703125,-0.06671763211488724
858779,1,-38.85987854003906,-10.006632804870605,-5.040515422821045,-2.3057548999786377,68.98857116699219,-0.5272155404090881
858799,1,27.57389259338379,-10.3069486618042,-4.767469882965088,-1.1006829738616943,68.8786849975586,-0.8893413543701172
858819,1,53.55094909667969,-0.9682775139808655,-2.343832015991211,1.057538628578186,68.8786849975586,-0.5484479665756226
858839,1,45.94010925292969,8.83674430847168,6.49798583984375,1.010404348373413,69.20828247070312,0.08814537525177002
858859,1,-17.253385543823242,10.263806343078613,8.212961196899414,-0.5483019351959229,69.55984497070312,-0.01392770279198885
858879,1,-59.569637298583984,0.8838064074516296,-5.314268112182617,-0.07464666664600372,69.0544662475586,-0.004772429820150137
858899,1,-29.158000946044922,-8.928838729858398,-4.577024936676025,-1.9797768592834473,68.96660614013672,-0.47384169697761536
858919,1,1.852765440940857,-9.644699096679688,-4.288586139678955,-1.6632122993469238,68.8786849975586,-0.8443436622619629
858939,1,53.652469635009766,-0.02829458937048912,-2.008348226547241,1.1909366846084595,68.90070343017578,-0.49760645627975464
858959,1,46.556236267089844,9.650962829589844,8.342951774597168,0.7242805361747742,69.29620361328125,0.0823010802268982
858979,1,-16.825170516967773,11.00796127319336,9.706604957580566,-0.7593886852264404,69.62580108642578,0.0022401202004402876
858999,1,-59.64906692504883,1.79468834400177,-8.314860343933105,0.9152576327323914,69.01053619384766,-0.0232777688652277
859019,1,-53.01256561279297,-8.592719078063965,-5.270932197570801,-2.2326979637145996,68.98857116699219,-0.42436376214027405
859039,1,4.94135856628418,-8.857319831848145,-4.615575313568115,-1.2742546796798706,68.92266845703125,-0.7023370265960693
859059,1,57.05243682861328,0.6848190426826477,-1.9282310009002686,1.4778951406478882,68.94463348388672,-0.3534570634365082
859079,1,38.81953430175781,10.375923156738281,12.677019119262695,-0.3831242620944977,69.55984497070312,0.08093752712011337
859099,1,-28.116256713867188,9.70415210723877,9.057966232299805,-1.121476650238037,69.71366119384766,-0.04042057320475578
859119,1,-53.23539352416992,0.008017787709832191,-7.568951606750488,0.49806463718414307,69.01053619384766,-0.019966287538409233
859139,1,-41.169395446777344,-9.3400239944458,-5.7737908363342285,-1.9878298044204712,68.98857116699219,-0.45416709780693054
859159,1,25.850414276123047,-8.079792976379395,-4.56928014755249,-0.5995965003967285,68.92266845703125,-0.6686372756958008
859179,1,59.8686637878418,1.6532540321350098,-1.6559587717056274,1.7472556829452515,68.96660614013672,-0.2770976722240448
859199,1,47.39948654174805,10.795903205871582,15.48187255859375,-0.8206068277359009,69.69169616699219,0.01626572757959366
859219,1,-17.10662269592285,8.53812313079834,7.60495138168335,-0.7455124258995056,69.64776611328125,-0.1323639154434204
859239,1,-59.760833740234375,-2.108168363571167,-4.265253067016602,-1.0178407430648804,69.09844970703125,-0.09730064868927002
859259,1,-25.201013565063477,-10.381392478942871,-5.694268703460693,-1.9155805110931396,68.96660614013672,-0.5768887400627136
859279,1,43.92144012451172,-7.456200122833252,-4.545356750488281,-0.0659555196762085,68.90070343017578,-0.7177256345748901
859299,1,54.510467529296875,3.450639009475708,-0.8161712884902954,1.853955864906311,68.98857116699219,-0.11385805904865265
859319,1,32.63035583496094,10.624044418334961,15.567840576171875,-1.2306084632873535,69.77955627441406,0.09944337606430054
859339,1,-30.62497329711914,5.922272205352783,0.779350757598877,0.15975430607795715,69.38406372070312,-0.06905515491962433
859359,1,-59.05977249145508,-5.0540452003479,-4.879795551300049,-1.5489084720611572,69.0544662475586,-0.17638815939426422
859379,1,-10.071732521057129,-11.154046058654785,-5.378449440002441,-1.897869348526001,68.92266845703125,-0.7502565979957581
859399,1,51.60926055908203,-5.114362716674805,-3.8846375942230225,0.45778605341911316,68.8786849975586,-0.7344783544540405
859419,1,59.722557067871094,6.085330963134766,1.0597869157791138,2.1068625450134277,69.03250122070312,0.03243355080485344
859439,1,15.57205581665039,10.247884750366211,11.791624069213867,-0.7353308200836182,69.69169616699219,-0.011395393870770931
859459,1,-49.270694732666016,2.7567787170410156,-3.7024009227752686,0.18336713314056396,69.16435241699219,-0.033408023416996
859479,1,-48.607032775878906,-7.406894683837891,-4.932283878326416,-1.8988556861877441,68.98857116699219,-0.35910606384277344
859499,1,17.051410675048828,-9.360170364379883,-4.9809393882751465,-0.9975649118423462,68.92266845703125,-0.7547368407249451
859519,1,47.7802734375,-1.0977611541748047,-2.3403754234313965,0.9558953046798706,68.94463348388672,-0.44501182436943054
859539,1,46.69630813598633,8.954466819763184,8.3541259765625,0.610863447189331,69.34013366699219,0.08444380015134811
859559,1,-20.966333389282227,9.65151309967041,5.862277507781982,-0.10442955791950226,69.49394989013672,0.0532769151031971
859579,1,-59.943538665771484,0.08412028104066849,-5.618488311767578,-0.19605863094329834,69.12042236328125,-0.0852234810590744
859599,1,-47.46989059448242,-9.386529922485352,-5.363809585571289,-2.2645630836486816,68.96660614013672,-0.4697505533695221
859619,1,20.120370864868164,-6.962333679199219,-4.117368221282959,-0.58579421043396,68.92266845703125,-0.6456516981124878
859639,1,59.99554443359375,3.6866180896759033,-0.3618283271789551,1.917672872543335,68.98857116699219,-0.10957261174917221
859659,1,17.007511138916016,10.738752365112305,14.868882179260254,-1.3667279481887817,69.77955627441406,0.1485317349433899
859679,1,-48.816898345947266,5.7078447341918945,3.0948619842529297,-0.9329289197921753,69.53787994384766,-0.1234029233455658
859699,1,-59.99441146850586,-5.43975830078125,-4.684785842895508,-1.7167690992355347,69.12042236328125,-0.19450390338897705
859719,1,-17.551105499267578,-10.081674575805664,-5.15701961517334,-1.8238186836242676,68.96660614013672,-0.5585771799087524
859739,1,49.50246810913086,-2.7770795822143555,-2.7546935081481934,0.7495639324188232,68.94463348388672,-0.46799740195274353
859759,1,46.4020881652832,7.702846050262451,5.9127397537231445,0.992501437664032,69.27423095703125,0.11697525531053543
859779,1,-22.857242584228516,9.614392280578613,8.080790519714355,-0.7081750631332397,69.64776611328125,-0.003408878343179822
859799,1,-49.96430969238281,0.6630327701568604,-8.521909713745117,0.9805328249931335,69.09844970703125,-0.05074460431933403
859819,1,-46.286537170410156,-9.005544662475586,-5.685835838317871,-1.998753547668457,69.01053619384766,-0.4050782322883606
859839,1,23.94056510925293,-7.396547794342041,-4.414993762969971,-0.4606574475765228,68.94463348388672,-0.5780575275421143
859859,1,59.579193115234375,2.8639461994171143,-0.9860530495643616,1.936758279800415,69.03250122070312,-0.070029117166996
859879,1,8.822701454162598,10.141453742980957,13.778474807739258,-1.3590084314346313,69.77955627441406,0.1796991229057312
859899,1,-26.923513412475586,5.860239028930664,2.173689365386963,-0.11241119354963303,69.51591491699219,-0.1255461573600769
859919,1,-59.047183990478516,-5.4983296394348145,-4.019611358642578,-1.8445250988006592,69.14238739013672,-0.1956726610660553
859939,1,-7.047936916351318,-9.435154914855957,-5.112576961517334,-1.4036861658096313,68.96660614013672,-0.5437729358673096
859959,1,55.77033996582031,-2.8863484859466553,-2.917239189147949,0.9455205798149109,68.96660614013672,-0.4812438488006592
859979,1,37.246063232421875,7.149135589599609,6.20140266418457,0.6092466115951538,69.27423095703125,0.10840385407209396
859999,1,0.43054962158203125,8.44170093536377,3.5554773807525635,0.7562533617019653,69.45001220703125,-0.05347170680761337
860019,1,-59.00950622558594,-1.5619990825653076,-1.7091889381408691,-1.5125455856323242,69.20828247070312,-0.1302211880683899
860039,1,-31.488195419311523,-9.487635612487793,-5.298886299133301,-1.8936210870742798,68.96660614013672,-0.5192285180091858
860059,1,40.82324981689453,-6.985133647918701,-4.035297393798828,-0.1081102043390274,68.92266845703125,-0.7249335050582886
860079,1,52.213661193847656,3.8479373455047607,0.012501299381256104,1.7208281755447388,69.01053619384766,-0.10178089141845703
860099,1,24.9683837890625,9.53426742553711,15.313759803771973,-1.5652881860733032,69.7575912475586,0.0012661548098549247
860119,1,-45.544002532958984,2.1489458084106445,-4.291040420532227,0.3371431529521942,68.98857116699219,-0.054056085646152496
860139,1,-49.53488540649414,-8.271841049194336,-4.3924994468688965,-2.2718148231506348,68.96660614013672,-0.4757896363735199
860159,1,15.19089126586914,-9.026368141174316,-4.356073379516602,-1.1355020999908447,68.8786849975586,-0.8123965859413147
860179,1,59.7161865234375,0.17674724757671356,-2.0503063201904297,1.4480504989624023,68.90070343017578,-0.4902043342590332
860199,1,43.37807083129883,9.121907234191895,7.946049690246582,0.6874024868011475,69.31816864013672,0.08054794371128082
860219,1,-30.45157241821289,5.094387054443359,-2.314422607421875,0.7433028221130371,69.18631744384766,-0.07470414787530899
860239,1,-57.42548370361328,-5.708102703094482,-5.769814491271973,-1.4933725595474243,68.92266845703125,-0.3228740394115448
860259,1,2.9540090560913086,-10.41597843170166,-4.706578254699707,-1.6792089939117432,68.8786849975586,-0.86616051197052
860279,1,59.48759841918945,-2.5693137645721436,-3.2170727252960205,1.0288996696472168,68.85671997070312,-0.6479892134666443
860299,1,53.127197265625,7.960460662841797,3.6517577171325684,1.709535002708435,69.09844970703125,0.10041733831167221
860319,1,-13.481680870056152,7.230109691619873,5.193051338195801,-0.4193113446235657,69.45001220703125,-0.12535135447978973
860339,1,-59.9863395690918,-3.175348997116089,-2.2398464679718018,-1.9171134233474731,69.09844970703125,-0.20132166147232056
860359,1,-10.713359832763672,-9.848417282104492,-4.587283611297607,-1.8733675479888916,68.90070343017578,-0.7451919913291931
860379,1,54.224185943603516,-3.8550941944122314,-3.0889363288879395,0.5533679723739624,68.8786849975586,-0.7029213905334473
860399,1,58.31636428833008,7.135630130767822,2.1468586921691895,1.9937971830368042,69.03250122070312,0.06496449559926987
860419,1,-0.7558531165122986,8.798771858215332,10.008566856384277,-1.0464545488357544,69.60377502441406,-0.12145499140024185
860439,1,-59.80404281616211,-0.308407187461853,1.7505913972854614,-2.276470899581909,69.2302474975586,-0.11132574826478958
860459,1,-16.464078903198242,-8.280699729919434,-5.151267051696777,-1.4478815793991089,68.8786849975586,-0.5926669836044312
860479,1,24.005067825317383,-5.187863826751709,-3.0348217487335205,-0.4334307610988617,68.8786849975586,-0.6462361216545105
860499,1,58.80904769897461,6.011794090270996,1.13746976852417,2.0094923973083496,69.01053619384766,0.013149037957191467
860519,1,0.10594066977500916,9.048989295959473,11.400769233703613,-1.3150854110717773,69.64776611328125,-0.09944337606430054
860539,1,-58.73875427246094,0.7432053089141846,1.1536058187484741,-1.8147190809249878,69.18631744384766,-0.009642256423830986
860559,1,-25.275251388549805,-8.12308406829834,-5.313457012176514,-1.5406049489974976,68.90070343017578,-0.5262415409088135
860579,1,16.219654083251953,-6.540018081665039,-3.280972480773926,-0.8586410284042358,68.8786849975586,-0.7064276337623596
860599,1,59.778167724609375,4.729210376739502,0.19566339254379272,1.9615204334259033,68.96660614013672,-0.11853309720754623
860619,1,5.944236755371094,9.540998458862305,15.308235168457031,-2.0804972648620605,69.71366119384766,-0.043537262827157974
860639,1,-57.656211853027344,2.5545766353607178,-3.3388237953186035,-0.15678979456424713,69.01053619384766,0.030485620722174644
860659,1,-25.804527282714844,-7.28222131729126,-4.755309581756592,-1.4644067287445068,68.94463348388672,-0.47169849276542664
860679,1,11.628877639770508,-6.406793594360352,-3.645793914794922,-0.7803648114204407,68.90070343017578,-0.5936409831047058
860699,1,59.996402740478516,4.6245436668396,0.6184085011482239,1.8841863870620728,69.01053619384766,-0.01938190869987011
860719,1,9.997112274169922,9.352676391601562,12.978211402893066,-1.3917360305786133,69.69169616699219,-0.04860188066959381
860739,1,-0.0,6.215149879455566,-0.5276346206665039,1.3423140048980713,69.14238739013672,0.1613880693912506
860759,1,-0.0,5.088534832000732,0.4990391731262207,0.7624784708023071,69.4060287475586,-0.06574366986751556
860779,1,-0.0,4.166140079498291,11.088584899902344,-2.183825731277466,69.77955627441406,-0.011200600303709507
860799,1,-0.0,3.410947322845459,-2.451648712158203,1.2759363651275635,69.29620361328125,0.1500900685787201
860819,1,-0.0,2.792647361755371,-0.947142481803894,0.7058250904083252,69.49394989013672,-0.043537262827157974
860839,1,-0.0,2.286426544189453,8.18592643737793,-1.7860451936721802,69.82354736328125,0.02678455226123333
860859,1,-0.0,1.8719676733016968,0.7131776213645935,0.14062753319740295,69.51591491699219,0.06438011676073074
860879,1,-0.0,1.5326378345489502,-3.539910078048706,1.1813465356826782,69.4060287475586,0.0433424673974514
860899,1,-0.0,1.2548178434371948,2.790541172027588,-0.5689446330070496,69.69169616699219,-0.08132762461900711
860919,1,-0.0,1.0273579359054565,3.2876198291778564,-0.677249550819397,69.60377502441406,0.04645915701985359
860939,1,-0.0,0.8411296606063843,-3.944350242614746,1.1951572895050049,69.38406372070312,0.13411705195903778
860959,1,-0.0,0.6886587738990784,-0.9694178700447083,0.34976837038993835,69.5818099975586,-0.047433122992515564
860979,1,-0.0,0.5638262033462524,5.743039608001709,-1.432155966758728,69.80158233642578,0.007109946571290493
860999,1,-0.0,0.46162185072898865,0.0017657279968261719,0.10159756988286972,69.53787994384766,0.05639360472559929
861019,1,-0.0,0.37794405221939087,-4.680060863494873,1.3107502460479736,69.38406372070312,0.043147675693035126
861039,1,-0.0,0.3094344437122345,2.602881908416748,-0.6434153914451599,69.71366119384766,-0.05191336199641228
861059,1,-0.0,0.25334352254867554,2.7851057052612305,-0.6511191129684448,69.64776611328125,0.02990124002099037
861079,1,-0.0,0.20742018520832062,-2.084642171859741,0.6262998580932617,69.49394989013672,0.08619693666696548
861099,1,-0.0,0.16982127726078033,-2.502017021179199,0.7108299732208252,69.53787994384766,-0.01723918505012989
861119,1,-0.0,0.13903792202472687,2.254136085510254,-0.554956316947937,69.73562622070312,-0.025616301223635674
861139,1,-0.0,0.11383464187383652,3.294100046157837,-0.8087670803070068,69.71366119384766,0.004382843617349863
861159,1,-0.0,0.0931999459862709,-0.7387722730636597,0.2636977732181549,69.55984497070312,0.060873843729496
861179,1,-0.0,0.07630565762519836,-3.08473539352417,0.8723663091659546,69.51591491699219,0.020161587744951248
861199,1,-0.0,0.06247379258275032,0.06860125064849854,0.02481812983751297,69.66973114013672,-0.04431643337011337
861219,1,-0.0,0.051149219274520874,3.7632548809051514,-0.9486085772514343,69.77955627441406,-0.030096540227532387
861239,1,-0.0,0.041877444833517075,-0.0863957405090332,0.09504411369562149,69.5818099975586,0.04801750183105469
861259,1,-0.0,0.03428635746240616,-2.2978363037109375,0.6709334850311279,69.53787994384766,0.03671899810433388
861279,1,-0.0,0.028071293607354164,-1.0015497207641602,0.310981810092926,69.60377502441406,-0.034381989389657974
861299,1,-0.0,0.02298283390700817,2.802797794342041,-0.6968724727630615,69.7575912475586,-0.01762877032160759
861319,1,-0.0,0.0188167542219162,1.9754924774169922,-0.4555145800113678,69.66973114013672,0.018408451229333878
861339,1,-0.0,0.015405857004225254,-2.8697667121887207,0.8307542204856873,69.49394989013672,0.06476970762014389
861359,1,-0.0,0.012613249942660332,-1.6690597534179688,0.49684005975723267,69.60377502441406,-0.012564151547849178
861379,1,-0.0,0.010326857678592205,1.0659277439117432,-0.23865380883216858,69.69169616699219,-0.060094669461250305
861399,1,-0.0,0.008454916067421436,3.4795212745666504,-0.8544665575027466,69.7575912475586,-0.00029218956478871405
861419,1,-0.0,0.0069223009049892426,0.7788100242614746,-0.1382574439048767,69.66973114013672,0.02288869023323059
861439,1,-0.0,0.005667501129209995,-1.0539599657058716,0.3423311710357666,69.62580108642578,0.013149037957191467
861459,1,-0.0,0.004640157800167799,-1.016911506652832,0.32525089383125305,69.64776611328125,-0.013343323953449726
861479,1,-0.0,0.0037990401033312082,-0.381986141204834,0.15085378289222717,69.66973114013672,-0.03282364457845688
861499,1,-0.0,0.0031103913206607103,0.4841606020927429,-0.08337543904781342,69.71366119384766,-0.039251815527677536
861519,1,-0.0,0.0025465735234320164,0.7199918627738953,-0.1463892161846161,69.73562622070312,-0.027953818440437317
861539,1,-0.0,0.0020849581342190504,0.29230278730392456,-0.03244749829173088,69.73562622070312,-0.012953737750649452
861559,1,-0.0,0.0017070198664441705,0.277497261762619,-0.031102262437343597,69.73562622070312,-0.02152463234961033
861579,1,-0.0,0.001397589803673327,0.18551036715507507,-0.007671977858990431,69.73562622070312,-0.01626521907746792
861599,1,-0.0,0.001144249690696597,0.12971754372119904,0.007722215726971626,69.73562622070312,-0.009837049059569836
861619,1,-0.0,0.0009368324535898864,0.09587743878364563,0.018236326053738594,69.73562622070312,-0.0006817756802774966
861639,1,-0.0,0.0007670135237276554,0.07535237818956375,0.02578423172235489,69.73562622070312,0.00808391161262989
861659,1,-0.0,0.0006279775989241898,0.06290329992771149,0.03152649104595184,69.73562622070312,0.016460519284009933
861679,1,-0.0,0.000514144659973681,0.0553525909781456,0.03616686537861824,69.73562622070312,0.018213657662272453
861699,1,-0.0,0.00042094604577869177,0.05077285319566727,0.040132489055395126,69.73562622070312,0.023083483800292015
861719,1,-0.0,0.0003446415066719055,0.25351056456565857,-0.012773549184203148,69.73562622070312,0.017434485256671906
861739,1,-0.0,0.00028216865030117333,0.17096172273159027,0.00822595227509737,69.73562622070312,0.006135981064289808
861759,1,-0.0,0.00023102016712073237,0.12089333683252335,0.022006429731845856,69.73562622070312,0.00808391161262989
861779,1,-0.0,0.00018914334941655397,0.09052528440952301,0.03140106797218323,69.73562622070312,0.01412300392985344
861799,1,-0.0,0.00015485745097976178,0.07210613787174225,0.038128167390823364,69.73562622070312,0.018603242933750153
861819,1,-0.0,0.00012678657367359847,0.06093437224626541,0.04322992265224457,69.73562622070312,0.025226207450032234
861839,1,-0.0,0.00010380407184129581,0.054158370941877365,0.04733838140964508,69.73562622070312,0.0285376887768507
861859,1,-0.0,8.498760143993422e-05,0.050048522651195526,0.050836898386478424,69.73562622070312,0.03243355080485344
861879,1,-0.0,6.958196900086477e-05,0.047555774450302124,0.05395793542265892,69.73562622070312,0.034771066159009933
861899,1,-0.0,5.6968907301779836e-05,0.046043846756219864,0.05684250220656395,69.73562622070312,0.038277849555015564
861919,1,-0.0,4.6642195229651406e-05,0.045126818120479584,0.05957607179880142,69.73562622070312,0.04197891801595688
861939,1,-0.0,3.818740151473321e-05,0.04457061365246773,0.06221048906445503,69.73562622070312,0.03749867528676987
861959,1,-0.0,3.126520095975138e-05,0.044233255088329315,0.0647771880030632,69.73562622070312,0.04275808855891228
861979,1,-0.0,2.5597784770070575e-05,0.25236499309539795,0.010625048540532589,69.73562622070312,0.03496586158871651
861999,1,-0.0,2.095769377774559e-05,0.17026691138744354,0.031070485711097717,69.73562622070312,0.025810586288571358
862019,1,-0.0,1.7158712580567226e-05,0.12047190964221954,0.04433475807309151,69.73562622070312,0.026979345828294754
862039,1,-0.0,1.4048365301277954e-05,0.09026966989040375,0.05323583260178566,69.73562622070312,0.031069999560713768
862059,1,-0.0,1.1501830158522353e-05,0.07195110619068146,0.0594828762114048,69.73562622070312,0.03516065329313278
862079,1,-0.0,9.416902685188688e-06,0.06084034964442253,0.06411249935626984,69.73562622070312,0.039641398936510086
862099,1,-0.0,7.70990845921915e-06,0.05410134792327881,0.06775352358818054,69.73562622070312,0.04197891801595688
862119,1,-0.0,6.312337973213289e-06,0.050013937056064606,0.07078730314970016,69.73562622070312,0.0441216416656971
862139,1,-0.0,5.168106326891575e-06,0.047534797340631485,0.07344511151313782,69.73562622070312,0.04626436531543732
862159,1,-0.0,4.231287675793283e-06,0.046031128615140915,0.07586725056171417,69.73562622070312,0.049186259508132935
862179,1,-0.0,3.4642857826838735e-06,0.04511910304427147,0.0781388208270073,69.73562622070312,0.053082119673490524
862199,1,-0.0,2.836317889887141e-06,0.012928477488458157,0.08726046979427338,69.73562622070312,0.037108585238456726
862219,1,-0.0,2.32218076234858e-06,0.025041336193680763,0.08660551905632019,69.73562622070312,0.053082119673490524
862239,1,-0.0,1.901240921142744e-06,0.03238815441727638,0.08698783069849014,69.73562622070312,0.056198809295892715
862259,1,-0.0,1.5566045021842e-06,0.036844223737716675,0.0879916250705719,69.73562622070312,0.05717277526855469
862279,1,-0.0,1.2744401374220615e-06,0.24016717076301575,0.03479348495602608,69.73562622070312,0.05035501718521118
862299,1,-0.0,1.0434233672640403e-06,0.16286857426166534,0.05368215963244438,69.73562622070312,0.03944660723209381
862319,1,-0.0,8.54282859563682e-07,0.11598458141088486,0.0658082589507103,69.73562622070312,0.03847264125943184
862339,1,-0.0,6.994277441663144e-07,0.08754797279834747,0.07382499426603317,69.73562622070312,0.0433424673974514
862359,1,-0.0,5.726429890273721e-07,0.07030031085014343,0.07934163510799408,69.73562622070312,0.04821229353547096
862379,1,-0.0,4.6884053972462425e-07,0.05983908846974373,0.08333425223827362,69.73562622070312,0.052302949130535126
862399,1,-0.0,3.8385419998121506e-07,0.05349405109882355,0.08639486879110336,69.73562622070312,0.05541963875293732
862419,1,-0.0,3.142733078220772e-07,0.049645595252513885,0.08888254314661026,69.73562622070312,0.05678318813443184
862439,1,-0.0,2.573052313437074e-07,0.2448931336402893,0.03670719638466835,69.73562622070312,0.04899146780371666
862459,1,-0.0,2.1066368560695992e-07,0.16573497653007507,0.05564306303858757,69.73562622070312,0.03866743668913841
862479,1,-0.0,1.724768452504577e-07,0.11772314459085464,0.06765411049127579,69.73562622070312,0.041784122586250305
862499,1,-0.0,1.4121209801487566e-07,0.0886024534702301,0.07545741647481918,69.73562622070312,0.04684874415397644
862519,1,-0.0,1.1561467516685298e-07,0.07093987613916397,0.08070096373558044,69.73562622070312,0.04996543377637863
862539,1,-0.0,9.465729533530975e-08,0.06022699549794197,0.08438427746295929,69.73562622070312,0.05425088107585907
862559,1,-0.0,7.749885355678998e-08,0.053729329258203506,0.0871136263012886,69.73562622070312,0.05775715410709381
862579,1,-0.0,6.345069891722233e-08,0.21805015206336975,0.04097451642155647,69.73562622070312,0.040030986070632935
862599,1,-0.0,5.194904417749058e-08,0.14945389330387115,0.057215262204408646,69.73562622070312,0.03769347071647644
862619,1,-0.0,4.253228524930819e-08,0.1078481525182724,0.0674525648355484,69.73562622070312,0.044900812208652496
862639,1,-0.0,3.482249155695172e-08,0.08261298388242722,0.0740409791469574,69.73562622070312,0.043537262827157974
862659,1,-0.0,2.8510248384350234e-08,0.06730708479881287,0.07840855419635773,69.73562622070312,0.04996543377637863
862679,1,-0.0,2.3342213495425312e-08,0.0580236054956913,0.08142150193452835,69.73562622070312,0.05191336199641228
862699,1,-0.0,1.9110991900106455e-08,0.052392903715372086,0.08360518515110016,69.73562622070312,0.0532769151031971
862719,1,-0.0,1.564676033183332e-08,0.04897771775722504,0.0852782353758812,69.73562622070312,0.056588396430015564
862739,1,-0.0,1.281048334078605e-08,0.046906303614377975,0.08663394302129745,69.73562622070312,0.05989987775683403
862759,1,-0.0,1.0488337309766393e-08,0.045649927109479904,0.08778952807188034,69.73562622070312,0.05697798356413841
862779,1,-0.0,8.587125677195218e-09,0.04488789662718773,0.0888160988688469,69.73562622070312,0.060484256595373154
862799,1,-0.0,7.030543702768455e-09,0.04442569240927696,0.08975674957036972,69.73562622070312,0.06126343086361885
862819,1,-0.0,5.756122689604126e-09,0.044145356863737106,0.0906376838684082,69.73562622070312,0.06418532878160477
862839,1,-0.0,4.712715107046961e-09,0.04397532716393471,0.09147472679615021,69.73562622070312,0.0624321885406971
862859,1,-0.0,3.858445118964937e-09,0.043872203677892685,0.09227753430604935,69.73562622070312,0.05931549891829491
862879,1,-0.0,3.159027484045396e-09,0.04380965232849121,0.09305190294981003,69.73562622070312,0.06613325327634811
862899,1,-0.0,2.5863933217351587e-09,0.043771710246801376,0.09380139410495758,69.73562622070312,0.06340615451335907
862919,1,-0.0,2.1175599052014604e-09,0.04374869912862778,0.09452814608812332,69.73562622070312,0.06671763211488724
862939,1,-0.0,1.7337118407567687e-09,0.04373474419116974,0.0952334776520729,69.73562622070312,0.06476970762014389
862959,1,-0.0,1.4194433406444773e-09,0.04372626915574074,0.09591817110776901,69.73562622070312,0.06515929102897644
862979,1,-0.0,1.1621419382379372e-09,0.04372113570570946,0.09658272564411163,69.73562622070312,0.06379573792219162
862999,1,-0.0,9.514815602074123e-10,0.043718017637729645,0.09722739458084106,69.73562622070312,0.06476970762014389
863019,1,-0.0,7.790072475977183e-10,0.043716128915548325,0.09785238653421402,69.73562622070312,0.06457491219043732
863039,1,-0.0,6.377972594506787e-10,0.0437149852514267,0.09845776855945587,69.73562622070312,0.06457491219043732
863059,1,-0.0,5.221842958036405e-10,0.04371429234743118,0.09904361516237259,69.73562622070312,0.06593846529722214
863079,1,-0.0,4.275284848365146e-10,0.043713875114917755,0.09961002320051193,69.73562622070312,0.06749680638313293
863099,1,-0.0,3.5003072662576074e-10,0.04371361806988716,0.10015695542097092,69.73562622070312,0.06886035948991776
863119,1,-0.0,2.8658095341249634e-10,0.043713465332984924,0.10068445652723312,69.73562622070312,0.06944473832845688
863139,1,-0.0,2.3463267440071434e-10,0.04371337220072746,0.10119251906871796,69.73562622070312,0.06983432173728943
863159,1,-0.0,1.9210100177247114e-10,0.043713316321372986,0.10168115049600601,69.73562622070312,0.06808118522167206
863179,1,-0.0,1.57279009260769e-10,0.04371327906847,0.1021503359079361,69.73562622070312,0.0692499428987503
863199,1,-0.0,1.2876917587778536e-10,0.04371325671672821,0.10260012745857239,69.7575912475586,0.0708082914352417
863219,1,-0.0,1.0542731271323547e-10,0.04371325671672821,0.1030305027961731,69.7575912475586,0.06983432173728943
863239,1,-0.0,8.631658582336499e-11,0.04371325671672821,0.10344142466783524,69.7575912475586,0.07178225368261337
863259,1,-0.0,7.067005314276287e-11,0.04371325671672821,0.10383295267820358,69.7575912475586,0.0723666325211525
863279,1,-0.0,5.7859755181466355e-11,0.04371325671672821,0.10420504957437515,69.7575912475586,0.07334060221910477
863299,1,-0.0,4.73715650040063e-11,0.04371325671672821,0.10455770790576935,69.7575912475586,0.07353539019823074
863319,1,-0.0,3.878456583672474e-11,0.04371325671672821,0.10489097237586975,69.7575912475586,0.0731458067893982
863339,1,-0.0,3.1754116697202406e-11,0.04371325671672821,0.10520479083061218,69.7575912475586,0.07197704911231995
863359,1,-0.0,2.599807522041253e-11,0.04371325671672821,0.10549918562173843,69.7575912475586,0.07178225368261337
863379,1,-0.0,2.128542481161233e-11,0.04371325671672821,0.1057741791009903,69.7575912475586,0.06944473832845688
863399,1,-0.0,1.7427035509109956e-11,0.04371325671672821,0.10602974891662598,69.7575912475586,0.07197704911231995
863419,1,-0.0,1.4268051150290173e-11,0.04371325671672821,0.10626590996980667,69.7575912475586,0.07139267027378082
863439,1,-0.0,1.1681692939358168e-11,0.04371325671672821,0.1064826175570488,69.7575912475586,0.07295101135969162
863459,1,-0.0,9.564161962405393e-12,0.04371325671672821,0.10667993128299713,69.7575912475586,0.0731458067893982
863479,1,-0.0,7.830474983705482e-12,0.04371325671672821,0.10685782879590988,69.7575912475586,0.07704166322946548
863499,1,-0.0,6.4110513772752675e-12,0.04371325671672821,0.10701631009578705,69.7575912475586,0.07489894330501556
863519,1,-0.0,5.248925859929754e-12,0.04371325671672821,0.10715536773204803,69.7575912475586,0.07100307941436768
863539,1,-0.0,4.297457355251222e-12,0.04371325671672821,0.10727499425411224,69.7575912475586,0.07275621592998505
863559,1,-0.0,3.518460696405601e-12,0.04371325671672821,0.10737518966197968,69.7575912475586,0.0708082914352417
863579,1,-0.0,2.8806720463875335e-12,0.04371325671672821,0.10745597630739212,69.7575912475586,0.07256142795085907
863599,1,-0.0,2.3584949097876784e-12,0.04371325671672821,0.10751734673976898,69.7575912475586,0.07431456446647644
863619,1,-0.0,1.9309723091331943e-12,0.04371325671672821,0.10755929350852966,69.7575912475586,0.07139267027378082
863639,1,-0.0,1.5809464197838463e-12,0.04371325671672821,0.10758181661367416,69.7575912475586,0.07411976903676987
863659,1,-0.0,1.2943695594513915e-12,0.04371325671672821,0.10758492350578308,69.7575912475586,0.07431456446647644
863679,1,-0.0,1.0597402946496692e-12,0.04371325671672821,0.10756859928369522,69.7575912475586,0.07567811757326126
863699,1,-0.0,8.67642004249991e-13,0.04371325671672821,0.10753285884857178,69.7575912475586,0.07275621592998505
863719,1,-0.0,7.103652518644643e-13,0.04371325671672821,0.10747768729925156,69.7575912475586,0.07373018562793732
863739,1,-0.0,5.81597866654987e-13,0.04371325671672821,0.10740311443805695,69.7575912475586,0.07373018562793732
863759,1,-0.0,4.761721073866243e-13,0.04371325671672821,0.10730913281440735,69.7575912475586,0.07295101135969162
863779,1,-0.0,3.898567937660885e-13,0.04371325671672821,0.10719570517539978,69.7575912475586,0.07217183709144592
863799,1,-0.0,3.191877643270169e-13,0.04371325671672821,0.10706287622451782,69.7575912475586,0.07353539019823074
863819,1,-0.0,2.6132888171145896e-13,0.04371325671672821,0.10691062361001968,69.7575912475586,0.07567811757326126
863839,1,-0.0,2.139580152589124e-13,0.04371325671672821,0.10673895478248596,69.7575912475586,0.07217183709144592
863859,1,-0.0,1.751740029073967e-13,0.04371325671672821,0.10654786229133606,69.7575912475586,0.07392498105764389
863879,1,-0.0,1.4342037757061887e-13,0.04371325671672821,0.10633733123540878,69.7575912475586,0.07119787484407425
863899,1,-0.0,1.1742267314734933e-13,0.04371325671672821,0.10610739141702652,69.7575912475586,0.0731458067893982
863919,1,-0.0,9.613756188700529e-14,0.04371325671672821,0.10585802048444748,69.7575912475586,0.07139267027378082
863939,1,-0.0,7.871078056909467e-14,0.04371325671672821,0.10558921098709106,69.7575912475586,0.07178225368261337
863959,1,-0.0,6.44429374772014e-14,0.04371325671672821,0.10530101507902145,69.7575912475586,0.07373018562793732
863979,1,-0.0,5.27614247864544e-14,0.04371325671672821,0.10499339550733566,69.7575912475586,0.0715874582529068
863999,1,-0.0,4.319739959615307e-14,0.04371325671672821,0.1046663448214531,69.7575912475586,0.0723666325211525
864019,1,-0.0,3.536704417284216e-14,0.04371325671672821,0.10431988537311554,69.7575912475586,0.06886035948991776
864039,1,-0.0,2.895608896429959e-14,0.04371325671672821,0.1039540022611618,69.7575912475586,0.07373018562793732
864059,1,-0.0,2.3707240936533293e-14,0.04371325671672821,0.10356869548559189,69.7575912475586,0.06788638979196548
864079,1,-0.0,1.9409846383692912e-14,0.04371325671672821,0.1031639575958252,69.7575912475586,0.07217183709144592
864099,1,-0.0,1.5891440927388e-14,0.04371325671672821,0.10273979604244232,69.7575912475586,0.06788638979196548
864119,1,-0.0,1.3010814010915896e-14,0.04371325671672821,0.10229620337486267,69.7575912475586,0.0708082914352417
864139,1,-0.0,1.0652353260272914e-14,0.04371325671672821,0.10183320194482803,69.7575912475586,0.06808118522167206
864159,1,-0.0,8.72141121393286e-15,0.04371325671672821,0.10135078430175781,69.7575912475586,0.06827598065137863
864179,1,-0.0,7.140486898320805e-15,0.04371325671672821,0.10084892809391022,69.7575912475586,0.06769160181283951
864199,1,-0.0,5.846136275137982e-15,0.04371325671672821,0.10032764822244644,69.7575912475586,0.0684707760810852
864219,1,-0.0,4.786412084278706e-15,0.04371325671672821,0.09978695958852768,69.7575912475586,0.06671763211488724
864239,1,-0.0,3.918783530911917e-15,0.04371325671672821,0.09922683984041214,69.7575912475586,0.06944473832845688
864259,1,-0.0,3.2084284553012812e-15,0.04371325671672821,0.09864730387926102,69.7575912475586,0.06808118522167206
864279,1,-0.0,2.626839328332244e-15,0.04371325671672821,0.09804835170507431,69.7575912475586,0.06535408645868301
864299,1,-0.0,2.150674251319082e-15,0.04371325671672821,0.09742996841669083,69.7575912475586,0.06808118522167206
864319,1,-0.0,1.7608235256970275e-15,0.04371325671672821,0.09679218381643295,69.7575912475586,0.06730201095342636
864339,1,-0.0,1.4416405471061626e-15,0.04371325671672821,0.09613495320081711,69.7575912475586,0.06593846529722214
864359,1,-0.0,1.1803156362851603e-15,0.04371325671672821,0.09545832872390747,69.7575912475586,0.06554887443780899
864379,1,-0.0,9.663609371602364e-16,0.04371325671672821,0.09476227313280106,69.7575912475586,0.06515929102897644
864399,1,-0.0,7.911894944099228e-16,0.04371325671672821,0.09404678642749786,69.7575912475586,0.06535408645868301
864419,1,-0.0,6.477711463302456e-16,0.04371325671672821,0.09331188350915909,69.7575912475586,0.06593846529722214
864439,1,-0.0,5.303500922863749e-16,0.04371325671672821,0.09255757182836533,69.7575912475586,0.06535408645868301
864459,1,-0.0,4.3421397035537995e-16,0.04371325671672821,0.09178382903337479,69.7575912475586,0.06476970762014389
864479,1,-0.0,3.5550433370428055e-16,0.04371325671672821,0.09099067747592926,69.7575912475586,0.062237393110990524
864499,1,-0.0,2.910623847145286e-16,0.04371325671672821,0.09017808735370636,69.7575912475586,0.06106863543391228
864519,1,-0.0,2.383017612212423e-16,0.04371325671672821,0.08934608101844788,69.7575912475586,0.06438011676073074
864539,1,-0.0,1.951049999702941e-16,0.04371325671672821,0.08849464356899261,69.7575912475586,0.06126343086361885
864559,1,-0.0,1.5973847598156068e-16,0.04371325671672821,0.08762381225824356,69.7575912475586,0.06301656365394592
864579,1,-0.0,1.3078282673323983e-16,0.04371325671672821,0.08673355728387833,69.7575912475586,0.057951945811510086
864599,1,-0.0,1.0707593625658847e-16,0.04371325671672821,0.08582387864589691,69.7575912475586,0.058341532945632935
864619,1,-0.0,8.766637479360319e-17,0.04371325671672821,0.08489476889371872,69.7575912475586,0.05814674124121666
864639,1,-0.0,7.177514996549586e-17,0.04371325671672821,0.08394622802734375,69.7575912475586,0.05853632837533951
864659,1,-0.0,5.876452537232279e-17,0.04371325671672821,0.0829782783985138,69.7575912475586,0.05678318813443184
864679,1,-0.0,4.8112331671881314e-17,0.04371325671672821,0.08199092745780945,69.7575912475586,0.05386129394173622
864699,1,-0.0,3.9391055453824424e-17,0.04371325671672821,0.08098413050174713,69.7575912475586,0.05639360472559929
864719,1,-0.0,3.225067027886663e-17,0.04371325671672821,0.07995791733264923,69.7575912475586,0.05347170680761337
864739,1,-0.0,2.6404617621762408e-17,0.04371325671672821,0.07891228049993515,69.7575912475586,0.054056085646152496
864759,1,-0.0,2.1618271010483547e-17,0.04371325671672821,0.07784721255302429,69.7575912475586,0.05386129394173622
864779,1,-0.0,1.7699544217544206e-17,0.04371325671672821,0.07676272839307785,69.7575912475586,0.05541963875293732
864799,1,-0.0,1.4491162084357228e-17,0.04371325671672821,0.07565882802009583,69.7575912475586,0.05288732796907425
864819,1,-0.0,1.1864359059327708e-17,0.04371325671672821,0.07453549653291702,69.7575912475586,0.052692536264657974
864839,1,-0.0,9.713715936469438e-18,0.04371325671672821,0.07339276373386383,69.7575912475586,0.051328983157873154
864859,1,-0.0,7.952918073223734e-18,0.04371325671672821,0.07223060727119446,69.7575912475586,0.051718570291996
864879,1,-0.0,6.5112990162698855e-18,0.04371325671672821,0.07104901969432831,69.7575912475586,0.051718570291996
864899,1,-0.0,5.3310012040725645e-18,0.04371325671672821,0.06984800100326538,69.7575912475586,0.04899146780371666
864919,1,-0.0,4.3646544844926966e-18,0.04371325671672821,0.06862757354974747,69.7575912475586,0.048407088965177536
864939,1,-0.0,3.573477321691346e-18,0.04371325671672821,0.06738772988319397,69.7575912475586,0.04821229353547096
864959,1,-0.0,2.9257159063138262e-18,0.04371325671672821,0.06612847000360489,69.7575912475586,0.047433122992515564
864979,1,-0.0,2.3953738128639747e-18,0.04371325671672821,0.06484979391098022,69.7575912475586,0.047433122992515564
864999,1,-0.0,1.961166443409883e-18,0.04371325671672821,0.06355167180299759,69.7575912475586,0.041784122586250305
865019,1,-0.0,1.6056673771917431e-18,0.04371325671672821,0.06223414093255997,69.7575912475586,0.043147675693035126
865039,1,-0.0,1.3146092996066641e-18,0.04371325671672821,0.060897182673215866,69.7575912475586,0.041784122586250305
865059,1,-0.0,1.0763111796344783e-18,0.04371325671672821,0.05954081565141678,69.7575912475586,0.04158933088183403
865079,1,-0.0,8.812091550328475e-19,0.04371325671672821,0.05816503241658211,69.73562622070312,0.04042057320475578
865099,1,-0.0,7.214731858221332e-19,0.04371325671672821,0.05676981061697006,69.73562622070312,0.03944660723209381
865119,1,-0.0,5.906923637611079e-19,0.04371325671672821,0.05535517632961273,69.73562622070312,0.03808305785059929
865139,1,-0.0,4.836179693691812e-19,0.04371325671672821,0.05392112582921982,69.73562622070312,0.03866743668913841
865159,1,-0.0,3.959529286111109e-19,0.04371325671672821,0.052467625588178635,69.73562622070312,0.03769347071647644
865179,1,-0.0,3.2417888045019097e-19,0.04371325671672821,0.050994712859392166,69.73562622070312,0.03632941097021103
865199,1,-0.0,2.654152459513879e-19,0.04371325671672821,0.0495024174451828,69.73562622070312,0.03535544499754906
865219,1,-0.0,2.173036556401306e-19,0.08233249932527542,0.03910403326153755,69.73562622070312,0.04645915701985359
865239,1,-0.0,1.779132243974759e-19,0.06713695824146271,0.04093409329652786,69.73562622070312,0.03145958483219147
865259,1,-0.0,1.456630420517731e-19,-0.018204377964138985,0.06380696594715118,69.73562622070312,0.03866743668913841
865279,1,-0.0,1.1925881651362105e-19,0.006158306263387203,0.056936539709568024,69.73562622070312,0.039641398936510086
865299,1,-0.0,9.764087125720248e-20,0.020935015752911568,0.05217047780752182,69.73562622070312,0.03983619436621666
865319,1,-0.0,7.994159075517732e-20,0.029897544533014297,0.048675525933504105,69.73562622070312,0.037303376942873
865339,1,-0.0,6.545065304356124e-20,0.03533359244465828,0.0459430031478405,69.73562622070312,0.03204396367073059
865359,1,-0.0,5.358647260354706e-20,0.03863072022795677,0.043665267527103424,69.73562622070312,0.03282313793897629
865379,1,-0.0,4.387290036385966e-20,0.0406305268406868,0.04165574908256531,69.73562622070312,0.030485620722174644
865399,1,-0.0,3.592009838026502e-20,0.0418434739112854,0.03980126231908798,69.73562622070312,0.029122069478034973
865419,1,-0.0,2.940889125859131e-20,0.04257916286587715,0.038033176213502884,69.73562622070312,0.027758516371250153
865439,1,-0.0,2.4077965857867065e-20,0.043025385588407516,0.03630984574556351,69.73562622070312,0.028342897072434425
865459,1,-0.0,1.9713373205125157e-20,0.04329603165388107,0.03460601717233658,69.73562622070312,0.021719932556152344
865479,1,-0.0,1.6139944880960408e-20,0.0434601865708828,0.03290637210011482,69.73562622070312,0.026005379855632782
865499,1,-0.0,1.3214270870052138e-20,0.04355974495410919,0.031201623380184174,69.73562622070312,0.022304311394691467
865519,1,-0.0,1.0818931107302597e-20,0.04362013190984726,0.029486149549484253,69.73562622070312,0.02327827736735344
865539,1,-0.0,8.857792503690206e-21,0.043656762689352036,0.02775651216506958,69.73562622070312,0.021330347284674644
865559,1,-0.0,7.252147693019549e-21,0.043678976595401764,0.026010654866695404,69.73562622070312,0.019577208906412125
865579,1,-0.0,5.9375569629714015e-21,0.0436924509704113,0.024247311055660248,69.73562622070312,0.020356381312012672
865599,1,-0.0,4.861261296204583e-21,0.043700624257326126,0.022465722635388374,69.73562622070312,0.019187623634934425
865619,1,-0.0,3.9800647395202055e-21,0.04370557889342308,0.02066543698310852,69.73562622070312,0.016460519284009933
865639,1,-0.0,3.258601888608968e-21,0.04370858520269394,0.01884615048766136,69.73562622070312,0.018798036500811577
865659,1,-0.0,2.6679179889088544e-21,0.043710414320230484,0.01700771041214466,69.73562622070312,0.013149037957191467
865679,1,-0.0,2.1843067226106918e-21,0.04371152073144913,0.015149998478591442,69.73562622070312,0.011395393870770931
865699,1,-0.0,1.7883592336814607e-21,0.04371218755841255,0.0132729671895504,69.73562622070312,0.012564659118652344
865719,1,-0.0,1.4641847080463891e-21,0.04371259734034538,0.011376574635505676,69.73562622070312,0.0076943254098296165
