time,f7_time,stage,target,position,velocity,current,state,code
0.006630045012570918,315.834,idle,0.0,88.16348266601562,-0.0,-0.026000000536441803,0,1
0.015190635982435197,315.844,idle,0.0,88.16348266601562,-0.0,-0.026000000536441803,0,1
0.025492412969470024,315.854,idle,0.0,88.16348266601562,-0.0,-0.026000000536441803,0,1
0.03543197095859796,315.864,idle,0.0,88.16348266601562,0.18333333730697632,0.014999999664723873,0,1
0.04663544299546629,315.874,idle,0.0,88.16348266601562,-0.0,0.014999999664723873,0,1
0.05515797401312739,315.884,idle,0.0,88.16348266601562,-0.0,0.014999999664723873,0,1
0.06554559897631407,315.894,idle,0.0,88.16348266601562,-0.0,0.014999999664723873,0,1
0.07525614398764446,315.904,idle,0.0,88.16348266601562,-0.0,0.014999999664723873,0,1
0.08579995797481388,315.914,idle,0.0,88.16348266601562,-0.0,0.04800000041723251,0,1
0.09535530698485672,315.924,idle,0.0,88.16348266601562,-0.0,-0.026000000536441803,0,1
0.10540851397672668,315.934,idle,0.0,88.16348266601562,-0.0,0.014999999664723873,0,1
0.1151840589591302,315.944,idle,0.0,88.16348266601562,-0.0,0.04800000041723251,0,1
0.12575458298670128,315.954,idle,0.0,88.16314697265625,-0.0,-0.026000000536441803,0,1
0.13560141896596178,315.964,idle,0.0,88.16348266601562,-0.0,-0.026000000536441803,0,1
0.14562286797445267,315.974,idle,0.0,88.16314697265625,-0.0,0.014999999664723873,0,1
0.15515130700077862,315.984,idle,0.0,88.16314697265625,-0.0,-0.026000000536441803,0,1
0.16572067799279466,315.994,idle,0.0,88.16348266601562,0.18333333730697632,-0.026000000536441803,0,1
0.17557472799671814,316.004,idle,0.0,88.16314697265625,-0.0,0.04800000041723251,0,1
0.185883677972015,316.014,idle,0.0,88.16314697265625,-0.0,-0.026000000536441803,0,1
0.19545979500981048,316.024,idle,0.0,88.16314697265625,-0.0,0.014999999664723873,0,1
0.20590718096354976,316.034,idle,0.0,88.16314697265625,-0.0,0.014999999664723873,0,1
0.21543730195844546,316.044,idle,0.0,88.16348266601562,-0.0,0.014999999664723873,0,1
0.2257182509638369,316.054,idle,0.0,88.16314697265625,-0.0,-0.026000000536441803,0,1
0.2354491829755716,316.064,idle,0.0,88.16314697265625,-0.0,-0.019999999552965164,0,1
0.2460987629601732,316.074,idle,0.0,88.16348266601562,-0.0,-0.026000000536441803,0,1
0.25568379601463675,316.084,idle,0.0,88.16348266601562,-0.0,0.014999999664723873,0,1
0.26597757800482213,316.094,idle,0.0,88.16348266601562,-0.0,0.014999999664723873,0,1
0.27569438400678337,316.104,idle,0.0,88.16348266601562,-0.0,-0.026000000536441803,0,1
0.2857094219652936,316.114,idle,0.0,88.16348266601562,-0.0,0.04800000041723251,0,1
0.29537731799064204,316.124,idle,0.0,88.16348266601562,-0.0,0.007000000216066837,0,1
0.3054366770084016,316.134,idle,0.0,88.16314697265625,-0.0,0.00800000037997961,0,1
0.3153410899685696,316.144,idle,0.0,88.16314697265625,-0.0,0.19599999487400055,0,1
0.3257416390115395,316.154,idle,0.0,88.16314697265625,-0.0,-0.02500000037252903,0,1
0.3352077729650773,316.164,idle,0.0,88.16314697265625,-0.0,-0.02500000037252903,0,1
0.3455772449960932,316.174,idle,0.0,88.16314697265625,-0.0,-0.02500000037252903,0,1
0.35536756698274985,316.184,idle,0.0,88.16314697265625,-0.0,0.014999999664723873,0,1
0.36554100696230307,316.194,idle,0.0,88.16348266601562,-0.0,0.014999999664723873,0,1
0.37521646701497957,316.204,idle,0.0,88.16314697265625,-0.0,0.23000000417232513,0,1
0.3860898799612187,316.214,idle,0.0,88.16348266601562,-0.0,-0.05999999865889549,0,1
0.39534437301335856,316.224,idle,0.0,88.16314697265625,-0.0,0.007000000216066837,0,1
0.4055891649913974,316.234,idle,0.0,88.16314697265625,-0.0,0.014999999664723873,0,1
0.41530377697199583,316.244,idle,0.0,88.16314697265625,-0.0,-0.026000000536441803,0,1
0.4255566140054725,316.254,idle,0.0,88.16314697265625,-0.0,0.014999999664723873,0,1
0.4354772469960153,316.264,idle,0.0,88.16348266601562,-0.0,-0.2409999966621399,0,1
0.44578065699897707,316.274,idle,0.0,88.16348266601562,-0.0,0.014999999664723873,0,1
0.4554347879602574,316.284,idle,0.0,88.16314697265625,-0.0,-0.2409999966621399,0,1
0.4673234149813652,316.294,idle,0.0,88.16314697265625,-0.0,-0.026000000536441803,0,1
0.4754370609880425,316.304,idle,0.0,88.16348266601562,-0.0,-0.026000000536441803,0,1
0.48554803599836305,316.314,idle,0.0,88.16348266601562,-0.0,0.014999999664723873,0,1
0.49530765099916607,316.324,idle,0.0,88.16348266601562,-0.0,0.014999999664723873,0,1
0.5055230690049939,316.334,idle,0.0,88.16348266601562,-0.0,0.014999999664723873,0,1
0.5154381419997662,316.344,idle,0.0,88.16348266601562,-0.0,0.014999999664723873,0,1
0.5255598360090517,316.354,idle,0.0,88.16348266601562,-0.0,0.23000000417232513,0,1
0.5355782299884595,316.364,idle,0.0,88.16348266601562,-0.0,-0.026000000536441803,0,1
0.5460382690071128,316.374,idle,0.0,88.16348266601562,-0.0,0.007000000216066837,0,1
0.5553308720118366,316.384,idle,0.0,88.16314697265625,-0.0,0.014999999664723873,0,1
0.5660223590093665,316.394,idle,0.0,88.16314697265625,-0.0,0.23600000143051147,0,1
0.5752583469729871,316.404,idle,0.0,88.16348266601562,-0.0,0.014999999664723873,0,1
0.5858452009852044,316.414,idle,0.0,88.16348266601562,-0.0,0.007000000216066837,0,1
0.5952269390108995,316.424,idle,0.0,88.16314697265625,-0.0,0.014999999664723873,0,1
0.6057558549800888,316.434,idle,0.0,88.16314697265625,-0.0,-0.026000000536441803,0,1
0.6154798449715599,316.444,idle,0.0,88.16348266601562,0.18333333730697632,-0.026000000536441803,0,1
0.6267213879618794,316.454,idle,0.0,88.16348266601562,-0.0,-0.026000000536441803,0,1
0.6353255189605989,316.464,idle,0.0,88.16348266601562,-0.0,0.007000000216066837,0,1
0.645305862009991,316.474,idle,0.0,88.16348266601562,-0.0,-0.026000000536441803,0,1
0.6557697189855389,316.484,idle,0.0,88.16348266601562,-0.0,-0.026000000536441803,0,1
0.6655719729606062,316.494,idle,0.0,88.16348266601562,-0.0,-0.026000000536441803,0,1
0.675397990969941,316.504,idle,0.0,88.16314697265625,0.18333333730697632,0.04800000041723251,0,1
0.6853953860118054,316.514,idle,0.0,88.16314697265625,-0.0,-0.026000000536441803,0,1
0.6952366029727273,316.524,idle,0.0,88.16348266601562,-0.0,0.014999999664723873,0,1
0.7061091139912605,316.534,idle,0.0,88.16348266601562,-0.0,0.014999999664723873,0,1
0.7151876720017754,316.544,idle,0.0,88.16348266601562,-0.0,-0.026000000536441803,0,1
0.7256482020020485,316.554,idle,0.0,88.16348266601562,-0.0,-0.026000000536441803,0,1
0.7353992619900964,316.564,idle,0.0,88.16348266601562,-0.0,-0.026000000536441803,0,1
0.7455815479625016,316.574,idle,0.0,88.16314697265625,-0.0,-0.026000000536441803,0,1
0.7554929240141064,316.584,idle,0.0,88.16314697265625,-0.0,-0.026000000536441803,0,1
0.7653449599747546,316.594,idle,0.0,88.16348266601562,-0.0,0.014999999664723873,0,1
0.7751155860023573,316.604,idle,0.0,88.16314697265625,-0.0,-0.026000000536441803,0,1
0.7853869569953531,316.614,idle,0.0,88.16348266601562,0.18333333730697632,-0.026000000536441803,0,1
0.7953299809596501,316.624,idle,0.0,88.16348266601562,0.18333333730697632,0.014999999664723873,0,1
0.8060049079940654,316.634,idle,0.0,88.16348266601562,-0.0,-0.026000000536441803,0,1
0.8151367040118203,316.644,idle,0.0,88.16348266601562,-0.0,-0.026000000536441803,0,1
0.8254528070101514,316.654,idle,0.0,88.16348266601562,-0.0,0.04800000041723251,0,1
0.8364495579735376,316.664,idle,0.0,88.16348266601562,-0.0,0.04800000041723251,0,1
0.845525259966962,316.674,idle,0.0,88.16348266601562,-0.0,0.014999999664723873,0,1
0.8553683600039221,316.684,idle,0.0,88.16348266601562,-0.0,-0.026000000536441803,0,1
0.8656118789804168,316.694,idle,0.0,88.16348266601562,-0.0,0.014999999664723873,0,1
0.8751986660063267,316.704,idle,0.0,88.16348266601562,-0.0,0.014999999664723873,0,1
0.8856759970076382,316.714,idle,0.0,88.16314697265625,-0.0,0.007000000216066837,0,1
0.895328915969003,316.724,idle,0.0,88.16348266601562,-0.0,0.014999999664723873,0,1
0.9057600119849667,316.734,idle,0.0,88.16348266601562,-0.0,0.014999999664723873,0,1
0.9154634329606779,316.744,idle,0.0,88.16348266601562,-0.0,0.014999999664723873,0,1
0.9254178989795037,316.754,idle,0.0,88.16348266601562,-0.0,-0.05999999865889549,0,1
0.9351062229834497,316.764,idle,0.0,88.16348266601562,-0.0,-0.026000000536441803,0,1
0.9453584880102426,316.774,idle,0.0,88.16348266601562,-0.0,0.05400000140070915,0,1
0.9551292749820277,316.784,idle,0.0,88.16348266601562,-0.0,-0.026000000536441803,0,1
0.9656852110056207,316.794,idle,0.0,88.16348266601562,-0.0,0.014999999664723873,0,1
0.9753808690002188,316.804,idle,0.0,88.16348266601562,-0.0,0.014999999664723873,0,1
0.9857619419926777,316.814,idle,0.0,88.16314697265625,-0.0,0.014999999664723873,0,1
0.9952371729887091,316.824,idle,0.0,88.16348266601562,-0.0,0.014999999664723873,0,1
1.005366230965592,316.834,idle,0.0,88.16348266601562,-0.0,-0.026000000536441803,0,1
1.0151731029618531,316.844,idle,0.0,88.16348266601562,-0.0,-0.026000000536441803,0,1
1.0254937050049193,316.854,idle,0.0,88.16348266601562,-0.0,0.014999999664723873,0,1
1.0351684739580378,316.864,idle,0.0,88.16314697265625,-0.0,-0.026000000536441803,0,1
1.0467097709770314,316.874,idle,0.0,88.16348266601562,0.18333333730697632,-0.05999999865889549,0,1
1.055255623999983,316.884,idle,0.0,88.16314697265625,-0.0,0.014999999664723873,0,1
1.0656131340074353,316.894,idle,0.0,88.16348266601562,0.18333333730697632,0.014999999664723873,0,1
1.0753382059629075,316.904,idle,0.0,88.16348266601562,-0.0,0.014999999664723873,0,1
1.0854079150012694,316.914,idle,0.0,88.16348266601562,-0.0,0.014999999664723873,0,1
1.0951283579925075,316.924,idle,0.0,88.16348266601562,-0.0,0.04800000041723251,0,1
1.106134284986183,316.934,idle,0.0,88.16314697265625,-0.0,0.014999999664723873,0,1
1.11504658596823,316.944,idle,0.0,88.16314697265625,-0.0,0.014999999664723873,0,1
1.125624562962912,316.954,idle,0.0,88.16314697265625,-0.0,0.04800000041723251,0,1
1.1355600039823912,316.964,idle,0.0,88.16314697265625,-0.0,0.014999999664723873,0,1
1.1455550440005027,316.974,idle,0.0,88.16348266601562,-0.0,0.04800000041723251,0,1
1.1554446300142445,316.984,idle,0.0,88.16348266601562,-0.0,0.014999999664723873,0,1
1.1663064709864557,316.994,idle,0.0,88.16348266601562,-0.0,-0.026000000536441803,0,1
1.175664454989601,317.004,idle,0.0,88.16348266601562,-0.0,0.014999999664723873,0,1
1.185602379962802,317.014,idle,0.0,88.16348266601562,-0.0,-0.026000000536441803,0,1
1.195234068960417,317.024,idle,0.0,88.16314697265625,-0.0,-0.026000000536441803,0,1
1.205557275970932,317.034,idle,0.0,88.16314697265625,-0.0,0.014999999664723873,0,1
1.2149799990002066,317.044,idle,0.0,88.16348266601562,-0.0,0.014999999664723873,0,1
1.2256185779697262,317.054,idle,0.0,88.16314697265625,-0.0,0.014999999664723873,0,1
1.2353104689973406,317.064,idle,0.0,88.16348266601562,-0.0,-0.026000000536441803,0,1
1.2455449620028958,317.074,idle,0.0,88.16348266601562,-0.0,-0.026000000536441803,0,1
1.2553090259898454,317.084,idle,0.0,88.16348266601562,-0.0,0.014999999664723873,0,1
1.2655307250097394,317.094,idle,0.0,88.16348266601562,-0.0,0.014999999664723873,0,1
1.2754273329628631,317.104,idle,0.0,88.16348266601562,-0.0,0.014999999664723873,0,1
1.2855039039859548,317.114,idle,0.0,88.16348266601562,0.18333333730697632,-0.026000000536441803,0,1
1.2952183469897136,317.124,idle,0.0,88.16314697265625,-0.0,-0.026000000536441803,0,1
1.3054577879956923,317.134,idle,0.0,88.16348266601562,0.18333333730697632,0.04800000041723251,0,1
1.3152450050110929,317.144,idle,0.0,88.16348266601562,-0.0,0.014999999664723873,0,1
1.3254531389684416,317.154,idle,0.0,88.16314697265625,-0.0,0.007000000216066837,0,1
1.3351277179899625,317.164,idle,0.0,88.16348266601562,-0.0,0.014999999664723873,0,1
1.3453636330086738,317.174,idle,0.0,88.16348266601562,-0.0,0.014999999664723873,0,1
1.3552073139580898,317.184,idle,0.0,88.16348266601562,-0.0,-0.026000000536441803,0,1
1.365255893964786,317.194,idle,0.0,88.16348266601562,-0.0,-0.026000000536441803,0,1
1.3752555630053394,317.204,idle,0.0,88.16348266601562,-0.0,-0.026000000536441803,0,1
1.3854020329890773,317.214,idle,0.0,88.16348266601562,-0.0,0.014999999664723873,0,1
1.395375263004098,317.224,idle,0.0,88.16348266601562,-0.0,0.014999999664723873,0,1
1.4053583319764584,317.234,idle,0.0,88.16348266601562,-0.0,0.014999999664723873,0,1
1.4150364070083015,317.244,idle,0.0,88.16348266601562,-0.0,-0.026000000536441803,0,1
1.4253964519593865,317.254,idle,0.0,88.16348266601562,-0.0,0.014999999664723873,0,1
1.4350712209707126,317.264,idle,0.0,88.16348266601562,-0.0,-0.026000000536441803,0,1
1.4454315459588543,317.274,idle,0.0,88.16348266601562,-0.0,0.014999999664723873,0,1
1.4553300879779272,317.284,idle,0.0,88.16348266601562,-0.0,-0.026000000536441803,0,1
1.4653316409676336,317.294,idle,0.0,88.16348266601562,0.18333333730697632,-0.026000000536441803,0,1
1.475137903005816,317.304,idle,0.0,88.16348266601562,-0.0,-0.026000000536441803,0,1
1.485375911986921,317.314,idle,0.0,88.16314697265625,-0.0,0.014999999664723873,0,1
1.4951674969634041,317.324,idle,0.0,88.16348266601562,-0.0,0.23000000417232513,0,1
1.5056675900123082,317.334,idle,0.0,88.16348266601562,-0.0,0.014999999664723873,0,1
1.515064655977767,317.344,idle,0.0,88.16314697265625,-0.0,0.014999999664723873,0,1
1.5264423409826122,317.354,idle,0.0,88.16314697265625,-0.0,0.014999999664723873,0,1
1.5353649699827656,317.364,idle,0.0,88.16314697265625,-0.0,-0.026000000536441803,0,1
1.5454069479601458,317.374,idle,0.0,88.16314697265625,-0.0,0.014999999664723873,0,1
1.5553350239642896,317.384,idle,0.0,88.16314697265625,-0.0,0.014999999664723873,0,1
1.565467840002384,317.394,idle,0.0,88.16314697265625,-0.0,0.014999999664723873,0,1
1.5752254420076497,317.404,idle,0.0,88.16348266601562,-0.0,0.014999999664723873,0,1
1.585385998012498,317.414,idle,0.0,88.16348266601562,-0.0,0.014999999664723873,0,1
1.595231382001657,317.424,idle,0.0,88.16348266601562,-0.0,0.014999999664723873,0,1
1.6053476659581065,317.434,idle,0.0,88.16348266601562,-0.0,0.014999999664723873,0,1
1.6152657049824484,317.444,idle,0.0,88.16348266601562,-0.0,0.014999999664723873,0,1
1.6255953229847364,317.454,idle,0.0,88.16348266601562,-0.0,0.014999999664723873,0,1
1.635081454005558,317.464,idle,0.0,88.16348266601562,-0.0,0.014999999664723873,0,1
1.6455377459642477,317.474,idle,0.0,88.16348266601562,-0.0,0.04800000041723251,0,1
1.655296040000394,317.484,idle,0.0,88.16348266601562,-0.0,-0.20800000429153442,0,1
1.6654566759825684,317.494,idle,0.0,88.16314697265625,-0.0,0.014999999664723873,0,1
1.675239183998201,317.504,idle,0.0,88.16348266601562,-0.0,0.007000000216066837,0,1
1.685442729969509,317.514,idle,0.0,88.16348266601562,-0.0,0.04800000041723251,0,1
1.69529678998515,317.524,idle,0.0,88.16348266601562,-0.0,0.014999999664723873,0,1
1.7055119869764894,317.534,idle,0.0,88.16314697265625,-0.0,0.014999999664723873,0,1
1.7152445229585283,317.544,idle,0.0,88.16314697265625,-0.0,0.014999999664723873,0,1
1.7256296339910477,317.554,idle,0.0,88.16314697265625,-0.0,0.04800000041723251,0,1
1.7362059179577045,317.564,idle,0.0,88.16348266601562,-0.0,0.014999999664723873,0,1
1.7453631910029799,317.574,idle,0.0,88.16348266601562,-0.0,0.014999999664723873,0,1
1.7551962430006824,317.584,idle,0.0,88.16348266601562,-0.0,0.014999999664723873,0,1
1.7653221350046806,317.594,idle,0.0,88.16348266601562,-0.0,-0.026000000536441803,0,1
1.7750199059955776,317.604,idle,0.0,88.16314697265625,-0.0,0.014999999664723873,0,1
1.785651201964356,317.614,idle,0.0,88.16314697265625,-0.0,0.014999999664723873,0,1
1.7950520549784414,317.624,idle,0.0,88.16348266601562,0.18333333730697632,0.04800000041723251,0,1
1.8055496140150353,317.634,idle,0.0,88.16348266601562,-0.0,0.04800000041723251,0,1
1.8152643369976431,317.644,idle,0.0,88.16348266601562,-0.0,-0.026000000536441803,0,1
1.825329467013944,317.654,idle,0.0,88.16314697265625,-0.0,-0.026000000536441803,0,1
1.835110691958107,317.664,idle,0.0,88.16314697265625,-0.0,-0.026000000536441803,0,1
1.8456330169574358,317.674,idle,0.0,88.16314697265625,-0.0,0.014999999664723873,0,1
1.8550895529915579,317.684,idle,0.0,88.16314697265625,-0.0,0.014999999664723873,0,1
1.8654025009600446,317.694,idle,0.0,88.16314697265625,-0.0,-0.026000000536441803,0,1
1.875315959972795,317.704,idle,0.0,88.16314697265625,-0.0,0.014999999664723873,0,1
1.8857394919614308,317.714,idle,0.0,88.16348266601562,0.18333333730697632,0.014999999664723873,0,1
1.8952229979913682,317.724,idle,0.0,88.16314697265625,-0.0,0.014999999664723873,0,1
1.9055578759871423,317.734,idle,0.0,88.16348266601562,-0.0,-0.026000000536441803,0,1
1.9153335120063275,317.744,idle,0.0,88.16348266601562,-0.0,-0.026000000536441803,0,1
1.9253849670058116,317.754,idle,0.0,88.16314697265625,-0.0,0.014999999664723873,0,1
1.9352412709849887,317.764,idle,0.0,88.16314697265625,-0.0,-0.026000000536441803,0,1
1.9464979720069095,317.774,idle,0.0,88.16348266601562,-0.0,0.014999999664723873,0,1
1.955112952971831,317.784,idle,0.0,88.16348266601562,-0.0,-0.026000000536441803,0,1
1.9656149299698882,317.794,idle,0.0,88.16348266601562,-0.0,0.014999999664723873,0,1
1.9753142439876683,317.804,idle,0.0,88.16314697265625,-0.0,0.014999999664723873,0,1
1.9853155869641341,317.814,idle,0.0,88.16348266601562,-0.0,0.014999999664723873,0,1
1.995269480976276,317.824,idle,0.0,88.16348266601562,-0.0,0.014999999664723873,0,1
2.0056642199633643,317.834,idle,0.0,88.16314697265625,-0.0,0.014999999664723873,0,1
2.0150686699780636,317.844,idle,0.0,88.16314697265625,-0.0,0.014999999664723873,0,1
2.0256085469736718,317.854,idle,0.0,88.16314697265625,-0.0,0.014999999664723873,0,1
2.0352159909671172,317.864,idle,0.0,88.16314697265625,-0.0,-0.019999999552965164,0,1
2.0455075500067323,317.874,idle,0.0,88.16314697265625,-0.0,-0.026000000536441803,0,1
2.05527568096295,317.884,idle,0.0,88.16348266601562,-0.0,-0.026000000536441803,0,1
2.065396994992625,317.894,idle,0.0,88.16348266601562,-0.0,0.014999999664723873,0,1
2.075432800978888,317.904,idle,0.0,88.16348266601562,-0.0,0.007000000216066837,0,1
2.0853253320092335,317.914,idle,0.0,88.16348266601562,-0.0,-0.026000000536441803,0,1
2.0952934629749507,317.924,idle,0.0,88.16348266601562,-0.0,0.014999999664723873,0,1
2.1066542259650305,317.934,idle,0.0,88.16314697265625,-0.0,0.007000000216066837,0,1
2.115265099972021,317.944,idle,0.0,88.16314697265625,-0.0,0.014999999664723873,0,1
2.125493210973218,317.954,idle,0.0,88.16348266601562,-0.0,0.014999999664723873,0,1
2.1352370369713753,317.964,idle,0.0,88.16348266601562,-0.0,0.014999999664723873,0,1
2.1451731689739972,317.974,idle,0.0,88.16348266601562,-0.0,0.014999999664723873,0,1
2.155187916010618,317.984,idle,0.0,88.16348266601562,-0.0,0.014999999664723873,0,1
2.165459617972374,317.994,idle,0.0,88.16348266601562,-0.0,0.014999999664723873,0,1
2.1752613809658214,318.004,idle,0.0,88.16348266601562,-0.0,0.014999999664723873,0,1
2.1852573640062474,318.014,idle,0.0,88.16314697265625,-0.0,-0.05999999865889549,0,1
2.1951370909810066,318.024,idle,0.0,88.16348266601562,-0.0,-0.026000000536441803,0,1
2.205491054977756,318.034,idle,0.0,88.16348266601562,-0.0,-0.026000000536441803,0,1
2.2150402719853446,318.044,idle,0.0,88.16348266601562,-0.0,-0.026000000536441803,0,1
2.225435310974717,318.054,idle,0.0,88.16348266601562,-0.0,0.014999999664723873,0,1
2.2352633529808372,318.064,idle,0.0,88.16348266601562,-0.0,0.007000000216066837,0,1
2.2456107849720865,318.074,idle,0.0,88.16348266601562,-0.0,-0.026000000536441803,0,1
2.255050028965343,318.084,idle,0.0,88.16348266601562,-0.0,0.014999999664723873,0,1
2.265353168011643,318.094,idle,0.0,88.16348266601562,-0.0,-0.026000000536441803,0,1
2.2753023440018296,318.104,idle,0.0,88.16314697265625,-0.0,0.014999999664723873,0,1
2.2852605970110744,318.114,idle,0.0,88.16314697265625,-0.0,0.014999999664723873,0,1
2.2951098780031316,318.124,idle,0.0,88.16348266601562,-0.0,0.23000000417232513,0,1
2.305493096006103,318.134,idle,0.0,88.16348266601562,-0.0,-0.026000000536441803,0,1
2.3153744660085067,318.144,idle,0.0,88.16348266601562,-0.0,-0.026000000536441803,0,1
2.325422163994517,318.154,idle,0.0,88.16348266601562,0.18333333730697632,-0.05999999865889549,0,1
2.335567552014254,318.164,idle,0.0,88.16314697265625,-0.0,-0.026000000536441803,0,1
2.3452578699798323,318.174,idle,0.0,88.16348266601562,-0.0,0.014999999664723873,0,1
2.3550967219634913,318.184,idle,0.0,88.16348266601562,-0.0,-0.026000000536441803,0,1
2.365310316963587,318.194,idle,0.0,88.16348266601562,-0.0,0.014999999664723873,0,1
2.3751232809736393,318.204,idle,0.0,88.16348266601562,-0.0,-0.019999999552965164,0,1
2.3854706729762256,318.214,idle,0.0,88.16348266601562,-0.0,0.014999999664723873,0,1
2.395151322009042,318.224,idle,0.0,88.16348266601562,-0.0,-0.019999999552965164,0,1
2.4054219619720243,318.234,idle,0.0,88.16348266601562,-0.0,0.014999999664723873,0,1
2.414988862001337,318.244,idle,0.0,88.16348266601562,-0.0,-0.2409999966621399,0,1
2.4254760919720866,318.254,idle,0.0,88.16348266601562,-0.0,0.014999999664723873,0,1
2.4353056569816545,318.264,idle,0.0,88.16348266601562,-0.0,0.04800000041723251,0,1
2.445311907969881,318.274,idle,0.0,88.16348266601562,-0.0,0.014999999664723873,0,1
2.4551972359768115,318.284,idle,0.0,88.16348266601562,-0.0,0.014999999664723873,0,1
2.4653866959852166,318.294,idle,0.0,88.16314697265625,-0.0,0.014999999664723873,0,1
2.475229394971393,318.304,idle,0.0,88.16314697265625,-0.0,0.014999999664723873,0,1
2.4856817409745418,318.314,idle,0.0,88.16348266601562,-0.0,0.014999999664723873,0,1
2.495387706963811,318.324,idle,0.0,88.16314697265625,-0.0,0.014999999664723873,0,1
2.505502960004378,318.334,idle,0.0,88.16314697265625,-0.0,-0.026000000536441803,0,1
2.5159823650028557,318.344,idle,0.0,88.16348266601562,0.18333333730697632,-0.026000000536441803,0,1
2.5264732119976543,318.354,idle,0.0,88.16348266601562,-0.0,0.014999999664723873,0,1
2.535482141014654,318.364,idle,0.0,88.16314697265625,-0.0,-0.026000000536441803,0,1
2.5453459289856255,318.374,idle,0.0,88.16314697265625,-0.0,0.014999999664723873,0,1
2.5551611579721794,318.384,idle,0.0,88.16348266601562,-0.0,0.014999999664723873,0,1
2.5653055539587513,318.394,idle,0.0,88.16348266601562,-0.0,0.014999999664723873,0,1
2.575287781015504,318.404,idle,0.0,88.16348266601562,-0.0,-0.019999999552965164,0,1
2.585890243994072,318.414,idle,0.0,88.16348266601562,-0.0,0.014999999664723873,0,1
2.5954235320095904,318.424,idle,0.0,88.16314697265625,-0.0,0.014999999664723873,0,1
2.6056206859648228,318.434,idle,0.0,88.16348266601562,-0.0,-0.026000000536441803,0,1
2.6152207169798203,318.444,idle,0.0,88.16348266601562,-0.0,-0.026000000536441803,0,1
2.625426637008786,318.454,idle,0.0,88.16348266601562,-0.0,-0.026000000536441803,0,1
2.635248767968733,318.464,idle,0.0,88.16348266601562,-0.0,0.014999999664723873,0,1
2.6455495029804297,318.474,idle,0.0,88.16348266601562,-0.0,0.014999999664723873,0,1
2.6552234209957533,318.484,idle,0.0,88.16348266601562,-0.0,0.014999999664723873,0,1
2.665785959979985,318.494,idle,0.0,88.16348266601562,-0.0,-0.2409999966621399,0,1
2.675249448977411,318.504,idle,0.0,88.16314697265625,-0.0,-0.026000000536441803,0,1
2.685788995004259,318.514,idle,0.0,88.16314697265625,-0.0,-0.026000000536441803,0,1
2.6951595720020123,318.524,idle,0.0,88.16348266601562,0.18333333730697632,0.014999999664723873,0,1
2.705373717995826,318.534,idle,0.0,88.16348266601562,-0.0,-0.026000000536441803,0,1
2.715342640003655,318.544,idle,0.0,88.16348266601562,-0.0,-0.026000000536441803,0,1
2.725530155992601,318.554,idle,0.0,88.16348266601562,-0.0,0.014999999664723873,0,1
2.73494865198154,318.564,idle,0.0,88.16348266601562,-0.0,0.014999999664723873,0,1
2.745384306006599,318.574,idle,0.0,88.16314697265625,-0.0,0.014999999664723873,0,1
2.7550727410125546,318.584,idle,0.0,88.16314697265625,-0.0,-0.026000000536441803,0,1
2.765381189994514,318.594,idle,0.0,88.16314697265625,-0.0,0.04800000041723251,0,1
2.7753700399771333,318.604,idle,0.0,88.16348266601562,-0.0,0.014999999664723873,0,1
2.7855331409955397,318.614,idle,0.0,88.16348266601562,-0.0,-0.026000000536441803,0,1
2.796402826963458,318.624,idle,0.0,88.16348266601562,-0.0,0.014999999664723873,0,1
2.8053217100095935,318.634,idle,0.0,88.16348266601562,-0.0,0.014999999664723873,0,1
2.815483528014738,318.644,idle,0.0,88.16348266601562,-0.0,0.014999999664723873,0,1
2.8254764649900608,318.654,idle,0.0,88.16348266601562,-0.0,-0.05999999865889549,0,1
2.835117812966928,318.664,idle,0.0,88.16348266601562,-0.0,0.014999999664723873,0,1
2.8453784639714286,318.674,idle,0.0,88.16348266601562,-0.0,-0.2409999966621399,0,1
2.8551746269804426,318.684,idle,0.0,88.16348266601562,-0.0,0.014999999664723873,0,1
2.865372992993798,318.694,idle,0.0,88.16348266601562,-0.0,-0.026000000536441803,0,1
2.875093095994089,318.704,idle,0.0,88.16314697265625,-0.0,-0.026000000536441803,0,1
2.8853617719723843,318.714,idle,0.0,88.16314697265625,-0.0,0.014999999664723873,0,1
2.895173573982902,318.724,idle,0.0,88.16314697265625,-0.0,0.014999999664723873,0,1
2.9054388439981267,318.734,idle,0.0,88.16314697265625,-0.0,0.014999999664723873,0,1
2.915292744000908,318.744,idle,0.0,88.16314697265625,-0.0,-0.026000000536441803,0,1
2.925521836965345,318.754,idle,0.0,88.16314697265625,-0.0,0.23000000417232513,0,1
2.935058400966227,318.764,idle,0.0,88.16314697265625,-0.0,-0.026000000536441803,0,1
2.9454641100019217,318.774,idle,0.0,88.16314697265625,-0.0,-0.026000000536441803,0,1
2.955184432968963,318.784,idle,0.0,88.16348266601562,-0.0,-0.06599999964237213,0,1
2.9652804610086605,318.794,idle,0.0,88.16314697265625,-0.0,-0.026000000536441803,0,1
2.975105627963785,318.804,idle,0.0,88.16348266601562,-0.0,-0.026000000536441803,0,1
2.98539702600101,318.814,idle,0.0,88.16348266601562,-0.0,-0.026000000536441803,0,1
2.995040006004274,318.824,idle,0.0,88.16348266601562,-0.0,0.007000000216066837,0,1
3.006694751966279,318.834,idle,0.0,88.16348266601562,-0.0,-0.026000000536441803,0,1
3.0150782960117795,318.844,idle,0.0,88.16314697265625,-0.0,0.014999999664723873,0,1
3.025415598996915,318.854,idle,0.0,88.16314697265625,-0.0,0.014999999664723873,0,1
3.0350092480075546,318.864,idle,0.0,88.16348266601562,-0.0,0.014999999664723873,0,1
3.0453670590068214,318.874,idle,0.0,88.16348266601562,-0.0,0.007000000216066837,0,1
3.0550427099806257,318.884,idle,0.0,88.16314697265625,-0.0,-0.026000000536441803,0,1
3.0652719229692593,318.894,idle,0.0,88.16348266601562,-0.0,0.007000000216066837,0,1
3.0750564049812965,318.904,idle,0.0,88.16314697265625,-0.0,-0.026000000536441803,0,1
3.0852918089949526,318.914,idle,0.0,88.16314697265625,-0.0,0.014999999664723873,0,1
3.0950001209857874,318.924,idle,0.0,88.16348266601562,-0.0,0.007000000216066837,0,1
3.1053187089855783,318.934,idle,0.0,88.16348266601562,-0.0,0.014999999664723873,0,1
3.1150407450040802,318.944,idle,0.0,88.16314697265625,-0.0,0.04800000041723251,0,1
3.125412071007304,318.954,idle,0.0,88.16314697265625,-0.0,0.014000000432133675,0,1
3.1350215490092523,318.964,idle,0.0,88.16348266601562,0.18333333730697632,-0.026000000536441803,0,1
3.1453545739641413,318.974,idle,0.0,88.16348266601562,-0.0,0.014999999664723873,0,1
3.15511236700695,318.984,idle,0.0,88.16348266601562,-0.0,0.014999999664723873,0,1
3.165228961966932,318.994,idle,0.0,88.16314697265625,-0.0,0.014999999664723873,0,1
3.175018383015413,319.004,idle,0.0,88.16314697265625,-0.0,0.014999999664723873,0,1
3.1852708290098235,319.014,idle,0.0,88.16348266601562,0.18333333730697632,0.014999999664723873,0,1
3.1950858869822696,319.024,idle,0.0,88.16348266601562,-0.0,0.014999999664723873,0,1
3.2053424809710123,319.034,idle,0.0,88.16314697265625,-0.0,-0.026000000536441803,0,1
3.215058266010601,319.044,idle,0.0,88.16314697265625,-0.0,0.014999999664723873,0,1
3.225641663011629,319.054,idle,0.0,88.16348266601562,-0.0,-0.026000000536441803,0,1
3.235157538962085,319.064,idle,0.0,88.16348266601562,-0.0,0.014999999664723873,0,1
3.2453479699906893,319.074,idle,0.0,88.16348266601562,-0.0,-0.026000000536441803,0,1
3.2553569870069623,319.084,idle,0.0,88.16314697265625,-0.0,0.04800000041723251,0,1
3.2654439469915815,319.094,idle,0.0,88.16348266601562,-0.0,0.007000000216066837,0,1
3.2750618910067715,319.104,idle,0.0,88.16348266601562,-0.0,0.04800000041723251,0,1
3.2853539109928533,319.114,idle,0.0,88.16348266601562,-0.0,0.007000000216066837,0,1
3.2951164419646375,319.124,idle,0.0,88.16348266601562,-0.0,-0.2409999966621399,0,1
3.3051902879960835,319.134,idle,0.0,88.16348266601562,-0.0,0.014999999664723873,0,1
3.314985679986421,319.144,idle,0.0,88.16348266601562,-0.0,0.007000000216066837,0,1
3.325384486000985,319.154,idle,0.0,88.16348266601562,-0.0,0.014999999664723873,0,1
3.3351744079845957,319.164,idle,0.0,88.16348266601562,0.18333333730697632,-0.026000000536441803,0,1
3.345186560007278,319.174,idle,0.0,88.16348266601562,-0.0,-0.019999999552965164,0,1
3.3553100079880096,319.184,idle,0.0,88.16348266601562,-0.0,0.014999999664723873,0,1
3.3655882719904184,319.194,idle,0.0,88.16348266601562,-0.0,-0.019999999552965164,0,1
3.3751645499723963,319.204,idle,0.0,88.16348266601562,-0.0,-0.026000000536441803,0,1
3.3855311569641344,319.214,idle,0.0,88.16348266601562,-0.0,0.04800000041723251,0,1
3.3950157340150326,319.224,idle,0.0,88.16348266601562,-0.0,0.014999999664723873,0,1
3.4055458839866333,319.234,idle,0.0,88.16348266601562,-0.0,0.014999999664723873,0,1
3.4154742609825917,319.244,idle,0.0,88.16348266601562,-0.0,0.014999999664723873,0,1
3.426495276973583,319.254,idle,0.0,88.16348266601562,-0.0,0.014999999664723873,0,1
3.434998040960636,319.264,idle,0.0,88.16348266601562,-0.0,-0.2409999966621399,0,1
3.4454803919652477,319.274,idle,0.0,88.16348266601562,-0.0,0.014999999664723873,0,1
3.4553945639636368,319.284,idle,0.0,88.16314697265625,-0.0,-0.026000000536441803,0,1
3.465254885959439,319.294,idle,0.0,88.16314697265625,-0.0,0.014999999664723873,0,1
3.4752882969914936,319.304,idle,0.0,88.16314697265625,-0.0,0.014999999664723873,0,1
3.485295741003938,319.314,idle,0.0,88.16348266601562,-0.0,0.014999999664723873,0,1
3.49506448401371,319.324,idle,0.0,88.16348266601562,0.18333333730697632,-0.026000000536441803,0,1
3.505340412957594,319.334,idle,0.0,88.16348266601562,-0.0,-0.026000000536441803,0,1
3.515007658977993,319.344,idle,0.0,88.16348266601562,-0.0,0.014999999664723873,0,1
3.5253118199761957,319.354,idle,0.0,88.16348266601562,-0.0,0.04800000041723251,0,1
3.5349460949655622,319.364,idle,0.0,88.16314697265625,-0.0,0.04800000041723251,0,1
3.5453400919795968,319.374,idle,0.0,88.16348266601562,-0.0,-0.2409999966621399,0,1
3.555365248990711,319.384,idle,0.0,88.16314697265625,-0.0,0.007000000216066837,0,1
3.565737876982894,319.394,idle,0.0,88.16314697265625,-0.0,-0.026000000536441803,0,1
3.5752221439615823,319.404,idle,0.0,88.16314697265625,-0.0,0.014999999664723873,0,1
3.586516995972488,319.414,idle,0.0,88.16314697265625,-0.0,-0.026000000536441803,0,1
3.595114604977425,319.424,idle,0.0,88.16314697265625,-0.0,-0.026000000536441803,0,1
3.605514022987336,319.434,idle,0.0,88.16314697265625,-0.0,0.014999999664723873,0,1
3.6152337649837136,319.444,idle,0.0,88.16314697265625,-0.0,0.014999999664723873,0,1
3.625480360991787,319.454,idle,0.0,88.16348266601562,-0.0,0.04800000041723251,0,1
3.635050726996269,319.464,idle,0.0,88.16348266601562,-0.0,-0.026000000536441803,0,1
3.64533313899301,319.474,idle,0.0,88.16348266601562,-0.0,0.014999999664723873,0,1
3.6551807769574225,319.484,idle,0.0,88.16348266601562,-0.0,-0.026000000536441803,0,1
3.6654833859647624,319.494,idle,0.0,88.16348266601562,-0.0,0.014999999664723873,0,1
3.675000924966298,319.504,idle,0.0,88.16314697265625,-0.0,0.014999999664723873,0,1
3.68537095800275,319.514,idle,0.0,88.16314697265625,-0.0,0.014999999664723873,0,1
3.6948234969750047,319.524,idle,0.0,88.16348266601562,-0.0,-0.026000000536441803,0,1
3.7054630179773085,319.534,idle,0.0,88.16348266601562,-0.0,-0.026000000536441803,0,1
3.7148888370138593,319.544,idle,0.0,88.16348266601562,-0.0,0.04800000041723251,0,1
3.725497771985829,319.554,idle,0.0,88.16348266601562,-0.0,0.014999999664723873,0,1
3.7351073609897867,319.564,idle,0.0,88.16348266601562,-0.0,0.014999999664723873,0,1
3.745562180993147,319.574,idle,0.0,88.16348266601562,-0.0,0.014999999664723873,0,1
3.7552463070023805,319.584,idle,0.0,88.16314697265625,-0.0,0.014999999664723873,0,1
3.765444452990778,319.594,idle,0.0,88.16348266601562,-0.0,-0.026000000536441803,0,1
3.775072705990169,319.604,idle,0.0,88.16348266601562,-0.0,-0.019999999552965164,0,1
3.7852536609862,319.614,idle,0.0,88.16348266601562,-0.0,-0.026000000536441803,0,1
3.79493640398141,319.624,idle,0.0,88.16348266601562,-0.0,-0.026000000536441803,0,1
3.8054842459969223,319.634,idle,0.0,88.16348266601562,-0.0,0.014999999664723873,0,1
3.815132056013681,319.644,idle,0.0,88.16314697265625,-0.0,0.014999999664723873,0,1
3.8254297749954276,319.654,idle,0.0,88.16314697265625,-0.0,0.014999999664723873,0,1
3.835120042960625,319.664,idle,0.0,88.16314697265625,-0.0,0.014999999664723873,0,1
3.8455867849988863,319.674,idle,0.0,88.16348266601562,-0.0,-0.026000000536441803,0,1
3.8551958029856905,319.684,idle,0.0,88.16314697265625,-0.0,-0.2409999966621399,0,1
3.866035835002549,319.694,idle,0.0,88.16348266601562,-0.0,0.014999999664723873,0,1
3.8750366189633496,319.704,idle,0.0,88.16348266601562,-0.0,0.014999999664723873,0,1
3.8856443209806457,319.714,idle,0.0,88.16348266601562,-0.0,0.014999999664723873,0,1
3.8952009020140395,319.724,idle,0.0,88.16348266601562,-0.0,-0.026000000536441803,0,1
3.90556047600694,319.734,idle,0.0,88.16348266601562,-0.0,-0.026000000536441803,0,1
3.9153321940102614,319.744,idle,0.0,88.16348266601562,-0.0,0.014999999664723873,0,1
3.9255258819903247,319.754,idle,0.0,88.16348266601562,-0.0,0.04800000041723251,0,1
3.935058619012125,319.764,idle,0.0,88.16348266601562,-0.0,-0.026000000536441803,0,1
3.9457572390092537,319.774,idle,0.0,88.16348266601562,-0.0,-0.026000000536441803,0,1
3.9550937339663506,319.784,idle,0.0,88.16348266601562,-0.0,0.014999999664723873,0,1
3.9657622179947793,319.794,idle,0.0,88.16348266601562,0.18333333730697632,-0.026000000536441803,0,1
3.9752836039988324,319.804,idle,0.0,88.16348266601562,-0.0,-0.20800000429153442,0,1
3.985386814980302,319.814,idle,0.0,88.16348266601562,-0.0,-0.026000000536441803,0,1
3.995184300991241,319.824,idle,0.0,88.16348266601562,-0.0,0.014999999664723873,0,1
4.006657732010353,319.834,idle,0.0,88.16348266601562,-0.0,-0.026000000536441803,0,1
4.015236206003465,319.844,idle,0.0,88.16348266601562,-0.0,-0.026000000536441803,0,1
4.025742942001671,319.854,idle,0.0,88.16348266601562,-0.0,0.014999999664723873,0,1
4.035583527991548,319.864,idle,0.0,88.16314697265625,-0.0,-0.026000000536441803,0,1
4.045422510011122,319.874,idle,0.0,88.16348266601562,-0.0,0.007000000216066837,0,1
4.055116324976552,319.884,idle,0.0,88.16348266601562,-0.0,0.014999999664723873,0,1
4.066674702975433,319.894,idle,0.0,88.16348266601562,-0.0,0.014999999664723873,0,1
4.075363861978985,319.904,idle,0.0,88.16348266601562,-0.0,-0.05999999865889549,0,1
4.085738282999955,319.914,idle,0.0,88.16348266601562,-0.0,0.04800000041723251,0,1
4.095242436975241,319.924,idle,0.0,88.16348266601562,-0.0,0.014999999664723873,0,1
4.105572977976408,319.934,idle,0.0,88.16348266601562,-0.0,0.04800000041723251,0,1
4.115377867012285,319.944,idle,0.0,88.16314697265625,-0.0,0.014999999664723873,0,1
4.125671298999805,319.954,idle,0.0,88.16348266601562,-0.0,0.04800000041723251,0,1
4.135761705983896,319.964,idle,0.0,88.16314697265625,-0.0,0.014999999664723873,0,1
4.145584578975104,319.974,idle,0.0,88.16314697265625,-0.0,-0.026000000536441803,0,1
4.155359332973603,319.984,idle,0.0,88.16314697265625,-0.0,-0.026000000536441803,0,1
4.165589197014924,319.994,idle,0.0,88.16314697265625,-0.0,0.014999999664723873,0,1
4.175216818985064,320.004,idle,0.0,88.16314697265625,-0.0,0.04800000041723251,0,1
4.185540537000634,320.014,idle,0.0,88.16314697265625,-0.0,-0.026000000536441803,0,1
4.195338413992431,320.024,idle,0.0,88.16348266601562,-0.0,0.04800000041723251,0,1
4.205583966977429,320.034,idle,0.0,88.16314697265625,-0.0,0.04800000041723251,0,1
4.215272622008342,320.044,idle,0.0,88.16314697265625,-0.0,-0.026000000536441803,0,1
4.225827656977344,320.054,idle,0.0,88.16348266601562,-0.0,0.014999999664723873,0,1
4.235042616957799,320.064,idle,0.0,88.16348266601562,-0.0,-0.026000000536441803,0,1
4.245489301974885,320.074,idle,0.0,88.16348266601562,-0.0,0.007000000216066837,0,1
4.255114328989293,320.084,idle,0.0,88.16348266601562,-0.0,0.014999999664723873,0,1
4.265453715983313,320.094,idle,0.0,88.16314697265625,-0.0,-0.026000000536441803,0,1
4.275142029975541,320.104,idle,0.0,88.16314697265625,-0.0,0.014999999664723873,0,1
4.285641181981191,320.114,idle,0.0,88.16348266601562,0.18333333730697632,-0.026000000536441803,0,1
4.2953541619936,320.124,idle,0.0,88.16348266601562,-0.0,0.007000000216066837,0,1
4.305448225000873,320.134,idle,0.0,88.16348266601562,-0.0,-0.026000000536441803,0,1
4.315121240972076,320.144,idle,0.0,88.16348266601562,-0.0,-0.019999999552965164,0,1
4.325672679988202,320.154,idle,0.0,88.16348266601562,-0.0,-0.026000000536441803,0,1
4.335111272986978,320.164,idle,0.0,88.16348266601562,-0.0,-0.026000000536441803,0,1
4.345905318972655,320.174,idle,0.0,88.16348266601562,-0.0,-0.026000000536441803,0,1
4.355060238973238,320.184,idle,0.0,88.16348266601562,-0.0,-0.026000000536441803,0,1
4.365413630963303,320.194,idle,0.0,88.16348266601562,-0.0,0.04800000041723251,0,1
4.375110320979729,320.204,idle,0.0,88.16348266601562,-0.0,0.014999999664723873,0,1
4.385552066960372,320.214,idle,0.0,88.16348266601562,-0.0,-0.026000000536441803,0,1
4.3950216269586235,320.224,idle,0.0,88.16348266601562,-0.0,0.05400000140070915,0,1
4.4060452280100435,320.234,idle,0.0,88.16348266601562,-0.0,-0.026000000536441803,0,1
4.415343330998439,320.244,idle,0.0,88.16314697265625,-0.0,-0.026000000536441803,0,1
4.4252971559762955,320.254,idle,0.0,88.16314697265625,-0.0,-0.026000000536441803,0,1
4.435225743975025,320.264,idle,0.0,88.16348266601562,0.18333333730697632,0.014999999664723873,0,1
4.445315399963874,320.274,idle,0.0,88.16348266601562,-0.0,-0.026000000536441803,0,1
4.455311132012866,320.284,idle,0.0,88.16348266601562,-0.0,-0.026000000536441803,0,1
4.466046279994771,320.294,idle,0.0,88.16348266601562,-0.0,0.014999999664723873,0,1
4.474993515003007,320.304,idle,0.0,88.16314697265625,-0.0,0.007000000216066837,0,1
4.4865606899838895,320.314,idle,0.0,88.16314697265625,-0.0,0.014999999664723873,0,1
4.495157497993205,320.324,idle,0.0,88.16314697265625,-0.0,-0.026000000536441803,0,1
4.505675264983438,320.334,idle,0.0,88.16348266601562,-0.0,-0.026000000536441803,0,1
4.515218139975332,320.344,idle,0.0,88.16348266601562,-0.0,0.014999999664723873,0,1
4.5253847379935905,320.354,idle,0.0,88.16348266601562,-0.0,-0.026000000536441803,0,1
4.535286446975078,320.364,idle,0.0,88.16348266601562,-0.0,0.014999999664723873,0,1
4.545378917013295,320.374,idle,0.0,88.16348266601562,-0.0,-0.026000000536441803,0,1
4.555083782004658,320.384,idle,0.0,88.16348266601562,-0.0,-0.026000000536441803,0,1
4.565310531004798,320.394,idle,0.0,88.16348266601562,-0.0,0.014999999664723873,0,1
4.5753811309696175,320.404,idle,0.0,88.16348266601562,-0.0,-0.026000000536441803,0,1
4.585603932966478,320.414,idle,0.0,88.16348266601562,-0.0,-0.026000000536441803,0,1
4.595073222997598,320.424,idle,0.0,88.16348266601562,-0.0,0.04800000041723251,0,1
4.605240230972413,320.434,idle,0.0,88.16314697265625,-0.0,0.014999999664723873,0,1
4.615235932986252,320.444,idle,0.0,88.16314697265625,-0.0,0.014999999664723873,0,1
4.625367736967746,320.454,idle,0.0,88.16314697265625,-0.0,-0.019999999552965164,0,1
4.634962107986212,320.464,idle,0.0,88.16314697265625,-0.0,-0.026000000536441803,0,1
4.645182985987049,320.474,idle,0.0,88.16348266601562,-0.0,0.04800000041723251,0,1
4.6550029829959385,320.484,idle,0.0,88.16348266601562,-0.0,-0.019999999552965164,0,1
4.665377313969657,320.494,idle,0.0,88.16348266601562,-0.0,0.014999999664723873,0,1
4.674979750008788,320.504,idle,0.0,88.16348266601562,-0.0,-0.026000000536441803,0,1
4.685351716994774,320.514,idle,0.0,88.16348266601562,-0.0,-0.026000000536441803,0,1
4.6962748219957575,320.524,idle,0.0,88.16348266601562,-0.0,-0.026000000536441803,0,1
4.70558757300023,320.534,idle,0.0,88.16348266601562,-0.0,-0.026000000536441803,0,1
4.715280284988694,320.544,idle,0.0,88.16348266601562,-0.0,0.007000000216066837,0,1
4.7255183949600905,320.554,idle,0.0,88.16348266601562,-0.0,-0.026000000536441803,0,1
4.7353564259829,320.564,idle,0.0,88.16314697265625,-0.0,0.014999999664723873,0,1
4.745541407959536,320.574,idle,0.0,88.16314697265625,-0.0,-0.026000000536441803,0,1
4.755440260982141,320.584,idle,0.0,88.16348266601562,-0.0,0.007000000216066837,0,1
4.765672440000344,320.594,idle,0.0,88.16314697265625,-0.0,0.014999999664723873,0,1
4.77516271796776,320.604,idle,0.0,88.16314697265625,-0.0,0.014999999664723873,0,1
4.785502725979313,320.614,idle,0.0,88.16348266601562,-0.0,-0.026000000536441803,0,1
4.794944154971745,320.624,idle,0.0,88.16348266601562,-0.0,-0.026000000536441803,0,1
4.805260960012674,320.634,idle,0.0,88.16348266601562,-0.0,0.014999999664723873,0,1
4.814960915013216,320.644,idle,0.0,88.16314697265625,-0.0,-0.026000000536441803,0,1
4.825332331995014,320.654,idle,0.0,88.16348266601562,-0.0,0.014999999664723873,0,1
4.835079304000828,320.664,idle,0.0,88.16348266601562,-0.0,0.014999999664723873,0,1
4.845416807977017,320.674,idle,0.0,88.16348266601562,-0.0,0.014999999664723873,0,1
4.855459285958204,320.684,idle,0.0,88.16314697265625,-0.0,-0.026000000536441803,0,1
4.865539704973344,320.694,idle,0.0,88.16314697265625,-0.0,0.007000000216066837,0,1
4.875232476973906,320.704,idle,0.0,88.16314697265625,-0.0,0.014999999664723873,0,1
4.8856789720011875,320.714,idle,0.0,88.16314697265625,-0.0,-0.019999999552965164,0,1
4.8949092800030485,320.724,idle,0.0,88.16314697265625,-0.0,-0.026000000536441803,0,1
4.906539430958219,320.734,idle,0.0,88.16314697265625,-0.0,0.04800000041723251,0,1
4.915224952972494,320.744,idle,0.0,88.16314697265625,-0.0,0.014999999664723873,0,1
4.925420984975062,320.754,idle,0.0,88.16314697265625,-0.0,0.014999999664723873,0,1
4.935157838976011,320.764,idle,0.0,88.16348266601562,-0.0,-0.026000000536441803,0,1
4.945470015984029,320.774,idle,0.0,88.16348266601562,-0.0,0.04800000041723251,0,1
4.955042877001688,320.784,idle,0.0,88.16348266601562,-0.0,0.014999999664723873,0,1
4.965495412994642,320.794,idle,0.0,88.16348266601562,-0.0,0.014999999664723873,0,1
4.975269845977891,320.804,idle,0.0,88.16348266601562,-0.0,0.04800000041723251,0,1
4.985486225981731,320.814,idle,0.0,88.16348266601562,-0.0,0.23000000417232513,0,1
4.994939134980086,320.824,idle,0.0,88.16348266601562,0.18333333730697632,-0.026000000536441803,0,1
5.005390759964939,320.834,idle,0.0,88.16348266601562,-0.0,0.007000000216066837,0,1
5.0150254250038415,320.844,idle,0.0,88.16348266601562,-0.0,-0.026000000536441803,0,1
5.028977533977013,320.857,idle,88.16348266601562,88.16348266601562,-0.0,-0.019999999552965164,0,1
5.035291225998662,320.864,idle,88.16348266601562,88.16348266601562,-0.0,0.014999999664723873,0,1
5.045289542991668,320.874,idle,88.16348266601562,88.16348266601562,-0.0,0.014999999664723873,0,1
5.055143382982351,320.884,idle,88.16348266601562,88.16348266601562,-0.0,0.014999999664723873,0,1
5.06657622900093,320.894,idle,88.16348266601562,88.16348266601562,-0.0,-0.05999999865889549,0,1
5.075120780966245,320.904,idle,88.16348266601562,88.16348266601562,-0.0,-0.026000000536441803,0,1
5.085583895968739,320.914,idle,88.16348266601562,88.16314697265625,-0.0,-0.026000000536441803,0,1
5.095114129013382,320.924,move,88.16434746538289,88.15676879882812,-1.3291666507720947,-0.39800000190734863,1,1
5.104874235985335,320.934,move,88.36870752554387,88.1705322265625,-3.3458333015441895,1.3509999513626099,1,1
5.115116502973251,320.944,move,88.58417108585127,88.15475463867188,5.4083333015441895,0.3440000116825104,1,1
5.12500324397115,320.954,move,88.7919195862487,88.15240478515625,-5.179166793823242,-0.37400001287460327,1,1
5.135123976971954,320.964,move,89.00912116561085,88.20980834960938,8.25,0.9229999780654907,1,1
5.144937181961723,320.974,move,89.21391200553626,88.15811157226562,-5.5,-0.5440000295639038,1,1
5.155463895003777,320.984,move,89.43061246583238,88.24774169921875,9.579166412353516,0.7020000219345093,1,1
5.165315890975762,320.994,move,89.6462449261453,88.21383666992188,-2.9791667461395264,-0.6200000047683716,1,1
5.175410035008099,321.004,move,89.86225230549462,88.3209228515625,11.091666221618652,0.7099999785423279,1,1
5.18512064096285,321.014,move,90.06813956587575,88.3048095703125,-3.1624999046325684,-0.7009999752044678,1,1
5.195185891003348,321.024,move,90.2792098261416,88.41390991210938,19.662500381469727,0.3310000002384186,1,1
5.204970853985287,321.034,move,90.48497888538986,88.47735595703125,-3.4833333492279053,-0.12700000405311584,1,1
5.215250319975894,321.044,move,90.69950950611383,88.49850463867188,10.266666412353516,-1.4429999589920044,1,1
5.2249006549827754,321.054,move,90.69950950611383,88.6458740234375,10.449999809265137,0.9990000128746033,1,1
5.235103158978745,321.064,move,90.91595388646238,88.60089111328125,-3.3458333015441895,-0.8019999861717224,1,1
5.245426815992687,321.074,move,91.11973206559196,88.72207641601562,14.299999237060547,0.45899999141693115,1,1
5.255205617984757,321.084,move,91.32698246557266,88.73046875,-1.8333333730697632,-0.921999990940094,1,1
5.264988105976954,321.094,move,91.54546518623829,88.87213134765625,23.695833206176758,0.39800000190734863,1,1
5.276530965988059,321.104,move,91.7652685653884,88.92718505859375,-3.6666667461395264,-0.2639999985694885,1,1
5.285151437972672,321.114,move,91.9754323461093,88.937255859375,7.5625,-1.5729999542236328,1,1
5.295132973988075,321.124,move,92.19397118594497,89.14639282226562,17.325000762939453,0.7940000295639038,1,1
5.304742462001741,321.134,move,92.41389758582227,89.1668701171875,-1.9708333015441895,-0.6850000023841858,1,1
5.315302998002153,321.144,move,92.62658040551469,89.29678344726562,20.350000381469727,0.2619999945163727,1,1
5.3251035590074025,321.154,move,92.84265850600787,89.3387451171875,-3.9875001907348633,-0.5400000214576721,1,1
5.335350514971651,321.164,move,93.05875904555432,89.41796875,16.820833206176758,-1.5700000524520874,1,1
5.345243929012213,321.174,move,93.26548588625155,89.64556884765625,14.941666603088379,0.9580000042915344,1,1
5.355068214004859,321.184,move,93.48197352536954,89.66403198242188,3.3916666507720947,-1.2389999628067017,1,1
5.364800399984233,321.194,move,93.68197774561122,89.8194580078125,18.149999618530273,0.5059999823570251,1,1
5.374991772987414,321.204,move,93.89984474563971,89.84194946289062,-0.13750000298023224,-0.902999997138977,1,1
5.384786023001652,321.214,move,94.101935405517,89.98428344726562,22.504167556762695,0.18400000035762787,1,1
5.395131210971158,321.224,move,94.101935405517,90.135009765625,6.737500190734863,0.16200000047683716,1,1
5.404853347979952,321.234,move,94.32037746580318,90.161865234375,6.416666507720947,-1.3890000581741333,1,1
5.41513642098289,321.244,move,94.53999550594017,90.32534790039062,12.604166984558105,0.6470000147819519,1,1
5.424903931969311,321.254,move,94.74386164615862,90.37838745117188,11.274999618530273,-1.4429999589920044,1,1
5.435256322962232,321.264,move,94.96186330611818,90.55865478515625,10.266666412353516,0.6740000247955322,1,1
5.445129989006091,321.274,move,95.17077034618706,90.65902709960938,15.950000762939453,-1.649999976158142,1,1
5.455186643986963,321.284,move,95.38969270582311,90.80438232421875,6.233333110809326,0.03099999949336052,1,1
5.464833401958458,321.294,move,95.59356986591592,90.87689208984375,13.933333396911621,-1.5420000553131104,1,1
5.4752730340114795,321.304,move,95.8138300855644,91.09609985351562,15.308333396911621,0.597000002861023,1,1
5.486163197958376,321.314,move,96.01680658571422,91.15350341796875,7.929166793823242,-1.3250000476837158,1,1
5.495366135961376,321.324,move,96.23763626604341,91.34317016601562,18.149999618530273,0.27399998903274536,1,1
5.505286769999657,321.334,move,96.44497082615271,91.38848876953125,0.5041666626930237,-0.9129999876022339,1,1
5.515440402959939,321.344,move,96.66141578624956,91.51907348632812,21.862499237060547,0.10300000011920929,1,1
5.525625545007642,321.354,move,96.86595898633823,91.69363403320312,7.745833396911621,-1.1339999437332153,1,1
5.535287250997499,321.364,move,97.06891544559039,91.85543823242188,12.787500381469727,0.45399999618530273,1,1
5.5458247939823195,321.374,move,97.28615890536457,91.982666015625,22.366666793823242,-1.6009999513626099,1,1
5.555078956007492,321.384,move,97.49697226611897,92.1531982421875,10.083333969116211,-0.6269999742507935,1,1
5.564935570990201,321.394,move,97.7053327257745,92.29989624023438,20.854167938232422,0.17499999701976776,1,1
5.575053859967738,321.404,move,97.7053327257745,92.43484497070312,5.729166507720947,-0.8259999752044678,1,1
5.584922396985348,321.414,move,97.91877314611338,92.60101318359375,28.233333587646484,0.10100000351667404,1,1
5.595041477004997,321.424,move,98.13976692548022,92.7762451171875,8.754166603088379,0.8600000143051147,1,1
5.604921054968145,321.434,move,98.3419211062137,92.79168701171875,5.729166507720947,-1.309000015258789,1,1
5.615091028972529,321.444,move,98.56220536562614,93.01828002929688,33.59583282470703,0.13899999856948853,1,1
5.6247572129941545,321.454,move,98.76832668599673,93.19015502929688,4.537499904632568,-0.34299999475479126,1,1
5.635060492961202,321.464,move,98.98387138545513,93.26904296875,13.291666984558105,-1.715999960899353,1,1
5.644938668003306,321.474,move,99.18968914588913,93.49563598632812,17.462499618530273,0.4830000102519989,1,1
5.655253348988481,321.484,move,99.40846302593127,93.57821655273438,8.9375,-1.312999963760376,1,1
5.664960358000826,321.494,move,99.61763616581447,93.80715942382812,31.900001525878906,0.19200000166893005,1,1
5.675428202957846,321.504,move,99.8385692264419,93.94680786132812,3.7125000953674316,-0.296999990940094,1,1
5.685089005972259,321.514,move,100.04621054558083,93.99212646484375,10.954166412353516,-1.753000020980835,1,1
5.695693672983907,321.525,move,100.25375588610768,94.24490356445312,25.712501525878906,0.2849999964237213,1,1
5.704969846003223,321.534,move,100.46908038598485,94.3634033203125,1.0083333253860474,-0.7919999957084656,1,1
5.71543867199216,321.544,move,100.67583606624976,94.45773315429688,15.308333396911621,-1.8839999437332153,1,1
5.7248027279856615,321.554,move,100.89065924566239,94.72125244140625,23.375,0.6169999837875366,1,1
5.734964756993577,321.564,move,101.09712760592811,94.78872680664062,3.8958332538604736,-1.100000023841858,1,1
5.745103813998867,321.574,move,101.30349376634695,94.95254516601562,27.224998474121094,-0.09300000220537186,1,1
5.7561499159783125,321.584,move,101.50709400582127,95.1314697265625,13.612499237060547,-1.0549999475479126,1,1
5.764858771988656,321.594,move,101.50709400582127,95.36544799804688,32.083335876464844,0.13600000739097595,1,1
5.775209499988705,321.604,move,101.71481266547926,95.51113891601562,12.283333778381348,-1.2230000495910645,1,1
5.784787660988513,321.614,move,101.92225562571548,95.75082397460938,34.604164123535156,0.17299999296665192,1,1
5.795012675982434,321.624,move,102.13755066553131,95.8968505859375,7.5625,-0.8370000123977661,1,1
5.80502821499249,321.634,move,102.34212030586787,96.03851318359375,18.975000381469727,-1.7139999866485596,1,1
5.8150561769725755,321.644,move,102.5641588254366,96.32351684570312,17.141666412353516,0.6230000257492065,1,1
5.825112189981155,321.654,move,102.76820348622277,96.4635009765625,17.829166412353516,-1.6339999437332153,1,1
5.835024187981617,321.664,move,102.99034318584017,96.7481689453125,27.72916603088379,0.5849999785423279,1,1
5.844734201964457,321.674,move,103.19044156628661,96.87069702148438,15.950000762939453,-1.5180000066757202,1,1
5.855099506967235,321.684,move,103.40435686567798,97.07244873046875,19.479167938232422,0.4180000126361847,1,1
5.864953837997746,321.694,move,103.61458236631006,97.15335083007812,8.25,-1.3309999704360962,1,1
5.874975968967192,321.704,move,103.83408558601514,97.39605712890625,29.058332443237305,0.17399999499320984,1,1
5.885007767996285,321.714,move,104.03567452612333,97.56692504882812,4.0333333015441895,-0.26499998569488525,1,1
5.895327278005425,321.724,move,104.2380222659558,97.61660766601562,12.604166984558105,-1.5779999494552612,1,1
5.904966301983222,321.734,move,104.43940302636474,97.80963134765625,13.108333587646484,-0.8209999799728394,1,1
5.915373875002842,321.744,move,104.6573517662473,97.9888916015625,14.804166793823242,-1.5490000247955322,1,1
5.924880152975675,321.754,move,104.87093786639161,98.2225341796875,21.679166793823242,0.30300000309944153,1,1
5.935354348970577,321.764,move,105.07688284548931,98.33364868164062,11.779166221618652,-1.4429999589920044,1,1
5.944980287982617,321.774,move,105.28367840615101,98.56326293945312,20.350000381469727,0.25600001215934753,1,1
5.955019020009786,321.784,move,105.49701764644124,98.707275390625,15.308333396911621,-1.7519999742507935,1,1
5.9662040589610115,321.794,move,105.69747728575021,98.96710205078125,24.200000762939453,0.2809999883174896,1,1
5.975056658964604,321.804,move,105.90634006587788,99.10137939453125,8.570833206176758,-1.090999960899353,1,1
5.985147045983467,321.814,move,105.90634006587788,99.30447387695312,28.554166793823242,0.1889999955892563,1,1
5.995118032966275,321.824,move,106.12113358615898,99.52200317382812,22.0,0.18400000035762787,1,1
6.004864143964369,321.834,move,106.32169502601027,99.722412109375,22.6875,0.20499999821186066,1,1
6.015225370996632,321.844,move,106.54030860564671,99.88320922851562,14.299999237060547,-1.534999966621399,1,1
6.02490683295764,321.854,move,106.7456933662761,100.14303588867188,29.5625,0.20800000429153442,1,1
6.035105369985104,321.864,move,106.961384346243,100.30752563476562,5.729166507720947,-0.7129999995231628,1,1
6.0449684569612145,321.874,move,107.16535246628337,100.4488525390625,24.383333206176758,-1.850000023841858,1,1
6.055003201006912,321.884,move,107.38602966582403,100.66973876953125,14.299999237060547,0.7059999704360962,1,1
6.065121178980917,321.894,move,107.59347542584874,100.73855590820312,9.579166412353516,-1.725000023841858,1,1
6.075055978959426,321.904,move,107.81217836588621,100.97689819335938,24.383333206176758,0.25200000405311584,1,1
6.085021005012095,321.914,move,108.01381840533577,101.1417236328125,15.445833206176758,-1.5180000066757202,1,1
6.095511149964295,321.924,move,108.23452724539675,101.36697387695312,16.820833206176758,-0.9319999814033508,1,1
6.105397850973532,321.934,move,108.45931322593242,101.5928955078125,27.866666793823242,0.20600000023841858,1,1
6.115292717004195,321.944,move,108.67205216595903,101.715087890625,8.25,-1.409999966621399,1,1
6.12613704596879,321.954,move,108.88767682644539,101.94906616210938,26.858333587646484,0.2160000056028366,1,1
6.135003121977206,321.964,move,109.10368018597364,102.09140014648438,4.7208333015441895,-0.7710000276565552,1,1
6.14505554898642,321.974,move,109.30715720565058,102.24447631835938,25.20833396911621,-1.8949999809265137,1,1
6.155071659013629,321.984,move,109.30715720565058,102.47409057617188,15.308333396911621,0.7139999866485596,1,1
6.165208972990513,321.994,move,109.51915456610732,102.57144165039062,14.620833396911621,-1.6089999675750732,1,1
6.1752838710090145,322.004,move,109.72204290609807,102.79501342773438,17.325000762939453,0.48100000619888306,1,1
6.1850356929935515,322.014,move,109.92373664560728,102.92056274414062,17.141666412353516,-1.5720000267028809,1,1
6.195081446960103,322.024,move,110.14360574586317,103.17333984375,21.358333587646484,0.5809999704360962,1,1
6.204800378007349,322.034,move,110.36677072569728,103.25827026367188,8.25,-1.2990000247955322,1,1
6.2152000369969755,322.044,move,110.58416746603325,103.490234375,27.224998474121094,0.16200000047683716,1,1
6.2248442500131205,322.054,move,110.79382850602269,103.63323974609375,5.4083333015441895,-0.8090000152587891,1,1
6.235060759994667,322.064,move,111.00800850591622,103.77691650390625,24.704166412353516,-1.7619999647140503,1,1
6.244693250977434,322.074,move,111.2121206864249,104.00753784179688,17.141666412353516,0.765999972820282,1,1
6.254965324013028,322.084,move,111.42814990645275,104.07131958007812,8.433333396911621,-1.7050000429153442,1,1
6.264960574975703,322.094,move,111.63405080605298,104.34423828125,25.20833396911621,0.23000000417232513,1,1
6.27541697799461,322.104,move,111.85322622582316,104.44427490234375,6.554166793823242,-1.2350000143051147,1,1
6.2850703980075195,322.114,move,112.06804238539189,104.65878295898438,28.370832443237305,0.15800000727176666,1,1
6.294947640970349,322.124,move,112.2793849457521,104.86154174804688,10.587499618530273,-0.527999997138977,1,1
6.304769092006609,322.134,move,112.50080050597899,105.01126098632812,21.174999237060547,-1.649999976158142,1,1
6.315026887983549,322.144,move,112.50080050597899,105.30935668945312,25.712501525878906,0.43799999356269836,1,1
6.324763420969248,322.154,move,112.71824992541224,105.40872192382812,4.400000095367432,-0.8420000076293945,1,1
6.33653696696274,322.164,move,112.93698332551867,105.58596801757812,28.554166793823242,-2.0209999084472656,1,1
6.34489433397539,322.174,move,113.14915922633372,105.87802124023438,21.495832443237305,0.5299999713897705,1,1
6.355394036974758,322.184,move,113.36165390606038,106.05426025390625,17.462499618530273,-1.5980000495910645,1,1
6.364832428982481,322.194,move,113.5739111462608,106.32516479492188,20.670833587646484,0.4269999861717224,1,1
6.375111304980237,322.204,move,113.78403484635055,106.48965454101562,26.03333282470703,-1.7719999551773071,1,1
6.384766347997356,322.214,move,113.99245822615921,106.70785522460938,17.645832061767578,-1.184999942779541,1,1
6.39595797896618,322.224,move,114.2040710656438,106.96734619140625,32.266666412353516,0.23399999737739563,1,1
6.404731313989032,322.234,move,114.4079736857675,107.1318359375,13.795833587646484,-1.284999966621399,1,1
6.415042689011898,322.244,move,114.62464026571251,107.38394165039062,29.745832443237305,0.17599999904632568,1,1
6.425059609988239,322.254,move,114.83571792533621,107.54171752929688,9.441666603088379,-1.0440000295639038,1,1
6.4354058299795724,322.264,move,115.03813980543055,107.752197265625,33.09166717529297,0.14499999582767487,1,1
6.444968752970453,322.274,move,115.24241590569727,107.96267700195312,7.745833396911621,-0.4399999976158142,1,1
6.455589930003043,322.285,move,115.45538506633602,108.11944580078125,26.03333282470703,-1.8480000495910645,1,1
6.464993569010403,322.294,move,115.66780060576275,108.31951904296875,12.100000381469727,-0.6759999990463257,1,1
6.475239143008366,322.304,move,115.88214330538176,108.50146484375,29.883333206176758,0.012000000104308128,1,1
6.484749347961042,322.314,move,116.08483468578197,108.7122802734375,24.200000762939453,-1.7330000400543213,1,1
6.495086601993535,322.324,move,116.29711114615202,108.91973876953125,12.100000381469727,-0.5450000166893005,1,1
6.504738227988128,322.334,move,116.5034194062464,109.0667724609375,24.383333206176758,-1.6540000438690186,1,1
6.5152426899876446,322.344,move,116.5034194062464,109.28564453125,14.804166793823242,0.6890000104904175,1,1
6.5247919879620895,322.354,move,116.7228340653237,109.35110473632812,9.258333206176758,-1.4589999914169312,1,1
6.535064822004642,322.364,move,116.93672252632678,109.65859985351562,36.80416488647461,0.1589999943971634,1,1
6.546013413986657,322.374,move,117.14275026624091,109.873779296875,22.366666793823242,-1.2230000495910645,1,1
6.555031790980138,322.384,move,117.361594685819,110.0738525390625,22.366666793823242,-1.4670000076293945,1,1
6.565011163998861,322.394,move,117.56809168541804,110.27728271484375,22.870832443237305,-1.6030000448226929,1,1
6.575030218984466,322.404,move,117.79021634534001,110.46426391601562,11.091666221618652,-0.4449999928474426,1,1
6.5846575910109095,322.414,move,118.00742152542807,110.593505859375,19.662500381469727,-1.6080000400543213,1,1
6.595258480985649,322.424,move,118.2227865261957,110.89797973632812,26.537498474121094,0.5659999847412109,1,1
6.606189620972145,322.434,move,118.43832060624845,111.02755737304688,14.941666603088379,-1.3509999513626099,1,1
6.6153105070116,322.444,move,118.65190350613557,111.3172607421875,37.95000076293945,0.1809999942779541,1,1
6.625130164960865,322.454,move,118.8600772053469,111.522705078125,10.266666412353516,-0.22100000083446503,1,1
6.63498614897253,322.464,move,119.08231628639624,111.64892578125,20.487499237060547,-1.6440000534057617,1,1
6.6447692979709245,322.474,move,119.30213188566267,111.89666748046875,19.34166717529297,0.5180000066757202,1,1
6.65501733700512,322.484,move,119.30213188566267,112.07928466796875,24.200000762939453,0.19499999284744263,1,1
6.665204722958151,322.494,move,119.5178851862438,112.29177856445312,24.016666412353516,0.13699999451637268,1,1
6.675114446959924,322.504,move,119.72222020546906,112.45291137695312,8.570833206176758,-1.059000015258789,1,1
6.684769980958663,322.514,move,119.94304346549325,112.63955688476562,29.379167556762695,-1.9450000524520874,1,1
6.695162805961445,322.524,move,120.1587717263028,112.91751098632812,18.65416717529297,0.7480000257492065,1,1
6.7048339789616875,322.534,move,120.37075546616688,113.058837890625,16.958332061767578,-1.5950000286102295,1,1
6.715054345957469,322.544,move,120.58447138569318,113.36666870117188,30.25,0.2590000033378601,1,1
6.724787593993824,322.554,move,120.78903302596882,113.53485107421875,11.779166221618652,-0.9909999966621399,1,1
6.735190748993773,322.564,move,121.00574428611435,113.74533081054688,20.991666793823242,0.32899999618530273,1,1
6.744941948971245,322.574,move,121.21729282592423,113.95278930664062,28.370832443237305,-1.8029999732971191,1,1
6.755490022012964,322.584,move,121.4376123661641,114.18475341796875,18.149999618530273,0.6740000247955322,1,1
6.765650287969038,322.594,move,121.6459946455434,114.27706909179688,11.274999618530273,-1.6330000162124634,1,1
6.775519185990561,322.604,move,121.85728590632789,114.55368041992188,28.554166793823242,0.3569999933242798,1,1
6.785132021002937,322.614,move,122.06732064532116,114.69064331054688,8.433333396911621,-1.100000023841858,1,1
6.795486646005884,322.624,move,122.26812674594112,114.90850830078125,25.20833396911621,0.28299999237060547,1,1
6.804957348969765,322.634,move,122.46866774559021,115.04110717773438,3.8958332538604736,-0.6340000033378601,1,1
6.8161157490103506,322.644,move,122.68249108619057,115.19955444335938,26.35416603088379,-2.0139999389648438,1,1
6.824972216971219,322.654,move,122.8827369462233,115.41574096679688,12.420833587646484,-0.6039999723434448,1,1
6.835107276972849,322.664,move,123.08296436606906,115.61849975585938,28.233333587646484,0.19300000369548798,1,1
6.84493050997844,322.674,move,123.30440696608275,115.79104614257812,10.449999809265137,-0.9710000157356262,1,1
6.8549932559835725,322.684,move,123.30440696608275,116.0089111328125,32.40416717529297,0.20800000429153442,1,1
6.864874266961124,322.694,move,123.51739014545456,116.2049560546875,8.433333396911621,-0.33500000834465027,1,1
6.8750829820055515,322.704,move,123.73927638563327,116.30767822265625,19.983333587646484,-1.840000033378601,1,1
6.884839323000051,322.714,move,123.94211202557199,116.57623291015625,22.870832443237305,0.4659999907016754,1,1
6.895125500974245,322.724,move,124.15841434546746,116.66653442382812,9.945833206176758,-1.2209999561309814,1,1
6.904820188006852,322.734,move,124.36805734573863,116.88406372070312,20.991666793823242,-1.00600004196167,1,1
6.915400099009275,322.744,move,124.5883498461917,117.1287841796875,22.0,-1.1299999952316284,1,1
6.924801813962404,322.754,move,124.79622038593516,117.34664916992188,14.941666603088379,0.6740000247955322,1,1
6.934985563973896,322.764,move,125.00404302543029,117.43930053710938,13.612499237060547,-1.7050000429153442,1,1
6.945086259976961,322.774,move,125.21873216540553,117.72900390625,31.075000762939453,0.2849999964237213,1,1
6.955378670012578,322.784,move,125.42036438640207,117.85623168945312,10.449999809265137,-0.9869999885559082,1,1
6.9648803399759345,322.794,move,125.62218836555257,118.08819580078125,30.387500762939453,0.14000000059604645,1,1
6.976681786996778,322.804,move,125.84745422634296,118.29263305664062,21.862499237060547,-1.3839999437332153,1,1
6.985028814000543,322.814,move,126.05051128589548,118.53500366210938,20.670833587646484,0.6439999938011169,1,1
6.9955579019733705,322.824,move,126.25624526571482,118.64947509765625,16.637500762939453,-1.5069999694824219,1,1
7.005077875975985,322.834,move,126.4678941858001,118.93179321289062,21.174999237060547,0.7229999899864197,1,1
7.015472544997465,322.844,move,126.68908072565682,119.10870361328125,27.362499237060547,-1.6430000066757202,1,1
7.024775867990684,322.854,move,126.89180816570297,119.32321166992188,13.933333396911621,-0.6430000066757202,1,1
7.034962783975061,322.864,move,127.0936674058903,119.50582885742188,29.241666793823242,-1.7139999866485596,1,1
7.044724282983225,322.874,move,127.30206872615963,119.74752807617188,16.133333206176758,0.718999981880188,1,1
7.055165237979963,322.884,move,127.30206872615963,119.8438720703125,14.941666603088379,-1.6950000524520874,1,1
7.065222734003328,322.894,move,127.520891105989,120.12283325195312,30.066667556762695,0.2590000033378601,1,1
7.0757190809817985,322.904,move,127.7229266653303,120.31216430664062,21.358333587646484,-1.7580000162124634,1,1
7.08499447297072,322.914,move,127.93430128530599,120.5850830078125,21.495832443237305,0.5329999923706055,1,1
7.095204901997931,322.924,move,128.1428991658613,120.79388427734375,21.358333587646484,-1.5230000019073486,1,1
7.105031000974122,322.934,move,128.34834040538408,121.11212158203125,27.224998474121094,0.5659999847412109,1,1
7.115563725004904,322.944,move,128.57220148597844,121.24942016601562,16.133333206176758,-1.3389999866485596,1,1
7.12497899500886,322.954,move,128.77710454561748,121.51394653320312,27.04166603088379,0.32499998807907104,1,1
7.135280451970175,322.964,move,128.98923194548115,121.6781005859375,19.34166717529297,-1.63100004196167,1,1
7.145404671959113,322.974,move,129.2013711859472,121.97653198242188,27.545833587646484,0.2840000092983246,1,1
7.155178304004949,322.984,move,129.421621986432,122.10543823242188,1.8791667222976685,-0.5720000267028809,1,1
7.165192921005655,322.994,move,129.6470429461915,122.19808959960938,17.462499618530273,-1.7599999904632568,1,1
7.175845926976763,323.004,move,129.86086026579142,122.48342895507812,27.04166603088379,0.4050000011920929,1,1
7.186649461975321,323.014,move,130.06419824599288,122.62039184570312,14.620833396911621,-1.3919999599456787,1,1
7.195207929995377,323.024,move,130.27105730539188,122.88424682617188,29.883333206176758,0.13899999856948853,1,1
7.20472116098972,323.034,move,130.4881156263873,123.05209350585938,15.629166603088379,-1.406000018119812,1,1
7.215060568007175,323.044,move,130.70399656589143,123.32669067382812,31.900001525878906,0.17499999701976776,1,1
7.2248338389908895,323.054,move,130.70399656589143,123.51702880859375,8.9375,-0.9089999794960022,1,1
7.234963297960348,323.064,move,130.91453182557598,123.71844482421875,25.025001525878906,0.14399999380111694,1,1
7.24588219600264,323.074,move,131.11702162586153,123.91986083984375,10.266666412353516,-0.37299999594688416,1,1
7.255003532976843,323.084,move,131.33549694600515,124.0413818359375,19.15833282470703,-1.8919999599456787,1,1
7.264999756007455,323.094,move,131.54208612558432,124.3206787109375,22.6875,0.49799999594688416,1,1
7.275280816014856,323.104,move,131.76413104566745,124.45059204101562,10.770833969116211,-1.246000051498413,1,1
7.284705644007772,323.114,move,131.97566574602388,124.74600219726562,30.387500762939453,0.29899999499320984,1,1
7.295153982006013,323.124,move,132.18090402591042,124.92593383789062,10.449999809265137,-0.7940000295639038,1,1
7.304947721015196,323.134,move,132.39808576577343,125.13104248046875,27.545833587646484,0.22499999403953552,1,1
7.315220465010498,323.144,move,132.61500542564318,125.318359375,11.779166221618652,-0.8560000061988831,1,1
7.325029692961834,323.154,move,132.82030882593244,125.53555297851562,27.04166603088379,0.20100000500679016,1,1
7.335217960993759,323.164,move,133.04126172605902,125.66949462890625,9.074999809265137,-1.4140000343322754,1,1
7.345244930998888,323.174,move,133.243280665949,125.8984375,26.858333587646484,0.21799999475479126,1,1
7.3553286959649995,323.184,move,133.4626448461786,126.04379272460938,3.7125000953674316,-0.6399999856948853,1,1
7.3649553770083,323.194,move,133.67630046606064,126.18478393554688,26.35416603088379,0.020999999716877937,1,1
7.375042787985876,323.204,move,133.88016962609254,126.37680053710938,18.65416717529297,-1.3739999532699585,1,1
7.384961918985937,323.214,move,134.09101766580716,126.65139770507812,23.512500762939453,0.38999998569488525,1,1
7.39635419100523,323.224,move,134.291813546326,126.82797241210938,18.149999618530273,-1.4149999618530273,1,1
7.4051996690104716,323.234,move,134.291813546326,127.13815307617188,32.266666412353516,0.26100000739097595,1,1
7.415100555983372,323.244,move,134.52251624595374,127.28384399414062,11.274999618530273,-1.0499999523162842,1,1
7.424804540001787,323.254,move,134.74242562591098,127.51043701171875,28.875,0.2199999988079071,1,1
7.434966398985125,323.264,move,134.95930140535347,127.65780639648438,10.954166412353516,-1.2519999742507935,1,1
7.444836498994846,323.274,move,135.16203926573507,127.87701416015625,20.350000381469727,0.3440000116825104,1,1
7.456340336997528,323.284,move,135.38481954531744,128.05526733398438,21.495832443237305,-1.6790000200271606,1,1
7.46478008601116,323.294,move,135.59756490564905,128.39901733398438,22.6875,0.3930000066757202,1,1
7.4750571479671635,323.304,move,135.80666610551998,128.52389526367188,15.125,-1.440000057220459,1,1
7.484725565998815,323.314,move,136.0118158259429,128.78909301757812,31.762500762939453,0.19900000095367432,1,1
7.495084860012867,323.324,move,136.22705398639664,128.94821166992188,7.241666793823242,-0.9760000109672546,1,1
7.504697353986558,323.334,move,136.4329661061056,129.11001586914062,26.537498474121094,-1.8389999866485596,1,1
7.515179895970505,323.344,move,136.65135548613034,129.34869384765625,15.629166603088379,0.7360000014305115,1,1
7.525124623964075,323.354,move,136.8536353057716,129.41180419921875,8.433333396911621,-1.8250000476837158,1,1
7.535461245977785,323.365,move,137.05656892550178,129.64544677734375,23.008333206176758,0.23199999332427979,1,1
7.5452695019776,323.374,move,137.2637774462346,129.75689697265625,6.050000190734863,-1.0920000076293945,1,1
7.5548841409618035,323.384,move,137.48266172641888,129.98114013671875,30.570833206176758,0.14000000059604645,1,1
7.564739513967652,323.394,move,137.70035882643424,130.17953491210938,9.258333206176758,-0.5299999713897705,1,1
7.575076576962601,323.404,move,137.70035882643424,130.33026123046875,23.191667556762695,-1.9639999866485596,1,1
7.584682528977282,323.414,move,137.9193258662708,130.53436279296875,12.100000381469727,-0.6949999928474426,1,1
7.595071918971371,323.424,move,138.13379920599982,130.692138671875,25.20833396911621,-1.7059999704360962,1,1
7.604704780969769,323.434,move,138.3461588253267,130.92813110351562,15.8125,0.7289999723434448,1,1
7.615844786982052,323.444,move,138.55668206629343,130.99325561523438,8.9375,-1.6670000553131104,1,1
7.624875406967476,323.454,move,138.7624565458391,131.24099731445312,26.03333282470703,0.32899999618530273,1,1
7.635083261004183,323.464,move,138.98329924605787,131.34237670898438,4.7208333015441895,-1.0299999713897705,1,1
7.644788737001363,323.474,move,139.19527638633735,131.55352783203125,28.370832443237305,0.15800000727176666,1,1
7.6550220379722305,323.484,move,139.40621578646824,131.73245239257812,7.929166793823242,-0.45399999618530273,1,1
7.6658558789640665,323.494,move,139.61156226624735,131.84390258789062,18.975000381469727,-1.8250000476837158,1,1
7.674944886006415,323.504,move,139.8233608661685,132.10305786132812,22.366666793823242,0.47200000286102295,1,1
7.684888371964917,323.514,move,140.0342608061619,132.28097534179688,25.849998474121094,-1.718999981880188,1,1
7.695788746001199,323.525,move,140.25091096572578,132.512939453125,15.308333396911621,0.7160000205039978,1,1
7.705375692981761,323.535,move,140.453880866291,132.58074951171875,9.441666603088379,-1.3960000276565552,1,1
7.715440844011027,323.544,move,140.66910618613474,132.840576171875,29.241666793823242,0.28600001335144043,1,1
7.724841226008721,323.554,move,140.89441432547756,132.947998046875,5.545833110809326,-1.2000000476837158,1,1
7.735372207011096,323.564,move,140.89441432547756,133.18063354492188,27.545833587646484,0.16500000655651093,1,1
7.744840024970472,323.574,move,141.1251653456129,133.38104248046875,12.787500381469727,-0.968999981880188,1,1
7.755147642979864,323.584,move,141.3392958457116,133.64120483398438,34.604164123535156,0.09300000220537186,1,1
7.764857737987768,323.594,move,141.54456338542514,133.8489990234375,12.787500381469727,-0.5730000138282776,1,1
7.775048009993043,323.604,move,141.76252296590246,133.9752197265625,22.0,-1.7369999885559082,1,1
7.784664210979827,323.614,move,141.9710661463905,134.24746704101562,21.495832443237305,0.3490000069141388,1,1
7.795210720971227,323.624,move,142.17923524603248,134.40121459960938,25.34583282470703,-1.7339999675750732,1,1
7.804662648995873,323.634,move,142.4018688458018,134.60464477539062,15.950000762939453,-1.090000033378601,1,1
7.815265553013887,323.644,move,142.60455842642114,134.86749267578125,37.766666412353516,0.12399999797344208,1,1
7.825899323972408,323.654,move,142.82552314619534,135.11959838867188,13.291666984558105,-0.5220000147819519,1,1
7.835273328004405,323.664,move,143.03141744621098,135.29248046875,20.991666793823242,-1.9320000410079956,1,1
7.8448501660022885,323.674,move,143.24857152579352,135.59326171875,26.72083282470703,0.4129999876022339,1,1
7.855699114967138,323.684,move,143.45847682608292,135.7047119140625,11.274999618530273,-1.5859999656677246,1,1
7.864772853965405,323.694,move,143.67337214574218,135.93701171875,21.495832443237305,0.24799999594688416,1,1
7.8750907619833015,323.704,move,143.88069668598473,136.14312744140625,26.72083282470703,-1.7860000133514404,1,1
7.884641362004913,323.714,move,144.08284866646864,136.42410278320312,18.975000381469727,0.7379999756813049,1,1
7.894944401981775,323.724,move,144.3038600862492,136.52682495117188,15.125,-1.5360000133514404,1,1
7.9047165010124445,323.734,move,144.3038600862492,136.81015014648438,30.754167556762695,0.2680000066757202,1,1
7.9151972199906595,323.744,move,144.51177970552817,137.01123046875,22.183332443237305,-1.7669999599456787,1,1
7.924820463987999,323.754,move,144.72185192559846,137.260986328125,15.8125,0.6380000114440918,1,1
7.9350532639655285,323.764,move,144.93803642620333,137.4140625,20.854167938232422,-1.7289999723434448,1,1
7.94468717800919,323.774,move,145.14629648579285,137.6732177734375,17.645832061767578,0.5,1,1
7.955722681013867,323.784,move,145.36092230631039,137.84207153320312,20.670833587646484,-1.7380000352859497,1,1
7.964868242968805,323.794,move,145.56901024584658,138.14453125,27.04166603088379,0.4309999942779541,1,1
7.9752334879594855,323.804,move,145.7855099258013,138.25128173828125,9.579166412353516,-1.593000054359436,1,1
7.985439558979124,323.814,move,145.99746982613578,138.47384643554688,20.487499237060547,0.2840000092983246,1,1
7.995077119965572,323.824,move,146.20141010545194,138.67459106445312,23.191667556762695,-1.621999979019165,1,1
8.004723446967546,323.834,move,146.4199449464213,138.94247436523438,19.983333587646484,0.675000011920929,1,1
8.015872970980126,323.844,move,146.6395301260054,139.04318237304688,12.100000381469727,-1.7960000038146973,1,1
8.025486857979558,323.854,move,146.86278668628074,139.307373046875,25.849998474121094,0.23399999737739563,1,1
8.037163504981436,323.864,move,147.07937032612972,139.447021484375,14.4375,-1.5499999523162842,1,1
8.044835775974207,323.874,move,147.29057182604447,139.65548706054688,13.933333396911621,-0.8040000200271606,1,1
8.056385998963378,323.884,move,147.49143482581712,139.85421752929688,25.025001525878906,-1.8109999895095825,1,1
8.06584912800463,323.894,move,147.70131186628714,140.14190673828125,21.358333587646484,0.6869999766349792,1,1
8.07591054198565,323.904,move,147.90913112624548,140.2459716796875,13.291666984558105,-1.4950000047683716,1,1
8.085517595987767,323.914,move,147.90913112624548,140.52459716796875,30.570833206176758,0.17299999296665192,1,1
8.09859960898757,323.924,move,148.35283404611982,140.63101196289062,5.4083333015441895,-1.0149999856948853,1,1
8.104947404004633,323.934,move,148.35283404611982,140.8529052734375,26.537498474121094,-1.840999960899353,1,1
8.115173480997328,323.944,move,148.5645262459293,141.149658203125,22.366666793823242,0.6869999766349792,1,1
8.124953955993988,323.954,move,148.77302054595202,141.21511840820312,6.737500190734863,-1.3170000314712524,1,1
8.135145930980798,323.964,move,148.98516498552635,141.45010375976562,29.883333206176758,0.11100000143051147,1,1
8.144753435975872,323.974,move,149.20099422615021,141.67501831054688,16.958332061767578,-0.9670000076293945,1,1
8.15512268897146,323.984,move,149.40295264637098,141.93551635742188,36.62083435058594,0.125,1,1
8.164700179011561,323.994,move,149.6133218058385,142.15740966796875,12.283333778381348,-0.46000000834465027,1,1
8.175402886990923,324.004,move,149.8250452654902,142.28631591796875,19.983333587646484,-1.781000018119812,1,1
8.185184233007021,324.014,move,150.0451474059373,142.540771484375,21.679166793823242,0.3269999921321869,1,1
8.195341865008231,324.024,move,150.2589965860825,142.72540283203125,22.0,-1.7089999914169312,1,1
8.20498563698493,324.034,move,150.46416454645805,142.90936279296875,11.274999618530273,-0.9240000247955322,1,1
8.215060835995246,324.044,move,150.6736486654263,143.10104370117188,29.379167556762695,-1.9709999561309814,1,1
8.224702404986601,324.054,move,150.87747374596074,143.35113525390625,17.462499618530273,0.7369999885559082,1,1
8.234918755013496,324.064,move,151.0897301863879,143.46963500976562,16.820833206176758,-1.6920000314712524,1,1
8.245985033980105,324.074,move,151.29566274629906,143.73818969726562,23.008333206176758,0.25999999046325684,1,1
8.255105178977828,324.084,move,151.29566274629906,143.90301513671875,16.958332061767578,-1.4470000267028809,1,1
8.264872991014272,324.094,move,151.5202864264138,144.178955078125,25.849998474121094,0.16500000655651093,1,1
8.275035851984285,324.104,move,151.7402194456663,144.297119140625,6.416666507720947,-1.1230000257492065,1,1
8.284873662982136,324.114,move,151.94137178640813,144.50625610351562,29.241666793823242,0.13199999928474426,1,1
8.295103637967259,324.124,move,152.16052336548455,144.68753051757812,11.779166221618652,-1.0149999856948853,1,1
8.305961882986594,324.134,move,152.36578508559614,144.90103149414062,23.375,0.1379999965429306,1,1
8.315173526993021,324.144,move,152.58192310621962,145.07626342773438,20.670833587646484,-1.6629999876022339,1,1
8.324666831991635,324.154,move,152.7920353859663,145.3243408203125,16.637500762939453,-0.08699999749660492,1,1
8.335118426010013,324.164,move,153.00073084584437,145.52676391601562,24.016666412353516,0.11500000208616257,1,1
8.344895995978732,324.174,move,153.2109535455238,145.68118286132812,6.233333110809326,-0.8880000114440918,1,1
8.35499678197084,324.184,move,153.4288442058023,145.85910034179688,27.545833587646484,0.12700000405311584,1,1
8.364999848010484,324.194,move,153.63073890609667,146.05010986328125,17.325000762939453,-1.465000033378601,1,1
8.37518445000751,324.204,move,153.8315107456874,146.32168579101562,24.52083396911621,0.28600001335144043,1,1
8.385003545961808,324.214,move,154.03486854559742,146.456298828125,7.425000190734863,-1.1920000314712524,1,1
8.395699551969301,324.225,move,154.2541201254353,146.6671142578125,30.066667556762695,0.11800000071525574,1,1
8.404676723002922,324.234,move,154.47272708569653,146.85812377929688,11.458333015441895,-0.953000009059906,1,1
8.414920212992001,324.244,move,154.6942043658346,147.0806884765625,24.704166412353516,0.22699999809265137,1,1
8.425273786997423,324.254,move,154.90555574581958,147.26666259765625,20.166667938232422,-1.6139999628067017,1,1
8.434942494961433,324.264,move,155.1070791662205,147.557373046875,25.20833396911621,0.5720000267028809,1,1
8.444874981010798,324.274,move,155.1070791662205,147.65975952148438,9.074999809265137,-1.347000002861023,1,1
8.455075350997504,324.284,move,155.315542206401,147.90347290039062,28.875,0.21799999475479126,1,1
8.46473419200629,324.294,move,155.51974778575823,148.07400512695312,6.737500190734863,-0.8970000147819519,1,1
8.474944269983098,324.304,move,155.7354479858186,148.26400756835938,23.191667556762695,-2.0510001182556152,1,1
8.484763496962842,324.314,move,155.94019936560653,148.49630737304688,14.620833396911621,-0.6019999980926514,1,1
8.494908565015066,324.324,move,156.16042674565688,148.6947021484375,24.016666412353516,-1.6299999952316284,1,1
8.504843275004532,324.334,move,156.36069504590705,148.96157836914062,19.84583282470703,0.5410000085830688,1,1
8.516213366005104,324.344,move,156.5816595654469,149.06094360351562,12.100000381469727,-1.690999984741211,1,1
8.524732881982345,324.354,move,156.7924254660029,149.32647705078125,27.224998474121094,0.2770000100135803,1,1
8.534986199985724,324.364,move,157.00291164615192,149.4171142578125,3.7125000953674316,-1.1629999876022339,1,1
8.544653835997451,324.374,move,157.20786820561625,149.5916748046875,27.72916603088379,0.06800000369548798,1,1
8.555234548985027,324.384,move,157.42445844621398,149.78872680664062,17.325000762939453,-1.5479999780654907,1,1
8.564987913996447,324.394,move,157.6373290263582,150.0643310546875,26.03333282470703,0.25699999928474426,1,1
8.575250188994687,324.404,move,157.85472156642936,150.197265625,7.058333396911621,-1.159000039100647,1,1
8.585079683980439,324.414,move,158.06032090610825,150.39431762695312,27.866666793823242,0.13500000536441803,1,1
8.595233127998654,324.424,move,158.27789258607663,150.56182861328125,9.441666603088379,-1.281000018119812,1,1
8.604889623995405,324.434,move,158.48900250555016,150.76828002929688,30.891666412353516,0.06700000166893005,1,1
8.614961126993876,324.444,move,158.6994492057711,150.9747314453125,18.149999618530273,-1.5260000228881836,1,1
8.624722165986896,324.454,move,158.6994492057711,151.26275634765625,29.058332443237305,0.2329999953508377,1,1
8.635096396959852,324.464,move,158.9123025657609,151.38192749023438,1.5125000476837158,-0.6470000147819519,1,1
8.644942933984566,324.474,move,159.12004126631655,151.46316528320312,14.941666603088379,-1.9270000457763672,1,1
8.65494579001097,324.484,move,159.33964106533676,151.74716186523438,22.183332443237305,0.5429999828338623,1,1
8.664749827992637,324.494,move,159.5614381453488,151.9227294921875,25.20833396911621,-1.8329999446868896,1,1
8.676039760990534,324.504,move,159.78006114531308,152.11911010742188,12.787500381469727,-0.6610000133514404,1,1
8.684704725979827,324.514,move,159.98533910536207,152.25909423828125,19.84583282470703,-2.0320000648498535,1,1
8.694977329985704,324.524,move,160.2008748059161,152.547119140625,25.025001525878906,0.3880000114440918,1,1
8.704664541990496,324.534,move,160.40790298534557,152.6343994140625,10.770833969116211,-1.4830000400543213,1,1
8.714959547971375,324.544,move,160.62194714602083,152.88650512695312,33.59583282470703,0.21699999272823334,1,1
8.724677446996793,324.554,move,160.83167470572516,153.04193115234375,13.108333587646484,-1.4700000286102295,1,1
8.735696560004726,324.564,move,161.04509330634028,153.31182861328125,35.108333587646484,0.23000000417232513,1,1
8.74536270298995,324.575,move,161.24574552569538,153.4991455078125,16.133333206176758,-1.409000039100647,1,1
8.755359497969039,324.584,move,161.45767836645246,153.763671875,18.975000381469727,0.3440000116825104,1,1
8.765326045977417,324.594,move,161.65999084641226,153.9798583984375,26.35416603088379,0.15600000321865082,1,1
8.775264592957683,324.604,move,161.8616499255877,154.15643310546875,8.570833206176758,-1.1349999904632568,1,1
8.785156043013558,324.614,move,162.06308296578936,154.35952758789062,26.537498474121094,0.10000000149011612,1,1
8.795042042969726,324.624,move,162.2818266057875,154.54617309570312,9.579166412353516,-1.1790000200271606,1,1
8.80487669800641,324.634,move,162.503479805775,154.75228881835938,22.6875,0.17399999499320984,1,1
8.815222436969634,324.644,move,162.503479805775,154.93658447265625,18.65416717529297,-1.7910000085830688,1,1
8.824874504993204,324.654,move,162.7226065453142,155.22964477539062,26.21666717529297,0.4230000078678131,1,1
8.835571862990037,324.664,move,162.93995698611252,155.33840942382812,9.441666603088379,-1.684000015258789,1,1
8.844989337958395,324.674,move,163.15307022584602,155.5885009765625,29.058332443237305,0.18299999833106995,1,1
8.855002783006057,324.684,move,163.3648401654791,155.75030517578125,13.429166793823242,-1.3480000495910645,1,1
8.864684855972882,324.694,move,163.56606884556822,155.98495483398438,22.366666793823242,0.33000001311302185,1,1
8.874989278963767,324.704,move,163.78129136562347,156.1739501953125,24.84166717529297,-1.7869999408721924,1,1
8.886037284974009,324.714,move,163.98807250591926,156.41531372070312,17.141666412353516,0.5450000166893005,1,1
8.89494194200961,324.724,move,164.2073523257859,156.49655151367188,11.274999618530273,-1.5490000247955322,1,1
8.904825356963556,324.734,move,164.40848140558228,156.7459716796875,24.200000762939453,0.2280000001192093,1,1
8.914897940994706,324.744,move,164.62503038626164,156.87118530273438,7.058333396911621,-1.0490000247955322,1,1
8.925015939981677,324.754,move,164.82978256582282,157.06790161132812,30.066667556762695,0.07000000029802322,1,1
8.935489505005535,324.765,move,165.05109754553996,157.30322265625,12.100000381469727,-1.2020000219345093,1,1
8.945222431968432,324.774,move,165.26384690590203,157.5408935546875,25.712501525878906,0.16500000655651093,1,1
8.954879558994435,324.784,move,165.4797605057247,157.67214965820312,8.25,-1.309999942779541,1,1
8.964735743997153,324.794,move,165.69617422576994,157.88699340820312,25.20833396911621,0.18000000715255737,1,1
8.975141413975507,324.804,move,165.69617422576994,158.08404541015625,19.84583282470703,-1.8609999418258667,1,1
8.984715937986039,324.814,move,165.92079050536267,158.3895263671875,28.370832443237305,0.414000004529953,1,1
8.994966731988825,324.824,move,166.13516066619195,158.49560546875,9.945833206176758,-1.3639999628067017,1,1
9.004694398958236,324.834,move,166.34063456603326,158.76046752929688,34.604164123535156,0.17399999499320984,1,1
9.014971892000176,324.844,move,166.55615644576028,158.95281982421875,17.462499618530273,-1.2410000562667847,1,1
9.024994183972012,324.854,move,166.76350764627568,159.27777099609375,33.09166717529297,0.23499999940395355,1,1
9.034946204978041,324.864,move,166.96396068600006,159.46408081054688,9.945833206176758,-1.0440000295639038,1,1
9.0447202079813,324.874,move,167.16535766539164,159.66751098632812,22.183332443237305,0.2800000011920929,1,1
9.055277557985391,324.884,move,167.3818471264094,159.90753173828125,26.72083282470703,0.2549999952316284,1,1
9.064947578997817,324.894,move,167.5943233857397,160.05288696289062,9.258333206176758,-1.3140000104904175,1,1
9.07494456396671,324.904,move,167.80917642568238,160.29559326171875,28.233333587646484,0.17900000512599945,1,1
9.084697246958967,324.914,move,168.01306240539998,160.4466552734375,5.912500381469727,-0.7599999904632568,1,1
9.096436950960197,324.924,move,168.22440016595647,160.6104736328125,22.870832443237305,-1.784999966621399,1,1
9.104963329969905,324.934,move,168.43816840602085,160.85116577148438,15.125,-0.4860000014305115,1,1
9.115612218971364,324.945,move,168.65128864580765,161.0750732421875,25.20833396911621,-1.7039999961853027,1,1
9.12480421696091,324.954,move,168.86638914630748,161.32919311523438,19.34166717529297,0.609000027179718,1,1
9.135145847976673,324.964,move,169.07098784623668,161.42855834960938,12.100000381469727,-1.8530000448226929,1,1
9.144770053972024,324.974,move,169.28639410575852,161.699462890625,27.224998474121094,0.23499999940395355,1,1
9.156410383991897,324.984,move,169.49239680590108,161.79714965820312,4.537499904632568,-1.1799999475479126,1,1
9.164930450962856,324.994,move,169.70480552571826,161.99923706054688,28.049999237060547,0.0560000017285347,1,1
9.174980904965196,325.004,move,169.70480552571826,162.198974609375,12.100000381469727,-1.0369999408721924,1,1
9.184768873965368,325.014,move,169.91721686604433,162.43463134765625,25.712501525878906,0.21799999475479126,1,1
9.195023745007347,325.024,move,170.13773496542126,162.59173583984375,10.587499618530273,-1.253000020980835,1,1
9.204688315978274,325.034,move,170.3416766463779,162.82135009765625,22.504167556762695,0.23199999332427979,1,1
9.21496912499424,325.044,move,170.55666454532184,163.08319091796875,35.291664123535156,0.2280000001192093,1,1
9.224716418015305,325.054,move,170.76450382638723,163.31683349609375,23.695833206176758,-1.7589999437332153,1,1
9.234933789994102,325.064,move,170.9801134658046,163.5135498046875,14.941666603088379,-1.2209999561309814,1,1
9.244695640983991,325.074,move,171.1866597661283,163.74752807617188,29.058332443237305,0.2029999941587448,1,1
9.254905208013952,325.084,move,171.4042669062037,163.91571044921875,14.299999237060547,-1.3880000114440918,1,1
9.264637433981989,325.094,move,171.607072485378,164.17587280273438,29.745832443237305,0.1720000058412552,1,1
9.27531444496708,325.104,move,171.82333072577603,164.35311889648438,7.425000190734863,-0.7390000224113464,1,1
9.284991327964235,325.114,move,172.03842560574412,164.52902221679688,25.52916717529297,0.07000000029802322,1,1
9.295627322979271,325.125,move,172.25197044597007,164.71163940429688,10.266666412353516,-0.9129999876022339,1,1
9.304943991999608,325.134,move,172.46682388638146,164.94024658203125,29.379167556762695,0.13899999856948853,1,1
9.314924635982607,325.144,move,172.67316860542633,165.13931274414062,11.779166221618652,-0.9629999995231628,1,1
9.32469099498121,325.154,move,172.8768055262044,165.373291015625,25.52916717529297,0.19200000166893005,1,1
9.334909789962694,325.164,move,173.09618152608164,165.53240966796875,11.274999618530273,-1.159000039100647,1,1
9.344990829995368,325.174,move,173.30410156561993,165.78350830078125,28.737499237060547,0.2290000021457672,1,1
9.354930788977072,325.184,move,173.30410156561993,165.9412841796875,5.912500381469727,-0.8410000205039978,1,1
9.36591514799511,325.194,move,173.7205187061336,166.10745239257812,23.879167556762695,-1.722000002861023,1,1
9.375001630978659,325.204,move,173.7205187061336,166.35821533203125,15.629166603088379,-0.39800000190734863,1,1
9.384787325980142,325.214,move,173.94084926624782,166.57003784179688,26.35416603088379,-1.621000051498413,1,1
9.39502406399697,325.224,move,174.16019340557978,166.8798828125,17.645832061767578,0.8299999833106995,1,1
9.404662957007531,325.234,move,174.36776220612228,167.00711059570312,19.84583282470703,-1.6200000047683716,1,1
9.414947612967808,325.244,move,174.5800368853379,167.22900390625,18.333332061767578,0.5479999780654907,1,1
9.424660192977171,325.254,move,174.7909330255352,167.34146118164062,15.125,-1.5959999561309814,1,1
9.434977969969623,325.264,move,175.00198524608277,167.58248901367188,19.479167938232422,-0.925000011920929,1,1
9.4447480859817,325.274,move,175.2117398653645,167.83795166015625,37.62916564941406,0.16300000250339508,1,1
9.455119562975597,325.284,move,175.4285246860236,168.058837890625,12.787500381469727,-0.4790000021457672,1,1
9.464958366006613,325.294,move,175.6365352862049,168.18472290039062,21.174999237060547,-1.7690000534057617,1,1
9.475551471987274,325.305,move,175.85375450598076,168.45831298828125,23.695833206176758,0.3330000042915344,1,1
9.484679832006805,325.314,move,176.0697865257971,168.58755493164062,14.620833396911621,-1.4229999780654907,1,1
9.495440917962696,325.324,move,176.27204210544005,168.86618041992188,34.604164123535156,0.20600000023841858,1,1
9.504652703006286,325.334,move,176.48942140559666,169.03973388671875,6.920833110809326,-0.4059999883174896,1,1
9.514998933009338,325.344,move,176.69770130584948,169.11392211914062,11.962499618530273,-1.6130000352859497,1,1
9.525308826006949,325.354,move,176.90396048640832,169.412353515625,33.59583282470703,0.2750000059604645,1,1
9.5349527989747,325.364,move,176.90396048640832,169.55972290039062,11.595833778381348,-1.218000054359436,1,1
9.544708848989103,325.374,move,177.11669600615278,169.799072265625,35.93333435058594,0.13699999451637268,1,1
9.554956767009571,325.384,move,177.33611448598094,170.03036499023438,14.4375,0.7229999899864197,1,1
9.564780973014422,325.394,move,177.54039240581915,170.062255859375,4.9041666984558105,-1.6759999990463257,1,1
9.576110658992548,325.404,move,177.76184764620848,170.320068359375,27.72916603088379,0.22699999809265137,1,1
9.585459185997024,325.414,move,177.97004840616137,170.48825073242188,13.795833587646484,-1.2860000133514404,1,1
9.594898370967712,325.424,move,178.1731737863738,170.73028564453125,22.870832443237305,0.2879999876022339,1,1
9.604603235959075,325.434,move,178.38695924542844,170.84609985351562,11.595833778381348,-1.6729999780654907,1,1
9.614985683001578,325.444,move,178.59929404617287,171.0908203125,22.0,0.2770000100135803,1,1
9.624880368995946,325.454,move,178.81367100565694,171.32244873046875,27.224998474121094,-1.9850000143051147,1,1
9.635238560964353,325.464,move,179.03197842580266,171.619873046875,22.6875,0.656000018119812,1,1
9.64497542596655,325.474,move,179.23826264613308,171.67861938476562,4.537499904632568,-1.1150000095367432,1,1
9.655324961990118,325.484,move,179.45330764562823,171.90286254882812,33.59583282470703,0.1459999978542328,1,1
9.665165597980376,325.494,move,179.65956160612404,172.17510986328125,16.454166412353516,1.0269999504089355,1,1
9.6750952390139,325.504,move,179.87818020558916,172.24493408203125,11.091666221618652,-1.6119999885559082,1,1
9.684912702010479,325.514,move,180.0850653455127,172.4752197265625,22.0,0.32100000977516174,1,1
9.694891672988888,325.524,move,180.29681044560857,172.6981201171875,31.579166412353516,-1.9839999675750732,1,1
9.704669773986097,325.534,move,180.49872498540208,172.96096801757812,16.133333206176758,0.6880000233650208,1,1
9.71500189800281,325.544,move,180.49872498540208,173.05496215820312,14.620833396911621,-1.4500000476837158,1,1
9.724750204011798,325.554,move,180.71790582546964,173.28323364257812,21.174999237060547,-1.3539999723434448,1,1
9.73604805098148,325.564,move,180.9364306454081,173.55917358398438,35.291664123535156,0.15600000321865082,1,1
9.744727963989135,325.574,move,181.13878420600668,173.73876953125,5.4083333015441895,-0.32100000977516174,1,1
9.75507590698544,325.584,move,181.36238940572366,173.79248046875,10.083333969116211,-1.7130000591278076,1,1
9.764818611962255,325.594,move,181.56682822550647,174.08016967773438,28.370832443237305,0.2800000011920929,1,1
9.774930018000305,325.604,move,181.78242644574493,174.1912841796875,7.058333396911621,-1.3229999542236328,1,1
9.78467639000155,325.614,move,181.98581170570105,174.40008544921875,23.512500762939453,0.2029999941587448,1,1
9.795553580974229,325.624,move,182.2018980262801,174.5968017578125,19.479167938232422,-1.718000054359436,1,1
9.80467594997026,325.634,move,182.40343868546188,174.89791870117188,26.858333587646484,0.5529999732971191,1,1
9.815104431996588,325.644,move,182.62320780591108,174.99627685546875,9.441666603088379,-1.3880000114440918,1,1
9.824922477011569,325.654,move,182.83383304532617,175.2493896484375,33.275001525878906,0.30000001192092896,1,1
9.835659888980445,325.665,move,183.05079678585753,175.44308471679688,18.149999618530273,-1.3730000257492065,1,1
9.844782678992487,325.674,move,183.2673030863516,175.720703125,29.379167556762695,0.3370000123977661,1,1
9.854977259004954,325.684,move,183.47070838604122,175.8966064453125,18.333332061767578,-1.7079999446868896,1,1
9.864713401999325,325.694,move,183.67529406608082,176.1759033203125,23.695833206176758,0.2849999964237213,1,1
9.874960599001497,325.704,move,183.89108042628504,176.30111694335938,8.25,-1.2430000305175781,1,1
9.8846572599723,325.714,move,184.09825288620777,176.51495361328125,31.900001525878906,0.05700000002980232,1,1
9.895015331974719,325.724,move,184.09825288620777,176.7022705078125,8.9375,-0.4779999852180481,1,1
9.9048025989905,325.734,move,184.31831454555504,176.80734252929688,18.333332061767578,-1.9429999589920044,1,1
9.914983743976336,325.744,move,184.53704956616275,177.06884765625,23.695833206176758,0.421999990940094,1,1
9.924838386010379,325.754,move,184.74205662542954,177.14739990234375,7.425000190734863,-1.5859999656677246,1,1
9.935011055960786,325.764,move,184.9600582853891,177.38037109375,27.362499237060547,0.21400000154972076,1,1
9.945939471013844,325.774,move,185.16427688580006,177.53109741210938,4.400000095367432,-1.0069999694824219,1,1
9.954921961994842,325.784,move,185.3844465459697,177.69625854492188,24.200000762939453,-1.8029999732971191,1,1
9.964868593961,325.794,move,185.5859759862069,177.91143798828125,12.604166984558105,-0.6970000267028809,1,1
9.975009083980694,325.804,move,185.80947600584477,178.10345458984375,24.84166717529297,0.14000000059604645,1,1
9.984635895001702,325.814,move,186.01781240594573,178.25955200195312,7.5625,-1.0390000343322754,1,1
9.995218681986444,325.824,move,186.22527318587527,178.45156860351562,31.39583396911621,-2.0510001182556152,1,1
10.006128161970992,325.834,move,186.44075320614502,178.72515869140625,19.15833282470703,0.6340000033378601,1,1
10.015365473984275,325.844,move,186.65466670575552,178.8681640625,16.133333206176758,-1.5140000581741333,1,1
10.025126873981208,325.854,move,186.86297306604683,179.1676025390625,30.387500762939453,0.21799999475479126,1,1
10.034904934000224,325.864,move,187.0786654453259,179.30490112304688,2.383333444595337,-0.9049999713897705,1,1
10.044698132958729,325.874,move,187.29850250575691,179.43783569335938,21.679166793823242,-2.0369999408721924,1,1
10.05496049800422,325.884,move,187.29850250575691,179.71343994140625,20.487499237060547,0.48100000619888306,1,1
10.064857197983656,325.894,move,187.51696100621484,179.928955078125,22.870832443237305,-1.5609999895095825,1,1
10.074927637993824,325.904,move,187.73866550577804,180.18072509765625,19.479167938232422,-0.546999990940094,1,1
10.084774735965766,325.914,move,187.93932412564754,180.40060424804688,31.39583396911621,-1.8270000219345093,1,1
10.094924303004518,325.924,move,188.159140545642,180.69131469726562,20.670833587646484,0.7490000128746033,1,1
10.104891513008624,325.934,move,188.3623795262538,180.84304809570312,16.637500762939453,-1.4149999618530273,1,1
10.11493935197359,325.944,move,188.56268570572138,181.17269897460938,37.766666412353516,0.3479999899864197,1,1
10.124769488000311,325.954,move,188.76288588554598,181.35330200195312,15.445833206176758,-1.0520000457763672,1,1
10.134943821001798,325.964,move,188.98151110555045,181.62890625,33.412498474121094,0.18400000035762787,1,1
10.144642113998998,325.974,move,189.1861438662745,181.83871459960938,21.495832443237305,-1.6150000095367432,1,1
10.154921169974841,325.984,move,189.4023636255879,182.13681030273438,25.52916717529297,0.6010000109672546,1,1
10.165604361973237,325.994,move,189.60888668592088,182.24221801757812,10.266666412353516,-1.590000033378601,1,1
10.174934625974856,326.004,move,189.82194160623476,182.458740234375,18.149999618530273,0.3070000112056732,1,1
10.184932692965958,326.014,move,190.035830486333,182.65042114257812,23.191667556762695,-1.8240000009536743,1,1
10.195704708981793,326.025,move,190.25107564567588,182.89816284179688,16.316667556762695,-0.6159999966621399,1,1
10.204666511970572,326.034,move,190.47112970543094,183.08413696289062,26.21666717529297,-1.7580000162124634,1,1
10.2159923419822,326.044,move,190.69555220589973,183.34228515625,16.958332061767578,0.4350000023841858,1,1
10.224686419998761,326.054,move,190.89964158646762,183.430908203125,11.962499618530273,-1.8459999561309814,1,1
10.234972789010499,326.064,move,190.89964158646762,183.688720703125,25.025001525878906,0.3310000002384186,1,1
10.244851615978405,326.074,move,191.11710824584588,183.83642578125,16.133333206176758,-1.5180000066757202,1,1
10.255016280978452,326.084,move,191.33847112581134,184.07275390625,17.829166412353516,-0.8949999809265137,1,1
10.264648351003416,326.094,move,191.54196156584658,184.3184814453125,36.94166564941406,0.15199999511241913,1,1
10.274931034015026,326.104,move,191.75716666551307,184.52761840820312,11.458333015441895,-0.5009999871253967,1,1
10.28472471301211,326.114,move,191.9623330263421,184.63973999023438,17.325000762939453,-1.5579999685287476,1,1
10.295189191994723,326.124,move,192.1813357253559,184.90359497070312,23.375,0.2879999876022339,1,1
10.30468992999522,326.134,move,192.399187306175,184.97979736328125,6.737500190734863,-1.343000054359436,1,1
10.315117850957904,326.144,move,192.602460965747,185.22518920898438,25.025001525878906,0.22100000083446503,1,1
10.324631572992075,326.154,move,192.81533516640775,185.38766479492188,12.787500381469727,-1.531000018119812,1,1
10.335061998979654,326.164,move,193.02480084635317,185.61392211914062,17.96666717529297,0.34599998593330383,1,1
10.344918263959698,326.174,move,193.23705408535898,185.80426025390625,23.191667556762695,-1.7209999561309814,1,1
10.355474321986549,326.185,move,193.45262024598196,186.04629516601562,16.454166412353516,-0.703000009059906,1,1
10.364932941971347,326.194,move,193.66657684603706,186.234619140625,25.712501525878906,-1.8350000381469727,1,1
10.37552132998826,326.204,move,193.87692776555195,186.503173828125,20.487499237060547,0.7229999899864197,1,1
10.384643980010878,326.214,move,194.09007868543267,186.60488891601562,13.795833587646484,-1.4930000305175781,1,1
10.395032007014379,326.224,move,194.29408808634616,186.83786010742188,20.487499237060547,-0.7519999742507935,1,1
10.404846865974832,326.234,move,194.50320054590702,187.1221923828125,37.62916564941406,0.1899999976158142,1,1
10.415150446991902,326.244,move,194.50320054590702,187.34375,12.100000381469727,-0.4390000104904175,1,1
10.424634814960882,326.254,move,194.7210799662862,187.51797485351562,23.879167556762695,0.18700000643730164,1,1
10.435576774994843,326.264,move,194.93415854568593,187.73684692382812,24.383333206176758,0.14000000059604645,1,1
10.444626640994102,326.274,move,195.15276452573016,187.905029296875,8.570833206176758,-0.7329999804496765,1,1
10.454859791963827,326.284,move,195.3567296457477,188.09671020507812,29.058332443237305,0.0689999982714653,1,1
10.464634666976053,326.294,move,195.56279766536318,188.27764892578125,9.579166412353516,-0.4729999899864197,1,1
10.474994893011171,326.304,move,195.77950294641778,188.3656005859375,12.787500381469727,-1.3279999494552612,1,1
10.484835498966277,326.314,move,195.98879230604507,188.67343139648438,35.42916488647461,0.25699999928474426,1,1
10.495019048976246,326.324,move,196.2075684061274,188.82382202148438,11.274999618530273,-1.062000036239624,1,1
10.504644727974664,326.334,move,196.41436216584407,189.07492065429688,35.93333435058594,0.14499999582767487,1,1
10.515184435003903,326.344,move,196.62613250594586,189.27096557617188,7.745833396911621,-0.6259999871253967,1,1
10.524818840960506,326.354,move,196.84096772619523,189.39584350585938,20.670833587646484,-1.8550000190734863,1,1
10.535301251977216,326.364,move,197.0539976055734,189.66741943359375,23.695833206176758,0.46000000834465027,1,1
10.545197160972748,326.374,move,197.26202524546534,189.78826904296875,13.795833587646484,-1.375,1,1
10.554980551009066,326.384,move,197.48193522612564,190.07125854492188,38.775001525878906,0.1979999989271164,1,1
10.564944003999699,326.394,move,197.70251806639135,190.27301025390625,10.449999809265137,-0.19900000095367432,1,1
10.57492609199835,326.404,move,197.90262988582253,190.35089111328125,12.100000381469727,-1.6169999837875366,1,1
10.585916040989105,326.414,move,198.12489862600341,190.67080688476562,25.849998474121094,0.25099998712539673,1,1
10.594947481993586,326.424,move,198.12489862600341,190.821533203125,12.100000381469727,-1.2649999856948853,1,1
10.604621050006244,326.434,move,198.3396851462312,191.05953979492188,31.762500762939453,0.18400000035762787,1,1
10.614863949012943,326.444,move,198.55568430549465,191.27572631835938,24.200000762939453,0.21199999749660492,1,1
10.62475103099132,326.454,move,198.76231796620414,191.42343139648438,6.416666507720947,-0.9150000214576721,1,1
10.634925042977557,326.464,move,198.98357104556635,191.59295654296875,28.875,-1.8029999732971191,1,1
10.645867574959993,326.474,move,199.18774094595574,191.84808349609375,15.629166603088379,0.699999988079071,1,1
10.654850536957383,326.484,move,199.4023814057,191.96725463867188,18.47083282470703,-1.5110000371932983,1,1
10.66452697996283,326.494,move,199.60746800573543,192.25393676757812,27.04166603088379,0.24699999392032623,1,1
10.674880262988154,326.504,move,199.82041372614913,192.4140625,10.449999809265137,-1.1929999589920044,1,1
10.684529145015404,326.514,move,200.02997660590336,192.65676879882812,30.891666412353516,0.19699999690055847,1,1
10.695320727012586,326.524,move,200.2436641061213,192.87899780273438,11.962499618530273,-0.4359999895095825,1,1
10.704826955974568,326.534,move,200.44483648543246,193.05389404296875,22.0,-1.8650000095367432,1,1
10.715571170963813,326.545,move,200.65078648552299,193.2962646484375,16.316667556762695,-0.5809999704360962,1,1
10.72496656497242,326.554,move,200.85342736612074,193.509765625,29.5625,-1.8849999904632568,1,1
10.734870759013575,326.564,move,201.07209044555202,193.80685424804688,20.350000381469727,0.6959999799728394,1,1
10.744587065011729,326.574,move,201.2737819859758,193.94918823242188,20.487499237060547,-1.4600000381469727,1,1
10.754876610997599,326.584,move,201.4919373258017,194.20062255859375,19.662500381469727,0.503000020980835,1,1
10.764744676998816,326.594,move,201.69595596543513,194.35638427734375,21.174999237060547,-1.7769999504089355,1,1
10.774900866963435,326.604,move,201.69595596543513,194.64508056640625,18.65416717529297,0.4959999918937683,1,1
10.784582007967401,326.614,move,201.91594190592878,194.83038330078125,20.991666793823242,-1.7899999618530273,1,1
10.794974693970289,326.624,move,202.13258484541439,195.14056396484375,26.21666717529297,0.5389999747276306,1,1
10.805157281982247,326.634,move,202.34150654566474,195.25839233398438,13.933333396911621,-1.3040000200271606,1,1
10.814850876980927,326.644,move,202.5440262053162,195.50881958007812,26.21666717529297,0.2879999876022339,1,1
10.824586919974536,326.654,move,202.76331864576787,195.64947509765625,15.950000762939453,-1.4079999923706055,1,1
10.835005873988848,326.664,move,202.97813582629897,195.8905029296875,22.366666793823242,0.5070000290870667,1,1
10.844590156979393,326.674,move,203.19151094579138,195.96469116210938,7.425000190734863,-1.2730000019073486,1,1
10.856045454973355,326.684,move,203.4041202457156,196.19061279296875,28.370832443237305,0.2290000021457672,1,1
10.864720688958187,326.694,move,203.60961380577646,196.36416625976562,5.912500381469727,-0.8389999866485596,1,1
10.874968187010381,326.704,move,203.8124648858793,196.541748046875,27.545833587646484,0.14100000262260437,1,1
10.884972786006983,326.714,move,204.03502036631107,196.7216796875,18.333332061767578,-1.5579999685287476,1,1
10.895452411961742,326.725,move,204.2503791458439,197.00567626953125,26.03333282470703,0.28700000047683716,1,1
10.904896575957537,326.734,move,204.46470580575988,197.1365966796875,7.929166793823242,-1.0410000085830688,1,1
10.915125969971996,326.744,move,204.67310152645223,197.34774780273438,29.883333206176758,0.11699999868869781,1,1
10.924736390996259,326.754,move,204.8802441258449,197.55252075195312,10.770833969116211,-0.3919999897480011,1,1
10.93486280500656,326.764,move,205.10071716550738,197.69149780273438,22.0,-1.8040000200271606,1,1
10.94488723098766,326.774,move,205.30267698620446,197.89694213867188,14.804166793823242,0.7979999780654907,1,1
10.954861513979267,326.784,move,205.50410404615104,197.96676635742188,9.579166412353516,-1.847000002861023,1,1
10.965463166008703,326.794,move,205.7051646062173,198.2698974609375,37.62916564941406,0.15600000321865082,1,1
10.974945591005962,326.804,move,205.7051646062173,198.4659423828125,11.458333015441895,-0.3100000023841858,1,1
10.984726005990524,326.814,move,205.91681012581103,198.58041381835938,15.629166603088379,-1.4639999866485596,1,1
10.994789263000712,326.824,move,206.13743262644857,198.85366821289062,26.35416603088379,0.4740000069141388,1,1
11.005073277978227,326.834,move,206.3616391462274,198.94967651367188,8.9375,-1.4880000352859497,1,1
11.016075930965599,326.844,move,206.5692664454691,199.22125244140625,33.275001525878906,0.2290000021457672,1,1
11.02496475900989,326.854,move,206.7895106661599,199.40386962890625,11.595833778381348,-0.7770000100135803,1,1
11.035084259987343,326.864,move,206.99003362609074,199.6072998046875,26.21666717529297,-1.9869999885559082,1,1
11.044643796980381,326.874,move,207.19194678636268,199.909423828125,23.191667556762695,0.6549999713897705,1,1
11.054906202014536,326.884,move,207.40935514611192,200.0826416015625,19.983333587646484,-1.5809999704360962,1,1
11.064968647959176,326.894,move,207.61053032637574,200.32769775390625,16.637500762939453,-0.996999979019165,1,1
11.074984417995438,326.904,move,207.81551976618357,200.55294799804688,18.65416717529297,-0.8109999895095825,1,1
11.084658967971336,326.914,move,208.03865630575456,200.78054809570312,22.6875,0.4830000102519989,1,1
11.095453705987893,326.925,move,208.24434902565554,200.88729858398438,11.458333015441895,-1.3919999599456787,1,1
11.105062293994706,326.934,move,208.46559066604823,201.12396240234375,22.183332443237305,0.2619999945163727,1,1
11.114947422000114,326.944,move,208.68441806570627,201.2454833984375,7.929166793823242,-1.1619999408721924,1,1
11.125182737014256,326.954,move,208.90444986568764,201.45428466796875,32.266666412353516,0.0689999982714653,1,1
11.135112788993865,326.964,move,208.90444986568764,201.68524169921875,11.458333015441895,-0.47699999809265137,1,1
11.14453130500624,326.974,move,209.1200048062019,201.8577880859375,23.008333206176758,-1.656999945640564,1,1
11.155107519996818,326.984,move,209.33283412642777,202.07363891601562,11.458333015441895,-0.671999990940094,1,1
11.164800833968911,326.994,move,209.54528492572717,202.26968383789062,26.537498474121094,0.1599999964237213,1,1
11.17509836400859,327.004,move,209.76230918592773,202.45263671875,10.266666412353516,-0.7799999713897705,1,1
11.1846618889831,327.014,move,209.97029714565724,202.65505981445312,24.200000762939453,0.2540000081062317,1,1
11.194834297988564,327.024,move,210.17948252544738,202.8514404296875,20.487499237060547,-1.4600000381469727,1,1
11.204760482010897,327.034,move,210.3872769458685,203.16363525390625,30.066667556762695,0.4189999997615814,1,1
11.215234447969124,327.044,move,210.60780386603437,203.244873046875,2.5208334922790527,-0.9319999814033508,1,1
11.2261013299576,327.054,move,210.8136410654988,203.392578125,26.03333282470703,-2.0290000438690186,1,1
11.23504773399327,327.064,move,211.03339134645648,203.66583251953125,14.804166793823242,-0.675000011920929,1,1
11.244903547980357,327.074,move,211.23359012580477,203.88235473632812,22.504167556762695,0.23000000417232513,1,1
11.255530837981496,327.085,move,211.45011966628954,204.007568359375,9.258333206176758,-1.0889999866485596,1,1
11.264599598012865,327.094,move,211.66992466594093,204.22811889648438,27.04166603088379,0.20900000631809235,1,1
11.27492934797192,327.104,move,211.8918539856095,204.39462280273438,13.291666984558105,-1.2879999876022339,1,1
11.285244850965682,327.114,move,212.1041717454791,204.65948486328125,31.075000762939453,0.17399999499320984,1,1
11.294804237957578,327.124,move,212.1041717454791,204.8468017578125,8.433333396911621,-0.7870000004768372,1,1
11.304593348992057,327.134,move,212.31409086543135,205.0401611328125,25.52916717529297,0.10100000351667404,1,1
11.314937985967845,327.144,move,212.53308076574467,205.24661254882812,10.449999809265137,-0.33799999952316284,1,1
11.32462151197251,327.154,move,212.74092666618526,205.36813354492188,18.65416717529297,-1.843000054359436,1,1
11.334900507994462,327.164,move,212.95580134540796,205.667236328125,21.358333587646484,0.4779999852180481,1,1
11.344557225005701,327.174,move,213.16490116575733,205.87637329101562,24.016666412353516,-1.7580000162124634,1,1
11.354864121996798,327.184,move,213.3766731263604,206.10833740234375,16.637500762939453,-0.546999990940094,1,1
11.36532342096325,327.194,move,213.58948580618016,206.29498291015625,27.866666793823242,-1.7999999523162842,1,1
11.374838285963051,327.204,move,213.79367376607843,206.54742431640625,18.65416717529297,0.8410000205039978,1,1
11.38478603999829,327.214,move,214.0151117653586,206.63504028320312,11.595833778381348,-1.5709999799728394,1,1
11.395339251961559,327.224,move,214.2303302853834,206.91265869140625,31.258333206176758,0.22599999606609344,1,1
11.405032286013011,327.234,move,214.44357536546886,207.03518676757812,8.066666603088379,-0.9909999966621399,1,1
11.415325487963855,327.244,move,214.66145740635693,207.29098510742188,33.59583282470703,-1.562999963760376,1,1
11.424816087994259,327.254,move,214.86545520531945,207.61325073242188,21.862499237060547,0.6850000023841858,1,1
11.43539552896982,327.264,move,215.0741258454509,207.73477172851562,12.100000381469727,-1.3930000066757202,1,1
11.444580924988259,327.274,move,215.29045200604014,207.99594116210938,30.25,0.21299999952316284,1,1
11.45494577998761,327.284,move,215.4943884855602,208.17083740234375,8.433333396911621,-0.9309999942779541,1,1
11.464998647978064,327.294,move,215.7032132060267,208.36520385742188,24.704166412353516,0.15299999713897705,1,1
11.474781747965608,327.304,move,215.7032132060267,208.54177856445312,8.25,-0.31200000643730164,1,1
11.4846050220076,327.314,move,215.91361322603188,208.6334228515625,15.629166603088379,-1.847000002861023,1,1
11.496105483965948,327.324,move,216.1328235261608,208.89190673828125,25.52916717529297,0.49799999594688416,1,1
11.504543168994132,327.334,move,216.34001280576922,208.98187255859375,8.433333396911621,-1.2730000019073486,1,1
11.51487376098521,327.344,move,216.55388966598548,209.217529296875,20.991666793823242,0.49000000953674316,1,1
11.524795876990538,327.354,move,216.76124546607025,209.4256591796875,25.025001525878906,-1.8799999952316284,1,1
11.534856109006796,327.364,move,216.96216016588733,209.68548583984375,16.133333206176758,0.9459999799728394,1,1
11.544696194992866,327.374,move,217.18614828586578,209.77713012695312,14.4375,-1.5130000114440918,1,1
11.554963268979918,327.384,move,217.40483560645953,209.9842529296875,15.125,-0.6209999918937683,1,1
11.564912665984593,327.394,move,217.613166205585,210.20245361328125,31.075000762939453,0.11100000143051147,1,1
11.575106895004865,327.404,move,217.83077956573106,210.3978271484375,12.924999237060547,-1.024999976158142,1,1
11.584945958980825,327.414,move,218.03775004623458,210.62744140625,35.108333587646484,0.15800000727176666,1,1
11.595160895958543,327.424,move,218.2542469264008,210.84765625,12.100000381469727,-0.3580000102519989,1,1
11.604942172998562,327.434,move,218.4642626454588,211.00408935546875,25.712501525878906,-1.8550000190734863,1,1
11.61478967196308,327.444,move,218.67715968564153,211.22665405273438,19.662500381469727,-1.0670000314712524,1,1
11.624536805960815,327.454,move,218.89929598593153,211.51333618164062,31.075000762939453,0.19699999690055847,1,1
11.634833134012297,327.464,move,218.89929598593153,211.68655395507812,7.425000190734863,-0.8339999914169312,1,1
11.644576089980546,327.474,move,219.11444056592882,211.86917114257812,26.72083282470703,0.11699999868869781,1,1
11.655349167995155,327.484,move,219.33325072564185,212.05850219726562,16.316667556762695,-1.3819999694824219,1,1
11.664923932985403,327.494,move,219.5482474453747,212.33074951171875,24.84166717529297,0.34599998593330383,1,1
11.674897364981007,327.504,move,219.7628450060729,212.46469116210938,7.929166793823242,-1.0190000534057617,1,1
11.684696134005208,327.514,move,219.96379638602957,212.67449951171875,29.241666793823242,0.1120000034570694,1,1
11.695079442986753,327.524,move,220.1791621854063,212.90310668945312,8.9375,-0.6700000166893005,1,1
11.705697845958639,327.534,move,220.3959902857896,213.05584716796875,21.495832443237305,-1.6699999570846558,1,1
11.714973488007672,327.544,move,220.60104402643628,213.34420776367188,24.704166412353516,0.5839999914169312,1,1
11.7244774629944,327.554,move,220.81102366605774,213.47915649414062,13.108333587646484,-1.5019999742507935,1,1
11.734780101978686,327.564,move,221.02071378543042,213.73663330078125,25.712501525878906,0.3619999885559082,1,1
11.744576436991338,327.574,move,221.2306347261183,213.8447265625,6.233333110809326,-0.9700000286102295,1,1
11.75540247297613,327.585,move,221.45214886567555,214.051513671875,29.241666793823242,0.14000000059604645,1,1
11.764838461996987,327.594,move,221.66650178539567,214.27978515625,11.962499618530273,-0.39100000262260437,1,1
11.77487895800732,327.604,move,221.8815762461163,214.43655395507812,20.670833587646484,-1.6649999618530273,1,1
11.784612445975654,327.614,move,222.08170970599167,214.75848388671875,30.570833206176758,0.41499999165534973,1,1
11.794839376001619,327.624,move,222.29683926608413,214.92465209960938,17.141666412353516,-1.5460000038146973,1,1
11.804657250002492,327.634,move,222.50097172614187,215.14218139648438,21.358333587646484,-1.2699999809265137,1,1
11.815149299975019,327.644,move,222.50097172614187,215.35568237304688,17.96666717529297,0.5419999957084656,1,1
11.824593723984435,327.654,move,222.7211279659532,215.46176147460938,13.933333396911621,-1.6180000305175781,1,1
11.834758829965722,327.664,move,222.9326915256679,215.70883178710938,21.358333587646484,0.5929999947547913,1,1
11.844656552013475,327.674,move,223.1362248659134,215.86325073242188,17.829166412353516,-1.4910000562667847,1,1
11.854847334965598,327.684,move,223.35701588587835,216.15933227539062,27.72916603088379,0.5419999957084656,1,1
11.865831653005444,327.694,move,223.56042780610733,216.2630615234375,10.266666412353516,-1.2489999532699585,1,1
11.874820236000232,327.704,move,223.77981162560172,216.51449584960938,33.275001525878906,0.2280000001192093,1,1
11.884584160987288,327.714,move,223.98313596541993,216.71255493164062,17.141666412353516,-1.284000039100647,1,1
11.89482417399995,327.724,move,224.20116910641082,216.9827880859375,30.387500762939453,0.1860000044107437,1,1
11.90464526496362,327.734,move,224.4127953860443,217.142578125,14.620833396911621,-1.4830000400543213,1,1
11.915129328961484,327.744,move,224.62853546533734,217.41448974609375,32.083335876464844,0.4909999966621399,1,1
11.924747915996704,327.754,move,224.84026574576274,217.59173583984375,6.920833110809326,-0.3409999907016754,1,1
11.935542032995727,327.765,move,225.05019530584104,217.655517578125,12.420833587646484,-1.6150000095367432,1,1
11.944580818002578,327.774,move,225.2704739656765,217.94320678710938,33.59583282470703,0.25699999928474426,1,1
11.954978163004853,327.784,move,225.4879558859393,218.10098266601562,12.604166984558105,-0.9330000281333923,1,1
11.964664253988303,327.794,move,225.4879558859393,218.3336181640625,34.92499923706055,0.09399999678134918,1,1
11.97480441298103,327.804,move,225.71084476588294,218.58807373046875,11.962499618530273,-0.6150000095367432,1,1
11.984763287997339,327.814,move,225.9137800061144,218.75625610351562,22.870832443237305,-1.659999966621399,1,1
11.994851180992555,327.824,move,226.11528038559482,218.97714233398438,13.795833587646484,-0.7350000143051147,1,1
12.004674003983382,327.834,move,226.3378805462271,219.16949462890625,24.704166412353516,0.19499999284744263,1,1
12.01480421598535,327.844,move,226.55692132585682,219.33331298828125,4.9041666984558105,-0.4009999930858612,1,1
12.024691146973055,327.854,move,226.76093254634176,219.42294311523438,18.837499618530273,-1.6410000324249268,1,1
12.03505846700864,327.864,move,226.98238478554413,219.696533203125,24.383333206176758,0.5400000214576721,1,1
12.044548726000357,327.874,move,227.1906681060791,219.8026123046875,12.100000381469727,-1.1239999532699585,1,1
12.054915874963626,327.884,move,227.4019539663568,220.04632568359375,27.72916603088379,0.33500000834465027,1,1
12.064948885992635,327.894,move,227.61070914613083,220.18765258789062,14.941666603088379,-1.2569999694824219,1,1
12.076244360010605,327.904,move,227.83119760616682,220.44512939453125,19.662500381469727,0.6169999837875366,1,1
12.08501924801385,327.914,move,228.0367727058474,220.57672119140625,17.462499618530273,-1.49399995803833,1,1
12.095052780001424,327.924,move,228.25844876631163,220.84158325195312,23.695833206176758,0.47999998927116394,1,1
12.104990596009884,327.934,move,228.4593468257226,220.93289184570312,9.074999809265137,-1.4889999628067017,1,1
12.114747406973038,327.944,move,228.67826638557017,221.18096923828125,29.379167556762695,0.23199999332427979,1,1
12.124665676965378,327.954,move,228.89932450535707,221.34042358398438,5.912500381469727,-0.8309999704360962,1,1
12.13598068698775,327.964,move,229.11701418622397,221.49954223632812,23.512500762939453,-1.7879999876022339,1,1
12.144634040014353,327.974,move,229.11701418622397,221.74224853515625,14.620833396911621,-0.5149999856948853,1,1
12.15487457497511,327.984,move,229.33438970637508,221.95977783203125,26.537498474121094,-1.684000015258789,1,1
12.164669796999078,327.994,move,229.53899682546034,222.21826171875,17.96666717529297,0.6150000095367432,1,1
12.174823501962237,328.004,move,229.7578957460355,222.3216552734375,13.612499237060547,-1.850000023841858,1,1
12.184603175963275,328.014,move,229.963573646266,222.618408203125,30.754167556762695,0.22200000286102295,1,1
12.195053417992312,328.024,move,230.18130060564724,222.74362182617188,9.579166412353516,-1.1150000095367432,1,1
12.204571518988814,328.034,move,230.39269506628625,222.97491455078125,31.258333206176758,0.1080000028014183,1,1
12.214804699993692,328.044,move,230.60289250616916,223.21896362304688,16.454166412353516,0.8889999985694885,1,1
12.22457563696662,328.054,move,230.80938090616837,223.2803955078125,8.433333396911621,-1.4620000123977661,1,1
12.235039355000481,328.064,move,231.02379132574424,223.536865234375,31.579166412353516,0.16500000655651093,1,1
12.244852831005119,328.074,move,231.23433462623504,223.72720336914062,9.441666603088379,-0.675000011920929,1,1
12.25525764899794,328.084,move,231.45140256546438,223.9517822265625,28.875,-2.0220000743865967,1,1
12.264793462003581,328.094,move,231.66364898602478,224.23040771484375,20.487499237060547,0.8399999737739563,1,1
12.274912483000662,328.104,move,231.8774931859225,224.36737060546875,19.983333587646484,-1.5579999685287476,1,1
12.28463384899078,328.114,move,232.0789855455514,224.61343383789062,20.854167938232422,0.5419999957084656,1,1
12.294934765959624,328.124,move,232.29420306556858,224.76483154296875,22.6875,-1.6369999647140503,1,1
12.304605898971204,328.134,move,232.29420306556858,224.96188354492188,16.133333206176758,-0.9639999866485596,1,1
12.314734726969618,328.144,move,232.5100529664196,225.22406005859375,38.775001525878906,0.125,1,1
12.324509161000606,328.154,move,232.71221316582523,225.46844482421875,14.620833396911621,-0.45500001311302185,1,1
12.334905794996303,328.164,move,232.9316953655798,225.61984252929688,19.983333587646484,-1.628999948501587,1,1
12.345783085969742,328.174,move,233.13956450601108,225.93438720703125,25.34583282470703,0.4950000047683716,1,1
12.355057215958368,328.184,move,233.35764572536573,226.0491943359375,11.091666221618652,-1.6089999675750732,1,1
12.364603889000136,328.194,move,233.56857172609307,226.28955078125,22.504167556762695,0.22300000488758087,1,1
12.375092483009212,328.204,move,233.77903706557117,226.4305419921875,13.795833587646484,-1.5520000457763672,1,1
12.384929251973517,328.214,move,233.99360518599858,226.70748901367188,27.72916603088379,0.29600000381469727,1,1
12.39490004896652,328.224,move,234.21027198596857,226.8280029296875,6.233333110809326,-1.277999997138977,1,1
12.404604883980937,328.234,move,234.4112658458762,227.02774047851562,27.545833587646484,0.1379999965429306,1,1
12.415069653012324,328.244,move,234.6242694654502,227.22848510742188,10.266666412353516,-0.5049999952316284,1,1
12.424842795007862,328.254,move,234.83802008605562,227.32818603515625,15.950000762939453,-1.690000057220459,1,1
12.43516081298003,328.264,move,235.05270902579647,227.63131713867188,25.025001525878906,0.23399999737739563,1,1
12.444991150987335,328.274,move,235.26052488642745,227.8055419921875,16.820833206176758,-1.7829999923706055,1,1
12.455079064005986,328.284,move,235.47800578572787,228.1103515625,29.745832443237305,0.16699999570846558,1,1
12.464664638973773,328.294,move,235.67979030590504,228.27047729492188,17.462499618530273,-1.7209999561309814,1,1
12.474799087969586,328.304,move,235.89285524608567,228.49942016601562,17.325000762939453,-0.8799999952316284,1,1
12.484929941012524,328.314,move,236.10054486594163,228.741455078125,37.125,0.08399999886751175,1,1
12.494951541011687,328.324,move,236.10054486594163,228.9603271484375,10.770833969116211,-0.3179999887943268,1,1
12.504576159000862,328.334,move,236.31722168577835,229.09762573242188,24.200000762939453,-1.6299999952316284,1,1
12.51478456397308,328.344,move,236.53370454604737,229.3121337890625,16.958332061767578,-1.097000002861023,1,1
12.524882445984986,328.354,move,236.73743986571208,229.57867431640625,30.891666412353516,0.1979999989271164,1,1
12.535393319965806,328.364,move,236.94196402607486,229.75759887695312,5.729166507720947,-0.9010000228881836,1,1
12.544601778965443,328.374,move,237.15062544611283,229.92376708984375,26.03333282470703,0.15299999713897705,1,1
12.556300917989574,328.384,move,237.35730298608541,230.14834594726562,26.537498474121094,0.07400000095367432,1,1
12.564465568982996,328.394,move,237.57216266635805,230.31048583984375,7.241666793823242,-1.0579999685287476,1,1
12.574714619957376,328.404,move,237.77867770567536,230.47799682617188,29.058332443237305,-1.7740000486373901,1,1
12.584645262977574,328.414,move,237.98168768570758,230.72137451171875,14.941666603088379,0.6859999895095825,1,1
12.59475389396539,328.424,move,238.2024925253354,230.79959106445312,12.100000381469727,-1.440000057220459,1,1
12.604491419973783,328.434,move,238.4068800455425,231.06076049804688,29.5625,0.3479999899864197,1,1
12.614827340992633,328.444,move,238.62300002644767,231.20913696289062,16.454166412353516,-1.534999966621399,1,1
12.62500049197115,328.454,move,238.8319365661591,231.45419311523438,17.829166412353516,0.47600001096725464,1,1
12.635114853968844,328.464,move,239.0329754857812,231.57034301757812,15.629166603088379,-1.6059999465942383,1,1
12.64477487601107,328.474,move,239.236348525621,231.80801391601562,18.975000381469727,-1.1069999933242798,1,1
12.655186356976628,328.484,move,239.4536793655716,232.0567626953125,35.61249923706055,0.03200000151991844,1,1
12.66561967798043,328.494,move,239.660290786298,232.24945068359375,9.441666603088379,-0.375,1,1
12.674803522008006,328.504,move,239.87164256558754,232.33975219726562,13.291666984558105,-2.013000011444092,1,1
12.68467458395753,328.514,move,240.08847788604908,232.6260986328125,30.570833206176758,0.22499999403953552,1,1
12.694993703975342,328.524,move,240.30000738613307,232.72781372070312,4.0333333015441895,-1.5019999742507935,1,1
12.704540397971869,328.534,move,240.30000738613307,232.88827514648438,22.870832443237305,-2.062999963760376,1,1
12.715338071982842,328.544,move,240.5084888653364,233.1202392578125,9.441666603088379,-1.1349999904632568,1,1
12.724546219978947,328.554,move,240.72462670551613,233.29815673828125,23.008333206176758,-1.9630000591278076,1,1
12.735031838004943,328.564,move,240.93205062602647,233.52642822265625,11.779166221618652,-0.8569999933242798,1,1
12.744551631971262,328.574,move,241.14203488617204,233.69830322265625,21.679166793823242,-1.996999979019165,1,1
12.754849362012465,328.584,move,241.35606660554186,234.0198974609375,28.875,0.3499999940395355,1,1
12.765640694997273,328.594,move,241.56245422596112,234.13671875,11.458333015441895,-1.371999979019165,1,1
12.774703604984097,328.604,move,241.7777276660781,234.36062622070312,21.862499237060547,0.27000001072883606,1,1
12.784557826002128,328.614,move,241.98213460552503,234.54122924804688,21.495832443237305,-1.8070000410079956,1,1
12.7948374839616,328.624,move,242.19917510566302,234.8604736328125,27.72916603088379,0.38999998569488525,1,1
12.80452244199114,328.634,move,242.41027080616914,235.00885009765625,14.804166793823242,-1.6080000400543213,1,1
12.814921800978482,328.644,move,242.62169612618163,235.26800537109375,32.266666412353516,0.210999995470047,1,1
12.824701484991238,328.654,move,242.83380050607957,235.42007446289062,6.737500190734863,-1.1339999437332153,1,1
12.835400496958755,328.665,move,243.0482586256694,235.57952880859375,25.52916717529297,-1.88100004196167,1,1
12.844785931985825,328.674,move,243.2667644256726,235.8138427734375,15.950000762939453,0.7020000219345093,1,1
12.854785962961614,328.684,move,243.4773069054354,235.87896728515625,8.570833206176758,-1.7799999713897705,1,1
12.864620487962384,328.694,move,243.69919736566953,236.13140869140625,26.03333282470703,0.21799999475479126,1,1
12.875073194969445,328.704,move,243.69919736566953,236.23110961914062,4.0333333015441895,-1.097000002861023,1,1
12.884550469985697,328.714,move,243.91969042643905,236.39862060546875,27.362499237060547,-2.187000036239624,1,1
12.895030677958857,328.724,move,244.13274254580028,236.67019653320312,18.333332061767578,-0.7820000052452087,1,1
12.90453305997653,328.734,move,244.34267730615102,236.92364501953125,28.370832443237305,0.22300000488758087,1,1
12.914958365960047,328.744,move,244.55647100624628,237.10055541992188,10.770833969116211,-1.0149999856948853,1,1
12.925862927979324,328.754,move,244.76543216546997,237.32345581054688,28.233333587646484,-2.0480000972747803,1,1
12.934949220973067,328.764,move,244.98353442572989,237.619873046875,17.96666717529297,0.5989999771118164,1,1
12.944452443975024,328.774,move,245.1897421053145,237.75918579101562,18.333332061767578,-1.7039999961853027,1,1
12.954758950974792,328.784,move,245.39957828633487,237.99853515625,18.333332061767578,0.2639999985694885,1,1
12.964803823968396,328.794,move,245.60583806643263,238.17880249023438,24.84166717529297,0.22100000083446503,1,1
12.97484344796976,328.804,move,245.80905502592213,238.2603759765625,15.308333396911621,-1.4470000267028809,1,1
12.984836146002635,328.814,move,246.03126366552897,238.6162109375,30.754167556762695,0.1979999989271164,1,1
12.995260128984228,328.824,move,246.25122614600693,238.79916381835938,8.570833206176758,-1.3229999542236328,1,1
13.005039812996984,328.834,move,246.46158530539833,238.99755859375,20.670833587646484,0.19499999284744263,1,1
13.0147442779853,328.844,move,246.67730996548198,239.20803833007812,21.862499237060547,0.2540000081062317,1,1
13.024526657012757,328.854,move,246.89779180614275,239.3802490234375,18.65416717529297,-1.6119999885559082,1,1
13.034753586980514,328.864,move,246.89779180614275,239.63336181640625,18.333332061767578,0.29499998688697815,1,1
13.044957453967072,328.874,move,247.11312152608298,239.80154418945312,18.837499618530273,-1.86899995803833,1,1
13.054918582958635,328.884,move,247.31720690545626,240.09561157226562,27.224998474121094,0.4129999876022339,1,1
13.064609672990628,328.894,move,247.54080410627648,240.1939697265625,8.433333396911621,-1.6130000352859497,1,1
13.074927892012056,328.904,move,247.75720920576714,240.44406127929688,31.900001525878906,0.18199999630451202,1,1
13.084581161965616,328.914,move,247.96559412544593,240.6585693359375,17.96666717529297,-1.406000018119812,1,1
13.094789677998051,328.924,move,248.17781230597757,240.91738891601562,24.84166717529297,0.375,1,1
13.104680446966086,328.934,move,248.38335654628463,241.06207275390625,18.975000381469727,-1.4980000257492065,1,1
13.114769161969889,328.944,move,248.6023430461064,241.28463745117188,18.837499618530273,0.609000027179718,1,1
13.12460356700467,328.954,move,248.80713150533848,241.4091796875,17.141666412353516,-1.5049999952316284,1,1
13.136204754991923,328.964,move,249.0274843054358,241.67807006835938,25.34583282470703,0.414000004529953,1,1
13.144795853004325,328.974,move,249.2367869061418,241.755615234375,6.554166793823242,-1.4700000286102295,1,1
13.155381085001864,328.984,move,249.45236850576475,241.97415161132812,26.858333587646484,0.17499999701976776,1,1
13.164487024012487,328.994,move,249.66843418590724,242.12554931640625,4.9041666984558105,-0.7099999785423279,1,1
13.174981969001237,329.004,move,249.86856764578258,242.287353515625,26.72083282470703,-2.0369999408721924,1,1
13.184867137984838,329.014,move,250.0,242.51763916015625,13.933333396911621,-0.5820000171661377,1,1
13.195881381980143,329.024,move,250.0,242.71334838867188,26.72083282470703,0.13300000131130219,1,1
13.204945334000513,329.034,move,250.0,242.8714599609375,8.570833206176758,-1.1510000228881836,1,1
13.215021145006176,329.044,move,250.0,243.06011962890625,30.570833206176758,-0.3050000071525574,1,1
13.224889222008642,329.054,move,250.0,243.26388549804688,13.933333396911621,-0.7850000262260437,1,1
13.23477786697913,329.064,move,250.0,243.42401123046875,24.016666412353516,-1.722000002861023,1,1
13.244592645962257,329.074,move,250.0,243.66067504882812,17.141666412353516,0.6869999766349792,1,1
13.25486861600075,329.084,move,250.0,243.7281494140625,8.433333396911621,-1.871000051498413,1,1
13.264620888978243,329.094,move,250.0,243.97354125976562,21.358333587646484,0.2329999953508377,1,1
13.274731543962844,329.104,move,250.0,244.05242919921875,4.400000095367432,-1.378000020980835,1,1
13.284642239974346,329.114,move,250.0,244.23941040039062,29.745832443237305,0.10199999809265137,1,1
13.294790674990509,329.124,move,250.0,244.39718627929688,9.945833206176758,-0.4970000088214874,1,1
13.304756472993176,329.134,move,250.0,244.4962158203125,15.125,-1.7289999723434448,1,1
13.31521533097839,329.144,move,250.0,244.74026489257812,18.975000381469727,0.42399999499320984,1,1
13.324797128967475,329.154,move,250.0,244.7808837890625,-0.6416666507720947,-1.031999945640564,1,1
13.334736768971197,329.164,move,250.0,244.91046142578125,18.333332061767578,-2.0139999389648438,1,1
13.344590729975607,329.174,move,250.0,245.13906860351562,15.445833206176758,0.546999990940094,1,1
13.354998332972173,329.184,move,250.0,245.160888671875,3.2083332538604736,-1.3660000562667847,1,1
13.36459500901401,329.194,move,250.0,245.33343505859375,19.983333587646484,0.21899999678134918,1,1
13.374949163990095,329.204,move,250.0,245.40292358398438,-0.4583333432674408,-0.734000027179718,1,1
13.384538696962409,329.214,move,250.0,245.50296020507812,15.950000762939453,-1.9509999752044678,1,1
13.395061733957846,329.224,move,250.0,245.69329833984375,10.449999809265137,0.746999979019165,1,1
13.405717104964424,329.234,move,250.0,245.74264526367188,8.433333396911621,-1.4889999628067017,1,1
13.41501454898389,329.244,move,250.0,245.91384887695312,10.954166412353516,0.4359999895095825,1,1
13.424547876988072,329.254,move,250.0,246.01019287109375,16.637500762939453,-1.4010000228881836,1,1
13.434793922991958,329.264,move,250.0,246.12332153320312,3.7125000953674316,-0.3540000021457672,1,1
13.444565891986713,329.274,move,250.0,246.229736328125,18.837499618530273,0.1860000044107437,1,1
13.454781542008277,329.284,move,250.0,246.32876586914062,10.954166412353516,-1.2999999523162842,1,1
13.464652152964845,329.294,move,250.0,246.439208984375,3.7125000953674316,-0.6660000085830688,1,1
13.474734085961245,329.304,move,250.0,246.54226684570312,20.670833587646484,0.19099999964237213,1,1
13.484465520014055,329.314,move,250.0,246.63592529296875,2.5208334922790527,-0.7789999842643738,1,1
13.49506125197513,329.324,move,250.0,246.75408935546875,19.34166717529297,0.20399999618530273,1,1
13.505011239962187,329.334,move,250.0,246.80477905273438,2.5208334922790527,-1.2680000066757202,1,1
13.514793768990785,329.344,move,250.0,246.91354370117188,11.458333015441895,0.34200000762939453,1,1
13.52485536399763,329.354,move,250.0,246.93234252929688,4.400000095367432,-1.3899999856948853,1,1
13.534750571008772,329.364,move,250.0,247.04681396484375,6.050000190734863,0.5289999842643738,1,1
13.544512752967421,329.374,move,250.0,247.07568359375,8.433333396911621,-1.8079999685287476,1,1
13.554766241984908,329.384,move,250.0,247.23648071289062,8.433333396911621,0.5059999823570251,1,1
13.565097494982183,329.394,move,250.0,247.24252319335938,2.8874998092651367,-1.25,1,1
13.574715228984132,329.404,move,250.0,247.38619995117188,14.299999237060547,0.3190000057220459,1,1
13.584626365976874,329.414,move,250.0,247.39492797851562,-0.0,-1.0449999570846558,1,1
13.594714459963143,329.424,move,250.0,247.51678466796875,19.34166717529297,0.2070000022649765,1,1
13.60451890900731,329.434,move,250.0,247.55841064453125,-2.8416666984558105,-0.5479999780654907,1,1
13.615982323011849,329.444,move,250.0,247.63461303710938,14.941666603088379,0.17499999701976776,1,1
13.624657517008018,329.454,move,250.0,247.69973754882812,-2.9791667461395264,-0.23199999332427979,1,1
13.634815710014664,329.464,move,250.0,247.74270629882812,13.795833587646484,0.125,1,1
13.644495979999192,329.474,move,250.0,247.76922607421875,-2.9791667461395264,-0.8989999890327454,1,1
13.654983030981384,329.484,move,250.0,247.84307861328125,10.954166412353516,0.23800000548362732,1,1
13.664905128011014,329.494,move,250.0,247.86019897460938,3.0250000953674316,-1.4839999675750732,1,1
13.675102893961594,329.504,move,250.0,247.96157836914062,4.2166666984558105,0.5490000247955322,1,1
13.684942037973087,329.514,move,250.0,247.98641967773438,8.25,-1.718000054359436,1,1
13.694829991960432,329.524,move,250.0,248.04684448242188,-1.4666666984558105,-0.5479999780654907,1,1
13.704595538962167,329.534,move,250.0,248.0787353515625,9.945833206176758,-1.5269999504089355,1,1
13.714704692014493,329.544,move,250.0,248.20462036132812,4.400000095367432,0.6690000295639038,1,1
13.724912116013002,329.554,move,250.0,248.21603393554688,7.241666793823242,-1.399999976158142,1,1
13.734788578993175,329.564,move,250.0,248.24154663085938,-5.362500190734863,-0.6650000214576721,1,1
13.74455375596881,329.574,move,250.0,248.26773071289062,9.579166412353516,-1.6770000457763672,1,1
13.754699805984274,329.584,move,250.0,248.37582397460938,2.383333444595337,0.8650000095367432,1,1
13.764493927010335,329.594,move,250.0,248.37582397460938,6.416666507720947,-1.6019999980926514,1,1
13.775843039969914,329.604,move,250.0,248.42214965820312,-2.3375000953674316,-0.460999995470047,1,1
13.784508875978645,329.614,move,250.0,248.44598388671875,8.25,-1.8669999837875366,1,1
13.79480448301183,329.624,move,250.0,248.56716918945312,4.7208333015441895,0.7379999756813049,1,1
13.804592191998381,329.634,move,250.0,248.49365234375,-6.1875,-0.9610000252723694,1,1
13.814787653973326,329.644,move,250.0,248.59033203125,11.458333015441895,0.45500001311302185,1,1
13.824545446957927,329.654,move,250.0,248.593017578125,2.5208334922790527,-1.319000005722046,1,1
13.834760645986535,329.664,move,250.0,248.64471435546875,0.18333333730697632,0.6840000152587891,1,1
13.844487972964998,329.674,move,250.0,248.63162231445312,4.0333333015441895,-1.628000020980835,1,1
13.854707157996017,329.684,move,250.0,248.73065185546875,5.4083333015441895,0.5490000247955322,1,1
13.864670511975419,329.694,move,250.0,248.678955078125,-2.4749999046325684,-1.1139999628067017,1,1
13.875384201004636,329.705,move,250.0,248.77328491210938,7.241666793823242,0.4169999957084656,1,1
13.884992958977818,329.714,move,250.0,248.75717163085938,0.6875,-1.2949999570846558,1,1
13.894759499002248,329.724,move,250.0,248.834716796875,1.6958333253860474,0.5989999771118164,1,1
13.904473721981049,329.734,move,250.0,248.82296752929688,4.7208333015441895,-1.5820000171661377,1,1
13.914743861008901,329.744,move,250.0,248.86459350585938,-4.491666793823242,-0.49900001287460327,1,1
13.924508016963955,329.754,move,250.0,248.89614868164062,6.554166793823242,0.31299999356269836,1,1
13.934738983982243,329.764,move,250.0,248.90655517578125,6.554166793823242,-1.3370000123977661,1,1
13.944529547996353,329.774,move,250.0,248.939453125,-5.362500190734863,-0.414000004529953,1,1
13.954764502996113,329.784,move,250.0,248.96832275390625,11.091666221618652,0.17100000381469727,1,1
13.964585031964816,329.794,move,250.0,248.97000122070312,-6.1875,-0.8209999799728394,1,1
13.97469431499485,329.804,move,250.0,249.01934814453125,9.579166412353516,0.24300000071525574,1,1
13.985626427980606,329.814,move,250.0,248.99349975585938,-4.170833110809326,-1.0520000457763672,1,1
13.995031128986739,329.824,move,250.0,249.04721069335938,5.729166507720947,0.2930000126361847,1,1
14.004705778963398,329.834,move,250.0,249.00894165039062,1.0083333253860474,-1.3519999980926514,1,1
14.01469698298024,329.844,move,250.0,249.05862426757812,-1.3291666507720947,0.6190000176429749,1,1
14.024864553997759,329.854,move,250.0,249.0509033203125,6.554166793823242,-1.5149999856948853,1,1
14.035352926992346,329.865,move,250.0,249.09320068359375,-5.179166793823242,-0.5339999794960022,1,1
14.044879032007884,329.874,move,250.0,249.1341552734375,13.795833587646484,0.22100000083446503,1,1
14.054769910988398,329.884,move,250.0,249.154296875,-6.691666603088379,-0.3190000057220459,1,1
14.064603094011545,329.894,move,250.0,249.1475830078125,8.433333396911621,0.28700000047683716,1,1
14.074708299012855,329.904,move,250.0,249.1556396484375,-5.5,-0.5640000104904175,1,1
14.084690847957972,329.914,move,250.0,249.2080078125,11.091666221618652,0.25099998712539673,1,1
14.094670610968024,329.924,move,250.0,249.1878662109375,-4.675000190734863,-0.9440000057220459,1,1
14.104491851991042,329.934,move,250.0,249.242919921875,4.2166666984558105,0.4269999861717224,1,1
14.114847510005347,329.944,move,250.0,249.21136474609375,0.18333333730697632,-1.3420000076293945,1,1
14.12441301799845,329.954,move,250.0,249.264404296875,0.18333333730697632,0.5379999876022339,1,1
14.13465704000555,329.964,move,250.0,249.26406860351562,6.233333110809326,-1.3760000467300415,1,1
14.144596569007263,329.974,move,250.0,249.30435180664062,-4.491666793823242,-0.492000013589859,1,1
14.154734373965766,329.984,move,250.0,249.33355712890625,9.074999809265137,0.22499999403953552,1,1
14.16460192098748,329.994,move,250.0,249.31307983398438,-3.6666667461395264,-0.9760000109672546,1,1
14.174736459972337,330.004,move,250.0,249.37954711914062,6.920833110809326,0.33399999141693115,1,1
14.184894623002037,330.014,settle,250.0,249.31072998046875,-10.037500381469727,-0.8560000061988831,1,1
14.19646567601012,330.024,settle,250.0,249.38458251953125,12.604166984558105,0.33399999141693115,1,1
14.204562861996237,330.034,settle,250.0,249.3624267578125,-8.524999618530273,-0.7120000123977661,1,1
14.214698193012737,330.044,settle,250.0,249.38760375976562,7.929166793823242,0.3240000009536743,1,1
14.224452288995963,330.054,settle,250.0,249.35739135742188,-4.3541669845581055,-1.0119999647140503,1,1
14.23467538197292,330.064,settle,250.0,249.41680908203125,5.912500381469727,0.550000011920929,1,1
14.244482696987689,330.074,settle,250.0,249.37954711914062,-1.8333333730697632,-1.312999963760376,1,1
14.255821842001751,330.084,settle,250.0,249.42788696289062,1.5125000476837158,0.6150000095367432,1,1
14.264465025975369,330.094,settle,250.0,249.40673828125,3.2083332538604736,-1.4769999980926514,1,1
14.274699359957594,330.104,settle,250.0,249.45071411132812,-3.8499999046325684,0.8360000252723694,1,1
14.284478974004742,330.114,settle,250.0,249.3919677734375,0.5041666626930237,-1.3389999866485596,1,1
14.294931860989891,330.124,settle,250.0,249.47119140625,4.9041666984558105,0.5799999833106995,1,1
14.304484364984091,330.134,settle,250.0,249.41278076171875,-3.6666667461395264,-1.1799999475479126,1,1
14.314862333994824,330.144,settle,250.0,249.50979614257812,11.595833778381348,0.47600001096725464,1,1
14.324645254004281,330.154,settle,250.0,249.44903564453125,-8.708333969116211,-0.8980000019073486,1,1
14.33479723596247,330.164,settle,250.0,249.51885986328125,10.587499618530273,0.2849999964237213,1,1
14.344491461990401,330.174,settle,250.0,249.47488403320312,-7.516666889190674,-0.8999999761581421,1,1
14.354932848014869,330.184,settle,250.0,249.54571533203125,6.920833110809326,0.6230000257492065,1,1
14.36467271897709,330.194,settle,250.0,249.52557373046875,-0.8250000476837158,-1.11899995803833,1,1
14.375351633992977,330.205,settle,250.0,249.54470825195312,-1.6500000953674316,-0.9139999747276306,1,1
14.384568298002705,330.214,settle,250.0,249.54940795898438,-4.675000190734863,-0.5379999876022339,1,1
14.394764119992033,330.224,settle,250.0,249.57827758789062,6.233333110809326,0.32100000977516174,1,1
14.404952558979858,330.234,settle,250.0,249.54470825195312,-3.1624999046325684,-0.9409999847412109,1,1
14.414996762003284,330.244,settle,250.0,249.5745849609375,-0.6416666507720947,0.6069999933242798,1,1
14.424971767002717,330.254,settle,250.0,249.58465576171875,8.066666603088379,0.18400000035762787,1,1
14.434757932962384,330.264,settle,250.0,249.57525634765625,-6.370833396911621,-0.6710000038146973,1,1
14.444663939997554,330.274,settle,250.0,249.6175537109375,9.258333206176758,0.2280000001192093,1,1
14.454973612970207,330.284,settle,250.0,249.59808349609375,-3.4833333492279053,-0.968999981880188,1,1
14.465590492996853,330.294,settle,250.0,249.66018676757812,4.7208333015441895,0.41100001335144043,1,1
14.474900981003884,330.304,settle,250.0,249.64642333984375,3.5291666984558105,-1.253000020980835,1,1
14.484380529960617,330.314,settle,250.0,249.6484375,-6.370833396911621,-0.5600000023841858,1,1
14.494947127997875,330.324,settle,250.0,249.68603515625,8.570833206176758,0.2619999945163727,1,1
14.504434200993273,330.334,settle,250.0,249.64508056640625,-4.675000190734863,-0.9940000176429749,1,1
14.515077409974765,330.344,settle,250.0,249.72262573242188,6.920833110809326,0.289000004529953,1,1
14.525132282986306,330.354,settle,250.0,249.651123046875,-9.395833969116211,-0.7509999871253967,1,1
14.53512385796057,330.364,settle,250.0,249.70147705078125,9.074999809265137,0.13300000131130219,1,1
14.544784703000914,330.374,settle,250.0,249.669921875,-4.491666793823242,-0.8510000109672546,1,1
14.5546991659794,330.384,settle,250.0,249.75216674804688,9.258333206176758,0.42800000309944153,1,1
14.564714995969553,330.394,settle,250.0,249.694091796875,-6.508333206176758,-1.0460000038146973,1,1
14.574679912009742,330.404,settle,250.0,249.7545166015625,4.9041666984558105,0.6499999761581421,1,1
14.584505020000506,330.414,settle,250.0,249.72329711914062,0.36666667461395264,-1.1790000200271606,1,1
14.594934112974443,330.424,settle,250.0,249.78305053710938,1.0083333253860474,0.5870000123977661,1,1
14.60452997800894,330.434,settle,250.0,249.71356201171875,-4.858333110809326,-1.0180000066757202,1,1
14.614909779978916,330.444,settle,250.0,249.75955200195312,1.6958333253860474,0.8399999737739563,1,1
14.62551781401271,330.454,settle,250.0,249.67764282226562,-6.004166603088379,-1.0549999475479126,1,1
14.634784279973246,330.464,settle,250.0,249.78204345703125,11.274999618530273,0.3930000066757202,1,1
14.644524651987012,330.474,settle,250.0,249.72967529296875,-13.566666603088379,-0.34700000286102295,1,1
14.654686791996937,330.484,settle,250.0,249.71826171875,11.458333015441895,0.16099999845027924,1,1
14.664544711005874,330.494,settle,250.0,249.71591186523438,-9.212499618530273,-0.3440000116825104,1,1
14.6748477309593,330.504,settle,250.0,249.69442749023438,7.058333396911621,-0.07800000160932541,1,1
14.684892634977587,330.514,settle,250.0,249.70986938476562,-5.362500190734863,-0.28299999237060547,1,1
14.695076356001664,330.524,settle,250.0,249.73370361328125,11.091666221618652,0.17000000178813934,1,1
14.704740246001165,330.534,settle,250.0,249.73605346679688,-7.699999809265137,-0.2879999876022339,1,1
14.715288048959337,330.544,settle,250.0,249.7061767578125,6.554166793823242,-1.3509999513626099,1,1
14.724439171957783,330.554,settle,250.0,249.78305053710938,0.8708333373069763,0.9089999794960022,1,1
14.734674667008221,330.564,settle,250.0,249.66220092773438,-12.375,-0.8069999814033508,1,1
14.744454471976496,330.574,settle,250.0,249.7303466796875,8.754166603088379,0.6930000185966492,1,1
14.754647979978472,330.584,settle,250.0,249.68435668945312,-6.370833396911621,-0.8799999952316284,1,1
14.764426992973313,330.594,settle,250.0,249.75820922851562,7.745833396911621,0.6919999718666077,1,1
14.774663199961651,330.604,settle,250.0,249.68435668945312,-10.404166221618652,-0.8059999942779541,1,1
14.784555702004582,330.614,settle,250.0,249.76593017578125,15.308333396911621,0.2590000033378601,1,1
14.794697434990667,330.624,settle,250.0,249.74981689453125,-9.029166221618652,-0.27799999713897705,1,1
14.804423820984084,330.634,settle,250.0,249.67428588867188,-0.0,-1.3580000400543213,1,1
14.814683009986766,330.644,settle,250.0,249.8001708984375,7.425000190734863,0.6700000166893005,1,1
14.824383458006196,330.654,settle,250.0,249.72564697265625,-10.725000381469727,-0.6039999723434448,1,1
14.835830090974923,330.664,settle,250.0,249.77230834960938,10.083333969116211,0.33500000834465027,1,1
14.844468757975847,330.674,settle,250.0,249.74847412109375,-7.699999809265137,-0.6899999976158142,1,1
14.854671142005827,330.684,settle,250.0,249.7760009765625,7.058333396911621,0.3199999928474426,1,1
14.864439425000455,330.694,settle,250.0,249.75082397460938,-2.6583333015441895,-1.0110000371932983,1,1
14.87497570697451,330.704,settle,250.0,249.7733154296875,-3.1624999046325684,0.9010000228881836,1,1
14.886514579993673,330.714,settle,250.0,249.72296142578125,2.5208334922790527,-1.1790000200271606,1,1
14.896663226012606,330.724,settle,250.0,249.75418090820312,-4.170833110809326,1.128999948501587,1,1
14.904658604005817,330.734,settle,250.0,249.69039916992188,2.383333444595337,-1.222000002861023,1,1
14.914742699998897,330.744,settle,250.0,249.73605346679688,-3.8499999046325684,1.0679999589920044,1,1
14.925650918972678,330.754,settle,250.0,249.66455078125,2.7041666507720947,-1.1480000019073486,1,1
14.935262011014856,330.764,settle,250.0,249.69140625,-6.004166603088379,-0.4090000092983246,1,1
14.945306854962837,330.774,settle,250.0,249.726318359375,9.074999809265137,0.4230000078678131,1,1
14.954717837972566,330.784,settle,250.0,249.70550537109375,-2.9791667461395264,-0.9049999713897705,1,1
14.964560668973718,330.794,settle,250.0,249.73336791992188,-2.1541666984558105,0.9179999828338623,1,1
14.974632832978386,330.804,settle,250.0,249.71255493164062,6.737500190734863,-1.2259999513626099,1,1
14.984426092007197,330.814,settle,250.0,249.77264404296875,-1.8333333730697632,0.9539999961853027,1,1
14.994922849989962,330.824,settle,250.0,249.71792602539062,1.0083333253860474,-1.187999963760376,1,1
15.00444119196618,330.834,settle,250.0,249.74847412109375,-3.4833333492279053,1.1119999885559082,1,1
15.014952978002839,330.844,settle,250.0,249.67193603515625,-0.6416666507720947,-1.1579999923706055,1,1
15.024825814005453,330.854,settle,250.0,249.78741455078125,5.545833110809326,0.7110000252723694,1,1
15.035172005009372,330.864,settle,250.0,249.75753784179688,-0.13750000298023224,-1.190000057220459,1,1
15.04516432096716,330.874,settle,250.0,249.80252075195312,-0.8250000476837158,0.7590000033378601,1,1
15.054924258962274,330.884,settle,250.0,249.780029296875,3.7125000953674316,-1.4210000038146973,1,1
15.064474468992557,330.894,settle,250.0,249.8028564453125,-4.675000190734863,-0.4090000092983246,1,1
15.074621951964218,330.904,settle,250.0,249.812255859375,7.745833396911621,0.18400000035762787,1,1
15.084935783001129,330.914,settle,250.0,249.79983520507812,-9.212499618530273,-0.3199999928474426,1,1
15.09471662901342,330.924,settle,250.0,249.77130126953125,5.912500381469727,-1.4420000314712524,1,1
15.105781546968501,330.934,settle,250.0,249.85018920898438,1.6958333253860474,0.8050000071525574,1,1
15.114752887981012,330.944,settle,250.0,249.81863403320312,3.3916666507720947,-1.4490000009536743,1,1
15.124633238010574,330.954,settle,250.0,249.84347534179688,-5.5,1.0440000295639038,1,1
15.134770341974217,330.964,settle,250.0,249.77297973632812,-1.4666666984558105,-1.2940000295639038,1,1
15.14451871800702,330.974,settle,250.0,249.83139038085938,2.7041666507720947,0.734000027179718,1,1
15.154773729969747,330.984,settle,250.0,249.758544921875,-4.858333110809326,-1.2619999647140503,1,1
15.16479980899021,330.994,settle,250.0,249.806884765625,2.200000047683716,0.8149999976158142,1,1
15.17467990895966,331.004,settle,250.0,249.73001098632812,-6.370833396911621,-1.0069999694824219,1,1
15.184861324960366,331.014,settle,250.0,249.81527709960938,10.770833969116211,0.5479999780654907,1,1
15.194800212979317,331.024,settle,250.0,249.7518310546875,-14.391666412353516,-0.4230000078678131,1,1
15.204435219988227,331.034,settle,250.0,249.73941040039062,10.954166412353516,0.15199999511241913,1,1
15.214777482964564,331.044,settle,250.0,249.7572021484375,-5.866666793823242,-0.3400000035762787,1,1
15.224457302014343,331.054,settle,250.0,249.76223754882812,7.929166793823242,0.2549999952316284,1,1
15.234782895015087,331.064,settle,250.0,249.76727294921875,-6.004166603088379,-0.22200000286102295,1,1
15.245057432970498,331.074,settle,250.0,249.75518798828125,5.729166507720947,-1.597000002861023,1,1
15.255114418978337,331.084,settle,250.0,249.82568359375,0.6875,0.972000002861023,1,1
15.264934136997908,331.094,settle,250.0,249.70449829101562,-11.733333587646484,-1.0490000247955322,1,1
15.274749636999331,331.104,settle,250.0,249.79513549804688,17.325000762939453,0.2070000022649765,1,1
15.2845248329686,331.114,settle,250.0,249.8189697265625,-6.691666603088379,-0.15800000727176666,1,1
15.294916326995008,331.124,settle,250.0,249.77835083007812,6.050000190734863,0.19599999487400055,1,1
15.304577150964178,331.134,settle,250.0,249.758544921875,-6.370833396911621,-0.6660000085830688,1,1
15.316017442964949,331.144,settle,250.0,249.77667236328125,0.8708333373069763,0.7509999871253967,1,1
15.324518774985336,331.154,settle,250.0,249.7169189453125,-1.6500000953674316,-0.9350000023841858,1,1
15.334616135980468,331.164,settle,250.0,249.78036499023438,2.200000047683716,0.7229999899864197,1,1
15.344492748961784,331.174,settle,250.0,249.71826171875,-3.1624999046325684,-0.9330000281333923,1,1
15.355082609981764,331.184,settle,250.0,249.77734375,2.5208334922790527,0.8050000071525574,1,1
15.364739967975765,331.194,settle,250.0,249.70953369140625,-4.3541669845581055,-0.9700000286102295,1,1
15.374707789975218,331.204,settle,250.0,249.76962280273438,3.3916666507720947,0.9070000052452087,1,1
15.38445942196995,331.214,settle,250.0,249.70281982421875,-2.1541666984558105,-1.0740000009536743,1,1
15.395120824978221,331.224,settle,250.0,249.76358032226562,1.375,1.0609999895095825,1,1
15.405418996990193,331.235,settle,250.0,249.68939208984375,-3.8499999046325684,-1.0360000133514404,1,1
15.415250646998174,331.245,settle,250.0,249.75653076171875,2.383333444595337,1.059000015258789,1,1
15.424734022992197,331.254,settle,250.0,249.68603515625,-3.4833333492279053,-1.0640000104904175,1,1
15.434589446987957,331.264,settle,250.0,249.758544921875,3.2083332538604736,1.0609999895095825,1,1
15.444429131981451,331.274,settle,250.0,249.68502807617188,-4.995833396911621,-0.9229999780654907,1,1
15.454910502012353,331.284,settle,250.0,249.75350952148438,3.5291666984558105,1.0180000066757202,1,1
15.46454396599438,331.294,settle,250.0,249.67898559570312,-5.179166793823242,-0.9380000233650208,1,1
15.47588475397788,331.304,settle,250.0,249.75015258789062,2.0166666507720947,1.1610000133514404,1,1
15.484601584961638,331.314,settle,250.0,249.68167114257812,-2.6583333015441895,-1.0210000276565552,1,1
15.49480472097639,331.324,settle,250.0,249.75418090820312,2.8874998092651367,1.128999948501587,1,1
15.504658713005483,331.334,settle,250.0,249.68368530273438,-3.6666667461395264,-1.024999976158142,1,1
15.514765670988709,331.344,settle,250.0,249.7572021484375,3.5291666984558105,1.059000015258789,1,1
15.524395178013947,331.354,settle,250.0,249.69039916992188,-4.170833110809326,-0.9990000128746033,1,1
15.535054606967606,331.364,settle,250.0,249.76727294921875,4.7208333015441895,0.9829999804496765,1,1
15.544394197990187,331.374,settle,250.0,249.70651245117188,-4.3541669845581055,-1.0460000038146973,1,1
15.555273714009672,331.384,settle,250.0,249.76861572265625,4.0333333015441895,0.8870000243186951,1,1
15.564868756977376,331.395,settle,250.0,249.69711303710938,-6.004166603088379,-1.0499999523162842,1,1
15.57508824300021,331.404,settle,250.0,249.76190185546875,2.383333444595337,1.0609999895095825,1,1
15.584713232005015,331.414,settle,250.0,249.69610595703125,-3.6666667461395264,-1.0789999961853027,1,1
15.594694477971643,331.424,settle,250.0,249.76559448242188,3.5291666984558105,0.9860000014305115,1,1
15.604663631995209,331.434,settle,250.0,249.69778442382812,-4.858333110809326,-1.1230000257492065,1,1
15.614765470963903,331.444,settle,250.0,249.76089477539062,3.5291666984558105,1.0609999895095825,1,1
15.624409874959383,331.454,settle,250.0,249.69107055664062,-5.362500190734863,-1.0750000476837158,1,1
15.634723445982672,331.464,settle,250.0,249.763916015625,4.7208333015441895,0.9869999885559082,1,1
15.644532563979737,331.474,settle,250.0,249.69778442382812,-5.5,-1.0499999523162842,1,1
15.654695275996346,331.484,settle,250.0,249.8055419921875,12.604166984558105,0.4779999852180481,1,1
15.6647437060019,331.494,settle,250.0,249.77969360351562,-5.179166793823242,-0.8370000123977661,1,1
15.674670953012537,331.504,settle,250.0,249.822998046875,4.7208333015441895,0.6110000014305115,1,1
15.685723859001882,331.514,settle,250.0,249.78741455078125,-0.9624999761581421,-1.2089999914169312,1,1
15.694736455974635,331.524,settle,250.0,249.85052490234375,3.3916666507720947,0.6150000095367432,1,1
15.704380809969734,331.534,settle,250.0,249.78305053710938,-5.362500190734863,-1.093999981880188,1,1
15.71469585300656,331.544,settle,250.0,249.8699951171875,12.100000381469727,0.39500001072883606,1,1
15.72440569801256,331.554,settle,250.0,249.80184936523438,-14.254166603088379,-0.460999995470047,1,1
15.734694092010614,331.564,settle,250.0,249.79010009765625,6.554166793823242,0.19900000095367432,1,1
15.745574739994481,331.574,settle,250.0,249.79714965820312,-6.508333206176758,-0.3880000114440918,1,1
15.75472655397607,331.584,settle,250.0,249.77365112304688,8.570833206176758,0.2639999985694885,1,1
15.764708841976244,331.594,settle,250.0,249.76324462890625,-9.395833969116211,-0.22599999606609344,1,1
15.77505078498507,331.604,settle,250.0,249.75082397460938,8.570833206176758,-1.559000015258789,1,1
15.78479897096986,331.614,settle,250.0,249.82635498046875,-1.6500000953674316,1.0130000114440918,1,1
15.79535540001234,331.624,settle,250.0,249.78707885742188,3.0250000953674316,-1.2730000019073486,1,1
15.80439144995762,331.634,settle,250.0,249.8082275390625,-5.866666793823242,-0.41499999165534973,1,1
15.814634300011676,331.644,settle,250.0,249.8162841796875,9.074999809265137,0.17000000178813934,1,1
15.824403974984307,331.654,settle,250.0,249.8323974609375,-7.516666889190674,-0.23499999940395355,1,1
15.834791792964097,331.664,settle,250.0,249.80722045898438,5.224999904632568,-0.05400000140070915,1,1
15.844483513967134,331.674,settle,250.0,249.80184936523438,-4.995833396911621,-0.7979999780654907,1,1
15.854705856007058,331.684,settle,250.0,249.8243408203125,1.1916667222976685,0.6480000019073486,1,1
15.864635006000753,331.694,settle,250.0,249.774658203125,-0.4583333432674408,-1.2339999675750732,1,1
15.874646999000106,331.704,settle,250.0,249.83071899414062,1.0083333253860474,0.7829999923706055,1,1
15.884461637993809,331.714,settle,250.0,249.75485229492188,-3.9875001907348633,-1.2289999723434448,1,1
15.894621644984,331.724,settle,250.0,249.80319213867188,1.0083333253860474,0.8840000033378601,1,1
15.90436863800278,331.734,settle,250.0,249.72161865234375,-6.1875,-0.8600000143051147,1,1
15.914722692978103,331.744,settle,250.0,249.80453491210938,9.945833206176758,0.5299999713897705,1,1
15.924392474989872,331.754,settle,250.0,249.77197265625,-6.004166603088379,-0.8370000123977661,1,1
15.935066070000175,331.765,settle,250.0,249.81460571289062,5.912500381469727,0.5170000195503235,1,1
15.944834222958889,331.774,settle,250.0,249.79043579101562,1.375,-1.2070000171661377,1,1
15.956206197966821,331.784,settle,250.0,249.7867431640625,-7.379166603088379,-0.4429999887943268,1,1
15.964441940013785,331.794,settle,250.0,249.79782104492188,8.9375,0.19699999690055847,1,1
15.974703354004305,331.804,settle,250.0,249.790771484375,-9.212499618530273,-0.25,1,1
15.984690351004247,331.814,settle,250.0,249.76156616210938,5.545833110809326,-1.4739999771118164,1,1
15.994752386992332,331.824,settle,250.0,249.83609008789062,0.5041666626930237,0.9070000052452087,1,1
16.004660959006287,331.834,settle,250.0,249.76895141601562,-3.3458333015441895,-1.1339999437332153,1,1
16.014994947006926,331.844,settle,250.0,249.82098388671875,2.8874998092651367,0.7979999780654907,1,1
16.024470839998685,331.854,settle,250.0,249.7491455078125,-5.362500190734863,-1.0859999656677246,1,1
16.034855049976613,331.864,settle,250.0,249.801513671875,1.1916667222976685,0.953000009059906,1,1
16.044486289960332,331.874,settle,250.0,249.72866821289062,-4.675000190734863,-0.9440000057220459,1,1
16.055123267986346,331.884,settle,250.0,249.78036499023438,3.5291666984558105,0.800000011920929,1,1
16.064527518989053,331.894,settle,250.0,249.73471069335938,-2.1541666984558105,-1.0410000085830688,1,1
16.0752470389707,331.904,settle,250.0,249.80117797851562,4.2166666984558105,0.8809999823570251,1,1
16.084396919002756,331.914,settle,250.0,249.737060546875,-5.179166793823242,-0.9769999980926514,1,1
16.095266426971648,331.924,settle,250.0,249.82635498046875,11.274999618530273,0.5299999713897705,1,1
16.104484373005107,331.934,settle,250.0,249.75955200195312,-14.895833015441895,-0.4099999964237213,1,1
16.115976019005757,331.944,settle,250.0,249.7249755859375,6.737500190734863,-1.309999942779541,1,1
16.124771344999317,331.954,settle,250.0,249.8377685546875,2.8874998092651367,0.9549999833106995,1,1
16.135077812010422,331.964,settle,250.0,249.753173828125,-6.1875,-1.0829999446868896,1,1
16.14455686096335,331.974,settle,250.0,249.8377685546875,9.579166412353516,0.527999997138977,1,1
16.155092571978457,331.984,settle,250.0,249.785400390625,-7.516666889190674,-0.8270000219345093,1,1
16.165861221961677,331.994,settle,250.0,249.85421752929688,14.620833396911621,0.2280000001192093,1,1
16.17488022200996,332.004,settle,250.0,249.84280395507812,-11.916666984558105,-0.28700000047683716,1,1
16.184657981968485,332.014,settle,250.0,249.78640747070312,1.0083333253860474,-1.3370000123977661,1,1
16.194899950001854,332.024,settle,250.0,249.82803344726562,-1.4666666984558105,1.0099999904632568,1,1
16.20486904401332,332.034,settle,250.0,249.76458740234375,-1.8333333730697632,-1.319000005722046,1,1
16.214763269992545,332.044,settle,250.0,249.78976440429688,-3.9875001907348633,1.0950000286102295,1,1
16.22468513599597,332.054,settle,250.0,249.734375,-0.13750000298023224,-1.1799999475479126,1,1
16.234718449006323,332.064,settle,250.0,249.83038330078125,4.7208333015441895,0.8569999933242798,1,1
16.24448928696802,332.074,settle,250.0,249.72833251953125,-11.733333587646484,-0.675000011920929,1,1
16.254877494997345,332.084,settle,250.0,249.7625732421875,11.274999618530273,0.4309999942779541,1,1
16.264529503008816,332.094,settle,250.0,249.76055908203125,-6.370833396911621,-0.5230000019073486,1,1
16.27470505796373,332.104,settle,250.0,249.806884765625,10.083333969116211,0.3840000033378601,1,1
16.284500290988944,332.114,settle,250.0,249.77029418945312,-11.412500381469727,-0.5040000081062317,1,1
16.294880934990942,332.124,settle,250.0,249.77767944335938,11.274999618530273,0.19599999487400055,1,1
16.30496127496008,332.134,settle,250.0,249.8028564453125,-9.212499618530273,-0.33799999952316284,1,1
16.31525080098072,332.144,settle,250.0,249.79513549804688,7.241666793823242,0.20600000023841858,1,1
16.32633851096034,332.154,settle,250.0,249.78103637695312,-2.9791667461395264,-0.9710000157356262,1,1
16.335173128987662,332.164,settle,250.0,249.80923461914062,2.0166666507720947,0.5979999899864197,1,1
16.3448146879673,332.174,settle,250.0,249.7666015625,-0.32083332538604736,-1.1640000343322754,1,1
16.35528737300774,332.184,settle,250.0,249.82937622070312,2.0166666507720947,0.8140000104904175,1,1
16.364772592962254,332.194,settle,250.0,249.75015258789062,-5.179166793823242,-1.159000039100647,1,1
16.37475579296006,332.204,settle,250.0,249.80050659179688,2.7041666507720947,0.7549999952316284,1,1
16.384944291959982,332.214,settle,250.0,249.73504638671875,-4.491666793823242,-0.9729999899864197,1,1
16.394690014014486,332.224,settle,250.0,249.82098388671875,10.449999809265137,0.5400000214576721,1,1
16.404497209005058,332.234,settle,250.0,249.77734375,-5.683333396911621,-0.9190000295639038,1,1
16.414779871993233,332.244,settle,250.0,249.81661987304688,4.0333333015441895,0.6200000047683716,1,1
16.424443522002548,332.254,settle,250.0,249.7880859375,0.6875,-1.1440000534057617,1,1
16.435068997961935,332.264,settle,250.0,249.80654907226562,-3.9875001907348633,0.7229999899864197,1,1
16.444502111990005,332.274,settle,250.0,249.77264404296875,3.7125000953674316,-1.2430000305175781,1,1
16.454755430982914,332.284,settle,250.0,249.81661987304688,-2.9791667461395264,1.0609999895095825,1,1
16.464600696985144,332.294,settle,250.0,249.76089477539062,1.0083333253860474,-1.3289999961853027,1,1
16.474988062982447,332.304,settle,250.0,249.7974853515625,-2.9791667461395264,0.9769999980926514,1,1
16.484914108004887,332.314,settle,250.0,249.7303466796875,-1.3291666507720947,-1.0839999914169312,1,1
16.49510434997501,332.324,settle,250.0,249.75686645507812,-4.3541669845581055,1.3539999723434448,1,1
16.504662935971282,332.334,settle,250.0,249.70181274414062,2.5208334922790527,-1.2200000286102295,1,1
16.51473079295829,332.344,settle,250.0,249.7491455078125,-1.8333333730697632,1.2610000371932983,1,1
16.52454171399586,332.354,settle,250.0,249.70315551757812,3.0250000953674316,-1.1449999809265137,1,1
16.536121954966802,332.364,settle,250.0,249.7598876953125,-0.9624999761581421,1.281000018119812,1,1
16.54450827499386,332.374,settle,250.0,249.715576171875,1.5125000476837158,-1.13100004196167,1,1
16.554666629002895,332.384,settle,250.0,249.7679443359375,-0.6416666507720947,1.1269999742507935,1,1
16.56444432900753,332.394,settle,250.0,249.7196044921875,0.5041666626930237,-1.1160000562667847,1,1
16.574979258002713,332.404,settle,250.0,249.84011840820312,8.066666603088379,0.7350000143051147,1,1
16.584509881970007,332.414,settle,250.0,249.75048828125,-10.541666030883789,-0.9390000104904175,1,1
16.595928944996558,332.424,settle,250.0,249.79815673828125,11.274999618530273,0.3919999897480011,1,1
16.60450746997958,332.434,settle,250.0,249.77029418945312,-9.716666221618652,-0.5770000219345093,1,1
16.61463518696837,332.444,settle,250.0,249.79647827148438,9.074999809265137,0.3930000066757202,1,1
16.624472317984328,332.454,settle,250.0,249.75149536132812,-11.045833587646484,-0.4959999918937683,1,1
16.634587841981556,332.464,settle,250.0,249.77297973632812,10.587499618530273,0.19300000369548798,1,1
16.644584636960644,332.474,settle,250.0,249.81427001953125,-4.170833110809326,1.2519999742507935,1,1
16.654919636959676,332.484,settle,250.0,249.7169189453125,-5.683333396911621,-1.069000005722046,1,1
16.664674725965597,332.494,settle,250.0,249.80722045898438,8.9375,0.5270000100135803,1,1
16.675013403000776,332.504,settle,250.0,249.75015258789062,-7.516666889190674,-0.8659999966621399,1,1
16.684699664008804,332.514,settle,250.0,249.8028564453125,6.554166793823242,0.6710000038146973,1,1
16.694663548958488,332.524,settle,250.0,249.734375,-8.708333969116211,-0.6919999718666077,1,1
16.704716507985722,332.534,settle,250.0,249.77130126953125,4.537499904632568,0.7620000243186951,1,1
16.714629197958857,332.544,settle,250.0,249.75820922851562,3.7125000953674316,-1.222000002861023,1,1
16.7248630009708,332.554,settle,250.0,249.78506469726562,-5.179166793823242,-0.3149999976158142,1,1
16.73474141699262,332.564,settle,250.0,249.79681396484375,8.9375,0.19699999690055847,1,1
16.74482583400095,332.574,settle,250.0,249.79815673828125,-9.533333778381348,-0.25099998712539673,1,1
16.754926510970108,332.584,settle,250.0,249.76626586914062,6.737500190734863,-0.6340000033378601,1,1
16.76488478499232,332.594,settle,250.0,249.81057739257812,-5.5,1.1069999933242798,1,1
16.774707007978577,332.604,settle,250.0,249.76861572265625,4.537499904632568,-1.3509999513626099,1,1
16.784634125011507,332.614,settle,250.0,249.79714965820312,-4.995833396911621,-0.3880000114440918,1,1
16.794726716994774,332.624,settle,250.0,249.806884765625,5.0416669845581055,0.33399999141693115,1,1
16.804547297011595,332.634,settle,250.0,249.76324462890625,-4.858333110809326,-1.003999948501587,1,1
16.814719685993623,332.644,settle,250.0,249.82501220703125,6.554166793823242,0.5740000009536743,1,1
16.824834989965893,332.654,settle,250.0,249.75485229492188,-8.891666412353516,-0.8970000147819519,1,1
16.834851893014275,332.664,settle,250.0,249.80621337890625,10.266666412353516,0.2630000114440918,1,1
16.844701415975578,332.674,settle,250.0,249.77767944335938,-10.541666030883789,-0.45899999141693115,1,1
16.855011128995102,332.684,settle,250.0,249.79177856445312,10.083333969116211,0.19900000095367432,1,1
16.864850813988596,332.694,settle,250.0,249.80252075195312,-4.858333110809326,-0.8159999847412109,1,1
16.874666704970878,332.704,settle,250.0,249.82669067382812,1.375,0.6449999809265137,1,1
16.884473379002884,332.714,settle,250.0,249.77029418945312,-1.9708333015441895,-1.2710000276565552,1,1
16.894792619976215,332.724,settle,250.0,249.82098388671875,1.375,0.7979999780654907,1,1
16.90461615496315,332.734,settle,250.0,249.75048828125,-3.9875001907348633,-1.159000039100647,1,1
16.91511665098369,332.744,settle,250.0,249.80419921875,2.383333444595337,0.8849999904632568,1,1
16.92446733196266,332.754,settle,250.0,249.72900390625,-5.683333396911621,-1.0130000114440918,1,1
16.93487533699954,332.764,settle,250.0,249.817626953125,11.458333015441895,0.5789999961853027,1,1
16.944448719965294,332.774,settle,250.0,249.7625732421875,-14.254166603088379,-0.37400001287460327,1,1
16.954672203981318,332.784,settle,250.0,249.74209594726562,10.083333969116211,0.17299999296665192,1,1
16.96582328196382,332.794,settle,250.0,249.75787353515625,-6.370833396911621,-0.3059999942779541,1,1
16.97640127997147,332.804,settle,250.0,249.76995849609375,9.074999809265137,0.2619999945163727,1,1
16.98459017596906,332.814,settle,250.0,249.77767944335938,-7.379166603088379,-0.2750000059604645,1,1
16.994959859992377,332.824,settle,250.0,249.76492309570312,6.554166793823242,0.257999986410141,1,1
17.00482735701371,332.834,settle,250.0,249.7652587890625,-7.012499809265137,-0.22499999403953552,1,1
17.014849227969535,332.844,settle,250.0,249.73941040039062,5.4083333015441895,-1.430999994277954,1,1
17.02446546999272,332.854,settle,250.0,249.8203125,1.8791667222976685,1.0570000410079956,1,1
17.034982465964276,332.864,settle,250.0,249.71054077148438,-10.541666030883789,-0.8980000019073486,1,1
17.04456459596986,332.874,settle,250.0,249.77835083007812,8.570833206176758,0.5979999899864197,1,1
17.054833813977893,332.884,settle,250.0,249.747802734375,-4.170833110809326,-0.8659999966621399,1,1
17.06470009800978,332.894,settle,250.0,249.81695556640625,7.5625,0.7350000143051147,1,1
17.075422122958116,332.904,settle,250.0,249.75115966796875,-8.708333969116211,-0.8650000095367432,1,1
17.08452703099465,332.914,settle,250.0,249.822998046875,14.4375,0.2770000100135803,1,1
17.094852041976992,332.924,settle,250.0,249.82635498046875,-9.395833969116211,-0.2460000067949295,1,1
17.10464731499087,332.934,settle,250.0,249.7733154296875,1.0083333253860474,-1.2769999504089355,1,1
17.114832958963234,332.944,settle,250.0,249.81124877929688,-1.9708333015441895,1.034000039100647,1,1
17.12441279401537,332.954,settle,250.0,249.75250244140625,-0.8250000476837158,-1.2319999933242798,1,1
17.13467308599502,332.964,settle,250.0,249.86294555664062,10.266666412353516,0.6349999904632568,1,1
17.144509745994583,332.974,settle,250.0,249.77566528320312,-10.220833778381348,-0.7400000095367432,1,1
17.155226000002585,332.984,settle,250.0,249.81259155273438,10.266666412353516,0.33000001311302185,1,1
17.165408257977106,332.995,settle,250.0,249.77365112304688,-10.037500381469727,-0.5339999794960022,1,1
17.176668416010216,333.004,settle,250.0,249.80520629882812,13.108333587646484,0.44699999690055847,1,1
17.184796910965815,333.014,settle,250.0,249.84817504882812,-7.195833206176758,1.0770000219345093,1,1
17.195045089989435,333.024,settle,250.0,249.7518310546875,-2.9791667461395264,-1.2719999551773071,1,1
17.204532784991898,333.034,settle,250.0,249.81460571289062,2.7041666507720947,0.8420000076293945,1,1
17.214801241992973,333.044,settle,250.0,249.74713134765625,-3.8499999046325684,-1.055999994277954,1,1
17.2244036589982,333.054,settle,250.0,249.801513671875,2.7041666507720947,0.8119999766349792,1,1
17.236091697996017,333.064,settle,250.0,249.7276611328125,-3.4833333492279053,-0.8809999823570251,1,1
17.245065372961108,333.074,settle,250.0,249.7679443359375,-0.0,1.0549999475479126,1,1
17.25471818295773,333.084,settle,250.0,249.7706298828125,7.929166793823242,0.33399999141693115,1,1
17.264679532963783,333.094,settle,250.0,249.7706298828125,-5.362500190734863,-0.5550000071525574,1,1
17.27474208001513,333.104,settle,250.0,249.81561279296875,9.258333206176758,0.32600000500679016,1,1
17.28452084196033,333.114,settle,250.0,249.77096557617188,-11.412500381469727,-0.48399999737739563,1,1
17.294678114005364,333.124,settle,250.0,249.78607177734375,10.770833969116211,0.19699999690055847,1,1
17.304414618003648,333.134,settle,250.0,249.80117797851562,-7.699999809265137,-0.26600000262260437,1,1
17.314744798990432,333.144,settle,250.0,249.77935791015625,6.920833110809326,0.19699999690055847,1,1
17.325618513976224,333.154,settle,250.0,249.79177856445312,-5.683333396911621,-0.5759999752044678,1,1
17.334795024013147,333.164,settle,250.0,249.8109130859375,1.6958333253860474,0.6959999799728394,1,1
17.34502969897585,333.174,settle,250.0,249.763916015625,-0.8250000476837158,-1.1749999523162842,1,1
17.355135446006898,333.184,settle,250.0,249.8243408203125,1.8791667222976685,0.8610000014305115,1,1
17.364596701983828,333.194,settle,250.0,249.75149536132812,-4.170833110809326,-1.159000039100647,1,1
17.37454540800536,333.204,settle,250.0,249.80856323242188,2.8874998092651367,0.8880000114440918,1,1
17.384681750962045,333.214,settle,250.0,249.73672485351562,-5.362500190734863,-0.9940000176429749,1,1
17.39466652396368,333.224,settle,250.0,249.82635498046875,11.458333015441895,0.27300000190734863,1,1
17.40463749197079,333.234,settle,250.0,249.75552368164062,-14.391666412353516,-0.5649999976158142,1,1
17.41465364297619,333.244,settle,250.0,249.74612426757812,9.945833206176758,-1.7410000562667847,1,1
17.42464048997499,333.254,settle,250.0,249.84750366210938,3.0250000953674316,0.9459999799728394,1,1
17.434854145976715,333.264,settle,250.0,249.76895141601562,-5.5,-1.1339999437332153,1,1
17.44562157400651,333.274,settle,250.0,249.83676147460938,7.929166793823242,0.45899999141693115,1,1
17.454641124990303,333.284,settle,250.0,249.78070068359375,-7.195833206176758,-0.7680000066757202,1,1
17.464450424013194,333.294,settle,250.0,249.81729125976562,5.4083333015441895,0.5049999952316284,1,1
17.47456342400983,333.304,settle,250.0,249.74847412109375,-9.029166221618652,-0.9089999794960022,1,1
17.484388461976778,333.314,settle,250.0,249.81024169921875,13.795833587646484,0.3319999873638153,1,1
17.494576459983364,333.324,settle,250.0,249.80084228515625,-10.725000381469727,-0.18000000715255737,1,1
17.504336126963608,333.334,settle,250.0,249.72866821289062,2.7041666507720947,-1.1990000009536743,1,1
17.514865095959976,333.344,settle,250.0,249.78070068359375,-0.4583333432674408,1.1200000047683716,1,1
17.524753490986768,333.354,settle,250.0,249.76290893554688,4.400000095367432,-1.2519999742507935,1,1
17.535029972961638,333.364,settle,250.0,249.80520629882812,-2.8416666984558105,1.100000023841858,1,1
17.544795239984524,333.374,settle,250.0,249.74813842773438,0.18333333730697632,-1.3489999771118164,1,1
17.554869438987225,333.384,settle,250.0,249.8458251953125,7.745833396911621,0.6859999895095825,1,1
17.564404630975332,333.394,settle,250.0,249.74847412109375,-12.879166603088379,-0.7630000114440918,1,1
17.57456821500091,333.404,settle,250.0,249.78036499023438,12.604166984558105,0.1289999932050705,1,1
17.584380398970097,333.414,settle,250.0,249.86697387695312,0.8708333373069763,1.194000005722046,1,1
17.594843595987186,333.424,settle,250.0,249.71826171875,-11.916666984558105,-0.8669999837875366,1,1
17.60483182501048,333.434,settle,250.0,249.78909301757812,14.299999237060547,0.3269999921321869,1,1
17.614775802998338,333.444,settle,250.0,249.77935791015625,-9.395833969116211,-0.33000001311302185,1,1
17.62450830999296,333.454,settle,250.0,249.74713134765625,4.2166666984558105,-1.5240000486373901,1,1
17.63490169798024,333.464,settle,250.0,249.81695556640625,1.375,1.027999997138977,1,1
17.64473131496925,333.474,settle,250.0,249.70919799804688,-8.204166412353516,-0.9710000157356262,1,1
17.656152190000284,333.484,settle,250.0,249.78237915039062,9.258333206176758,0.5260000228881836,1,1
17.664751313976012,333.494,settle,250.0,249.7572021484375,-6.370833396911621,-0.414000004529953,1,1
17.674887646979187,333.504,settle,250.0,249.79916381835938,10.083333969116211,0.32199999690055847,1,1
17.685255437972955,333.514,settle,250.0,249.76559448242188,-11.229166984558105,-0.44200000166893005,1,1
17.69493470597081,333.524,settle,250.0,249.76425170898438,6.416666507720947,0.5759999752044678,1,1
17.704580603982322,333.534,settle,250.0,249.74411010742188,-1.8333333730697632,-1.0570000410079956,1,1
17.71467290498549,333.544,settle,250.0,249.78775024414062,0.18333333730697632,0.9670000076293945,1,1
17.72443281300366,333.554,settle,250.0,249.77835083007812,5.545833110809326,0.2540000081062317,1,1
17.7344932059641,333.564,settle,250.0,249.75955200195312,-7.012499809265137,-0.5249999761581421,1,1
17.74465936399065,333.574,settle,250.0,249.806884765625,10.587499618530273,0.33399999141693115,1,1
17.75487174798036,333.584,settle,250.0,249.77398681640625,-10.725000381469727,-0.4779999852180481,1,1
17.76456557295751,333.594,settle,250.0,249.7894287109375,9.762499809265137,0.2619999945163727,1,1
17.774632007000037,333.604,settle,250.0,249.76324462890625,-10.220833778381348,-0.44699999690055847,1,1
17.784432860964444,333.614,settle,250.0,249.77835083007812,8.570833206176758,0.5289999842643738,1,1
17.794560557988007,333.624,settle,250.0,249.74444580078125,-8.891666412353516,-0.5009999871253967,1,1
17.804518590972293,333.634,settle,250.0,249.76995849609375,8.570833206176758,0.4569999873638153,1,1
17.815789390006103,333.644,settle,250.0,249.72564697265625,-10.908333778381348,-0.414000004529953,1,1
17.82444915600354,333.654,settle,250.0,249.7451171875,10.083333969116211,0.3449999988079071,1,1
17.834554861998186,333.664,settle,250.0,249.731689453125,-8.020833969116211,-0.414000004529953,1,1
17.84435242897598,333.674,settle,250.0,249.7679443359375,10.587499618530273,0.38199999928474426,1,1
17.854570733965375,333.684,settle,250.0,249.75518798828125,-8.204166412353516,-0.4180000126361847,1,1
17.864466602972243,333.694,settle,250.0,249.78506469726562,10.449999809265137,0.32600000500679016,1,1
17.875013894983567,333.704,settle,250.0,249.75384521484375,-9.533333778381348,-0.6790000200271606,1,1
17.885050142998807,333.714,settle,250.0,249.77432250976562,8.066666603088379,0.5460000038146973,1,1
17.894918871985283,333.724,settle,250.0,249.72430419921875,-11.549999237060547,-0.47600001096725464,1,1
17.90449886699207,333.734,settle,250.0,249.75015258789062,13.291666984558105,0.20499999821186066,1,1
17.914664243988227,333.744,settle,250.0,249.79244995117188,-4.3541669845581055,1.1690000295639038,1,1
17.924414573994,333.754,settle,250.0,249.70751953125,-3.3458333015441895,-1.184999942779541,1,1
17.934489223000128,333.764,settle,250.0,249.79412841796875,6.554166793823242,0.7149999737739563,1,1
17.9443160140072,333.774,settle,250.0,249.71524047851562,-11.549999237060547,-0.546999990940094,1,1
17.9547065969673,333.784,settle,250.0,249.75820922851562,13.429166793823242,0.3580000102519989,1,1
17.96451503399294,333.794,settle,250.0,249.76123046875,-6.875,-0.4490000009536743,1,1
17.974639925989322,333.804,settle,250.0,249.80419921875,9.258333206176758,0.45899999141693115,1,1
17.984533331007697,333.814,settle,250.0,249.75216674804688,-11.916666984558105,-0.4950000047683716,1,1
17.995101501001045,333.824,settle,250.0,249.76425170898438,10.449999809265137,0.18400000035762787,1,1
18.005050287989434,333.834,settle,250.0,249.79144287109375,-5.179166793823242,-0.31200000643730164,1,1
18.01507105800556,333.844,settle,250.0,249.79043579101562,6.737500190734863,0.19900000095367432,1,1
18.02605994499754,333.854,settle,250.0,249.78976440429688,-7.516666889190674,-0.24899999797344208,1,1
18.034646525979042,333.864,settle,250.0,249.75552368164062,3.8958332538604736,-1.5219999551773071,1,1
18.044620339001995,333.874,settle,250.0,249.83575439453125,2.5208334922790527,0.9610000252723694,1,1
18.05524499400053,333.884,settle,250.0,249.715576171875,-9.533333778381348,-0.9359999895095825,1,1
18.0647699169931,333.894,settle,250.0,249.78170776367188,8.433333396911621,0.593999981880188,1,1
18.074623417982366,333.904,settle,250.0,249.7491455078125,-4.995833396911621,-0.8659999966621399,1,1
18.085631471010856,333.914,settle,250.0,249.81561279296875,7.745833396911621,0.6949999928474426,1,1
18.094911082007457,333.924,settle,250.0,249.74948120117188,-9.029166221618652,-0.8659999966621399,1,1
18.104392865963746,333.934,settle,250.0,249.7867431640625,4.537499904632568,0.5830000042915344,1,1
18.114581394998822,333.944,settle,250.0,249.72296142578125,-9.716666221618652,-0.6039999723434448,1,1
18.124314002983738,333.954,settle,250.0,249.77700805664062,12.924999237060547,0.32199999690055847,1,1
18.13510632701218,333.964,settle,250.0,249.77935791015625,-7.379166603088379,-0.44699999690055847,1,1
18.144559408014175,333.974,settle,250.0,249.81460571289062,8.570833206176758,0.328000009059906,1,1
18.154713664960582,333.984,settle,250.0,249.80587768554688,-0.8250000476837158,-1.128999948501587,1,1
18.164378225978,333.994,settle,250.0,249.8458251953125,-1.6500000953674316,0.8309999704360962,1,1
18.17465685197385,334.004,settle,250.0,249.82870483398438,5.729166507720947,0.2029999941587448,1,1
18.184452966961544,334.014,settle,250.0,249.78607177734375,-9.716666221618652,-0.5049999952316284,1,1
18.19477914000163,334.024,settle,250.0,249.80184936523438,7.425000190734863,0.3190000057220459,1,1
18.204546241962817,334.034,settle,250.0,249.77734375,-3.6666667461395264,-0.8619999885559082,1,1
18.21498279896332,334.044,settle,250.0,249.84213256835938,7.5625,0.3930000066757202,1,1
18.224666705995332,334.054,settle,250.0,249.78506469726562,-8.020833969116211,-0.7649999856948853,1,1
18.235015972983092,334.064,settle,250.0,249.84481811523438,11.779166221618652,0.2290000021457672,1,1
18.244554091012105,334.074,settle,250.0,249.8243408203125,-8.524999618530273,-0.6420000195503235,1,1
18.254619402985554,334.084,settle,250.0,249.85757446289062,9.074999809265137,0.35899999737739563,1,1
18.264398154977243,334.094,settle,250.0,249.83071899414062,-3.4833333492279053,-0.9369999766349792,1,1
18.274569402972702,334.104,settle,250.0,249.90927124023438,7.745833396911621,0.421999990940094,1,1
18.28445219801506,334.114,settle,250.0,249.82568359375,-9.029166221618652,-0.9380000233650208,1,1
18.295698690984864,334.124,settle,250.0,249.87200927734375,7.058333396911621,0.6140000224113464,1,1
18.30447530298261,334.134,settle,250.0,249.79547119140625,-8.891666412353516,-0.7080000042915344,1,1
18.314893936971202,334.144,settle,250.0,249.84146118164062,12.924999237060547,0.24199999868869781,1,1
18.324397340998985,334.154,settle,250.0,249.82937622070312,-12.237499237060547,-0.25200000405311584,1,1
18.33462012396194,334.164,settle,250.0,249.77130126953125,4.7208333015441895,-1.3700000047683716,1,1
18.344385300995782,334.174,settle,250.0,249.81594848632812,-3.6666667461395264,1.1039999723434448,1,1
18.354766235977877,334.184,settle,250.0,249.763916015625,1.8791667222976685,-1.3660000562667847,1,1
18.36435522895772,334.194,settle,250.0,249.79647827148438,-3.4833333492279053,1.0460000038146973,1,1
18.37449833401479,334.204,settle,250.0,249.7384033203125,0.36666667461395264,-1.159000039100647,1,1
18.38451423496008,334.214,settle,250.0,249.84213256835938,8.754166603088379,0.7139999866485596,1,1
18.394641220977064,334.224,settle,250.0,249.75888061523438,-11.045833587646484,-0.8199999928474426,1,1
18.40446820296347,334.234,settle,250.0,249.796142578125,12.283333778381348,0.26600000262260437,1,1
18.415031974960584,334.244,settle,250.0,249.78271484375,-10.541666030883789,-0.25699999928474426,1,1
18.42451305798022,334.254,settle,250.0,249.71524047851562,4.0333333015441895,-1.2589999437332153,1,1
18.435008784988895,334.264,settle,250.0,249.78372192382812,1.0083333253860474,1.1019999980926514,1,1
18.444510695990175,334.274,settle,250.0,249.69342041015625,-7.516666889190674,-0.9710000157356262,1,1
18.456040182965808,334.284,settle,250.0,249.78640747070312,10.954166412353516,0.6489999890327454,1,1
18.4643834939925,334.294,settle,250.0,249.74310302734375,-11.549999237060547,-0.47699999809265137,1,1
18.474802910001017,334.304,settle,250.0,249.74545288085938,9.579166412353516,0.17299999296665192,1,1
18.484496365010273,334.314,settle,250.0,249.78909301757812,-2.6583333015441895,1.159000039100647,1,1
18.49456285900669,334.324,settle,250.0,249.70751953125,-4.3541669845581055,-1.187000036239624,1,1
18.504431878973264,334.334,settle,250.0,249.79513549804688,7.5625,0.7139999866485596,1,1
18.514604068011977,334.344,settle,250.0,249.71524047851562,-10.404166221618652,-0.6069999933242798,1,1
18.52438052598154,334.354,settle,250.0,249.7679443359375,12.283333778381348,0.4779999852180481,1,1
18.534718611976132,334.364,settle,250.0,249.753173828125,-9.029166221618652,-0.20100000500679016,1,1
18.544444567000028,334.374,settle,250.0,249.71054077148438,4.2166666984558105,-1.1619999408721924,1,1
18.55469722498674,334.384,settle,250.0,249.79110717773438,2.8874998092651367,1.034999966621399,1,1
18.56444789597299,334.394,settle,250.0,249.7021484375,-8.387499809265137,-0.8569999933242798,1,1
18.574539716995787,334.404,settle,250.0,249.77969360351562,10.770833969116211,0.527999997138977,1,1
18.584446655993816,334.414,settle,250.0,249.73605346679688,-12.558333396911621,-0.2879999876022339,1,1
18.59484611597145,334.424,settle,250.0,249.72598266601562,11.458333015441895,0.09399999678134918,1,1
18.604565277986694,334.434,settle,250.0,249.76727294921875,-6.004166603088379,-0.29499998688697815,1,1
18.615014949988108,334.444,settle,250.0,249.77734375,5.224999904632568,0.5989999771118164,1,1
18.624445939960424,334.454,settle,250.0,249.73403930664062,-4.675000190734863,-0.8320000171661377,1,1
18.634687086974736,334.464,settle,250.0,249.79916381835938,7.058333396911621,0.656000018119812,1,1
18.644319018989336,334.474,settle,250.0,249.7518310546875,-6.004166603088379,-0.8299999833106995,1,1
18.654950585972983,334.484,settle,250.0,249.80722045898438,6.920833110809326,0.621999979019165,1,1
18.665653516014572,334.494,settle,250.0,249.74847412109375,-7.883333206176758,-1.0190000534057617,1,1
18.67473287699977,334.504,settle,250.0,249.78439331054688,5.4083333015441895,0.5860000252723694,1,1
18.684714954986703,334.514,settle,250.0,249.72665405273438,-8.524999618530273,-0.6079999804496765,1,1
18.694610913982615,334.524,settle,250.0,249.79547119140625,12.787500381469727,0.33399999141693115,1,1
18.70462380995741,334.534,settle,250.0,249.7880859375,-7.516666889190674,-0.5680000185966492,1,1
18.714732320979238,334.544,settle,250.0,249.81964111328125,8.066666603088379,0.32100000977516174,1,1
18.727173010993283,334.554,settle,250.0,249.7974853515625,-2.9791667461395264,-0.9739999771118164,1,1
18.736569346976466,334.564,settle,250.0,249.82400512695312,-0.8250000476837158,0.7549999952316284,1,1
18.7456759979832,334.574,settle,250.0,249.80856323242188,5.0416669845581055,-1.5490000247955322,1,1
18.755185903981328,334.584,settle,250.0,249.88845825195312,-0.0,1.0759999752044678,1,1
18.765200081979856,334.594,settle,250.0,249.8485107421875,3.5291666984558105,-1.1990000009536743,1,1
18.775459561962634,334.604,settle,250.0,249.90390014648438,-2.9791667461395264,0.8489999771118164,1,1
18.785342837974895,334.614,settle,250.0,249.82568359375,2.383333444595337,-1.3509999513626099,1,1
18.79567101597786,334.624,settle,250.0,249.84750366210938,-6.875,-0.3529999852180481,1,1
18.805217379005626,334.634,settle,250.0,249.86260986328125,6.920833110809326,0.3700000047683716,1,1
18.81544902798487,334.644,settle,250.0,249.81594848632812,-5.179166793823242,-1.00600004196167,1,1
18.824924701009877,334.654,settle,250.0,249.8887939453125,8.570833206176758,0.671999990940094,1,1
18.834944598958828,334.664,settle,250.0,249.80856323242188,-9.029166221618652,-0.8500000238418579,1,1
18.844422856986057,334.674,settle,250.0,249.87167358398438,15.445833206176758,0.23199999332427979,1,1
18.855107211973518,334.684,settle,250.0,249.85723876953125,-11.916666984558105,-0.5440000295639038,1,1
18.86500634701224,334.694,settle,250.0,249.8861083984375,11.962499618530273,0.3330000042915344,1,1
18.875118986994494,334.704,settle,250.0,249.83407592773438,-13.245833396911621,-0.6420000195503235,1,1
18.884535751014482,334.714,settle,250.0,249.8377685546875,7.241666793823242,0.38600000739097595,1,1
18.89451111597009,334.724,settle,250.0,249.79849243164062,-4.491666793823242,-0.8610000014305115,1,1
18.904611923964694,334.734,settle,250.0,249.86965942382812,9.258333206176758,0.609000027179718,1,1
18.914592188957613,334.744,settle,250.0,249.81024169921875,-7.379166603088379,-0.8529999852180481,1,1
18.924228348012548,334.754,settle,250.0,249.860595703125,7.745833396911621,0.5630000233650208,1,1
18.935960458999034,334.764,settle,250.0,249.79580688476562,-8.891666412353516,-0.7089999914169312,1,1
18.94455403200118,334.774,settle,250.0,249.84381103515625,12.420833587646484,0.28600001335144043,1,1
18.955235322006047,334.784,settle,250.0,249.82467651367188,-11.733333587646484,-0.23499999940395355,1,1
18.964405650971457,334.794,settle,250.0,249.76458740234375,3.5291666984558105,-1.3910000324249268,1,1
18.974754175986163,334.804,settle,250.0,249.80889892578125,-2.3375000953674316,1.2020000219345093,1,1
18.9846192279947,334.814,settle,250.0,249.76861572265625,2.200000047683716,-1.2790000438690186,1,1
18.994790455966722,334.824,settle,250.0,249.80319213867188,-2.6583333015441895,1.097000002861023,1,1
19.004475554975215,334.834,settle,250.0,249.74847412109375,-0.0,-1.305999994277954,1,1
19.01466890401207,334.844,settle,250.0,249.85421752929688,9.258333206176758,0.7400000095367432,1,1
19.025160051998682,334.854,settle,250.0,249.7733154296875,-11.229166984558105,-0.6039999723434448,1,1
19.034694975009188,334.864,settle,250.0,249.80621337890625,11.091666221618652,0.31299999356269836,1,1
19.044884164992254,334.874,settle,250.0,249.7813720703125,-10.037500381469727,-0.5139999985694885,1,1
19.054667646996677,334.884,settle,250.0,249.80487060546875,12.604166984558105,0.21199999749660492,1,1
19.06458342197584,334.894,settle,250.0,249.86160278320312,-5.362500190734863,-0.3409999907016754,1,1
19.074725104961544,334.904,settle,250.0,249.8673095703125,5.224999904632568,0.375,1,1
19.084336578962393,334.914,settle,250.0,249.8095703125,-5.5,-0.9240000247955322,1,1
19.095487866958138,334.924,settle,250.0,249.871337890625,6.920833110809326,0.6129999756813049,1,1
19.10441621899372,334.934,settle,250.0,249.79714965820312,-7.699999809265137,-0.7319999933242798,1,1
19.114610769960564,334.944,settle,250.0,249.85220336914062,13.612499237060547,0.2280000001192093,1,1
19.124560437980108,334.954,settle,250.0,249.844482421875,-9.533333778381348,-0.48100000619888306,1,1
19.135209497995675,334.965,settle,250.0,249.88711547851562,12.604166984558105,0.29600000381469727,1,1
19.145891308959108,334.974,settle,250.0,249.83810424804688,-14.575000762939453,-0.47999998927116394,1,1
19.15457030996913,334.984,settle,250.0,249.84146118164062,6.554166793823242,0.38100001215934753,1,1
19.16435300000012,334.994,settle,250.0,249.80386352539062,-3.6666667461395264,-0.9620000123977661,1,1
19.174495774961542,335.004,settle,250.0,249.86865234375,6.737500190734863,0.6060000061988831,1,1
