raw_relative_to_target400_s,shifted_relative_s_minus_1s,position_mm,velocity_mm_s,current_A,state,unit_message_code
0.002039194,-0.997960806,100.047027588,-25.804166794,-2.585999966,1,1
0.012327194,-0.987672806,100.199432373,41.158332825,3.790999889,1,1
0.022063017,-0.977936983,100.041992188,-23.145833969,-4.043000221,1,1
0.032358408,-0.967641592,100.218902588,6.233333111,3.773999929,1,1
0.042107344,-0.957892656,100.026885986,0.870833337,-4.020999908,1,1
0.052310228,-0.947689772,100.150085449,-14.070833206,3.908999920,1,1
0.062062263,-0.937937737,100.018493652,24.200000763,-4.162000179,1,1
0.072342634,-0.927657366,100.117523193,-22.458333969,-0.352999985,1,1
0.082178116,-0.917821884,100.177276611,27.729166031,3.740999937,1,1
0.092366934,-0.907633066,99.963439941,-16.591667175,-3.789999962,1,1
0.102029800,-0.897970200,100.079254150,-5.866666794,3.986000061,1,1
0.112413406,-0.887586594,100.048034668,24.704166412,3.423000097,1,1
0.122213364,-0.877786636,99.968139648,-32.862499237,-3.773000002,1,1
0.132290602,-0.867709398,100.180969238,49.545833588,3.634000063,1,1
0.142069101,-0.857930899,100.009429932,-46.291667938,-3.637000084,1,1
0.152295351,-0.847704649,100.224273682,45.191665649,3.632999897,1,1
0.162061691,-0.837938309,100.084960938,-23.329166412,-3.591000080,1,1
0.172283649,-0.827716351,100.221588135,-0.320833325,3.953000069,1,1
0.182109356,-0.817890644,100.131286621,15.812500000,-4.294000149,1,1
0.192344666,-0.807655334,100.204132080,-20.808332443,-0.003000000,1,1
0.202093840,-0.797906160,100.178955078,33.412498474,3.267999887,1,1
0.212430000,-0.787570000,100.084289551,-20.304166794,-3.464999914,1,1
0.222093821,-0.777906179,100.161163330,-17.095832825,3.302999973,1,1
0.232340574,-0.767659426,100.098388672,30.754167557,3.414000034,1,1
0.242073536,-0.757926464,100.067504883,6.737500191,-4.169000149,1,1
0.252378702,-0.747621298,100.027893066,-14.758333206,-3.829999924,1,1
0.262148619,-0.737851381,100.035614014,-25.483333588,-3.440000057,1,1
0.272413254,-0.727586746,100.123565674,13.108333588,3.980000019,1,1
0.282098055,-0.717901945,100.006072998,12.787500381,-4.170000076,1,1
0.292455196,-0.707544804,100.027221680,-34.237499237,-3.381000042,1,1
0.302108765,-0.697891235,100.087646484,27.729166031,3.433000088,1,1
0.312450171,-0.687549829,99.915100098,-17.279167175,-3.740000010,1,1
0.322117329,-0.677882671,100.010772705,-18.287500381,4.098999977,1,1
0.332273722,-0.667726278,100.001373291,36.437500000,3.703999996,1,1
0.342152834,-0.657847166,99.895294189,-27.820833206,-3.601000071,1,1
0.352462769,-0.647537231,100.081604004,10.770833969,3.823999882,1,1
0.362277508,-0.637722492,99.983917236,15.445833206,-4.172999859,1,1
0.372411251,-0.627588749,100.037963867,-30.845832825,-3.426000118,1,1
0.382119894,-0.617880106,100.116851807,32.266666412,3.663000107,1,1
0.392313957,-0.607686043,99.962432861,-12.879166603,-3.783999920,1,1
0.402177572,-0.597822428,100.108795166,-6.875000000,3.877000093,1,1
0.412282944,-0.587717056,100.078918457,30.754167557,3.282000065,1,1
0.422122002,-0.577877998,99.965454102,-25.987499237,-3.726999998,1,1
0.432365894,-0.567634106,100.111145020,8.937500000,3.828000069,1,1
0.442103386,-0.557896614,99.971832275,10.587499619,-4.002999783,1,1
0.452357531,-0.547642469,99.989959717,-28.325000763,-3.617000103,1,1
0.462076426,-0.537923574,100.068847656,30.891666412,3.723000050,1,1
0.472367287,-0.527632713,99.921813965,-16.912500381,-3.846999884,1,1
0.482217073,-0.517782927,100.050384521,-7.195833206,4.171000004,1,1
0.492330074,-0.507669926,100.027557373,34.099998474,3.401999950,1,1
0.502147913,-0.497852087,99.928527832,-33.549999237,-3.756999969,1,1
0.512484312,-0.487515688,100.077239990,10.449999809,3.809999943,1,1
0.522127390,-0.477872610,99.970825195,13.291666985,-3.954999924,1,1
0.532337189,-0.467662811,100.008422852,-26.674999237,-3.457999945,1,1
0.542116165,-0.457883835,100.099731445,30.754167557,3.523999929,1,1
0.552380085,-0.447619915,99.923492432,-20.945833206,-3.898999929,1,1
0.562145472,-0.437854528,100.115509033,9.762499809,3.901999950,1,1
0.572348356,-0.427651644,99.860046387,-7.883333206,-4.117000103,1,1
0.582072735,-0.417927265,100.094360352,-2.658333302,3.933000088,1,1
0.592398643,-0.407601357,99.855010986,-1.466666698,-4.236999989,1,1
0.602118015,-0.397881985,99.928863525,-16.408332825,2.006000042,1,1
0.612448454,-0.387551546,99.960083008,34.604164124,3.364000082,1,1
0.622182608,-0.377817392,99.891937256,-33.870834351,-3.223000050,1,1
0.632417440,-0.367582560,100.055419922,42.304164886,3.756999969,1,1
0.642159462,-0.357840538,99.840911865,-51.012496948,-3.611000061,1,1
0.652447939,-0.347552061,100.002044678,45.833332062,3.770999908,1,1
0.662263393,-0.337736607,99.775115967,-39.920833588,-3.657000065,1,1
0.672360420,-0.327639580,99.981903076,33.916664124,3.776000023,1,1
0.682216406,-0.317783594,99.918121338,8.754166603,-3.956000090,1,1
0.692395210,-0.307604790,99.894958496,-17.095832825,-3.664999962,1,1
0.702280998,-0.297719002,99.941955566,-21.954166412,-1.133999944,1,1
0.712437868,-0.287562132,100.070861816,33.275001526,3.573999882,1,1
0.722126722,-0.277873278,100.001037598,-0.962499976,-4.041999817,1,1
0.732483149,-0.267516851,100.055084229,-25.804166794,-2.405999899,1,1
0.742213964,-0.257786036,100.167877197,37.629165649,3.437999964,1,1
0.752486229,-0.247513771,100.041656494,0.183333337,-4.024000168,1,1
0.762085676,-0.237914324,100.189361572,-13.566666603,4.386000156,1,1
0.772364140,-0.227635860,100.180297852,25.025001526,3.586999893,1,1
0.782187462,-0.217812538,100.047027588,-2.979166746,-4.032000065,1,1
0.792454958,-0.207545042,100.120880127,-21.312500000,-0.122000001,1,1
0.802208900,-0.197791100,100.167205811,29.745832443,3.565000057,1,1
0.812430859,-0.187569141,99.979217529,-13.887500763,-3.967999935,1,1
0.822162151,-0.177837849,100.055755615,-15.904166222,4.230000019,1,1
0.832392454,-0.167607546,99.956726074,26.858333588,0.901000023,1,1
0.842067719,-0.157932281,99.891265869,-35.566665649,-3.164999962,1,1
0.852454424,-0.147545576,99.966461182,9.258333206,3.904999971,1,1
0.862206221,-0.137793779,99.864410400,13.933333397,-3.408999920,1,1
0.872380018,-0.127619982,99.873474121,-34.237499237,-3.482000113,1,1
0.882170677,-0.117829323,99.964111328,33.091667175,3.552000046,1,1
0.892339945,-0.107660055,99.814727783,-10.037500381,-4.027999878,1,1
0.902184963,-0.097815037,99.966461182,-5.500000000,3.977999926,1,1
0.922430038,-0.077569962,99.838562012,-34.879165649,-3.845999956,1,1
0.924124956,-0.075875044,99.821441650,-14.758333206,-4.035999775,1,1
0.932318449,-0.067681551,99.920471191,3.529166698,3.974999905,1,1
0.942163467,-0.057836533,99.825805664,15.812500000,-3.865999937,1,1
0.952462196,-0.047537804,99.860382080,-31.212501526,-3.572999954,1,1
0.962145090,-0.037854910,99.968811035,34.283332825,3.713000059,1,1
0.972387075,-0.027612925,99.816070557,-11.549999237,-3.934999943,1,1
0.982204199,-0.017795801,100.051727295,11.274999619,4.120999813,1,1
0.992417336,-0.007582664,99.877166748,1.879166722,-3.957999945,1,1
1.002082348,0.002082348,100.207489014,12.787500381,3.967000008,1,1
1.012430191,0.012430191,100.105102539,16.316667557,-3.940999985,1,1
1.022430897,0.022430897,100.202117920,-13.750000000,-3.937000036,1,1
1.032478809,0.032478809,100.479064941,32.266666412,3.206000090,1,1
1.042202711,0.042202711,100.508605957,17.462499619,-4.512000084,1,1
1.052434206,0.052434206,100.808380127,4.720833302,2.128000021,1,1
1.062160254,0.062160254,100.987304688,49.866664886,-1.452000022,1,1
1.072343111,0.072343111,101.223632812,-7.379166603,-3.733000040,1,1
1.082062721,0.082062721,101.513336182,55.091667175,2.793999910,1,1
1.092339993,0.092339993,101.738250732,-7.883333206,-4.145999908,1,1
1.102176189,0.102176189,102.307586670,87.816665649,2.795000076,1,1
1.112360954,0.112360954,102.652343750,8.250000000,-4.078000069,1,1
1.122178078,0.122178078,103.239471436,79.566665649,3.023999929,1,1
1.132408142,0.132408142,103.485870361,22.870832443,-4.184000015,1,1
1.142075777,0.142075777,104.186462402,60.270832062,3.582000017,1,1
1.152349710,0.152349710,104.633605957,68.520828247,-4.412000179,1,1
1.162013769,0.162013769,105.217712402,22.504167557,-3.727999926,1,1
1.172374487,0.172374487,105.856872559,99.733329773,2.578000069,1,1
1.182205200,0.182205200,106.552093506,54.404167175,-4.132999897,1,1
1.192432404,0.192432404,107.458465576,72.187500000,3.755000114,1,1
1.202218533,0.202218533,108.316497803,115.683334351,3.200000048,1,1
1.212404966,0.212404966,109.157409668,90.337493896,-4.278999805,1,1
1.222167015,0.222167015,110.201416016,74.204170227,-2.868999958,1,1
1.232377768,0.232377768,111.269927979,121.550003052,3.252000093,1,1
1.242184162,0.242184162,112.222625732,114.491668701,-4.363999844,1,1
1.252442837,0.252442837,113.405273438,83.783332825,-3.796000004,1,1
1.262105942,0.262105942,114.638275146,158.491668701,2.684999943,1,1
1.272405863,0.272405863,115.934051514,98.220832825,-4.065999985,1,1
1.282255411,0.282255411,117.386596680,156.979156494,2.882999897,1,1
1.292439222,0.292439222,118.739776611,160.966659546,-4.339000225,1,1
1.302199602,0.302199602,120.198699951,118.020835876,-3.898999929,1,1
1.312345266,0.312345266,121.888580322,183.837493896,3.059000015,1,1
1.322145462,0.322145462,123.347839355,153.587493896,-4.046000004,1,1
1.332402945,0.332402945,125.141113281,153.083343506,1.917000055,1,1
1.342142582,0.342142582,126.738342285,189.200012207,-4.522999763,1,1
1.352319479,0.352319479,128.575927734,151.250000000,-3.532999992,1,1
1.362161875,0.362161875,130.584716797,219.587493896,3.164999962,1,1
1.372331381,0.372331381,132.441101074,189.016662598,-4.315000057,1,1
1.382155895,0.382155895,134.570404053,191.354171753,0.147000000,1,1
1.392380238,0.392380238,136.722869873,246.399993896,2.681999922,1,1
1.402089834,0.402089834,138.738372803,182.829162598,-3.826999903,1,1
1.412423372,0.412423372,141.104339600,256.850006104,2.796999931,1,1
1.422091007,0.422091007,143.115814209,200.612487793,-3.558000088,1,1
1.432457209,0.432457209,145.663055420,278.483337402,3.098000050,1,1
1.442129612,0.442129612,148.145172119,226.462493896,-4.427000046,1,1
1.452354431,0.452354431,150.761901855,251.304168701,3.493999958,1,1
1.462110043,0.462110043,153.133239746,259.187500000,-3.635999918,1,1
1.472382069,0.472382069,155.609649658,224.766662598,-4.341000080,1,1
1.482277870,0.482277870,158.264984131,266.566680908,3.398999929,1,1
1.492337465,0.492337465,160.606445312,248.600006104,-3.473000050,1,1
1.502190828,0.502190828,163.404449463,267.758331299,3.417999983,1,1
1.512373924,0.512373924,165.830505371,257.354187012,-4.416999817,1,1
1.522094250,0.522094250,168.670135498,263.862487793,3.203000069,1,1
1.532357216,0.532357216,171.490295410,285.679168701,-4.144000053,1,1
1.542172670,0.542172670,174.173492432,235.170837402,-3.453999996,1,1
1.552473783,0.552473783,176.975860596,303.829162598,2.743000031,1,1
1.562110662,0.562110662,179.576477051,230.633331299,-4.301000118,1,1
1.572377443,0.572377443,182.412414551,305.845825195,3.059000015,1,1
1.582245588,0.582245588,184.891845703,240.899993896,-3.930000067,1,1
1.592544794,0.592544794,187.871459961,318.450012207,2.931999922,1,1
1.602104664,0.602104664,190.409973145,236.179168701,-3.637000084,1,1
1.612541437,0.612541437,193.618530273,314.554168701,2.821000099,1,1
1.622268677,0.622268677,196.250701904,265.054168701,-4.133999825,1,1
1.632378578,0.632378578,198.987609863,247.087493896,-3.779000044,1,1
1.642230034,0.642230034,201.820526123,281.187500000,3.154000044,1,1
1.652458906,0.652458906,204.465454102,290.399993896,-3.854000092,1,1
1.662242174,0.662242174,207.206726074,243.924987793,-3.936000109,1,1
1.672368288,0.672368288,210.043670654,279.491668701,3.150000095,1,1
1.682243586,0.682243586,212.489868164,264.549987793,-3.703999996,1,1
1.692444086,0.692444086,215.330841064,257.170837402,3.497999907,1,1
1.702194929,0.702194929,218.153015137,291.591674805,-3.276999950,1,1
1.712397575,0.712397575,220.820770264,238.379165649,-4.182000160,1,1
1.722218752,0.722218752,223.519073486,262.716674805,3.364000082,1,1
1.732473850,0.732473850,226.074707031,279.674987793,1.113000035,1,1
1.742128372,0.742128372,228.517547607,225.958328247,-3.736999989,1,1
1.752488613,0.752488613,231.130249023,251.441665649,3.198999882,1,1
1.762233734,0.762233734,233.560668945,270.600006104,-0.497000009,1,1
1.772393465,0.772393465,236.008209229,217.387512207,-4.019000053,1,1
1.782082319,0.782082319,238.595733643,269.087493896,3.023000002,1,1
1.792372942,0.792372942,240.999633789,223.575012207,-3.914999962,1,1
1.802112341,0.802112341,243.447174072,220.733337402,3.315000057,1,1
1.812399387,0.812399387,245.750030518,260.837493896,3.288000107,1,1
1.822126627,0.822126627,247.936737061,204.141662598,-4.177000046,1,1
1.832332850,0.832332850,250.343994141,231.504165649,3.604000092,1,1
1.842095852,0.842095852,252.363189697,225.270828247,-3.861999989,1,1
1.852546215,0.852546215,254.577758789,187.825012207,-3.834000111,1,1
1.862067699,0.862067699,256.809448242,247.912506104,3.006000042,1,1
1.872426271,0.872426271,258.946472168,171.737503052,-3.881000042,1,1
1.882094622,0.882094622,261.165069580,234.666671753,3.032999992,1,1
1.892436504,0.892436504,263.035888672,187.183334351,-4.386000156,1,1
1.902180433,0.902180433,265.273284912,215.691665649,3.480999947,1,1
1.912348986,0.912348986,267.103820801,202.766662598,-4.260000229,1,1
1.922154665,0.922154665,269.110931396,166.695831299,-4.045000076,1,1
1.932419300,0.932419300,271.108978271,223.758331299,2.944000006,1,1
1.942114592,0.942114592,272.896881104,170.225006104,-4.046000004,1,1
1.952373981,0.952373981,275.052703857,212.529159546,3.111999989,1,1
1.962076664,0.962076664,276.864776611,176.916671753,-4.089000225,1,1
1.972423792,0.972423792,278.875579834,182.966659546,3.753000021,1,1
1.982063293,0.982063293,280.588287354,196.899993896,-3.562999964,1,1
1.992281675,0.992281675,282.374176025,143.870834351,-3.470000029,1,1
2.002084255,1.002084255,284.185577393,210.145828247,3.088999987,1,1
2.012360573,1.012360573,285.783813477,135.804168701,-3.767999887,1,1
2.022090912,1.022090912,287.675781250,208.312500000,3.163000107,1,1
2.032344341,1.032344341,289.154846191,127.737503052,-4.361999989,1,1
2.042075157,1.042075157,290.984710693,191.354171753,3.078000069,1,1
2.052368402,1.052368402,292.510437012,138.324996948,-4.486999989,1,1
2.062135220,1.062135220,294.308746338,171.554168701,3.055000067,1,1
2.072346210,1.072346210,295.712951660,157.620834351,-4.322000027,1,1
2.082116842,1.082116842,297.382354736,132.962493896,-3.861000061,1,1
2.092318773,1.092318773,298.983612061,152.579162598,3.802999973,1,1
2.102087021,1.102087021,300.410644531,173.754165649,-4.440000057,1,1
2.112336636,1.112336636,302.023986816,118.524993896,-1.713999987,1,1
2.122066259,1.122066259,303.548706055,177.420837402,2.956000090,1,1
2.132339954,1.132339954,304.847839355,123.199996948,-3.719000101,1,1
2.142110825,1.142110825,306.554840088,138.829162598,3.489000082,1,1
2.152313471,1.152313471,308.007720947,161.149993896,3.335999966,1,1
2.162081480,1.162081480,309.218902588,130.625000000,-4.230000019,1,1
2.172363520,1.172363520,310.643249512,111.466667175,3.250999928,1,1
2.182173491,1.182173491,311.860809326,151.066665649,0.603999972,1,1
2.192373753,1.192373753,313.034393311,92.858329773,-3.684000015,1,1
2.202158213,1.202158213,314.415771484,137.500000000,3.657999992,1,1
2.212304592,1.212304592,315.477233887,125.583335876,-4.629000187,1,1
2.222081661,1.222081661,316.978454590,102.758331299,-2.898000002,1,1
2.232297659,1.232297659,318.233612061,112.795829773,3.716000080,1,1
2.242097139,1.242097139,319.432037354,150.241668701,2.903000116,1,1
2.252240181,1.252240181,320.558288574,109.633331299,-4.084000111,1,1
2.262057543,1.262057543,321.816467285,99.229164124,0.730000019,1,1
2.272340536,1.272340536,322.961853027,142.175003052,3.009999990,1,1
2.282069683,1.282069683,323.993438721,85.616668701,-3.957000017,1,1
2.292300224,1.292300224,325.342254639,135.483337402,3.290999889,1,1
2.302134752,1.302134752,326.289245605,98.358329773,-4.380000114,1,1
2.312327385,1.312327385,327.619934082,115.500000000,3.188999891,1,1
2.322123289,1.322123289,328.598480225,118.204170227,-4.104000092,1,1
2.332372427,1.332372427,329.658599854,78.420829773,-3.884000063,1,1
2.342045307,1.342045307,330.810028076,121.550003052,3.296999931,1,1
2.352343082,1.352343082,331.726135254,107.800003052,-4.492000103,1,1
2.362116575,1.362116575,332.801361084,76.908332825,-3.503000021,1,1
2.372359514,1.372359514,333.859466553,132.274993896,3.252000093,1,1
2.382038116,1.382038116,334.722534180,74.891670227,-4.420000076,1,1
2.392292261,1.392292261,336.030731201,108.945831299,3.684999943,1,1
2.402020454,1.402020454,336.900512695,109.312500000,-4.543000221,1,1
2.412460327,1.412460327,337.823669434,59.125000000,-3.516000032,1,1
2.422062635,1.422062635,338.839477539,117.837493896,3.535000086,1,1
2.432367802,1.432367802,339.549804688,77.045829773,-3.907999992,1,1
2.442067623,1.442067623,340.634765625,96.387496948,3.424000025,1,1
2.452345610,1.452345610,341.272247314,81.262496948,-4.453000069,1,1
2.462108135,1.462108135,342.335052490,85.479171753,3.740000010,1,1
2.472408295,1.472408295,343.066528320,98.541664124,-4.129000187,1,1
2.482078314,1.482078314,344.062530518,53.900001526,0.094999999,1,1
2.492341518,1.492341518,344.865509033,106.791664124,3.124000072,1,1
2.502123594,1.502123594,345.554016113,58.758335114,-4.282999992,1,1
2.512347221,1.512347221,346.602722168,100.375000000,3.345999956,1,1
2.522121191,1.522121191,347.298950195,85.616668701,-4.594999790,1,1
2.532345295,1.532345295,348.101257324,53.900001526,-3.634000063,1,1
2.542120695,1.542120695,348.908935547,109.129165649,2.670000076,1,1
2.552370310,1.552370310,349.614562988,37.950000763,-3.736999989,1,1
2.562102318,1.562102318,350.451782227,116.508331299,2.746000051,1,1
2.572358847,1.572358847,351.206085205,55.733333588,-3.986999989,1,1
2.582034349,1.582034349,352.050018311,70.537498474,3.483000040,1,1
2.592355490,1.592355490,352.769409180,93.500000000,3.042999983,1,1
2.602047443,1.602047443,353.382049561,74.525001526,-4.423999786,1,1
2.612433910,1.612433910,354.069885254,34.283332825,-3.368000031,1,1
2.622129917,1.622129917,354.853729248,92.858329773,3.249000072,1,1
2.632374048,1.632374048,355.371368408,61.599998474,-4.058000088,1,1
2.642161846,1.642161846,356.133056641,50.554164886,0.035999998,1,1
2.652507782,1.652507782,356.867553711,102.574996948,3.180999994,1,1
2.662126780,1.662126780,357.402648926,38.270835876,-3.813999891,1,1
2.672394753,1.672394753,358.053558350,41.662498474,0.064999998,1,1
2.682093620,1.682093620,358.713867188,81.445831299,3.223999977,1,1
2.692355156,1.692355156,359.273468018,75.900001526,0.300000012,1,1
2.702086687,1.702086687,359.733367920,25.208333969,-4.092000008,1,1
2.712384939,1.712384939,360.470886230,74.020828247,3.443000078,1,1
2.722121239,1.722121239,360.922058105,66.137496948,-4.594999790,1,1
2.732314825,1.732314825,361.502471924,23.695833206,-3.829999924,1,1
2.742078304,1.742078304,362.233276367,80.070831299,3.352999926,1,1
2.752363205,1.752363205,362.793884277,76.220832825,3.220999956,1,1
2.762105703,1.762105703,363.238677979,54.083332062,-4.227000237,1,1
2.772433281,1.772433281,363.844268799,31.579166412,-0.423000008,1,1
2.782145023,1.782145023,364.448516846,89.833335876,2.930999994,1,1
2.792336464,1.792336464,364.889953613,19.845832825,-3.890000105,1,1
2.802122593,1.802122593,365.598602295,78.237503052,2.950999975,1,1
2.812340736,1.812340736,365.964508057,44.000000000,-4.396999836,1,1
2.822091579,1.822091579,366.683227539,39.783332825,3.831000090,1,1
2.832317352,1.832317352,367.065582275,63.479167938,-4.539000034,1,1
2.842008591,1.842008591,367.567443848,22.687500000,-4.280000210,1,1
2.852466822,1.852466822,368.167999268,55.916667938,3.532999992,1,1
2.862172604,1.862172604,368.392913818,41.295833588,-4.429999828,1,1
2.872413635,1.872413635,369.037445068,37.262500763,3.846999884,1,1
2.882137775,1.882137775,369.463439941,68.154167175,2.898999929,1,1
2.892352819,1.892352819,369.755828857,1.375000000,-4.111999989,1,1
2.902088404,1.902088404,370.356719971,83.279167175,3.232000113,1,1
2.912404537,1.912404537,370.628967285,17.966667175,-4.111999989,1,1
2.922148705,1.922148705,371.330230713,60.637496948,3.654000044,1,1
2.932318211,1.932318211,371.671966553,55.916667938,-4.429999828,1,1
2.942093134,1.942093134,372.059356689,7.562500000,-3.694999933,1,1
2.952322483,1.952322483,372.528656006,72.050003052,3.351999998,1,1
2.962161779,1.962161779,372.717651367,15.445833206,-4.052999973,1,1
2.972388268,1.972388268,373.324920654,55.412498474,3.223000050,1,1
2.982152700,1.982152700,373.554870605,33.916664124,-4.405000210,1,1
2.992386103,1.992386103,374.218536377,50.370834351,3.782999992,1,1
3.002194643,2.002194643,374.394104004,37.629165649,-4.434999943,1,1
3.012373924,2.012373924,374.846282959,19.983333588,3.832000017,1,1
3.022075653,2.022075653,375.143035889,63.295833588,3.151999950,1,1
3.032313824,2.032313824,375.434082031,35.612499237,-4.252999783,1,1
3.042115688,2.042115688,376.033630371,33.595832825,3.668999910,1,1
3.052376747,2.052376747,376.433776855,54.908332825,3.628000021,1,1
3.062173128,2.062173128,376.720458984,52.066665649,-4.276999950,1,1
3.072421789,2.072421789,377.117584229,5.041666985,-3.380000114,1,1
3.082114935,2.082114935,377.532501221,69.025001526,3.319999933,1,1
3.092331648,2.092331648,377.763793945,19.158332825,-4.302000046,1,1
3.102023602,2.102023602,378.168975830,12.924999237,2.891000032,1,1
3.112375975,2.112375975,378.480834961,60.454166412,3.197999954,1,1
3.122208357,2.122208357,378.760803223,29.745832443,-4.168000221,1,1
3.132368088,2.132368088,379.215332031,15.445833206,0.418000013,1,1
3.142081022,2.142081022,379.558074951,59.125000000,3.122999907,1,1
3.152384043,2.152384043,379.714172363,18.333332062,-4.385000229,1,1
3.162142038,2.162142038,380.179443359,26.858333588,3.533999920,1,1
3.172368288,2.172368288,380.534606934,68.337501526,3.078999996,1,1
3.182082891,2.182082891,380.706481934,2.704166651,-4.006000042,1,1
3.192389250,2.192389250,381.102935791,28.233333588,3.651999950,1,1
3.202153206,2.202153206,381.355377197,55.091667175,3.055000067,1,1
3.212337971,2.212337971,381.544372559,6.233333111,-4.065999985,1,1
3.222187996,2.222187996,382.003936768,35.108333588,3.694000006,1,1
3.232363701,2.232363701,382.112030029,31.762500763,-4.276999950,1,1
3.242162943,2.242162943,382.448059082,0.504166663,-1.944000006,1,1
3.252361298,2.252361298,382.754882812,63.800003052,2.786000013,1,1
3.262179136,2.262179136,383.053314209,6.554166794,-4.181000233,1,1
3.272393942,2.272393942,383.473266602,29.745832443,3.572000027,1,1
3.282049656,2.282049656,383.649841309,46.016666412,-4.356999874,1,1
3.292345762,2.292345762,383.914703369,-4.170833111,-3.542999983,1,1
3.302168131,2.302168131,384.288330078,58.254165649,3.517999887,1,1
3.312328100,2.312328100,384.333648682,7.425000191,-4.041999817,1,1
3.322199106,2.322199106,384.662963867,9.441666603,3.747999907,1,1
3.332392216,2.332392216,384.788848877,40.654167175,-4.206999779,1,1
3.342123270,2.342123270,385.104400635,-9.533333778,-0.093000002,1,1
3.352335453,2.352335453,385.378326416,56.604167938,3.115999937,1,1
3.362107515,2.362107515,385.508911133,0.504166663,-3.756000042,1,1
3.372382164,2.372382164,385.857360840,20.487499237,3.703999996,1,1
3.382222652,2.382222652,386.044677734,49.362503052,1.103000045,1,1
3.392313004,2.392313004,386.206481934,-7.516666889,-3.874000072,1,1
3.402126551,2.402126551,386.603942871,48.033332825,3.546999931,1,1
3.412368774,2.412368774,386.643890381,15.308333397,-4.386000156,1,1
3.422224283,2.422224283,387.074920654,20.487499237,3.609999895,1,1
3.432381630,2.432381630,387.178985596,39.141666412,-4.645999908,1,1
3.442120314,2.442120314,387.408264160,-8.387499809,-3.747999907,1,1
3.452372551,2.452372551,387.724151611,50.050003052,3.315000057,1,1
3.462020159,2.462020159,387.748657227,4.720833302,-4.186999798,1,1
3.472412348,2.472412348,388.046417236,11.595833778,3.684000015,1,1
3.482158899,2.482158899,388.176330566,44.183334351,-0.907000005,1,1
3.492359638,2.492359638,388.372711182,-7.195833206,-4.076000214,1,1
3.502232790,2.502232790,388.779571533,61.783332825,3.137000084,1,1
3.512344360,2.512344360,388.823547363,-3.345833302,-4.151999950,1,1
3.522200584,2.522200584,389.111572266,-1.650000095,3.882999897,1,1
3.532289028,2.532289028,389.245513916,32.908332825,3.377000093,1,1
3.542040348,2.542040348,389.322387695,28.875000000,-4.221000195,1,1
3.552323103,2.552323103,389.419738770,-5.683333397,-3.852999926,1,1
3.562072992,2.562072992,389.656402588,4.537499905,3.638999939,1,1
3.572381020,2.572381020,389.805786133,44.504165649,3.069999933,1,1
3.582132339,2.582132339,389.850097656,-15.399999619,-3.815999985,1,1
3.592378855,2.592378855,390.148529053,21.495832443,3.648999929,1,1
3.602203131,2.602203131,390.156585693,29.241666794,-4.172999859,1,1
3.612320900,2.612320900,390.303955078,1.008333325,-4.165999889,1,1
3.622099400,2.622099400,390.514770508,-2.979166746,0.591000021,1,1
3.632298470,2.632298470,390.702423096,41.799999237,3.821000099,1,1
3.642117023,2.642117023,390.675903320,5.224999905,-3.846999884,1,1
3.652357578,2.652357578,390.910888672,-3.483333349,0.661000013,1,1
3.662146091,2.662146091,391.071014404,42.808334351,2.980999947,1,1
3.672405720,2.672405720,391.093170166,-6.370833397,-4.334000111,1,1
3.682132959,2.682132959,391.404022217,19.845832825,3.361999989,1,1
3.692411184,2.692411184,391.376495361,23.375000000,-4.171999931,1,1
3.702070951,2.702070951,391.594024658,-11.229166985,-1.444000006,1,1
3.712320328,2.712320328,391.852508545,41.662498474,3.311000109,1,1
3.722159386,2.722159386,391.791412354,2.520833492,-3.861000061,1,1
3.732429504,2.732429504,392.012969971,-5.500000000,3.973000050,1,1
3.742092848,2.742092848,392.051239014,39.141666412,0.079000004,1,1
3.752443075,2.752443075,392.124420166,-20.304166794,-3.638000011,1,1
3.762195826,2.762195826,392.389953613,47.849998474,3.206000090,1,1
3.772373438,2.772373438,392.361419678,-10.037500381,-4.001999855,1,1
3.782163143,2.782163143,392.659851074,8.250000000,3.723000050,1,1
3.792359114,2.792359114,392.817291260,36.804164886,3.434999943,1,1
3.802093983,2.802093983,392.783721924,4.216666698,-3.937000036,1,1
3.812391043,2.812391043,392.995208740,-5.500000000,3.878000021,1,1
3.822281122,2.822281122,393.022064209,33.275001526,-0.615000010,1,1
3.832372904,2.832372904,393.089874268,-25.162498474,-3.562999964,1,1
3.842178345,2.842178345,393.245300293,48.537498474,3.049999952,1,1
3.852474213,2.852474213,393.295654297,-26.674999237,-3.210000038,1,1
3.862198830,2.862198830,393.469207764,49.683334351,3.096999884,1,1
3.872432470,2.872432470,393.464843750,-21.312500000,-4.076000214,1,1
3.882153511,2.882153511,393.691772461,17.462499619,3.709000111,1,1
3.892483950,2.892483950,393.652496338,20.166667938,-4.458000183,1,1
3.902139902,2.902139902,393.694122314,-28.325000763,-3.562000036,1,1
3.912333012,2.912333012,393.856597900,47.849998474,3.296000004,1,1
3.922239780,2.922239780,393.873046875,-25.162498474,-4.037000179,1,1
3.932354212,2.932354212,394.168121338,52.066665649,3.384999990,1,1
3.942128658,2.942128658,394.073455811,-29.195833206,-3.698999882,1,1
3.952491283,2.952491283,394.439025879,56.237503052,3.615999937,1,1
3.962177992,2.962177992,394.312469482,-34.054164886,-3.986000061,1,1
3.972473145,2.972473145,394.553161621,20.854167938,3.480000019,1,1
3.982242346,2.982242346,394.581024170,31.395833969,0.030999999,1,1
3.992373705,2.992373705,394.614257812,-4.354166985,-3.818000078,1,1
4.002161503,3.002161503,394.730072021,-17.416667938,-0.481000006,1,1
4.012393475,3.012393475,394.869720459,33.275001526,3.378999949,1,1
4.022183657,3.022183657,394.849243164,10.770833969,-4.109000206,1,1
4.032377243,3.032377243,394.967742920,-20.945833206,-3.572999954,1,1
4.042139769,3.042139769,395.131896973,26.858333588,3.351000071,1,1
4.052315950,3.052315950,395.180236816,31.395833969,0.020000000,1,1
4.062085867,3.062085867,395.217163086,0.870833337,-3.845000029,1,1
4.072400093,3.072400093,395.325256348,-18.929166794,-3.602999926,1,1
4.082293749,3.082293749,395.490753174,17.141666412,3.552000046,1,1
4.092329741,3.092329741,395.465576172,20.670833588,-4.256999969,1,1
4.102148771,3.102148771,395.593475342,-20.945833206,-3.401000023,1,1
4.112518072,3.112518072,395.745208740,37.950000763,3.592999935,1,1
4.122138739,3.122138739,395.643829346,-8.020833969,-3.973999977,1,1
4.132517576,3.132517576,395.874114990,-0.962499976,3.888999939,1,1
4.142067671,3.142067671,395.972808838,33.779167175,3.137000084,1,1
4.152294159,3.152294159,395.911376953,4.400000095,-3.875000000,1,1
4.162098885,3.162098885,396.068481445,-12.054166794,0.027000001,1,1
4.172398090,3.172398090,396.196716309,42.166664124,3.371999979,1,1
4.182237864,3.182237864,396.153747559,-8.524999619,-4.140999794,1,1
4.192305088,3.192305088,396.329315186,-6.187500000,3.857000113,1,1
4.202064753,3.202064753,396.307830811,27.866666794,0.152999997,1,1
4.212309599,3.212309599,396.334686279,-28.325000763,-3.516999960,1,1
4.222068548,3.222068548,396.536773682,31.762500763,3.776000023,1,1
4.232280254,3.232280254,396.400817871,-6.691666603,-4.196000099,1,1
4.242074728,3.242074728,396.501525879,-15.904166222,0.039000001,1,1
4.252306938,3.252306938,396.608947754,42.304164886,3.335000038,1,1
4.262132406,3.262132406,396.544494629,-29.333333969,-3.842999935,1,1
4.272338867,3.272338867,396.745239258,20.670833588,3.568000078,1,1
4.282017946,3.282017946,396.606933594,5.224999905,-4.385000229,1,1
4.292296886,3.292296886,396.813385010,-2.841666698,3.914999962,1,1
4.301941156,3.301941156,396.824462891,38.775001526,-0.143000007,1,1
4.312312365,3.312312365,396.812377930,-33.045833588,-3.727999926,1,1
4.322108269,3.322108269,396.922149658,31.395833969,3.765000105,1,1
4.332295179,3.332295179,396.774444580,-11.733333588,-3.964999914,1,1
4.342076063,3.342076063,396.973846436,4.216666698,3.865999937,1,1
4.352444649,3.352444649,396.933563232,22.183332443,-4.409999847,1,1
4.362161398,3.362161398,397.120208740,-11.916666985,2.750999928,1,1
4.372341871,3.372341871,397.056427002,19.845832825,-3.563999891,1,1
4.382172585,3.382172585,397.199432373,-21.129167557,1.039000034,1,1
4.392315626,3.392315626,397.244079590,36.116664886,0.054000001,1,1
4.401938677,3.401938677,397.246093750,-33.229164124,-3.674999952,1,1
4.412301540,3.412301540,397.388092041,41.983333588,3.755000114,1,1
4.422093868,3.422093868,397.275970459,-24.154167175,-3.690000057,1,1
4.432242155,3.432242155,397.559631348,30.250000000,3.608000040,1,1
4.442070484,3.442070484,397.414947510,6.554166794,-4.172999859,1,1
4.452281952,3.452281952,397.523376465,-21.954166412,-3.506000042,1,1
4.462150335,3.462150335,397.656646729,22.000000000,3.437999964,1,1
4.472331047,3.472331047,397.586822510,10.587499619,-4.525000095,1,1
4.482078314,3.482078314,397.598571777,-33.549999237,-3.700999975,1,1
4.492371559,3.492371559,397.680145264,19.479167938,3.483999968,1,1
4.502068043,3.502068043,397.709686279,28.370832443,2.456000090,1,1
4.512347698,3.512347698,397.680816650,-0.641666651,-3.923000097,1,1
4.522090912,3.522090912,397.847991943,-12.558333397,3.918999910,1,1
4.532266140,3.532266140,397.835906982,31.075000763,3.211999893,1,1
4.542126894,3.542126894,397.772796631,-27.179166794,-3.930999994,1,1
4.552306175,3.552306175,397.929901123,15.308333397,3.595999956,1,1
4.562085152,3.562085152,397.795623779,15.812500000,-4.191999912,1,1
4.572336197,3.572336197,397.904724121,-21.450000763,-3.688999891,1,1
4.582129955,3.582129955,397.975891113,-4.858333111,4.056000233,1,1
4.592315197,3.592315197,398.026916504,27.224998474,3.401999950,1,1
4.602022171,3.602022171,397.933929443,-2.979166746,-3.970000029,1,1
4.612254381,3.612254381,398.094055176,-11.045833588,3.852999926,1,1
4.622080088,3.622080088,398.038330078,24.383333206,0.419999987,1,1
4.632318020,3.632318020,398.029937744,-31.533332825,-3.811000109,1,1
4.642077208,3.642077208,398.236053467,43.312500000,3.454999924,1,1
4.652305365,3.652305365,398.122589111,-12.558333397,-4.064000130,1,1
4.662036657,3.662036657,398.278350830,-17.783332825,-2.661999941,1,1
4.672307491,3.672307491,398.344818115,28.875000000,3.391000032,1,1
4.682068348,3.682068348,398.264251709,8.570833206,-3.993000031,1,1
4.692294359,3.692294359,398.273315430,-32.358333588,-3.362999916,1,1
4.702129602,3.702129602,398.380401611,38.775001526,3.767999887,1,1
4.712307453,3.712307453,398.278350830,-11.549999237,-3.848000050,1,1
4.722137451,3.722137451,398.440155029,-6.187500000,3.938999891,1,1
4.732374907,3.732374907,398.423706055,33.412498474,0.079000004,1,1
4.742145777,3.742145777,398.368316650,-37.400001526,-3.719000101,1,1
4.752400875,3.752400875,398.433776855,28.737499237,3.924000025,1,1
4.762079477,3.762079477,398.315612793,-9.395833969,-3.963000059,1,1
4.772386551,3.772386551,398.453918457,-10.541666031,3.848000050,1,1
4.782158613,3.782158613,398.411285400,26.033332825,0.192000002,1,1
4.792358398,3.792358398,398.377716064,-31.349998474,-3.622999907,1,1
4.802151203,3.802151203,398.506286621,36.941665649,3.607000113,1,1
4.812348604,3.812348604,398.363952637,-16.774999619,-4.191999912,1,1
4.822105885,3.822105885,398.600616455,7.745833397,3.601000071,1,1
4.832325459,3.832325459,398.503601074,13.933333397,-4.302000046,1,1
4.842122078,3.842122078,398.505950928,-29.195833206,-3.638999939,1,1
4.852395296,3.852395296,398.611022949,33.275001526,3.601000071,1,1
4.862144470,3.862144470,398.453918457,-16.408332825,-3.875000000,1,1
4.872433186,3.872433186,398.619750977,-11.229166985,3.881000042,1,1
4.882178783,3.882178783,398.627136230,32.587501526,1.687999964,1,1
4.892377853,3.892377853,398.577453613,-34.879165649,-3.236999989,1,1
4.902116060,3.902116060,398.679840088,40.791664124,3.069000006,1,1
4.912365675,3.912365675,398.624114990,-19.433332443,-3.994999886,1,1
4.922103405,3.922103405,398.692932129,-17.279167175,4.011000156,1,1
4.932381630,3.932381630,398.699981689,30.387500763,3.275000095,1,1
4.942020655,3.942020655,398.660034180,8.250000000,-3.948999882,1,1
4.952420950,3.952420950,398.676483154,-19.433332443,-3.872999907,1,1
4.962180853,3.962180853,398.803710938,-3.987500191,3.519999981,1,1
4.972431898,3.972431898,398.837951660,33.091667175,3.170000076,1,1
4.982203245,3.982203245,398.779205322,-26.170833588,-3.849999905,1,1
4.992401600,3.992401600,398.935638428,11.962499619,3.713999987,1,1
5.002153635,4.002153635,398.793640137,14.437500000,-4.107999802,1,1
5.012317419,4.012317419,398.820831299,-11.549999237,-4.079999924,1,1
5.022160769,4.022160769,398.880584717,-21.129167557,-2.493000031,1,1
5.032368422,4.032368422,399.003448486,18.837499619,3.280999899,1,1
5.042138577,4.042138577,398.974243164,19.983333588,-3.285000086,1,1
5.052464247,4.052464247,399.002777100,-34.558334351,-3.385999918,1,1
5.062161207,4.062161207,399.063537598,30.754167557,3.428999901,1,1
5.072320700,4.072320700,398.932617188,-11.916666985,-3.891999960,1,1
5.082159996,4.082159996,399.032653809,-22.641666412,3.926000118,1,1
5.092375517,4.092375517,399.013183594,30.250000000,3.427999973,1,1
5.102045059,4.102045059,398.955108643,-8.387499809,-4.201000214,1,1
5.112354994,4.112354994,399.031311035,-20.625000000,0.024000000,1,1
5.122101068,4.122101068,399.104827881,33.412498474,3.395999908,1,1
5.132369995,4.132369995,399.026611328,-2.658333302,-4.083000183,1,1
5.142160177,4.142160177,399.210571289,-7.195833206,4.000999928,1,1
5.152527809,4.152527809,399.182708740,31.395833969,3.296000004,1,1
5.162172079,4.162172079,399.084686279,-36.758335114,-3.921000004,1,1
5.172474623,4.172474623,399.273010254,21.358333588,3.569000006,1,1
5.182163477,4.182163477,399.225006104,13.429166794,-4.455999851,1,1
5.192406178,4.192406178,399.227355957,-34.237499237,-3.611000061,1,1
5.202092886,4.202092886,399.325042725,31.075000763,3.578000069,1,1
5.212443590,4.212443590,399.144104004,-13.887500763,-4.057000160,1,1
5.222187996,4.222187996,399.299194336,-0.458333343,4.032999992,1,1
5.232469082,4.232469082,399.235748291,19.158332825,-0.903999984,1,1
5.242105722,4.242105722,399.279052734,-27.316667557,-3.367000103,1,1
5.252370596,4.252370596,399.355926514,39.966667175,3.158999920,1,1
5.262147903,4.262147903,399.241455078,-33.366664886,-3.838000059,1,1
5.272358418,4.272358418,399.403259277,8.250000000,3.775000095,1,1
5.282130957,4.282130957,399.271331787,9.441666603,-4.054999828,1,1
5.292426109,4.292426109,399.287109375,-29.837501526,-3.573999882,1,1
5.302152157,4.302152157,399.387817383,37.629165649,3.647000074,1,1
5.312349081,4.312349081,399.234405518,-25.987499237,-3.944000006,1,1
5.322129250,4.322129250,399.545593262,36.116664886,3.726000071,1,1
5.332322121,4.332322121,399.395874023,-24.658332825,-3.826999903,1,1
5.342190266,4.342190266,399.608032227,20.991666794,3.851999998,1,1
5.352364540,4.352364540,399.350219727,-18.791667938,-4.165999889,1,1
5.362188816,4.362188816,399.537536621,9.074999809,3.763999939,1,1
5.372369766,4.372369766,399.389160156,5.408333302,-4.111000061,1,1
5.382184982,4.382184982,399.484161377,-26.674999237,-3.556999922,1,1
5.392357111,4.392357111,399.577484131,20.487499237,3.644999981,1,1
5.402206182,4.402206182,399.388824463,0.366666675,-4.048999786,1,1
5.412459135,4.412459135,399.523437500,-14.758333206,0.832000017,1,1
5.422140360,4.422140360,399.560028076,32.908332825,3.368999958,1,1
5.432474852,4.432474852,399.461334229,-6.370833397,-4.072000027,1,1
5.442197323,4.442197323,399.581848145,-15.079166412,0.055000000,1,1
5.452408314,4.452408314,399.654357910,17.462499619,3.548000097,1,1
5.462214470,4.462214470,399.616088867,19.479167938,-0.023000000,1,1
5.472415924,4.472415924,399.544250488,-22.962501526,-4.041999817,1,1
5.482210636,4.482210636,399.714111328,8.250000000,3.694000006,1,1
5.492386818,4.492386818,399.567413330,9.945833206,-4.014999866,1,1
5.502195835,4.502195835,399.581512451,-34.237499237,-3.275000095,1,1
5.512418985,4.512418985,399.630187988,30.754167557,3.551000118,1,1
5.522217989,4.522217989,399.521087646,-2.154166698,-3.924000025,1,1
5.532373667,4.532373667,399.618438721,-19.799999237,0.050000001,1,1
5.542118311,4.542118311,399.684234619,22.183332443,3.767999887,1,1
5.552502871,4.552502871,399.631530762,16.637500763,-3.819999933,1,1
5.562218189,4.562218189,399.685577393,-28.187500000,-3.568000078,1,1
5.572438240,4.572438240,399.797027588,30.387500763,3.566999912,1,1
5.582226276,4.582226276,399.624145508,-15.904166222,-3.937000036,1,1
5.592384100,4.592384100,399.758087158,-8.204166412,4.099999905,1,1
5.602101803,4.602101803,399.733245850,37.125000000,1.149999976,1,1
5.612437725,4.612437725,399.681213379,-21.954166412,-3.904000044,1,1
5.622150421,4.622150421,399.811798096,-0.825000048,3.806999922,1,1
5.632498503,4.632498503,399.824218750,29.241666794,3.224999905,1,1
5.642139435,4.642139435,399.715789795,-29.700000763,-3.743000031,1,1
5.652400494,4.652400494,399.849060059,10.770833969,3.586999893,1,1
5.662238836,4.662238836,399.689941406,6.050000191,-4.086999893,1,1
5.672406197,4.672406197,399.746673584,-23.329166412,-3.648000002,1,1
5.682141542,4.682141542,399.836303711,32.770835876,3.392999887,1,1
5.692372084,4.692372084,399.676177979,-11.045833588,-4.051000118,1,1
5.702167511,4.702167511,399.764801025,-15.399999619,1.638000011,1,1
5.712427616,4.712427616,399.824554443,33.275001526,3.344000101,1,1
5.722137928,4.722137928,399.706726074,-30.708333969,-3.673000097,1,1
5.732408047,4.732408047,399.832946777,9.945833206,3.657999992,1,1
5.742091179,4.742091179,399.669128418,4.537499905,-4.006999969,1,1
5.752333879,4.752333879,399.760772705,-18.424999237,0.004000000,1,1
5.762195110,4.762195110,399.736267090,30.250000000,3.198999882,1,1
5.772385836,4.772385836,399.658721924,-35.245834351,-3.635999918,1,1
5.782140493,4.782140493,399.930633545,49.683334351,3.634000063,1,1
5.792367935,4.792367935,399.812805176,-20.625000000,-3.832000017,1,1
5.802053213,4.802053213,399.951446533,-0.137500003,3.891000032,1,1
5.812430620,4.812430620,399.921234131,27.729166031,0.135000005,1,1
5.822165489,4.822165489,399.878265381,-31.029167175,-3.474999905,1,1
5.832477808,4.832477808,399.975952148,39.783332825,3.627000093,1,1
5.842174530,4.842174530,399.915191650,-1.329166651,-3.936000109,1,1
5.852442980,4.852442980,399.997436523,-20.808332443,-0.256000012,1,1
5.862174273,4.862174273,400.047454834,21.174999237,3.607000113,1,1
5.872424603,4.872424603,399.882293701,-3.162499905,-4.098000050,1,1
5.882134199,4.882134199,399.972930908,-18.424999237,-2.121999979,1,1
5.892387390,4.892387390,400.041076660,3.712500095,3.680999994,1,1
5.902129650,4.902129650,399.981658936,19.341667175,0.433999985,1,1
5.912327528,4.912327528,399.867187500,-31.212501526,-3.798000097,1,1
5.922141552,4.922141552,399.997436523,4.216666698,3.931999922,1,1
5.932435036,4.932435036,399.902099609,19.845832825,-3.976000071,1,1
5.942111015,4.942111015,399.969238281,-28.187500000,-3.290999889,1,1
5.952396870,4.952396870,400.028320312,19.158332825,3.516000032,1,1
5.962138653,4.962138653,399.829589844,-8.524999619,-3.888999939,1,1
5.972373247,4.972373247,399.939025879,-15.583333015,0.077000000,1,1
5.982208729,4.982208729,400.011871338,19.479167938,3.733999968,1,1
5.992409706,4.992409706,399.916534424,8.570833206,-4.202000141,1,1
6.002110243,5.002110243,399.920227051,-24.474998474,-3.361000061,1,1
6.012379408,5.012379408,400.039062500,18.975000381,3.546000004,1,1
6.022150278,5.022150278,399.925598145,6.416666508,-4.274000168,1,1
6.032306910,5.032306910,399.940368652,-28.325000763,-3.387000084,1,1
6.042150974,5.042150974,400.015228271,28.554166794,3.763999939,1,1
6.052352428,5.052352428,399.917877197,-1.466666698,-3.953999996,1,1
6.062114239,5.062114239,399.977630615,-20.441667557,-2.065000057,1,1
6.072372675,5.072372675,400.133056641,37.445835114,3.641000032,1,1
6.082042456,5.082042456,399.994415283,-6.508333206,-4.053999901,1,1
6.092363119,5.092363119,400.144470215,-8.891666412,4.098999977,1,1
6.102084875,5.102084875,400.080352783,26.720832825,1.386999965,1,1
6.112352848,5.112352848,400.023956299,-36.758335114,-3.898000002,1,1
6.122071028,5.122071028,400.209594727,41.983333588,3.446000099,1,1
6.132352352,5.132352352,400.026306152,-32.220832825,-3.660000086,1,1
6.142039299,5.142039299,400.174682617,5.408333302,3.806999922,1,1
6.152410269,5.152410269,400.051818848,12.604166985,-3.976000071,1,1
6.162141562,5.162141562,400.077331543,-28.691667557,-3.493000031,1,1
6.172358274,5.172358274,400.168640137,32.587501526,3.599999905,1,1
6.182049751,5.182049751,400.002471924,-14.575000763,-4.044000149,1,1
6.192382812,5.192382812,400.154876709,-4.675000191,4.060999870,1,1
6.202151775,5.202151775,400.114257812,28.875000000,1.830999970,1,1
6.212439060,5.212439060,400.028656006,-38.912498474,-3.269999981,1,1
6.222154856,5.222154856,400.145812988,29.883333206,3.793999910,1,1
6.232407331,5.232407331,399.957153320,-11.412500381,-3.993000031,1,1
6.242103815,5.242103815,400.051483154,-11.733333588,3.990000010,1,1
6.252314806,5.252314806,400.004821777,22.504167557,1.414999962,1,1
6.262149572,5.262149572,399.946075439,-32.541664124,-3.638000011,1,1
6.272366285,5.272366285,400.115600586,44.000000000,3.565999985,1,1
6.282099009,5.282099009,399.949432373,-29.012500763,-3.625000000,1,1
6.292360067,5.292360067,400.148834229,28.737499237,3.908999920,1,1
6.302138329,5.302138329,399.869201660,-30.341667175,-3.842000008,1,1
6.312399864,5.312399864,400.026641846,-4.170833111,3.775000095,1,1
6.322059870,5.322059870,400.111236572,20.350000381,3.595000029,1,1
6.332340956,5.332340956,400.106872559,20.350000381,3.426000118,1,1
6.342169046,5.342169046,400.068267822,7.058333397,-4.090000153,1,1
6.352309942,5.352309942,400.057525635,-22.825000763,-3.835000038,1,1
6.362181187,5.362181187,400.249542236,11.962499619,3.480000019,1,1
6.372373819,5.372373819,400.119628906,12.100000381,-4.171000004,1,1
6.382189751,5.382189751,400.144470215,-30.845832825,-3.483000040,1,1
6.392361641,5.392361641,400.185760498,19.341667175,3.635999918,1,1
6.402090311,5.402090311,400.139770508,16.454166412,-4.350999832,1,1
6.412353039,5.412353039,400.150177002,-21.816667557,-3.684999943,1,1
6.422254801,5.422254801,400.225708008,-3.162499905,3.716000080,1,1
6.432376385,5.432376385,400.250213623,31.579166412,3.128999949,1,1
6.442244530,5.442244530,400.143127441,-23.650001526,-3.783999920,1,1
6.452436686,5.452436686,400.331451416,13.795833588,3.943000078,1,1
6.462115288,5.462115288,400.195495605,9.579166412,-4.272999763,1,1
6.472401857,5.472401857,400.241149902,-32.541664124,-3.193000078,1,1
6.482129335,5.482129335,400.330780029,35.795833588,3.911999941,1,1
6.492375612,5.492375612,400.226043701,0.366666675,-3.878000021,1,1
6.502140284,5.502140284,400.232086182,-31.349998474,-3.542999983,1,1
6.512364626,5.512364626,400.368377686,28.049999237,3.503000021,1,1
6.522116423,5.522116423,400.189117432,-10.404166222,-4.007999897,1,1
6.532384872,5.532384872,400.318695068,-11.733333588,4.006999969,1,1
6.542111874,5.542111874,400.228393555,22.366666794,0.677999973,1,1
6.552385092,5.552385092,400.184082031,-38.912498474,-3.578000069,1,1
6.562116623,5.562116623,400.361663818,35.429164886,3.536000013,1,1
6.572386503,5.572386503,400.236114502,-15.262500763,-3.803999901,1,1
6.582129478,5.582129478,400.386169434,-13.245833397,4.054999828,1,1
6.592415571,5.592415571,400.383819580,31.395833969,3.358999968,1,1
6.602166176,5.602166176,400.260284424,-34.237499237,-3.831000090,1,1
6.612382412,5.612382412,400.389190674,7.425000191,3.855000019,1,1
6.622154951,5.622154951,400.192138672,0.504166663,-4.119999886,1,1
6.632427692,5.632427692,400.334472656,-10.037500381,4.243999958,1,1
6.642074585,5.642074585,400.248535156,21.358333588,0.112999998,1,1
6.652427197,5.652427197,400.276733398,-25.483333588,-3.575000048,1,1
6.662229776,5.662229776,400.361663818,0.687500000,4.028999805,1,1
6.672429800,5.672429800,400.333465576,27.545833588,2.654999971,1,1
6.682068586,5.682068586,400.187438965,-39.233333588,-3.655999899,1,1
6.692290068,5.692290068,400.346557617,17.325000763,3.947999954,1,1
6.702089548,5.702089548,400.225708008,7.745833397,-3.903000116,1,1
6.712401152,5.712401152,400.285797119,-23.329166412,-2.927999973,1,1
6.722145081,5.722145081,400.376098633,40.470832825,3.668999910,1,1
6.732377052,5.732377052,400.173339844,-53.670833588,-3.589999914,1,1
6.742184639,5.742184639,400.347229004,42.808334351,3.648000002,1,1
6.752305746,5.752305746,400.239135742,-7.379166603,-3.815000057,1,1
6.762154341,5.762154341,400.398590088,-7.195833206,4.178999901,1,1
6.772359133,5.772359133,400.386505127,27.041666031,3.410000086,1,1
6.782199383,5.782199383,400.260620117,-31.533332825,-3.832999945,1,1
6.792430639,5.792430639,400.444580078,26.537498474,3.687000036,1,1
6.802110195,5.802110195,400.371398926,15.125000000,-2.138000011,1,1
6.812352896,5.812352896,400.363342285,-26.812500000,-3.661000013,1,1
6.822107315,5.822107315,400.468078613,4.720833302,3.964999914,1,1
6.832297087,5.832297087,400.359313965,15.950000763,-0.592000008,1,1
6.842202902,5.842202902,400.309631348,-9.029166222,-3.825000048,1,1
6.852388859,5.852388859,400.352264404,-21.312500000,-3.612999916,1,1
6.862102985,5.862102985,400.418060303,3.712500095,3.739000082,1,1
6.872350454,5.872350454,400.319702148,19.662500381,-4.111999989,1,1
6.882136345,5.882136345,400.346893311,-30.845832825,-3.440000057,1,1
6.892333984,5.892333984,400.394897461,27.224998474,3.664999962,1,1
6.902199268,5.902199268,400.202880859,-18.608333588,-4.028999805,1,1
6.912389755,5.912389755,400.311309814,-18.424999237,3.999000072,1,1
6.922071457,5.922071457,400.298889160,37.262500763,3.411999941,1,1
6.932322979,5.932322979,400.205230713,-20.808332443,-3.799999952,1,1
6.942116737,5.942116737,400.312652588,-9.899999619,4.068999767,1,1
6.952278852,5.952278852,400.322387695,39.783332825,3.506999969,1,1
6.962068081,5.962068081,400.231414795,-32.862499237,-3.552999973,1,1
6.972302437,5.972302437,400.421752930,14.116666794,3.628000021,1,1
6.982065439,5.982065439,400.307281494,11.458333015,-4.041999817,1,1
6.992337465,5.992337465,400.355285645,-25.987499237,-3.178999901,1,1
7.002052069,6.002052069,400.415710449,21.174999237,3.328999996,1,1
7.012288809,6.012288809,400.331451416,6.554166794,-4.198999882,1,1
7.022013664,6.022013664,400.291168213,-22.825000763,-3.822000027,1,1
7.032291412,6.032291412,400.472106934,13.108333588,3.684999943,1,1
7.042160749,6.042160749,400.345886230,9.762499809,-4.313000202,1,1
7.052362919,6.052362919,400.340850830,-30.845832825,-3.556999922,1,1
7.062123537,6.062123537,400.386505127,34.099998474,3.480999947,1,1
7.072404146,6.072404146,400.208923340,-45.145832062,-3.676000118,1,1
7.082114220,6.082114220,400.401611328,26.720832825,3.651999950,1,1
7.092322350,6.092322350,400.261291504,-6.691666603,-4.059000015,1,1
7.102019548,6.102019548,400.393218994,-12.375000000,4.188000202,1,1
7.112275124,6.112275124,400.390197754,30.754167557,3.447999954,1,1
7.122076750,6.122076750,400.274719238,-33.045833588,-3.798000097,1,1
7.132248163,6.132248163,400.406646729,9.441666603,3.848999977,1,1
7.142083645,6.142083645,400.239471436,4.400000095,-3.937000036,1,1
7.152312756,6.152312756,400.322723389,-19.433332443,-0.039999999,1,1
7.162074327,6.162074327,400.324066162,36.437500000,3.096999884,1,1
7.172352552,6.172352552,400.306274414,-23.329166412,-3.779999971,1,1
7.182082653,6.182082653,400.484527588,11.779166222,3.647000074,1,1
7.192285299,6.192285299,400.358306885,8.433333397,-4.171000004,1,1
7.202017307,6.202017307,400.327423096,-31.533332825,-3.601000071,1,1
7.212270975,6.212270975,400.404632568,34.420833588,3.789000034,1,1
7.222045660,6.222045660,400.197845459,-48.491664886,-3.737999916,1,1
7.232346535,6.232346535,400.283111572,16.454166412,3.858999968,1,1
7.242081642,6.242081642,400.085388184,-4.491666794,-3.819999933,1,1
7.252404451,6.252404451,400.378448486,2.520833492,3.973999977,1,1
7.262104273,6.262104273,400.195831299,12.924999237,-4.229000092,1,1
7.272312641,6.272312641,400.220672607,-9.212499619,-3.790999889,1,1
7.282012939,6.282012939,400.308624268,-19.433332443,-0.755999982,1,1
7.292405367,6.292405367,400.409667969,19.845832825,3.502000093,1,1
7.302093267,6.302093267,400.326416016,9.441666603,-4.189000130,1,1
7.312239885,6.312239885,400.306274414,-24.979166031,-3.897000074,1,1
7.322119236,6.322119236,400.430480957,8.250000000,3.545000076,1,1
7.332350969,6.332350969,400.286468506,11.962499619,-3.904000044,1,1
7.342109919,6.342109919,400.317352295,-29.837501526,-3.247999907,1,1
7.352281332,6.352281332,400.374084473,21.862499237,3.740000010,1,1
7.362015009,6.362015009,400.311645508,12.100000381,-3.855999947,1,1
7.372275829,6.372275829,400.292846680,-19.112499237,-3.798000097,1,1
7.382087231,6.382087231,400.381134033,-7.012499809,3.671000004,1,1
7.392293453,6.392293453,400.395568848,25.208333969,3.220000029,1,1
7.402039528,6.402039528,400.320037842,-3.987500191,-4.203999996,1,1
7.412330627,6.412330627,400.484191895,-8.204166412,3.826999903,1,1
7.422130108,6.422130108,400.445587158,27.729166031,3.088999987,1,1
7.432346344,6.432346344,400.373413086,-33.733333588,-3.766000032,1,1
7.442117929,6.442117929,400.500640869,2.200000048,3.700999975,1,1
7.452324152,6.452324152,400.442230225,20.166667938,0.890999973,1,1
7.462082148,6.462082148,400.296203613,-31.854166031,-3.634999990,1,1
7.472425699,6.472425699,400.390869141,3.025000095,3.890000105,1,1
7.482063532,6.482063532,400.297210693,19.479167938,-3.959000111,1,1
7.492328644,6.492328644,400.360656738,-25.804166794,-3.354000092,1,1
7.502138138,6.502138138,400.426116943,28.554166794,3.457000017,1,1
7.512347937,6.512347937,400.235107422,-24.154167175,-3.739000082,1,1
7.522074223,6.522074223,400.418731689,-3.666666746,3.957000017,1,1
7.532316208,6.532316208,400.453979492,30.754167557,3.312999964,1,1
7.542087793,6.542087793,400.324737549,-28.829166412,-3.835000038,1,1
7.552330256,6.552330256,400.438537598,6.920833111,3.668999910,1,1
7.562067986,6.562067986,400.263305664,5.545833111,-4.109000206,1,1
7.572386980,6.572386980,400.265655518,-29.837501526,-3.338999987,1,1
7.582117081,6.582117081,400.331115723,40.974998474,3.469000101,1,1
7.592380762,6.592380762,400.198516846,-43.129165649,-3.737999916,1,1
7.602007627,6.602007627,400.383148193,34.787498474,3.460999966,1,1
7.612425566,6.612425566,400.198516846,-17.783332825,-4.188000202,1,1
7.622208118,6.622208118,400.287139893,-14.254166603,4.061999798,1,1
7.632346869,6.632346869,400.239135742,24.520833969,3.085999966,1,1
7.642154694,6.642154694,400.122985840,-31.716667175,-3.730999947,1,1
7.652451038,6.652451038,400.279418945,23.191667557,3.964999914,1,1
7.662034512,6.662034512,400.086730957,-9.029166222,-4.038000107,1,1
7.672305346,6.672305346,400.351928711,9.258333206,4.018000126,1,1
7.682249546,6.682249546,400.132049561,-5.362500191,-4.192999840,1,1
7.692419052,6.692419052,400.389190674,0.687500000,4.146999836,1,1
7.702022076,6.702022076,400.176696777,0.870833337,-4.111000061,1,1
7.712353468,6.712353468,400.248535156,-18.424999237,1.294999957,1,1
7.722104549,6.722104549,400.270355225,28.875000000,3.573999882,1,1
7.732469559,6.732469559,400.198852539,-27.316667557,-3.852999926,1,1
7.742123127,6.742123127,400.350921631,2.383333445,3.930000067,1,1
7.752474070,6.752474070,400.280426025,26.033332825,0.626999974,1,1
7.762140036,6.762140036,400.219665527,-33.045833588,-3.512000084,1,1
7.772349119,6.772349119,400.381469727,9.258333206,3.865000010,1,1
7.782027006,6.782027006,400.260620117,22.366666794,-4.171000004,1,1
7.792475462,6.792475462,400.263305664,-35.245834351,-3.561000109,1,1
7.802038431,6.802038431,400.369720459,23.375000000,3.694999933,1,1
7.812270403,6.812270403,400.250213623,2.383333445,-3.861999989,1,1
7.822119713,6.822119713,400.265991211,-31.533332825,-3.338999987,1,1
7.832284927,6.832284927,400.368377686,30.250000000,3.628000021,1,1
7.842137814,6.842137814,400.200531006,-12.237499237,-4.001999855,1,1
7.852309942,6.852309942,400.355621338,-7.883333206,4.150000095,1,1
7.862064123,6.862064123,400.299896240,33.412498474,3.148000002,1,1
7.872301817,6.872301817,400.198852539,-32.037498474,-3.887000084,1,1
7.882088184,6.882088184,400.349243164,3.391666651,4.044000149,1,1
7.892337084,6.892337084,400.271362305,22.366666794,0.064000003,1,1
7.902076960,6.902076960,400.222015381,-25.666666031,-3.667000055,1,1
7.912315607,6.912315607,400.365356445,-0.641666651,3.828999996,1,1
7.922077894,6.922077894,400.328765869,30.754167557,3.469000101,1,1
7.932322264,6.932322264,400.217315674,-38.408332825,-3.653000116,1,1
7.942126513,6.942126513,400.371063232,12.604166985,3.908999920,1,1
7.952304840,6.952304840,400.213958740,4.720833302,-4.006000042,1,1
7.962063789,6.962063789,400.264984131,-30.341667175,-3.522000074,1,1
7.972283602,6.972283602,400.400939941,28.233333588,3.841000080,1,1
7.982136965,6.982136965,400.237792969,-12.237499237,-3.809000015,1,1
7.992374182,6.992374182,400.377777100,-10.404166222,3.908999920,1,1
8.002076149,7.002076149,400.353271484,34.099998474,3.319000006,1,1
8.012296677,7.012296677,400.243499756,-36.895835876,-3.602999926,1,1
8.022168875,7.022168875,400.394561768,13.291666985,3.926000118,1,1
8.032299757,7.032299757,400.249206543,5.912500381,-3.976000071,1,1
8.042102337,7.042102337,400.288146973,-30.204166412,-0.538999975,1,1
8.052444458,7.052444458,400.317352295,33.595832825,3.256000042,1,1
8.062174320,7.062174320,400.193145752,-16.087499619,-3.983999968,1,1
8.072353363,7.072353363,400.301910400,-11.229166985,3.986999989,1,1
8.082154989,7.082154989,400.246520996,24.383333206,2.871000051,1,1
8.092402935,7.092402935,400.153869629,-36.391666412,-3.594000101,1,1
8.102138996,7.102138996,400.341186523,34.099998474,4.065000057,1,1
8.112435102,7.112435102,400.106872559,-23.466667175,-3.667000055,1,1
8.122150421,7.122150421,400.391876221,20.487499237,3.964999914,1,1
8.132389307,7.132389307,400.149169922,-16.087499619,-4.000999928,1,1
8.142120838,7.142120838,400.283111572,-1.650000095,4.105000019,1,1
8.152477026,7.152477026,400.211608887,17.829166412,-0.048999999,1,1
8.162163496,7.162163496,400.174011230,-37.216667175,-3.342999935,1,1
8.172371387,7.172371387,400.247863770,31.762500763,3.275000095,1,1
8.182138920,7.182138920,400.101837158,-37.720832825,-3.589999914,1,1
8.192357302,7.192357302,400.335815430,51.058334351,3.746000051,1,1
8.202155352,7.202155352,400.191131592,-39.599998474,-3.650000095,1,1
8.212356091,7.212356091,400.301910400,10.770833969,3.914000034,1,1
8.222176552,7.222176552,400.153198242,13.933333397,-3.914000034,1,1
8.232388258,7.232388258,400.159912109,-17.095832825,-3.884999990,1,1
8.242163181,7.242163181,400.239135742,-10.541666031,3.558000088,1,1
8.252352715,7.252352715,400.256927490,27.224998474,3.631999969,1,1
8.262195110,7.262195110,400.144134521,-3.345833302,-4.041999817,1,1
8.272377014,7.272377014,400.259277344,-16.912500381,4.139999866,1,1
8.282092333,7.282092333,400.170318604,24.383333206,3.273000002,1,1
8.292384863,7.292384863,400.042083740,-40.104164124,-3.490000010,1,1
8.302110672,7.302110672,400.187438965,11.779166222,4.019999981,1,1
8.312349796,7.312349796,400.001129150,-1.329166651,-3.937000036,1,1
8.322101355,7.322101355,400.011871338,-29.837501526,-3.677999973,1,1
8.332356453,7.332356453,400.113250732,15.125000000,3.697999954,1,1
8.342125893,7.342125893,400.063232422,21.862499237,0.092000000,1,1
8.352399826,7.352399826,400.028656006,-30.020833969,-3.740000010,1,1
8.362122297,7.362122297,400.191802979,13.429166794,3.838999987,1,1
8.372404337,7.372404337,400.104522705,15.125000000,-3.974999905,1,1
8.382118940,7.382118940,400.195831299,-27.316667557,-1.123000026,1,1
8.392413378,7.392413378,400.275054932,39.783332825,3.341000080,1,1
8.402059793,7.402059793,400.196166992,-24.337501526,-3.851000071,1,1
8.412351608,7.412351608,400.309967041,-6.004166603,3.947999954,1,1
8.422127008,7.422127008,400.346221924,32.404167175,3.433000088,1,1
8.432380199,7.432380199,400.217651367,-21.633333206,-3.813999891,1,1
8.442152500,7.442152500,400.352264404,-6.004166603,4.158999920,1,1
8.452322483,7.452322483,400.317016602,33.275001526,3.351999998,1,1
8.462121010,7.462121010,400.235107422,-35.887500763,-3.611000061,1,1
8.472368479,7.472368479,400.386505127,5.041666985,3.890000105,1,1
8.482152700,7.482152700,400.230072021,8.433333397,-3.951999903,1,1
8.492376804,7.492376804,400.203552246,-36.391666412,-3.513000011,1,1
8.502144337,7.502144337,400.337829590,36.804164886,3.928999901,1,1
8.512398720,7.512398720,400.190460205,-8.891666412,-3.963999987,1,1
8.522188663,7.522188663,400.359985352,-4.858333111,4.027999878,1,1
8.532413244,7.532413244,400.348236084,34.787498474,3.410000086,1,1
8.542157173,7.542157173,400.268005371,-34.741664886,-3.854000092,1,1
8.552406549,7.552406549,400.473114014,40.150001526,3.438999891,1,1
8.562142849,7.562142849,400.242156982,-40.104164124,-3.609999895,1,1
8.572378635,7.572378635,400.368713379,13.612499237,4.026000023,1,1
8.582167387,7.582167387,400.298553467,18.149999619,-3.881999969,1,1
8.592476368,7.592476368,400.336486816,-24.979166031,-3.607000113,1,1
8.602198601,7.602198601,400.428466797,30.387500763,3.437999964,1,1
8.612350941,7.612350941,400.262298584,-19.799999237,-4.020999908,1,1
8.622149467,7.622149467,400.399932861,-4.170833111,4.100999832,1,1
8.632447720,7.632447720,400.308959961,20.487499237,-4.054999828,1,1
8.642209291,7.642209291,400.478820801,-11.733333588,3.967999935,1,1
8.652436733,7.652436733,400.358642578,29.379167557,0.059999999,1,1
8.662121773,7.662121773,400.314331055,-23.145833969,-3.858000040,1,1
8.672421694,7.672421694,400.308288574,-24.658332825,-3.420000076,1,1
8.682037830,7.682037830,400.342529297,-5.866666794,4.112999916,1,1
8.692415714,7.692415714,400.354614258,16.820833206,3.729000092,1,1
8.702218533,7.702218533,400.286132812,20.854167938,-3.979000092,1,1
8.712363005,7.712363005,400.370391846,-26.308332443,-3.407999992,1,1
8.722151041,7.722151041,400.457672119,30.387500763,3.589999914,1,1
8.732406616,7.732406616,400.283447266,-5.866666794,-3.967000008,1,1
8.742132187,7.742132187,400.364685059,-18.608333588,-0.266000003,1,1
8.752389431,7.752389431,400.456329346,22.687500000,3.684999943,1,1
8.762102127,7.762102127,400.364349365,6.416666508,-3.918999910,1,1
8.772408485,7.772408485,400.336151123,-17.920833588,-4.047999859,1,1
8.782151461,7.782151461,400.418395996,-10.725000381,3.861000061,1,1
8.792406321,7.792406321,400.411346436,30.250000000,3.269999981,1,1
8.802044153,7.802044153,400.352935791,-26.491666794,-3.819000006,1,1
8.812395573,7.812395573,400.505676270,11.962499619,3.628000021,1,1
8.822076082,7.822076082,400.361663818,13.612499237,-4.052000046,1,1
8.832363367,7.832363367,400.356964111,-25.162498474,-3.392999887,1,1
8.842126369,7.842126369,400.401275635,-2.474999905,4.059999943,1,1
8.852354288,7.852354288,400.376770020,27.729166031,3.279000044,1,1
8.862094879,7.862094879,400.230743408,-36.895835876,-3.625000000,1,1
8.872350693,7.872350693,400.378112793,8.570833206,3.890000105,1,1
8.882078648,7.882078648,400.209259033,5.041666985,-4.092999935,1,1
8.892346382,7.892346382,400.231079102,-32.724998474,-3.105000019,1,1
8.902060509,7.902060509,400.295196533,38.775001526,3.582999945,1,1
8.912324190,7.912324190,400.097808838,-35.750000000,-3.562999964,1,1
8.922108173,7.922108173,400.194824219,11.458333015,4.076000214,1,1
8.932397127,7.932397127,400.119293213,18.149999619,-3.994999886,1,1
8.942082644,7.942082644,400.170318604,-28.829166412,-3.381999969,1,1
8.952336311,7.952336311,400.292175293,36.804164886,3.486999989,1,1
8.962141514,7.962141514,400.149169922,-9.899999619,-4.047999859,1,1
8.972355843,7.972355843,400.297210693,-5.683333397,4.032999992,1,1
8.982069016,7.982069016,400.230407715,21.174999237,0.675999999,1,1
8.992403746,7.992403746,400.206909180,-38.729164124,-3.105000019,1,1
9.002056837,8.002056837,400.202880859,25.712501526,3.851999998,1,1
9.012364388,8.012364388,400.101165771,-6.187500000,-3.851000071,1,1
9.022081852,8.022081852,400.259613037,-6.875000000,4.100999832,1,1
9.032322168,8.032322168,400.258605957,28.737499237,3.398000002,1,1
9.042208672,8.042208672,400.182067871,-35.566665649,-3.743000031,1,1
9.052418947,8.052418947,400.348571777,18.654167175,3.941999912,1,1
9.062131643,8.062131643,400.143127441,-8.891666412,-4.192999840,1,1
9.072339296,8.072339296,400.372406006,5.041666985,3.990999937,1,1
9.082089663,8.082089663,400.123992920,-0.458333343,-4.150000095,1,1
9.092383385,8.092383385,400.426788330,-0.320833325,4.172999859,1,1
9.102105141,8.102105141,400.281433105,21.495832443,-0.071000002,1,1
9.112364531,8.112364531,400.214630127,-35.245834351,-3.301000118,1,1
9.122163296,8.122163296,400.328430176,29.379167557,3.868999958,1,1
9.132437229,8.132437229,400.165954590,-15.079166412,-3.900000095,1,1
9.142186880,8.142186880,400.349243164,3.712500095,4.147999763,1,1
9.152402878,8.152402878,400.084381104,-0.137500003,-3.785000086,1,1
9.162123680,8.162123680,400.160919189,-20.625000000,-0.256000012,1,1
9.172369003,8.172369003,400.201538086,18.654167175,3.858000040,1,1
9.182045937,8.182045937,400.150848389,12.787500381,-4.050000191,1,1
9.192367077,8.192367077,400.147155762,-16.270832062,-3.894999981,1,1
9.202141047,8.202141047,400.218658447,-12.237499237,3.923000097,1,1
9.212469578,8.212469578,400.214630127,25.208333969,3.203000069,1,1
9.222194910,8.222194910,400.124328613,-12.879166603,-4.008999825,1,1
9.232385635,8.232385635,400.210601807,-15.904166222,4.078000069,1,1
9.242151976,8.242151976,400.131713867,28.049999237,3.529999971,1,1
9.252409935,8.252409935,400.016906738,-38.729164124,-3.904999971,1,1
9.262039423,8.262039423,400.154205322,4.904166698,3.957000017,1,1
9.272391558,8.272391558,400.047790527,17.462499619,-1.725999951,1,1
9.282066107,8.282066107,400.025970459,-26.995832443,-3.875000000,1,1
9.292393923,8.292393923,400.193481445,9.579166412,3.898999929,1,1
9.302172184,8.302172184,400.105865479,16.820833206,-3.976000071,1,1
9.312381744,8.312381744,400.157226562,-26.812500000,-3.322000027,1,1
9.322223186,8.322223186,400.222686768,28.875000000,3.510999918,1,1
9.332396269,8.332396269,400.068267822,-16.408332825,-3.938999891,1,1
9.342126608,8.342126608,400.193481445,-15.904166222,4.334000111,1,1
9.352425337,8.352425337,400.192138672,31.258333206,1.879999995,1,1
9.362188339,8.362188339,400.147827148,-20.304166794,-3.792000055,1,1
9.372360229,8.372360229,400.268676758,-0.000000000,3.941999912,1,1
9.382153034,8.382153034,400.202880859,19.845832825,0.537000000,1,1
9.392470360,8.392470360,400.153869629,-26.491666794,-3.683000088,1,1
9.402156353,8.402156353,400.340515137,17.645832062,3.967000008,1,1
9.412400723,8.412400723,400.178710938,0.870833337,-4.072999954,1,1
9.422118902,8.422118902,400.321044922,-11.916666985,4.203999996,1,1
9.432483196,8.432483196,400.207244873,22.687500000,-3.375999928,1,1
9.442070961,8.442070961,400.296875000,-22.641666412,-2.615999937,1,1
9.452408075,8.452408075,400.445251465,31.075000763,3.566999912,1,1
9.462241888,8.462241888,400.295532227,-12.375000000,-3.895999908,1,1
9.472332954,8.472332954,400.401947021,-12.237499237,4.136000156,1,1
9.482108116,8.482108116,400.351257324,28.875000000,3.286999941,1,1
9.492414951,8.492414951,400.220672607,-39.920833588,-3.671999931,1,1
9.502208471,8.502208471,400.393890381,21.174999237,3.999000072,1,1
9.512409210,8.512409210,400.161254883,-17.600000381,-3.746999979,1,1
9.522113323,8.522113323,400.366699219,2.704166651,4.020999908,1,1
9.532361984,8.532361984,400.264312744,14.299999237,-4.111999989,1,1
9.542123556,8.542123556,400.284118652,-27.500000000,-3.423000097,1,1
9.552350998,8.552350998,400.383148193,32.908332825,3.674000025,1,1
9.562165260,8.562165260,400.211273193,-18.791667938,-3.960000038,1,1
9.572362423,8.572362423,400.354278564,-4.858333111,4.094999790,1,1
9.582079411,8.582079411,400.258605957,17.325000763,-1.799999952,1,1
9.592382193,8.592382193,400.341857910,-27.179166794,0.071999997,1,1
9.602150679,8.602150679,400.330444336,36.804164886,0.150999993,1,1
9.612410784,8.612410784,400.339843750,-12.054166794,-3.957000017,1,1
9.622040272,8.622040272,400.319702148,-27.179166794,-3.571000099,1,1
9.632326603,8.632326603,400.370056152,1.695833325,4.034999847,1,1
9.642205000,8.642205000,400.318359375,25.712501526,3.627000093,1,1
9.652357817,8.652357817,400.230743408,-3.162499905,-3.816999912,1,1
9.662246704,8.662246704,400.340850830,-16.591667175,0.555999994,1,1
9.672403097,8.672403097,400.366699219,30.570833206,3.632999897,1,1
9.682186365,8.682186365,400.229736328,-22.458333969,-3.819999933,1,1
9.692511320,8.692511320,400.334808350,-17.279167175,4.355999947,1,1
9.702080011,8.702080011,400.340179443,39.783332825,3.619999886,1,1
9.712376118,8.712376118,400.233764648,-26.995832443,-3.546000004,1,1
9.722189188,8.722189188,400.353271484,-3.666666746,3.890000105,1,1
9.732367039,8.732367039,400.375762939,36.299999237,3.280999899,1,1
9.742117405,8.742117405,400.303588867,-26.812500000,-3.756000042,1,1
9.752414465,8.752414465,400.464385986,13.108333588,3.890000105,1,1
9.762094498,8.762094498,400.326080322,9.074999809,-4.255000114,1,1
9.772369385,8.772369385,400.353942871,-34.054164886,-3.542000055,1,1
9.782310247,8.782310247,400.403961182,21.495832443,3.825999975,1,1
9.792320013,8.792320013,400.269348145,-1.466666698,-4.000999928,1,1
9.802068949,8.802068949,400.298217773,-23.650001526,-3.562999964,1,1
9.812430859,8.812430859,400.395904541,13.429166794,3.927000046,1,1
9.822184324,8.822184324,400.326416016,18.333332062,-4.184999943,1,1
9.832544088,8.832544088,400.374755859,-29.700000763,-3.447999954,1,1
9.842182875,8.842182875,400.463714600,32.266666412,3.595000029,1,1
9.852381468,8.852381468,400.292846680,-16.774999619,-3.865999937,1,1
9.862102509,8.862102509,400.412017822,-7.883333206,3.901999950,1,1
9.872401953,8.872401953,400.379455566,32.770835876,3.474999905,1,1
9.882073402,8.882073402,400.239807129,-33.870834351,-3.627000093,1,1
9.892384768,8.892384768,400.393218994,7.058333397,4.040999889,1,1
9.902092934,8.902092934,400.245178223,8.937500000,-3.918999910,1,1
9.912338734,8.912338734,400.274047852,-27.820833206,-3.355999947,1,1
9.922128201,8.922128201,400.379791260,36.941665649,3.654000044,1,1
9.932369471,8.932369471,400.194488525,-29.700000763,-4.063000202,1,1
9.942107677,8.942107677,400.446929932,22.366666794,3.588000059,1,1
9.952402592,8.952402592,400.201873779,-11.733333588,-4.031000137,1,1
9.962227821,8.962227821,400.303588867,-13.566666603,4.076000214,1,1
9.972404480,8.972404480,400.275390625,28.737499237,3.558000088,1,1
9.982118845,8.982118845,400.155548096,-32.541664124,-3.680999994,1,1
9.992427588,8.992427588,400.303588867,13.933333397,3.854000092,1,1
10.002198219,9.002198219,400.148162842,3.529166698,-4.104000092,1,1
10.012373686,9.012373686,400.188446045,-28.004167557,-0.126000002,1,1
10.022226095,9.022226095,400.170654297,30.387500763,3.206000090,1,1
10.032393932,9.032393932,400.101837158,-35.566665649,-3.098999977,1,1
10.042176485,9.042176485,400.044097900,22.687500000,3.665999889,1,1
10.052489996,9.052489996,399.984344482,-30.204166412,-3.763999939,1,1
10.062165499,9.062165499,400.165954590,14.299999237,3.861999989,1,1
10.072326183,9.072326183,400.038055420,4.216666698,-3.918999910,1,1
10.082093239,9.082093239,400.103179932,-27.683332443,-3.207000017,1,1
10.092479229,9.092479229,400.197509766,21.495832443,3.642999887,1,1
10.102113485,9.102113485,400.028656006,-9.395833969,-3.808000088,1,1
10.112385035,9.112385035,400.187438965,-9.533333778,4.011000156,1,1
10.122153759,9.122153759,400.153533936,33.091667175,3.354000092,1,1
10.132465363,9.132465363,400.090759277,-23.650001526,-3.631000042,1,1
10.142121553,9.142121553,400.204895020,-1.650000095,3.993999958,1,1
10.152301311,9.152301311,400.207916260,29.562500000,3.460999966,1,1
10.162093639,9.162093639,400.113250732,-24.979166031,-3.654999971,1,1
10.172378540,9.172378540,400.268005371,10.449999809,3.941999912,1,1
10.182170630,9.182170630,400.131713867,11.779166222,-4.307000160,1,1
10.192397833,9.192397833,400.181732178,-31.212501526,-3.359999895,1,1
10.202342987,9.202342987,400.270019531,35.933334351,3.681999922,1,1
10.212436676,9.212436676,400.142456055,-1.833333373,-4.123000145,1,1
10.222157478,9.222157478,400.266662598,-16.270832062,4.309000015,1,1
10.232499838,9.232499838,400.249542236,28.370832443,3.341000080,1,1
10.242156506,9.242156506,400.151855469,-12.879166603,-3.821000099,1,1
10.252449751,9.252449751,400.198852539,-21.129167557,2.384000063,1,1
10.262087584,9.262087584,400.181060791,30.250000000,3.460999966,1,1
10.272404909,9.272404909,400.086395264,-32.862499237,-3.687000036,1,1
10.282094955,9.282094955,400.203887939,9.579166412,3.960999966,1,1
10.292414665,9.292414665,400.033355713,4.537499905,-3.891000032,1,1
10.302093029,9.302093029,400.063232422,-32.220832825,-1.712000012,1,1
10.312288523,9.312288523,400.109558105,25.025001526,3.706000090,1,1
10.322127581,9.322127581,399.974273682,-1.145833254,-3.851000071,1,1
10.332350969,9.332350969,400.001129150,-26.491666794,-3.536999941,1,1
10.342129707,9.342129707,400.149505615,33.779167175,3.658999920,1,1
10.352383137,9.352383137,400.018249512,-8.891666412,-3.871999979,1,1
10.362086773,9.362086773,400.198852539,-3.483333349,4.189000130,1,1
10.372312307,9.372312307,400.111236572,22.504167557,-1.830999970,1,1
10.382074833,9.382074833,400.208587646,-24.154167175,0.640999973,1,1
10.392340183,9.392340183,400.187438965,32.587501526,3.538000107,1,1
10.402076721,9.402076721,400.076660156,-29.195833206,-3.749000072,1,1
10.412332773,9.412332773,400.231079102,11.274999619,3.801000118,1,1
10.422081947,9.422081947,400.104522705,9.579166412,-3.845999956,1,1
10.432400227,9.432400227,400.124328613,-26.308332443,-3.430999994,1,1
10.442183018,9.442183018,400.201873779,30.066667557,3.782999992,1,1
10.452375889,9.452375889,400.021606445,-23.329166412,-3.799999952,1,1
10.462086201,9.462086201,400.232757568,11.962499619,3.921000004,1,1
10.472311974,9.472311974,400.003814697,-6.370833397,-4.081999779,1,1
10.482120037,9.482120037,400.276062012,2.200000048,4.058000088,1,1
10.492360115,9.492360115,400.148834229,10.266666412,-4.091000080,1,1
10.502184629,9.502184629,400.150848389,-31.533332825,-3.510999918,1,1
10.512382746,9.512382746,400.223022461,28.370832443,3.345000029,1,1
10.522237301,9.522237301,400.051147461,-21.129167557,-3.723999977,1,1
10.532410622,9.532410622,400.219329834,4.400000095,4.025000095,1,1
10.542157650,9.542157650,399.931304932,-3.483333349,-3.994999886,1,1
10.552454233,9.552454233,400.063568115,-14.070833206,4.110000134,1,1
10.562177181,9.562177181,400.018585205,29.745832443,3.536000013,1,1
10.572329998,9.572329998,399.971588135,-3.666666746,-3.854000092,1,1
10.582167149,9.582167149,400.005828857,-25.804166794,-3.743999958,1,1
10.592396021,9.592396021,400.059204102,-6.370833397,3.901999950,1,1
10.602124453,9.602124453,400.088409424,26.216667175,3.740000010,1,1
10.612312794,9.612312794,399.924926758,-8.524999619,-3.859999895,1,1
10.622141361,9.622141361,400.022277832,-17.279167175,4.047999859,1,1
10.632339954,9.632339954,399.948089600,28.737499237,3.438999891,1,1
10.642095089,9.642095089,399.834625244,-38.408332825,-3.582999945,1,1
10.652493238,9.652493238,399.961181641,1.879166722,4.052000046,1,1
10.662079811,9.662079811,399.961517334,28.737499237,3.651000023,1,1
10.672359705,9.672359705,399.877258301,-11.412500381,-4.000999928,1,1
10.682153463,9.682153463,399.978973389,-14.391666412,3.628000021,1,1
10.692473412,9.692473412,399.959503174,35.291664124,3.401000023,1,1
10.702215672,9.702215672,399.872894287,-29.837501526,-3.852999926,1,1
10.712342501,9.712342501,400.049468994,16.133333206,3.746000051,1,1
10.722163439,9.722163439,399.939697266,10.083333969,-4.309000015,1,1
10.732341051,9.732341051,399.999114990,-29.195833206,-3.243999958,1,1
10.742096901,9.742096901,400.098815918,29.883333206,3.588000059,1,1
10.752387524,9.752387524,399.946411133,-5.866666794,-4.105999947,1,1
10.762024641,9.762024641,400.066253662,-13.062500000,4.236999989,1,1
10.772373438,9.772373438,400.041076660,27.545833588,3.282000065,1,1
10.782062292,9.782062292,399.952117920,-27.500000000,-3.743000031,1,1
10.792415142,9.792415142,400.107208252,13.612499237,3.819000006,1,1
10.802131414,9.802131414,399.955474854,4.720833302,-3.992000103,1,1
10.812290907,9.812290907,399.982666016,-30.020833969,-3.194999933,1,1
10.822036266,9.822036266,400.048126221,33.275001526,3.711999893,1,1
10.832318306,9.832318306,399.851745605,-41.754165649,-3.519000053,1,1
10.842035532,9.842035532,399.972259521,18.975000381,3.573999882,1,1
10.852286816,9.852286816,399.868194580,3.391666651,-3.880000114,1,1
10.862059355,9.862059355,399.892700195,-25.987499237,-3.220999956,1,1
10.872352600,9.872352600,399.999786377,35.795833588,3.776000023,1,1
10.882116795,9.882116795,399.825225830,-32.220832825,-3.892999887,1,1
10.892337084,9.892337084,400.087402344,29.562500000,3.743000031,1,1
10.902108431,9.902108431,399.813476562,-34.558334351,-3.937999964,1,1
10.912450314,9.912450314,400.074645996,20.991666794,4.072999954,1,1
10.922068357,9.922068357,399.965545654,5.912500381,-4.091000080,1,1
10.932414055,9.932414055,399.932647705,-31.349998474,-3.592000008,1,1
10.942162991,9.942162991,399.997436523,29.562500000,3.887000084,1,1
10.952579021,9.952579021,399.851409912,-18.287500381,-3.815000057,1,1
10.962183714,9.962183714,399.984344482,-5.362500191,3.974999905,1,1
10.972322941,9.972322941,399.958496094,29.562500000,3.411999941,1,1
10.982080936,9.982080936,399.875915527,-34.054164886,-3.516999960,1,1
10.992455721,9.992455721,399.991058350,42.808334351,3.719000101,1,1
11.002138376,10.002138376,399.875244141,-11.549999237,-4.076000214,1,1
11.012289762,10.012289762,399.933319092,-12.375000000,4.385000229,1,1
11.022112131,10.022112131,399.874572754,32.770835876,3.460999966,1,1
11.032305479,10.032305479,399.803741455,-13.566666603,-3.704999924,1,1
11.042063475,10.042063475,399.844024658,-25.483333588,-1.827999949,1,1
11.052308798,10.052308798,399.972930908,32.587501526,3.637000084,1,1
11.062155485,10.062155485,399.859466553,-6.875000000,-3.842000008,1,1
11.072280407,10.072280407,400.033691406,-8.524999619,3.934999943,1,1
11.082133293,10.082133293,400.020599365,31.762500763,3.490000010,1,1
11.092381716,10.092381716,399.934661865,-17.095832825,-3.926000118,1,1
11.102098703,10.102098703,399.983337402,-14.758333206,4.028999805,1,1
11.112334251,10.112334251,399.986358643,34.604164124,3.459000111,1,1
11.122099161,10.122099161,399.908813477,-25.162498474,-3.364000082,1,1
11.132362604,10.132362604,400.060546875,10.266666412,3.926000118,1,1
11.142146826,10.142146826,399.926269531,10.770833969,-4.198999882,1,1
11.152442217,10.152442217,399.969573975,-27.683332443,-3.346999884,1,1
11.162179947,10.162179947,400.044433594,30.250000000,3.493000031,1,1
11.172400951,10.172400951,399.900421143,-5.500000000,-3.864000082,1,1
11.182062387,10.182062387,399.998107910,-17.279167175,4.125000000,1,1
11.192381144,10.192381144,399.990386963,31.900001526,3.513000011,1,1
11.202218056,10.202218056,399.885986328,-29.195833206,-3.726999998,1,1
11.212445259,10.212445259,400.028991699,8.937500000,3.868999958,1,1
11.222216606,10.222216606,399.901092529,11.458333015,-3.989000082,1,1
11.232397318,10.232397318,399.931976318,-26.491666794,-3.489000082,1,1
11.242089033,10.242089033,400.004486084,30.250000000,3.885999918,1,1
11.252361536,10.252361536,399.845703125,-19.937500000,-3.747999907,1,1
11.262089968,10.262089968,399.968902588,-13.062500000,4.065000057,1,1
11.272380590,10.272380590,399.980316162,35.795833588,3.526999950,1,1
11.282140017,10.282140017,399.896057129,-25.666666031,-3.630000114,1,1
11.292392254,10.292392254,400.077667236,15.950000763,3.914000034,1,1
11.302182198,10.302182198,399.963195801,9.579166412,-4.019999981,1,1
11.312368155,10.312368155,399.997100830,-31.212501526,-3.382999897,1,1
11.322229624,10.322229624,400.067932129,32.770835876,3.890000105,1,1
11.332334518,10.332334518,399.897399902,-31.212501526,-3.388000011,1,1
11.342060804,10.342060804,400.066925049,27.545833588,4.142000198,1,1
11.352433205,10.352433205,399.770843506,-22.458333969,-3.785000086,1,1
11.362098455,10.362098455,399.911163330,2.704166651,3.871000051,1,1
11.372364521,10.372364521,399.825897217,14.620833397,-2.444000006,1,1
11.382089853,10.382089853,399.855773926,-27.500000000,-3.348000050,1,1
11.392377377,10.392377377,399.970916748,36.804164886,3.644999981,1,1
11.402112722,10.402112722,399.802734375,-25.666666031,-4.039000034,1,1
11.412570477,10.412570477,400.050140381,20.991666794,3.664999962,1,1
11.422125101,10.422125101,399.828918457,-20.625000000,-3.644000053,1,1
11.432337999,10.432337999,400.010864258,-3.162499905,4.236999989,1,1
11.442259550,10.442259550,399.765136719,-2.841666698,-4.008999825,1,1
11.452329159,10.452329159,399.896392822,-8.708333969,3.964999914,1,1
11.462062597,10.462062597,399.895050049,30.066667557,3.306999922,1,1
11.472311497,10.472311497,399.798370361,-38.087501526,-4.078000069,1,1
11.482122183,10.482122183,399.879943848,10.954166412,3.895999908,1,1
11.492349148,10.492349148,399.653350830,5.912500381,-3.892999887,1,1
11.502259254,10.502259254,399.664428711,-32.724998474,-3.128999949,1,1
11.512386084,10.512386084,399.762451172,33.916664124,3.657999992,1,1
11.522104263,10.522104263,399.667114258,3.895833254,-3.895999908,1,1
11.532330275,10.532330275,399.832946777,-15.399999619,3.957000017,1,1
11.542036772,10.542036772,399.830932617,20.854167938,3.614000082,1,1
11.552297592,10.552297592,399.689270020,-6.004166603,-3.846999884,1,1
11.562080622,10.562080622,399.825225830,-14.254166603,3.966000080,1,1
11.572358608,10.572358608,399.800720215,30.250000000,3.404000044,1,1
11.582064629,10.582064629,399.748352051,-25.666666031,-3.792000055,1,1
11.592411757,10.592411757,399.919555664,15.125000000,3.855999947,1,1
11.602096319,10.602096319,399.795349121,9.258333206,-4.079999924,1,1
11.612331867,10.612331867,399.860809326,-31.212501526,-3.339999914,1,1
11.622024775,10.622024775,399.936676025,9.945833206,3.904000044,1,1
11.632388115,10.632388115,399.883300781,24.383333206,0.170000002,1,1
11.642108917,10.642108917,399.835632324,-25.162498474,-3.573999882,1,1
11.652277231,10.652277231,399.976287842,0.366666675,3.835000038,1,1
11.662069559,10.662069559,399.945068359,27.866666794,3.591000080,1,1
11.672312737,10.672312737,399.827575684,-37.720832825,-3.634999990,1,1
11.682153940,10.682153940,399.965881348,10.954166412,3.937999964,1,1
11.692293406,10.692293406,399.798034668,3.025000095,-4.039000034,1,1
11.702047825,10.702047825,399.905120850,-21.954166412,-2.796000004,1,1
11.712314367,10.712314367,399.995422363,11.595833778,3.878000021,1,1
11.722073793,10.722073793,399.950103760,20.166667938,-0.293000013,1,1
11.732414722,10.732414722,399.907470703,-27.316667557,-3.684999943,1,1
11.742087603,10.742087603,400.040740967,19.341667175,3.868000031,1,1
11.752293825,10.752293825,399.870544434,-6.370833397,-4.070000172,1,1
11.762054205,10.762054205,400.115264893,4.216666698,4.020999908,1,1
11.772366762,10.772366762,399.888671875,-3.483333349,-3.953000069,1,1
11.782047987,10.782047987,400.130706787,3.895833254,4.112999916,1,1
11.792366266,10.792366266,399.905120850,5.224999905,-3.946000099,1,1
11.802186251,10.802186251,399.870208740,-27.500000000,-3.444999933,1,1
11.812313795,10.812313795,399.996093750,18.975000381,3.690000057,1,1
11.822061062,10.822061062,399.855773926,-4.354166985,-3.776999950,1,1
11.832308531,10.832308531,400.051818848,-1.970833302,3.907999992,1,1
11.842082977,10.842082977,399.928619385,14.941666603,-4.307000160,1,1
11.852255583,10.852255583,400.064575195,-15.079166412,4.263999939,1,1
11.862076998,10.862076998,399.917541504,15.950000763,-4.079999924,1,1
11.872374773,10.872374773,400.047454834,-21.816667557,4.080999851,1,1
11.882050991,10.882050991,399.963867188,22.870832443,0.119000003,1,1
11.892325163,10.892325163,399.897399902,-29.516666412,-3.503000021,1,1
11.902056456,10.902056456,400.083038330,37.629165649,3.677999973,1,1
11.912290335,10.912290335,399.917541504,-24.154167175,-3.838999987,1,1
11.922062159,10.922062159,400.156890869,25.529167175,3.788000107,1,1
11.932337761,10.932337761,399.899078369,-24.658332825,-3.681999922,1,1
11.942038536,10.942038536,400.164611816,31.762500763,3.747999907,1,1
11.952268600,10.952268600,399.911163330,-27.820833206,-3.756999969,1,1
11.962059975,10.962059975,400.162597656,10.449999809,3.885999918,1,1
11.972299099,10.972299099,400.143798828,26.033332825,3.806999922,1,1
11.982072115,10.982072115,400.105865479,8.937500000,-3.848999977,1,1
11.992346525,10.992346525,400.085388184,-21.633333206,-3.855999947,1,1
12.002091169,11.002091169,400.262298584,10.587499619,4.078000069,1,1
12.012299776,11.012299776,400.138427734,13.612499237,-4.353000164,1,1
12.022119284,11.022119284,400.189453125,-33.366664886,-3.473999977,1,1
12.032323360,11.032323360,400.287475586,36.941665649,3.516000032,1,1
12.042099953,11.042099953,400.148498535,-9.212499619,-3.980999947,1,1
12.052263021,11.052263021,400.272705078,-17.920833588,2.203999996,1,1
12.062081814,11.062081814,400.269012451,15.629166603,3.867000103,1,1
12.072318316,11.072318316,400.206909180,18.333332062,0.202000007,1,1
12.082102776,11.082102776,400.114257812,-26.308332443,-3.638999939,1,1
12.092311621,11.092311621,400.247528076,7.745833397,3.753999949,1,1
12.102092028,11.102092028,400.049468994,3.529166698,-3.885999918,1,1
12.112293959,11.112293959,400.100830078,-25.666666031,-3.147000074,1,1
12.122097969,11.122097969,400.182067871,31.900001526,3.599999905,1,1
12.132344007,11.132344007,400.031005859,-5.179166794,-3.789000034,1,1
12.142140150,11.142140150,400.154205322,-13.887500763,4.116000175,1,1
12.152352810,11.152352810,400.158569336,36.941665649,3.440000057,1,1
12.162069798,11.162069798,400.056854248,-30.020833969,-3.730999947,1,1
12.172314644,11.172314644,400.222015381,10.770833969,3.733000040,1,1
12.182175398,11.182175398,400.098144531,11.962499619,-3.887000084,1,1
12.192421436,11.192421436,400.162933350,-25.483333588,-3.352999926,1,1
12.202167511,11.202167511,400.253906250,32.908332825,3.525000095,1,1
12.212357759,11.212357759,400.092102051,-17.095832825,-3.783999920,1,1
12.222055197,11.222055197,400.213287354,-15.079166412,3.984999895,1,1
12.232309103,11.232309103,400.220672607,29.883333206,3.309000015,1,1
12.242061377,11.242061377,400.106201172,-28.325000763,-3.660000086,1,1
12.252279997,11.252279997,400.249542236,12.100000381,3.696000099,1,1
12.262065649,11.262065649,400.109893799,8.570833206,-3.874000072,1,1
12.272321701,11.272321701,400.118957520,-28.004167557,-3.247999907,1,1
12.282066107,11.282066107,400.168304443,36.620834351,3.407999992,1,1
12.292302370,11.292302370,400.002471924,-46.291667938,-3.789000034,1,1
12.302059889,11.302059889,400.192810059,46.199996948,3.602999926,1,1
12.312322378,11.312322378,399.974273682,-46.979167938,-3.658999920,1,1
12.322042704,11.322042704,400.100158691,26.216667175,3.512000084,1,1
12.332305193,11.332305193,399.889678955,-16.912500381,-3.950000048,1,1
12.342026234,11.342026234,399.981658936,-10.037500381,4.005000114,1,1
12.352278709,11.352278709,399.939361572,30.570833206,3.539999962,1,1
12.362131357,11.362131357,399.833282471,-37.583335876,-3.526000023,1,1
12.372333288,11.372333288,400.020935059,29.241666794,3.628999949,1,1
12.382089853,11.382089853,399.831604004,-26.170833588,-3.711999893,1,1
12.392324209,11.392324209,400.088073730,14.299999237,3.755000114,1,1
12.402028561,11.402028561,399.993072510,11.091666222,-4.170000076,1,1
12.412353516,11.412353516,400.022949219,-28.691667557,-3.444000006,1,1
12.422048807,11.422048807,400.151519775,37.766666412,3.667999983,1,1
12.432514429,11.432514429,400.004150391,-3.345833302,-4.078000069,1,1
12.442229986,11.442229986,400.096801758,-19.616666794,0.048999999,1,1
12.452317238,11.452317238,400.121643066,24.016666412,3.720000029,1,1
12.462034225,11.462034225,399.977966309,-1.833333373,-3.740999937,1,1
12.472309589,11.472309589,400.053497314,-21.954166412,0.043000001,1,1
12.482059717,11.482059717,400.087402344,30.387500763,3.278000116,1,1
12.492312193,11.492312193,400.046783447,10.770833969,-3.835000038,1,1
12.502102852,11.502102852,400.038391113,-20.120832443,-3.730000019,1,1
12.512330770,11.512330770,400.131042480,-11.412500381,4.335000038,1,1
12.522208452,11.522208452,400.125671387,38.270835876,3.565999985,1,1
12.532283783,11.532283783,400.029327393,-35.062500000,-3.532999992,1,1
12.542035818,11.542035818,400.176361084,10.083333969,3.809000015,1,1
12.552311897,11.552311897,400.042755127,10.954166412,-3.868999958,1,1
12.562102795,11.562102795,400.105529785,-26.812500000,-3.078999996,1,1
12.572347641,11.572347641,400.176361084,23.375000000,3.733999968,1,1
12.582094908,11.582094908,400.036376953,-1.650000095,-3.732000113,1,1
12.592346907,11.592346907,400.072631836,-24.979166031,-3.683000088,1,1
12.602098227,11.602098227,400.179718018,14.116666794,3.920000076,1,1
12.612319946,11.612319946,400.107879639,18.470832825,-3.920000076,1,1
12.622093678,11.622093678,400.169982910,-28.691667557,-3.444999933,1,1
12.632428408,11.632428408,400.255249023,32.404167175,3.576999903,1,1
12.642126322,11.642126322,400.096130371,-14.758333206,-3.776999950,1,1
12.652341843,11.652341843,400.232086182,-18.929166794,4.184999943,1,1
12.662077904,11.662077904,400.206573486,30.570833206,3.526000023,1,1
12.672380686,11.672380686,400.090759277,-27.500000000,-3.773999929,1,1
12.682114840,11.682114840,400.229400635,7.929166794,3.686000109,1,1
12.692445993,11.692445993,400.084045410,9.441666603,-3.930000067,1,1
12.702152252,11.702152252,400.095794678,-29.195833206,-3.263000011,1,1
12.712366104,11.712366104,400.165283203,33.412498474,3.562000036,1,1
12.722107410,11.722107410,400.011871338,-15.766666412,-3.970999956,1,1
12.732814312,11.732814312,400.164276123,-3.849999905,3.986000061,1,1
12.742109537,11.742109537,400.091430664,27.362499237,-3.848999977,1,1
12.752382278,11.752382278,400.187103271,-25.987499237,-0.340999991,1,1
12.762127399,11.762127399,400.233764648,23.191667557,3.540999889,1,1
12.772394180,11.772394180,400.021942139,-18.791667938,-3.858999968,1,1
12.782026052,11.782026052,400.134063721,-8.891666412,4.304999828,1,1
12.792460203,11.792460203,400.086059570,26.216667175,3.023999929,1,1
12.802032948,11.802032948,399.985015869,-39.233333588,-3.657000065,1,1
12.812332630,11.812332630,400.154541016,31.395833969,3.635999918,1,1
12.822055340,11.822055340,399.956817627,-19.295833588,-3.964999914,1,1
12.832337141,11.832337141,400.167297363,6.737500191,3.789000034,1,1
12.842064857,11.842064857,399.954803467,-4.858333111,-4.162000179,1,1
12.852495909,11.852495909,400.133056641,-2.979166746,4.309999943,1,1
12.862106562,11.862106562,400.074310303,21.174999237,0.008000000,1,1
12.872371435,11.872371435,400.040069580,-31.854166031,-3.223000050,1,1
12.882107258,11.882107258,400.104187012,41.662498474,3.046999931,1,1
12.892321587,11.892321587,400.018585205,-36.575000763,-3.155999899,1,1
12.902016878,11.902016878,400.123657227,33.595832825,3.654999971,1,1
12.912374496,11.912374496,399.965545654,-10.037500381,-3.828999996,1,1
12.922086954,11.922086954,400.077667236,-18.287500381,0.079999998,1,1
12.932363033,11.932363033,400.153533936,14.116666794,3.696000099,1,1
12.942064285,11.942064285,400.157562256,27.866666794,3.503999949,1,1
12.952414513,11.952414513,400.066589355,-14.070833206,-3.898999929,1,1
12.962180614,11.962180614,400.150512695,-16.591667175,1.082000017,1,1
12.972445726,11.972445726,400.173004150,27.866666794,3.779000044,1,1
12.982091904,11.982091904,400.064239502,-9.395833969,-3.890000105,1,1
12.992366314,11.992366314,400.221343994,-10.220833778,3.986999989,1,1
13.002124786,12.002124786,400.205566406,31.762500763,3.543999910,1,1
13.012401342,12.012401342,400.082031250,-25.987499237,-3.825999975,1,1
13.022113800,12.022113800,400.218994141,2.887499809,3.766000032,1,1
13.032378912,12.032378912,400.128692627,19.662500381,-1.394999981,1,1
13.042115688,12.042115688,400.092437744,-26.308332443,-3.809999943,1,1
13.052329540,12.052329540,400.211608887,6.920833111,3.845000029,1,1
13.062170982,12.062170982,400.050811768,9.258333206,-3.976000071,1,1
13.072400331,12.072400331,400.105194092,-26.491666794,-3.207999945,1,1
13.082097530,12.082097530,400.194152832,33.916664124,3.651999950,1,1
13.092428446,12.092428446,400.050140381,-9.395833969,-3.846999884,1,1
13.102093697,12.102093697,400.195495605,-9.395833969,4.225999832,1,1
13.112385035,12.112385035,400.202209473,23.191667557,3.338999987,1,1
13.122113705,12.122113705,400.119964600,-3.162499905,-4.052999973,1,1
13.132371426,12.132371426,400.200866699,-19.616666794,4.111999989,1,1
13.142168283,12.142168283,400.134063721,29.562500000,3.571000099,1,1
13.152352810,12.152352810,400.037719727,-35.887500763,-3.538000107,1,1
13.162128448,12.162128448,400.186767578,12.924999237,3.799999952,1,1
13.172369003,12.172369003,400.044097900,5.729166508,-3.875000000,1,1
13.182138920,12.182138920,400.076660156,-31.212501526,-0.508000016,1,1
13.192441702,12.192441702,400.094787598,29.379167557,3.210999966,1,1
13.202175617,12.202175617,399.975616455,-11.916666985,-4.046999931,1,1
13.212440252,12.212440252,400.093780518,-10.037500381,3.983999968,1,1
13.222236872,12.222236872,400.068267822,28.049999237,3.522000074,1,1
13.232331753,12.232331753,399.974609375,-35.750000000,-3.661000013,1,1
13.242154360,12.242154360,400.149841309,25.849998474,3.973999977,1,1
13.252444983,12.252444983,399.891357422,-24.979166031,-3.756999969,1,1
13.262201786,12.262201786,400.169982910,19.983333588,3.849999905,1,1
13.272377014,12.272377014,399.935668945,-15.399999619,-4.119999886,1,1
13.282159805,12.282159805,400.004150391,-13.383333206,4.367000103,1,1
13.292381763,12.292381763,399.976287842,28.554166794,3.434999943,1,1
13.302113056,12.302113056,399.856781006,-34.558334351,-3.618999958,1,1
13.312378168,12.312378168,400.008514404,13.429166794,4.054999828,1,1
13.322128773,12.322128773,399.843688965,-0.458333343,-3.928999901,1,1
13.332399368,12.332399368,400.011871338,-4.675000191,4.039999962,1,1
13.342226982,12.342226982,399.944061279,22.000000000,-2.385999918,1,1
13.352429390,12.352429390,400.059204102,-33.045833588,4.225999832,1,1
13.362110376,12.362110376,399.972259521,20.670833588,-0.011000000,1,1
13.372356415,12.372356415,399.963867188,-10.908333778,-3.803999901,1,1
13.382197618,12.382197618,399.982330322,-23.650001526,-3.515000105,1,1
13.392345667,12.392345667,400.050476074,4.216666698,3.890000105,1,1
13.402129889,12.402129889,399.903106689,14.116666794,-3.954999924,1,1
13.412456274,12.412456274,399.955474854,-26.812500000,-3.394999981,1,1
13.422098637,12.422098637,400.043090820,29.745832443,3.548000097,1,1
13.432440281,12.432440281,399.906463623,-11.045833588,-3.875999928,1,1
13.442161798,12.442161798,400.024291992,-20.120832443,2.980999947,1,1
13.452417135,12.452417135,400.021942139,18.470832825,3.894999981,1,1
13.462180376,12.462180376,399.900085449,-0.137500003,-3.736999989,1,1
13.472421885,12.472421885,399.910827637,-26.812500000,-3.115999937,1,1
13.482085466,12.482085466,400.022277832,24.200000763,3.612999916,1,1
13.492395163,12.492395163,399.837310791,-17.783332825,-3.765000105,1,1
13.502150774,12.502150774,399.964202881,-9.029166222,4.098000050,1,1
13.512485504,12.512485504,399.913513184,32.587501526,3.256999969,1,1
13.522147417,12.522147417,399.832611084,-35.887500763,-3.480000019,1,1
13.532377958,12.532377958,399.980987549,4.720833302,3.951999903,1,1
13.542081356,12.542081356,399.876922607,18.470832825,-4.263000011,1,1
13.552386999,12.552386999,399.907470703,-28.325000763,-3.365000010,1,1
13.562192678,12.562192678,400.029998779,29.058332443,3.622999907,1,1
13.572391987,12.572391987,399.900756836,-9.395833969,-3.855000019,1,1
13.582131386,12.582131386,400.044433594,-8.891666412,3.855999947,1,1
13.592530727,12.592530727,399.998443604,24.704166412,3.450999975,1,1
13.602159739,12.602159739,399.917877197,-30.341667175,-3.710999966,1,1
13.612411499,12.612411499,400.052154541,6.920833111,3.809000015,1,1
13.622192860,12.622192860,399.937683105,13.795833588,-4.271999836,1,1
13.632391453,12.632391453,399.933654785,-29.700000763,-3.548000097,1,1
13.642164230,12.642164230,400.023956299,26.033332825,3.650000095,1,1
13.652310848,12.652310848,399.854766846,-15.399999619,-3.740000010,1,1
13.662160158,12.662160158,399.981994629,-8.524999619,3.992000103,1,1
13.672379971,12.672379971,399.959838867,32.587501526,3.397000074,1,1
13.682088375,12.682088375,399.896728516,-32.220832825,-3.562999964,1,1
13.692408800,12.692408800,400.059204102,41.479164124,3.644999981,1,1
13.702069283,12.702069283,399.903106689,-39.233333588,-3.456000090,1,1
13.712378740,12.712378740,399.972595215,6.416666508,4.084000111,1,1
13.722106934,12.722106934,399.838317871,9.074999809,-3.897000074,1,1
13.732363224,12.732363224,399.846710205,-30.204166412,-3.236000061,1,1
13.742138624,12.742138624,399.935668945,34.604164124,3.868999958,1,1
13.752423763,12.752423763,399.749023438,-17.783332825,-4.010000229,1,1
13.762161732,12.762161732,399.949096680,10.449999809,4.079999924,1,1
13.772382498,12.772382498,399.758087158,-1.329166651,-4.013999939,1,1
13.782150507,12.782150507,399.936340332,-2.154166698,4.263000011,1,1
13.792469025,12.792469025,399.809783936,16.820833206,-4.361000061,1,1
13.802087784,12.802087784,399.912506104,-17.920833588,0.020000000,1,1
13.812439919,12.812439919,399.971252441,33.595832825,3.326999903,1,1
13.822097540,12.822097540,399.800048828,-42.625000000,-3.838000059,1,1
13.832381248,12.832381248,399.978302002,28.737499237,3.641999960,1,1
13.842168570,12.842168570,399.790649414,-8.204166412,-3.875000000,1,1
13.852340698,12.852340698,399.940704346,-9.395833969,4.315000057,1,1
13.862136126,12.862136126,399.934661865,39.141666412,3.436000109,1,1
13.872425079,12.872425079,399.885986328,-30.020833969,-3.684999943,1,1
13.882045507,12.882045507,400.032012939,2.887499809,3.894999981,1,1
13.892381668,12.892381668,399.979644775,19.662500381,3.459000111,1,1
13.902141809,12.902141809,399.914184570,4.400000095,-3.926000118,1,1
13.912414551,12.912414551,399.881622314,-26.170833588,-3.795000076,1,1
13.922192097,12.922192097,400.000793457,4.904166698,3.967999935,1,1
13.932415724,12.932415724,399.823211670,6.737500191,-3.934000015,1,1
13.942134857,12.942134857,399.844024658,-33.366664886,-3.168999910,1,1
13.952430010,12.952430010,399.918548584,35.933334351,3.588999987,1,1
13.962146521,12.962146521,399.778228760,-2.337500095,-3.829999924,1,1
13.972404242,12.972404242,399.903778076,-15.583333015,3.648999929,1,1
13.982062817,12.982062817,399.896728516,28.554166794,3.095000029,1,1
13.992459774,12.992459774,399.830261230,1.512500048,-3.884000063,1,1
14.002176762,13.002176762,399.886657715,-24.154167175,-3.289999962,1,1
14.012361050,13.012361050,400.018249512,27.224998474,3.634999990,1,1
14.022077084,13.022077084,399.872558594,-12.741666794,-3.961999893,1,1
14.032359362,13.032359362,400.026977539,-7.195833206,3.956000090,1,1
14.042114496,13.042114496,399.993743896,26.354166031,3.214999914,1,1
14.052322388,13.052322388,399.916534424,-27.820833206,-3.812999964,1,1
14.062110186,13.062110186,400.006500244,1.375000000,4.065000057,1,1
14.072364569,13.072364569,399.971588135,22.504167557,3.002000093,1,1
14.082136631,13.082136631,399.861816406,-20.120832443,-3.467000008,1,1
14.092384577,13.092384577,399.985687256,-2.979166746,4.060999870,1,1
14.102130890,13.102130890,399.933990479,28.049999237,1.705000043,1,1
14.112398863,13.112398863,399.864166260,-34.558334351,-3.753999949,1,1
14.122098207,13.122098207,400.041412354,40.287498474,3.476999998,1,1
14.132303238,13.132303238,399.858459473,-44.275001526,-3.515000105,1,1
14.142094374,13.142094374,400.037719727,34.283332825,3.546000004,1,1
14.152406693,13.152406693,399.951782227,-5.179166794,-4.080999851,1,1
14.162209511,13.162209511,400.106536865,-7.699999809,3.947999954,1,1
14.172394991,13.172394991,400.117279053,34.787498474,3.355999947,1,1
14.182149172,13.182149172,400.027648926,-35.383335114,-3.684999943,1,1
14.192395210,13.192395210,400.195831299,20.670833588,3.934000015,1,1
14.202116966,13.202116966,399.978637695,-15.583333015,-3.747999907,1,1
14.212310791,13.212310791,400.161926270,5.545833111,4.073999882,1,1
14.222168922,13.222168922,399.896392822,-11.549999237,-3.977999926,1,1
14.232435465,13.232435465,400.110900879,-2.658333302,4.083000183,1,1
14.242069244,13.242069244,400.076660156,24.016666412,2.319000006,1,1
14.252363205,13.252363205,399.968566895,-33.733333588,-3.730999947,1,1
14.262161732,13.262161732,400.116607666,16.316667557,3.821000099,1,1
14.272380352,13.272380352,399.977630615,4.033333302,-4.056000233,1,1
14.282148361,13.282148361,400.036376953,-22.137500763,-0.027000001,1,1
14.292503119,13.292503119,399.999786377,29.562500000,2.444000006,1,1
14.302130699,13.302130699,399.965881348,-23.329166412,-3.700999975,1,1
14.312429667,13.312429667,400.175018311,10.083333969,3.868000031,1,1
14.322135210,13.322135210,400.023956299,6.233333111,-3.732000113,1,1
14.332406282,13.332406282,399.961853027,-16.591667175,-3.743999958,1,1
14.342207193,13.342207193,400.011199951,-17.783332825,4.150000095,1,1
14.352485418,13.352485418,399.976623535,30.891666412,3.433000088,1,1
14.362178802,13.362178802,399.852081299,-36.758335114,-3.598999977,1,1
14.372370720,13.372370720,399.967895508,6.416666508,3.980000019,1,1
14.382092953,13.382092953,399.806427002,7.562500000,-4.153999805,1,1
14.392425537,13.392425537,399.831939697,-34.879165649,-3.171999931,1,1
14.402127743,13.402127743,399.875915527,31.762500763,3.757999897,1,1
14.412464857,13.412464857,399.812133789,9.945833206,-4.052999973,1,1
14.422141790,13.422141790,399.794342041,-25.804166794,-3.898000002,1,1
14.432355165,13.432355165,399.946746826,6.920833111,4.118999958,1,1
14.442134619,13.442134619,399.819519043,12.100000381,-4.146999836,1,1
14.452388525,13.452388525,399.888336182,-25.987499237,-3.204999924,1,1
14.462153673,13.462153673,399.991394043,32.908332825,3.717999935,1,1
14.472385645,13.472385645,399.874908447,-11.045833588,-4.076000214,1,1
14.482148409,13.482148409,400.061218262,-2.979166746,4.028999805,1,1
14.492297173,13.492297173,399.980987549,25.345832825,3.459000111,1,1
14.502173185,13.502173185,399.898406982,-11.733333588,-3.822000027,1,1
14.512418985,13.512418985,399.966217041,-16.408332825,1.203999996,1,1
14.522166491,13.522166491,399.988708496,27.729166031,3.407999992,1,1
14.532396317,13.532396317,399.875915527,-21.816667557,-3.743000031,1,1
14.542123318,13.542123318,400.038726807,8.570833206,3.740000010,1,1
14.552418470,13.552418470,399.871551514,4.904166698,-4.145999908,1,1
14.562131882,13.562131882,399.905792236,-25.666666031,-3.174999952,1,1
14.572378159,13.572378159,399.992065430,28.233333588,3.842999935,1,1
14.582133532,13.582133532,399.789978027,-24.979166031,-3.730000019,1,1
14.592364550,13.592364550,399.932983398,3.208333254,4.031000137,1,1
14.602185249,13.602185249,399.828582764,13.795833588,-3.986999989,1,1
14.612415075,13.612415075,399.912506104,-21.954166412,-1.450999975,1,1
14.622137308,13.622137308,399.989715576,33.916664124,3.654999971,1,1
14.632390976,13.632390976,399.821868896,-27.316667557,-3.973999977,1,1
14.642116308,13.642116308,400.070617676,22.870832443,3.890000105,1,1
14.652408123,13.652408123,399.872222900,-14.575000763,-3.812999964,1,1
14.662170172,13.662170172,400.021606445,-12.375000000,4.038000107,1,1
14.672368765,13.672368765,399.880279541,13.429166794,-4.223000050,1,1
14.682175159,13.682175159,399.893707275,-27.179166794,-3.375999928,1,1
14.692395210,13.692395210,400.001464844,32.266666412,3.812000036,1,1
14.702157021,13.702157021,399.866180420,-14.575000763,-3.940999985,1,1
14.712415934,13.712415934,400.049468994,1.375000000,3.828000069,1,1
14.722162247,13.722162247,399.865173340,2.200000048,-3.905999899,1,1
14.732357979,13.732357979,399.993408203,-13.062500000,4.315000057,1,1
14.742093801,13.742093801,399.825225830,9.441666603,-4.032999992,1,1
14.752390385,13.752390385,399.953796387,-19.616666794,4.280000210,1,1
14.762212276,13.762212276,399.834960938,16.637500763,-0.961000025,1,1
14.772455454,13.772455454,399.807434082,-34.054164886,-3.586999893,1,1
14.782178164,13.782178164,399.892700195,26.354166031,3.635999918,1,1
14.792407036,13.792407036,399.765136719,0.687500000,-3.812999964,1,1
14.802321672,13.802321672,399.787628174,-30.341667175,-3.355999947,1,1
14.812386274,13.812386274,399.876922607,32.083335876,3.756999969,1,1
14.822139740,13.822139740,399.725860596,-9.716666222,-3.848000050,1,1
14.832437515,13.832437515,399.857116699,-12.237499237,3.862999916,1,1
14.842179060,13.842179060,399.818847656,31.395833969,3.436000109,1,1
14.852376223,13.852376223,399.723846436,-20.304166794,-3.609999895,1,1
14.862188101,13.862188101,399.814819336,-5.683333397,3.946000099,1,1
14.872405767,13.872405767,399.846374512,22.366666794,3.680000067,1,1
14.882185459,13.882185459,399.651336670,-15.399999619,-3.687999964,1,1
14.892417669,13.892417669,399.756408691,-12.741666794,4.225999832,1,1
14.902086496,13.902086496,399.666107178,25.025001526,2.270999908,1,1
14.912391186,13.912391186,399.591247559,-33.549999237,-3.555999994,1,1
14.922146797,13.922146797,399.737274170,14.299999237,3.994999886,1,1
14.932378054,13.932378054,399.618103027,14.804166794,-3.286999941,1,1
14.942281485,13.942281485,399.620452881,-28.508333206,-3.421999931,1,1
14.952346087,13.952346087,399.707733154,4.216666698,4.072999954,1,1
14.962218285,13.962218285,399.570098877,10.954166412,-3.944999933,1,1
14.972393751,13.972393751,399.576812744,-33.366664886,-3.349999905,1,1
14.982135773,13.982135773,399.654022217,30.754167557,3.595999956,1,1
14.992414236,13.992414236,399.507995605,-13.887500763,-3.726999998,1,1
15.002212286,14.002212286,399.642944336,-7.699999809,3.926000118,1,1
15.012570620,14.012570620,399.616424561,31.762500763,1.963000059,1,1
15.022190094,14.022190094,399.578155518,-19.433332443,-3.726999998,1,1
15.032286167,14.032286167,399.695648193,-1.970833302,3.842999935,1,1
15.042176962,14.042176962,399.693298340,30.754167557,3.303999901,1,1
15.052423239,14.052423239,399.601989746,-35.062500000,-3.743000031,1,1
15.062293053,14.062293053,399.744995117,12.787500381,4.085999966,1,1
15.072407007,14.072407007,399.588562012,3.529166698,-4.022999763,1,1
15.082077980,14.082077980,399.704376221,-15.399999619,3.864000082,1,1
15.092396498,14.092396498,399.563385010,16.637500763,-4.171999931,1,1
15.102148771,14.102148771,399.729553223,-17.920833588,-0.061000001,1,1
15.112419367,14.112419367,399.778564453,21.495832443,3.789000034,1,1
15.122221470,14.122221470,399.630523682,-5.179166794,-3.757999897,1,1
15.132328987,14.132328987,399.808105469,-4.170833111,4.223999977,1,1
15.142128706,14.142128706,399.792327881,26.858333588,3.371999979,1,1
15.152465343,14.152465343,399.708404541,-31.854166031,-3.595999956,1,1
15.162170172,14.162170172,399.900756836,34.420833588,3.780999899,1,1
15.172284365,14.172284365,399.780578613,-4.354166985,-3.836999893,1,1
15.182053328,14.182053328,400.007507324,-2.979166746,4.209000111,1,1
15.192391872,14.192391872,399.772521973,-1.466666698,-4.037000179,1,1
15.202187061,14.202187061,399.849060059,-15.583333015,3.427000046,1,1
15.212308168,14.212308168,399.816162109,23.695833206,3.515000105,1,1
15.222157001,14.222157001,399.707397461,-32.037498474,-3.599999905,1,1
15.232338190,14.232338190,399.886657715,28.049999237,3.868999958,1,1
15.242170811,14.242170811,399.580841064,-36.758335114,-3.786000013,1,1
15.252333641,14.252333641,399.745666504,6.737500191,3.937999964,1,1
15.262171984,14.262171984,399.602325439,10.770833969,-4.176000118,1,1
15.272391796,14.272391796,399.694976807,-31.716667175,-3.420000076,1,1
15.282061577,14.282061577,399.823211670,25.849998474,3.720000029,1,1
15.292382240,14.292382240,399.715118408,-0.000000000,-3.864000082,1,1
15.302143574,14.302143574,399.723175049,-26.995832443,-3.464999914,1,1
15.312437773,14.312437773,399.811462402,15.629166603,3.625000000,1,1
15.322153568,14.322153568,399.729217529,12.604166985,-4.212999821,1,1
15.332388401,14.332388401,399.792327881,-29.012500763,-3.405999899,1,1
15.342142105,14.342142105,399.912841797,38.637500763,3.467000008,1,1
15.352393627,14.352393627,399.796020508,-7.195833206,-3.882999897,1,1
15.362196922,14.362196922,399.971588135,-11.412500381,4.080999851,1,1
15.372406721,14.372406721,399.976623535,22.504167557,3.696000099,1,1
15.382158041,14.382158041,399.861816406,-1.650000095,-3.881999969,1,1
15.392343760,14.392343760,399.922576904,-19.937500000,-1.246000051,1,1
15.402152061,14.402152061,400.031005859,28.737499237,3.551000118,1,1
15.412445545,14.412445545,399.896728516,-10.220833778,-3.851000071,1,1
15.422140598,14.422140598,400.047454834,-8.020833969,3.868000031,1,1
15.432390451,14.432390451,400.015563965,26.354166031,3.385999918,1,1
15.442080975,14.442080975,399.950439453,-30.204166412,-3.734999895,1,1
15.452420712,14.452420712,400.080688477,4.216666698,3.960999966,1,1
15.462144852,14.462144852,399.956146240,13.429166794,-4.079999924,1,1
15.472390890,14.472390890,399.948089600,-32.220832825,-3.627000093,1,1
15.482122421,14.482122421,400.017913818,24.841667175,3.687999964,1,1
15.492398977,14.492398977,399.824554443,-18.791667938,-3.836999893,1,1
15.502115011,14.502115011,399.950439453,-7.699999809,4.302999973,1,1
15.512381315,14.512381315,399.894714355,28.875000000,3.296000004,1,1
15.522075176,14.522075176,399.801055908,-37.079166412,-3.677999973,1,1
15.532355309,14.532355309,399.974945068,11.595833778,4.022999763,1,1
15.542154074,14.542154074,399.756744385,-8.387499809,-3.832000017,1,1
15.552391291,14.552391291,399.822204590,-20.441667557,3.717000008,1,1
15.562179327,14.562179327,399.781250000,27.866666794,3.398000002,1,1
15.572358370,14.572358370,399.650329590,-35.887500763,-3.614000082,1,1
15.582156420,14.582156420,399.796020508,12.283333778,3.918999910,1,1
15.592347145,14.592347145,399.670806885,8.250000000,-3.999000072,1,1
15.602146626,14.602146626,399.752380371,-19.937500000,-0.145999998,1,1
15.612423658,14.612423658,399.762786865,36.299999237,2.970000029,1,1
15.622140169,14.622140169,399.704376221,-39.416664124,-3.249000072,1,1
15.632367611,14.632367611,399.758087158,34.283332825,3.552000046,1,1
15.642253637,14.642253637,399.630187988,-24.154167175,-3.549000025,1,1
15.652372837,14.652372837,399.824890137,12.604166985,3.792999983,1,1
15.662147045,14.662147045,399.701354980,7.562500000,-3.898000002,1,1
15.672348261,14.672348261,399.740631104,-22.962501526,-3.214999914,1,1
15.682099581,14.682099581,399.831268311,33.779167175,3.486000061,1,1
15.692383528,14.692383528,399.641601562,-34.741664886,-3.424999952,1,1
15.702149391,14.702149391,399.832611084,14.299999237,3.691999912,1,1
15.712441921,14.712441921,399.537536621,-21.312500000,-3.986999989,1,1
15.722142696,14.722142696,399.723846436,12.100000381,3.849999905,1,1
15.732362986,14.732362986,399.601654053,15.308333397,-2.193000078,1,1
15.742113590,14.742113590,399.595275879,-13.245833397,-3.845000029,1,1
15.752325535,14.752325535,399.630523682,-25.299999237,-2.562000036,1,1
15.762100697,14.762100697,399.739959717,23.375000000,3.713000059,1,1
15.772309780,14.772309780,399.598968506,-2.658333302,-3.872999907,1,1
15.782111406,14.782111406,399.737609863,-11.916666985,4.302999973,1,1
15.792347908,14.792347908,399.670471191,28.875000000,3.272000074,1,1
15.802175999,14.802175999,399.591247559,-22.458333969,-3.694000006,1,1
15.812340260,14.812340260,399.689605713,-6.187500000,3.868999958,1,1
15.822067499,14.822067499,399.732574463,20.487499237,3.808000088,1,1
15.832354069,14.832354069,399.639587402,10.770833969,-3.894000053,1,1
15.842175484,14.842175484,399.653350830,-33.549999237,-3.210000038,1,1
15.852297068,14.852297068,399.738616943,31.395833969,3.855999947,1,1
15.862178087,14.862178087,399.574798584,-11.412500381,-3.869999886,1,1
15.872373104,14.872373104,399.703033447,-9.212499619,4.032000065,1,1
15.882143736,14.882143736,399.660736084,31.579166412,2.134000063,1,1
15.892370701,14.892370701,399.556671143,-31.854166031,-3.858000040,1,1
15.902179241,14.902179241,399.648986816,10.449999809,3.944999933,1,1
15.912422895,14.912422895,399.548278809,14.804166794,-4.343999863,1,1
15.922192097,14.922192097,399.569427490,-30.525001526,-3.365999937,1,1
15.932357311,14.932357311,399.645965576,27.866666794,3.545000076,1,1
15.942033768,14.942033768,399.458648682,-20.625000000,-3.756999969,1,1
15.952477932,14.952477932,399.626495361,1.512500048,4.090000153,1,1
15.962145567,14.962145567,399.504302979,13.795833588,-3.750000000,1,1
15.972381115,14.972381115,399.574127197,-30.341667175,-0.015000000,1,1
15.982110023,14.982110023,399.605010986,32.083335876,3.522000074,1,1
15.992352486,14.992352486,399.476440430,-30.341667175,-3.842000008,1,1
16.002151489,15.002151489,399.639251709,11.595833778,3.767999887,1,1
16.012314320,15.012314320,399.524780273,11.595833778,-4.011000156,1,1
16.022136927,15.022136927,399.570434570,-25.987499237,-3.348000050,1,1
16.032310963,15.032310963,399.644958496,32.266666412,3.549999952,1,1
16.042100906,15.042100906,399.480804443,-29.333333969,-3.888999939,1,1
16.052362919,15.052362919,399.716796875,29.562500000,3.773000002,1,1
16.062183619,15.062183619,399.421722412,-25.666666031,-4.006000042,1,1
16.072377443,15.072377443,399.585876465,4.720833302,3.915999889,1,1
16.082064152,15.082064152,399.484497070,14.437500000,-4.189000130,1,1
16.092483282,15.092483282,399.547943115,-22.641666412,-3.388000011,1,1
16.102111816,15.102111816,399.673156738,35.429164886,3.739000082,1,1
16.112402439,15.112402439,399.518737793,-21.129167557,-3.894000053,1,1
16.122062445,15.122062445,399.770507812,22.870832443,3.697000027,1,1
16.132318735,15.132318735,399.558013916,-16.270832062,-3.848000050,1,1
16.142056704,15.142056704,399.783935547,15.125000000,3.892999887,1,1
16.152336836,15.152336836,399.601654053,2.383333445,-4.125000000,1,1
16.162252665,15.162252665,399.659057617,-30.020833969,-0.027000001,1,1
16.172365904,15.172365904,399.737609863,44.320835114,3.539000034,1,1
16.182060480,15.182060480,399.685241699,-27.316667557,-3.855000019,1,1
16.192352772,15.192352772,399.782592773,-7.195833206,3.881999969,1,1
16.202112436,15.202112436,399.789978027,26.216667175,3.210000038,1,1
16.212337732,15.212337732,399.711761475,-5.683333397,-3.973999977,1,1
16.222090960,15.222090960,399.889343262,-7.516666889,3.908999920,1,1
16.232388735,15.232388735,399.835296631,18.333332062,3.397000074,1,1
16.242134571,15.242134571,399.777221680,10.770833969,-3.957000017,1,1
16.252377033,15.252377033,399.759429932,-16.087499619,-3.779000044,1,1
16.262187719,15.262187719,399.819519043,-16.912500381,4.019000053,1,1
16.272436142,15.272436142,399.787628174,30.250000000,3.365999937,1,1
16.282282352,15.282282352,399.691284180,-29.516666412,-3.691999912,1,1
16.292493343,15.292493343,399.825897217,7.562500000,3.717999935,1,1
16.302177668,15.302177668,399.643951416,5.729166508,-3.861999989,1,1
16.312339306,15.312339306,399.664764404,-32.541664124,-3.053999901,1,1
16.322134972,15.322134972,399.740631104,34.787498474,4.011000156,1,1
16.332394838,15.332394838,399.683227539,5.408333302,-4.004000187,1,1
16.342135906,15.342135906,399.658721924,-18.791667938,-3.740999937,1,1
16.352412462,15.352412462,399.756744385,-9.899999619,4.250999928,1,1
16.362174749,15.362174749,399.743988037,34.924999237,3.644999981,1,1
16.372414112,15.372414112,399.650329590,-34.054164886,-3.563999891,1,1
16.382151604,15.382151604,399.790985107,9.762499809,3.894000053,1,1
16.392329216,15.392329216,399.634887695,6.050000191,-3.887000084,1,1
16.402132511,15.402132511,399.681213379,-27.316667557,-3.164999962,1,1
16.412381649,15.412381649,399.774536133,34.420833588,3.730000019,1,1
16.422138929,15.422138929,399.702026367,-1.970833302,-3.838000059,1,1
16.432364225,15.432364225,399.766143799,-19.295833588,-0.119999997,1,1
16.442166328,15.442166328,399.817504883,25.208333969,3.661999941,1,1
16.452457905,15.452457905,399.640930176,-16.408332825,-3.816999912,1,1
16.462177038,15.462177038,399.769836426,-8.020833969,4.125000000,1,1
16.472432137,15.472432137,399.700347900,26.354166031,0.740999997,1,1
16.482190371,15.482190371,399.666778564,-34.054164886,-3.025000095,1,1
16.492454052,15.492454052,399.749023438,38.270835876,3.451999903,1,1
16.502279758,15.502279758,399.638580322,-24.337501526,-3.575000048,1,1
16.512511492,15.512511492,399.782257080,2.016666651,3.813999891,1,1
16.522055149,15.522055149,399.741302490,22.870832443,0.035000000,1,1
16.532386303,15.532386303,399.682891846,-31.212501526,-3.717999935,1,1
16.542159081,15.542159081,399.877929688,41.295833588,3.720999956,1,1
16.552542448,15.552542448,399.707733154,-32.358333588,-3.417000055,1,1
16.562229156,15.562229156,399.881622314,31.258333206,3.737999916,1,1
16.572454929,15.572454929,399.625152588,-32.541664124,-3.835999966,1,1
16.582126141,15.582126141,399.904113770,24.200000763,3.732000113,1,1
16.592347860,15.592347860,399.770172119,1.695833325,-4.064000130,1,1
16.602073669,15.602073669,399.808105469,-26.308332443,-0.711000025,1,1
16.612382650,15.612382650,399.880279541,32.908332825,3.230999947,1,1
16.622153521,15.622153521,399.720825195,-35.383335114,-3.677999973,1,1
16.632397652,15.632397652,399.899414062,33.275001526,3.404000044,1,1
16.642145157,15.642145157,399.696990967,-21.450000763,-3.826999903,1,1
16.652376890,15.652376890,399.954803467,25.208333969,3.653000116,1,1
16.662158012,15.662158012,399.714111328,-12.879166603,-3.664000034,1,1
16.672399044,15.672399044,399.773864746,-23.650001526,4.093999863,1,1
16.682138205,15.682138205,399.720825195,32.770835876,3.460000038,1,1
16.692381382,15.692381382,399.568084717,-26.491666794,-3.716000080,1,1
16.702142239,15.702142239,399.688598633,2.016666651,3.907000065,1,1
16.712372780,15.712372780,399.639923096,23.008333206,3.325999975,1,1
16.722177505,15.722177505,399.550628662,-13.245833397,-4.119999886,1,1
16.732365847,15.732365847,399.640930176,-16.774999619,3.868000031,1,1
16.742095709,15.742095709,399.576812744,28.737499237,3.079999924,1,1
16.752373934,15.752373934,399.502288818,-32.037498474,-3.552000046,1,1
16.762127876,15.762127876,399.634216309,3.208333254,3.857000113,1,1
16.772351027,15.772351027,399.603332520,22.183332443,3.694000006,1,1
16.782136440,15.782136440,399.544586182,2.887499809,-4.197999954,1,1
16.792412519,15.792412519,399.564392090,-28.004167557,-3.078000069,1,1
16.802170038,15.802170038,399.647644043,27.729166031,3.608999968,1,1
16.812393427,15.812393427,399.487182617,-13.750000000,-3.993000031,1,1
16.822070122,15.822070122,399.616088867,-9.899999619,4.206999779,1,1
16.832382679,15.832382679,399.576141357,30.387500763,3.200000048,1,1
16.842132807,15.842132807,399.500610352,-24.154167175,-3.732000113,1,1
16.852385521,15.852385521,399.663421631,7.929166794,3.842000008,1,1
16.862215996,15.862215996,399.552978516,14.620833397,-4.300000191,1,1
16.872396469,15.872396469,399.562042236,-31.029167175,-3.463999987,1,1
16.882204771,15.882204771,399.640594482,27.041666031,3.513999939,1,1
16.892388582,15.892388582,399.467376709,-16.912500381,-3.776000023,1,1
16.902160406,15.902160406,399.586212158,-9.395833969,4.010000229,1,1
16.912472248,15.912472248,399.525115967,29.745832443,2.200999975,1,1
16.922162533,15.922162533,399.463684082,-35.887500763,-3.635999918,1,1
16.932384253,15.932384253,399.673492432,38.133335114,3.812000036,1,1
16.942050934,15.942050934,399.579162598,-9.029166222,-3.979000092,1,1
16.952398062,15.952398062,399.695648193,-11.549999237,4.124000072,1,1
16.962139606,15.962139606,399.658721924,26.354166031,3.305000067,1,1
16.972406626,15.972406626,399.547943115,-32.220832825,-3.903000116,1,1
16.982152700,15.982152700,399.705047607,23.695833206,3.918999910,1,1
16.992376566,15.992376566,399.505310059,-11.045833588,-3.891999960,1,1
17.002224207,16.002224207,399.707733154,2.383333445,4.004000187,1,1
17.012431383,16.012431383,399.539550781,3.895833254,-4.076000214,1,1
17.022095919,16.022095919,399.640930176,-22.962501526,-0.409000009,1,1
17.032370806,16.032370806,399.720153809,32.404167175,3.802999973,1,1
17.042091370,16.042091370,399.593597412,-8.204166412,-3.911000013,1,1
17.052317619,16.052317619,399.750366211,-3.987500191,4.192999840,1,1
17.062197685,16.062197685,399.751708984,32.770835876,3.553999901,1,1
17.072310686,16.072310686,399.657379150,-35.887500763,-3.611999989,1,1
17.082110882,16.082110882,399.891021729,46.520832062,3.460000038,1,1
17.092465878,16.092465878,399.738616943,-32.220832825,-3.792999983,1,1
17.102065086,16.102065086,399.985351562,47.345832825,3.584000111,1,1
17.112369776,16.112369776,399.854431152,-22.641666412,-3.769999981,1,1
17.122147560,16.122147560,399.863830566,-20.441667557,-0.068999998,1,1
17.132362604,16.132362604,399.868530273,15.445833206,3.701999903,1,1
17.142189741,16.142189741,399.815490723,19.983333588,0.449000001,1,1
17.152402401,16.152402401,399.724517822,-26.170833588,-3.628999949,1,1
17.162170410,16.162170410,399.868194580,10.083333969,3.890000105,1,1
17.172438383,16.172438383,399.716125488,9.945833206,-3.999000072,1,1
17.182091713,16.182091713,399.729553223,-31.533332825,-3.134000063,1,1
17.192435265,16.192435265,399.784606934,26.354166031,3.730999947,1,1
17.202239752,16.202239752,399.631530762,-10.404166222,-3.927999973,1,1
17.212331057,16.212331057,399.725524902,-16.774999619,-0.011000000,1,1
17.222163916,16.222163916,399.810455322,22.000000000,3.885999918,1,1
17.232396126,16.232396126,399.693298340,1.008333325,-3.724999905,1,1
17.242155790,16.242155790,399.738952637,-24.337501526,-3.540999889,1,1
17.252402544,16.252402544,399.854431152,34.283332825,3.486000061,1,1
17.262149096,16.262149096,399.735931396,-9.029166222,-4.070000172,1,1
17.272392273,16.272392273,399.852752686,-20.441667557,3.904999971,1,1
17.282195330,16.282195330,399.854766846,32.266666412,3.430999994,1,1
17.292374611,16.292374611,399.767486572,-14.758333206,-3.700999975,1,1
17.302166224,16.302166224,399.833618164,-17.600000381,4.014999866,1,1
17.312346935,16.312346935,399.789642334,27.545833588,3.404999971,1,1
17.322167873,16.322167873,399.651336670,-36.391666412,-3.568000078,1,1
17.332427025,16.332427025,399.767486572,7.241666794,3.910000086,1,1
17.342127562,16.342127562,399.583862305,2.200000048,-3.980999947,1,1
17.352434635,16.352434635,399.704376221,-15.583333015,3.164999962,1,1
17.362144947,16.362144947,399.586883545,18.470832825,-0.597999990,1,1
17.372388363,16.372388363,399.606353760,-35.887500763,-3.609999895,1,1
17.382157087,16.382157087,399.713104248,29.745832443,3.615999937,1,1
17.392387152,16.392387152,399.538879395,-10.541666031,-4.024000168,1,1
17.402181864,16.402181864,399.635559082,-14.758333206,3.973000050,1,1
17.412495852,16.412495852,399.581176758,27.041666031,3.118000031,1,1
17.422167063,16.422167063,399.472747803,-34.237499237,-3.743000031,1,1
17.432450294,16.432450294,399.626831055,14.620833397,3.773999929,1,1
17.442169428,16.442169428,399.503967285,7.241666794,-3.875999928,1,1
17.452402592,16.452402592,399.549957275,-28.508333206,-0.140000001,1,1
17.462094069,16.462094069,399.600982666,38.775001526,3.434000015,1,1
17.472400665,16.472400665,399.541564941,-23.466667175,-3.852999926,1,1
17.482146502,16.482146502,399.738616943,15.950000763,4.000999928,1,1
17.492462158,16.492462158,399.636901855,9.762499809,-3.914000034,1,1
17.502197266,16.502197266,399.705383301,-22.137500763,-2.026999950,1,1
17.512390137,16.512390137,399.798706055,38.133335114,3.739000082,1,1
17.522116423,16.522116423,399.613739014,-47.666667938,-3.703999996,1,1
17.532474041,16.532474041,399.783935547,46.199996948,3.529999971,1,1
17.542127848,16.542127848,399.555999756,-43.770835876,-3.923000097,1,1
17.552393436,16.552393436,399.713104248,32.083335876,3.558000088,1,1
17.562125444,16.562125444,399.553985596,-11.045833588,-4.028999805,1,1
17.572349310,16.572349310,399.675842285,-7.379166603,4.250999928,1,1
17.582093477,16.582093477,399.645629883,23.512500763,2.138000011,1,1
17.592403889,16.592403889,399.617431641,-22.641666412,-3.763999939,1,1
17.602077723,16.602077723,399.848724365,16.637500763,3.687999964,1,1
17.612356663,16.612356663,399.553985596,-22.137500763,-3.959000111,1,1
17.622075558,16.622075558,399.759429932,5.408333302,3.848000050,1,1
17.632375002,16.632375002,399.714782715,29.745832443,-4.044000149,1,1
17.642176628,16.642176628,399.772521973,-28.691667557,-3.447999954,1,1
17.652406693,16.652406693,399.831268311,6.050000191,3.655999899,1,1
17.662140846,16.662140846,399.723510742,18.333332062,-4.019999981,1,1
17.672377348,16.672377348,399.760772705,-30.204166412,-3.437000036,1,1
17.687609434,16.687609434,399.844360352,27.224998474,3.473999977,1,1
17.692480564,16.692480564,399.665771484,-15.583333015,-3.913000107,1,1
17.702675104,16.702675104,399.774200439,-11.916666985,3.974999905,1,1
17.712417841,16.712417841,399.695983887,29.745832443,2.944000006,1,1
17.722242355,16.722242355,399.606353760,-26.812500000,-3.743999958,1,1
17.732545614,16.732545614,399.768157959,4.904166698,3.957000017,1,1
17.742282152,16.742282152,399.686920166,20.991666794,-1.312000036,1,1
17.754693508,16.754693508,399.678527832,-24.979166031,-3.608999968,1,1
17.762270451,16.762270451,399.784606934,4.904166698,3.911999941,1,1
17.772884846,16.772884846,399.644958496,10.954166412,-3.733000040,1,1
17.782643318,16.782643318,399.721160889,-24.337501526,-3.275000095,1,1
17.792510986,16.792510986,399.824218750,33.916664124,3.542000055,1,1
17.803767681,16.803767681,399.694641113,-8.524999619,-3.967000008,1,1
17.812680483,16.812680483,399.878601074,-2.979166746,4.089000225,1,1
17.822149038,16.822149038,399.907806396,37.125000000,3.207000017,1,1
17.832401991,16.832401991,399.803405762,-33.045833588,-3.881999969,1,1
17.842192650,16.842192650,399.959503174,8.433333397,3.835999966,1,1
17.852338791,16.852338791,399.800720215,6.233333111,-4.168000221,1,1
17.862054348,16.862054348,399.838653564,-29.837501526,-3.355999947,1,1
17.872419357,16.872419357,399.923919678,36.941665649,3.642999887,1,1
17.882215738,16.882215738,399.762115479,-15.583333015,-3.926000118,1,1
17.892429829,16.892429829,399.954803467,-1.145833254,4.214000225,1,1
17.902050257,16.902050257,399.947753906,31.900001526,3.540999889,1,1
17.912343264,16.912343264,399.806091309,-34.054164886,-3.887000084,1,1
17.922231913,16.922231913,399.970581055,10.083333969,3.897000074,1,1
17.932359934,16.932359934,399.838989258,8.250000000,-3.938999891,1,1
17.942135334,16.942135334,399.878601074,-25.987499237,-3.401000023,1,1
17.952360392,16.952360392,399.963867188,38.958335876,3.686000109,1,1
17.962058067,16.962058067,399.784942627,-38.408332825,-3.515000105,1,1
17.972398758,16.972398758,399.984344482,20.166667938,3.917000055,1,1
17.982136488,16.982136488,399.736602783,-16.912500381,-3.957999945,1,1
17.992285967,16.992285967,399.848052979,-4.858333111,3.848999977,1,1
18.002084017,17.002084017,399.886657715,32.908332825,3.371000051,1,1
18.012298346,17.012298346,399.812133789,-34.375000000,-3.914000034,1,1
18.022066355,17.022066355,399.978302002,16.958332062,3.786999941,1,1
18.032481194,17.032481194,399.793670654,-6.004166603,-4.175000191,1,1
18.042039156,17.042039156,400.044433594,8.754166603,3.648000002,1,1
18.052298546,17.052298546,399.789306641,-8.708333969,-4.017000198,1,1
18.062063217,17.062063217,400.002807617,-3.483333349,4.114999771,1,1
18.072278976,17.072278976,399.986022949,19.158332825,3.223000050,1,1
18.082063437,17.082063437,399.890014648,2.704166651,-4.039999962,1,1
18.092343569,17.092343569,399.891693115,-23.650001526,-3.298000097,1,1
18.102025032,17.102025032,399.959167480,-3.666666746,4.000000000,1,1
18.112300158,17.112300158,399.974945068,30.250000000,3.246999979,1,1
18.122066021,17.122066021,399.885314941,-17.279167175,-3.782999992,1,1
18.132340908,17.132340908,399.971252441,-11.916666985,4.019000053,1,1
18.142017841,17.142017841,399.906127930,32.587501526,3.154000044,1,1
18.152354479,17.152354479,399.802398682,-28.325000763,-3.921000004,1,1
18.161988258,17.161988258,399.943054199,0.366666675,4.097000122,1,1
18.172337055,17.172337055,399.959503174,33.779167175,3.415999889,1,1
18.182085037,17.182085037,399.883300781,-15.399999619,-3.680000067,1,1
18.192338467,17.192338467,399.916870117,-20.945833206,-1.485999942,1,1
18.202117920,17.202117920,400.007171631,26.354166031,3.658999920,1,1
18.212287188,17.212287188,399.823211670,-16.774999619,-3.911999941,1,1
18.222217560,17.222217560,399.950439453,-9.899999619,4.158999920,1,1
18.232321262,17.232321262,399.884307861,29.058332443,3.109999895,1,1
18.242176533,17.242176533,399.784271240,-26.812500000,-3.687000036,1,1
18.252424717,17.252424717,399.937011719,4.033333302,4.046000004,1,1
18.262038946,17.262038946,399.848052979,17.966667175,-0.875999987,1,1
18.272364855,17.272364855,399.816497803,-28.187500000,-4.004000187,1,1
18.282147169,17.282147169,399.990386963,10.266666412,3.736000061,1,1
18.292386770,17.292386770,399.879272461,14.116666794,-4.300000191,1,1
18.302118301,17.302118301,399.921905518,-26.674999237,-3.453000069,1,1
18.312353373,17.312353373,399.983337402,30.891666412,3.555999994,1,1
18.322134495,17.322134495,399.797027588,-20.945833206,-3.913000107,1,1
18.332285404,17.332285404,399.985015869,-1.466666698,3.890000105,1,1
18.342134953,17.342134953,399.982330322,29.562500000,3.328000069,1,1
18.352305174,17.352305174,399.837310791,-34.375000000,-3.618999958,1,1
18.362047911,17.362047911,399.992065430,9.074999809,3.859999895,1,1
18.372435331,17.372435331,399.846710205,7.425000191,-3.953999996,1,1
18.382094383,17.382094383,399.866516113,-28.829166412,-3.476000071,1,1
18.392373800,17.392373800,399.944061279,40.470832825,3.786999941,1,1
18.402161360,17.402161360,399.774536133,-45.787498474,-3.571000099,1,1
18.412293434,17.412293434,399.993408203,38.270835876,3.627000093,1,1
18.422122240,17.422122240,399.754394531,-42.120834351,-3.795000076,1,1
18.432350397,17.432350397,399.878936768,20.991666794,3.711999893,1,1
18.442123652,17.442123652,399.758087158,3.895833254,-4.256000042,1,1
18.452413082,17.452413082,399.804412842,-26.812500000,-0.787000000,1,1
18.462066889,17.462066889,399.869537354,34.924999237,3.276000023,1,1
18.472349405,17.472349405,399.834289551,-34.558334351,-3.125000000,1,1
18.482118368,17.482118368,399.879608154,32.404167175,3.348999977,1,1
18.492338181,17.492338181,399.837646484,-34.558334351,-3.012000084,1,1
18.502111435,17.502111435,399.866851807,35.612499237,3.384000063,1,1
18.512421131,17.512421131,399.800048828,-32.541664124,-3.937000036,1,1
18.522101879,17.522101879,399.936340332,9.441666603,4.008999825,1,1
18.532271862,17.532271862,399.779907227,4.033333302,-4.087999821,1,1
18.542210817,17.542210817,399.845703125,-20.808332443,-0.034000002,1,1
18.552412271,17.552412271,399.827911377,24.841667175,3.200999975,1,1
18.562064886,17.562064886,399.765136719,0.870833337,-4.064000130,1,1
18.572590828,17.572590828,399.829925537,-26.674999237,-3.153000116,1,1
18.582113504,17.582113504,399.979644775,23.008333206,3.645999908,1,1
18.592381001,17.592381001,399.855773926,2.520833492,-3.868999958,1,1
18.602223158,17.602223158,399.855438232,-23.650001526,-3.187000036,1,1
18.612432241,17.612432241,399.955139160,-3.345833302,4.099999905,1,1
18.622141600,17.622141600,399.978637695,24.200000763,3.447000027,1,1
18.632392168,17.632392168,399.864837646,-3.987500191,-3.976000071,1,1
18.642071724,17.642071724,400.007171631,-13.245833397,4.104000092,1,1
18.652327538,17.652327538,399.974945068,30.891666412,3.311000109,1,1
18.662076950,17.662076950,399.884307861,-31.854166031,-3.717000008,1,1
18.672380924,17.672380924,400.012207031,0.687500000,3.892999887,1,1
18.682176113,17.682176113,399.891021729,19.845832825,-4.092000008,1,1
18.692389250,17.692389250,399.909484863,-23.650001526,-3.367000103,1,1
18.702146292,17.702146292,399.965209961,-1.970833302,4.117000103,1,1
18.712454319,17.712454319,399.955474854,32.908332825,3.298000097,1,1
18.722249031,17.722249031,399.839324951,-34.237499237,-3.615000010,1,1
18.732371569,17.732371569,399.995422363,8.937500000,3.878000021,1,1
18.742136478,17.742136478,399.834625244,6.233333111,-3.928999901,1,1
18.752388477,17.752388477,399.872894287,-29.012500763,-3.265000105,1,1
18.762200594,17.762200594,399.941040039,38.958335876,3.798000097,1,1
18.772432804,17.772432804,399.856109619,-12.054166794,-3.779000044,1,1
18.782207966,17.782207966,400.014892578,-13.750000000,3.976000071,1,1
18.792382717,17.792382717,400.013214111,28.370832443,3.371000051,1,1
18.802175760,17.802175760,399.907135010,-30.204166412,-3.749000072,1,1
18.812424421,17.812424421,400.021942139,7.562500000,3.697999954,1,1
18.822072506,17.822072506,399.852752686,5.408333302,-3.944000006,1,1
18.832412720,17.832412720,399.898406982,-24.979166031,-3.305000067,1,1
18.842163801,17.842163801,399.984344482,35.108333588,3.569000006,1,1
18.852431059,17.852431059,399.814819336,-11.412500381,-4.073999882,1,1
18.862016678,17.862016678,400.020599365,4.033333302,3.713999987,1,1
18.872388840,17.872388840,399.928955078,16.820833206,-4.132999897,1,1
18.882142067,17.882142067,399.937683105,-28.691667557,-3.569999933,1,1
18.892426252,17.892426252,399.998779297,30.250000000,3.818000078,1,1
18.902136803,17.902136803,399.860137939,-17.783332825,-3.894999981,1,1
18.912325382,17.912325382,399.982666016,-7.699999809,3.884999990,1,1
18.922180891,17.922180891,399.921569824,26.537498474,0.081000000,1,1
18.932303190,17.932303190,399.915527344,-28.325000763,-3.246999979,1,1
18.942100286,17.942100286,399.972259521,46.841667175,3.257999897,1,1
18.952401400,17.952401400,399.914520264,-28.508333206,-3.857000113,1,1
18.962100029,17.962100029,400.047454834,21.358333588,3.296999931,1,1
18.972382307,17.972382307,399.860137939,-15.583333015,-3.875000000,1,1
18.982189655,17.982189655,399.996429443,-6.004166603,4.099999905,1,1
18.992398262,17.992398262,399.973266602,27.866666794,3.316999912,1,1
19.002145290,18.002145290,399.862487793,-33.733333588,-3.742000103,1,1
19.012376547,18.012376547,399.989044189,5.041666985,3.868999958,1,1
19.022155285,18.022155285,399.819854736,8.066666603,-4.118000031,1,1
19.032391548,18.032391548,399.813812256,-41.433334351,-3.358999968,1,1
19.042142630,18.042142630,399.900085449,23.008333206,3.589999914,1,1
19.052365541,18.052365541,399.829254150,15.125000000,-4.090000153,1,1
19.062148094,18.062148094,399.860137939,-33.229164124,-3.315000057,1,1
19.072404861,18.072404861,399.971923828,28.875000000,3.575999975,1,1
19.082171202,18.082171202,399.821197510,-7.699999809,-3.881000042,1,1
19.092362881,18.092362881,399.980316162,-9.029166222,3.888999939,1,1
19.102148771,18.102148771,399.953460693,34.604164124,3.121999979,1,1
19.112323523,18.112323523,399.879608154,-23.650001526,-3.878999949,1,1
19.122153997,18.122153997,399.985351562,-4.675000191,3.832999945,1,1
19.132435322,18.132435322,400.031005859,18.837499619,3.471999884,1,1
19.142125130,18.142125130,399.948089600,9.579166412,-4.355999947,1,1
19.152309895,18.152309895,399.937683105,-29.333333969,-3.642999887,1,1
19.162152767,18.162152767,400.033020020,26.720832825,3.457000017,1,1
19.172446966,18.172446966,399.839324951,-19.799999237,-3.812000036,1,1
19.182167530,18.182167530,399.955810547,-9.899999619,4.059000015,1,1
19.192340851,18.192340851,399.891021729,30.066667557,3.102999926,1,1
19.202148438,18.202148438,399.785614014,-28.187500000,-3.701999903,1,1
19.212344646,18.212344646,399.931304932,3.895833254,3.941999912,1,1
19.222043514,18.222043514,399.849395752,18.333332062,-0.497000009,1,1
19.232357740,18.232357740,399.815826416,-23.145833969,-3.890000105,1,1
19.242066383,18.242066383,399.965881348,1.512500048,3.795000076,1,1
19.252316475,18.252316475,399.924255371,26.033332825,0.541000009,1,1
19.262058496,18.262058496,399.852752686,-34.375000000,-3.617000103,1,1
19.272379875,18.272379875,400.003814697,18.654167175,3.963999987,1,1
19.282176018,18.282176018,399.812805176,-7.883333206,-4.197999954,1,1
19.292341709,18.292341709,400.020935059,-9.212499619,3.917999983,1,1
19.302126884,18.302126884,400.043762207,26.033332825,3.157999992,1,1
19.312391520,18.312391520,399.936676025,-13.566666603,-4.416999817,1,1
19.322139978,18.322139978,400.016906738,-15.766666412,3.862999916,1,1
19.332479477,18.332479477,399.965209961,27.866666794,3.282999992,1,1
19.342192650,18.342192650,399.826568604,-39.233333588,-3.690000057,1,1
19.352502823,18.352502823,399.991058350,19.341667175,3.933000088,1,1
19.362084627,18.362084627,399.791320801,-9.899999619,-3.953000069,1,1
19.372356415,18.372356415,399.996093750,2.200000048,3.974999905,1,1
19.382157087,18.382157087,399.833618164,10.449999809,-3.836999893,1,1
19.392397165,18.392397165,399.815490723,-34.741664886,-3.538000107,1,1
19.402204752,18.402204752,399.904449463,31.900001526,3.545000076,1,1
19.412487268,18.412487268,399.686584473,-21.450000763,-3.923000097,1,1
19.422235727,18.422235727,399.881286621,13.429166794,3.710999966,1,1
19.432445049,18.432445049,399.720153809,2.520833492,-4.043000221,1,1
19.442163467,18.442163467,399.878601074,-7.883333206,4.235000134,1,1
19.452483416,18.452483416,399.770172119,15.950000763,-4.130000114,1,1
19.462213755,18.462213755,399.928283691,-16.912500381,4.254000187,1,1
19.472473145,18.472473145,399.850067139,20.350000381,0.096000001,1,1
19.482227564,18.482227564,399.832275391,-15.262500763,-3.674000025,1,1
19.492480516,18.492480516,399.869537354,-24.795833588,-3.589999914,1,1
19.502286911,18.502286911,399.929290771,-3.987500191,4.018000126,1,1
19.512341499,18.512341499,399.957153320,25.208333969,3.846999884,1,1
19.522166252,18.522166252,399.798034668,-7.883333206,-3.918999910,1,1
19.532422066,18.532422066,399.948760986,-9.533333778,4.070000172,1,1
19.542233467,18.542233467,399.917541504,36.299999237,3.229000092,1,1
19.552491426,18.552491426,399.844696045,-24.795833588,-3.688999891,1,1
19.562203884,18.562203884,400.017913818,3.208333254,3.786999941,1,1
19.572459459,18.572459459,399.974273682,20.991666794,3.315000057,1,1
19.582149744,18.582149744,399.890686035,-0.825000048,-3.924000025,1,1
19.592377186,18.592377186,399.938018799,-21.633333206,-3.753000021,1,1
19.602206230,18.602206230,400.023620605,13.291666985,3.369999886,1,1
19.612346411,18.612346411,399.964202881,17.462499619,-1.598000050,1,1
19.622253895,18.622253895,399.962188721,-33.366664886,-3.444000006,1,1
19.632452726,18.632452726,400.001129150,27.362499237,3.704999924,1,1
19.642212629,18.642212629,399.817840576,-7.195833206,-4.019000053,1,1
19.652430296,18.652430296,399.930969238,-14.254166603,2.220999956,1,1
19.662234068,18.662234068,399.964202881,24.704166412,3.915999889,1,1
19.672320127,18.672320127,399.790649414,-10.725000381,-3.842999935,1,1
19.682102442,18.682102442,399.885314941,-15.262500763,4.014999866,1,1
19.692370892,18.692370892,399.816162109,23.879167557,3.451999903,1,1
19.702083111,18.702083111,399.673828125,-38.087501526,-3.736999989,1,1
19.712377548,18.712377548,399.822875977,24.383333206,3.507999897,1,1
19.722170591,18.722170591,399.599639893,-23.466667175,-3.947000027,1,1
19.732390165,18.732390165,399.819183350,7.425000191,3.739000082,1,1
19.742110729,18.742110729,399.734924316,18.470832825,-4.228000164,1,1
19.752430201,18.752430201,399.762786865,-29.837501526,-3.486999989,1,1
19.762040377,18.762040377,399.846374512,28.875000000,3.482000113,1,1
19.772531509,18.772531509,399.680541992,-15.766666412,-4.013999939,1,1
19.782104015,18.782104015,399.790985107,-10.541666031,3.960999966,1,1
19.792341709,18.792341709,399.731567383,28.233333588,1.368000031,1,1
19.802098751,18.802098751,399.686584473,-33.366664886,-3.115999937,1,1
19.812390089,18.812390089,399.775207520,39.783332825,3.665999889,1,1
19.822098494,18.822098494,399.576141357,-43.266666412,-3.668999910,1,1
19.832395077,18.832395077,399.707397461,22.870832443,3.512000084,1,1
19.842124224,18.842124224,399.582183838,-0.137500003,-3.914999962,1,1
19.852435589,18.852435589,399.695312500,-12.558333397,-2.329999924,1,1
19.862015724,18.862015724,399.901763916,44.000000000,3.391000032,1,1
19.872424126,18.872424126,399.728546143,-34.741664886,-3.546000004,1,1
19.882205248,18.882205248,399.913513184,38.637500763,3.405999899,1,1
19.892372608,18.892372608,399.736602783,-23.833333969,-4.105999947,1,1
19.902134657,18.902134657,400.014556885,19.479167938,3.723000050,1,1
19.912284851,18.912284851,399.760101318,-18.608333588,-3.970999956,1,1
19.922188997,18.922188997,399.904449463,2.887499809,3.782000065,1,1
19.932443380,18.932443380,399.800048828,10.770833969,-4.195000172,1,1
19.942163706,18.942163706,399.866851807,-32.358333588,-0.841000021,1,1
19.952375650,18.952375650,399.881958008,24.200000763,3.664000034,1,1
19.962150097,18.962150097,399.762786865,2.520833492,-3.854000092,1,1
19.972375631,18.972375631,399.799713135,-31.533332825,-3.397000074,1,1
19.982267141,18.982267141,399.901763916,35.291664124,3.512000084,1,1
19.992383718,18.992383718,399.755401611,-1.833333373,-4.007999897,1,1
20.002118111,19.002118111,399.769165039,-25.299999237,-3.609999895,1,1
20.012469769,19.012469769,399.825561523,-0.137500003,3.891999960,1,1
20.022128105,19.022128105,399.799377441,25.712501526,3.430000067,1,1
20.032477379,19.032477379,399.729217529,-12.741666794,-3.609999895,1,1
20.042053699,19.042053699,399.775207520,-19.295833588,0.009000000,1,1
20.052354813,19.052354813,399.799713135,29.379167557,3.237999916,1,1
20.062274933,19.062274933,399.696990967,-23.833333969,-3.526999950,1,1
20.072434425,19.072434425,399.904449463,20.166667938,3.723999977,1,1
20.082186222,19.082186222,399.805419922,16.316667557,-4.269999981,1,1
20.092426300,19.092426300,399.817169189,-34.741664886,-3.500999928,1,1
20.102143526,19.102143526,399.933990479,24.841667175,3.786999941,1,1
20.112444162,19.112444162,399.820526123,3.712500095,-3.839999914,1,1
20.122088432,19.122088432,399.818847656,-35.566665649,-3.364000082,1,1
20.132380724,19.132380724,399.888671875,29.562500000,3.632999897,1,1
20.142138958,19.142138958,399.673828125,-19.433332443,-3.930999994,1,1
20.152444601,19.152444601,399.829254150,-0.458333343,3.984999895,1,1
20.162173986,19.162173986,399.706390381,16.316667557,-4.005000114,1,1
20.172416210,19.172416210,399.820526123,-28.004167557,-3.572999954,1,1
20.182198524,19.182198524,399.926269531,12.787500381,3.924999952,1,1
20.192461729,19.192461729,399.824218750,12.924999237,-4.027999878,1,1
20.202044010,19.202044010,399.874908447,-26.995832443,-3.520999908,1,1
20.212509632,19.212509632,399.994750977,31.258333206,3.653000116,1,1
20.222056389,19.222056389,399.844696045,-14.254166603,-3.740000010,1,1
20.232401609,19.232401609,400.002471924,-5.683333397,4.073999882,1,1
20.242137194,19.242137194,399.979309082,28.554166794,3.130000114,1,1
20.252334833,19.252334833,399.907135010,-32.358333588,-3.555999994,1,1
20.262215853,19.262215853,400.012207031,4.033333302,3.895999908,1,1
20.272333622,19.272333622,399.920898438,17.141666412,-4.089000225,1,1
20.282166958,19.282166958,399.954132080,-27.500000000,-3.538000107,1,1
20.292397261,19.292397261,400.049468994,29.745832443,3.566999912,1,1
20.302079201,19.302079201,399.873901367,-18.424999237,-4.074999809,1,1
20.312401056,19.312401056,399.978973389,-9.716666222,3.890000105,1,1
20.322126389,19.322126389,399.890014648,22.183332443,-0.500000000,1,1
20.332409859,19.332409859,399.916198730,-23.970832825,-3.148999929,1,1
20.342224121,19.342224121,400.017913818,38.270835876,3.226000071,1,1
20.352398634,19.352398634,399.907806396,-28.508333206,-3.812999964,1,1
20.362093210,19.362093210,400.041748047,10.266666412,3.622999907,1,1
20.372451305,19.372451305,399.883636475,4.537499905,-4.164000034,1,1
20.382205009,19.382205009,399.915527344,-22.641666412,-3.216000080,1,1
20.392433405,19.392433405,400.020935059,34.604164124,3.457000017,1,1
20.402152538,19.402152538,399.822875977,-29.333333969,-3.920000076,1,1
