tick,id,target,model,velocity,current,position,reference_current
188159,2,0.0,0.0,0.0,0.0,111.058837890625,0.00021262247173581272
188179,2,0.0,0.0,-0.048996008932590485,0.014253804460167885,111.080810546875,0.04954259842634201
188199,2,0.0,0.0,0.2163257598876953,-0.037208519876003265,111.080810546875,0.020199134945869446
188219,2,0.0,0.0,0.3287053108215332,-0.06355282664299011,111.058837890625,-0.056771762669086456
188239,2,0.0,0.0,0.7858504056930542,-0.1599024385213852,111.058837890625,-0.09291758388280869
188259,2,0.0,0.0,0.8600481748580933,-0.1854931116104126,111.01492309570312,-0.10992737859487534
188279,2,0.0,0.0,0.9487886428833008,-0.21466033160686493,110.99282836914062,-0.16818749904632568
188299,2,0.0,0.0,0.8114203214645386,-0.19328777492046356,111.01492309570312,-0.09674478322267532
188319,2,0.0,0.0,0.013284146785736084,-0.03944855555891991,111.01492309570312,-0.07293106615543365
188339,2,0.0,0.0,0.31617313623428345,-0.10090979188680649,111.036865234375,-0.026152562350034714
188359,2,0.0,0.0,-0.4978165030479431,0.0563785545527935,111.01492309570312,-0.04784005507826805
188379,2,0.0,0.0,-0.0782662034034729,-0.029519176110625267,111.036865234375,-0.04103613644838333
188399,2,0.0,0.0,0.23914098739624023,-0.09166023880243301,111.058837890625,-0.015096195042133331
188419,2,0.0,0.0,0.8606364130973816,-0.21901525557041168,111.036865234375,-0.09887100756168365
188439,2,0.0,0.0,1.4307146072387695,-0.33969637751579285,111.01492309570312,-0.13586731255054474
188459,2,0.0,0.0,0.4621674716472626,-0.15168552100658417,111.01492309570312,-0.10865164548158646
188479,2,0.0,0.0,0.40053385496139526,-0.14641675353050232,110.99282836914062,-0.12310997396707535
188499,2,0.0,0.0,-0.06286079436540604,-0.054036304354667664,111.01492309570312,-0.038909912109375
188519,2,0.0,0.0,-0.07384896278381348,-0.04953163117170334,111.036865234375,-0.012119480408728123
188539,2,0.0,0.0,0.5106237530708313,-0.16882595419883728,111.01492309570312,-0.10652542114257812
188559,2,0.0,0.0,0.03312437981367111,-0.07588478177785873,111.036865234375,-0.038909912109375
188579,2,0.0,0.0,0.7944555878639221,-0.22786889970302582,111.036865234375,-0.09291758388280869
188599,2,0.0,0.0,0.1765781193971634,-0.11283659934997559,110.97085571289062,-0.1061001718044281
188619,2,0.0,0.0,-0.7861047387123108,0.07427889853715897,110.99282836914062,-0.09206709265708923
188639,2,0.0,0.0,0.06022251397371292,-0.09293617308139801,111.01492309570312,-0.08313694596290588
188659,2,0.0,0.0,-0.08723849058151245,-0.06705472618341446,110.99282836914062,-0.10057199001312256
188679,2,0.0,0.0,-0.04065174609422684,-0.07523009181022644,111.01492309570312,-0.045288585126399994
188699,2,0.0,0.0,0.03164836764335632,-0.09154501557350159,111.01492309570312,-0.10567492991685867
188719,2,0.0,0.0,-0.009372517466545105,-0.07913835346698761,111.01492309570312,0.007867030799388885
188739,2,0.0,0.0,0.40597718954086304,-0.1634754091501236,111.01492309570312,-0.08101072162389755
188759,2,0.0,0.0,-0.3711015284061432,-0.00890771858394146,111.036865234375,-0.02104962430894375
188779,2,0.0,0.0,-0.03860442340373993,-0.0688931867480278,111.036865234375,0.030831821262836456
188799,2,0.0,0.0,-0.33055657148361206,-0.011670775711536407,111.01492309570312,-0.05507078021764755
188819,2,0.0,0.0,-0.4376049339771271,0.017761506140232086,111.058837890625,0.06570190191268921
188839,2,0.0,0.0,-0.35884523391723633,0.005239965859800577,111.036865234375,-0.013820460066199303
188859,2,0.0,0.0,-0.6235707402229309,0.060447756201028824,111.058837890625,-0.011694235727190971
188879,2,0.0,0.0,0.1755066215991974,-0.0936911404132843,111.058837890625,-0.0036145818885415792
188899,2,0.0,0.0,-0.15315471589565277,-0.03099524788558483,111.036865234375,-0.06527666002511978
188919,2,0.0,0.0,0.09687933325767517,-0.08056460320949554,111.036865234375,-0.040610890835523605
188939,2,0.0,0.0,-0.49790215492248535,0.03545736148953438,111.036865234375,-0.05336824059486389
188959,2,0.0,0.0,-0.3059258460998535,-0.0018226959509775043,111.036865234375,-0.04358760640025139
188979,2,0.0,0.0,-0.10567927360534668,-0.03784278407692909,111.058837890625,0.015096195042133331
188999,2,0.0,0.0,0.49730175733566284,-0.15711429715156555,111.058837890625,-0.05974847450852394
189019,2,0.0,0.0,-0.43415310978889465,0.022424686700105667,111.01492309570312,-0.07803400605916977
189039,2,0.0,0.0,-0.21617718040943146,-0.023447556421160698,111.01492309570312,-0.07293106615543365
189059,2,0.0,0.0,0.22799845039844513,-0.1128428727388382,111.036865234375,-0.07675827294588089
189079,2,0.0,0.0,0.6500661969184875,-0.19977568089962006,111.036865234375,-0.081861212849617
189099,2,0.0,0.0,0.7029142379760742,-0.21607674658298492,111.01492309570312,-0.12778766453266144
189119,2,0.0,0.0,0.2095714807510376,-0.12482103705406189,111.01492309570312,-0.1222594827413559
189139,2,0.0,0.0,0.3335459232330322,-0.1542941927909851,111.01492309570312,-0.12651193141937256
189159,2,0.0,0.0,0.29780450463294983,-0.15472786128520966,110.99282836914062,-0.1698884814977646
189179,2,6.202996246429393e-06,2.4322284275513084e-07,0.2735493779182434,-0.15658947825431824,110.97085571289062,-0.16223250329494476
189199,2,0.0008826994453556836,3.024689431185834e-05,0.4635087847709656,-0.19307616353034973,111.01492309570312,-0.05251774936914444
189219,2,0.0017550979973748326,0.0001621729606995359,-0.4999988377094269,-0.006924893241375685,110.97085571289062,-0.08909037709236145
189239,2,0.004918089136481285,0.0005153397796675563,-0.3992439806461334,-0.028423579409718513,110.99282836914062,-0.09717003256082535
189259,2,0.009508037939667702,0.0011483803391456604,-0.023104041814804077,-0.10276278108358383,111.01492309570312,-0.08611366152763367
189279,2,0.015162325464189053,0.0021913524251431227,-0.4555619955062866,-0.016564607620239258,111.01492309570312,-0.088239885866642
189299,2,0.01867109164595604,0.0036300376523286104,-0.08527617156505585,-0.0887157991528511,111.01492309570312,-0.08483792841434479
189319,2,0.02686966024339199,0.005657234229147434,0.24584251642227173,-0.1556130200624466,111.01492309570312,-0.09376806765794754
189339,2,0.036486536264419556,0.008282377384603024,-0.25892430543899536,-0.056557245552539825,111.01492309570312,-0.07973498851060867
189359,2,0.04703319072723389,0.011612474918365479,-0.8488035202026367,0.06907656043767929,111.036865234375,0.03125706687569618
189379,2,0.061078038066625595,0.015580113977193832,-0.7338027954101562,0.053943611681461334,111.036865234375,-0.005740806460380554
189399,2,0.06805524975061417,0.02031613513827324,-0.19432581961154938,-0.049045905470848083,111.036865234375,-0.046139076352119446
189419,2,0.08374927937984467,0.02600402757525444,0.028431758284568787,-0.08847387135028839,111.036865234375,-0.018923399969935417
189439,2,0.10071218013763428,0.032579198479652405,0.2519627809524536,-0.13464079797267914,111.01492309570312,-0.10737590491771698
189459,2,0.11997947096824646,0.03991679474711418,0.1405780017375946,-0.114519864320755,111.01492309570312,-0.11035262048244476
189479,2,0.14058920741081238,0.048353683203458786,-0.19510844349861145,-0.04386649653315544,111.036865234375,-0.04103613644838333
189499,2,0.15065041184425354,0.057716961950063705,0.7096680998802185,-0.22828178107738495,110.99282836914062,-0.1669117659330368
189519,2,0.17347866296768188,0.0682368278503418,0.2116159200668335,-0.13219082355499268,110.94891357421875,-0.1286381483078003
189539,2,0.19783876836299896,0.07981032133102417,0.5074525475502014,-0.19169065356254578,110.94891357421875,-0.11800703406333923
189559,2,0.22403927147388458,0.09221668541431427,0.1903463453054428,-0.1288454532623291,110.97085571289062,-0.09929625689983368
189579,2,0.2519337236881256,0.10586573928594589,1.0303637981414795,-0.2963140308856964,110.97085571289062,-0.1418207436800003
189599,2,0.2646600902080536,0.12050705403089523,-0.875712513923645,0.08116734027862549,110.94891357421875,-0.07675827294588089
189619,2,0.2938694357872009,0.13638001680374146,-0.516157865524292,0.012408428825438023,110.94891357421875,-0.08866513520479202
189639,2,0.324442058801651,0.153328999876976,-0.061297088861465454,-0.07485359162092209,110.94891357421875,-0.088239885866642
189659,2,0.3534286320209503,0.17126621305942535,-0.5297591090202332,0.020177332684397697,110.94891357421875,-0.114179827272892
189679,2,0.3828197419643402,0.19030003249645233,0.5251251459121704,-0.1829943209886551,110.99282836914062,-0.08866513520479202
189699,2,0.4161536693572998,0.21027696132659912,0.22444848716259003,-0.11879288405179977,110.97085571289062,-0.088239885866642
189719,2,0.4502236247062683,0.2310764342546463,-0.1615404188632965,-0.041739292442798615,110.94891357421875,-0.13076438009738922
189739,2,0.4658488929271698,0.2528409957885742,1.0510509014129639,-0.2784247100353241,110.99282836914062,-0.12268472462892532
189759,2,0.5016956925392151,0.2757249176502228,0.5781965851783752,-0.18338580429553986,110.90496826171875,-0.1320401132106781
189779,2,0.5366402268409729,0.29945456981658936,0.4226861596107483,-0.15226323902606964,110.90496826171875,-0.10950213670730591
189799,2,0.5726214647293091,0.3238241672515869,0.2697664201259613,-0.12098482251167297,110.88299560546875,-0.13161486387252808
189819,2,0.6087162494659424,0.3490093946456909,-0.2726486325263977,-0.009553488343954086,110.88299560546875,-0.09887100756168365
189839,2,0.6265519261360168,0.3747623562812805,0.641090452671051,-0.18282920122146606,110.92694091796875,-0.07548253983259201
189859,2,0.6633623838424683,0.40142789483070374,0.674936056137085,-0.1807205229997635,110.94891357421875,-0.04103613644838333
189879,2,0.6998690366744995,0.4286750555038452,0.49517640471458435,-0.14452798664569855,110.88299560546875,-0.13076438009738922
189899,2,0.7359341979026794,0.45610931515693665,1.1907169818878174,-0.28273358941078186,110.88299560546875,-0.18179532885551453
189919,2,0.7716996073722839,0.484369695186615,0.12571844458580017,-0.059022873640060425,110.88299560546875,0.0006378673715516925
189939,2,0.8062291145324707,0.5128343105316162,-0.5552024245262146,0.07920192927122116,110.90496826171875,-0.06059896573424339
189959,2,0.8225727677345276,0.5415517091751099,1.2360954284667969,-0.2672102153301239,110.94891357421875,-0.08228645473718643
189979,2,0.8563413023948669,0.5704643726348877,0.6722383499145508,-0.15240800380706787,110.88299560546875,-0.114179827272892
189999,2,0.8890301585197449,0.5991607308387756,0.07442545890808105,-0.030218785628676414,110.88299560546875,-0.1371430605649948
190019,2,0.9208851456642151,0.6280695199966431,0.6971450448036194,-0.14740143716335297,110.90496826171875,-0.10992737859487534
190039,2,0.9355332255363464,0.6567875742912292,0.5621668100357056,-0.11244743317365646,110.92694091796875,-0.07165533304214478
190059,2,0.9651971459388733,0.6855133175849915,0.01807217299938202,-0.0011379356728866696,110.88299560546875,-0.07080484181642532
190079,2,0.9933668375015259,0.7139517664909363,0.5495549440383911,-0.10395114868879318,110.88299560546875,-0.1371430605649948
190099,2,1.019323468208313,0.7417348027229309,1.1206519603729248,-0.20414945483207703,110.94891357421875,-0.05974847450852394
190119,2,1.0418013334274292,0.7691423892974854,0.7196556329727173,-0.1194637268781662,110.94891357421875,-0.07165533304214478
190139,2,1.064881443977356,0.796139121055603,0.775304913520813,-0.12452339380979538,110.92694091796875,-0.07973498851060867
190159,2,1.0746780633926392,0.8222837448120117,-0.13385100662708282,0.06125740334391594,110.92694091796875,-0.05507078021764755
190179,2,1.0940276384353638,0.847747266292572,0.8083750605583191,-0.1192857101559639,110.92694091796875,-0.08781464397907257
190199,2,1.1110700368881226,0.8722901344299316,0.07499995827674866,0.03458213806152344,110.94891357421875,-0.061449456959962845
190219,2,1.1254645586013794,0.8956823348999023,0.4861852526664734,-0.03651963174343109,110.97085571289062,-0.0006378673715516925
190239,2,1.1375203132629395,0.9180594086647034,0.10841742902994156,0.04890504851937294,110.97085571289062,0.024026338011026382
190259,2,1.1421254873275757,0.9392120838165283,0.19251582026481628,0.043146438896656036,110.97085571289062,0.03721049427986145
190279,2,1.149559497833252,0.9590877890586853,0.8647913336753845,-0.08032498508691788,110.99282836914062,-0.0027640920598059893
190299,2,1.154123306274414,0.9775237441062927,0.615445613861084,-0.025140579789876938,110.99282836914062,-0.04784005507826805
190319,2,1.1555536985397339,0.9944135546684265,1.0547003746032715,-0.10859323292970657,110.97085571289062,-0.04486333951354027
190339,2,1.1539735794067383,1.009696364402771,0.5502603650093079,-0.004203421995043755,110.97085571289062,-0.02445158362388611
190359,2,1.1490390300750732,1.023271083831787,0.8573847413063049,-0.05870011821389198,110.99282836914062,-0.04316236078739166
190379,2,1.1455940008163452,1.035038709640503,1.3480867147445679,-0.1530417799949646,110.99282836914062,-0.04443809390068054
190399,2,1.1357189416885376,1.0448521375656128,0.222542405128479,0.07135604321956635,110.97085571289062,-0.02785354293882847
190419,2,1.122037410736084,1.0526361465454102,0.7108314037322998,-0.01832440309226513,110.99282836914062,0.04826686158776283
190439,2,1.1046042442321777,1.0584734678268433,0.06925037503242493,0.11649368703365326,111.01492309570312,0.04826686158776283
190459,2,1.085289716720581,1.0620406866073608,-0.1941065490245819,0.18112443387508392,111.036865234375,0.09376806765794754
190479,2,1.0609599351882935,1.063294768333435,0.06442750990390778,0.14326083660125732,111.058837890625,0.14309804141521454
190499,2,1.0483672618865967,1.0623390674591064,0.1382552981376648,0.13776710629463196,111.058837890625,0.1061001718044281
190519,2,1.0182629823684692,1.0588070154190063,-0.013516247272491455,0.1740085929632187,111.080810546875,0.07590778172016144
190539,2,0.9836851954460144,1.0527368783950806,-0.1499677449464798,0.20993630588054657,111.102783203125,0.11630605161190033
190559,2,0.9449143409729004,1.0444186925888062,0.1698431670665741,0.1529804915189743,111.102783203125,0.088239885866642
190579,2,0.9025952219963074,1.0332794189453125,0.8980010151863098,0.012065956369042397,111.124755859375,0.05549602583050728
190599,2,0.8817633986473083,1.0196301937103271,1.3369532823562622,-0.07770723849534988,111.102783203125,0.0031893369741737843
190619,2,0.8336269855499268,1.002973198890686,1.0356346368789673,-0.020176243036985397,111.102783203125,0.010418500751256943
190639,2,0.7816401720046997,0.983523964881897,0.367563933134079,0.10782963782548904,111.102783203125,0.0006378673715516925
190659,2,0.7230175733566284,0.9614682197570801,0.8577545881271362,0.010754560120403767,111.124755859375,0.045715391635894775
190679,2,0.6653189659118652,0.9362403750419617,0.6501805782318115,0.043853987008333206,111.102783203125,-0.01977388933300972
190699,2,0.634115993976593,0.908642053604126,0.16046833992004395,0.14268551766872406,111.124755859375,0.09206709265708923
190719,2,0.5674261450767517,0.8776447772979736,1.392005443572998,-0.10191243141889572,111.19064331054688,0.052519313991069794
190739,2,0.49865397810935974,0.8436931371688843,0.6612775325775146,0.03337608277797699,111.16867065429688,-0.0010631122859194875
190759,2,0.42246851325035095,0.8074308633804321,1.0215281248092651,-0.04772055894136429,111.14669799804688,-0.04231186956167221
190779,2,0.34430474042892456,0.7672930955886841,1.0505383014678955,-0.06626009941101074,111.124755859375,-0.05507078021764755
190799,2,0.306915819644928,0.7248628735542297,1.3490469455718994,-0.13732294738292694,111.124755859375,-0.08143597096204758
190819,2,0.22315534949302673,0.6789232492446899,0.6649942994117737,-0.012721945531666279,111.14669799804688,-0.009142765775322914
190839,2,0.13683976233005524,0.6300280094146729,0.5537761449813843,0.0014945844886824489,111.14669799804688,0.0363600067794323
190859,2,0.04586619511246681,0.5789817571640015,-0.04890158772468567,0.11171691119670868,111.14669799804688,0.04273867979645729
190879,2,-0.04959499463438988,0.5239004492759705,0.5353266000747681,-0.010232598520815372,111.19064331054688,0.03848623111844063
190899,2,-0.09339124709367752,0.4667745530605316,-0.3451055884361267,0.1606055647134781,111.19064331054688,0.0963195413351059
190919,2,-0.1930491328239441,0.40616944432258606,0.36109447479248047,0.01283640693873167,111.21261596679688,0.05974847450852394
190939,2,-0.2948282063007355,0.3426441252231598,-0.08869080245494843,0.0880633220076561,111.19064331054688,0.006166051607578993
190959,2,-0.39940130710601807,0.27722832560539246,0.03851831704378128,0.0488053523004055,111.19064331054688,-0.006591296289116144
190979,2,-0.5080951452255249,0.2084461748600006,0.2569319009780884,-0.008932763710618019,111.19064331054688,0.01977388933300972
190999,2,-0.5587115287780762,0.13731063902378082,0.2897906005382538,-0.028095509856939316,111.19064331054688,0.0031893369741737843
191019,2,-0.6694715023040771,0.06292794644832611,-0.01787305250763893,0.013377766124904156,111.16867065429688,-0.03593319654464722
191039,2,-0.7844133377075195,-0.014105193316936493,0.017052173614501953,-0.011834025382995605,111.16867065429688,-0.058047495782375336
191059,2,-0.9013001918792725,-0.09261402487754822,-0.023553550243377686,-0.022204501554369926,111.16867065429688,-0.0469895638525486
191079,2,-1.0195105075836182,-0.1743321567773819,0.49599266052246094,-0.15069255232810974,111.124755859375,-0.1061001718044281
191099,2,-1.0751380920410156,-0.25800102949142456,0.519106388092041,-0.16796796023845673,111.14669799804688,-0.029554523527622223
191119,2,-1.1945838928222656,-0.344546914100647,-0.9721325039863586,0.10837022960186005,111.124755859375,0.0023388471454381943
191139,2,-1.31831955909729,-0.4333520531654358,-0.8979300260543823,0.0742335170507431,111.102783203125,-0.02870403230190277
191159,2,-1.4403289556503296,-0.5230452418327332,-0.6891113519668579,0.014826032333076,111.124755859375,-0.007441786117851734
191179,2,-1.5627782344818115,-0.6159372925758362,-0.3616352379322052,-0.07309893518686295,111.102783203125,-0.06357567757368088
191199,2,-1.6764956712722778,-0.7110223770141602,-0.4436701238155365,-0.08305995911359787,111.080810546875,-0.09844576567411423
191219,2,-1.7376168966293335,-0.8064585328102112,-0.585051417350769,-0.07315681874752045,111.102783203125,-0.038484666496515274
191239,2,-1.861720085144043,-0.9042277336120605,-0.495520681142807,-0.11242963373661041,111.102783203125,-0.033806972205638885
191259,2,-1.975990891456604,-1.003545880317688,-1.2303588390350342,0.007292015943676233,111.080810546875,-0.09249233454465866
191279,2,-2.102090358734131,-1.104263186454773,-0.622114360332489,-0.1381119042634964,111.080810546875,-0.10652542114257812
191299,2,-2.2268483638763428,-1.2061278820037842,-0.07306605577468872,-0.27602168917655945,111.058837890625,-0.14862467348575592
191319,2,-2.354060649871826,-1.3079206943511963,-0.24438025057315826,-0.2739691138267517,110.97085571289062,-0.189449742436409
191339,2,-2.413700580596924,-1.4109472036361694,-1.1976511478424072,-0.10746177285909653,110.90496826171875,-0.10227297246456146
191359,2,-2.5377702713012695,-1.5155651569366455,-0.5344491004943848,-0.2663079500198364,110.90496826171875,-0.16053152084350586
191379,2,-2.661961793899536,-1.6208709478378296,-0.9642370939254761,-0.21309718489646912,110.88299560546875,-0.17754288017749786
191399,2,-2.7856204509735107,-1.7256057262420654,-1.7879822254180908,-0.07795170694589615,110.79513549804688,-0.11290409415960312
191419,2,-2.9074480533599854,-1.8308662176132202,-0.6504188776016235,-0.33203551173210144,110.77316284179688,-0.16436029970645905
191439,2,-2.9621334075927734,-1.9365012645721436,-1.132755994796753,-0.2580716907978058,110.729248046875,-0.08611366152763367
191459,2,-3.0798161029815674,-2.042774200439453,-1.5473194122314453,-0.20812879502773285,110.685302734375,-0.20475855469703674
191479,2,-3.1960549354553223,-2.1489412784576416,-1.4964362382888794,-0.2422710359096527,110.685302734375,-0.1371430605649948
191499,2,-3.308812379837036,-2.2537410259246826,-2.207740068435669,-0.12461674958467484,110.64126586914062,-0.10737590491771698
191519,2,-3.4188778400421143,-2.3586223125457764,-2.4238767623901367,-0.1069282740354538,110.59735107421875,-0.13289059698581696
191539,2,-3.5185787677764893,-2.4628922939300537,-2.2228591442108154,-0.1757293939590454,110.55340576171875,-0.23239947855472565
191559,2,-3.565823793411255,-2.5661051273345947,-1.6120259761810303,-0.32431766390800476,110.50949096679688,-0.2477083057165146
191579,2,-3.6694552898406982,-2.66886830329895,-1.2939906120300293,-0.4231991767883301,110.42160034179688,-0.3114966154098511
191599,2,-3.7679710388183594,-2.7704379558563232,-2.779059648513794,-0.16022199392318726,110.355712890625,-0.2349509447813034
191619,2,-3.864025115966797,-2.8702423572540283,-2.721123218536377,-0.19206631183624268,110.333740234375,-0.14139550924301147
191639,2,-3.957956552505493,-2.9682259559631348,-2.0353474617004395,-0.3468313217163086,110.28970336914062,-0.1371430605649948
191659,2,-3.9987692832946777,-3.0647878646850586,-2.534080743789673,-0.2687157094478607,110.17987060546875,-0.159681037068367
191679,2,-4.083200931549072,-3.159946918487549,-3.3786840438842773,-0.12252340465784073,110.07003784179688,-0.15585383772850037
191699,2,-4.165013313293457,-3.253084182739258,-2.651613712310791,-0.2855845093727112,110.004150390625,-0.14947515726089478
191719,2,-4.240906238555908,-3.343318223953247,-3.0678741931915283,-0.21959517896175385,109.91616821289062,-0.10482443869113922
191739,2,-4.312399387359619,-3.431670665740967,-3.1067616939544678,-0.22526521980762482,109.82830810546875,-0.08781464397907257
191759,2,-4.3433403968811035,-3.5172853469848633,-4.322312831878662,0.0055613149888813496,109.76242065429688,-0.038909912109375
191779,2,-4.406450271606445,-3.6006085872650146,-3.2488551139831543,-0.22175653278827667,109.71847534179688,-0.12098374962806702
191799,2,-4.464930534362793,-3.6810848712921143,-4.3713603019714355,-0.016564704477787018,109.652587890625,-0.09589429199695587
191819,2,-4.517518043518066,-3.758091688156128,-3.1724936962127686,-0.2703821063041687,109.630615234375,-0.15415285527706146
191839,2,-4.563806056976318,-3.832279682159424,-6.396793842315674,0.3600462079048157,109.38888549804688,0.0461406372487545
191859,2,-4.583189010620117,-3.903022527694702,-3.594212532043457,-0.20260192453861237,109.43283081054688,-0.10099723190069199
191879,2,-4.621142387390137,-3.97058367729187,-3.72898268699646,-0.17966005206108093,109.322998046875,-0.022750603035092354
191899,2,-4.652230262756348,-4.03452205657959,-4.528308391571045,-0.04149378836154938,109.16912841796875,-0.14054501056671143
191919,2,-4.675555229187012,-4.094700813293457,-3.155280828475952,-0.31192746758461,109.14715576171875,-0.06187470257282257
191939,2,-4.694713115692139,-4.151000499725342,-5.485081672668457,0.1356762945652008,108.971435546875,-0.041886623948812485
191959,2,-4.707476615905762,-4.203324794769287,-3.8495359420776367,-0.19766542315483093,108.949462890625,-0.1273624151945114
191979,2,-4.713533401489258,-4.2515716552734375,-5.119690895080566,0.049391765147447586,108.77362060546875,-0.007016541436314583
191999,2,-4.714444160461426,-4.295584678649902,-4.948768615722656,0.005602207500487566,108.68576049804688,-0.10737590491771698
192019,2,-4.711421012878418,-4.335258960723877,-3.5628390312194824,-0.27413302659988403,108.641845703125,-0.1481994241476059
192039,2,-4.701604843139648,-4.370457172393799,-5.243697166442871,0.046312134712934494,108.42205810546875,-0.10397394746541977
192059,2,-4.686488628387451,-4.401065349578857,-4.044182777404785,-0.18221044540405273,108.33419799804688,-0.017222419381141663
192079,2,-4.661009311676025,-4.427296161651611,-4.657891750335693,-0.06810346245765686,108.246337890625,-0.07590778172016144
192099,2,-4.633615493774414,-4.448498249053955,-3.9798355102539062,-0.2079235017299652,108.202392578125,-0.14692369103431702
192119,2,-4.617375373840332,-4.4651689529418945,-4.720410346984863,-0.06915396451950073,108.07049560546875,-0.15542858839035034
192139,2,-4.5774359703063965,-4.476738929748535,-3.5955162048339844,-0.2876916527748108,108.02658081054688,-0.0703795999288559
192159,2,-4.529823303222656,-4.483306407928467,-6.20263671875,0.21904723346233368,107.82888793945312,-0.06995435804128647
192179,2,-4.474064350128174,-4.4852986335754395,-4.19602632522583,-0.16680936515331268,107.80679321289062,-0.0737815573811531
192199,2,-4.414925575256348,-4.481616973876953,-3.767160415649414,-0.256142795085907,107.74090576171875,-0.2039080709218979
192219,2,-4.351954936981201,-4.4728827476501465,-4.894242286682129,-0.03183351457118988,107.60910034179688,-0.11758178472518921
192239,2,-4.31758451461792,-4.459372520446777,-2.9448583126068115,-0.417370468378067,107.565185546875,-0.1732904314994812
192259,2,-4.240070343017578,-4.440237045288086,-6.781823635101318,0.34852075576782227,107.34539794921875,-0.0019136022310703993
192279,2,-4.156301975250244,-4.41585111618042,-3.6601431369781494,-0.2552837133407593,107.34539794921875,-0.0640009269118309
192299,2,-4.063705921173096,-4.386561393737793,-4.503570556640625,-0.07227102667093277,107.191650390625,-0.005740806460380554
192319,2,-3.9664955139160156,-4.351963043212891,-5.01260232925415,0.031789422035217285,107.10366821289062,-0.10014674812555313
192339,2,-3.918128728866577,-4.312464237213135,-3.360478162765503,-0.2780788242816925,107.08169555664062,-0.03465746343135834
192359,2,-3.80861496925354,-4.266963481903076,-4.759966850280762,0.004302563611418009,106.92794799804688,-0.07505729049444199
192379,2,-3.69650936126709,-4.216193199157715,-3.979562759399414,-0.13052280247211456,106.88400268554688,-0.02445158362388611
192399,2,-3.5766677856445312,-4.160786151885986,-3.997253894805908,-0.11242111027240753,106.862060546875,-0.009142765775322914
192419,2,-3.462865114212036,-4.100241184234619,-4.119594573974609,-0.07384786009788513,106.73013305664062,-0.05166725814342499
192439,2,-3.3272721767425537,-4.034192085266113,-3.534662961959839,-0.16995947062969208,106.66424560546875,-0.05507078021764755
192459,2,-3.2655584812164307,-3.963325262069702,-4.257254123687744,-0.015635769814252853,106.57638549804688,-0.061449456959962845
192479,2,-3.1242599487304688,-3.886569023132324,-4.556879043579102,0.06165890768170357,106.488525390625,-0.03423221781849861
192499,2,-2.978095293045044,-3.8046443462371826,-3.793123245239258,-0.06793554127216339,106.42251586914062,-0.02445158362388611
192519,2,-2.826019287109375,-3.71905779838562,-4.025108337402344,-0.0035025666002184153,106.35662841796875,-0.06059896573424339
192539,2,-2.6680150032043457,-3.626939058303833,-3.6050150394439697,-0.06528004258871078,106.31256103515625,-0.052092503756284714
192559,2,-2.5946803092956543,-3.53141450881958,-3.3321475982666016,-0.09979913383722305,106.24667358398438,-0.0299797672778368
192579,2,-2.4298086166381836,-3.4301810264587402,-2.8710644245147705,-0.1658659428358078,106.20272827148438,-0.019348643720149994
192599,2,-2.2602670192718506,-3.324212074279785,-3.50380539894104,-0.01665205880999565,106.1368408203125,-0.03635844215750694
192619,2,-2.088365077972412,-3.215132474899292,-3.293039083480835,-0.03298689052462578,106.09292602539062,-0.022750603035092354
192639,2,-1.907726526260376,-3.0997085571289062,-2.9557290077209473,-0.07535579055547714,106.02700805664062,-0.06059896573424339
192659,2,-1.7386294603347778,-2.9806101322174072,-2.3443763256073,-0.1717214286327362,105.98309326171875,-0.06315043568611145
192679,2,-1.6403181552886963,-2.8576250076293945,-2.151247024536133,-0.1892726868391037,105.93905639648438,-0.0737815573811531
192699,2,-1.4509068727493286,-2.729607105255127,-2.913959503173828,-0.015274892561137676,105.87313842773438,-0.06485141813755035
192719,2,-1.2410110235214233,-2.5999057292938232,-2.2168660163879395,-0.13064467906951904,105.85116577148438,-0.14139550924301147
192739,2,-1.1543184518814087,-2.465541124343872,-2.6042234897613525,-0.032057490199804306,105.8292236328125,-0.06782812625169754
192759,2,-0.9599681496620178,-2.326345682144165,-2.5498576164245605,-0.01673184148967266,105.7852783203125,-0.10227297246456146
192779,2,-0.7606534957885742,-2.1844642162323,-1.9526244401931763,-0.10773363709449768,105.7633056640625,-0.10482443869113922
192799,2,-0.5771929621696472,-2.038463830947876,-2.156583070755005,-0.04184092581272125,105.71939086914062,-0.08101072162389755
192819,2,-0.37813377380371094,-1.8902971744537354,-1.6052627563476562,-0.1191381886601448,105.69741821289062,-0.07973498851060867
192839,2,-0.17515777051448822,-1.7391811609268188,-2.1554243564605713,0.02267780713737011,105.67544555664062,-0.005740806460380554
192859,2,0.014019227586686611,-1.5839284658432007,-1.6606357097625732,-0.04159071668982506,105.67544555664062,-0.03678368777036667
192879,2,0.1241004690527916,-1.4264951944351196,-0.8901644349098206,-0.16208860278129578,105.63153076171875,-0.03805942088365555
192899,2,0.33080965280532837,-1.2657214403152466,-1.7495366334915161,0.04049450159072876,105.54354858398438,-0.024876829236745834
192919,2,0.5392948985099792,-1.1042240858078003,-1.3001576662063599,-0.014537621289491653,105.54354858398438,-0.06527666002511978
192939,2,0.7416593432426453,-0.9396716356277466,-2.0779552459716797,0.18080481886863708,105.54354858398438,0.061449456959962845
192959,2,0.8410795331001282,-0.7738820314407349,-0.9946337938308716,0.001153630786575377,105.54354858398438,0.007867030799388885
192979,2,1.0460511445999146,-0.6051111817359924,-0.3320167064666748,-0.09117546677589417,105.56552124023438,0.02445158362388611
192999,2,1.2522703409194946,-0.4347628653049469,-1.0765981674194336,0.09325339645147324,105.54354858398438,0.02317584864795208
193019,2,1.4578897953033447,-0.26490601897239685,0.22667628526687622,-0.128144308924675,105.54354858398438,-0.04443809390068054
193039,2,1.6633994579315186,-0.09240881353616714,-0.592273473739624,0.06980010867118835,105.4776611328125,-0.018923399969935417
193059,2,1.8523670434951782,0.08183784782886505,-0.25799086689949036,0.046012330800294876,105.52157592773438,0.09079135954380035
193079,2,1.9447500705718994,0.255705863237381,-0.9757910966873169,0.22944721579551697,105.52157592773438,0.15628063678741455
193099,2,2.1477842330932617,0.4313373565673828,-0.02100728452205658,0.08670053631067276,105.49960327148438,0.12821291387081146
193119,2,2.3491504192352295,0.6076967120170593,-0.500716507434845,0.22548139095306396,105.52157592773438,0.13671937584877014
193139,2,2.5464565753936768,0.7824558615684509,0.3071122467517853,0.1092102900147438,105.52157592773438,0.13331584632396698
193159,2,2.7417094707489014,0.9573055505752563,0.35383278131484985,0.14112992584705353,105.52157592773438,0.09717003256082535
193179,2,2.8301475048065186,1.1322643756866455,0.4565640091896057,0.15986008942127228,105.52157592773438,0.088239885866642
193199,2,3.020395517349243,1.3079029321670532,0.29828497767448425,0.23652976751327515,105.54354858398438,0.15798161923885345
193219,2,3.208592414855957,1.4829773902893066,0.8125648498535156,0.17662183940410614,105.56552124023438,0.12693718075752258
193239,2,3.3938987255096436,1.6556051969528198,1.3434324264526367,0.11660314351320267,105.58749389648438,0.15415441989898682
193259,2,3.571275234222412,1.8290811777114868,1.1576212644577026,0.1969710737466812,105.58749389648438,0.1605330854654312
193279,2,3.6577110290527344,1.9999065399169922,1.1135908365249634,0.24055594205856323,105.58749389648438,0.09036611020565033
193299,2,3.833256721496582,2.170562744140625,1.252418875694275,0.25546491146087646,105.63153076171875,0.15457965433597565
193319,2,4.002391338348389,2.3396105766296387,1.813353180885315,0.1869308203458786,105.65347290039062,0.14182230830192566
193339,2,4.166650295257568,2.505356788635254,1.9978593587875366,0.19152049720287323,105.67544555664062,0.1605330854654312
193359,2,4.328507423400879,2.6702473163604736,1.6016082763671875,0.31215736269950867,105.71939086914062,0.19412744045257568
193379,2,4.406870365142822,2.832615375518799,1.958401083946228,0.2817811965942383,105.7852783203125,0.21751591563224792
193399,2,4.559744834899902,2.993697166442871,2.252021074295044,0.2671641409397125,105.8292236328125,0.23069849610328674
193419,2,4.709713459014893,3.1523706912994385,2.681978464126587,0.21971966326236725,105.85116577148438,0.1426728069782257
193439,2,4.839635848999023,3.308739423751831,2.742199420928955,0.24082382023334503,105.89511108398438,0.11715654283761978
193459,2,4.979684352874756,3.460860013961792,2.5329031944274902,0.31872254610061646,105.96099853515625,0.17754288017749786
193479,2,5.115031719207764,3.6103198528289795,2.990924835205078,0.269848108291626,106.04898071289062,0.2553642690181732
193499,2,5.176853179931641,3.7571136951446533,3.4015893936157227,0.22752557694911957,106.1368408203125,0.27237406373023987
193519,2,5.297178745269775,3.9010283946990967,4.260835647583008,0.09567754715681076,106.22470092773438,0.24941083788871765
193539,2,5.416079521179199,4.041584014892578,4.193907260894775,0.14301393926143646,106.31256103515625,0.22644604742527008
193559,2,5.528804302215576,4.178061485290527,4.998476505279541,0.011247005313634872,106.37857055664062,0.13118962943553925
193579,2,5.62714958190918,4.3109130859375,4.294268608093262,0.17741349339485168,106.466552734375,0.1554301530122757
193599,2,5.730571269989014,4.440366268157959,4.23059606552124,0.21592779457569122,106.53244018554688,0.13501682877540588
193619,2,5.783206462860107,4.565713405609131,4.293531894683838,0.22303618490695953,106.62030029296875,0.11077786982059479
193639,2,5.866428375244141,4.6875834465026855,5.311388969421387,0.04752170294523239,106.73013305664062,0.11332933604717255
193659,2,5.9561028480529785,4.805055141448975,4.2400031089782715,0.2857040464878082,106.774169921875,0.19795463979244232
193679,2,6.034239768981934,4.918466091156006,5.622047424316406,0.030607467517256737,106.92794799804688,0.07123009115457535
193699,2,6.108124732971191,5.027621269226074,4.904010772705078,0.19610220193862915,106.99383544921875,0.1456495225429535
193719,2,6.139461994171143,5.132270812988281,4.079485893249512,0.37799668312072754,107.10366821289062,0.20603430271148682
193739,2,6.208984851837158,5.232866287231445,4.611413478851318,0.29455408453941345,107.213623046875,0.1409718245267868
193759,2,6.261379241943359,5.329051971435547,3.956486701965332,0.4430556297302246,107.30148315429688,0.17031371593475342
193779,2,6.313377857208252,5.420438289642334,6.819581031799316,-0.10455145686864853,107.47732543945312,0.09334282577037811
193799,2,6.358771800994873,5.507483005523682,5.631687641143799,0.1471346914768219,107.543212890625,0.12310997396707535
193819,2,6.378101348876953,5.589618682861328,5.63828706741333,0.1597100794315338,107.65304565429688,0.13629412651062012
193839,2,6.414149284362793,5.667359352111816,6.149032115936279,0.07174298167228699,107.76287841796875,0.09419331699609756
193859,2,6.444449424743652,5.740293025970459,4.836103916168213,0.34357234835624695,107.82888793945312,0.14607475697994232
193879,2,6.468458652496338,5.808438301086426,6.08343505859375,0.10672362893819809,107.98263549804688,0.0784592553973198
193899,2,6.487037658691406,5.872046947479248,5.7052459716796875,0.18788860738277435,108.02658081054688,0.08441267907619476
193919,2,6.494463920593262,5.93093204498291,5.659568786621094,0.20400281250476837,108.09246826171875,0.09291758388280869
193939,2,6.5029616355896,5.985199451446533,6.4970245361328125,0.049308352172374725,108.246337890625,0.10397394746541977
193959,2,6.506956100463867,6.034744739532471,5.751985549926758,0.19925789535045624,108.31222534179688,0.06187470257282257
193979,2,6.505441665649414,6.07964563369751,6.7034592628479,0.02593391388654709,108.46600341796875,0.11885752528905869
193999,2,6.498913288116455,6.119902610778809,5.561697959899902,0.2465495467185974,108.553955078125,0.050393085926771164
194019,2,6.493590354919434,6.155660629272461,7.642477512359619,-0.1561899334192276,108.75164794921875,0.09334282577037811
194039,2,6.477743148803711,6.186795234680176,4.753857612609863,0.42022672295570374,108.75164794921875,0.17881861329078674
194059,2,6.4573869705200195,6.213498115539551,6.367516994476318,0.09955784678459167,108.927490234375,0.03508426994085312
194079,2,6.432697296142578,6.235734939575195,6.287962436676025,0.12517601251602173,109.01535034179688,0.14054657518863678
194099,2,6.41973352432251,6.253722667694092,5.468794345855713,0.2849354147911072,109.14715576171875,0.09419331699609756
194119,2,6.388757705688477,6.267251491546631,5.886288166046143,0.2091859132051468,109.301025390625,0.1830710768699646
194139,2,6.352602005004883,6.276518821716309,5.8457841873168945,0.22039969265460968,109.38888549804688,0.1256614476442337
194159,2,6.313399314880371,6.281990051269531,5.764732837677002,0.24255284667015076,109.49871826171875,0.16818749904632568
194179,2,6.300450325012207,6.283636093139648,6.386402606964111,0.12363896518945694,109.608642578125,0.15032720565795898
194199,2,6.278685569763184,6.283968925476074,6.098541736602783,0.18158988654613495,109.71847534179688,0.12098374962806702
194219,2,6.231198310852051,6.2799859046936035,6.175596237182617,0.16884087026119232,109.80633544921875,0.19200120866298676
194239,2,6.178682804107666,6.271984100341797,5.363162994384766,0.33410292863845825,109.93814086914062,0.20943625271320343
194259,2,6.120110988616943,6.260449409484863,5.067875385284424,0.39546874165534973,110.026123046875,0.20986150205135345
194279,2,6.057375907897949,6.244576454162598,6.200586795806885,0.17367522418498993,110.17987060546875,0.18094484508037567
194299,2,6.026588439941406,6.224969387054443,5.813477993011475,0.2514382302761078,110.31179809570312,0.19157597422599792
194319,2,5.957108974456787,6.2010087966918945,5.535467147827148,0.31270667910575867,110.44357299804688,0.28980910778045654
194339,2,5.882058620452881,6.173017978668213,5.674118995666504,0.28932422399520874,110.57537841796875,0.2876828908920288
194359,2,5.803062915802002,6.141764163970947,5.592708110809326,0.30965036153793335,110.729248046875,0.2830051779747009
194379,2,5.716510772705078,6.106077671051025,6.112394332885742,0.2035766839981079,110.86105346679688,0.20518380403518677
194399,2,5.67622184753418,6.0666584968566895,6.234147548675537,0.16806316375732422,110.94891357421875,0.09419331699609756
194419,2,5.585334300994873,6.022810459136963,6.105838775634766,0.18246492743492126,111.102783203125,0.14309804141521454
194439,2,5.489673614501953,5.975046157836914,6.043445587158203,0.18142534792423248,111.23455810546875,0.12438570708036423
194459,2,5.3886332511901855,5.924277305603027,6.95046329498291,-0.014032887294888496,111.410400390625,0.06357567757368088
194479,2,5.285366058349609,5.868598937988281,6.505814075469971,0.06053340062499046,111.49826049804688,0.13161486387252808
194499,2,5.231423854827881,5.809955596923828,5.1639404296875,0.3064766526222229,111.58612060546875,0.0963195413351059
194519,2,5.120240688323975,5.746738433837891,7.17205810546875,-0.09985920041799545,111.805908203125,0.08866513520479202
194539,2,5.004917144775391,5.679736614227295,5.649231433868408,0.181788370013237,111.84982299804688,0.17711764574050903
194559,2,4.883570194244385,5.6100544929504395,5.967198371887207,0.10060086101293564,111.95965576171875,0.06612715125083923
194579,2,4.757214069366455,5.535894870758057,6.079980850219727,0.05704639479517937,112.04753112792969,0.04018720984458923
194599,2,4.698631286621094,5.458381652832031,6.691377639770508,-0.08884193003177643,112.15757751464844,-0.03593319654464722
194619,2,4.569707870483398,5.376572608947754,6.575384616851807,-0.09699682146310806,112.28936767578125,-0.06272519379854202
194639,2,4.435145854949951,5.291089057922363,6.176159858703613,-0.051216304302215576,112.37722778320312,-0.11162836104631424
194659,2,4.293084621429443,5.202533721923828,5.6475138664245605,0.023292016237974167,112.50914001464844,-0.03805942088365555
194679,2,4.1550822257995605,5.109807968139648,5.385350227355957,0.04713546112179756,112.59700012207031,-0.02785354293882847
194699,2,4.083734512329102,5.014797210693359,5.605363845825195,-0.018707137554883957,112.70683288574219,0.0031893369741737843
194719,2,3.9388327598571777,4.915557384490967,5.467378616333008,-0.01594378985464573,112.81666564941406,0.0010631122859194875
194739,2,3.788303852081299,4.81295108795166,4.94145393371582,0.06654192507266998,112.90463256835938,0.044439658522605896
194759,2,3.6343600749969482,4.708519458770752,4.6751389503479,0.09955425560474396,113.05839538574219,0.10099723190069199
194779,2,3.4913883209228516,4.600119590759277,3.309877872467041,0.3485700488090515,113.12429809570312,0.13501682877540588
194799,2,3.336343765258789,4.487654685974121,5.489261150360107,-0.09807996451854706,113.25619506835938,0.0997214987874031
194819,2,3.2557532787323,4.3734002113342285,3.230334997177124,0.3351117670536041,113.27816772460938,0.2009313553571701
194839,2,3.093097686767578,4.25506591796875,3.949498176574707,0.16749662160873413,113.36602783203125,0.08526317030191422
194859,2,2.9253129959106445,4.1337056159973145,4.209672927856445,0.09799420833587646,113.38798522949219,0.13161486387252808
194879,2,2.7532777786254883,4.010155200958252,3.2342758178710938,0.2738628685474396,113.40995788574219,0.215389683842659
194899,2,2.580204486846924,3.88362979888916,3.740623950958252,0.1418435275554657,113.49781799316406,0.008292276412248611
194919,2,2.4988880157470703,3.7548577785491943,4.696985244750977,-0.0636955127120018,113.58580017089844,0.09036611020565033
194939,2,2.3264424800872803,3.622643232345581,2.2366652488708496,0.3958887755870819,113.60775756835938,0.15415441989898682
194959,2,2.1493091583251953,3.4877710342407227,3.4956741333007812,0.11810826510190964,113.69561767578125,0.06825337558984756
194979,2,1.9647347927093506,3.3521199226379395,3.492328643798828,0.09793805330991745,113.73956298828125,0.13289059698581696
194999,2,1.7848806381225586,3.2127323150634766,2.466219186782837,0.27659890055656433,113.76152038574219,0.20645953714847565
195019,2,1.614681363105774,3.070331573486328,2.9420359134674072,0.15466739237308502,113.80545043945312,0.13799510896205902
195039,2,1.5299869775772095,2.9268758296966553,3.0828473567962646,0.10603475570678711,113.82742309570312,0.1588321030139923
195059,2,1.3437268733978271,2.7801144123077393,2.8040614128112793,0.13377133011817932,113.87135314941406,0.14990197122097015
195079,2,1.1544498205184937,2.6320245265960693,2.687595844268799,0.12715844810009003,113.915283203125,0.1061001718044281
195099,2,0.9723370671272278,2.483232259750366,2.6581315994262695,0.09871020168066025,113.915283203125,0.037635739892721176
195119,2,0.799830436706543,2.3319218158721924,2.7518086433410645,0.04617101326584816,113.95932006835938,0.035509515553712845
195139,2,0.6267136931419373,2.178504228591919,2.419990062713623,0.07768484205007553,113.98129272460938,0.055921271443367004
195159,2,0.44018951058387756,2.0223848819732666,2.322566509246826,0.06258707493543625,114.00325012207031,0.037635739892721176
195179,2,0.3472440838813782,1.8664064407348633,2.47926664352417,0.002873603254556656,114.04718017578125,0.07505729049444199
195199,2,0.15546537935733795,1.7077206373214722,1.9232560396194458,0.07947874814271927,114.06915283203125,0.08483792841434479
195219,2,-0.03709536790847778,1.5475977659225464,2.7854576110839844,-0.13260634243488312,114.11308288574219,-0.007016541436314583
195239,2,-0.23109115660190582,1.3870534896850586,1.343723177909851,0.11091236770153046,114.06915283203125,-0.004039826802909374
195259,2,-0.4223448932170868,1.2243086099624634,2.116581916809082,-0.07220897078514099,114.20094299316406,0.059323232620954514
195279,2,-0.5145490169525146,1.0622392892837524,1.0189735889434814,0.1032305508852005,114.20094299316406,-0.027428297325968742
195299,2,-0.7083557844161987,0.8979186415672302,1.8146952390670776,-0.09165805578231812,114.266845703125,-0.017222419381141663
195319,2,-0.8981655240058899,0.7328162789344788,2.106316328048706,-0.18183188140392303,114.28892517089844,0.0291308406740427
195339,2,-1.072031855583191,0.5667329430580139,-0.01747751235961914,0.19500446319580078,114.244873046875,0.0014883573167026043
195359,2,-1.263939380645752,0.4021121859550476,0.8598587512969971,-0.012828665785491467,114.33285522460938,0.043589167296886444
195379,2,-1.4573893547058105,0.23486505448818207,0.2417074590921402,0.07612116634845734,114.33285522460938,0.0542202927172184
195399,2,-1.5456122159957886,0.06868814677000046,0.3529052734375,0.021465158089995384,114.33285522460938,0.005315561778843403
195419,2,-1.7340731620788574,-0.09878695011138916,0.6119645833969116,-0.06901400536298752,114.31088256835938,-0.022325359284877777
195439,2,-1.925335168838501,-0.2666136622428894,0.3673535883426666,-0.058738190680742264,114.33285522460938,0.02190011367201805
195459,2,-2.1094536781311035,-0.43290555477142334,0.2853139042854309,-0.08401359617710114,114.31088256835938,-0.07463204860687256
195479,2,-2.293576240539551,-0.6008638739585876,-0.11614321172237396,-0.04575296491384506,114.31088256835938,-0.06485141813755035
195499,2,-2.3833656311035156,-0.7671757936477661,0.2363489419221878,-0.1539001166820526,114.31088256835938,-0.0997214987874031
195519,2,-2.5650992393493652,-0.9344131350517273,-0.5631924867630005,-0.03962905704975128,114.244873046875,-0.11460506916046143
195539,2,-2.7279775142669678,-1.1013333797454834,0.42931365966796875,-0.27571433782577515,114.266845703125,-0.1158808097243309
195559,2,-2.9065465927124023,-1.2675718069076538,-1.9146966934204102,0.14922389388084412,114.15701293945312,0.0019136022310703993
195579,2,-3.089005470275879,-1.431727409362793,-0.6979379057884216,-0.1333170384168625,114.17898559570312,-0.11077786982059479
195599,2,-3.257416248321533,-1.5969903469085693,-0.09079664945602417,-0.287151038646698,114.20094299316406,-0.033806972205638885
195619,2,-3.4189820289611816,-1.7611072063446045,-1.1264499425888062,-0.12266663461923599,114.15701293945312,-0.10695066303014755
195639,2,-3.495551824569702,-1.9233332872390747,-1.2489436864852905,-0.13772065937519073,114.13505554199219,-0.11885752528905869
195659,2,-3.6659750938415527,-2.0855042934417725,-1.413225769996643,-0.14835378527641296,114.11308288574219,-0.14862467348575592
195679,2,-3.8310484886169434,-2.246455669403076,-0.7951745986938477,-0.311275452375412,114.09112548828125,-0.15712957084178925
195699,2,-3.996934652328491,-2.405503749847412,-1.7571802139282227,-0.1564580798149109,114.02522277832031,-0.052092503756284714
195719,2,-4.151811122894287,-2.5639257431030273,-2.299178123474121,-0.09472610801458359,113.915283203125,-0.1813700944185257
195739,2,-4.227354049682617,-2.7194318771362305,-2.3726940155029297,-0.11424726992845535,113.893310546875,-0.16648651659488678
195759,2,-4.38128137588501,-2.8743109703063965,-2.029179811477661,-0.22337035834789276,113.87135314941406,-0.15585383772850037
195779,2,-4.53322696685791,-3.027508020401001,-1.4776873588562012,-0.3719348609447479,113.84938049316406,-0.15032564103603363
195799,2,-4.667876243591309,-3.179234027862549,-2.30118989944458,-0.24829277396202087,113.78349304199219,-0.18222057819366455
195819,2,-4.814283847808838,-3.327500104904175,-2.7536563873291016,-0.1923716515302658,113.76152038574219,-0.1043991968035698
195839,2,-4.95355224609375,-3.47468900680542,-2.836744546890259,-0.211004838347435,113.67366027832031,-0.11120311170816422
195859,2,-5.016077995300293,-3.6190624237060547,-2.9345109462738037,-0.22390787303447723,113.60775756835938,-0.16436029970645905
195879,2,-5.151638507843018,-3.7619688510894775,-2.941112518310547,-0.2611657381057739,113.541748046875,-0.20943625271320343
195899,2,-5.279402732849121,-3.902416229248047,-3.012479543685913,-0.2842201888561249,113.45388793945312,-0.22431983053684235
195919,2,-5.4083781242370605,-4.039944171905518,-3.111661195755005,-0.2980281412601471,113.36602783203125,-0.1579800546169281
195939,2,-5.529953956604004,-4.17512321472168,-3.768585681915283,-0.19687850773334503,113.30012512207031,-0.10524968057870865
195959,2,-5.584139823913574,-4.3072075843811035,-3.942056894302368,-0.18650904297828674,113.190185546875,-0.081861212849617
195979,2,-5.698359489440918,-4.4371843338012695,-4.266313076019287,-0.14900624752044678,113.10232543945312,-0.10907688736915588
195999,2,-5.8109564781188965,-4.563835620880127,-4.411545753479004,-0.14887703955173492,112.99249267578125,-0.12608668208122253
196019,2,-5.9142327308654785,-4.687219142913818,-3.098134994506836,-0.4345337748527527,112.99249267578125,-0.16308298707008362
196039,2,-6.0159759521484375,-4.808168888092041,-5.908235549926758,0.09462067484855652,112.77273559570312,-0.05251774936914444
196059,2,-6.05911111831665,-4.925619125366211,-4.3497138023376465,-0.23538997769355774,112.75076293945312,-0.15287712216377258
196079,2,-6.154186248779297,-5.0404510498046875,-4.644602298736572,-0.20372939109802246,112.61897277832031,-0.11375458538532257
196099,2,-6.239561080932617,-5.151859760284424,-5.439455509185791,-0.06984084844589233,112.46510314941406,-0.09674478322267532
196119,2,-6.321629047393799,-5.259516716003418,-3.518206834793091,-0.47944334149360657,112.44313049316406,-0.24685780704021454
196139,2,-6.397636413574219,-5.363803863525391,-6.451448917388916,0.08446631580591202,112.17953491210938,-0.04826530069112778
196159,2,-6.4323248863220215,-5.464206218719482,-5.826295852661133,-0.054065484553575516,112.135498046875,-0.04656431823968887
196179,2,-6.50095796585083,-5.561422824859619,-5.859007835388184,-0.07330962270498276,112.04753112792969,-0.13969452679157257
196199,2,-6.564183235168457,-5.654909610748291,-4.260253429412842,-0.3973820209503174,111.93768310546875,-0.08781464397907257
196219,2,-6.6170573234558105,-5.744513511657715,-8.241500854492188,0.369452565908432,111.67401123046875,-0.02190011367201805
196239,2,-6.668259620666504,-5.829925537109375,-5.902836799621582,-0.1023072823882103,111.69595336914062,-0.06697764247655869
196259,2,-6.7154059410095215,-5.911620616912842,-7.24160623550415,0.14413732290267944,111.476318359375,-0.06527666002511978
196279,2,-6.734882354736328,-5.98924446105957,-4.8221845626831055,-0.3486737608909607,111.432373046875,-0.16010628640651703
196299,2,-6.772604465484619,-6.06299352645874,-6.922300338745117,0.05567837506532669,111.25653076171875,-0.01849815435707569
196319,2,-6.8044562339782715,-6.132584571838379,-4.994816303253174,-0.34313857555389404,111.25653076171875,-0.1652107834815979
196339,2,-6.830384254455566,-6.197875022888184,-6.818851947784424,0.01145491935312748,111.036865234375,-0.010843745432794094
196359,2,-6.848877429962158,-6.258899211883545,-5.750513076782227,-0.22203387320041656,110.97085571289062,-0.20816051959991455
196379,2,-6.863839626312256,-6.315685749053955,-6.635354518890381,-0.055031392723321915,110.77316284179688,-0.049541033804416656
196399,2,-6.868532180786133,-6.3681230545043945,-4.708942890167236,-0.4531155228614807,110.751220703125,-0.19327694177627563
196419,2,-6.874263286590576,-6.416195392608643,-6.862699031829834,-0.028936170041561127,110.48751831054688,-0.02317584864795208
196439,2,-6.8736252784729,-6.459813594818115,-6.923843860626221,-0.034172773361206055,110.31179809570312,-0.1354420781135559
196459,2,-6.866708755493164,-6.498940467834473,-6.275809288024902,-0.1706904023885727,110.22381591796875,-0.1562790721654892
196479,2,-6.861292362213135,-6.533624649047852,-7.025126934051514,-0.028321554884314537,110.07003784179688,-0.09249233454465866
196499,2,-6.845296859741211,-6.563661575317383,-6.184881210327148,-0.1938261240720749,109.982177734375,-0.052942994982004166
196519,2,-6.823246955871582,-6.589088439941406,-6.944591999053955,-0.051686398684978485,109.78439331054688,-0.15117613971233368
196539,2,-6.7952351570129395,-6.610014915466309,-6.518640518188477,-0.14528915286064148,109.652587890625,-0.17243994772434235
196559,2,-6.760198593139648,-6.6264166831970215,-6.4806647300720215,-0.15516546368598938,109.54266357421875,-0.12268472462892532
196579,2,-6.742730140686035,-6.638130187988281,-6.444165229797363,-0.16958792507648468,109.344970703125,-0.16648651659488678
196599,2,-6.699010848999023,-6.644918441772461,-5.850186347961426,-0.2871549427509308,109.257080078125,-0.13076438009738922
196619,2,-6.6500163078308105,-6.646973133087158,-7.756879806518555,0.08686071634292603,109.05929565429688,-0.1222594827413559
196639,2,-6.59538459777832,-6.644801616668701,-5.243680477142334,-0.4112667143344879,109.05929565429688,-0.2090110033750534
196659,2,-6.538766384124756,-6.637697696685791,-9.54071044921875,0.45159727334976196,108.79559326171875,0.08441267907619476
196679,2,-6.474119186401367,-6.62570333480835,-5.822847843170166,-0.28099194169044495,108.83953857421875,-0.1481994241476059
196699,2,-6.407843589782715,-6.609013557434082,-6.144524097442627,-0.20070265233516693,108.66378784179688,0.0027640920598059893
196719,2,-6.373085021972656,-6.5878448486328125,-7.157455921173096,-0.00611068494617939,108.53201293945312,-0.10227297246456146
196739,2,-6.2928338050842285,-6.561473846435547,-5.514951705932617,-0.32036712765693665,108.42205810546875,-0.12140899151563644
196759,2,-6.206924915313721,-6.530384540557861,-7.827913761138916,0.14594335854053497,108.246337890625,-0.0036145818885415792
196779,2,-6.123736381530762,-6.4948601722717285,-7.200656890869141,0.02760293520987034,108.11444091796875,-0.07293106615543365
196799,2,-6.0253119468688965,-6.455080986022949,-5.8364338874816895,-0.2332225888967514,108.02658081054688,-0.12608668208122253
196819,2,-5.9257731437683105,-6.410211563110352,-6.66776180267334,-0.05310120806097984,107.80679321289062,-0.05379348248243332
196839,2,-5.876335620880127,-6.361234188079834,-6.114676475524902,-0.15825434029102325,107.71893310546875,-0.11120311170816422
196859,2,-5.7648444175720215,-6.306877136230469,-6.973511695861816,0.026477206498384476,107.60910034179688,-0.016797175630927086
196879,2,-5.660234451293945,-6.247802257537842,-6.297410488128662,-0.0912848711013794,107.47732543945312,-0.03423221781849861
196899,2,-5.549860954284668,-6.185038089752197,-6.800879955291748,0.029236242175102234,107.34539794921875,0.027855105698108673
196919,2,-5.430558204650879,-6.117681980133057,-6.411001205444336,-0.026548000052571297,107.23556518554688,0.013820460066199303
196939,2,-5.301442623138428,-6.046541690826416,-6.4634246826171875,0.005755054298788309,107.147705078125,0.027003053575754166
196959,2,-5.173516273498535,-5.970222473144531,-6.40725040435791,0.014922572299838066,106.99383544921875,-0.014245704747736454
196979,2,-5.038977146148682,-5.88968563079834,-6.487971782684326,0.04985208436846733,106.88400268554688,-0.03678368777036667
196999,2,-4.971800804138184,-5.804818153381348,-6.974834442138672,0.1645253598690033,106.774169921875,-0.009142765775322914
197019,2,-4.835074424743652,-5.715694904327393,-5.7392778396606445,-0.05685853213071823,106.68621826171875,-0.046139076352119446
197039,2,-4.674699306488037,-5.6226325035095215,-5.4940266609191895,-0.08308375626802444,106.62030029296875,-0.033806972205638885
197059,2,-4.510931015014648,-5.5250067710876465,-6.366963863372803,0.11249232292175293,106.488525390625,0.015096195042133331
197079,2,-4.425867080688477,-5.423551082611084,-5.713522434234619,0.0019508611876517534,106.42251586914062,-0.04103613644838333
197099,2,-4.246924877166748,-5.318007946014404,-6.099485874176025,0.10300649702548981,106.35662841796875,-0.013820460066199303
197119,2,-4.05499267578125,-5.208477973937988,-4.830737113952637,-0.11904662102460861,106.31256103515625,-0.010418500751256943
197139,2,-3.9732894897460938,-5.094724178314209,-4.613186836242676,-0.14064079523086548,106.22470092773438,-0.03763417527079582
197159,2,-3.796063184738159,-4.97654914855957,-4.948184967041016,-0.051534395664930344,106.1148681640625,-0.07888449728488922
197179,2,-3.618823528289795,-4.855888366699219,-5.555330276489258,0.07912629097700119,105.91708374023438,-0.12481094896793365
197199,2,-3.4278390407562256,-4.730827331542969,-2.677525520324707,-0.450719952583313,105.87313842773438,-0.07930974662303925
197219,2,-3.337146282196045,-4.602406978607178,-5.2644362449646,0.07499150186777115,105.71939086914062,-0.0486905463039875
197239,2,-3.134394645690918,-4.470550060272217,-2.946413993835449,-0.3540762662887573,105.74136352539062,-0.09759527444839478
197259,2,-2.944761037826538,-4.334697246551514,-5.819733142852783,0.2392805963754654,105.52157592773438,-0.0036145818885415792
197279,2,-2.7523770332336426,-4.1952714920043945,-4.4125237464904785,-0.009654883295297623,105.49960327148438,-0.0784592553973198
197299,2,-2.6629321575164795,-4.0527520179748535,-3.675198793411255,-0.1252116858959198,105.4776611328125,-0.0299797672778368
197319,2,-2.4413130283355713,-3.907226800918579,-3.8748960494995117,-0.06080180034041405,105.38980102539062,-0.07633303105831146
197339,2,-2.2375893592834473,-3.7585456371307373,-2.7212400436401367,-0.2563682794570923,105.36782836914062,-0.07590778172016144
197359,2,-2.129499912261963,-3.6075127124786377,-3.7830963134765625,-0.027823716402053833,105.23593139648438,-0.11375458538532257
197379,2,-1.9113951921463013,-3.452526330947876,-1.897363305091858,-0.3766169250011444,105.21395874023438,-0.1830710768699646
197399,2,-1.695047378540039,-3.2950451374053955,-3.078474760055542,-0.11638995260000229,105.0821533203125,-0.1222594827413559
197419,2,-1.4871073961257935,-3.1356685161590576,-2.6036152839660645,-0.18319477140903473,105.0382080078125,-0.12310997396707535
197439,2,-1.2917934656143188,-2.9721713066101074,-2.2104859352111816,-0.2290349006652832,104.99429321289062,-0.07293106615543365
197459,2,-1.1916199922561646,-2.8073766231536865,-2.807356357574463,-0.0908789411187172,104.90643310546875,-0.13884402811527252
197479,2,-0.9569529891014099,-2.6407086849212646,-1.532447338104248,-0.3096069395542145,104.88433837890625,-0.12438570708036423
197499,2,-0.7406420111656189,-2.4721128940582275,-2.1084015369415283,-0.1639837771654129,104.81845092773438,-0.10737590491771698
197519,2,-0.5333588719367981,-2.3000471591949463,-1.1184319257736206,-0.33213910460472107,104.79647827148438,-0.159681037068367
197539,2,-0.4357064366340637,-2.127161741256714,-1.8096181154251099,-0.17076899111270905,104.7086181640625,-0.1320401132106781
197559,2,-0.20919878780841827,-1.9514981508255005,-1.3408558368682861,-0.2320232093334198,104.7086181640625,-0.1452227085828781
197579,2,-0.00688022468239069,-1.7729095220565796,-0.9736453890800476,-0.2777716815471649,104.7086181640625,-0.19880513846874237
197599,2,0.21549120545387268,-1.594763994216919,-1.81231689453125,-0.07970408350229263,104.66470336914062,-0.14267124235630035
197619,2,0.3305515944957733,-1.4157949686050415,-2.3630526065826416,0.06896448880434036,104.6866455078125,0.05336980149149895
197639,2,0.5654764771461487,-1.234071969985962,-1.4492112398147583,-0.0659935250878334,104.64273071289062,0.02317584864795208
197659,2,0.8171729445457458,-1.052976369857788,-2.0316503047943115,0.09341729432344437,104.57684326171875,0.028705596923828125
197679,2,0.9227234721183777,-0.8698602318763733,-0.861839234828949,-0.10174215584993362,104.53277587890625,-0.02104962430894375
197699,2,1.146592617034912,-0.6858059167861938,-1.4685438871383667,0.05757131800055504,104.51083374023438,-0.04571383073925972
197719,2,1.3900099992752075,-0.5015928745269775,-0.8148744106292725,-0.029494209215044975,104.48886108398438,-0.0469895638525486
197739,2,1.503244400024414,-0.3160606920719147,-1.399597406387329,0.12889079749584198,104.46688842773438,0.058047495782375336
197759,2,1.7186542749404907,-0.12915876507759094,-0.9072792530059814,0.07647120952606201,104.46688842773438,0.025727318599820137
197779,2,1.953681230545044,0.055879928171634674,-0.22048084437847137,-0.018313013017177582,104.46688842773438,-0.06782812625169754
197799,2,2.0589725971221924,0.24261122941970825,0.2547532916069031,-0.08033297955989838,104.46688842773438,-0.07930974662303925
197819,2,2.2845349311828613,0.4303469657897949,0.9526997208595276,-0.17972034215927124,104.46688842773438,-0.020624378696084023
197839,2,2.4773736000061035,0.6170827150344849,-0.16224703192710876,0.07859472185373306,104.48886108398438,-0.007867030799388885
197859,2,2.6899192333221436,0.803602933883667,0.08076080679893494,0.08039167523384094,104.53277587890625,0.11758178472518921
197879,2,2.8019649982452393,0.9885740280151367,0.6820099353790283,-0.0026353313587605953,104.51083374023438,-0.010843745432794094
197899,2,3.027433395385742,1.1735069751739502,0.16785307228565216,0.14442908763885498,104.53277587890625,0.07463204860687256
197919,2,3.228555202484131,1.359022855758667,-0.01054469496011734,0.2270059883594513,104.55487060546875,0.11630605161190033
197939,2,3.327401876449585,1.5426883697509766,0.6022211313247681,0.15115368366241455,104.59878540039062,0.12183423340320587
197959,2,3.5408029556274414,1.7267005443572998,1.2049615383148193,0.07875899225473404,104.64273071289062,0.07463204860687256
197979,2,3.7220356464385986,1.909157156944275,1.5500259399414062,0.052948180586099625,104.66470336914062,0.06187470257282257
197999,2,3.9094393253326416,2.090074300765991,0.9370114803314209,0.21645542979240417,104.7086181640625,0.08738939464092255
198019,2,4.006844997406006,2.2688817977905273,0.9246774911880493,0.261484831571579,104.7525634765625,0.12140899151563644
198039,2,4.211336612701416,2.447758913040161,1.133604884147644,0.26712360978126526,104.79647827148438,0.13671937584877014
198059,2,4.381508827209473,2.624741554260254,1.9274388551712036,0.15324726700782776,104.84042358398438,0.08441267907619476
198079,2,4.57054328918457,2.7995617389678955,2.353989601135254,0.11072023957967758,104.88433837890625,0.09589429199695587
198099,2,4.655843257904053,2.9730606079101562,2.6259186267852783,0.096551813185215,104.97232055664062,0.14139705896377563
198119,2,4.831389427185059,3.144670009613037,2.4963369369506836,0.16367118060588837,104.99429321289062,0.11077786982059479
198139,2,5.005422115325928,3.313830614089966,2.6102874279022217,0.18222759664058685,105.0382080078125,0.12268472462892532
198159,2,5.093855381011963,3.4799563884735107,2.6837942600250244,0.2069544494152069,105.1260986328125,0.15840686857700348
198179,2,5.2728424072265625,3.643317699432373,2.5132877826690674,0.28352755308151245,105.21395874023438,0.15755636990070343
198199,2,5.433605670928955,3.8049468994140625,3.1076407432556152,0.20755992829799652,105.27996826171875,0.15968260169029236
198219,2,5.5036492347717285,3.9640138149261475,3.4817395210266113,0.1714855581521988,105.36782836914062,0.1652107834815979
198239,2,5.657289028167725,4.120434284210205,3.4990310668945312,0.20489469170570374,105.38980102539062,0.14012132585048676
198259,2,5.802196502685547,4.272838115692139,3.41222882270813,0.2611742615699768,105.4776611328125,0.14947672188282013
198279,2,5.874316692352295,4.422574043273926,4.411887168884277,0.09900812059640884,105.54354858398438,0.1779681295156479
198299,2,6.0172014236450195,4.569911479949951,3.425894260406494,0.3298216760158539,105.58749389648438,0.16393505036830902
198319,2,6.145763397216797,4.713728427886963,4.965059280395508,0.0542834997177124,105.67544555664062,0.07463204860687256
198339,2,6.214428424835205,4.854003429412842,4.898195266723633,0.09980570524930954,105.74136352539062,0.12608668208122253
198359,2,6.321352958679199,4.99122428894043,4.602056980133057,0.18228690326213837,105.8292236328125,0.09759527444839478
198379,2,6.428391933441162,5.124692440032959,4.770663261413574,0.18362382054328918,105.96099853515625,0.19795463979244232
198399,2,6.524498462677002,5.254818916320801,4.280478000640869,0.31225019693374634,106.02700805664062,0.18349631130695343
198419,2,6.622158050537109,5.380190849304199,4.8314666748046875,0.23570466041564941,106.1588134765625,0.18392156064510345
198439,2,6.708116054534912,5.502158164978027,4.08065128326416,0.41490304470062256,106.22470092773438,0.20688478648662567
198459,2,6.755540370941162,5.619682312011719,4.152329921722412,0.4366184175014496,106.37857055664062,0.30809465050697327
198479,2,6.844603538513184,5.732822418212891,4.7939772605896,0.3487829864025116,106.466552734375,0.3055431842803955
198499,2,6.912206172943115,5.841577529907227,4.692809104919434,0.4036502540111542,106.57638549804688,0.3148985505104065
198519,2,6.977230072021484,5.946384429931641,5.285393714904785,0.3194968104362488,106.73013305664062,0.3263801634311676
198539,2,7.038471698760986,6.046718597412109,6.080212116241455,0.18711256980895996,106.818115234375,0.20518380403518677
198559,2,7.067508220672607,6.142511367797852,6.371127128601074,0.14920103549957275,106.99383544921875,0.16946323215961456
198579,2,7.118626594543457,6.233608722686768,6.384144306182861,0.16361019015312195,107.08169555664062,0.1860477775335312
198599,2,7.160092830657959,6.320007801055908,6.394188404083252,0.1744777262210846,107.213623046875,0.14947672188282013
198619,2,7.197709083557129,6.40147066116333,6.415796756744385,0.1912550926208496,107.32342529296875,0.18094484508037567
198639,2,7.224812984466553,6.478334903717041,6.665820598602295,0.14470495283603668,107.47732543945312,0.032107554376125336
198659,2,7.238596439361572,6.550044059753418,7.108974933624268,0.07231027632951736,107.60910034179688,0.0899408683180809
198679,2,7.259335517883301,6.616854667663574,6.46964693069458,0.1922888308763504,107.71893310546875,-0.027003053575754166
198699,2,7.270930290222168,6.678649425506592,6.498593807220459,0.19957010447978973,107.850830078125,0.10354870557785034
198719,2,7.276434421539307,6.735281467437744,6.71267032623291,0.16178825497627258,107.98263549804688,0.03253279998898506
198739,2,7.274641513824463,6.786759376525879,8.031180381774902,-0.08989523351192474,108.224365234375,0.0291308406740427
198759,2,7.271486759185791,6.833004474639893,5.680212020874023,0.37263721227645874,108.268310546875,0.07633303105831146
198779,2,7.257261276245117,6.8740363121032715,8.23876667022705,-0.11986137181520462,108.53201293945312,0.11332933604717255
198799,2,7.236541271209717,6.909759044647217,6.452144622802734,0.2348739504814148,108.619873046875,0.10652542114257812
198819,2,7.2226643562316895,6.940049171447754,6.237161636352539,0.2860364317893982,108.81756591796875,0.1749914139509201
198839,2,7.193431854248047,6.964867115020752,6.744687557220459,0.19587786495685577,108.971435546875,0.18732352554798126
198859,2,7.15386438369751,6.984287738800049,7.497261047363281,0.050382938235998154,109.12518310546875,0.13161486387252808
198879,2,7.107152938842773,6.998155117034912,5.513105392456055,0.4408745765686035,109.21304321289062,0.11290409415960312
198899,2,7.0525336265563965,7.006587028503418,6.903825283050537,0.16723236441612244,109.41085815429688,0.10652542114257812
198919,2,7.024396896362305,7.009586334228516,6.828490257263184,0.18918640911579132,109.52069091796875,0.15755636990070343
198939,2,6.960348606109619,7.0069146156311035,6.755067348480225,0.1951732039451599,109.674560546875,0.10312345623970032
198959,2,6.888590335845947,6.999184608459473,6.226361274719238,0.29780080914497375,109.78439331054688,0.15160293877124786
198979,2,6.815455436706543,6.985466957092285,6.393247604370117,0.2623358964920044,109.91616821289062,0.1409718245267868
198999,2,6.729647636413574,6.9663825035095215,6.889836311340332,0.16587352752685547,110.026123046875,0.17116421461105347
199019,2,6.687062740325928,6.94177770614624,7.875576496124268,-0.027066614478826523,110.24578857421875,0.13884559273719788
199039,2,6.588501930236816,6.91126012802124,5.299566268920898,0.46947622299194336,110.355712890625,0.1686127483844757
199059,2,6.488390922546387,6.875938415527344,8.48416805267334,-0.17263099551200867,110.57537841796875,0.008717521093785763
199079,2,6.374168395996094,6.834801197052002,6.228455543518066,0.2721445560455322,110.64126586914062,0.19795463979244232
199099,2,6.30261754989624,6.788851261138916,6.527958869934082,0.18967470526695251,110.81710815429688,-0.005315561778843403
199119,2,6.188088893890381,6.73723030090332,8.7567777633667,-0.2608683109283447,111.036865234375,0.02657780796289444
199139,2,6.116818428039551,6.680822372436523,5.982687473297119,0.27133649587631226,111.080810546875,0.12651193141937256
199159,2,5.967617034912109,6.6179704666137695,5.386979579925537,0.37212806940078735,111.21261596679688,0.114179827272892
199179,2,5.823577880859375,6.549496173858643,7.770953178405762,-0.11254830658435822,111.454345703125,0.05719700828194618
199199,2,5.6813554763793945,6.475368499755859,5.264023780822754,0.3668572008609772,111.49826049804688,0.15628063678741455
199219,2,5.610445022583008,6.396350383758545,6.279076099395752,0.14664022624492645,111.67401123046875,0.04146294295787811
199239,2,5.450123310089111,6.312099933624268,6.613335609436035,0.07190731912851334,111.827880859375,0.12268472462892532
199259,2,5.291662216186523,6.222928524017334,6.684606075286865,0.022218486294150352,111.89376831054688,-0.039335157722234726
199279,2,5.126296043395996,6.128484725952148,6.942220211029053,-0.040095776319503784,112.04753112792969,0.07420680671930313
199299,2,5.048666954040527,6.02859354019165,5.043455600738525,0.3059777617454529,112.11354064941406,0.05719700828194618
199319,2,4.86519718170166,5.923564434051514,7.404568672180176,-0.1758679896593094,112.33329772949219,0.05719700828194618
199339,2,4.675827503204346,5.8151445388793945,5.4722442626953125,0.16699950397014618,112.37722778320312,0.0031893369741737843
199359,2,4.581427097320557,5.701227188110352,6.6115593910217285,-0.07975850999355316,112.50914001464844,0.04529014974832535
199379,2,4.387903213500977,5.582005977630615,4.808041095733643,0.24724826216697693,112.50914001464844,0.04869210720062256
199399,2,4.205592632293701,5.4585065841674805,6.164758205413818,-0.05205197632312775,112.68486022949219,0.029556086286902428
199419,2,4.004185676574707,5.33128023147583,6.257169723510742,-0.10814531147480011,112.72879028320312,-0.10907688736915588
199439,2,3.806931257247925,5.198069095611572,6.038744926452637,-0.10281425714492798,112.860595703125,-0.09887100756168365
199459,2,3.7127625942230225,5.061092376708984,5.411403656005859,-0.012574705295264721,112.94856262207031,-0.0737815573811531
199479,2,3.5029850006103516,4.919966697692871,5.178985595703125,-0.0009090074454434216,113.05839538574219,-0.012119480408728123
199499,2,3.2757303714752197,4.774844169616699,4.258438587188721,0.14800487458705902,113.12429809570312,0.029981331899762154
199519,2,3.0671002864837646,4.625130653381348,4.12846040725708,0.14193256199359894,113.16822814941406,0.027003053575754166
199539,2,2.96311616897583,4.471792697906494,4.151451587677002,0.11016824096441269,113.23423767089844,0.04188818857073784
199559,2,2.7369816303253174,4.31365966796875,3.944526433944702,0.11863009631633759,113.30012512207031,0.05081833153963089
199579,2,2.537548303604126,4.152115345001221,3.464939594268799,0.187653586268425,113.36602783203125,0.13884559273719788
199599,2,2.305058717727661,3.988208055496216,2.5990750789642334,0.3312530815601349,113.40995788574219,0.16138358414173126
199619,2,2.177074909210205,3.8217952251434326,3.5596818923950195,0.11312451958656311,113.49781799316406,0.050393085926771164
199639,2,1.9419925212860107,3.650028944015503,3.9337117671966553,0.012192130088806152,113.563720703125,0.12183423340320587
199659,2,1.728149652481079,3.4751620292663574,2.2136590480804443,0.3141922354698181,113.58580017089844,0.08781464397907257
199679,2,1.5160083770751953,3.2955408096313477,2.047717571258545,0.31806111335754395,113.65168762207031,0.17754288017749786
199699,2,1.2716740369796753,3.1174168586730957,2.264103412628174,0.24651820957660675,113.73956298828125,0.16563603281974792
199719,2,1.1476540565490723,2.93454909324646,2.1523995399475098,0.24346400797367096,113.73956298828125,0.15670588612556458
199739,2,0.891482949256897,2.7488534450531006,2.4486684799194336,0.15550217032432556,113.78349304199219,0.17371568083763123
199759,2,0.6495121121406555,2.5605785846710205,2.141590118408203,0.17976443469524384,113.80545043945312,0.1256614476442337
199779,2,0.40403231978416443,2.370192050933838,2.652686357498169,0.040619686245918274,113.78349304199219,0.05336980149149895
199799,2,0.28864267468452454,2.177459955215454,1.9912655353546143,0.1414894461631775,113.80545043945312,0.13416634500026703
199819,2,0.03723783418536186,1.9815821647644043,1.161894679069519,0.2736353278160095,113.82742309570312,0.1686127483844757
199839,2,-0.20651796460151672,1.7853477001190186,0.8419491052627563,0.296527624130249,113.82742309570312,0.09036611020565033
199859,2,-0.43469440937042236,1.5859191417694092,1.6136962175369263,0.10687270015478134,113.87135314941406,0.107801154255867
199879,2,-0.5678625702857971,1.3871378898620605,1.5772976875305176,0.0759626254439354,113.84938049316406,0.08781464397907257
199899,2,-0.8322260975837708,1.1860123872756958,0.7248332500457764,0.20071065425872803,113.82742309570312,0.07123009115457535
199919,2,-1.0836209058761597,0.9835007190704346,0.5612426996231079,0.1932404488325119,113.84938049316406,0.09206709265708923
199939,2,-1.2142835855484009,0.7804156541824341,0.775650680065155,0.11840374767780304,113.87135314941406,0.13714461028575897
199959,2,-1.4699188470840454,0.5759978294372559,0.6513675451278687,0.10270003229379654,113.87135314941406,0.10269821435213089
199979,2,-1.6842681169509888,0.3688710331916809,-0.1507238745689392,0.22401894629001617,113.87135314941406,0.11800703406333923
199999,2,-1.9001340866088867,0.16200245916843414,1.2973995208740234,-0.10020807385444641,113.893310546875,0.061449456959962845
200019,2,-2.113224506378174,-0.045549772679805756,-0.426189661026001,0.19998347759246826,113.84938049316406,0.14862622320652008
200039,2,-2.3249447345733643,-0.2515421509742737,-0.8890539407730103,0.25005561113357544,113.87135314941406,0.11332933604717255
200059,2,-2.571157932281494,-0.4583641290664673,-0.36393147706985474,0.10943198949098587,113.915283203125,0.1456495225429535
200079,2,-2.6923816204071045,-0.6653351783752441,-0.5275959968566895,0.10537607222795486,113.915283203125,0.09759527444839478
200099,2,-2.939603090286255,-0.8717570304870605,-1.4323457479476929,0.24352090060710907,113.915283203125,0.12693718075752258
200119,2,-3.1847598552703857,-1.0779613256454468,-1.2664010524749756,0.16904370486736298,113.915283203125,0.10567492991685867
200139,2,-3.319718837738037,-1.2837415933609009,-0.44602370262145996,-0.035908620804548264,113.893310546875,0.007016541436314583
200159,2,-3.5491104125976562,-1.489237666130066,-0.6138274669647217,-0.04444060102105141,113.893310546875,0.08313694596290588
200179,2,-3.6793088912963867,-1.6916099786758423,-1.480312705039978,0.08712747693061829,113.87135314941406,0.09504380822181702
200199,2,-3.9009387493133545,-1.8952759504318237,-1.4776428937911987,0.03867539018392563,113.84938049316406,-0.004039826802909374
200219,2,-4.101970195770264,-2.097670793533325,-0.8151034116744995,-0.1428721845149994,113.80545043945312,-0.06655239313840866
200239,2,-4.302714824676514,-2.2973268032073975,-1.960488200187683,0.044441480189561844,113.71759033203125,0.04656588286161423
200259,2,-4.513978481292725,-2.4957237243652344,-1.8138866424560547,-0.03665047883987427,113.67366027832031,-0.0997214987874031
200279,2,-4.635986804962158,-2.691392183303833,-1.2004873752593994,-0.2085130661725998,113.62973022460938,-0.14692369103431702
200299,2,-4.814965724945068,-2.8868532180786133,-1.4331014156341553,-0.2193877100944519,113.60775756835938,-0.22389458119869232
200319,2,-5.0075225830078125,-3.0792076587677,-2.1453001499176025,-0.1341610699892044,113.563720703125,-0.1958284229040146
200339,2,-5.115676403045654,-3.2679851055145264,-2.0685245990753174,-0.20130838453769684,113.51979064941406,-0.1911507248878479
200359,2,-5.313689708709717,-3.45607590675354,-1.7067387104034424,-0.33298277854919434,113.43193054199219,-0.3021412193775177
200379,2,-5.506723403930664,-3.6407973766326904,-2.4404103755950928,-0.24491672217845917,113.38798522949219,-0.2825799584388733
200399,2,-5.585378646850586,-3.822943925857544,-2.754147529602051,-0.22329089045524597,113.34405517578125,-0.1401197612285614
200419,2,-5.749261379241943,-4.00248908996582,-2.692624092102051,-0.27870362997055054,113.27816772460938,-0.12438570708036423
200439,2,-5.914580345153809,-4.179317951202393,-3.1837668418884277,-0.22438368201255798,113.190185546875,-0.11758178472518921
200459,2,-6.073760986328125,-4.352194309234619,-3.4309535026550293,-0.21197335422039032,113.14625549316406,-0.05507078021764755
200479,2,-6.222167015075684,-4.521491050720215,-4.500832557678223,-0.040589191019535065,113.01446533203125,-0.08866513520479202
200499,2,-6.292774677276611,-4.686774730682373,-3.7737293243408203,-0.2274053990840912,112.94856262207031,-0.1945526897907257
200519,2,-6.443920612335205,-4.848887920379639,-3.1959879398345947,-0.37336742877960205,112.88267517089844,-0.12438570708036423
200539,2,-6.564682483673096,-5.007664680480957,-5.49442195892334,0.0428340844810009,112.70683288574219,-0.09589429199695587
200559,2,-6.703183650970459,-5.161375045776367,-3.695162773132324,-0.3498480021953583,112.68486022949219,-0.17286519706249237
200579,2,-6.764464855194092,-5.311086177825928,-6.157022953033447,0.10646688938140869,112.53109741210938,-0.04103613644838333
200599,2,-6.884710788726807,-5.457174777984619,-4.3274078369140625,-0.2923921048641205,112.50914001464844,-0.18051959574222565
200619,2,-6.990240097045898,-5.598534107208252,-5.042956829071045,-0.18509943783283234,112.33329772949219,-0.1447974592447281
200639,2,-7.094552516937256,-5.735118389129639,-3.986876964569092,-0.43050235509872437,112.17953491210938,-0.24898403882980347
200659,2,-7.140414237976074,-5.866724967956543,-5.006294250488281,-0.2622085511684418,112.06959533691406,-0.17286519706249237
200679,2,-7.233931064605713,-5.994126319885254,-5.541548252105713,-0.18293344974517822,111.98162841796875,-0.0865389034152031
200699,2,-7.3169450759887695,-6.115963935852051,-6.454616546630859,-0.03417389094829559,111.87179565429688,-0.12055850028991699
200719,2,-7.391290187835693,-6.233113765716553,-6.205567836761475,-0.09607164561748505,111.783935546875,-0.01637193001806736
200739,2,-7.421949863433838,-6.34482479095459,-6.362460613250732,-0.09106747061014175,111.67401123046875,-0.11205360293388367
200759,2,-7.486965179443359,-6.451345920562744,-5.268340110778809,-0.3225085139274597,111.58612060546875,-0.08228645473718643
200779,2,-7.536299228668213,-6.552539825439453,-8.134016036987305,0.21710798144340515,111.36636352539062,-0.0469895638525486
200799,2,-7.563503742218018,-6.647739887237549,-5.083865165710449,-0.4010096490383148,111.36636352539062,-0.14224599301815033
200819,2,-7.604477882385254,-6.73795223236084,-8.427785873413086,0.24653548002243042,111.14669799804688,0.021474869921803474
200839,2,-7.638090133666992,-6.822463035583496,-5.713029861450195,-0.3115077316761017,111.124755859375,-0.17286519706249237
200859,2,-7.661488056182861,-6.901194095611572,-5.791661739349365,-0.30774274468421936,110.99282836914062,-0.11460506916046143
200879,2,-7.671097755432129,-6.974013805389404,-6.8179168701171875,-0.13629639148712158,110.79513549804688,-0.19412744045257568
200899,2,-7.680899620056152,-7.041035175323486,-5.887265682220459,-0.3198348581790924,110.66336059570312,-0.040610890835523605
200919,2,-7.681815147399902,-7.1020426750183105,-7.4162702560424805,-0.03465671092271805,110.44357299804688,-0.13799354434013367
200939,2,-7.674170970916748,-7.156996726989746,-7.1115312576293945,-0.1080033928155899,110.31179809570312,-0.11843227595090866
200959,2,-7.667118549346924,-7.205867767333984,-6.290685653686523,-0.284866064786911,110.20184326171875,-0.15585383772850037
200979,2,-7.645676136016846,-7.248420715332031,-7.2505316734313965,-0.10534261912107468,110.048095703125,-0.114179827272892
200999,2,-7.61539363861084,-7.284876823425293,-7.74613094329834,-0.009620323777198792,109.91616821289062,-0.013395215384662151
201019,2,-7.596850872039795,-7.315248966217041,-6.769331455230713,-0.20962968468666077,109.80633544921875,-0.10865164548158646
201039,2,-7.548556804656982,-7.339041709899902,-6.054311275482178,-0.35657066106796265,109.674560546875,-0.16733700037002563
201059,2,-7.501252174377441,-7.356327533721924,-8.692375183105469,0.15565799176692963,109.41085815429688,-0.14097025990486145
201079,2,-7.440976142883301,-7.367440223693848,-7.02499532699585,-0.17486417293548584,109.322998046875,-0.0899408683180809
201099,2,-7.407315254211426,-7.372477054595947,-7.107702732086182,-0.1602163463830948,109.19110107421875,-0.12948864698410034
201119,2,-7.329047679901123,-7.370687007904053,-5.9403300285339355,-0.39109885692596436,109.16912841796875,-0.11843227595090866
201139,2,-7.244307041168213,-7.362599849700928,-9.216283798217773,0.24700704216957092,108.86148071289062,-0.08951561897993088
201159,2,-7.152938365936279,-7.348136901855469,-5.910595893859863,-0.39213812351226807,108.81756591796875,-0.11375458538532257
201179,2,-7.1059417724609375,-7.327270030975342,-7.253489017486572,-0.11869151890277863,108.597900390625,-0.031680747866630554
201199,2,-6.999880313873291,-7.299504280090332,-7.0897345542907715,-0.1558913290500641,108.48794555664062,-0.18859925866127014
201219,2,-6.888883590698242,-7.26596212387085,-7.371396064758301,-0.07464325428009033,108.29025268554688,0.06910386681556702
201239,2,-6.769037246704102,-7.225933074951172,-7.654661178588867,-0.02000351995229721,108.18045043945312,-0.11970800906419754
201259,2,-6.710404396057129,-7.1790385246276855,-5.895774841308594,-0.35060086846351624,108.09246826171875,-0.06867861747741699
201279,2,-6.59050178527832,-7.125901699066162,-7.292067050933838,-0.07097338885068893,107.93869018554688,-0.12055850028991699
201299,2,-6.452137470245361,-7.066189289093018,-6.810685634613037,-0.14532701671123505,107.850830078125,-0.027003053575754166
201319,2,-6.313814163208008,-7.000452995300293,-7.690065860748291,0.04357146471738815,107.69696044921875,-0.01977388933300972
201339,2,-6.235222816467285,-6.929800033569336,-6.972752094268799,-0.08433075994253159,107.543212890625,-0.04146138206124306
201359,2,-6.055120944976807,-6.852020740509033,-7.534537315368652,0.050789330154657364,107.43325805664062,0.0282803513109684
201379,2,-5.881221771240234,-6.768040657043457,-7.61954927444458,0.09235487878322601,107.25753784179688,-0.015096195042133331
201399,2,-5.709882736206055,-6.67747688293457,-7.272392749786377,0.05229818820953369,107.147705078125,0.029981331899762154
201419,2,-5.620818614959717,-6.581055164337158,-7.362818241119385,0.0923009142279625,107.01580810546875,0.02190011367201805
201439,2,-5.438555717468262,-6.478038787841797,-6.310207843780518,-0.09204573184251785,106.90597534179688,-0.044012852013111115
201459,2,-5.265142440795898,-6.368329048156738,-6.882646083831787,0.046311795711517334,106.75210571289062,-0.037208929657936096
201479,2,-5.054677486419678,-6.255520820617676,-6.4352192878723145,-0.018741868436336517,106.64227294921875,-0.09164184331893921
201499,2,-4.958535194396973,-6.135647773742676,-5.91604471206665,-0.10433856397867203,106.53244018554688,-0.1256614476442337
201519,2,-4.745460510253906,-6.011050701141357,-4.625036239624023,-0.33183619379997253,106.42251586914062,-0.09206709265708923
201539,2,-4.551985263824463,-5.8792314529418945,-6.558026313781738,0.06959942728281021,106.22470092773438,-0.03550795093178749
201559,2,-4.319824695587158,-5.743566036224365,-4.572115421295166,-0.29067254066467285,106.1807861328125,-0.11800703406333923
201579,2,-4.209707260131836,-5.602708339691162,-5.740079402923584,-0.03860645368695259,106.04898071289062,-0.09036611020565033
201599,2,-3.9460389614105225,-5.4581828117370605,-4.475857257843018,-0.25820112228393555,106.00503540039062,-0.12310997396707535
201619,2,-3.726813554763794,-5.306495189666748,-5.2779154777526855,-0.0693596601486206,105.85116577148438,-0.0865389034152031
201639,2,-3.5144412517547607,-5.149992942810059,-4.885741710662842,-0.12080571055412292,105.7852783203125,-0.10142248123884201
201659,2,-3.3982455730438232,-4.987584114074707,-5.361815929412842,-0.0020780644845217466,105.65347290039062,-0.09291758388280869
201679,2,-3.1823437213897705,-4.820821762084961,-3.9276974201202393,-0.24234361946582794,105.58749389648438,-0.014245704747736454
201699,2,-2.9341962337493896,-4.650160312652588,-5.9516143798828125,0.19094812870025635,105.38980102539062,-0.017222419381141663
201719,2,-2.6865551471710205,-4.475381374359131,-3.0418553352355957,-0.34345686435699463,105.38980102539062,-0.03805942088365555
201739,2,-2.4333276748657227,-4.296628952026367,-4.059551239013672,-0.10229209810495377,105.27996826171875,-0.04784005507826805
201759,2,-2.3080854415893555,-4.113204002380371,-3.652233362197876,-0.1518365442752838,105.21395874023438,-0.0486905463039875
201779,2,-2.028312921524048,-3.9272725582122803,-3.7829885482788086,-0.08440729230642319,105.1260986328125,-0.010418500751256943
201799,2,-1.7770217657089233,-3.7354910373687744,-3.4855566024780273,-0.10289040207862854,105.0382080078125,-0.04018564522266388
201819,2,-1.6287580728530884,-3.5418872833251953,-3.491086959838867,-0.06812337785959244,104.92840576171875,-0.0486905463039875
201839,2,-1.3505867719650269,-3.3455138206481934,-3.370615005493164,-0.050063710659742355,104.86239624023438,-0.020624378696084023
201859,2,-1.082661747932434,-3.143660306930542,-2.781371593475342,-0.12496091425418854,104.81845092773438,-0.052942994982004166
201879,2,-0.8229997754096985,-2.938366413116455,-3.1638245582580566,-0.011600309051573277,104.7305908203125,-0.10992737859487534
201899,2,-0.6972688436508179,-2.730930805206299,-2.986008405685425,-0.010344178415834904,104.6866455078125,-0.05251774936914444
201919,2,-0.4197101891040802,-2.5191104412078857,-3.0055980682373047,0.03898909315466881,104.64273071289062,-0.015946684405207634
201939,2,-0.13423655927181244,-2.306549072265625,-3.029695987701416,0.09731816500425339,104.64273071289062,0.08058547973632812
201959,2,0.009357910603284836,-2.0914645195007324,-2.8426320552825928,0.10508469492197037,104.59878540039062,0.056771762669086456
201979,2,0.26285579800605774,-1.873247504234314,-2.1285715103149414,0.007984640076756477,104.55487060546875,-0.030405012890696526
201999,2,0.5445898175239563,-1.6533243656158447,-1.6668869256973267,-0.03688301891088486,104.53277587890625,-0.025727318599820137
202019,2,0.8009196519851685,-1.4325730800628662,-1.7920621633529663,0.02879277989268303,104.51083374023438,-0.06272519379854202
202039,2,0.9542950987815857,-1.211097002029419,-1.2922838926315308,-0.024546584114432335,104.53277587890625,0.01977388933300972
202059,2,1.2441524267196655,-0.9859315156936646,-0.855147123336792,-0.067960225045681,104.51083374023438,-0.10695066303014755
202079,2,1.4942741394042969,-0.7595701217651367,-0.8391616344451904,-0.027465440332889557,104.51083374023438,-0.05762225016951561
202099,2,1.7633215188980103,-0.5330401659011841,-0.5323311686515808,-0.0381452813744545,104.53277587890625,0.015521439723670483
202119,2,2.0198628902435303,-0.30526354908943176,0.36840707063674927,-0.17383430898189545,104.53277587890625,-0.06995435804128647
202139,2,2.144792318344116,-0.07790572941303253,-0.32562118768692017,0.0021214610897004604,104.53277587890625,-0.03678368777036667
202159,2,2.429929733276367,0.15082348883152008,0.21347594261169434,-0.05631877854466438,104.53277587890625,-0.0019136022310703993
202179,2,2.679781198501587,0.37940552830696106,0.5604992508888245,-0.0838424414396286,104.51083374023438,-0.09887100756168365
202199,2,2.9192259311676025,0.6085083484649658,0.2573293149471283,0.024689659476280212,104.55487060546875,0.011694235727190971
202219,2,3.050255537033081,0.8360326886177063,-0.0652148425579071,0.13238294422626495,104.55487060546875,0.020199134945869446
202239,2,3.353131055831909,1.062082290649414,0.6665023565292358,0.043826378881931305,104.59878540039062,0.0899408683180809
202259,2,3.597777843475342,1.2895355224609375,0.3524025082588196,0.15401488542556763,104.59878540039062,0.0461406372487545
202279,2,3.7178852558135986,1.5161885023117065,1.724472165107727,-0.06953984498977661,104.64273071289062,0.07420680671930313
202299,2,3.983734130859375,1.7418652772903442,1.4372519254684448,0.035586267709732056,104.64273071289062,0.025727318599820137
202319,2,4.2314605712890625,1.9649925231933594,1.1741220951080322,0.13873668015003204,104.66470336914062,0.08781464397907257
202339,2,4.349278926849365,2.1864211559295654,0.8699471950531006,0.24986860156059265,104.7086181640625,0.1520281881093979
202359,2,4.587990760803223,2.407963514328003,1.3027957677841187,0.21812966465950012,104.7305908203125,0.12948864698410034
202379,2,4.824551582336426,2.6264991760253906,1.754111886024475,0.18386264145374298,104.7525634765625,0.14054657518863678
202399,2,4.948473930358887,2.8417160511016846,1.6952061653137207,0.24361690878868103,104.79647827148438,0.14947672188282013
202419,2,5.181519508361816,3.056547164916992,2.2054789066314697,0.19194446504116058,104.81845092773438,0.09546905010938644
202439,2,5.388356685638428,3.2682459354400635,2.3781847953796387,0.21031500399112701,104.86239624023438,0.15032720565795898
202459,2,5.5881171226501465,3.4777612686157227,2.255709171295166,0.2873288094997406,104.90643310546875,0.18519729375839233
202479,2,5.6807756423950195,3.68398380279541,2.832742691040039,0.22328607738018036,104.99429321289062,0.2136887013912201
202499,2,5.885152339935303,3.8871922492980957,3.5616352558135986,0.12775523960590363,105.0382080078125,0.18094484508037567
202519,2,6.05824089050293,4.088324546813965,2.87762451171875,0.3100017309188843,105.0821533203125,0.16223406791687012
202539,2,6.254631519317627,4.283504009246826,2.871473550796509,0.35908323526382446,105.17001342773438,0.1732904314994812
202559,2,6.336153030395508,4.475827693939209,3.0951273441314697,0.3592551648616791,105.25787353515625,0.19625365734100342
202579,2,6.523733139038086,4.663885116577148,3.000241994857788,0.43126073479652405,105.34585571289062,0.2732245624065399
202599,2,6.697405815124512,4.847800254821777,3.3960485458374023,0.4093194603919983,105.4556884765625,0.3187257647514343
202619,2,6.774503231048584,5.027575492858887,3.6752586364746094,0.40026500821113586,105.52157592773438,0.2791779935359955
202639,2,6.940555572509766,5.203268051147461,4.376246929168701,0.3073142468929291,105.63153076171875,0.24047914147377014
202659,2,7.07581090927124,5.374698162078857,4.768404960632324,0.26803508400917053,105.71939086914062,0.15330392122268677
202679,2,7.205039024353027,5.5410919189453125,5.07213830947876,0.24587640166282654,105.87313842773438,0.1911507248878479
202699,2,7.264657497406006,5.70234489440918,5.034642219543457,0.2881491780281067,105.98309326171875,0.2234693318605423
202719,2,7.389220237731934,5.858526706695557,5.283333778381348,0.2759336531162262,106.1148681640625,0.20220708847045898
202739,2,7.4930901527404785,6.009664058685303,5.878540515899658,0.19481804966926575,106.24667358398438,0.22814702987670898
202759,2,7.548800468444824,6.154595851898193,6.531235218048096,0.09106843173503876,106.35662841796875,0.13501682877540588
202779,2,7.65927267074585,6.294710159301758,6.714470386505127,0.08391182869672775,106.510498046875,0.17116421461105347
202799,2,7.7377166748046875,6.429150104522705,6.5931477546691895,0.13114750385284424,106.57638549804688,0.13629412651062012
202819,2,7.817193031311035,6.5573811531066895,6.0435991287231445,0.26711127161979675,106.68621826171875,0.1732904314994812
202839,2,7.852122783660889,6.679301738739014,6.875818252563477,0.12097754329442978,106.840087890625,0.10057199001312256
202859,2,7.9200439453125,6.795414447784424,6.406604766845703,0.2443545162677765,106.92794799804688,0.1911507248878479
202879,2,7.9706339836120605,6.905447006225586,7.027540683746338,0.1249750480055809,107.10366821289062,-0.012544725090265274
202899,2,8.015514373779297,7.0088934898376465,7.547451972961426,0.05295773595571518,107.30148315429688,0.15415441989898682
202919,2,8.03527545928955,7.105651378631592,5.975614070892334,0.36905184388160706,107.38934326171875,0.0640009269118309
202939,2,8.065322875976562,7.196126937866211,8.996968269348145,-0.20244134962558746,107.67501831054688,0.11375458538532257
202959,2,8.08414077758789,7.279782295227051,7.846103191375732,0.029462968930602074,107.74090576171875,0.04273867979645729
202979,2,8.089505195617676,7.3566389083862305,5.519532203674316,0.5082979202270508,107.80679321289062,0.18179532885551453
202999,2,8.092499732971191,7.426651954650879,7.333888530731201,0.1586635261774063,108.07049560546875,0.09376806765794754
203019,2,8.085907936096191,7.489650726318359,7.546718597412109,0.11995825171470642,108.15835571289062,0.018072908744215965
203039,2,8.067947387695312,7.5456414222717285,8.374953269958496,-0.02512892708182335,108.31222534179688,0.09206709265708923
203059,2,8.054666519165039,7.59457540512085,5.964148998260498,0.4533943831920624,108.40008544921875,0.15798161923885345
203079,2,8.01533317565918,7.636323928833008,8.699590682983398,-0.07775133848190308,108.68576049804688,0.10737590491771698
203099,2,7.975162982940674,7.670700550079346,7.066374778747559,0.2513856589794159,108.75164794921875,0.13629412651062012
203119,2,7.947928428649902,7.698088645935059,7.951785087585449,0.08397175371646881,108.971435546875,0.13118962943553925
203139,2,7.8922953605651855,7.717903137207031,7.824909210205078,0.1117543950676918,109.14715576171875,0.12353521585464478
203159,2,7.814338207244873,7.730762481689453,7.323784828186035,0.2118210792541504,109.279052734375,0.11715654283761978
203179,2,7.779242038726807,7.736342906951904,7.539150238037109,0.171187624335289,109.41085815429688,0.1158808097243309
203199,2,7.68900728225708,7.735501766204834,7.414846420288086,0.19989179074764252,109.56460571289062,0.19625365734100342
203219,2,7.591497421264648,7.725275993347168,7.03138542175293,0.2690627872943878,109.71847534179688,0.12055850028991699
203239,2,7.4892778396606445,7.707961559295654,6.6826982498168945,0.34086576104164124,109.91616821289062,0.22474507987499237
203259,2,7.3730950355529785,7.683140754699707,6.721759796142578,0.334618479013443,110.048095703125,0.23580144345760345
203279,2,7.301529884338379,7.65083122253418,8.047418594360352,0.0669139176607132,110.22381591796875,0.09079135954380035
203299,2,7.180596351623535,7.6117448806762695,6.819554328918457,0.30061835050582886,110.31179809570312,0.1456495225429535
203319,2,7.0316548347473145,7.565505027770996,6.355146408081055,0.3790039122104645,110.42160034179688,0.10184772312641144
203339,2,6.9666666984558105,7.510917663574219,9.144920349121094,-0.1703176647424698,110.729248046875,0.12310997396707535
203359,2,6.8042120933532715,7.449923038482666,6.80721378326416,0.26840633153915405,110.77316284179688,0.1222594827413559
203379,2,6.633599758148193,7.3818440437316895,8.159300804138184,-0.020734049379825592,111.036865234375,0.03168231248855591
203399,2,6.538241863250732,7.30598783493042,8.289129257202148,-0.05628456547856331,111.19064331054688,0.12821291387081146
203419,2,6.361662864685059,7.221582412719727,6.221729278564453,0.3325927257537842,111.25653076171875,0.13969609141349792
203439,2,6.177464008331299,7.131308078765869,8.468559265136719,-0.13503876328468323,111.52023315429688,0.051243577152490616
203459,2,6.093967914581299,7.0348920822143555,6.868350505828857,0.16819262504577637,111.60809326171875,0.12310997396707535
203479,2,5.893129825592041,6.930882930755615,6.124295234680176,0.2864087224006653,111.739990234375,0.1043991968035698
203499,2,5.653656482696533,6.820182800292969,8.514082908630371,-0.20120887458324432,111.95965576171875,0.07123009115457535
203519,2,5.446499824523926,6.701689720153809,6.233457565307617,0.20725078880786896,111.95965576171875,0.009993256069719791
203539,2,5.249910354614258,6.575504302978516,7.518995761871338,-0.06836309283971786,112.135498046875,0.08483792841434479
203559,2,5.120942115783691,6.444299697875977,6.498867511749268,0.10232051461935043,112.17953491210938,0.02317584864795208
203579,2,4.912851333618164,6.305342197418213,7.01002836227417,-0.03646428883075714,112.28936767578125,-0.06485141813755035
203599,2,4.679555416107178,6.1610026359558105,7.6679768562316895,-0.2096780389547348,112.46510314941406,-0.09249233454465866
203619,2,4.446189880371094,6.011468410491943,7.291146755218506,-0.17493298649787903,112.61897277832031,-0.04231186956167221
203639,2,4.277181625366211,5.855885028839111,6.732048034667969,-0.0984460711479187,112.75076293945312,0.011694235727190971
203659,2,4.001607418060303,5.694785118103027,5.613624572753906,0.08388121426105499,112.838623046875,0.022750603035092354
203679,2,3.8725810050964355,5.5261454582214355,5.9052629470825195,-0.009462359361350536,112.94856262207031,0.009142765775322914
203699,2,3.60133695602417,5.351251125335693,5.59646463394165,0.006718689110130072,113.03642272949219,-0.038484666496515274
203719,2,3.357696056365967,5.17155647277832,4.812029838562012,0.12258041650056839,113.12429809570312,0.045715391635894775
203739,2,3.091287136077881,4.987199783325195,4.53278112411499,0.146067276597023,113.25619506835938,0.1320401132106781
203759,2,2.9481005668640137,4.798440456390381,4.276908874511719,0.17005778849124908,113.36602783203125,0.15032720565795898
203779,2,2.6352603435516357,4.605508327484131,4.113564968109131,0.16598619520664215,113.43193054199219,0.1490514725446701
203799,2,2.353843927383423,4.405176639556885,3.8344531059265137,0.1779036819934845,113.51979064941406,0.08228645473718643
203819,2,2.189016342163086,4.201927661895752,5.799191951751709,-0.240334153175354,113.71759033203125,0.05634651705622673
203839,2,1.8885835409164429,3.9931390285491943,3.3136966228485107,0.2034778743982315,113.65168762207031,0.05081833153963089
203859,2,1.5773751735687256,3.780337333679199,2.896352767944336,0.24474038183689117,113.71759033203125,0.11758178472518921
203879,2,1.4454901218414307,3.5630176067352295,3.22489070892334,0.14968273043632507,113.80545043945312,0.1830710768699646
203899,2,1.1389654874801636,3.3436973094940186,3.3185954093933105,0.09260856360197067,113.87135314941406,0.16648651659488678
203919,2,0.8616248369216919,3.1190688610076904,3.752898931503296,-0.046590566635131836,113.893310546875,-0.04358760640025139
203939,2,0.5628530979156494,2.8909242153167725,2.7004451751708984,0.10855451971292496,113.915283203125,-0.0006378673715516925
203959,2,0.2724449336528778,2.6593616008758545,3.181623697280884,-0.03574599325656891,113.95932006835938,-0.007016541436314583
203979,2,0.12874940037727356,2.425208806991577,3.1519579887390137,-0.07287269830703735,114.00325012207031,0.036785248667001724
203999,2,-0.17436395585536957,2.1871559619903564,2.5523674488067627,-0.009549299255013466,114.02522277832031,-0.015096195042133331
204019,2,-0.4825596511363983,1.9482892751693726,2.8096425533294678,-0.11514140665531158,114.04718017578125,-0.022750603035092354
204039,2,-0.6450331807136536,1.7075016498565674,2.6976640224456787,-0.146810382604599,114.04718017578125,-0.09844576567411423
204059,2,-0.9210658669471741,1.4638104438781738,1.3342543840408325,0.06771599501371384,114.04718017578125,-0.02870403230190277
204079,2,-1.189812183380127,1.2200292348861694,1.334815502166748,0.01992926374077797,114.06915283203125,0.036785248667001724
204099,2,-1.52116858959198,0.9738860726356506,1.2394163608551025,-0.012902158312499523,114.06915283203125,0.03593476116657257
204119,2,-1.6912113428115845,0.7265477180480957,1.0592970848083496,-0.02442551963031292,114.06915283203125,0.029556086286902428
204139,2,-2.05281662940979,0.4835681617259979,1.0984405279159546,-0.08566276729106903,114.06915283203125,0.015521439723670483
204159,2,-2.209028482437134,0.23310227692127228,0.17635208368301392,0.05292006954550743,114.06915283203125,0.04699112847447395
204179,2,-2.511225461959839,-0.01768169365823269,-0.2426910549402237,0.07925505191087723,114.04718017578125,-0.0036145818885415792
204199,2,-2.7954440116882324,-0.2679201066493988,-0.1264384388923645,0.005495120771229267,114.04718017578125,0.0282803513109684
204219,2,-2.960286855697632,-0.5164851546287537,-0.15565049648284912,-0.04209742695093155,114.02522277832031,-0.08909037709236145
204239,2,-3.2811076641082764,-0.7672829627990723,-0.5445256233215332,-0.013597211800515652,114.02522277832031,-0.0006378673715516925
204259,2,-3.590853452682495,-1.0183435678482056,-0.6301817297935486,-0.05618756264448166,113.98129272460938,-0.04103613644838333
204279,2,-3.7507777214050293,-1.269420862197876,-1.0374555587768555,-0.02199174463748932,113.93736267089844,-0.026152562350034714
204299,2,-3.9956421852111816,-1.518722653388977,-1.4220550060272217,-0.0019826360512524843,113.893310546875,-0.050816770642995834
204319,2,-4.147485256195068,-1.7646976709365845,-1.310309648513794,-0.07301170378923416,113.84938049316406,-0.06059896573424339
204339,2,-4.463675022125244,-2.012403726577759,-1.2674508094787598,-0.13974672555923462,113.82742309570312,-0.08781464397907257
204359,2,-4.747690200805664,-2.256686210632324,-0.6129675507545471,-0.32942166924476624,113.78349304199219,-0.1239604577422142
204379,2,-4.870706081390381,-2.4997360706329346,-0.9671887755393982,-0.314007043838501,113.73956298828125,-0.18689827620983124
204399,2,-5.122401237487793,-2.741584300994873,-1.1151697635650635,-0.34565696120262146,113.69561767578125,-0.1864730268716812
204419,2,-5.380258083343506,-2.9784622192382812,-1.5964877605438232,-0.308448851108551,113.65168762207031,-0.14097025990486145
204439,2,-5.494264125823975,-3.2136621475219727,-2.3363242149353027,-0.21382711827754974,113.60775756835938,-0.13884402811527252
204459,2,-5.74778413772583,-3.446660280227661,-2.6777639389038086,-0.1982557624578476,113.563720703125,-0.10865164548158646
204479,2,-5.980498313903809,-3.6761527061462402,-2.8835296630859375,-0.21169131994247437,113.47586059570312,-0.13926927745342255
204499,2,-6.089215278625488,-3.9017691612243652,-3.4936554431915283,-0.13963167369365692,113.36602783203125,-0.14139550924301147
204519,2,-6.307437419891357,-4.123907089233398,-3.4039204120635986,-0.20888200402259827,113.30012512207031,-0.15287712216377258
204539,2,-6.5167059898376465,-4.34205961227417,-3.8900370597839355,-0.16302603483200073,113.212158203125,-0.15755480527877808
204559,2,-6.698242664337158,-4.556065559387207,-4.34885835647583,-0.12026840448379517,113.12429809570312,-0.14267124235630035
204579,2,-6.790279865264893,-4.765279293060303,-3.873701572418213,-0.265677273273468,112.99249267578125,-0.2808789610862732
204599,2,-6.959001541137695,-4.970356464385986,-4.692442893981934,-0.15205246210098267,112.92660522460938,-0.1732904314994812
204619,2,-7.135716915130615,-5.171076774597168,-4.127081871032715,-0.3108733594417572,112.81666564941406,-0.1796691119670868
204639,2,-7.300444602966309,-5.365751266479492,-4.48935604095459,-0.276854008436203,112.77273559570312,-0.11120311170816422
204659,2,-7.439977645874023,-5.556066513061523,-6.086574554443359,-0.005428548902273178,112.59700012207031,-0.11758178472518921
204679,2,-7.523379325866699,-5.740201950073242,-4.898604393005371,-0.2716076076030731,112.57504272460938,-0.13799354434013367
204699,2,-7.6710524559021,-5.919777870178223,-5.474436283111572,-0.19556637108325958,112.487060546875,-0.133741095662117
204719,2,-7.804470539093018,-6.0922465324401855,-4.86350679397583,-0.35922521352767944,112.44313049316406,-0.19200120866298676
204739,2,-7.872273921966553,-6.258492946624756,-8.789315223693848,0.3859080672264099,112.15757751464844,-0.005740806460380554
204759,2,-7.990743160247803,-6.419483661651611,-4.079918384552002,-0.5689824223518372,112.17953491210938,-0.1354420781135559
204779,2,-8.095555305480957,-6.5738935470581055,-7.837589263916016,0.1480776071548462,111.89376831054688,-0.004465071950107813
204799,2,-8.14378833770752,-6.721508502960205,-6.167900562286377,-0.21736660599708557,111.827880859375,-0.16606126725673676
204819,2,-8.221837997436523,-6.862904071807861,-6.297914981842041,-0.20689721405506134,111.69595336914062,-0.037208929657936096
204839,2,-8.29354190826416,-6.997574806213379,-6.581566333770752,-0.17722414433956146,111.60809326171875,-0.10057199001312256
204859,2,-8.3506498336792,-7.125057220458984,-7.210062026977539,-0.08507558703422546,111.476318359375,-0.1401197612285614
204879,2,-8.40362548828125,-7.245175361633301,-5.922534465789795,-0.3558650016784668,111.36636352539062,-0.09164184331893921
204899,2,-8.445900917053223,-7.357403755187988,-8.26819896697998,0.07776038348674774,111.16867065429688,-0.10184772312641144
204919,2,-8.477195739746094,-7.462477684020996,-5.290274620056152,-0.5264808535575867,111.124755859375,-0.1303391307592392
204939,2,-8.488325119018555,-7.559689998626709,-8.195696830749512,0.02620117738842964,110.86105346679688,-0.09036611020565033
204959,2,-8.503312110900879,-7.649225234985352,-6.382486820220947,-0.3585461974143982,110.81710815429688,-0.22729654610157013
204979,2,-8.507143020629883,-7.730813503265381,-6.8533220291137695,-0.2758919894695282,110.61929321289062,-0.05336824059486389
204999,2,-8.499567031860352,-7.804417610168457,-7.241361618041992,-0.219146728515625,110.44357299804688,-0.17584191262722015
205019,2,-8.481328964233398,-7.869910717010498,-7.075811386108398,-0.27262502908706665,110.28970336914062,-0.23410046100616455
205039,2,-8.468045234680176,-7.927318096160889,-7.441417694091797,-0.21835628151893616,110.13595581054688,-0.18987499177455902
205059,2,-8.434113502502441,-7.976340293884277,-7.269735336303711,-0.26797476410865784,109.982177734375,-0.22814702987670898
205079,2,-8.38730239868164,-8.016940116882324,-7.712192535400391,-0.19233840703964233,109.82830810546875,-0.1652107834815979
205099,2,-8.329902648925781,-8.049653053283691,-7.624197483062744,-0.2231481373310089,109.652587890625,-0.23069849610328674
205119,2,-8.26274299621582,-8.073369026184082,-8.063636779785156,-0.142390638589859,109.49871826171875,-0.17541666328907013
205139,2,-8.225881576538086,-8.089242935180664,-7.2971038818359375,-0.2977123558521271,109.344970703125,-0.18264582753181458
205159,2,-8.141786575317383,-8.096105575561523,-6.840794086456299,-0.39118024706840515,109.14715576171875,-0.20008087158203125
205179,2,-8.047418594360352,-8.094411849975586,-7.992569923400879,-0.1641039103269577,108.949462890625,-0.1384187936782837
205199,2,-7.950028419494629,-8.083903312683105,-8.4125394821167,-0.07328255474567413,108.79559326171875,-0.031680747866630554
205219,2,-7.835374355316162,-8.066004753112793,-8.562515258789062,-0.03506800904870033,108.66378784179688,-0.10354870557785034
205239,2,-7.710975170135498,-8.038886070251465,-7.14235782623291,-0.31380417943000793,108.575927734375,-0.19497792422771454
205259,2,-7.645815372467041,-8.003886222839355,-9.642070770263672,0.19719134271144867,108.33419799804688,0.04656588286161423
205279,2,-7.503492832183838,-7.959338188171387,-8.453629493713379,-0.03258842974901199,108.224365234375,-0.15925578773021698
205299,2,-7.352567672729492,-7.906278610229492,-6.639993667602539,-0.37020203471183777,108.07049560546875,-0.12991389632225037
205319,2,-7.18389892578125,-7.8452935218811035,-9.88528823852539,0.2846030294895172,107.850830078125,-0.013820460066199303
205339,2,-7.02231502532959,-7.7751970291137695,-7.866098880767822,-0.0917791873216629,107.74090576171875,-0.052942994982004166
205359,2,-6.855643272399902,-7.697190284729004,-7.420848369598389,-0.16513298451900482,107.543212890625,-0.12821291387081146
205379,2,-6.682683944702148,-7.610462188720703,-8.366225242614746,0.049243733286857605,107.27951049804688,-0.015946684405207634
205399,2,-6.593758583068848,-7.516993999481201,-7.011626720428467,-0.20190086960792542,107.191650390625,-0.09674478322267532
205419,2,-6.390719413757324,-7.414271831512451,-7.861414909362793,-0.0029037354979664087,107.01580810546875,-0.02190011367201805
205439,2,-6.16117000579834,-7.304819107055664,-8.346029281616211,0.12402808666229248,106.862060546875,0.02657780796289444
205459,2,-5.961446762084961,-7.187344074249268,-8.584233283996582,0.20359590649604797,106.68621826171875,0.027429861947894096
205479,2,-5.727993011474609,-7.060227870941162,-7.7575483322143555,0.07694205641746521,106.55441284179688,0.03721049427986145
205499,2,-5.620412349700928,-6.927183151245117,-7.606101036071777,0.07719653099775314,106.42251586914062,0.026152562350034714
205519,2,-5.3809814453125,-6.78532075881958,-6.917125225067139,-0.020419463515281677,106.31256103515625,0.04316392540931702
205539,2,-5.13448429107666,-6.6359052658081055,-6.810842037200928,-0.0029107218142598867,106.1807861328125,0.023601094260811806
205559,2,-4.881912708282471,-6.481527805328369,-5.2754621505737305,-0.2749232351779938,106.04898071289062,-0.08398743718862534
205579,2,-4.610808849334717,-6.317211627960205,-6.657756328582764,0.036172572523355484,105.87313842773438,-0.029129277914762497
205599,2,-4.4885969161987305,-6.147708415985107,-6.31366491317749,-0.0070023853331804276,105.7633056640625,-0.08143597096204758
205619,2,-4.218613624572754,-5.969983100891113,-7.798444747924805,0.3165293037891388,105.58749389648438,-0.06187470257282257
205639,2,-3.941084146499634,-5.785604000091553,-3.8615427017211914,-0.403107613325119,105.60943603515625,0.059323232620954514
205659,2,-3.6598455905914307,-5.597231864929199,-5.507901668548584,-0.032209232449531555,105.4776611328125,0.07165533304214478
205679,2,-3.3960845470428467,-5.401363849639893,-5.370733261108398,-0.022308699786663055,105.36782836914062,-0.030830256640911102
205699,2,-3.109389305114746,-5.197469711303711,-5.34296989440918,0.007237298414111137,105.25787353515625,-0.0963195413351059
205719,2,-2.9617137908935547,-4.990163803100586,-4.487890720367432,-0.12679623067378998,105.19198608398438,-0.0720805823802948
205739,2,-2.664016008377075,-4.77519416809082,-4.664931297302246,-0.04626848176121712,105.1260986328125,0.008717521093785763
205759,2,-2.359220027923584,-4.55471658706665,-4.910724639892578,0.05198707804083824,105.0382080078125,0.056771762669086456
205779,2,-2.0505712032318115,-4.331744194030762,-4.504701137542725,0.02336360327899456,104.97232055664062,0.03721049427986145
205799,2,-1.731703519821167,-4.101683616638184,-3.3731648921966553,-0.15092003345489502,104.90643310546875,-0.015096195042133331
205819,2,-1.5851595401763916,-3.8676164150238037,-3.9226737022399902,-0.004123413935303688,104.81845092773438,-0.04486333951354027
205839,2,-1.274630069732666,-3.62758731842041,-2.6991820335388184,-0.20017625391483307,104.7745361328125,-0.06867861747741699
205859,2,-0.9579107165336609,-3.3830971717834473,-1.930891990661621,-0.3111356794834137,104.7086181640625,-0.13629256188869476
205879,2,-0.6648730635643005,-3.1339609622955322,-2.703289270401001,-0.11759784817695618,104.64273071289062,-0.14437222480773926
205899,2,-0.3450343608856201,-2.8844876289367676,-2.4817965030670166,-0.11880719661712646,104.59878540039062,-0.13161486387252808
205919,2,-0.020807184278964996,-2.628303050994873,-2.1510863304138184,-0.1358010172843933,104.57684326171875,-0.08951561897993088
205939,2,0.1281869262456894,-2.371490001678467,-2.102992534637451,-0.10512018948793411,104.53277587890625,-0.10057199001312256
205959,2,0.4489413797855377,-2.109969139099121,-1.4273433685302734,-0.1903829574584961,104.48886108398438,-0.10737590491771698
205979,2,0.7706502079963684,-1.8456071615219116,-1.410623550415039,-0.1422303318977356,104.46688842773438,-0.07420680671930313
205999,2,1.0943071842193604,-1.5820194482803345,-1.5681229829788208,-0.059704940766096115,104.44491577148438,-0.06059896573424339
206019,2,1.408308506011963,-1.3130236864089966,-0.8316388130187988,-0.1500304639339447,104.44491577148438,-0.026152562350034714
206039,2,1.5694838762283325,-1.0446689128875732,-0.47342821955680847,-0.17401853203773499,104.4010009765625,-0.03678368777036667
206059,2,1.8859272003173828,-0.77267986536026,-0.005878724157810211,-0.21646569669246674,104.3790283203125,-0.10992737859487534
206079,2,2.2010841369628906,-0.49925848841667175,-0.47818657755851746,-0.07507173717021942,104.3350830078125,-0.09887100756168365
206099,2,2.5150513648986816,-0.2264968901872635,-0.1601874977350235,-0.08247736096382141,104.3570556640625,-0.03593319654464722
206119,2,2.8266422748565674,0.04750415310263634,-0.03165629506111145,-0.0530407689511776,104.3350830078125,-0.07080484181642532
206139,2,2.9748969078063965,0.32060766220092773,0.5369981527328491,-0.12083993852138519,104.3350830078125,-0.11077786982059479
206159,2,3.2804970741271973,0.5959162712097168,0.42159929871559143,-0.04597345367074013,104.3350830078125,-0.05719700828194618
206179,2,3.5544283390045166,0.8711140751838684,0.5912776589393616,-0.02048579789698124,104.3570556640625,0.012969970703125
206199,2,3.855987548828125,1.1458227634429932,0.22586987912654877,0.11032333225011826,104.3570556640625,0.018072908744215965
206219,2,4.146041393280029,1.4181724786758423,1.5603786706924438,-0.09479992091655731,104.3570556640625,-0.009142765775322914
206239,2,4.428661823272705,1.690724492073059,1.111793041229248,0.05075434222817421,104.3790283203125,-0.0014883573167026043
206259,2,4.682183265686035,1.9623725414276123,1.2447837591171265,0.08425487577915192,104.4010009765625,0.042313434183597565
206279,2,4.932291030883789,2.2321460247039795,1.1107571125030518,0.17118294537067413,104.4010009765625,0.09419331699609756
206299,2,5.063090801239014,2.496715784072876,1.8696274757385254,0.07598938792943954,104.4229736328125,0.09249233454465866
206319,2,5.331740856170654,2.760864496231079,1.2514373064041138,0.25845497846603394,104.44491577148438,0.08568841964006424
206339,2,5.592390060424805,3.022365093231201,1.5966548919677734,0.2568585276603699,104.48886108398438,0.16903798282146454
206359,2,5.840795040130615,3.2794582843780518,1.7949856519699097,0.28331267833709717,104.53277587890625,0.18689827620983124
206379,2,6.068607807159424,3.5340731143951416,2.3686912059783936,0.23842568695545197,104.59878540039062,0.24941083788871765
206399,2,6.301082611083984,3.785872220993042,2.812307357788086,0.21580305695533752,104.66470336914062,0.21624016761779785
206419,2,6.418924331665039,4.032089710235596,3.187239646911621,0.20063339173793793,104.7305908203125,0.2485603541135788
206439,2,6.640097141265869,4.275454521179199,2.877671003341675,0.3261846601963043,104.79647827148438,0.28172945976257324
206459,2,6.858349323272705,4.514540672302246,2.6834912300109863,0.4295538663864136,104.86239624023438,0.2745002806186676
206479,2,7.064526081085205,4.747915267944336,3.5698180198669434,0.3181711733341217,104.97232055664062,0.2855566740036011
206499,2,7.263308525085449,4.977522373199463,3.873640298843384,0.3143593966960907,105.0382080078125,0.20348282158374786
206519,2,7.3573832511901855,5.200522422790527,4.855743885040283,0.1670571267604828,105.14804077148438,0.13416634500026703
206539,2,7.53703498840332,5.4190545082092285,5.116385459899902,0.16788889467716217,105.30191040039062,0.21283821761608124
206559,2,7.7104058265686035,5.631752014160156,5.211366176605225,0.1988997757434845,105.38980102539062,0.22644604742527008
206579,2,7.873626232147217,5.837786674499512,5.71776008605957,0.1417352557182312,105.4776611328125,0.13969609141349792
206599,2,8.027731895446777,6.037143707275391,5.662197589874268,0.19980168342590332,105.58749389648438,0.1975293904542923
206619,2,8.093779563903809,6.230419635772705,6.504305839538574,0.06314384192228317,105.71939086914062,0.0720805823802948
206639,2,8.227683067321777,6.417656898498535,5.83872127532959,0.23527608811855316,105.7633056640625,0.14862622320652008
206659,2,8.350790977478027,6.597927093505859,5.863506317138672,0.2578140199184418,105.96099853515625,0.042313434183597565
206679,2,8.462721824645996,6.770413875579834,6.729917526245117,0.12563097476959229,106.07095336914062,0.10567492991685867
206699,2,8.555333137512207,6.93556547164917,6.166131973266602,0.26787298917770386,106.20272827148438,0.1392708420753479
206719,2,8.644986152648926,7.093394756317139,7.697296619415283,-0.0019014186691492796,106.40054321289062,0.13161486387252808
206739,2,8.683797836303711,7.243308067321777,7.024608135223389,0.16088148951530457,106.510498046875,0.1554301530122757
206759,2,8.761303901672363,7.38571310043335,7.443238258361816,0.10577958822250366,106.62030029296875,0.10524968057870865
206779,2,8.820586204528809,7.519690990447998,7.227238655090332,0.17648351192474365,106.70819091796875,0.16223406791687012
206799,2,8.865950584411621,7.645600318908691,7.060965061187744,0.2428652048110962,106.840087890625,0.22559556365013123
206819,2,8.882758140563965,7.762712478637695,5.892147541046143,0.4972708523273468,107.01580810546875,0.20986150205135345
206839,2,8.90970516204834,7.871368885040283,6.978603363037109,0.31292855739593506,107.169677734375,0.23367521166801453
206859,2,8.92416000366211,7.971136569976807,6.5547685623168945,0.421845406293869,107.27951049804688,0.20178185403347015
206879,2,8.925711631774902,8.062005996704102,6.85225248336792,0.39039498567581177,107.47732543945312,0.22899752855300903
206899,2,8.914595603942871,8.143810272216797,7.291806697845459,0.32770970463752747,107.65304565429688,0.24600888788700104
206919,2,8.904608726501465,8.216577529907227,7.8638224601745605,0.23179326951503754,107.78482055664062,0.1830710768699646
206939,2,8.87492561340332,8.279932975769043,8.130027770996094,0.19436578452587128,107.93869018554688,0.19412744045257568
206959,2,8.832088470458984,8.333874702453613,7.645556926727295,0.29860055446624756,108.11444091796875,0.15457965433597565
206979,2,8.776114463806152,8.378832817077637,7.664310455322266,0.30534884333610535,108.29025268554688,0.18817400932312012
206999,2,8.714040756225586,8.41401195526123,8.145705223083496,0.2149600386619568,108.42205810546875,0.13161486387252808
207019,2,8.637707710266113,8.439180374145508,9.806129455566406,-0.11532655358314514,108.619873046875,0.018923399969935417
207039,2,8.593713760375977,8.455511093139648,6.953315258026123,0.449207603931427,108.66378784179688,0.16733700037002563
207059,2,8.495214462280273,8.461458206176758,11.204283714294434,-0.39589130878448486,108.993408203125,0.0031893369741737843
207079,2,8.38568115234375,8.457646369934082,6.450497627258301,0.5393362045288086,108.993408203125,0.21326346695423126
207099,2,8.261910438537598,8.445306777954102,10.623054504394531,-0.3058978319168091,109.322998046875,-0.0703795999288559
207119,2,8.13978099822998,8.422545433044434,8.347389221191406,0.14509153366088867,109.344970703125,0.150752454996109
207139,2,7.997876167297363,8.389296531677246,7.814093589782715,0.22220049798488617,109.49871826171875,-0.032531239092350006
207159,2,7.851537704467773,8.34715747833252,9.299674034118652,-0.06991338729858398,109.71847534179688,0.09717003256082535
207179,2,7.776492595672607,8.295621871948242,6.076688766479492,0.5453125238418579,109.80633544921875,0.10950213670730591
207199,2,7.60276460647583,8.233436584472656,9.482358932495117,-0.1352873295545578,110.07003784179688,0.05719700828194618
207219,2,7.417385578155518,8.161643028259277,6.344170570373535,0.4712980091571808,110.11398315429688,0.19497792422771454
207239,2,7.222041130065918,8.0811128616333,9.896692276000977,-0.255370169878006,110.42160034179688,-0.04146138206124306
207259,2,7.0106425285339355,7.990993499755859,6.616218566894531,0.38029128313064575,110.46554565429688,0.20220708847045898
207279,2,6.892913818359375,7.891955852508545,8.781493186950684,-0.07853469997644424,110.77316284179688,-0.05251774936914444
207299,2,6.669278621673584,7.782529354095459,8.514008522033691,-0.04341951385140419,110.88299560546875,0.07548253983259201
207319,2,6.4347147941589355,7.664999008178711,6.46417236328125,0.31625455617904663,110.97085571289062,-0.012969970703125
207339,2,6.196094989776611,7.5371880531311035,8.639132499694824,-0.1352197825908661,111.21261596679688,0.0737815573811531
207359,2,5.95815896987915,7.401213645935059,5.797009468078613,0.3891213536262512,111.21261596679688,0.04486490413546562
207379,2,5.841633319854736,7.257101058959961,8.291545867919922,-0.13174420595169067,111.432373046875,-0.03125550225377083
207399,2,5.554205894470215,7.103235244750977,7.173625946044922,0.05626409500837326,111.54220581054688,0.1061001718044281
207419,2,5.277615070343018,6.943202495574951,5.594087600708008,0.3306643068790436,111.63006591796875,0.05974847450852394
207439,2,4.988322734832764,6.771749019622803,6.357205867767334,0.14228121936321259,111.761962890625,0.04273867979645729
207459,2,4.855798244476318,6.594316005706787,7.031957626342773,-0.027154812589287758,111.91574096679688,-0.009142765775322914
207479,2,4.561388969421387,6.407181262969971,6.760845184326172,-0.01969379000365734,112.04753112792969,-0.032956480979919434
207499,2,4.26090145111084,6.212156295776367,6.554058074951172,-0.02503288723528385,112.15757751464844,-0.020199134945869446
207519,2,3.9506142139434814,6.012430191040039,5.676368713378906,0.1029619425535202,112.24543762207031,0.019348643720149994
207539,2,3.631967544555664,5.804834365844727,5.824731826782227,0.02920921891927719,112.39920043945312,0.038911473006010056
207559,2,3.48512864112854,5.589507579803467,5.1963791847229,0.11146878451108932,112.46510314941406,0.010418500751256943
207579,2,3.1632773876190186,5.365453720092773,5.838794231414795,-0.06357458233833313,112.59700012207031,0.008717521093785763
207599,2,2.8342034816741943,5.134749412536621,5.4952802658081055,-0.04496234655380249,112.66290283203125,0.00021262247173581272
207619,2,2.5007948875427246,4.900654315948486,4.650695323944092,0.0717659443616867,112.75076293945312,0.009142765775322914
207639,2,2.1669280529022217,4.657210350036621,4.632270812988281,0.026973538100719452,112.81666564941406,0.0363600067794323
207659,2,2.002286434173584,4.410641670227051,5.0324273109436035,-0.09410393238067627,112.92660522460938,0.03423377871513367
207679,2,1.6595312356948853,4.156030654907227,4.634559631347656,-0.07422438263893127,112.94856262207031,-0.04316236078739166
207699,2,1.3129853010177612,3.8960580825805664,4.4486775398254395,-0.0957300066947937,112.99249267578125,-0.027003053575754166
207719,2,0.9995809197425842,3.630638360977173,3.4747464656829834,0.04022004082798958,113.05839538574219,-0.01764766499400139
207739,2,0.6487807035446167,3.362786054611206,2.487584352493286,0.1848786622285843,113.10232543945312,0.07250582426786423
207759,2,0.29784929752349854,3.0886435508728027,2.6251776218414307,0.10659188777208328,113.14625549316406,0.06357567757368088
207779,2,0.13446126878261566,2.813549280166626,2.8700387477874756,0.012321904301643372,113.190185546875,0.05379504710435867
207799,2,-0.21847617626190186,2.5325074195861816,2.4018383026123047,0.04953800514340401,113.212158203125,0.05507078021764755
207819,2,-0.5387137532234192,2.24776029586792,1.8697112798690796,0.09858445078134537,113.212158203125,0.05507078021764755
207839,2,-0.9194990396499634,1.9606353044509888,1.2373257875442505,0.17330680787563324,113.27816772460938,0.13842035830020905
207859,2,-1.2411352396011353,1.672341227531433,0.2870984673500061,0.31157809495925903,113.27816772460938,0.1426728069782257
207879,2,-1.591919183731079,1.380618929862976,1.6718755960464478,-0.013558297418057919,113.32209777832031,0.088239885866642
207899,2,-1.9114025831222534,1.0869489908218384,0.6100970506668091,0.14667941629886627,113.32209777832031,0.15628063678741455
207919,2,-2.0740270614624023,0.7921479344367981,0.6531802415847778,0.09317903965711594,113.32209777832031,0.14309804141521454
207939,2,-2.4164068698883057,0.4942229390144348,0.1911553144454956,0.12807758152484894,113.32209777832031,0.11332933604717255
207959,2,-2.753610372543335,0.19561909139156342,-0.06537080556154251,0.12274493277072906,113.30012512207031,0.10482443869113922
207979,2,-3.0959904193878174,-0.10062137991189957,0.16251929104328156,0.022682473063468933,113.32209777832031,0.11332933604717255
207999,2,-3.4340860843658447,-0.3994435966014862,-0.6422176361083984,0.12115784734487534,113.27816772460938,0.06655239313840866
208019,2,-3.5904529094696045,-0.697333812713623,-1.018856167793274,0.147018164396286,113.30012512207031,0.11205360293388367
208039,2,-3.915497064590454,-0.9966722130775452,-0.8670439720153809,0.06085922196507454,113.30012512207031,0.0997214987874031
208059,2,-4.23580265045166,-1.2950389385223389,-1.6029140949249268,0.14798679947853088,113.27816772460938,0.06867861747741699
208079,2,-4.555543899536133,-1.589426875114441,-1.4046735763549805,0.05585367977619171,113.30012512207031,0.15117770433425903
208099,2,-4.869999408721924,-1.8858850002288818,-0.9857879281044006,-0.09031426161527634,113.25619506835938,0.009142765775322914
208119,2,-5.010464668273926,-2.178040027618408,-0.9161608219146729,-0.16150839626789093,113.212158203125,-0.05336824059486389
208139,2,-5.309838771820068,-2.469590663909912,-1.5711020231246948,-0.10137911885976791,113.16822814941406,-0.11290409415960312
208159,2,-5.6015849113464355,-2.758577346801758,-1.7256945371627808,-0.13576462864875793,113.16822814941406,-0.07548253983259201
208179,2,-5.892439842224121,-3.0437633991241455,-1.885300636291504,-0.1733182668685913,113.12429809570312,-0.114179827272892
208199,2,-6.1668701171875,-3.3258562088012695,-1.8321731090545654,-0.25244447588920593,113.08036804199219,-0.14862467348575592
208219,2,-6.292609691619873,-3.603537082672119,-2.5020415782928467,-0.1832580715417862,113.05839538574219,-0.17286519706249237
208239,2,-6.553881645202637,-3.8788506984710693,-2.939087390899658,-0.16509003937244415,113.01446533203125,-0.1652107834815979
208259,2,-6.803529262542725,-4.149511337280273,-3.0929548740386963,-0.20421041548252106,112.97053527832031,-0.2187916487455368
208279,2,-7.046257019042969,-4.413270950317383,-1.6986382007598877,-0.5520688891410828,112.90463256835938,-0.29023435711860657
208299,2,-7.282726287841797,-4.674607276916504,-1.891339898109436,-0.5899240970611572,112.838623046875,-0.33403459191322327
208319,2,-7.391600608825684,-4.929141998291016,-2.797395706176758,-0.48104891180992126,112.75076293945312,-0.3557220697402954
208339,2,-7.60983419418335,-5.179495811462402,-3.1521060466766357,-0.4798731207847595,112.66290283203125,-0.3234034478664398
208359,2,-7.811034679412842,-5.423736572265625,-4.0216546058654785,-0.372599333524704,112.55307006835938,-0.3004402220249176
208379,2,-8.00599193572998,-5.659861087799072,-4.213452339172363,-0.3971341550350189,112.44313049316406,-0.30809465050697327
208399,2,-8.188603401184082,-5.891481876373291,-4.842045307159424,-0.3303304612636566,112.33329772949219,-0.23707717657089233
208419,2,-8.274188995361328,-6.11506462097168,-5.1634135246276855,-0.316093385219574,112.20150756835938,-0.2574889361858368
208439,2,-8.434944152832031,-6.332364082336426,-5.853058815002441,-0.23292693495750427,112.04753112792969,-0.21836639940738678
208459,2,-8.584904670715332,-6.542136192321777,-6.209224700927734,-0.20839917659759521,111.91574096679688,-0.16563603281974792
208479,2,-8.724035263061523,-6.743583679199219,-7.161858081817627,-0.060667891055345535,111.783935546875,-0.0997214987874031
208499,2,-8.848366737365723,-6.937760829925537,-7.077397346496582,-0.11336545646190643,111.63006591796875,-0.11460506916046143
208519,2,-8.904656410217285,-7.12285852432251,-6.7268242835998535,-0.21710453927516937,111.49826049804688,-0.13926927745342255
208539,2,-9.008523941040039,-7.300127029418945,-6.7478928565979,-0.25080183148384094,111.32244873046875,-0.21751591563224792
208559,2,-9.099035263061523,-7.468573093414307,-5.820562362670898,-0.46794643998146057,111.16867065429688,-0.15500333905220032
208579,2,-9.183135986328125,-7.627496719360352,-6.966195583343506,-0.2786419987678528,110.99282836914062,-0.19242645800113678
208599,2,-9.216002464294434,-7.777448654174805,-6.931692123413086,-0.31674453616142273,110.83908081054688,-0.15032564103603363
208619,2,-9.27126693725586,-7.918471336364746,-7.803449630737305,-0.17173756659030914,110.64126586914062,-0.14309647679328918
208639,2,-9.31204891204834,-8.049911499023438,-7.795552730560303,-0.2021481692790985,110.44357299804688,-0.1864730268716812
208659,2,-9.338398933410645,-8.171460151672363,-7.924952030181885,-0.20088811218738556,110.26773071289062,-0.17754288017749786
208679,2,-9.35004711151123,-8.283016204833984,-8.463652610778809,-0.11381135135889053,110.07003784179688,-0.12438570708036423
208699,2,-9.34805965423584,-8.384560585021973,-8.310564994812012,-0.1579621583223343,109.89422607421875,-0.08398743718862534
208719,2,-9.34234619140625,-8.475916862487793,-8.233464241027832,-0.18694807589054108,109.74044799804688,-0.10737590491771698
208739,2,-9.319527626037598,-8.55677604675293,-8.935612678527832,-0.06645839661359787,109.56460571289062,-0.1222594827413559
208759,2,-9.28242015838623,-8.62708568572998,-7.827878475189209,-0.28641751408576965,109.38888549804688,-0.05762225016951561
208779,2,-9.23643684387207,-8.686636924743652,-9.984515190124512,0.1235097274184227,109.19110107421875,-0.07548253983259201
208799,2,-9.17733383178711,-8.735359191894531,-7.101330757141113,-0.44644707441329956,109.14715576171875,-0.13926927745342255
208819,2,-9.099590301513672,-8.773990631103516,-10.099895477294922,0.13754203915596008,108.88345336914062,-0.04358760640025139
208839,2,-9.008370399475098,-8.801814079284668,-6.981316089630127,-0.47816917300224304,108.81756591796875,-0.18902449309825897
208859,2,-8.959859848022461,-8.818646430969238,-12.034696578979492,0.5237707495689392,108.44403076171875,0.06825337558984756
208879,2,-8.847536087036133,-8.823859214782715,-8.39986515045166,-0.19469015300273895,108.42205810546875,-0.16563603281974792
208899,2,-8.718337059020996,-8.818440437316895,-8.283228874206543,-0.19665059447288513,108.224365234375,-0.029554523527622223
208919,2,-8.578929901123047,-8.802602767944336,-9.168344497680664,-0.013308519497513771,108.07049560546875,0.0023388471454381943
208939,2,-8.42195987701416,-8.77572250366211,-9.121826171875,-0.01188590470701456,107.872802734375,-0.030405012890696526
208959,2,-8.344522476196289,-8.737547874450684,-8.66672420501709,-0.08873604983091354,107.74090576171875,0.015096195042133331
208979,2,-8.169281005859375,-8.687363624572754,-9.369749069213867,0.06977390497922897,107.58712768554688,0.03976196423172951
208999,2,-7.982594966888428,-8.626150131225586,-9.18230152130127,0.05385005474090576,107.41131591796875,0.005315561778843403
209019,2,-7.781111717224121,-8.55571460723877,-7.873697280883789,-0.18413732945919037,107.23556518554688,-0.032531239092350006
209039,2,-7.564680576324463,-8.47410774230957,-9.202710151672363,0.10152292996644974,107.03778076171875,0.014245704747736454
209059,2,-7.464615345001221,-8.381734848022461,-7.9818220138549805,-0.12971651554107666,106.92794799804688,-0.14224599301815033
209079,2,-7.210087299346924,-8.277383804321289,-8.76775074005127,0.060395900160074234,106.68621826171875,0.05081833153963089
209099,2,-6.983109474182129,-8.163822174072266,-7.657801628112793,-0.1434403508901596,106.57638549804688,-0.10695066303014755
209119,2,-6.701070308685303,-8.040668487548828,-7.809401988983154,-0.07448031008243561,106.444580078125,0.01467095036059618
209139,2,-6.579923629760742,-7.906138896942139,-7.988099098205566,-0.025342172011733055,106.35662841796875,-0.10737590491771698
209159,2,-6.308515548706055,-7.759953022003174,-6.568817615509033,-0.27744486927986145,106.29061889648438,-0.13246536254882812
209179,2,-6.0246806144714355,-7.6034836769104,-8.274446487426758,0.09903890639543533,106.09292602539062,-0.004039826802909374
209199,2,-5.7317657470703125,-7.438743591308594,-7.2389607429504395,-0.0733918622136116,105.98309326171875,-0.06017372012138367
209219,2,-5.4264702796936035,-7.265403747558594,-6.955650806427002,-0.08892746269702911,105.89511108398438,0.0006378673715516925
209239,2,-5.284413814544678,-7.082135200500488,-7.228060722351074,-0.0022433758713304996,105.7633056640625,-0.038909912109375
209259,2,-4.968174457550049,-6.887681007385254,-6.746197700500488,-0.05425412580370903,105.63153076171875,-0.026152562350034714
209279,2,-4.614927291870117,-6.6845879554748535,-6.593135833740234,-0.033890943974256516,105.54354858398438,0.05719700828194618
209299,2,-4.2720627784729,-6.4734110832214355,-6.411454677581787,-0.01952916756272316,105.4337158203125,0.038911473006010056
209319,2,-4.113471508026123,-6.254690647125244,-5.412929534912109,-0.17989619076251984,105.32388305664062,-0.06527666002511978
209339,2,-3.738698959350586,-6.025807857513428,-4.8298773765563965,-0.25409916043281555,105.21395874023438,-0.15117613971233368
209359,2,-3.3872997760772705,-5.790340423583984,-5.812612533569336,-0.013038118369877338,105.0601806640625,-0.06995435804128647
209379,2,-3.0274505615234375,-5.5485382080078125,-4.5985212326049805,-0.21165135502815247,104.99429321289062,-0.16563603281974792
209399,2,-2.8572051525115967,-5.298712253570557,-4.010329723358154,-0.2789144814014435,104.90643310546875,-0.050816770642995834
209419,2,-2.4926395416259766,-5.039681911468506,-4.6606059074401855,-0.1051965281367302,104.7745361328125,-0.11205360293388367
209439,2,-2.1247239112854004,-4.773555755615234,-4.3775506019592285,-0.1182844340801239,104.6866455078125,-0.18009436130523682
209459,2,-1.7503913640975952,-4.502483367919922,-3.6015844345092773,-0.21843884885311127,104.64273071289062,-0.11035262048244476
209479,2,-1.381716251373291,-4.225108623504639,-3.5083460807800293,-0.18253926932811737,104.55487060546875,-0.07930974662303925
209499,2,-1.1929776668548584,-3.943533182144165,-3.947681188583374,-0.04459734261035919,104.48886108398438,-0.014245704747736454
209519,2,-0.806784451007843,-3.6535544395446777,-3.9828031063079834,0.02253386564552784,104.4229736328125,-0.026152562350034714
209539,2,-0.4309580624103546,-3.3587472438812256,-3.285623550415039,-0.055708568543195724,104.3350830078125,-0.04656431823968887
209559,2,-0.04779104143381119,-3.0624840259552,-2.6748225688934326,-0.11782992631196976,104.26919555664062,-0.061449456959962845
209579,2,0.3482058048248291,-2.759631872177124,-2.2268810272216797,-0.14846821129322052,104.20330810546875,-0.10737590491771698
209599,2,0.5288605093955994,-2.453361988067627,-2.7399864196777344,0.010116496123373508,104.15927124023438,0.006166051607578993
209619,2,0.9107011556625366,-2.141503095626831,-1.591112732887268,-0.15017765760421753,104.13729858398438,-0.013395215384662151
209639,2,1.2919801473617554,-1.8267810344696045,-1.886959433555603,-0.02678857371211052,104.0494384765625,-0.022750603035092354
209659,2,1.674344539642334,-1.5123817920684814,-1.5406769514083862,-0.03142419084906578,104.0274658203125,-0.02190011367201805
209679,2,2.0450406074523926,-1.1934183835983276,-1.506080150604248,0.03403625264763832,104.0054931640625,0.06017372012138367
209699,2,2.2403886318206787,-0.8738620281219482,-1.4236055612564087,0.079475998878479,103.9835205078125,0.045715391635894775
209719,2,2.6100361347198486,-0.5502644777297974,-2.147240161895752,0.2992572784423828,103.96157836914062,0.1605330854654312
209739,2,2.98608660697937,-0.22552402317523956,-0.88053297996521,0.12491336464881897,103.9835205078125,0.12098374962806702
209759,2,3.349149227142334,0.09647757560014725,-0.5955070853233337,0.14146067202091217,103.96157836914062,0.137569859623909
209779,2,3.6778695583343506,0.420417457818985,-1.218285322189331,0.34003496170043945,103.9835205078125,0.15585538744926453
209799,2,4.042042255401611,0.746898353099823,-0.22039544582366943,0.22357621788978577,103.9835205078125,0.1669117659330368
209819,2,4.204635143280029,1.0699414014816284,1.5578020811080933,-0.0648382157087326,103.9835205078125,0.09717003256082535
209839,2,4.5524091720581055,1.3940370082855225,0.7871993184089661,0.1482340693473816,103.9835205078125,0.013395215384662151
209859,2,4.893834114074707,1.7164363861083984,0.9262428879737854,0.18969079852104187,104.0054931640625,0.07505729049444199
209879,2,5.230533123016357,2.0357894897460938,1.2865790128707886,0.18776273727416992,104.0274658203125,0.10865164548158646
209899,2,5.5602922439575195,2.3548240661621094,2.3487207889556885,0.050425801426172256,104.09335327148438,0.1524534374475479
209919,2,5.71453332901001,2.6688461303710938,2.7617499828338623,0.022363467141985893,104.09335327148438,0.018072908744215965
209939,2,6.029695987701416,2.981705665588379,2.5123813152313232,0.13687968254089355,104.09335327148438,0.07080484181642532
209959,2,6.326712131500244,3.290785074234009,1.734586477279663,0.35839974880218506,104.11532592773438,0.16308455169200897
209979,2,6.619582176208496,3.594559669494629,2.7013120651245117,0.23148071765899658,104.22528076171875,0.09249233454465866
209999,2,6.878643989562988,3.8937675952911377,2.8682844638824463,0.266802579164505,104.26919555664062,0.18859925866127014
210019,2,7.150559425354004,4.190214157104492,2.753499746322632,0.35860565304756165,104.3350830078125,0.19327694177627563
210039,2,7.283553600311279,4.479673385620117,2.6812691688537598,0.4454191029071808,104.44491577148438,0.35189488530158997
210059,2,7.537925720214844,4.765359878540039,3.076653242111206,0.4422531723976135,104.48886108398438,0.32552969455718994
210079,2,7.786759853363037,5.045365810394287,2.9090585708618164,0.5538976192474365,104.59878540039062,0.4016501009464264
210099,2,8.005888938903809,5.316752910614014,3.7593934535980225,0.457663357257843,104.7086181640625,0.3646537959575653
210119,2,8.224364280700684,5.582549571990967,4.410337448120117,0.3929833471775055,104.81845092773438,0.29321107268333435
210139,2,8.42690372467041,5.8420939445495605,4.848233699798584,0.3665636479854584,104.92840576171875,0.2664206326007843
210159,2,8.520502090454102,6.0935235023498535,5.068792343139648,0.37256136536598206,105.0601806640625,0.20008087158203125
210179,2,8.706151008605957,6.338276386260986,5.887921333312988,0.2607220411300659,105.19198608398438,0.1652107834815979
210199,2,8.880009651184082,6.57487154006958,6.254947662353516,0.23920093476772308,105.36782836914062,0.24728462100028992
210219,2,9.04041862487793,6.801568508148193,6.3962721824646,0.2605798840522766,105.52157592773438,0.21751591563224792
210239,2,9.187675476074219,7.020574569702148,7.381372928619385,0.11212415248155594,105.67544555664062,0.20220708847045898
210259,2,9.2476224899292,7.230291366577148,7.15427303314209,0.19192412495613098,105.85116577148438,0.1456495225429535
210279,2,9.369650840759277,7.431402206420898,7.21135139465332,0.21937470138072968,106.00503540039062,0.163509801030159
210299,2,9.475699424743652,7.62280797958374,7.226132392883301,0.2455141842365265,106.1148681640625,0.11077786982059479
210319,2,9.56812572479248,7.8033528327941895,9.016911506652832,-0.0684625431895256,106.31256103515625,0.11460506916046143
210339,2,9.641094207763672,7.974648952484131,7.463621616363525,0.25576815009117126,106.42251586914062,0.07335631549358368
210359,2,9.671939849853516,8.135029792785645,8.23705005645752,0.1368127316236496,106.59835815429688,0.137569859623909
210379,2,9.726934432983398,8.285134315490723,7.095804691314697,0.3790145814418793,106.68621826171875,0.0980205163359642
210399,2,9.760360717773438,8.424297332763672,8.860673904418945,0.0626082643866539,106.862060546875,0.12353521585464478
210419,2,9.776613235473633,8.55223560333252,7.768754482269287,0.2946776747703552,106.97186279296875,0.12481094896793365
210439,2,9.778568267822266,8.668953895568848,9.258344650268555,0.02597547508776188,107.191650390625,0.11673129349946976
210459,2,9.773768424987793,8.774270057678223,7.0230841636657715,0.4880230724811554,107.30148315429688,0.257915735244751
210479,2,9.751668930053711,8.867846488952637,11.41799259185791,-0.3682618737220764,107.67501831054688,-0.04316236078739166
210499,2,9.71707820892334,8.949556350708008,5.6320343017578125,0.7826328873634338,107.71893310546875,0.17711764574050903
210519,2,9.663520812988281,9.019270896911621,9.058808326721191,0.11024279147386551,108.02658081054688,0.01126899104565382
210539,2,9.594730377197266,9.077239990234375,9.597596168518066,0.01929526962339878,108.246337890625,0.15032720565795898
210559,2,9.509714126586914,9.123041152954102,8.572763442993164,0.23398584127426147,108.42205810546875,0.24728462100028992
210579,2,9.460026741027832,9.156940460205078,9.352043151855469,0.08754967153072357,108.597900390625,0.11503031849861145
210599,2,9.350801467895508,9.177851676940918,8.374183654785156,0.2825504541397095,108.72970581054688,0.12353521585464478
210619,2,9.222164154052734,9.186232566833496,7.947005748748779,0.3687717914581299,108.927490234375,0.12651193141937256
210639,2,9.079977989196777,9.182799339294434,8.702207565307617,0.21852147579193115,109.14715576171875,0.14820098876953125
210659,2,8.921010971069336,9.166003227233887,9.318119049072266,0.09098915010690689,109.322998046875,0.12991389632225037
210679,2,8.843254089355469,9.138157844543457,7.923769950866699,0.36273089051246643,109.41085815429688,0.15415441989898682
210699,2,8.661910057067871,9.096762657165527,10.568015098571777,-0.17659488320350647,109.674560546875,0.004465071950107813
210719,2,8.463288307189941,9.042824745178223,8.080796241760254,0.30378255248069763,109.76242065429688,0.1698884814977646
210739,2,8.25666332244873,8.978497505187988,9.006487846374512,0.10226310044527054,109.982177734375,0.10057199001312256
210759,2,8.024215698242188,8.900671005249023,8.119340896606445,0.27205753326416016,110.09201049804688,0.24430634081363678
210779,2,7.896270751953125,8.811026573181152,9.07169246673584,0.05348518118262291,110.377685546875,-0.010843745432794094
210799,2,7.643219470977783,8.707779884338379,9.395011901855469,-0.024078676477074623,110.48751831054688,0.1439485400915146
210819,2,7.377636909484863,8.593443870544434,6.321504592895508,0.5518876910209656,110.57537841796875,0.1537291705608368
210839,2,7.108345985412598,8.467265129089355,13.027074813842773,-0.8010615110397339,111.01492309570312,-0.09759527444839478
210859,2,6.975066184997559,8.330187797546387,6.437871932983398,0.4660164713859558,110.94891357421875,0.09461855888366699
210879,2,6.687278747558594,8.180155754089355,10.000941276550293,-0.2813131511211395,111.27850341796875,-0.06825337558984756
210899,2,6.38375997543335,8.018516540527344,7.476593494415283,0.19040565192699432,111.30047607421875,0.1473504900932312
210919,2,6.057582378387451,7.8469557762146,8.338287353515625,-0.032353583723306656,111.54220581054688,-0.03423221781849861
210939,2,5.739560604095459,7.662718296051025,7.651217460632324,0.07253336906433105,111.65203857421875,0.09589429199695587
210959,2,5.57866907119751,7.470339298248291,6.959407806396484,0.1700742095708847,111.739990234375,0.037635739892721176
210979,2,5.204260349273682,7.265187740325928,8.572521209716797,-0.19867058098316193,111.91574096679688,-0.0010631122859194875
210999,2,4.848262786865234,7.052921295166016,8.032567024230957,-0.15242500603199005,112.04753112792969,-0.12778766453266144
211019,2,4.48873233795166,6.82695198059082,8.20456600189209,-0.2533247470855713,112.135498046875,-0.20050610601902008
211039,2,4.307976245880127,6.593913555145264,6.178128719329834,0.10112834721803665,112.31134033203125,0.0019136022310703993
211059,2,3.9358971118927,6.349196434020996,6.499627590179443,-0.020705150440335274,112.42117309570312,-0.025727318599820137
211079,2,3.555480718612671,6.09508752822876,6.105996608734131,-0.001606070320121944,112.53109741210938,-0.05549602583050728
211099,2,3.1620349884033203,5.835733890533447,6.128269672393799,-0.06987187266349792,112.61897277832031,-0.09589429199695587
211119,2,2.7731614112854004,5.563967704772949,5.997703552246094,-0.10770825296640396,112.70683288574219,-0.08483792841434479
211139,2,2.3714356422424316,5.285141944885254,5.698414325714111,-0.11534620821475983,112.75076293945312,-0.11673129349946976
211159,2,2.1815624237060547,4.998604774475098,5.176477909088135,-0.06470874696969986,112.860595703125,-0.014245704747736454
211179,2,1.7740072011947632,4.704493999481201,4.8929853439331055,-0.06765227764844894,112.94856262207031,0.008292276412248611
211199,2,1.3631786108016968,4.407015323638916,3.850184917449951,0.08199981600046158,113.01446533203125,0.07760876417160034
211219,2,0.9540404677391052,4.0988969802856445,2.7978692054748535,0.22817477583885193,113.03642272949219,0.04699112847447395
211239,2,0.7521374821662903,3.787864923477173,3.149451494216919,0.11475648730993271,113.12429809570312,0.11885752528905869
211259,2,0.3376438021659851,3.468322277069092,2.8610925674438477,0.11425123363733292,113.14625549316406,0.12821291387081146
211279,2,-0.08217266947031021,3.143423318862915,2.6001343727111816,0.10889755189418793,113.16822814941406,0.12991389632225037
211299,2,-0.5088462829589844,2.815138816833496,1.9056929349899292,0.18141737580299377,113.16822814941406,0.07250582426786423
211319,2,-0.9073221683502197,2.4810104370117188,1.0972017049789429,0.2848840355873108,113.23423767089844,0.16393505036830902
211339,2,-1.1212503910064697,2.1461095809936523,1.28557288646698,0.20155473053455353,113.30012512207031,0.18264582753181458
211359,2,-1.5309163331985474,1.8050179481506348,0.49359938502311707,0.29793429374694824,113.30012512207031,0.16563603281974792
211379,2,-1.9422950744628906,1.4608851671218872,1.427093267440796,0.046827275305986404,113.27816772460938,0.06740288436412811
211399,2,-2.3534610271453857,1.1164687871932983,0.6369218826293945,0.13501568138599396,113.30012512207031,0.08398743718862534
211419,2,-2.7611231803894043,0.7676643133163452,1.0836122035980225,-0.021434146910905838,113.32209777832031,0.08271170407533646
211439,2,-2.9689626693725586,0.4197520911693573,-0.3908129334449768,0.21432046592235565,113.32209777832031,0.14139705896377563
211459,2,-3.362135171890259,0.06840848922729492,-0.018353842198848724,0.07723379135131836,113.32209777832031,0.12481094896793365
211479,2,-3.756481885910034,-0.283490926027298,0.3133900463581085,-0.0644654631614685,113.30012512207031,-0.030830256640911102
211499,2,-4.153508186340332,-0.6339734196662903,0.1148311197757721,-0.10712697356939316,113.27816772460938,-0.13969452679157257
211519,2,-4.5467753410339355,-0.9830480217933655,-0.3149462938308716,-0.09869629889726639,113.25619506835938,-0.044012852013111115
211539,2,-4.721870422363281,-1.3323781490325928,-0.45710092782974243,-0.1402052640914917,113.23423767089844,-0.06059896573424339
211559,2,-5.109670162200928,-1.681397557258606,-0.8663489818572998,-0.13617949187755585,113.212158203125,-0.07080484181642532
211579,2,-5.4951581954956055,-2.02830171585083,-0.8356277942657471,-0.22023041546344757,113.16822814941406,-0.08568841964006424
211599,2,-5.853833198547363,-2.371152877807617,-1.2240487337112427,-0.22433961927890778,113.12429809570312,-0.17626714706420898
211619,2,-6.0130696296691895,-2.711846351623535,-0.6806982159614563,-0.40523865818977356,113.08036804199219,-0.19837988913059235
211639,2,-6.355576992034912,-3.0515222549438477,-2.3478384017944336,-0.15217049419879913,113.03642272949219,-0.12693718075752258
211659,2,-6.689764976501465,-3.386148691177368,-2.3361923694610596,-0.234571635723114,112.94856262207031,-0.20305758714675903
211679,2,-6.9767842292785645,-3.717266082763672,-2.789846897125244,-0.21660321950912476,112.90463256835938,-0.13799354434013367
211699,2,-7.312051296234131,-4.040629863739014,-3.2567429542541504,-0.19662916660308838,112.81666564941406,-0.13076438009738922
211719,2,-7.455602645874023,-4.360305309295654,-3.139868974685669,-0.28524214029312134,112.75076293945312,-0.17201469838619232
211739,2,-7.739128589630127,-4.675671100616455,-3.6592001914978027,-0.2582055330276489,112.66290283203125,-0.22559556365013123
211759,2,-8.011919021606445,-4.983838081359863,-3.343937635421753,-0.397582471370697,112.55307006835938,-0.2889586091041565
211779,2,-8.26877498626709,-5.283950328826904,-4.281228065490723,-0.28711870312690735,112.46510314941406,-0.284280925989151
211799,2,-8.515363693237305,-5.578333377838135,-4.181580066680908,-0.3791883885860443,112.37722778320312,-0.28980910778045654
211819,2,-8.627531051635742,-5.864360332489014,-4.924984455108643,-0.2949431538581848,112.26741027832031,-0.24175487458705902
211839,2,-8.850122451782227,-6.143722057342529,-4.804373741149902,-0.3806430697441101,112.15757751464844,-0.20816051959991455
211859,2,-9.053832054138184,-6.414520263671875,-6.059246063232422,-0.1937648206949234,112.02555847167969,-0.1928517073392868
211879,2,-9.24382495880127,-6.674569606781006,-6.140107154846191,-0.23269902169704437,111.91574096679688,-0.16223250329494476
211899,2,-9.402745246887207,-6.926080226898193,-6.426267147064209,-0.22883744537830353,111.739990234375,-0.17626714706420898
211919,2,-9.56263256072998,-7.168994903564453,-6.552951335906982,-0.25476810336112976,111.60809326171875,-0.18519729375839233
211939,2,-9.633581161499023,-7.400911331176758,-7.074061870574951,-0.1962205171585083,111.49826049804688,-0.1401197612285614
211959,2,-9.768542289733887,-7.623384475708008,-6.916184425354004,-0.2719697654247284,111.34439086914062,-0.146498441696167
211979,2,-9.886544227600098,-7.835158348083496,-7.668271541595459,-0.1687210649251938,111.14669799804688,-0.19837988913059235
211999,2,-9.987481117248535,-8.035013198852539,-7.57939338684082,-0.23470081388950348,110.97085571289062,-0.27535077929496765
212019,2,-10.070513725280762,-8.224145889282227,-7.890841960906982,-0.21392157673835754,110.83908081054688,-0.21836639940738678
212039,2,-10.102341651916504,-8.401703834533691,-7.927303314208984,-0.24163910746574402,110.66336059570312,-0.1669117659330368
212059,2,-10.156091690063477,-8.567582130432129,-7.991687774658203,-0.2638859748840332,110.46554565429688,-0.20518380403518677
212079,2,-10.195735931396484,-8.721200942993164,-8.469770431518555,-0.1992270052433014,110.28970336914062,-0.16180725395679474
212099,2,-10.212617874145508,-8.862347602844238,-8.641627311706543,-0.19553029537200928,110.09201049804688,-0.22814702987670898
212119,2,-10.214055061340332,-8.990926742553711,-8.665876388549805,-0.2107803374528885,109.93814086914062,-0.14777417480945587
212139,2,-10.203348159790039,-9.106633186340332,-8.959758758544922,-0.16724377870559692,109.78439331054688,-0.12906339764595032
212159,2,-10.177620887756348,-9.209227561950684,-7.634082317352295,-0.4495086967945099,109.652587890625,-0.17073896527290344
212179,2,-10.136773109436035,-9.298534393310547,-11.120930671691895,0.23031342029571533,109.301025390625,-0.020624378696084023
212199,2,-10.073692321777344,-9.374407768249512,-9.04127025604248,-0.1969810575246811,109.23501586914062,-0.1945526897907257
212219,2,-9.98972225189209,-9.437346458435059,-9.269521713256836,-0.15082935988903046,109.01535034179688,-0.03976039960980415
212239,2,-9.893548965454102,-9.485735893249512,-8.393624305725098,-0.3410198986530304,108.927490234375,-0.22304409742355347
212259,2,-9.8374605178833,-9.521279335021973,-9.887381553649902,-0.031440287828445435,108.619873046875,0.056771762669086456
212279,2,-9.711158752441406,-9.542140007019043,-10.310220718383789,0.03614301607012749,108.46600341796875,-0.13289059698581696
212299,2,-9.567667007446289,-9.549834251403809,-7.35045051574707,-0.5234094858169556,108.37814331054688,0.0019136022310703993
212319,2,-9.418193817138672,-9.542336463928223,-10.630030632019043,0.12141822278499603,108.02658081054688,-0.07675827294588089
212339,2,-9.242498397827148,-9.522638320922852,-6.833182334899902,-0.620536208152771,107.98263549804688,-0.19837988913059235
212359,2,-9.041495323181152,-9.488958358764648,-13.112367630004883,0.6343951225280762,107.521240234375,0.07633303105831146
212379,2,-8.944809913635254,-9.440749168395996,-7.2242279052734375,-0.5224284529685974,107.58712768554688,-0.14054501056671143
212399,2,-8.727092742919922,-9.37755298614502,-12.445805549621582,0.5428563952445984,107.125732421875,0.1796691119670868
212419,2,-8.484556198120117,-9.301213264465332,-8.289003372192383,-0.26942765712738037,107.125732421875,-0.18987499177455902
212439,2,-8.23350715637207,-9.212186813354492,-10.383977890014648,0.193321093916893,106.818115234375,0.18689827620983124
212459,2,-7.96240758895874,-9.108109474182129,-10.280196189880371,0.18187402188777924,106.66424560546875,-0.08696415275335312
212479,2,-7.834096908569336,-8.991609573364258,-5.907490253448486,-0.6323259472846985,106.66424560546875,0.05889798700809479
212499,2,-7.545355796813965,-8.860206604003906,-10.227420806884766,0.2511119544506073,106.33465576171875,0.05634651705622673
212519,2,-7.22838830947876,-8.716310501098633,-9.185155868530273,0.07439185678958893,106.22470092773438,-0.05166725814342499
212539,2,-6.8827385902404785,-8.561517715454102,-7.034665584564209,-0.3147076368331909,106.09292602539062,-0.09504380822181702
212559,2,-6.57440710067749,-8.391129493713379,-8.009129524230957,-0.08478155732154846,105.87313842773438,-0.05889798700809479
212579,2,-6.385354995727539,-8.209024429321289,-8.708621978759766,0.07805647701025009,105.69741821289062,-0.08441267907619476
212599,2,-6.03306245803833,-8.012786865234375,-6.739758014678955,-0.26515746116638184,105.56552124023438,-0.061449456959962845
212619,2,-5.666979789733887,-7.807631015777588,-8.246458053588867,0.07526591420173645,105.30191040039062,-0.049541033804416656
212639,2,-5.293691158294678,-7.588383674621582,-6.35247278213501,-0.26254624128341675,105.21395874023438,-0.19880513846874237
212659,2,-4.936774730682373,-7.35779333114624,-7.312800407409668,-0.014550568535923958,105.01626586914062,0.02104962430894375
212679,2,-4.759032249450684,-7.117053985595703,-8.882633209228516,0.32897239923477173,104.79647827148438,-0.004890316631644964
212699,2,-4.353515148162842,-6.862793922424316,-6.251468658447266,-0.13865189254283905,104.7305908203125,-0.10567492991685867
212719,2,-3.9433820247650146,-6.597759246826172,-6.656330585479736,-0.007845021784305573,104.59878540039062,-0.08228645473718643
212739,2,-3.4822144508361816,-6.32727575302124,-6.397393226623535,0.008714296855032444,104.48886108398438,0.06910386681556702
212759,2,-3.0986239910125732,-6.043440341949463,-6.3877997398376465,0.06943360716104507,104.3570556640625,0.03848623111844063
212779,2,-2.8609158992767334,-5.75161075592041,-6.333768844604492,0.11965236067771912,104.24722290039062,0.08271170407533646
212799,2,-2.4628353118896484,-5.447972297668457,-5.795459270477295,0.08289183676242828,104.13729858398438,0.1061001718044281
212819,2,-2.0220184326171875,-5.13775110244751,-6.221994400024414,0.2353658825159073,103.96157836914062,0.04061245545744896
212839,2,-1.5841485261917114,-4.819411277770996,-4.895209789276123,0.04505830258131027,103.91763305664062,0.042313434183597565
212859,2,-1.1306047439575195,-4.495343208312988,-4.450146675109863,0.02879452146589756,103.82965087890625,0.07250582426786423
212879,2,-0.9227949380874634,-4.1630449295043945,-4.584966659545898,0.11661902815103531,103.74179077148438,0.049117352813482285
212899,2,-0.4759520888328552,-3.8218374252319336,-4.3282904624938965,0.13935835659503937,103.6759033203125,0.036785248667001724
212919,2,-0.015670640394091606,-3.4757890701293945,-3.514888048171997,0.05167853832244873,103.6319580078125,0.012119480408728123
212939,2,0.44958215951919556,-3.1271495819091797,-2.8736605644226074,-0.0007500536157749593,103.56607055664062,0.04018720984458923
212959,2,0.8979012370109558,-2.769045114517212,-3.1420834064483643,0.1326991617679596,103.54409790039062,0.12523619830608368
212979,2,1.1034059524536133,-2.408121109008789,-2.803238868713379,0.13784536719322205,103.54409790039062,0.14820098876953125
212999,2,1.5550369024276733,-2.0408620834350586,-2.1693694591522217,0.09216572344303131,103.50018310546875,0.10142248123884201
213019,2,2.0067663192749023,-1.6697887182235718,-1.2181662321090698,-0.019310597330331802,103.47808837890625,0.05762225016951561
213039,2,2.4482240676879883,-1.299796462059021,-1.1610149145126343,0.03876353055238724,103.41220092773438,0.0027640920598059893
213059,2,2.8883678913116455,-0.927046000957489,-0.7538219690322876,0.0336754135787487,103.41220092773438,0.045715391635894775
213079,2,3.099409341812134,-0.5516713261604309,-1.1919903755187988,0.18919473886489868,103.41220092773438,0.09929625689983368
213099,2,3.5727174282073975,-0.17242665588855743,-0.9232034683227539,0.22500205039978027,103.45614624023438,0.19200120866298676
213119,2,4.0076494216918945,0.20576082170009613,-0.533286452293396,0.23505958914756775,103.45614624023438,0.20050610601902008
213139,2,4.439978122711182,0.5847427248954773,-0.6379975080490112,0.34607598185539246,103.47808837890625,0.25238755345344543
213159,2,4.626932144165039,0.9625040888786316,0.24279408156871796,0.2466469258069992,103.47808837890625,0.17073896527290344
213179,2,5.039034843444824,1.341606616973877,0.7506901621818542,0.229081928730011,103.47808837890625,0.15798161923885345
213199,2,5.433745384216309,1.7190641164779663,1.0228221416473389,0.2607903480529785,103.54409790039062,0.20858576893806458
213219,2,5.837619781494141,2.090819835662842,0.8842817544937134,0.3713601529598236,103.52212524414062,0.19412744045257568
213239,2,6.2150468826293945,2.46450138092041,1.491017460823059,0.34073904156684875,103.58804321289062,0.284280925989151
213259,2,6.392194747924805,2.83172869682312,1.7514952421188354,0.36585164070129395,103.6319580078125,0.24260535836219788
213279,2,6.753823757171631,3.197352409362793,1.393111228942871,0.5271167159080505,103.6978759765625,0.37996259331703186
213299,2,7.107128620147705,3.558518171310425,2.171285629272461,0.45958560705184937,103.74179077148438,0.32595494389533997
213319,2,7.448652744293213,3.913283586502075,2.8910059928894043,0.4002555310726166,103.80770874023438,0.31447333097457886
213339,2,7.760829448699951,4.263765335083008,3.3772599697113037,0.3843825161457062,103.91763305664062,0.31574904918670654
213359,2,7.918259620666504,4.605722904205322,3.0245361328125,0.5237511992454529,103.9835205078125,0.2940615713596344
213379,2,8.218562126159668,4.943188190460205,3.9427921772003174,0.4180351495742798,104.0714111328125,0.2727993130683899
213399,2,8.507686614990234,5.273611068725586,4.163951873779297,0.44602999091148376,104.20330810546875,0.25238755345344543
213419,2,8.779528617858887,5.5939154624938965,4.646090507507324,0.421607106924057,104.31314086914062,0.29661303758621216
213439,2,9.041009902954102,5.90778112411499,4.712641716003418,0.47400885820388794,104.44491577148438,0.24345585703849792
213459,2,9.152478218078613,6.212438583374023,5.417448043823242,0.39638933539390564,104.59878540039062,0.2825799584388733
213479,2,9.381264686584473,6.509137153625488,6.389228343963623,0.26448386907577515,104.7525634765625,0.2298480123281479
213499,2,9.592835426330566,6.796253204345703,6.890578746795654,0.22233377397060394,104.90643310546875,0.2043333202600479
213519,2,9.787296295166016,7.071319103240967,7.8538289070129395,0.08048257231712341,105.0601806640625,0.13118962943553925
213539,2,9.966156005859375,7.337150573730469,7.39916467666626,0.21855349838733673,105.21395874023438,0.13289059698581696
213559,2,10.04028034210205,7.591651916503906,7.078866004943848,0.321857213973999,105.34585571289062,0.17456616461277008
213579,2,10.189117431640625,7.835689544677734,8.168519973754883,0.1506073772907257,105.54354858398438,0.14607475697994232
213599,2,10.314620018005371,8.067790031433105,8.463050842285156,0.1410914659500122,105.74136352539062,0.19795463979244232
213619,2,10.42234992980957,8.286638259887695,7.401862144470215,0.3852078914642334,105.87313842773438,0.14182230830192566
213639,2,10.511775970458984,8.493596076965332,8.670979499816895,0.16528606414794922,106.04898071289062,0.09121660143136978
213659,2,10.544392585754395,8.687554359436035,9.921255111694336,-0.04059011489152908,106.29061889648438,0.15287868678569794
213679,2,10.605405807495117,8.868515968322754,8.09813404083252,0.34373998641967773,106.42251586914062,0.16095833480358124
213699,2,10.64063549041748,9.035720825195312,8.206159591674805,0.3489692211151123,106.64227294921875,0.11970800906419754
213719,2,10.65354061126709,9.189144134521484,9.395216941833496,0.14416594803333282,106.862060546875,0.17116421461105347
213739,2,10.652612686157227,9.328445434570312,9.340747833251953,0.17735248804092407,107.03778076171875,0.14352329075336456
213759,2,10.635046005249023,9.453282356262207,9.19717788696289,0.22941236197948456,107.213623046875,0.19667890667915344
213779,2,10.596465110778809,9.563620567321777,9.31364631652832,0.2269238978624344,107.38934326171875,0.16903798282146454
213799,2,10.543352127075195,9.658679008483887,9.52595329284668,0.196401908993721,107.58712768554688,0.11503031849861145
213819,2,10.458065032958984,9.739745140075684,8.962569236755371,0.3163331151008606,107.78482055664062,0.11290409415960312
213839,2,10.411785125732422,9.80540657043457,9.721956253051758,0.17857098579406738,108.02658081054688,0.12948864698410034
213859,2,10.301847457885742,9.855144500732422,10.16869831085205,0.09383358806371689,108.202392578125,0.11205360293388367
213879,2,10.184469223022461,9.889304161071777,9.671368598937988,0.19380582869052887,108.37814331054688,0.1439485400915146
213899,2,10.034627914428711,9.907878875732422,9.918354034423828,0.14394903182983398,108.597900390625,0.0997214987874031
213919,2,9.864195823669434,9.912343978881836,8.363133430480957,0.4444441795349121,108.72970581054688,0.18222057819366455
213939,2,9.677248001098633,9.900428771972656,11.333769798278809,-0.14724284410476685,109.05929565429688,0.13161486387252808
213959,2,9.579224586486816,9.873480796813965,9.575422286987305,0.1964804232120514,109.16912841796875,0.13501682877540588
213979,2,9.362312316894531,9.8295259475708,8.339502334594727,0.42230096459388733,109.344970703125,0.12098374962806702
213999,2,9.127691268920898,9.770041465759277,11.405704498291016,-0.19726940989494324,109.652587890625,0.0703795999288559
214019,2,8.872293472290039,9.696203231811523,8.342679977416992,0.3796151876449585,109.696533203125,0.10992737859487534
214039,2,8.58877944946289,9.607572555541992,9.186874389648438,0.19330118596553802,109.91616821289062,0.14692525565624237
214059,2,8.45394229888916,9.502767562866211,8.986540794372559,0.22053158283233643,110.11398315429688,0.17286519706249237
214079,2,8.159399032592773,9.3814115524292,9.786696434020996,0.026067418977618217,110.355712890625,0.023601094260811806
214099,2,7.847433090209961,9.245078086853027,8.294894218444824,0.2986047565937042,110.42160034179688,0.17541666328907013
214119,2,7.513208389282227,9.096929550170898,9.238031387329102,0.062456030398607254,110.59735107421875,-0.025727318599820137
214139,2,7.15174674987793,8.931779861450195,10.623135566711426,-0.2464165836572647,110.83908081054688,0.010843745432794094
214159,2,6.990487098693848,8.7529935836792,7.259420394897461,0.3760773241519928,110.90496826171875,0.02657780796289444
214179,2,6.623482704162598,8.55832290649414,10.312580108642578,-0.27915748953819275,111.21261596679688,-0.08313694596290588
214199,2,6.240941047668457,8.349739074707031,8.696702003479004,-0.007023833226412535,111.32244873046875,0.03168231248855591
214219,2,5.843979358673096,8.131065368652344,7.6994242668151855,0.14074307680130005,111.476318359375,0.07335631549358368
214239,2,5.423548221588135,7.896694183349609,7.374704837799072,0.14732690155506134,111.60809326171875,-0.022750603035092354
214259,2,5.229979991912842,7.650070667266846,7.229372024536133,0.13010409474372864,111.761962890625,0.03721049427986145
214279,2,4.810451507568359,7.38907527923584,7.574435710906982,0.0011647577630355954,111.93768310546875,-0.019348643720149994
214299,2,4.377533912658691,7.115800380706787,7.834263801574707,-0.11178241670131683,112.09156799316406,0.024876829236745834
214319,2,3.923635959625244,6.834714889526367,7.459259033203125,-0.10273724049329758,112.22346496582031,-0.0036145818885415792
214339,2,3.4671432971954346,6.539177417755127,7.2916035652160645,-0.14109009504318237,112.31134033203125,-0.09036611020565033
214359,2,3.250410556793213,6.234213352203369,6.533615589141846,-0.052453722804784775,112.46510314941406,-0.0469895638525486
214379,2,2.7432098388671875,5.91625452041626,6.29249382019043,-0.0758529081940651,112.59700012207031,0.013395215384662151
214399,2,2.2590067386627197,5.59005069732666,5.492372989654541,0.010058026760816574,112.66290283203125,-0.010843745432794094
214419,2,1.7945369482040405,5.251929759979248,5.052671909332275,0.023607566952705383,112.75076293945312,-0.022750603035092354
214439,2,1.5536179542541504,4.908885478973389,4.937060356140137,-0.013916035182774067,112.860595703125,0.010843745432794094
214459,2,1.0706701278686523,4.554008960723877,4.827600479125977,-0.06777296215295792,112.92660522460938,-0.009142765775322914
214479,2,0.5897911190986633,4.191531181335449,4.216678142547607,-0.02388281188905239,112.99249267578125,-0.013820460066199303
214499,2,0.09814032912254333,3.8264458179473877,3.669511079788208,0.00513697974383831,113.05839538574219,-0.027003053575754166
214519,2,-0.3998499810695648,3.4490859508514404,3.8758955001831055,-0.11827380210161209,113.08036804199219,-0.08781464397907257
214539,2,-0.630230188369751,3.069394826889038,3.613250255584717,-0.13865159451961517,113.10232543945312,-0.06442616879940033
214559,2,-1.1133486032485962,2.6818125247955322,2.844989776611328,-0.06485037505626678,113.14625549316406,0.006166051607578993
214579,2,-1.608176827430725,2.2890117168426514,2.4623777866363525,-0.07079039514064789,113.16822814941406,0.006166051607578993
214599,2,-2.110435962677002,1.8933734893798828,1.9060125350952148,-0.039935942739248276,113.190185546875,0.01637193001806736
214619,2,-2.5747954845428467,1.4919465780258179,2.2703447341918945,-0.19697891175746918,113.16822814941406,-0.07973498851060867
214639,2,-2.8071279525756836,1.0914150476455688,1.2547606229782104,-0.07594849169254303,113.14625549316406,-0.13289059698581696
214659,2,-3.281418800354004,0.6856244206428528,0.9391076564788818,-0.09729092568159103,113.14625549316406,-0.041886623948812485
214679,2,-3.7477948665618896,0.2780555188655853,0.39780545234680176,-0.07342848926782608,113.12429809570312,-0.045288585126399994
214699,2,-4.217482089996338,-0.12617439031600952,-0.3467888832092285,-0.008754358626902103,113.10232543945312,-0.019348643720149994
214719,2,-4.675196170806885,-0.5338912606239319,-0.013679422438144684,-0.15709929168224335,113.08036804199219,-0.049541033804416656
214739,2,-4.8825154304504395,-0.9400618076324463,-1.6455961465835571,0.09593439102172852,113.05839538574219,-0.015521439723670483
214759,2,-5.325117111206055,-1.3481208086013794,-1.6900248527526855,0.022289009764790535,113.03642272949219,-0.05549602583050728
214779,2,-5.760831356048584,-1.7528644800186157,-0.9585671424865723,-0.20402732491493225,113.05839538574219,-0.08526317030191422
214799,2,-6.185871124267578,-2.1553826332092285,-1.6182639598846436,-0.16109083592891693,112.94856262207031,-0.1371430605649948
214819,2,-6.582719326019287,-2.5548946857452393,-1.6870899200439453,-0.23377107083797455,112.92660522460938,-0.16903798282146454
214839,2,-6.778633117675781,-2.9496021270751953,-2.9275708198547363,-0.06335818022489548,112.79469299316406,-0.1158808097243309
214859,2,-7.159824848175049,-3.342111349105835,-2.005369186401367,-0.3280255198478699,112.77273559570312,-0.12693718075752258
214879,2,-7.53481388092041,-3.729570150375366,-1.8044922351837158,-0.45633745193481445,112.70683288574219,-0.23069849610328674
214899,2,-7.903751373291016,-4.110339164733887,-2.327869415283203,-0.4447668194770813,112.61897277832031,-0.2766265273094177
214919,2,-8.233861923217773,-4.486170768737793,-2.326296091079712,-0.5409331917762756,112.53109741210938,-0.38293930888175964
214939,2,-8.398667335510254,-4.852408409118652,-2.8582260608673096,-0.5242922306060791,112.44313049316406,-0.39612191915512085
214959,2,-8.717779159545898,-5.213430404663086,-4.502922534942627,-0.28809985518455505,112.33329772949219,-0.3395627737045288
214979,2,-9.018808364868164,-5.5663275718688965,-5.3832902908325195,-0.18213419616222382,112.31134033203125,-0.11800703406333923
214999,2,-9.300798416137695,-5.907848358154297,-5.375436782836914,-0.24911457300186157,112.20150756835938,-0.12608668208122253
215019,2,-9.562089920043945,-6.24281120300293,-5.883547782897949,-0.21400628983974457,112.09156799316406,-0.12523619830608368
215039,2,-9.69078540802002,-6.566175937652588,-5.813601493835449,-0.28738513588905334,111.98162841796875,-0.1418207436800003
215059,2,-9.92348575592041,-6.880727291107178,-6.62455415725708,-0.19556638598442078,111.805908203125,-0.18434680998325348
215079,2,-10.138925552368164,-7.184316635131836,-7.251712799072266,-0.13099230825901031,111.69595336914062,-0.12183423340320587
215099,2,-10.337064743041992,-7.4745707511901855,-7.6417717933654785,-0.10975249856710434,111.56417846679688,-0.11375458538532257
215119,2,-10.505971908569336,-7.754786968231201,-6.93264102935791,-0.3089165687561035,111.454345703125,-0.15883053839206696
215139,2,-10.585314750671387,-8.021218299865723,-6.53779411315918,-0.44362545013427734,111.27850341796875,-0.2676948010921478
215159,2,-10.725778579711914,-8.275655746459961,-6.731713771820068,-0.4568847715854645,111.16867065429688,-0.18859925866127014
215179,2,-10.843561172485352,-8.516502380371094,-7.026293754577637,-0.45376893877983093,110.97085571289062,-0.2591899037361145
215199,2,-10.93262004852295,-8.743646621704102,-7.57120943069458,-0.39773115515708923,110.81710815429688,-0.26982104778289795
215219,2,-11.009357452392578,-8.95556354522705,-8.541332244873047,-0.25487229228019714,110.59735107421875,-0.2596151530742645
215239,2,-11.06268310546875,-9.153355598449707,-8.195045471191406,-0.36366474628448486,110.46554565429688,-0.22602081298828125
215259,2,-11.079126358032227,-9.336009979248047,-8.552645683288574,-0.3258346915245056,110.28970336914062,-0.18732352554798126
215279,2,-11.097838401794434,-9.503408432006836,-9.279047966003418,-0.21490447223186493,110.048095703125,-0.18434680998325348
215299,2,-11.093393325805664,-9.654988288879395,-9.59683895111084,-0.18057376146316528,109.85028076171875,-0.18859925866127014
215319,2,-11.065367698669434,-9.790643692016602,-9.195403099060059,-0.2825949788093567,109.674560546875,-0.15372760593891144
215339,2,-11.01513957977295,-9.90980052947998,-9.68135929107666,-0.20658688247203827,109.43283081054688,-0.1452227085828781
215359,2,-10.981157302856445,-10.013008117675781,-9.687895774841309,-0.22571466863155365,109.23501586914062,-0.18094484508037567
215379,2,-10.895663261413574,-10.099000930786133,-9.038004875183105,-0.36982688307762146,109.03732299804688,-0.20603430271148682
215399,2,-10.78632640838623,-10.167878150939941,-10.062699317932129,-0.17570064961910248,108.81756591796875,-0.15415285527706146
215419,2,-10.653552055358887,-10.220812797546387,-10.011627197265625,-0.18826283514499664,108.597900390625,-0.10992737859487534
215439,2,-10.497175216674805,-10.255000114440918,-11.460005760192871,0.09291540086269379,108.35617065429688,-0.10397394746541977
215459,2,-10.417449951171875,-10.273402214050293,-7.751605987548828,-0.6365702152252197,108.268310546875,-0.20688478648662567
215479,2,-10.231497764587402,-10.27354907989502,-12.803821563720703,0.36633220314979553,107.80679321289062,-0.052092503756284714
215499,2,-10.021086692810059,-10.256145477294922,-9.201164245605469,-0.33961284160614014,107.76287841796875,-0.19242645800113678
215519,2,-9.789334297180176,-10.22338581085205,-10.133464813232422,-0.13407595455646515,107.543212890625,-0.04146138206124306
215539,2,-9.541921615600586,-10.17088794708252,-9.89014720916748,-0.17687895894050598,107.38934326171875,-0.15117613971233368
215559,2,-9.281429290771484,-10.101905822753906,-11.667634010314941,0.21784940361976624,107.147705078125,0.13459157943725586
215579,2,-9.016997337341309,-10.014928817749023,-11.167745590209961,0.14816272258758545,106.97186279296875,0.052519313991069794
215599,2,-8.85057544708252,-9.911847114562988,-11.937358856201172,0.33079132437705994,106.75210571289062,0.08909037709236145
215619,2,-8.523897171020508,-9.789791107177734,-11.272478103637695,0.24687431752681732,106.59835815429688,0.14862622320652008
215639,2,-8.185298919677734,-9.654280662536621,-10.710740089416504,0.1834322065114975,106.42251586914062,0.14012132585048676
215659,2,-7.827393054962158,-9.498503684997559,-10.872864723205566,0.26684296131134033,106.24667358398438,0.1524534374475479
215679,2,-7.65794038772583,-9.329607963562012,-10.402713775634766,0.22008934617042542,106.07095336914062,0.15798161923885345
215699,2,-7.277920246124268,-9.142555236816406,-9.839390754699707,0.16325318813323975,105.91708374023438,0.11545556038618088
215719,2,-6.878441333770752,-8.939520835876465,-8.852319717407227,0.01988826133310795,105.7852783203125,0.05549602583050728
215739,2,-6.461147785186768,-8.722749710083008,-8.41382122039795,-0.015500553883612156,105.63153076171875,0.013820460066199303
215759,2,-6.02354097366333,-8.487934112548828,-7.4139323234558105,-0.16102629899978638,105.49960327148438,-0.021474869921803474
215779,2,-5.8198771476745605,-8.241557121276855,-7.272291660308838,-0.143947035074234,105.4117431640625,0.0006378673715516925
215799,2,-5.37090539932251,-7.978053092956543,-7.093183994293213,-0.1322704255580902,105.23593139648438,-0.12438570708036423
215819,2,-4.906689643859863,-7.700350284576416,-6.542389392852783,-0.1916070431470871,105.1041259765625,-0.13926927745342255
215839,2,-4.432854175567627,-7.41126012802124,-6.402927875518799,-0.15810899436473846,104.99429321289062,-0.08313694596290588
215859,2,-3.939858913421631,-7.105915069580078,-6.596810817718506,-0.06848480552434921,104.88433837890625,-0.11928276717662811
215879,2,-3.715843439102173,-6.791579723358154,-5.113763809204102,-0.30811116099357605,104.81845092773438,-0.09206709265708923
215899,2,-3.2219839096069336,-6.462559700012207,-4.938414096832275,-0.28565555810928345,104.7086181640625,-0.1481994241476059
215919,2,-2.7116308212280273,-6.121488571166992,-5.673375606536865,-0.07980990409851074,104.55487060546875,-0.09504380822181702
215939,2,-2.194807767868042,-5.771103858947754,-4.136384010314941,-0.31763142347335815,104.46688842773438,-0.15840530395507812
215959,2,-1.6701488494873047,-5.409955978393555,-5.987576961517334,0.11859620362520218,104.3350830078125,-0.04784005507826805
215979,2,-1.434578537940979,-5.040347576141357,-5.064448833465576,-0.009317622520029545,104.26919555664062,-0.13884402811527252
215999,2,-0.9128724336624146,-4.658644676208496,-3.269814968109131,-0.2842331528663635,104.22528076171875,-0.07080484181642532
216019,2,-0.3860013782978058,-4.26821231842041,-3.859097719192505,-0.08828487992286682,104.13729858398438,-0.0019136022310703993
216039,2,0.1428564488887787,-3.874690055847168,-4.774039268493652,0.17690449953079224,104.0274658203125,0.012544725090265274
216059,2,0.6896309852600098,-3.4703385829925537,-3.8480758666992188,0.08269809931516647,103.96157836914062,0.054645538330078125
216079,2,0.9299913644790649,-3.06046724319458,-3.6639082431793213,0.1208006963133812,103.89566040039062,0.03933671861886978
216099,2,1.4537686109542847,-2.64212703704834,-3.1997523307800293,0.11987736076116562,103.82965087890625,0.09759527444839478
216119,2,1.9747724533081055,-2.2191383838653564,-2.9662861824035645,0.16784991323947906,103.78573608398438,0.09887100756168365
216139,2,2.5044291019439697,-1.7959970235824585,-3.1010384559631348,0.29266005754470825,103.74179077148438,0.15330392122268677
216159,2,3.028815507888794,-1.368050456047058,-2.6722848415374756,0.3095267117023468,103.74179077148438,0.20688478648662567
216179,2,3.2667908668518066,-0.9357748627662659,-1.8685778379440308,0.23688985407352448,103.6978759765625,0.1669117659330368
216199,2,3.8211934566497803,-0.4985741376876831,-1.291491985321045,0.22024424374103546,103.6978759765625,0.11205360293388367
216219,2,4.323741436004639,-0.06222213804721832,0.015254050493240356,0.05177547410130501,103.6759033203125,0.028705596923828125
216239,2,4.805366516113281,0.37723734974861145,-0.5900951623916626,0.26017361879348755,103.6759033203125,0.0737815573811531
216259,2,5.046437740325928,0.8126682639122009,-0.9082170724868774,0.4144062101840973,103.71981811523438,0.22644604742527008
216279,2,5.518376350402832,1.250491976737976,0.5048075914382935,0.23690539598464966,103.76376342773438,0.23112374544143677
216299,2,5.9921650886535645,1.687119722366333,1.1093953847885132,0.21555501222610474,103.78573608398438,0.20773527026176453
216319,2,6.442837238311768,2.119431972503662,2.0413894653320312,0.12261684238910675,103.80770874023438,0.13501682877540588
216339,2,6.882134437561035,2.549210548400879,2.123041868209839,0.19758757948875427,103.85174560546875,0.16903798282146454
216359,2,7.267367362976074,2.974792242050171,2.5810253620147705,0.19537313282489777,103.91763305664062,0.16393505036830902
216379,2,7.459543704986572,3.3944759368896484,2.812657356262207,0.22836339473724365,103.96157836914062,0.18222057819366455
216399,2,7.860615253448486,3.811178684234619,3.2563605308532715,0.22844760119915009,104.0054931640625,0.16648651659488678
216419,2,8.251678466796875,4.221836090087891,2.7112090587615967,0.4213504493236542,104.0274658203125,0.18732352554798126
216439,2,8.617429733276367,4.623500347137451,4.112333297729492,0.2316070795059204,104.15927124023438,0.20008087158203125
216459,2,8.978776931762695,5.018235683441162,3.635697841644287,0.41413119435310364,104.22528076171875,0.257915735244751
216479,2,9.129584312438965,5.403911590576172,4.564433574676514,0.3111104667186737,104.31314086914062,0.30129072070121765
216499,2,9.447969436645508,5.78212308883667,4.972690105438232,0.31614950299263,104.4010009765625,0.28980910778045654
216519,2,9.752321243286133,6.150852680206299,5.35623836517334,0.32346442341804504,104.51083374023438,0.2910848557949066
216539,2,10.034029006958008,6.506500244140625,5.598318099975586,0.35638758540153503,104.59878540039062,0.31107136607170105
216559,2,10.294617652893066,6.852900981903076,5.416143417358398,0.46942901611328125,104.7305908203125,0.2927858233451843
216579,2,10.406819343566895,7.186958312988281,5.434215068817139,0.5368924140930176,104.86239624023438,0.3119218349456787
216599,2,10.62812328338623,7.509864807128906,5.940606594085693,0.5157222151756287,105.01626586914062,0.3854907751083374
216619,2,10.83203125,7.819859027862549,6.72458028793335,0.4327360689640045,105.17001342773438,0.36720526218414307
216639,2,11.010683059692383,8.115462303161621,7.381359100341797,0.36753031611442566,105.34585571289062,0.3025664687156677
216659,2,11.164704322814941,8.397225379943848,7.736111640930176,0.35731157660484314,105.52157592773438,0.2859818935394287
216679,2,11.225362777709961,8.664115905761719,8.623366355895996,0.2318781167268753,105.71939086914062,0.25578951835632324
216699,2,11.340372085571289,8.916482925415039,8.911301612854004,0.22132058441638947,105.91708374023438,0.19072547554969788
216719,2,11.431390762329102,9.153172492980957,10.133647918701172,0.018004467710852623,106.09292602539062,0.10482443869113922
216739,2,11.497034072875977,9.373431205749512,8.291281700134277,0.4190906882286072,106.1807861328125,0.202632337808609
216759,2,11.536025047302246,9.577446937561035,11.495275497436523,-0.18752989172935486,106.510498046875,0.03168231248855591
216779,2,11.54619312286377,9.764423370361328,9.132932662963867,0.313761830329895,106.57638549804688,0.19412744045257568
216799,2,11.547026634216309,9.934186935424805,10.436361312866211,0.07401678711175919,106.840087890625,0.04316392540931702
216819,2,11.521793365478516,10.086195945739746,9.943925857543945,0.21324889361858368,107.05975341796875,0.2532380521297455
216839,2,11.470552444458008,10.220372200012207,8.459816932678223,0.5164323449134827,107.213623046875,0.1732904314994812
216859,2,11.394502639770508,10.336320877075195,11.765108108520508,-0.11956235766410828,107.565185546875,0.05889798700809479
216879,2,11.346086502075195,10.434199333190918,9.224879264831543,0.3974170982837677,107.67501831054688,0.1698884814977646
216899,2,11.232605934143066,10.512754440307617,9.420449256896973,0.36309367418289185,107.916748046875,0.11885752528905869
216919,2,11.090764999389648,10.572265625,11.271258354187012,0.0077863940969109535,108.246337890625,0.14182230830192566
216939,2,10.923717498779297,10.612679481506348,11.01734733581543,0.0621863417327404,108.42205810546875,0.14479902386665344
216959,2,10.733039855957031,10.634414672851562,9.635260581970215,0.3256832957267761,108.553955078125,0.12651193141937256
216979,2,10.629768371582031,10.637785911560059,11.71516227722168,-0.09199191629886627,108.79559326171875,0.007867030799388885
216999,2,10.4043607711792,10.620522499084473,9.696762084960938,0.3037866950035095,108.86148071289062,0.17626714706420898
217019,2,10.15131664276123,10.583742141723633,11.801902770996094,-0.1373140960931778,109.14715576171875,-0.04146138206124306
217039,2,9.873983383178711,10.52898120880127,9.864803314208984,0.23126962780952454,109.279052734375,0.14607475697994232
217059,2,9.568319320678711,10.454667091369629,9.885530471801758,0.1927947700023651,109.54266357421875,0.024026338011026382
217079,2,9.42143726348877,10.361767768859863,11.982501983642578,-0.22911377251148224,109.80633544921875,0.08866513520479202
217099,2,9.091426849365234,10.248124122619629,8.15229320526123,0.49073466658592224,109.85028076171875,0.10014674812555313
217119,2,8.741511344909668,10.115660667419434,9.414700508117676,0.2067055106163025,110.07003784179688,0.081861212849617
217139,2,8.363574028015137,9.966171264648438,11.401586532592773,-0.2205602377653122,110.355712890625,0.033383291214704514
217159,2,7.980049133300781,9.796369552612305,9.799288749694824,0.058292362838983536,110.50949096679688,0.10142248123884201
217179,2,7.770173072814941,9.611299514770508,8.009750366210938,0.3736499845981598,110.64126586914062,0.09334282577037811
217199,2,7.357814311981201,9.40573501586914,12.132959365844727,-0.4952389597892761,111.01492309570312,-0.12013325840234756
217219,2,6.959631443023682,9.182241439819336,8.489522933959961,0.17745152115821838,111.080810546875,0.10057199001312256
217239,2,6.505275249481201,8.941652297973633,7.70445442199707,0.2754206359386444,111.27850341796875,0.06995435804128647
217259,2,6.042451858520508,8.688833236694336,9.479216575622559,-0.12380950897932053,111.49826049804688,0.05336980149149895
217279,2,5.561639785766602,8.415051460266113,6.326350212097168,0.4339795410633087,111.56417846679688,0.07803400605916977
217299,2,5.310163974761963,8.128866195678711,8.332361221313477,-0.007604782935231924,111.827880859375,0.10737590491771698
217319,2,4.808600425720215,7.823620796203613,6.4161458015441895,0.30963343381881714,111.91574096679688,0.10312345623970032
217339,2,4.295292854309082,7.503972053527832,7.167021751403809,0.08823177218437195,112.04753112792969,-0.011694235727190971
217359,2,3.7701380252838135,7.172369956970215,7.692737102508545,-0.09197705239057541,112.20150756835938,-0.05039152503013611
217379,2,3.2416744232177734,6.826159477233887,7.068759918212891,-0.05024676397442818,112.35527038574219,-0.07633303105831146
217399,2,2.9706907272338867,6.466731071472168,7.14184045791626,-0.13794352114200592,112.50914001464844,-0.09291758388280869
217419,2,2.4264628887176514,6.093806266784668,7.483366966247559,-0.29216691851615906,112.61897277832031,-0.11843227595090866
217439,2,1.8660167455673218,5.709046363830566,6.495330333709717,-0.1893826723098755,112.72879028320312,-0.1545780897140503
217459,2,1.3054031133651733,5.315517425537109,5.894043922424316,-0.16248540580272675,112.838623046875,-0.1222594827413559
217479,2,0.7208860516548157,4.910515308380127,5.398580551147461,-0.15473367273807526,112.94856262207031,-0.08228645473718643
217499,2,0.4604303538799286,4.496653079986572,4.86616849899292,-0.1293812394142151,112.99249267578125,-0.11503031849861145
217519,2,-0.1488284468650818,4.071719169616699,4.420050621032715,-0.13582724332809448,113.05839538574219,-0.06782812625169754
217539,2,-0.7409821152687073,3.6407628059387207,3.414276599884033,-0.029845766723155975,113.10232543945312,-0.05379348248243332
217559,2,-1.2913708686828613,3.199063539505005,3.1400699615478516,-0.06731627136468887,113.14625549316406,-0.05762225016951561
217579,2,-1.573779821395874,2.755296468734741,2.0997281074523926,0.06005999445915222,113.16822814941406,-0.02445158362388611
217599,2,-2.132904291152954,2.301936149597168,1.3704851865768433,0.1171552985906601,113.190185546875,0.06995435804128647
217619,2,-2.703162431716919,1.843336820602417,2.0971527099609375,-0.11444614082574844,113.212158203125,0.049967844039201736
217639,2,-3.2075507640838623,1.3814935684204102,0.997523307800293,0.016143636777997017,113.190185546875,0.016797175630927086
217659,2,-3.750211715698242,0.9201606512069702,-0.34261804819107056,0.19610098004341125,113.212158203125,0.08271170407533646
217679,2,-4.3020148277282715,0.4561379849910736,-0.4128679037094116,0.13104091584682465,113.212158203125,0.16265931725502014
217699,2,-4.547768592834473,-0.01097150705754757,-0.4206399619579315,0.060584455728530884,113.212158203125,0.10695066303014755
217719,2,-5.11649227142334,-0.4812120795249939,0.1675959825515747,-0.1515604704618454,113.14625549316406,-0.018923399969935417
217739,2,-5.644672393798828,-0.9487305879592896,-0.4893285036087036,-0.12187696993350983,113.10232543945312,-0.08228645473718643
217759,2,-6.136859893798828,-1.4178386926651,-1.613911747932434,0.006136016920208931,113.10232543945312,-0.040610890835523605
217779,2,-6.381370544433594,-1.8811516761779785,-1.22280752658844,-0.15701010823249817,113.08036804199219,-0.08398743718862534
217799,2,-6.860488414764404,-2.3447682857513428,-0.6955788135528564,-0.36191481351852417,113.03642272949219,-0.14097025990486145
217819,2,-7.327013969421387,-2.8043978214263916,-2.375778913497925,-0.1306004375219345,112.99249267578125,-0.13161486387252808
217839,2,-7.776728630065918,-3.257624387741089,-2.2397711277008057,-0.25798290967941284,112.97053527832031,-0.21326346695423126
217859,2,-8.218657493591309,-3.7054712772369385,-3.048383951187134,-0.19150803983211517,112.92660522460938,-0.13799354434013367
217879,2,-8.414338111877441,-4.146353244781494,-3.707599401473999,-0.14849334955215454,112.860595703125,-0.18434680998325348
217899,2,-8.817102432250977,-4.582488059997559,-3.0009679794311523,-0.3891771733760834,112.77273559570312,-0.28810814023017883
217919,2,-9.200983047485352,-5.010305881500244,-3.5846550464630127,-0.3694817125797272,112.75076293945312,-0.25663843750953674
217939,2,-9.566388130187988,-5.427213668823242,-3.8754348754882812,-0.40925922989845276,112.66290283203125,-0.3114966154098511
217959,2,-9.910313606262207,-5.836673736572266,-2.9407825469970703,-0.69098299741745,112.55307006835938,-0.32723066210746765
217979,2,-10.059410095214844,-6.23301362991333,-3.6195449829101562,-0.6506962776184082,112.46510314941406,-0.4407726228237152
217999,2,-10.364140510559082,-6.619722366333008,-4.182544708251953,-0.6368916630744934,112.33329772949219,-0.4475765526294708
218019,2,-10.647942543029785,-6.994338512420654,-5.50794792175293,-0.4628279507160187,112.22346496582031,-0.3557220697402954
218039,2,-10.905875205993652,-7.355190277099609,-6.70740270614624,-0.30416199564933777,112.09156799316406,-0.26514333486557007
218059,2,-11.14100170135498,-7.702727317810059,-6.3667449951171875,-0.4479839503765106,111.93768310546875,-0.2872576415538788
218079,2,-11.238690376281738,-8.035609245300293,-7.048309803009033,-0.3827540874481201,111.761962890625,-0.3072441518306732
218099,2,-11.430307388305664,-8.354795455932617,-7.5854172706604,-0.3447782099246979,111.60809326171875,-0.283855676651001
218119,2,-11.596278190612793,-8.658329010009766,-8.75979995727539,-0.17291606962680817,111.432373046875,-0.21028675138950348
218139,2,-11.733688354492188,-8.944920539855957,-9.417030334472656,-0.09451835602521896,111.27850341796875,-0.1516013741493225
218159,2,-11.847774505615234,-9.215115547180176,-8.418916702270508,-0.3368757665157318,111.124755859375,-0.14692369103431702
218179,2,-11.887977600097656,-9.467985153198242,-10.06752872467041,-0.05505819618701935,110.88299560546875,-0.10950213670730591
218199,2,-11.955938339233398,-9.703431129455566,-8.193796157836914,-0.47441166639328003,110.77316284179688,-0.284280925989151
218219,2,-11.995146751403809,-9.920475959777832,-9.366503715515137,-0.26922664046287537,110.50949096679688,-0.08441267907619476
218239,2,-12.006149291992188,-10.118680953979492,-11.380159378051758,0.09476831555366516,110.26773071289062,-0.06315043568611145
218259,2,-11.987456321716309,-10.297758102416992,-8.438950538635254,-0.5124298930168152,110.17987060546875,-0.16095677018165588
218279,2,-11.968234062194824,-10.457436561584473,-11.19433307647705,0.010434268973767757,109.82830810546875,-0.06612715125083923
218299,2,-11.907713890075684,-10.596933364868164,-11.095799446105957,-0.03322291374206543,109.652587890625,-0.11503031849861145
218319,2,-11.808660507202148,-10.716705322265625,-11.414432525634766,0.010712075047194958,109.41085815429688,-0.1435217261314392
218339,2,-11.685479164123535,-10.815285682678223,-9.582776069641113,-0.361482709646225,109.322998046875,-0.16478553414344788
218359,2,-11.615031242370605,-10.893989562988281,-11.739789009094238,0.052648793905973434,109.01535034179688,-0.03550795093178749
218379,2,-11.451940536499023,-10.950870513916016,-9.732810974121094,-0.35473260283470154,108.88345336914062,-0.20220708847045898
218399,2,-11.259515762329102,-10.986292839050293,-10.3700590133667,-0.2218259871006012,108.641845703125,-0.09717003256082535
218419,2,-11.038808822631836,-11.002528190612793,-10.412922859191895,-0.2241707444190979,108.44403076171875,-0.19795463979244232
218439,2,-10.789283752441406,-10.994985580444336,-9.951849937438965,-0.28765949606895447,108.268310546875,-0.01467095036059618
218459,2,-10.665629386901855,-10.96821117401123,-13.597426414489746,0.4207465946674347,107.916748046875,-0.114179827272892
218479,2,-10.376627922058105,-10.91847038269043,-7.93275260925293,-0.6637495160102844,107.93869018554688,-0.11885752528905869
218499,2,-10.068022727966309,-10.847373962402344,-12.802531242370605,0.3136151134967804,107.499267578125,-0.0014883573167026043
218519,2,-9.72761344909668,-10.756535530090332,-8.350252151489258,-0.5398614406585693,107.499267578125,-0.16946323215961456
218539,2,-9.376518249511719,-10.642915725708008,-12.68665599822998,0.35715728998184204,107.10366821289062,0.14352329075336456
218559,2,-9.188426971435547,-10.511448860168457,-9.62720775604248,-0.2300562858581543,107.01580810546875,-0.13926927745342255
218579,2,-8.79114055633545,-10.356505393981934,-11.483346939086914,0.19171209633350372,106.70819091796875,0.09121660143136978
218599,2,-8.380105018615723,-10.181221961975098,-10.351007461547852,0.002321649808436632,106.57638549804688,-0.08356219530105591
218619,2,-7.9278764724731445,-9.987464904785156,-8.193778038024902,-0.37417131662368774,106.444580078125,-0.08398743718862534
218639,2,-7.460139751434326,-9.773048400878906,-9.977508544921875,0.03783393278717995,106.22470092773438,0.08271170407533646
218659,2,-7.241693496704102,-9.5402250289917,-9.999720573425293,0.09352143108844757,106.02700805664062,0.08483792841434479
218679,2,-6.757922172546387,-9.286229133605957,-9.388310432434082,0.03744970262050629,105.85116577148438,0.04188818857073784
218699,2,-6.25880765914917,-9.013745307922363,-9.597360610961914,0.1420191079378128,105.65347290039062,0.03168231248855591
218719,2,-5.726661205291748,-8.724870681762695,-9.489090919494629,0.19786526262760162,105.52157592773438,0.1520281881093979
218739,2,-5.18094539642334,-8.417560577392578,-9.212723731994629,0.2231646180152893,105.34585571289062,0.16308455169200897
218759,2,-4.92545747756958,-8.094677925109863,-7.88555908203125,0.025355765596032143,105.21395874023438,0.10014674812555313
218779,2,-4.382009506225586,-7.7531938552856445,-7.752133846282959,0.07717542350292206,105.0821533203125,0.10099723190069199
218799,2,-3.81853985786438,-7.395974636077881,-7.734300136566162,0.1536763608455658,104.95034790039062,0.09589429199695587
218819,2,-3.234179973602295,-7.023632049560547,-7.259998321533203,0.144975483417511,104.86239624023438,0.09461855888366699
218839,2,-2.642343521118164,-6.638430118560791,-6.605110168457031,0.09986210614442825,104.7745361328125,0.052519313991069794
218859,2,-2.099862575531006,-6.237426280975342,-5.525839328765869,-0.03426024690270424,104.6866455078125,-0.006166051607578993
218879,2,-1.8210933208465576,-5.827450275421143,-4.936442852020264,-0.0838298425078392,104.59878540039062,-0.040610890835523605
218899,2,-1.2232364416122437,-5.402019023895264,-3.6459031105041504,-0.2589704096317291,104.53277587890625,-0.08526317030191422
218919,2,-0.6169582009315491,-4.965301513671875,-3.83233904838562,-0.1407899111509323,104.44491577148438,-0.10099723190069199
218939,2,0.0010385861387476325,-4.520486831665039,-4.043200492858887,-0.01853032596409321,104.4010009765625,-0.10057199001312256
218959,2,0.6239619851112366,-4.062178134918213,-2.789154529571533,-0.18456019461154938,104.3570556640625,-0.14862467348575592
218979,2,0.9031405448913574,-3.599975109100342,-2.946444034576416,-0.07825667411088943,104.29116821289062,-0.07675827294588089
218999,2,1.5108734369277954,-3.1264264583587646,-2.42319393157959,-0.08862055093050003,104.29116821289062,-0.025727318599820137
219019,2,2.118252754211426,-2.645986557006836,-2.3843722343444824,-0.0018978094449266791,104.26919555664062,-0.0010631122859194875
219039,2,2.7287747859954834,-2.1650404930114746,-1.7537858486175537,-0.03010641597211361,104.24722290039062,-0.015096195042133331
219059,2,3.3344318866729736,-1.6721642017364502,-1.9268856048583984,0.10739985853433609,104.24722290039062,0.06102421134710312
219079,2,3.6058971881866455,-1.1799144744873047,-0.6934959888458252,-0.04957592859864235,104.24722290039062,0.02657780796289444
219099,2,4.1880340576171875,-0.6813114285469055,-0.4365021586418152,0.0004998362273909152,104.24722290039062,0.06059896573424339
219119,2,4.814176559448242,-0.18470735847949982,-0.21568509936332703,0.059672918170690536,104.24722290039062,0.05719700828194618
219139,2,5.32703161239624,0.3160228133201599,0.1577957570552826,0.08502066135406494,104.24722290039062,0.02317584864795208
219159,2,5.890331745147705,0.8159018158912659,0.7977983355522156,0.05741279199719429,104.24722290039062,0.04273867979645729
219179,2,6.38250732421875,1.3158204555511475,0.597169816493988,0.20117489993572235,104.29116821289062,0.1354420781135559
219199,2,6.624205589294434,1.812054991722107,1.040395736694336,0.20857442915439606,104.31314086914062,0.15415441989898682
219219,2,7.131977558135986,2.3074238300323486,1.9106018543243408,0.14391155540943146,104.3790283203125,0.14139705896377563
219239,2,7.582866668701172,2.799053907394409,1.9533803462982178,0.23552687466144562,104.4229736328125,0.12310997396707535
219259,2,8.06892204284668,3.2855350971221924,2.199198007583618,0.29572826623916626,104.48886108398438,0.22602081298828125
219279,2,8.53698444366455,3.7623157501220703,2.487471342086792,0.347519189119339,104.57684326171875,0.2596167325973511
219299,2,8.969758033752441,4.236347198486328,2.6976990699768066,0.41530677676200867,104.66470336914062,0.3008654713630676
219319,2,9.188098907470703,4.699504852294922,3.29890775680542,0.3931366801261902,104.7525634765625,0.29151010513305664
219339,2,9.594459533691406,5.156489849090576,4.151383399963379,0.325248122215271,104.84042358398438,0.24260535836219788
219359,2,9.976578712463379,5.603451251983643,5.314974308013916,0.18757839500904083,104.90643310546875,0.19710415601730347
219379,2,10.335897445678711,6.037729740142822,5.636848449707031,0.2105686217546463,105.01626586914062,0.15840686857700348
219399,2,10.648414611816406,6.4619550704956055,5.596008777618408,0.29804688692092896,105.0821533203125,0.13629412651062012
219419,2,10.952816009521484,6.874358654022217,7.45036506652832,0.011966273188591003,105.27996826171875,0.11503031849861145
219439,2,11.097683906555176,7.270912170410156,6.562649250030518,0.25856226682662964,105.38980102539062,0.14224755764007568
219459,2,11.367545127868652,7.655055999755859,6.617185115814209,0.32975056767463684,105.52157592773438,0.245583638548851
219479,2,11.611198425292969,8.024224281311035,6.690104961395264,0.3986293077468872,105.69741821289062,0.3114966154098511
219499,2,11.825836181640625,8.376541137695312,7.68649959564209,0.27798622846603394,105.85116577148438,0.2664206326007843
219519,2,11.99699878692627,8.712319374084473,7.5720086097717285,0.3728732764720917,106.00503540039062,0.2668458819389343
219539,2,12.152165412902832,9.031285285949707,7.389713287353516,0.47909876704216003,106.1588134765625,0.32595494389533997
219559,2,12.27658748626709,9.332585334777832,8.498628616333008,0.3293594419956207,106.35662841796875,0.2970382869243622
219579,2,12.326013565063477,9.615151405334473,7.7921366691589355,0.5237522125244141,106.488525390625,0.24941083788871765
219599,2,12.410358428955078,9.877882957458496,8.478968620300293,0.44858792424201965,106.68621826171875,0.33531031012535095
219619,2,12.452791213989258,10.120882034301758,8.841692924499512,0.43188151717185974,106.90597534179688,0.3297821283340454
219639,2,12.468899726867676,10.343707084655762,9.309988975524902,0.38442137837409973,107.10366821289062,0.25408855080604553
219659,2,12.46523380279541,10.545733451843262,9.546216011047363,0.378897488117218,107.32342529296875,0.25238755345344543
219679,2,12.43360424041748,10.726249694824219,10.164132118225098,0.2924363911151886,107.565185546875,0.23282472789287567
219699,2,12.363776206970215,10.885353088378906,11.148411750793457,0.11972491443157196,107.78482055664062,0.11077786982059479
219719,2,12.275200843811035,11.021530151367188,11.565053939819336,0.05499153584241867,107.98263549804688,0.07803400605916977
219739,2,12.150138854980469,11.13528823852539,11.023252487182617,0.17172613739967346,108.202392578125,0.09759527444839478
219759,2,12.074495315551758,11.227458953857422,11.109447479248047,0.16769959032535553,108.46600341796875,0.09589429199695587
219779,2,11.898965835571289,11.29532241821289,10.544289588928223,0.2826847434043884,108.68576049804688,0.081861212849617
219799,2,11.697835922241211,11.340022087097168,11.332551956176758,0.13700896501541138,108.993408203125,0.17924386262893677
219819,2,11.482636451721191,11.360841751098633,11.137345314025879,0.17387482523918152,109.23501586914062,0.1320401132106781
219839,2,11.2255220413208,11.359752655029297,10.627310752868652,0.2697294354438782,109.45477294921875,0.1796691119670868
219859,2,10.958649635314941,11.335485458374023,11.084043502807617,0.16265694797039032,109.674560546875,0.07718351483345032
219879,2,10.634696960449219,11.2850980758667,11.009521484375,0.1613732874393463,109.91616821289062,0.12055850028991699
219899,2,10.479798316955566,11.21418285369873,10.346117973327637,0.28427785634994507,110.09201049804688,0.20645953714847565
219919,2,10.1214599609375,11.118062973022461,10.682697296142578,0.1869308054447174,110.355712890625,0.06867861747741699
219939,2,9.735107421875,10.998570442199707,11.121320724487305,0.07584410905838013,110.53143310546875,0.11843227595090866
219959,2,9.325675964355469,10.859749794006348,9.203470230102539,0.41878393292427063,110.685302734375,0.1524534374475479
219979,2,8.867138862609863,10.69575309753418,13.12105655670166,-0.3974103331565857,111.058837890625,-0.038484666496515274
219999,2,8.659963607788086,10.509673118591309,9.163089752197266,0.33812159299850464,111.080810546875,0.03465902432799339
220019,2,8.184581756591797,10.298595428466797,10.860313415527344,-0.054528892040252686,111.34439086914062,-0.029129277914762497
220039,2,7.696554660797119,10.066041946411133,10.906864166259766,-0.12265084683895111,111.58612060546875,-0.024876829236745834
220059,2,7.170368671417236,9.814507484436035,10.775616645812988,-0.1624121069908142,111.761962890625,-0.040610890835523605
220079,2,6.628812789916992,9.538993835449219,10.245573043823242,-0.12883467972278595,111.98162841796875,-0.06825337558984756
220099,2,6.373768329620361,9.247200012207031,9.582167625427246,-0.055249352008104324,112.15757751464844,-0.010843745432794094
220119,2,5.759208679199219,8.932536125183105,9.153303146362305,-0.04605907201766968,112.35527038574219,-0.0023388471454381943
220139,2,5.235481262207031,8.597728729248047,8.891141891479492,-0.07614573836326599,112.50914001464844,-0.10142248123884201
220159,2,4.6344475746154785,8.247978210449219,8.399030685424805,-0.06413860619068146,112.66290283203125,-0.08866513520479202
220179,2,4.018977642059326,7.876344680786133,7.8048272132873535,-0.03715281933546066,112.81666564941406,-0.1222594827413559
220199,2,3.7314796447753906,7.492527008056641,7.045429706573486,0.035491351038217545,112.94856262207031,-0.12608668208122253
220219,2,3.0532004833221436,7.089255332946777,5.917087554931641,0.1699730008840561,113.10232543945312,-0.020624378696084023
220239,2,2.4040346145629883,6.67580509185791,6.1356587409973145,0.03856774792075157,113.212158203125,0.0031893369741737843
220259,2,1.7768296003341675,6.240872859954834,5.747419834136963,0.026550417765975,113.30012512207031,0.01764766499400139
220279,2,1.4572478532791138,5.797452926635742,5.277219772338867,0.04522859677672386,113.40995788574219,0.051243577152490616
220299,2,0.8154118061065674,5.337005615234375,4.977286338806152,0.01009449828416109,113.49781799316406,-0.012544725090265274
220319,2,0.1654573380947113,4.864880084991455,5.340462684631348,-0.15639375150203705,113.58580017089844,0.017222419381141663
220339,2,-0.4955856502056122,4.384537696838379,4.345820903778076,-0.05922083929181099,113.65168762207031,0.0019136022310703993
220359,2,-1.1627498865127563,3.8935322761535645,3.551262378692627,0.002451192121952772,113.71759033203125,0.08101072162389755
220379,2,-1.4647337198257446,3.394777774810791,2.921285629272461,0.04097059369087219,113.71759033203125,0.0027640920598059893
220399,2,-2.1062843799591064,2.884870767593384,2.203930616378784,0.08360882848501205,113.76152038574219,0.03593476116657257
220419,2,-2.7513480186462402,2.3681752681732178,1.2930798530578613,0.16899821162223816,113.82742309570312,0.14479902386665344
220439,2,-3.397932767868042,1.8515257835388184,0.9996737837791443,0.12743237614631653,113.84938049316406,0.08526317030191422
220459,2,-4.042690753936768,1.3262014389038086,0.8729408979415894,0.051823586225509644,113.84938049316406,0.061449456959962845
220479,2,-4.3344550132751465,0.7982932329177856,0.578669011592865,0.01991662196815014,113.84938049316406,0.037635739892721176
220499,2,-4.9433722496032715,0.2649972140789032,-0.2108079046010971,0.07304652780294418,113.84938049316406,0.049967844039201736
220519,2,-5.546525955200195,-0.269694447517395,-0.6538757085800171,0.0601390078663826,113.84938049316406,0.06655239313840866
220539,2,-6.138424873352051,-0.7990031838417053,-0.3730892539024353,-0.10287800431251526,113.82742309570312,-0.025727318599820137
220559,2,-6.706573009490967,-1.333139181137085,-0.4933547377586365,-0.18525391817092896,113.82742309570312,-0.023601094260811806
220579,2,-6.995369911193848,-1.8613067865371704,-0.9579566121101379,-0.1931735724210739,113.78349304199219,-0.10099723190069199
220599,2,-7.536136150360107,-2.3897769451141357,-1.3367828130722046,-0.23310308158397675,113.71759033203125,-0.14437222480773926
220619,2,-8.06931209564209,-2.9140474796295166,-2.110743761062622,-0.19246001541614532,113.67366027832031,-0.13629256188869476
220639,2,-8.586026191711426,-3.43046498298645,-1.6551426649093628,-0.4015457332134247,113.58580017089844,-0.2757760286331177
220659,2,-9.057079315185547,-3.9425952434539795,-2.1829137802124023,-0.4165891706943512,113.541748046875,-0.2889586091041565
220679,2,-9.296758651733398,-4.4432597160339355,-2.9076309204101562,-0.38256677985191345,113.43193054199219,-0.3395627737045288
220699,2,-9.74313735961914,-4.938209056854248,-4.188002586364746,-0.23863381147384644,113.36602783203125,-0.22261884808540344
220719,2,-10.168517112731934,-5.423136234283447,-4.882443904876709,-0.20728325843811035,113.23423767089844,-0.2511102557182312
220739,2,-10.53104305267334,-5.897525310516357,-4.98811149597168,-0.28862717747688293,113.12429809570312,-0.2706715166568756
220759,2,-10.90554428100586,-6.357353687286377,-5.212071418762207,-0.3443201184272766,113.01446533203125,-0.24090437591075897
220779,2,-11.260624885559082,-6.806360244750977,-5.414331436157227,-0.40725916624069214,112.88267517089844,-0.31745001673698425
220799,2,-11.412408828735352,-7.239078521728516,-6.648982048034668,-0.25239723920822144,112.70683288574219,-0.2991645038127899
220819,2,-11.707688331604004,-7.658080101013184,-7.389886856079102,-0.1930268555879593,112.57504272460938,-0.2073100358247757
220839,2,-11.982498168945312,-8.061285972595215,-7.012241363525391,-0.3526742160320282,112.42117309570312,-0.2706715166568756
220859,2,-12.216010093688965,-8.445198059082031,-7.701629161834717,-0.2935241460800171,112.22346496582031,-0.18732352554798126
220879,2,-12.420578002929688,-8.813665390014648,-8.233894348144531,-0.26090139150619507,112.06959533691406,-0.19157597422599792
220899,2,-12.580544471740723,-9.163198471069336,-9.09558391571045,-0.15533974766731262,111.89376831054688,-0.12906339764595032
220919,2,-12.651590347290039,-9.492539405822754,-9.85744857788086,-0.0612967312335968,111.65203857421875,-0.10737590491771698
220939,2,-12.783759117126465,-9.80227279663086,-8.613385200500488,-0.36882922053337097,111.54220581054688,-0.19965562224388123
220959,2,-12.870479583740234,-10.090500831604004,-8.175257682800293,-0.5056747794151306,111.32244873046875,-0.1732904314994812
220979,2,-12.918895721435547,-10.357366561889648,-9.910773277282715,-0.21522748470306396,111.080810546875,-0.19327694177627563
220999,2,-12.937567710876465,-10.602184295654297,-10.966047286987305,-0.06039905175566673,110.81710815429688,-0.23367521166801453
221019,2,-12.923418045043945,-10.824126243591309,-9.676464080810547,-0.35532012581825256,110.729248046875,-0.1911507248878479
221039,2,-12.901205062866211,-11.022818565368652,-11.497101783752441,-0.02185973897576332,110.44357299804688,-0.0640009269118309
221059,2,-12.840126037597656,-11.197333335876465,-11.561043739318848,-0.04396288841962814,110.28970336914062,-0.11503031849861145
221079,2,-12.737916946411133,-11.347870826721191,-10.82508373260498,-0.19683973491191864,110.07003784179688,-0.028278788551688194
221099,2,-12.591523170471191,-11.47401237487793,-12.865718841552734,0.1859380453824997,109.76242065429688,-0.05336824059486389
221119,2,-12.510337829589844,-11.575631141662598,-9.28112506866455,-0.5459410548210144,109.652587890625,-0.2719472646713257
221139,2,-12.32053279876709,-11.650741577148438,-9.642135620117188,-0.47794851660728455,109.36691284179688,-0.1124788448214531
221159,2,-12.095818519592285,-11.700296401977539,-11.246963500976562,-0.17466938495635986,109.03732299804688,-0.21453920006752014
221179,2,-11.832724571228027,-11.72508716583252,-12.114945411682129,-0.007480932399630547,108.79559326171875,-0.17584191262722015
221199,2,-11.537490844726562,-11.723801612854004,-10.687175750732422,-0.2794089913368225,108.68576049804688,-0.146498441696167
221219,2,-11.393304824829102,-11.697675704956055,-12.948399543762207,0.17284999787807465,108.35617065429688,-0.04358760640025139
221239,2,-11.051957130432129,-11.643733978271484,-9.433131217956543,-0.5001171231269836,108.31222534179688,-0.13926927745342255
221259,2,-10.682971000671387,-11.564112663269043,-12.567747116088867,0.14221981167793274,108.00460815429688,-0.030405012890696526
221279,2,-10.2805757522583,-11.460371971130371,-10.897705078125,-0.16623654961585999,107.872802734375,-0.1669117659330368
221299,2,-9.857745170593262,-11.330657958984375,-9.62667465209961,-0.37056806683540344,107.69696044921875,-0.02657780796289444
221319,2,-9.631255149841309,-11.177302360534668,-12.001845359802246,0.12780442833900452,107.38934326171875,0.008292276412248611
221339,2,-9.165616035461426,-10.995979309082031,-11.876993179321289,0.1547480672597885,107.191650390625,0.04188818857073784
221359,2,-8.667242050170898,-10.790029525756836,-12.240402221679688,0.28369927406311035,106.97186279296875,0.04699112847447395
221379,2,-8.147189140319824,-10.562200546264648,-11.65494441986084,0.23019948601722717,106.75210571289062,0.09844576567411423
221399,2,-7.6476640701293945,-10.308565139770508,-10.546204566955566,0.07726667076349258,106.57638549804688,0.07123009115457535
221419,2,-7.092973709106445,-10.030238151550293,-9.600356101989746,-0.04456571862101555,106.40054321289062,-0.012969970703125
221439,2,-6.49187707901001,-9.730865478515625,-9.921009063720703,0.08653055131435394,106.1807861328125,-0.020624378696084023
221459,2,-6.200908660888672,-9.408439636230469,-8.6326322555542,-0.10964806377887726,106.02700805664062,-0.020624378696084023
221479,2,-5.590371131896973,-9.064141273498535,-8.536717414855957,-0.054845597594976425,105.85116577148438,-0.006166051607578993
221499,2,-4.962050437927246,-8.701958656311035,-9.382706642150879,0.19096441566944122,105.63153076171875,0.00021262247173581272
221519,2,-4.3017354011535645,-8.31660270690918,-8.702333450317383,0.14219677448272705,105.4776611328125,0.019348643720149994
221539,2,-3.992465019226074,-7.916530132293701,-7.997181415557861,0.08003778755664825,105.36782836914062,0.06825337558984756
221559,2,-3.3404762744903564,-7.495141506195068,-7.495652675628662,0.07575090229511261,105.23593139648438,0.09164184331893921
221579,2,-2.659316301345825,-7.05621862411499,-6.728557109832764,0.023657027631998062,105.1041259765625,0.12991389632225037
221599,2,-1.9795290231704712,-6.600308895111084,-7.005258083343506,0.17824572324752808,104.97232055664062,0.08781464397907257
221619,2,-1.3379133939743042,-6.13279914855957,-6.353621482849121,0.15342481434345245,104.88433837890625,0.13161486387252808
221639,2,-0.6398547291755676,-5.651393413543701,-5.8482465744018555,0.15909665822982788,104.7745361328125,0.10269821435213089
221659,2,-0.3207016885280609,-5.1558966636657715,-4.489593029022217,-0.024232011288404465,104.7086181640625,0.02190011367201805
221679,2,0.38184234499931335,-4.643702507019043,-4.532167434692383,0.09088829159736633,104.66470336914062,0.05974847450852394
221699,2,1.0836695432662964,-4.120062351226807,-4.325296878814697,0.1620011180639267,104.59878540039062,0.12183423340320587
221719,2,1.7133797407150269,-3.5885438919067383,-3.6325535774230957,0.12901628017425537,104.53277587890625,0.03168231248855591
221739,2,2.413011074066162,-3.0490496158599854,-3.105215549468994,0.1379084587097168,104.53277587890625,0.07080484181642532
221759,2,3.079622983932495,-2.4989981651306152,-2.234750747680664,0.07108580321073532,104.51083374023438,-0.013395215384662151
221779,2,3.7250256538391113,-1.945353627204895,-1.012326955795288,-0.06779803335666656,104.51083374023438,-0.06485141813755035
221799,2,4.028850078582764,-1.388052225112915,-0.17908340692520142,-0.1467435359954834,104.48886108398438,-0.09419331699609756
221819,2,4.704799652099609,-0.822547972202301,-0.15107887983322144,-0.04779382422566414,104.48886108398438,-0.07293106615543365
221839,2,5.359829425811768,-0.25452083349227905,-0.32823437452316284,0.09743629395961761,104.48886108398438,0.005315561778843403
221859,2,6.062869548797607,0.31047770380973816,0.4984831213951111,0.05214199423789978,104.51083374023438,0.06612715125083923
221879,2,6.631644248962402,0.8775830268859863,0.029198303818702698,0.25822094082832336,104.53277587890625,0.09376806765794754
221899,2,6.912506580352783,1.4415102005004883,1.0103890895843506,0.16870245337486267,104.55487060546875,0.1320401132106781
221919,2,7.513723373413086,2.0065648555755615,0.9778430461883545,0.295918345451355,104.59878540039062,0.19625365734100342
221939,2,8.139208793640137,2.566812515258789,1.564550518989563,0.298572301864624,104.64273071289062,0.13289059698581696
221959,2,8.716113090515137,3.1185691356658936,2.0247771739959717,0.32521748542785645,104.7086181640625,0.17456616461277008
221979,2,8.963210105895996,3.665635347366333,3.2616796493530273,0.18516595661640167,104.7745361328125,0.20773527026176453
221999,2,9.477357864379883,4.2078471183776855,3.4580190181732178,0.26003116369247437,104.81845092773438,0.2119877189397812
222019,2,10.008223533630371,4.738056182861328,3.1598238945007324,0.4386279284954071,104.90643310546875,0.3008654713630676
222039,2,10.439485549926758,5.25853967666626,3.9415881633758545,0.39830371737480164,104.97232055664062,0.2957625389099121
222059,2,10.86660099029541,5.769362449645996,4.563577175140381,0.3899730443954468,105.0821533203125,0.3200015127658844
222079,2,11.239694595336914,6.267332077026367,4.871464729309082,0.4423927962779999,105.21395874023438,0.36550426483154297
222099,2,11.4183349609375,6.750917434692383,5.355749130249023,0.4471006691455841,105.32388305664062,0.3740091621875763
222119,2,11.774601936340332,7.221325397491455,5.221324443817139,0.5828384757041931,105.4556884765625,0.4263142943382263
222139,2,12.132601737976074,7.673955917358398,6.124181747436523,0.5136275291442871,105.63153076171875,0.4207861125469208
222159,2,12.427013397216797,8.110465049743652,7.122315883636475,0.4128735065460205,105.7852783203125,0.3595508337020874
222179,2,12.548165321350098,8.528291702270508,7.146369934082031,0.48947596549987793,105.93905639648438,0.30937036871910095
222199,2,12.783285140991211,8.92833423614502,8.5809965133667,0.2894079387187958,106.1148681640625,0.309795618057251
222219,2,12.986099243164062,9.308402061462402,8.416801452636719,0.4008648693561554,106.33465576171875,0.29661303758621216
222239,2,13.14721965789795,9.665977478027344,8.218449592590332,0.5139904022216797,106.53244018554688,0.3280811607837677
222259,2,13.270923614501953,10.002626419067383,8.488542556762695,0.526813268661499,106.73013305664062,0.2634439170360565
222279,2,13.315374374389648,10.31623649597168,9.916953086853027,0.3014965057373047,106.97186279296875,0.20008087158203125
222299,2,13.383026123046875,10.606863975524902,10.40113353729248,0.257514089345932,107.213623046875,0.22644604742527008
222319,2,13.411523818969727,10.873112678527832,10.888038635253906,0.2086603194475174,107.45523071289062,0.2136887013912201
222339,2,13.400691032409668,11.114404678344727,12.131505012512207,-0.0037219556979835033,107.69696044921875,0.10014674812555313
222359,2,13.351058959960938,11.330450057983398,10.752619743347168,0.29686933755874634,107.872802734375,0.12651193141937256
222379,2,13.271517753601074,11.519879341125488,12.932778358459473,-0.10762043297290802,108.224365234375,0.09844576567411423
222399,2,13.219938278198242,11.683568954467773,11.591277122497559,0.18464744091033936,108.37814331054688,0.16138358414173126
222419,2,13.076506614685059,11.819389343261719,11.68010425567627,0.17458100616931915,108.641845703125,0.08101072162389755
222439,2,12.87761116027832,11.928816795349121,13.086607933044434,-0.08646774291992188,108.927490234375,0.08866513520479202
222459,2,12.675374031066895,12.010414123535156,11.314799308776855,0.2671752870082855,109.14715576171875,0.1537291705608368
222479,2,12.439251899719238,12.063653945922852,10.945340156555176,0.33793309330940247,109.38888549804688,0.1652107834815979
222499,2,12.157485961914062,12.088433265686035,13.161407470703125,-0.1007833331823349,109.76242065429688,0.13118962943553925
222519,2,12.00818157196045,12.086305618286133,9.5494384765625,0.6163376569747925,109.85028076171875,0.29618778824806213
222539,2,11.663603782653809,12.05380916595459,12.727352142333984,-0.034165069460868835,110.20184326171875,0.0801602303981781
222559,2,11.28960132598877,11.992615699768066,11.358803749084473,0.22906909883022308,110.377685546875,0.24643412232398987
222579,2,10.87212085723877,11.907113075256348,9.284473419189453,0.6012477278709412,110.57537841796875,0.10227297246456146
222599,2,10.423417091369629,11.792607307434082,15.649784088134766,-0.6812402009963989,111.058837890625,0.025727318599820137
222619,2,10.207823753356934,11.649754524230957,9.299530982971191,0.540248453617096,111.036865234375,0.1571311354637146
222639,2,9.719755172729492,11.476662635803223,13.114239692687988,-0.2684652805328369,111.476318359375,-0.0801602303981781
222659,2,9.193232536315918,11.278318405151367,9.511039733886719,0.4020329415798187,111.52023315429688,0.1698884814977646
222679,2,8.63913345336914,11.052531242370605,10.930987358093262,0.05397732928395271,111.827880859375,-0.015096195042133331
222699,2,8.065550804138184,10.797297477722168,13.266814231872559,-0.46324411034584045,112.09156799316406,-0.032956480979919434
222719,2,7.79271125793457,10.521450996398926,10.834412574768066,-0.044706378132104874,112.20150756835938,-0.04486333951354027
222739,2,7.184117317199707,10.217061996459961,11.212864875793457,-0.20443080365657806,112.39920043945312,-0.17243994772434235
222759,2,6.5428080558776855,9.88759708404541,10.59321117401123,-0.17280878126621246,112.59700012207031,-0.15245187282562256
222779,2,5.900705337524414,9.540287971496582,10.495854377746582,-0.24811992049217224,112.79469299316406,-0.19157597422599792
222799,2,5.210693359375,9.166357040405273,9.850357055664062,-0.21604785323143005,113.01446533203125,-0.14564795792102814
222819,2,4.89516019821167,8.771552085876465,8.766822814941406,-0.08368474990129471,113.14625549316406,-0.15883053839206696
222839,2,4.2020745277404785,8.35158920288086,8.531593322753906,-0.13055680692195892,113.34405517578125,-0.050816770642995834
222859,2,3.4895894527435303,7.911125659942627,7.7879815101623535,-0.08173394948244095,113.45388793945312,-0.08058547973632812
222879,2,2.7663886547088623,7.4575934410095215,6.038871765136719,0.16767701506614685,113.60775756835938,0.004465071950107813
222899,2,2.0292346477508545,6.977548122406006,5.679572582244873,0.14319051802158356,113.71759033203125,0.036785248667001724
222919,2,1.3480098247528076,6.483049392700195,5.467477321624756,0.0918993204832077,113.82742309570312,0.06485141813755035
222939,2,0.9427580833435059,5.974620342254639,4.502213001251221,0.20103125274181366,113.93736267089844,0.11332933604717255
222959,2,0.18731392920017242,5.447304725646973,5.22711181640625,-0.04783983528614044,114.00325012207031,0.03465902432799339
222979,2,-0.5620248913764954,4.9130539894104,4.225617408752441,0.03789336979389191,114.04718017578125,-0.007441786117851734
222999,2,-1.2939143180847168,4.35861349105835,4.551834583282471,-0.13944877684116364,114.15701293945312,-0.01637193001806736
223019,2,-1.6675755977630615,3.7989449501037598,3.60925555229187,-0.05388404056429863,114.20094299316406,-0.06485141813755035
223039,2,-2.407238006591797,3.224362373352051,3.8186492919921875,-0.21279121935367584,114.266845703125,-0.05124201253056526
223059,2,-3.144862174987793,2.641207218170166,3.3075695037841797,-0.2381863296031952,114.266845703125,-0.12481094896793365
223079,2,-3.875073194503784,2.0574512481689453,2.806790351867676,-0.26511672139167786,114.28892517089844,-0.15032564103603363
223099,2,-4.599340915679932,1.4635955095291138,1.5579174757003784,-0.14511871337890625,114.31088256835938,-0.14437222480773926
223119,2,-4.931645393371582,0.8672793507575989,1.7779669761657715,-0.30246853828430176,114.31088256835938,-0.2056090533733368
223139,2,-5.6279425621032715,0.2642024755477905,1.7690049409866333,-0.43966543674468994,114.266845703125,-0.30766940116882324
223159,2,-6.313039779663086,-0.34046995639801025,1.2845557928085327,-0.4848491847515106,114.266845703125,-0.3297821283340454
223179,2,-6.979553699493408,-0.9389947652816772,-0.8107366561889648,-0.20198020339012146,114.244873046875,-0.23112374544143677
223199,2,-7.630553722381592,-1.5405116081237793,-1.3328622579574585,-0.2193775326013565,114.244873046875,-0.146498441696167
223219,2,-7.91828727722168,-2.1368114948272705,-1.5898597240447998,-0.2770002782344818,114.17898559570312,-0.1911507248878479
223239,2,-8.53445053100586,-2.732844829559326,-2.006564140319824,-0.3214048743247986,114.11308288574219,-0.22814702987670898
223259,2,-9.125008583068848,-3.3232791423797607,-2.642167329788208,-0.31775274872779846,114.06915283203125,-0.19540317356586456
223279,2,-9.684538841247559,-3.9013357162475586,-4.142237186431885,-0.13984428346157074,113.93736267089844,-0.202632337808609
223299,2,-10.215575218200684,-4.4712629318237305,-4.3971357345581055,-0.20510333776474,113.87135314941406,-0.20773527026176453
223319,2,-10.45971393585205,-5.032124042510986,-4.581562042236328,-0.26743727922439575,113.78349304199219,-0.18222057819366455
223339,2,-10.945183753967285,-5.5848798751831055,-5.0889177322387695,-0.28024354577064514,113.65168762207031,-0.2315489947795868
223359,2,-11.400533676147461,-6.124511241912842,-5.370689868927002,-0.3372502624988556,113.563720703125,-0.2506850063800812
223379,2,-11.826202392578125,-6.646026134490967,-6.3184494972229,-0.25962963700294495,113.43193054199219,-0.2642928659915924
223399,2,-12.207006454467773,-7.154490947723389,-6.636508941650391,-0.29447928071022034,113.30012512207031,-0.17116421461105347
223419,2,-12.371020317077637,-7.644853115081787,-7.124120712280273,-0.28823089599609375,113.14625549316406,-0.24345585703849792
223439,2,-12.699972152709961,-8.119123458862305,-6.748199939727783,-0.46199890971183777,113.01446533203125,-0.29151010513305664
223459,2,-12.994823455810547,-8.57423210144043,-7.706296920776367,-0.3685455620288849,112.860595703125,-0.2991645038127899
223479,2,-13.243833541870117,-9.007537841796875,-8.241556167602539,-0.351535826921463,112.66290283203125,-0.2974635064601898
223499,2,-13.455824851989746,-9.419696807861328,-9.399752616882324,-0.20023185014724731,112.50914001464844,-0.19412744045257568
223519,2,-13.545132637023926,-9.80898380279541,-9.921671867370605,-0.16047054529190063,112.35527038574219,-0.12140899151563644
223539,2,-13.695281982421875,-10.175822257995605,-9.724153518676758,-0.2660234272480011,112.11354064941406,-0.1860477775335312
223559,2,-13.802624702453613,-10.517923355102539,-9.720686912536621,-0.3333190679550171,111.91574096679688,-0.2170906662940979
223579,2,-13.869563102722168,-10.834502220153809,-10.897162437438965,-0.16050440073013306,111.69595336914062,-0.20348282158374786
223599,2,-13.893672943115234,-11.124597549438477,-10.407159805297852,-0.3110625445842743,111.476318359375,-0.20348282158374786
223619,2,-13.889802932739258,-11.3878812789917,-11.241040229797363,-0.19657644629478455,111.25653076171875,-0.22814702987670898
223639,2,-13.849992752075195,-11.62329387664795,-11.237787246704102,-0.2373046725988388,111.058837890625,-0.17414093017578125
223659,2,-13.766366004943848,-11.830126762390137,-11.494019508361816,-0.22914130985736847,110.79513549804688,-0.2727993130683899
223679,2,-13.62695026397705,-12.00858211517334,-11.9092378616333,-0.17707794904708862,110.53143310546875,-0.2039080709218979
223699,2,-13.548256874084473,-12.158007621765137,-12.071518898010254,-0.17338375747203827,110.28970336914062,-0.22431983053684235
223719,2,-13.356431007385254,-12.276484489440918,-11.310869216918945,-0.34625113010406494,110.004150390625,-0.2676948010921478
223739,2,-13.121033668518066,-12.364399909973145,-12.63817310333252,-0.09625740349292755,109.76242065429688,-0.2107119858264923
223759,2,-12.844176292419434,-12.424186706542969,-11.657319068908691,-0.29021862149238586,109.608642578125,-0.16436029970645905
223779,2,-12.523527145385742,-12.449896812438965,-13.54109001159668,0.09523997455835342,109.301025390625,-0.01467095036059618
223799,2,-12.364585876464844,-12.44764518737793,-10.115596771240234,-0.5852227807044983,109.21304321289062,-0.254512220621109
223819,2,-11.992382049560547,-12.412548065185547,-16.066980361938477,0.6220703721046448,108.68576049804688,0.09844576567411423
223839,2,-11.578518867492676,-12.346199989318848,-10.914131164550781,-0.3805996775627136,108.641845703125,-0.2009313553571701
223859,2,-11.132437705993652,-12.25098991394043,-12.348453521728516,-0.041096292436122894,108.29025268554688,0.1124788448214531
223879,2,-10.690224647521973,-12.12521743774414,-15.367483139038086,0.5676440596580505,107.916748046875,-0.10184772312641144
223899,2,-10.169332504272461,-11.965483665466309,-7.756607532501221,-0.8716768622398376,107.93869018554688,-0.06612715125083923
223919,2,-9.919313430786133,-11.779998779296875,-14.103409767150879,0.4255595803260803,107.41131591796875,0.14437377452850342
223939,2,-9.357198715209961,-11.561751365661621,-12.48073959350586,0.1521868258714676,107.25753784179688,-0.030405012890696526
223959,2,-8.762771606445312,-11.313992500305176,-9.519878387451172,-0.355237752199173,107.10366821289062,0.02190011367201805
223979,2,-8.142919540405273,-11.042952537536621,-11.901530265808105,0.18355923891067505,106.796142578125,0.054645538330078125
223999,2,-7.4709272384643555,-10.740352630615234,-11.794899940490723,0.24788983166217804,106.62030029296875,0.14437377452850342
224019,2,-7.170642852783203,-10.411738395690918,-11.33804702758789,0.22794631123542786,106.37857055664062,0.11843227595090866
224039,2,-6.49118709564209,-10.053083419799805,-11.848265647888184,0.42297300696372986,106.1588134765625,0.19625365734100342
224059,2,-5.777377128601074,-9.668304443359375,-9.789548873901367,0.11408183723688126,105.96099853515625,0.13331584632396698
224079,2,-5.045085430145264,-9.261929512023926,-9.617816925048828,0.17750412225723267,105.7852783203125,0.10397394746541977
224099,2,-4.29205322265625,-8.833874702453613,-9.018529891967773,0.16019710898399353,105.58749389648438,0.09249233454465866
224119,2,-3.929910898208618,-8.380571365356445,-8.466279983520508,0.13464778661727905,105.4117431640625,0.07080484181642532
224139,2,-3.176851749420166,-7.901697158813477,-7.6649675369262695,0.08196533471345901,105.27996826171875,0.10865164548158646
224159,2,-2.397930383682251,-7.401656627655029,-7.4187750816345215,0.13902878761291504,105.1260986328125,0.051243577152490616
224179,2,-1.6207376718521118,-6.890458106994629,-6.475323677062988,0.058437101542949677,104.99429321289062,-0.008292276412248611
224199,2,-0.8149625062942505,-6.35247278213501,-5.891159534454346,0.05360918492078781,104.86239624023438,0.007441786117851734
224219,2,-0.44741153717041016,-5.80410623550415,-4.93467378616333,-0.04361798241734505,104.7745361328125,-0.008292276412248611
224239,2,0.3412809371948242,-5.236191272735596,-4.802463054656982,0.04445250704884529,104.6866455078125,0.0010631122859194875
224259,2,1.1506582498550415,-4.653695583343506,-4.869431495666504,0.18111185729503632,104.62075805664062,0.08909037709236145
224279,2,1.9470340013504028,-4.061217784881592,-3.580626964569092,0.051422927528619766,104.55487060546875,0.08781464397907257
224299,2,2.7434041500091553,-3.4535696506500244,-2.7171390056610107,0.0024782707914710045,104.46688842773438,0.013820460066199303
224319,2,3.1067638397216797,-2.8426897525787354,-2.2172584533691406,0.009511972777545452,104.44491577148438,0.05974847450852394
224339,2,3.8785624504089355,-2.219343662261963,-1.8406108617782593,0.05951622501015663,104.4010009765625,0.04656588286161423
224359,2,4.645180702209473,-1.5897332429885864,-1.4130163192749023,0.1019105538725853,104.3790283203125,0.03976196423172951
224379,2,5.396475791931152,-0.9587167501449585,-0.9049205780029297,0.13014574348926544,104.3790283203125,0.10652542114257812
224399,2,6.141506671905518,-0.3227587938308716,0.3344767987728119,0.013984506949782372,104.4010009765625,0.1061001718044281
224419,2,6.4986796379089355,0.31319719552993774,0.4967189431190491,0.0923435166478157,104.4010009765625,0.06527666002511978
224439,2,7.197823524475098,0.9534392356872559,0.8336983919143677,0.15715406835079193,104.44491577148438,0.1354420781135559
224459,2,7.884761333465576,1.5920084714889526,1.3328102827072144,0.18815262615680695,104.44491577148438,0.133741095662117
224479,2,8.549104690551758,2.221167802810669,2.153167724609375,0.1545354723930359,104.48886108398438,0.1273624151945114
224499,2,9.129849433898926,2.8487038612365723,3.27335786819458,0.06429433077573776,104.57684326171875,0.2396286427974701
224519,2,9.753645896911621,3.4714972972869873,2.4875121116638184,0.3474667966365814,104.59878540039062,0.1958284229040146
224539,2,10.019913673400879,4.084828853607178,3.4134955406188965,0.27812644839286804,104.6866455078125,0.2056090533733368
224559,2,10.588239669799805,4.691722869873047,3.4450695514678955,0.3997270464897156,104.7745361328125,0.2396286427974701
224579,2,11.123891830444336,5.287472248077393,3.799001932144165,0.45695245265960693,104.86239624023438,0.2889586091041565
224599,2,11.61934757232666,5.868037700653076,4.637185096740723,0.4154673218727112,104.97232055664062,0.28513142466545105
224619,2,12.086174011230469,6.434518337249756,4.932450771331787,0.47918274998664856,105.0821533203125,0.33190834522247314
224639,2,12.287463188171387,6.984066009521484,5.62332010269165,0.45247912406921387,105.23593139648438,0.34338995814323425
224659,2,12.689568519592285,7.518482685089111,5.738138198852539,0.5469517111778259,105.36782836914062,0.37656062841415405
224679,2,13.060815811157227,8.034333229064941,6.596354007720947,0.4878537952899933,105.4776611328125,0.3038421869277954
224699,2,13.380877494812012,8.52883243560791,7.196850299835205,0.4723397195339203,105.65347290039062,0.310220867395401
224719,2,13.658262252807617,9.003307342529297,8.44774341583252,0.31931233406066895,105.8292236328125,0.26429441571235657
224739,2,13.772614479064941,9.4529447555542,8.599016189575195,0.3741573393344879,106.00503540039062,0.3170247972011566
224759,2,13.984546661376953,9.879860877990723,8.396300315856934,0.5067520141601562,106.22470092773438,0.38634127378463745
224779,2,14.156627655029297,10.281717300415039,9.716761589050293,0.32862013578414917,106.444580078125,0.32552969455718994
224799,2,14.27895736694336,10.656824111938477,10.220664978027344,0.2982645034790039,106.62030029296875,0.21921688318252563
224819,2,14.352899551391602,11.004766464233398,10.384318351745605,0.3307015001773834,106.818115234375,0.2485603541135788
224839,2,14.371788024902344,11.324484825134277,10.974132537841797,0.2700715959072113,107.05975341796875,0.22729654610157013
224859,2,14.378705024719238,11.615254402160645,10.51671028137207,0.41609737277030945,107.27951049804688,0.28215470910072327
224879,2,14.337469100952148,11.875886917114258,11.581313133239746,0.25073862075805664,107.521240234375,0.20178185403347015
224899,2,14.24846076965332,12.106411933898926,11.834596633911133,0.23950909078121185,107.80679321289062,0.23580144345760345
224919,2,14.117338180541992,12.30463695526123,12.771515846252441,0.08477955311536789,108.07049560546875,0.1652107834815979
224939,2,14.035872459411621,12.472394943237305,13.485393524169922,-0.03660282492637634,108.29025268554688,0.07123009115457535
224959,2,13.833666801452637,12.60649299621582,10.106443405151367,0.6493647694587708,108.40008544921875,0.2485603541135788
224979,2,13.610532760620117,12.707446098327637,14.044900894165039,-0.12874160706996918,108.79559326171875,0.03465902432799339
224999,2,13.2940092086792,12.77711296081543,12.12523078918457,0.26160967350006104,108.927490234375,0.2043333202600479
225019,2,12.981801986694336,12.811789512634277,12.659467697143555,0.12717010080814362,109.23501586914062,-0.08611366152763367
225039,2,12.612747192382812,12.81140422821045,14.529561996459961,-0.23732265830039978,109.58657836914062,0.12055850028991699
225059,2,12.236759185791016,12.776267051696777,9.517549514770508,0.7162604928016663,109.630615234375,0.10567492991685867
225079,2,12.0220947265625,12.712422370910645,14.722566604614258,-0.3237716257572174,110.11398315429688,-0.02190011367201805
225099,2,11.548712730407715,12.612102508544922,9.598849296569824,0.6626994013786316,110.13595581054688,0.25408855080604553
225119,2,11.036456108093262,12.478148460388184,16.128999710083008,-0.6789814829826355,110.66336059570312,-0.133741095662117
225139,2,10.540648460388184,12.310111045837402,11.598793029785156,0.1853596717119217,110.729248046875,0.16946323215961456
225159,2,9.949118614196777,12.115312576293945,11.711060523986816,0.07954776287078857,111.01492309570312,-0.1686127483844757
225179,2,9.320916175842285,11.883445739746094,14.470151901245117,-0.5138858556747437,111.34439086914062,-0.04996627941727638
225199,2,9.026054382324219,11.622418403625488,8.776275634765625,0.555805504322052,111.388427734375,0.09546905010938644
225219,2,8.364736557006836,11.326743125915527,10.505022048950195,0.13355201482772827,111.67401123046875,-0.08611366152763367
225239,2,7.6680192947387695,11.000314712524414,12.135421752929688,-0.2579984664916992,111.93768310546875,0.015521439723670483
225259,2,6.947495937347412,10.650432586669922,11.320191383361816,-0.1816948801279068,112.09156799316406,-0.03593319654464722
225279,2,6.188934326171875,10.267313957214355,10.025066375732422,-0.01752038113772869,112.28936767578125,-0.04273711517453194
225299,2,5.834220886230469,9.858549118041992,10.587615013122559,-0.21235030889511108,112.487060546875,-0.13501682877540588
225319,2,5.058662414550781,9.418286323547363,10.07267951965332,-0.22230885922908783,112.66290283203125,-0.2056090533733368
225339,2,4.259828090667725,8.951850891113281,9.571237564086914,-0.23574039340019226,112.838623046875,-0.15712957084178925
225359,2,3.436487913131714,8.464309692382812,9.654181480407715,-0.3774124085903168,112.97053527832031,-0.28683239221572876
225379,2,2.6218068599700928,7.9497151374816895,8.17990779876709,-0.21154262125492096,113.10232543945312,-0.24898403882980347
225399,2,2.2221686840057373,7.419424533843994,6.780578136444092,-0.03285178914666176,113.23423767089844,-0.08866513520479202
225419,2,1.38555109500885,6.862985134124756,6.740902900695801,-0.14332087337970734,113.34405517578125,-0.09036611020565033
225439,2,0.6266798377037048,6.287164211273193,5.743491172790527,-0.060941196978092194,113.43193054199219,-0.044012852013111115
225459,2,-0.22381114959716797,5.69439697265625,5.920742988586426,-0.21980924904346466,113.51979064941406,-0.08951561897993088
225479,2,-1.0695151090621948,5.092714309692383,4.690680980682373,-0.10067594796419144,113.563720703125,-0.03593319654464722
225499,2,-1.9310119152069092,4.475545406341553,4.036736011505127,-0.09775516390800476,113.58580017089844,-0.03976039960980415
225519,2,-2.3189926147460938,3.8432869911193848,3.0725340843200684,-0.013130475766956806,113.62973022460938,-0.032531239092350006
225539,2,-3.1553211212158203,3.19490647315979,2.2973217964172363,0.017335521057248116,113.65168762207031,0.04699112847447395
225559,2,-3.988783597946167,2.53690242767334,1.6354624032974243,0.022200055420398712,113.65168762207031,-0.0023388471454381943
225579,2,-4.81227970123291,1.8781630992889404,0.6233664751052856,0.0971955731511116,113.65168762207031,0.04486490413546562
225599,2,-5.618704319000244,1.212601661682129,0.2864293158054352,0.041036784648895264,113.65168762207031,0.06825337558984756
225619,2,-5.9855570793151855,0.5411532521247864,0.34749695658683777,-0.08326119184494019,113.62973022460938,-0.04911578819155693
225639,2,-6.759680271148682,-0.1372242569923401,-0.619753897190094,-0.02494659461081028,113.62973022460938,-0.004465071950107813
225659,2,-7.517674446105957,-0.8165333867073059,-0.7649436593055725,-0.1305912435054779,113.60775756835938,-0.06017372012138367
225679,2,-8.256365776062012,-1.488234519958496,-1.1224063634872437,-0.1988789141178131,113.563720703125,-0.12268472462892532
225699,2,-8.945711135864258,-2.1605019569396973,-1.1391757726669312,-0.34100186824798584,113.49781799316406,-0.2876828908920288
225719,2,-9.564112663269043,-2.827355146408081,-1.7779605388641357,-0.3598707616329193,113.40995788574219,-0.2936363220214844
225739,2,-9.869588851928711,-3.4862313270568848,-2.4651551246643066,-0.35315242409706116,113.32209777832031,-0.2936363220214844
225759,2,-10.501840591430664,-4.140388011932373,-3.2218711376190186,-0.342163622379303,113.25619506835938,-0.22729654610157013
225779,2,-11.102588653564453,-4.781961917877197,-4.1558685302734375,-0.2915686070919037,113.16822814941406,-0.2379276603460312
225799,2,-11.645500183105469,-5.408134937286377,-4.534956455230713,-0.3454087972640991,113.10232543945312,-0.24728305637836456
225819,2,-12.161540985107422,-6.023250579833984,-5.9867262840271,-0.18412747979164124,112.99249267578125,-0.20858576893806458
225839,2,-12.395233154296875,-6.620993137359619,-5.898015022277832,-0.31118640303611755,112.88267517089844,-0.22474507987499237
225859,2,-12.853182792663574,-7.204595565795898,-6.091283321380615,-0.3939240276813507,112.75076293945312,-0.2774769961833954
225879,2,-13.270273208618164,-7.769324779510498,-7.083539962768555,-0.3147139549255371,112.59700012207031,-0.284706175327301
225899,2,-13.639541625976562,-8.309985160827637,-7.6984758377075195,-0.30463263392448425,112.44313049316406,-0.3165995478630066
225919,2,-13.961990356445312,-8.83065128326416,-8.814526557922363,-0.18545186519622803,112.28936767578125,-0.22304409742355347
225939,2,-14.221355438232422,-9.328269004821777,-8.409869194030762,-0.3573105037212372,112.15757751464844,-0.17201469838619232
225959,2,-14.3312406539917,-9.800305366516113,-8.526793479919434,-0.42261573672294617,111.93768310546875,-0.2659938335418701
225979,2,-14.540536880493164,-10.247200965881348,-8.951090812683105,-0.42594099044799805,111.761962890625,-0.2234693318605423
225999,2,-14.700873374938965,-10.666435241699219,-8.42284107208252,-0.6207062602043152,111.56417846679688,-0.3778347969055176
226019,2,-14.807558059692383,-11.055532455444336,-9.187284469604492,-0.5530821084976196,111.36636352539062,-0.38293930888175964
226039,2,-14.862689971923828,-11.415238380432129,-9.675806999206543,-0.5356749296188354,111.124755859375,-0.4067530333995819
226059,2,-14.874321937561035,-11.744125366210938,-10.382539749145508,-0.463388055562973,110.90496826171875,-0.33233359456062317
226079,2,-14.840072631835938,-12.04100227355957,-11.915572166442871,-0.2129177302122116,110.66336059570312,-0.2056090533733368
226099,2,-14.805694580078125,-12.305363655090332,-11.275262832641602,-0.3848385214805603,110.42160034179688,-0.18094484508037567
226119,2,-14.695420265197754,-12.535518646240234,-12.035820960998535,-0.27368471026420593,110.13595581054688,-0.23282472789287567
226139,2,-14.532989501953125,-12.73082447052002,-12.34842586517334,-0.2386576533317566,109.89422607421875,-0.1749914139509201
226159,2,-14.322436332702637,-12.893028259277344,-12.265220642089844,-0.2745915949344635,109.652587890625,-0.1669117659330368
226179,2,-14.056438446044922,-13.01987361907959,-13.320296287536621,-0.07530719041824341,109.344970703125,-0.12310997396707535
226199,2,-13.77530574798584,-13.10910701751709,-12.989577293395996,-0.14918901026248932,109.12518310546875,-0.1796691119670868
226219,2,-13.61878776550293,-13.16339111328125,-13.153066635131836,-0.11235901713371277,108.86148071289062,-0.026152562350034714
226239,2,-13.239765167236328,-13.179168701171875,-14.13823413848877,0.0849703922867775,108.597900390625,-0.10822639614343643
226259,2,-12.859387397766113,-13.157773971557617,-11.09876823425293,-0.48757487535476685,108.40008544921875,-0.10524968057870865
226279,2,-12.39367389678955,-13.099990844726562,-15.042177200317383,0.30632761120796204,108.00460815429688,-0.07165533304214478
226299,2,-11.885168075561523,-13.009937286376953,-10.181042671203613,-0.6039999127388,107.96066284179688,-0.02190011367201805
226319,2,-11.326632499694824,-12.883031845092773,-13.527426719665527,0.09157232195138931,107.543212890625,-0.01764766499400139
226339,2,-11.054445266723633,-12.719067573547363,-11.757511138916016,-0.2400510609149933,107.30148315429688,-0.21496443450450897
226359,2,-10.450313568115234,-12.516193389892578,-11.94460391998291,-0.12309177219867706,106.97186279296875,0.1124788448214531
226379,2,-9.789227485656738,-12.277299880981445,-14.635143280029297,0.454775333404541,106.64227294921875,0.0006378673715516925
226399,2,-9.107908248901367,-12.009572982788086,-9.049813270568848,-0.5638450980186462,106.64227294921875,-0.008292276412248611
226419,2,-8.388842582702637,-11.707754135131836,-11.06774616241455,-0.08407319337129593,106.33465576171875,0.049117352813482285
226439,2,-8.037581443786621,-11.371463775634766,-12.083186149597168,0.18764330446720123,106.09292602539062,0.0997214987874031
226459,2,-7.278173923492432,-10.998381614685059,-12.014801979064941,0.2745542526245117,105.87313842773438,0.18264582753181458
226479,2,-6.4849371910095215,-10.593751907348633,-11.5891752243042,0.29374709725379944,105.63153076171875,0.15415441989898682
226499,2,-5.669053554534912,-10.166169166564941,-10.541654586791992,0.19336386024951935,105.4337158203125,0.1320401132106781
226519,2,-4.812781810760498,-9.704046249389648,-8.88991928100586,-0.026407567784190178,105.25787353515625,0.07633303105831146
226539,2,-4.030947685241699,-9.211833000183105,-9.083118438720703,0.12046020478010178,105.0601806640625,0.11120311170816422
226559,2,-3.5737009048461914,-8.69650650024414,-9.34791374206543,0.27106159925460815,104.88433837890625,0.09419331699609756
226579,2,-2.770305633544922,-8.151497840881348,-7.649415493011475,0.05275143310427666,104.7305908203125,0.06527666002511978
226599,2,-1.8580108880996704,-7.585477352142334,-7.1321892738342285,0.06867905706167221,104.55487060546875,0.015946684405207634
226619,2,-0.8630133867263794,-7.002714157104492,-6.0935492515563965,-0.01143859513103962,104.44491577148438,0.01764766499400139
226639,2,-0.3842712342739105,-6.395097255706787,-6.051181316375732,0.08843852579593658,104.3570556640625,0.06102421134710312
226659,2,0.5169479250907898,-5.765087604522705,-5.662539482116699,0.14378288388252258,104.24722290039062,0.07803400605916977
226679,2,1.4120135307312012,-5.12246036529541,-4.382522106170654,0.023002726957201958,104.15927124023438,0.05719700828194618
226699,2,2.2332448959350586,-4.464422702789307,-4.0739030838012695,0.09489300101995468,104.09335327148438,0.08909037709236145
226719,2,3.1435699462890625,-3.790745973587036,-3.211214542388916,0.06345629692077637,104.0274658203125,0.04954259842634201
226739,2,3.5410475730895996,-3.1077122688293457,-1.7172621488571167,-0.11738000810146332,103.93960571289062,0.018923399969935417
226759,2,4.422651290893555,-2.410083055496216,-1.938098430633545,0.06537309288978577,103.89566040039062,0.056771762669086456
226779,2,5.286818981170654,-1.704254150390625,-1.5301973819732666,0.1260749101638794,103.85174560546875,0.055921271443367004
226799,2,6.123263359069824,-0.9972495436668396,-0.5787911415100098,0.0749046579003334,103.78573608398438,0.007867030799388885
226819,2,6.868215560913086,-0.28707051277160645,0.38890865445137024,0.018301397562026978,103.78573608398438,0.022325359284877777
226839,2,7.6890869140625,0.4306933283805847,0.0816635936498642,0.2228294461965561,103.78573608398438,0.11120311170816422
226859,2,8.044909477233887,1.1421419382095337,0.6921526193618774,0.23399718105793,103.78573608398438,0.21666541695594788
226879,2,8.807442665100098,1.8554941415786743,1.1900348663330078,0.28759142756462097,103.80770874023438,0.25919148325920105
226899,2,9.542207717895508,2.5642948150634766,0.7508671283721924,0.52631676197052,103.80770874023438,0.2953372895717621
226919,2,10.245013236999512,3.2669827938079834,1.984112024307251,0.4361695945262909,103.85174560546875,0.3263801634311676
226939,2,10.8457612991333,3.9574034214019775,2.2000460624694824,0.5483189225196838,103.91763305664062,0.44162312150001526
226959,2,11.493213653564453,4.639530181884766,2.5806851387023926,0.6265871524810791,103.96157836914062,0.3965471386909485
226979,2,11.76949691772461,5.307831764221191,3.343229055404663,0.6164413094520569,104.0494384765625,0.4888268709182739
226999,2,12.33654499053955,5.9650373458862305,4.07318639755249,0.6186282634735107,104.15927124023438,0.4356696903705597
227019,2,12.864775657653809,6.605898857116699,4.118696689605713,0.7532941102981567,104.29116821289062,0.4722423255443573
227039,2,13.347055435180664,7.223934173583984,6.016584396362305,0.5145778656005859,104.44491577148438,0.4518289864063263
227059,2,13.789731979370117,7.824952602386475,6.06278133392334,0.6373173594474792,104.59878540039062,0.463737428188324
227079,2,13.972707748413086,8.403233528137207,7.378097057342529,0.4891184866428375,104.79647827148438,0.3965471386909485
227099,2,14.332541465759277,8.960091590881348,8.07339859008789,0.46529388427734375,104.97232055664062,0.36040133237838745
227119,2,14.666732788085938,9.489614486694336,9.601785659790039,0.2689220905303955,105.19198608398438,0.3085198998451233
227139,2,14.922739028930664,9.994182586669922,8.523870468139648,0.5782889127731323,105.38980102539062,0.3246791958808899
227159,2,15.019939422607422,10.468856811523438,9.857034683227539,0.40396031737327576,105.65347290039062,0.33360934257507324
227179,2,15.190958023071289,10.914908409118652,10.306816101074219,0.39624103903770447,105.89511108398438,0.2570652365684509
227199,2,15.30738353729248,11.329827308654785,10.742284774780273,0.3852277994155884,106.1368408203125,0.26557016372680664
227219,2,15.368268013000488,11.711441993713379,12.342389106750488,0.13325221836566925,106.444580078125,0.21624016761779785
227239,2,15.37149715423584,12.059982299804688,13.150404930114746,0.022063562646508217,106.66424560546875,0.088239885866642
227259,2,15.354229927062988,12.374110221862793,10.353925704956055,0.6288705468177795,106.774169921875,0.27194881439208984
227279,2,15.275694847106934,12.652225494384766,13.704601287841797,-0.0032681114971637726,107.213623046875,0.045715391635894775
227299,2,15.140985488891602,12.893543243408203,13.142522811889648,0.15316098928451538,107.43325805664062,0.15968260169029236
227319,2,14.949057579040527,13.099043846130371,12.640117645263672,0.26487672328948975,107.71893310546875,0.12481094896793365
227339,2,14.696724891662598,13.266413688659668,15.598281860351562,-0.30203577876091003,108.09246826171875,0.03253279998898506
227359,2,14.564916610717773,13.394847869873047,11.694291114807129,0.47584813833236694,108.15835571289062,0.14650000631809235
227379,2,14.24028205871582,13.482653617858887,16.305627822875977,-0.43372437357902527,108.619873046875,-0.06697764247655869
227399,2,13.860000610351562,13.530689239501953,11.312010765075684,0.5429271459579468,108.68576049804688,0.18817400932312012
227419,2,13.434773445129395,13.541234016418457,16.674226760864258,-0.5339338779449463,109.16912841796875,-0.06910386681556702
227439,2,12.950571060180664,13.509320259094238,12.153279304504395,0.33149439096450806,109.23501586914062,0.10567492991685867
227459,2,12.703566551208496,13.441764831542969,12.5224609375,0.2250058948993683,109.49871826171875,-0.05634651705622673
227479,2,12.147128105163574,13.330794334411621,14.762539863586426,-0.25755593180656433,109.85028076171875,-0.030830256640911102
227499,2,11.54879093170166,13.180188179016113,13.286916732788086,-0.011436885222792625,110.048095703125,0.027429861947894096
227519,2,10.906185150146484,12.995920181274414,13.416582107543945,-0.08987762778997421,110.28970336914062,0.014245704747736454
227539,2,10.235917091369629,12.766623497009277,13.00734806060791,-0.07790236175060272,110.46554565429688,-0.07548253983259201
227559,2,9.568646430969238,12.497292518615723,12.649087905883789,-0.07939344644546509,110.707275390625,-0.059323232620954514
227579,2,9.221997261047363,12.198405265808105,11.855158805847168,0.01399063877761364,110.94891357421875,-0.06655239313840866
227599,2,8.444581031799316,11.858112335205078,11.644028663635254,-0.029498618096113205,111.14669799804688,-0.03678368777036667
227619,2,7.639893054962158,11.481637001037598,11.893136978149414,-0.1706458479166031,111.36636352539062,-0.07080484181642532
227639,2,6.800877094268799,11.077842712402344,10.899681091308594,-0.07246007025241852,111.54220581054688,-0.058047495782375336
227659,2,5.932004928588867,10.636502265930176,10.17061710357666,-0.031441181898117065,111.71792602539062,-0.03976039960980415
227679,2,5.529519557952881,10.165371894836426,10.568689346313477,-0.1961839497089386,111.89376831054688,-0.09036611020565033
227699,2,4.627624988555908,9.657804489135742,9.466066360473633,-0.09299900382757187,112.02555847167969,-0.04911578819155693
227719,2,3.7161214351654053,9.120816230773926,8.945195198059082,-0.1051914244890213,112.17953491210938,-0.019348643720149994
227739,2,2.775219202041626,8.559531211853027,8.046754837036133,-0.04315609484910965,112.33329772949219,0.04188818857073784
227759,2,1.8257648944854736,7.970541477203369,8.253783226013184,-0.21535690128803253,112.44313049316406,-0.10567492991685867
227779,2,1.3865413665771484,7.360208511352539,7.345061779022217,-0.1493133157491684,112.53109741210938,-0.0980205163359642
227799,2,0.44190508127212524,6.722139358520508,6.895094871520996,-0.20050232112407684,112.61897277832031,-0.13884402811527252
227819,2,-0.5063374638557434,6.063619136810303,5.996807098388672,-0.16274578869342804,112.72879028320312,-0.10397394746541977
227839,2,-1.4792042970657349,5.394161224365234,5.254818916320801,-0.15637622773647308,112.79469299316406,-0.06782812625169754
227859,2,-2.443955421447754,4.6963300704956055,4.3490095138549805,-0.1190527006983757,112.860595703125,-0.044012852013111115
227879,2,-2.888453483581543,3.9909582138061523,3.4921774864196777,-0.07285945862531662,112.90463256835938,-0.09291758388280869
227899,2,-3.8284618854522705,3.267291307449341,3.6572794914245605,-0.2552768588066101,112.94856262207031,-0.10950213670730591
227919,2,-4.755407333374023,2.5326812267303467,3.5495290756225586,-0.3933694362640381,112.94856262207031,-0.21794115006923676
227939,2,-5.659148216247559,1.7980543375015259,2.6941232681274414,-0.38525518774986267,112.92660522460938,-0.25366172194480896
227959,2,-6.570085525512695,1.0470348596572876,1.8201895952224731,-0.3771006166934967,112.92660522460938,-0.2762012779712677
227979,2,-6.978945255279541,0.298360139131546,0.8544438481330872,-0.3291770815849304,112.90463256835938,-0.2872576415538788
227999,2,-7.830462455749512,-0.4570590853691101,-0.03711038827896118,-0.3180444538593292,112.860595703125,-0.33531031012535095
228019,2,-8.652813911437988,-1.2116034030914307,-0.6408098936080933,-0.35597726702690125,112.81666564941406,-0.2659938335418701
228039,2,-9.455073356628418,-1.9600156545639038,-1.8424921035766602,-0.272696316242218,112.75076293945312,-0.22644604742527008
228059,2,-10.21458911895752,-2.708190679550171,-2.0602316856384277,-0.3896566331386566,112.64093017578125,-0.3455162048339844
228079,2,-10.573235511779785,-3.44340443611145,-3.2684221267700195,-0.2873927354812622,112.57504272460938,-0.2825799584388733
228099,2,-11.282904624938965,-4.174360275268555,-3.785675048828125,-0.3375052213668823,112.46510314941406,-0.33190834522247314
228119,2,-11.94784927368164,-4.893916130065918,-4.421259880065918,-0.3571823537349701,112.37722778320312,-0.2796032428741455
228139,2,-12.561925888061523,-5.596406936645508,-5.332432270050049,-0.3117690682411194,112.24543762207031,-0.19200120866298676
228159,2,-13.148003578186035,-6.283298492431641,-5.359762191772461,-0.4406742751598358,112.09156799316406,-0.2039080709218979
228179,2,-13.391831398010254,-6.950761318206787,-5.751160621643066,-0.47951191663742065,111.95965576171875,-0.22942276298999786
228199,2,-13.895256042480469,-7.60118293762207,-7.106272220611572,-0.3417063355445862,111.761962890625,-0.2655685842037201
228219,2,-14.34263801574707,-8.22937297821045,-7.310801029205322,-0.4238108992576599,111.60809326171875,-0.26982104778289795
228239,2,-14.740211486816406,-8.829652786254883,-8.01950454711914,-0.407332181930542,111.410400390625,-0.3455162048339844
228259,2,-15.080697059631348,-9.406221389770508,-7.987835884094238,-0.5345408916473389,111.21261596679688,-0.4229123294353485
228279,2,-15.215841293334961,-9.954085350036621,-7.846978187561035,-0.6723938584327698,111.01492309570312,-0.4633105993270874
228299,2,-15.467353820800781,-10.473729133605957,-9.546266555786133,-0.44753310084342957,110.79513549804688,-0.40930449962615967
228319,2,-15.661093711853027,-10.961750030517578,-10.790809631347656,-0.29070714116096497,110.57537841796875,-0.2366519272327423
228339,2,-15.796199798583984,-11.415475845336914,-11.676630973815918,-0.19498084485530853,110.31179809570312,-0.22729654610157013
228359,2,-15.865625381469727,-11.83566951751709,-11.514602661132812,-0.2973974347114563,110.09201049804688,-0.21283821761608124
228379,2,-15.883968353271484,-12.220355033874512,-11.586088180541992,-0.349813848733902,109.80633544921875,-0.25663843750953674
228399,2,-15.871681213378906,-12.568278312683105,-11.501189231872559,-0.4270809590816498,109.58657836914062,-0.254086971282959
228419,2,-15.800614356994629,-12.877735137939453,-12.0789794921875,-0.3598999083042145,109.301025390625,-0.2170906662940979
228439,2,-15.66847038269043,-13.147695541381836,-13.172956466674805,-0.18260236084461212,108.993408203125,-0.20135660469532013
228459,2,-15.498199462890625,-13.377196311950684,-13.868791580200195,-0.06956741958856583,108.70773315429688,-0.07505729049444199
228479,2,-15.248785018920898,-13.56689739227295,-12.805574417114258,-0.30123552680015564,108.53201293945312,-0.1686127483844757
228499,2,-14.949041366577148,-13.713617324829102,-15.150055885314941,0.1560482382774353,108.15835571289062,0.019348643720149994
228519,2,-14.773763656616211,-13.82097339630127,-12.001558303833008,-0.4912112355232239,108.00460815429688,-0.2727993130683899
228539,2,-14.38122272491455,-13.883132934570312,-12.577845573425293,-0.3601146936416626,107.60910034179688,-0.061449456959962845
228559,2,-13.934825897216797,-13.901959419250488,-15.44694995880127,0.20198504626750946,107.25753784179688,-0.1158808097243309
228579,2,-13.4298095703125,-13.882259368896484,-11.07982063293457,-0.6261504888534546,107.125732421875,-0.11503031849861145
228599,2,-12.86495304107666,-13.816411972045898,-17.189342498779297,0.6086063385009766,106.57638549804688,-0.02317584864795208
228619,2,-12.583541870117188,-13.709481239318848,-11.005331039428711,-0.594415545463562,106.53244018554688,-0.2562131881713867
228639,2,-11.947717666625977,-13.555845260620117,-14.521307945251465,0.16279852390289307,106.04898071289062,0.11290409415960312
228659,2,-11.269829750061035,-13.359281539916992,-11.740391731262207,-0.34719809889793396,105.96099853515625,-0.19242645800113678
228679,2,-10.540677070617676,-13.12756633758545,-14.280146598815918,0.2408028095960617,105.56552124023438,0.13714461028575897
228699,2,-9.778653144836426,-12.854083061218262,-14.936443328857422,0.4344095289707184,105.27996826171875,0.05379504710435867
228719,2,-9.042123794555664,-12.533215522766113,-12.026381492614746,-0.05380506440997124,105.14804077148438,0.07548253983259201
228739,2,-8.657532691955566,-12.178600311279297,-11.97087574005127,0.013003803789615631,104.88433837890625,0.12183423340320587
228759,2,-7.811529636383057,-11.781143188476562,-11.39681625366211,0.003495036857202649,104.66470336914062,0.1439485400915146
228779,2,-6.923601150512695,-11.346120834350586,-11.72606372833252,0.18631844222545624,104.4229736328125,0.2187916487455368
228799,2,-6.083077907562256,-10.873173713684082,-11.703868865966797,0.30096861720085144,104.18121337890625,0.2315489947795868
228819,2,-5.134171962738037,-10.370591163635254,-11.00961685180664,0.2985456883907318,103.9835205078125,0.3148985505104065
228839,2,-4.172432899475098,-9.829803466796875,-10.314784049987793,0.29709625244140625,103.78573608398438,0.2923605740070343
228859,2,-3.7270901203155518,-9.26550006866455,-9.186638832092285,0.1891413927078247,103.6539306640625,0.25621476769447327
228879,2,-2.741454839706421,-8.66603946685791,-8.129443168640137,0.12113317102193832,103.50018310546875,0.2332499772310257
228899,2,-1.7333605289459229,-8.037820816040039,-7.557444095611572,0.14841733872890472,103.36825561523438,0.1686127483844757
228919,2,-0.7107842564582825,-7.391236305236816,-5.800232410430908,-0.05918772146105766,103.25845336914062,0.11460506916046143
228939,2,0.27259722352027893,-6.711036205291748,-5.339933395385742,-0.015284499153494835,103.12652587890625,0.02317584864795208
228959,2,0.7831021547317505,-6.016726493835449,-5.788107395172119,0.19031187891960144,103.06063842773438,0.030831821262836456
228979,2,1.8810759782791138,-5.296083450317383,-5.016008377075195,0.18982288241386414,102.9947509765625,0.10227297246456146
228999,2,2.906202554702759,-4.566505432128906,-3.667740821838379,0.07075024396181107,102.9508056640625,0.042313434183597565
229019,2,3.92619252204895,-3.813983201980591,-3.08612322807312,0.10699588060379028,102.90689086914062,0.08228645473718643
229039,2,4.373581886291504,-3.05135440826416,-2.2144935131073,0.06547344475984573,102.88491821289062,0.11503031849861145
229059,2,5.349959850311279,-2.2726757526397705,-2.2784247398376465,0.23135361075401306,102.84097290039062,0.08441267907619476
229079,2,6.306036949157715,-1.485440969467163,-1.0398755073547363,0.1441972851753235,102.86294555664062,0.09206709265708923
229099,2,7.144423007965088,-0.6913470029830933,-0.5102512240409851,0.19278204441070557,102.86294555664062,0.1286381483078003
229119,2,8.134147644042969,0.09783435612916946,0.18559882044792175,0.2196953445672989,102.88491821289062,0.1813700944185257
229139,2,8.565508842468262,0.8877109289169312,0.9133428335189819,0.2171657830476761,102.90689086914062,0.20348282158374786
229159,2,9.419256210327148,1.6815623044967651,1.3301992416381836,0.29971957206726074,102.9508056640625,0.2664206326007843
229179,2,10.254899978637695,2.471665143966675,2.435790538787842,0.24140867590904236,102.9947509765625,0.2217683643102646
229199,2,11.045677185058594,3.2520251274108887,2.5647830963134766,0.37821078300476074,103.08261108398438,0.31234708428382874
229219,2,11.758984565734863,4.02598237991333,2.416091203689575,0.5703290104866028,103.14862060546875,0.37358391284942627
229239,2,12.115436553955078,4.782633304595947,3.2285561561584473,0.5570765137672424,103.23648071289062,0.35402265191078186
229259,2,12.77974796295166,5.529727458953857,3.719223737716675,0.6240447163581848,103.3463134765625,0.4467260539531708
229279,2,13.405715942382812,6.260010719299316,4.166507720947266,0.7010861039161682,103.47808837890625,0.5432581901550293
229299,2,13.978827476501465,6.966159343719482,4.936905860900879,0.7063018679618835,103.6319580078125,0.5083881616592407
229319,2,14.498905181884766,7.654649257659912,6.495965003967285,0.5453003644943237,103.78573608398438,0.444174587726593
229339,2,14.715859413146973,8.318603515625,7.33721923828125,0.5069642663002014,103.96157836914062,0.45097851753234863
229359,2,15.143332481384277,8.959217071533203,8.81972885131836,0.34335339069366455,104.13729858398438,0.365929514169693
229379,2,15.511445999145508,9.571603775024414,9.260936737060547,0.375163197517395,104.3570556640625,0.33871227502822876
229399,2,15.818854331970215,10.151164054870605,9.066339492797852,0.5279709696769714,104.57684326171875,0.37656062841415405
229419,2,16.06451988220215,10.700899124145508,9.860541343688965,0.474187970161438,104.81845092773438,0.33063262701034546
229439,2,16.153491973876953,11.2164945602417,10.625974655151367,0.4133618175983429,105.0821533203125,0.3114966154098511
229459,2,16.311784744262695,11.697514533996582,10.985416412353516,0.4305688440799713,105.34585571289062,0.32382869720458984
229479,2,16.38734245300293,12.14087963104248,12.094600677490234,0.29184406995773315,105.63153076171875,0.3034169375896454
229499,2,16.395404815673828,12.545757293701172,13.424849510192871,0.08824501931667328,105.89511108398438,0.14182230830192566
229519,2,16.376163482666016,12.910977363586426,14.05201530456543,0.018831921741366386,106.1807861328125,0.1732904314994812
229539,2,16.287370681762695,13.234580993652344,12.758781433105469,0.3179912269115448,106.42251586914062,0.15755636990070343
229559,2,16.13209342956543,13.515493392944336,13.627152442932129,0.17870374023914337,106.68621826171875,0.12948864698410034
229579,2,15.911225318908691,13.754779815673828,13.927913665771484,0.1608876883983612,106.94992065429688,0.21326346695423126
229599,2,15.655206680297852,13.949161529541016,12.564457893371582,0.4304565191268921,107.125732421875,0.07080484181642532
229619,2,15.317036628723145,14.096421241760254,14.91663646697998,-0.011635400354862213,107.47732543945312,0.1354420781135559
229639,2,15.12017822265625,14.201117515563965,13.68619441986084,0.21592779457569122,107.69696044921875,-0.018923399969935417
229659,2,14.683971405029297,14.25680923461914,15.613426208496094,-0.16421589255332947,108.07049560546875,0.044439658522605896
229679,2,14.18039321899414,14.265482902526855,11.830024719238281,0.5532554388046265,108.224365234375,0.11630605161190033
229699,2,13.630376815795898,14.232731819152832,17.34418296813965,-0.556338906288147,108.75164794921875,-0.022325359284877777
229719,2,13.007890701293945,14.15321159362793,11.294594764709473,0.5960714221000671,108.75164794921875,0.10524968057870865
229739,2,12.68397045135498,14.025355339050293,15.818069458007812,-0.34443414211273193,109.257080078125,-0.14437222480773926
229759,2,11.93651294708252,13.848320960998535,13.99011516571045,-0.028592798858880997,109.43283081054688,0.09759527444839478
229779,2,11.25981616973877,13.624320030212402,11.499229431152344,0.3905906081199646,109.58657836914062,0.00956801138818264
229799,2,10.452750205993652,13.362815856933594,13.389294624328613,-0.047464583069086075,109.96023559570312,0.06485141813755035
229819,2,9.614648818969727,13.052492141723633,12.596951484680176,0.04619734734296799,110.20184326171875,0.17116421461105347
229839,2,9.21060848236084,12.701805114746094,9.845680236816406,0.5099726319313049,110.42160034179688,0.03125706687569618
229859,2,8.327159881591797,12.304526329040527,13.816162109375,-0.3578389585018158,110.81710815429688,-0.026152562350034714
229879,2,7.385212421417236,11.865742683410645,9.042526245117188,0.48012644052505493,110.88299560546875,0.04656588286161423
229899,2,6.406152248382568,11.390761375427246,12.910751342773438,-0.39986953139305115,111.30047607421875,-0.13076438009738922
229919,2,5.40436315536499,10.877717971801758,10.727178573608398,-0.07885956019163132,111.410400390625,0.049967844039201736
229939,2,4.926100730895996,10.329005241394043,9.459654808044434,0.06674333661794662,111.56417846679688,-0.04996627941727638
229959,2,3.9218711853027344,9.741002082824707,9.48750114440918,-0.0678100436925888,111.783935546875,-0.056771762669086456
229979,2,2.877415418624878,9.119982719421387,9.291089057922363,-0.17467132210731506,111.95965576171875,-0.17456616461277008
229999,2,1.8037760257720947,8.477709770202637,9.7249116897583,-0.41494154930114746,112.135498046875,-0.2574889361858368
230019,2,0.7129228711128235,7.803630352020264,7.978253364562988,-0.22526437044143677,112.31134033203125,-0.15925578773021698
230039,2,-0.25947776436805725,7.095529556274414,7.524484157562256,-0.2959238290786743,112.46510314941406,-0.2732245624065399
230059,2,-0.8498467803001404,6.366814613342285,6.779514789581299,-0.29239851236343384,112.59700012207031,-0.2557879388332367
230079,2,-1.9241119623184204,5.610899925231934,6.464170932769775,-0.40030232071876526,112.70683288574219,-0.26344236731529236
230099,2,-2.9910831451416016,4.845394611358643,5.350845813751221,-0.3513655662536621,112.79469299316406,-0.2515355050563812
230119,2,-4.060087203979492,4.056536674499512,4.183621406555176,-0.29135194420814514,112.860595703125,-0.22304409742355347
230139,2,-4.556421279907227,3.255234479904175,3.1589102745056152,-0.23314456641674042,112.90463256835938,-0.17073896527290344
230159,2,-5.567523956298828,2.4373581409454346,2.5821642875671387,-0.2901930809020996,112.92660522460938,-0.22006738185882568
230179,2,-6.579981327056885,1.6098898649215698,1.9782148599624634,-0.34572842717170715,112.92660522460938,-0.24090437591075897
230199,2,-7.489368438720703,0.778007447719574,0.8599589467048645,-0.2928221821784973,112.92660522460938,-0.2187916487455368
230219,2,-8.4370698928833,-0.051828838884830475,-0.33509618043899536,-0.22845228016376495,112.90463256835938,-0.22602081298828125
230239,2,-9.354194641113281,-0.8831780552864075,-0.019732773303985596,-0.4648721516132355,112.860595703125,-0.29831400513648987
230259,2,-10.15682601928711,-1.7205498218536377,-1.0591000318527222,-0.4280701279640198,112.81666564941406,-0.2974635064601898
230279,2,-10.567633628845215,-2.5472912788391113,-1.9614129066467285,-0.3981991708278656,112.77273559570312,-0.2604656517505646
230299,2,-11.391312599182129,-3.371812582015991,-2.906609535217285,-0.3831769824028015,112.68486022949219,-0.34041327238082886
230319,2,-12.180855751037598,-4.1823201179504395,-3.453986644744873,-0.44053375720977783,112.57504272460938,-0.2693957984447479
230339,2,-12.906394004821777,-4.976927280426025,-4.20667839050293,-0.45597904920578003,112.46510314941406,-0.3552968204021454
230359,2,-13.580276489257812,-5.762763023376465,-4.633128643035889,-0.5332549214363098,112.33329772949219,-0.37740957736968994
230379,2,-13.90031623840332,-6.525335788726807,-6.130846977233887,-0.3740255534648895,112.22346496582031,-0.2876828908920288
230399,2,-14.486739158630371,-7.270899772644043,-7.233746528625488,-0.299333781003952,112.09156799316406,-0.25663843750953674
230419,2,-15.02793025970459,-7.992696762084961,-8.289693832397461,-0.22285141050815582,111.95965576171875,-0.1830710768699646
230439,2,-15.500800132751465,-8.684099197387695,-8.91772747039795,-0.22402670979499817,111.783935546875,-0.15202662348747253
230459,2,-15.905210494995117,-9.349796295166016,-9.083756446838379,-0.3092956840991974,111.63006591796875,-0.20050610601902008
230479,2,-16.08002471923828,-9.983807563781738,-9.069719314575195,-0.4192899763584137,111.476318359375,-0.21794115006923676
230499,2,-16.387237548828125,-10.587114334106445,-8.924919128417969,-0.5638601183891296,111.25653076171875,-0.3314831256866455
230519,2,-16.627838134765625,-11.154925346374512,-9.58753776550293,-0.5424444079399109,111.080810546875,-0.310646116733551
230539,2,-16.798879623413086,-11.683951377868652,-9.474617958068848,-0.6729732751846313,110.83908081054688,-0.41398218274116516
230559,2,-16.896623611450195,-12.174647331237793,-10.842357635498047,-0.5035796761512756,110.57537841796875,-0.38804224133491516
230579,2,-16.917037963867188,-12.625192642211914,-11.200582504272461,-0.5225377082824707,110.333740234375,-0.4114307165145874
230599,2,-16.909643173217773,-13.03348445892334,-11.254898071289062,-0.5956007242202759,110.09201049804688,-0.40930449962615967
230619,2,-16.828706741333008,-13.39759349822998,-12.204301834106445,-0.4764222502708435,109.82830810546875,-0.39612191915512085
230639,2,-16.672658920288086,-13.716915130615234,-11.87932300567627,-0.5975818634033203,109.58657836914062,-0.33531031012535095
230659,2,-16.455101013183594,-13.988924980163574,-13.101656913757324,-0.40155330300331116,109.279052734375,-0.3251044452190399
230679,2,-16.31943130493164,-14.215709686279297,-13.728046417236328,-0.31670454144477844,108.971435546875,-0.28045371174812317
230699,2,-15.995731353759766,-14.392374992370605,-14.288360595703125,-0.22360174357891083,108.66378784179688,-0.24005389213562012
230719,2,-15.58413028717041,-14.52125072479248,-14.877470016479492,-0.11219649761915207,108.31222534179688,-0.1499004065990448
230739,2,-15.134465217590332,-14.602486610412598,-15.452653884887695,0.005032946355640888,108.00460815429688,-0.133741095662117
230759,2,-14.586097717285156,-14.631476402282715,-13.346019744873047,-0.3881022036075592,107.80679321289062,-0.1686127483844757
230779,2,-14.317913055419922,-14.611543655395508,-16.358592987060547,0.20968493819236755,107.34539794921875,-0.09844576567411423
230799,2,-13.692538261413574,-14.538201332092285,-11.771336555480957,-0.644594669342041,107.213623046875,-0.11205360293388367
230819,2,-13.009143829345703,-14.414475440979004,-18.307531356811523,0.6861515641212463,106.66424560546875,0.055921271443367004
230839,2,-12.262429237365723,-14.243995666503906,-11.362914085388184,-0.6178727149963379,106.64227294921875,-0.08398743718862534
230859,2,-11.458834648132324,-14.023481369018555,-15.739330291748047,0.32549622654914856,106.1368408203125,0.12140899151563644
230879,2,-11.076373100280762,-13.757153511047363,-15.015504837036133,0.23050890862941742,105.87313842773438,-0.03125550225377083
230899,2,-10.204765319824219,-13.437703132629395,-13.509312629699707,0.020469162613153458,105.67544555664062,0.004039826802909374
230919,2,-9.281355857849121,-13.075885772705078,-13.166579246520996,0.06487758457660675,105.4117431640625,0.19497792422771454
230939,2,-8.322751998901367,-12.671647071838379,-13.727397918701172,0.2913006842136383,105.14804077148438,0.23239947855472565
230959,2,-7.322259426116943,-12.212883949279785,-12.769275665283203,0.22943861782550812,104.86239624023438,0.2485603541135788
230979,2,-6.850275039672852,-11.719991683959961,-12.297906875610352,0.24217398464679718,104.62075805664062,0.22389458119869232
230999,2,-5.799455642700195,-11.179547309875488,-10.92980670928955,0.1086282879114151,104.4010009765625,0.19837988913059235
231019,2,-4.722833156585693,-10.599186897277832,-10.316751480102539,0.12770088016986847,104.18121337890625,0.2009313553571701
231039,2,-3.6272048950195312,-9.990487098693848,-10.063032150268555,0.22522170841693878,103.9835205078125,0.20773527026176453
231059,2,-2.527916431427002,-9.340320587158203,-9.949661254882812,0.35519716143608093,103.80770874023438,0.22091786563396454
231079,2,-1.9906634092330933,-8.660747528076172,-8.97939682006836,0.2949775457382202,103.6539306640625,0.1975293904542923
231099,2,-0.8714972138404846,-7.943460464477539,-8.112963676452637,0.28437477350234985,103.52212524414062,0.22134311497211456
231119,2,0.26837989687919617,-7.197129249572754,-7.732529163360596,0.38055670261383057,103.43417358398438,0.28343042731285095
231139,2,1.4247848987579346,-6.4347124099731445,-6.944717884063721,0.3957556188106537,103.3463134765625,0.26854684948921204
231159,2,2.5606465339660645,-5.641268253326416,-4.734402656555176,0.12883277237415314,103.2803955078125,0.17584191262722015
231179,2,3.0773630142211914,-4.830663204193115,-3.6180450916290283,0.04706364497542381,103.23648071289062,0.12098374962806702
231199,2,4.203062057495117,-3.9954254627227783,-3.096539258956909,0.10833898931741714,103.17056274414062,0.05634651705622673
231219,2,5.290733337402344,-3.1451284885406494,-2.273449182510376,0.1116933524608612,103.14862060546875,0.05209406837821007
231239,2,6.36386251449585,-2.2885687351226807,-1.8245723247528076,0.19339041411876678,103.14862060546875,0.10822639614343643
231259,2,7.318240642547607,-1.4231053590774536,-1.0433158874511719,0.2082635760307312,103.14862060546875,0.16776224970817566
231279,2,8.340494155883789,-0.544553816318512,-0.6614334583282471,0.3125169277191162,103.17056274414062,0.1975293904542923
231299,2,8.833492279052734,0.32967981696128845,0.42313408851623535,0.25587862730026245,103.21450805664062,0.22942276298999786
231319,2,9.799254417419434,1.21049964427948,1.8357127904891968,0.14822734892368317,103.21450805664062,0.12906339764595032
231339,2,10.727559089660645,2.088225841522217,1.9137613773345947,0.3046107590198517,103.25845336914062,0.1686127483844757
231359,2,11.610272407531738,2.950634241104126,1.9304957389831543,0.47573113441467285,103.3243408203125,0.25621476769447327
231379,2,12.443148612976074,3.8132104873657227,2.9612045288085938,0.4494699239730835,103.39022827148438,0.3119218349456787
231399,2,12.835994720458984,4.65733528137207,3.638272762298584,0.47382301092147827,103.47808837890625,0.36210229992866516
231419,2,13.588855743408203,5.49127721786499,4.608865261077881,0.4556021988391876,103.58804321289062,0.34849292039871216
231439,2,14.283632278442383,6.306581497192383,4.487788677215576,0.6554145812988281,103.71981811523438,0.4884016215801239
231459,2,14.928420066833496,7.098350524902344,5.273849010467529,0.6750480532646179,103.85174560546875,0.5504873991012573
231479,2,15.477410316467285,7.868470191955566,5.982688903808594,0.7010111808776855,103.9835205078125,0.5428329706192017
231499,2,15.731770515441895,8.607366561889648,7.807005405426025,0.4855435788631439,104.18121337890625,0.47649475932121277
231519,2,16.20055389404297,9.32034683227539,8.53624153137207,0.48721447587013245,104.3570556640625,0.4641626477241516
231539,2,16.59568977355957,10.000950813293457,8.819032669067383,0.5654078125953674,104.53277587890625,0.4067530333995819
231559,2,16.94301414489746,10.64424991607666,10.853294372558594,0.28559476137161255,104.7745361328125,0.33233359456062317
231579,2,17.07118034362793,11.251120567321777,10.89212417602539,0.3836347758769989,104.97232055664062,0.31447333097457886
231599,2,17.273908615112305,11.820355415344238,11.622296333312988,0.34251144528388977,105.21395874023438,0.2987392544746399
231619,2,17.40219497680664,12.348006248474121,11.576403617858887,0.4441123306751251,105.4556884765625,0.28172945976257324
231639,2,17.45130729675293,12.83177661895752,13.074654579162598,0.22521695494651794,105.69741821289062,0.18392156064510345
231659,2,17.422374725341797,13.270905494689941,12.857275009155273,0.33126300573349,105.96099853515625,0.163509801030159
231679,2,17.38164710998535,13.663594245910645,12.88414192199707,0.3877074718475342,106.24667358398438,0.20603430271148682
231699,2,17.23586082458496,14.007194519042969,13.364096641540527,0.3395930230617523,106.510498046875,0.15628063678741455
231719,2,17.015625,14.300750732421875,13.551937103271484,0.3403700888156891,106.796142578125,0.16733700037002563
231739,2,16.71611976623535,14.544512748718262,14.467230796813965,0.19291910529136658,107.147705078125,0.2676963806152344
231759,2,16.333866119384766,14.736474990844727,15.008343696594238,0.10765141993761063,107.43325805664062,0.1992303729057312
231779,2,16.134458541870117,14.876871109008789,15.030940055847168,0.11833056062459946,107.69696044921875,0.10482443869113922
231799,2,15.652913093566895,14.961536407470703,12.755194664001465,0.5634519457817078,107.916748046875,0.22134311497211456
231819,2,15.090923309326172,14.991877555847168,15.064949989318848,0.090212881565094,108.29025268554688,0.11375458538532257
231839,2,14.48086166381836,14.971148490905762,13.820086479187012,0.31985118985176086,108.46600341796875,0.19837988913059235
231859,2,13.792613983154297,14.896060943603516,15.108800888061523,0.014193898998200893,108.83953857421875,-0.052092503756284714
231879,2,13.42662525177002,14.769739151000977,14.64030647277832,0.09786234050989151,109.08126831054688,0.2136887013912201
231899,2,12.638776779174805,14.584455490112305,12.481701850891113,0.4370496869087219,109.301025390625,-0.03210599347949028
231919,2,11.795833587646484,14.345781326293945,18.42482566833496,-0.791325569152832,109.85028076171875,-0.05634651705622673
231939,2,10.88597583770752,14.057992935180664,10.74504280090332,0.6434821486473083,109.80633544921875,0.163509801030159
231959,2,9.964470863342285,13.714442253112793,14.656113624572754,-0.23037229478359222,110.24578857421875,-0.11162836104631424
231979,2,9.482527732849121,13.329522132873535,14.563460350036621,-0.27811285853385925,110.46554565429688,0.022750603035092354
231999,2,8.463804244995117,12.888794898986816,12.256758689880371,0.06873303651809692,110.66336059570312,0.006166051607578993
232019,2,7.397621154785156,12.400022506713867,11.877251625061035,0.01456005871295929,110.88299560546875,-0.159681037068367
232039,2,6.302093505859375,11.869382858276367,11.962577819824219,-0.13863618671894073,111.124755859375,-0.17626714706420898
232059,2,5.200913429260254,11.289545059204102,11.570322036743164,-0.20139583945274353,111.388427734375,-0.14437222480773926
232079,2,4.166131973266602,10.665167808532715,11.286063194274902,-0.28828689455986023,111.63006591796875,-0.14862467348575592
232099,2,3.6030733585357666,10.013908386230469,10.152202606201172,-0.19131311774253845,111.805908203125,-0.133741095662117
232119,2,2.439485549926758,9.317774772644043,9.912396430969238,-0.30642005801200867,112.00360107421875,-0.21964213252067566
232139,2,1.2290215492248535,8.58603572845459,9.11531925201416,-0.3181314170360565,112.17953491210938,-0.2379276603460312
232159,2,0.11628765612840652,7.826112747192383,8.70618724822998,-0.40726229548454285,112.31134033203125,-0.22091786563396454
232179,2,-1.0678448677062988,7.038753509521484,6.957278728485107,-0.2402387112379074,112.44313049316406,-0.2523860037326813
232199,2,-2.2028965950012207,6.216315269470215,5.307532787322998,-0.08929026871919632,112.53109741210938,-0.17243994772434235
232219,2,-2.7984516620635986,5.380439281463623,4.671504974365234,-0.11241666227579117,112.64093017578125,-0.13289059698581696
232239,2,-3.987172842025757,4.514761447906494,3.9331772327423096,-0.1460132747888565,112.72879028320312,-0.12438570708036423
232259,2,-5.140856742858887,3.6316978931427,3.347972869873047,-0.21286335587501526,112.77273559570312,-0.1562790721654892
232279,2,-6.299859046936035,2.7442727088928223,2.6929798126220703,-0.27026107907295227,112.79469299316406,-0.20858576893806458
232299,2,-7.431420803070068,1.8376679420471191,1.9293326139450073,-0.305423766374588,112.838623046875,-0.19880513846874237
232319,2,-7.940437316894531,0.9259552359580994,0.6148235201835632,-0.2078244388103485,112.81666564941406,-0.21156248450279236
232339,2,-9.001252174377441,0.0040159705094993114,-0.5430463552474976,-0.16623450815677643,112.81666564941406,-0.1975293904542923
232359,2,-10.030381202697754,-0.9190714359283447,-0.8944575190544128,-0.2790670692920685,112.81666564941406,-0.17243994772434235
232379,2,-11.01306438446045,-1.8355029821395874,-0.8894372582435608,-0.47164666652679443,112.75076293945312,-0.33531031012535095
232399,2,-11.861268043518066,-2.7462356090545654,-2.2497947216033936,-0.38702043890953064,112.70683288574219,-0.284706175327301
232419,2,-12.74655818939209,-3.6546132564544678,-2.566155433654785,-0.5104793310165405,112.66290283203125,-0.32552969455718994
232439,2,-13.156267166137695,-4.543684482574463,-2.92855167388916,-0.6119376420974731,112.53109741210938,-0.4369454085826874
232459,2,-13.965353012084961,-5.422714710235596,-4.133281707763672,-0.5625959038734436,112.44313049316406,-0.4662873148918152
232479,2,-14.702921867370605,-6.283383369445801,-5.561996936798096,-0.4629756510257721,112.28936767578125,-0.4484270215034485
232499,2,-15.356096267700195,-7.11474084854126,-5.8644304275512695,-0.5742570161819458,112.135498046875,-0.4603338837623596
232519,2,-15.910008430480957,-7.923617839813232,-7.090458869934082,-0.49115023016929626,112.00360107421875,-0.36762893199920654
232539,2,-16.437471389770508,-8.708189964294434,-7.911224842071533,-0.4851362109184265,111.805908203125,-0.39442092180252075
232559,2,-16.673492431640625,-9.457472801208496,-8.57983112335205,-0.4892602562904358,111.63006591796875,-0.38464030623435974
232579,2,-17.092985153198242,-10.175491333007812,-8.65068244934082,-0.6193442344665527,111.410400390625,-0.43354347348213196
232599,2,-17.437589645385742,-10.856311798095703,-9.909147262573242,-0.5046727061271667,111.19064331054688,-0.4020753502845764
232619,2,-17.697317123413086,-11.494813919067383,-10.328856468200684,-0.5478869676589966,110.94891357421875,-0.4305667579174042
232639,2,-17.878324508666992,-12.093050956726074,-11.683562278747559,-0.39338529109954834,110.66336059570312,-0.34849292039871216
232659,2,-17.933570861816406,-12.646811485290527,-12.34339714050293,-0.3534402549266815,110.42160034179688,-0.23367521166801453
232679,2,-17.9879093170166,-13.154390335083008,-12.58041763305664,-0.3911305367946625,110.13595581054688,-0.2579141855239868
232699,2,-17.95956039428711,-13.61302375793457,-13.247041702270508,-0.3303479254245758,109.85028076171875,-0.2349509447813034
232719,2,-17.8455810546875,-14.021564483642578,-12.721359252929688,-0.4959507882595062,109.56460571289062,-0.22219359874725342
232739,2,-17.64200210571289,-14.377859115600586,-13.641365051269531,-0.36049115657806396,109.257080078125,-0.16946323215961456
232759,2,-17.523136138916016,-14.681560516357422,-13.726886749267578,-0.3848646283149719,108.971435546875,-0.12948864698410034
232779,2,-17.200347900390625,-14.928629875183105,-15.191179275512695,-0.11945278942584991,108.619873046875,-0.11630605161190033
232799,2,-16.802288055419922,-15.119586944580078,-14.22586727142334,-0.3330553472042084,108.40008544921875,-0.2043333202600479
232819,2,-16.311004638671875,-15.255610466003418,-14.893747329711914,-0.1885216236114502,108.04852294921875,-0.016797175630927086
232839,2,-15.768669128417969,-15.331867218017578,-16.147703170776367,0.04722681641578674,107.74090576171875,-0.19880513846874237
232859,2,-15.45509147644043,-15.35517406463623,-13.377315521240234,-0.46748557686805725,107.521240234375,-0.040610890835523605
232879,2,-14.791053771972656,-15.316299438476562,-19.97600555419922,0.8654669523239136,107.03778076171875,0.15117770433425903
232899,2,-14.031255722045898,-15.218031883239746,-14.335407257080078,-0.19725851714611053,106.94992065429688,-0.02445158362388611
232919,2,-13.212669372558594,-15.068401336669922,-14.948564529418945,0.006585091818124056,106.64227294921875,0.18051959574222565
232939,2,-12.358373641967773,-14.853595733642578,-14.912260055541992,0.06882186979055405,106.37857055664062,0.07463204860687256
232959,2,-11.910327911376953,-14.590045928955078,-15.805442810058594,0.31043916940689087,106.07095336914062,0.12481094896793365
232979,2,-10.959436416625977,-14.265252113342285,-15.331274032592773,0.3128677308559418,105.8292236328125,0.11630605161190033
232999,2,-9.943196296691895,-13.885625839233398,-14.630814552307129,0.27481821179389954,105.52157592773438,0.05081833153963089
233019,2,-8.874814987182617,-13.451720237731934,-13.278034210205078,0.11743246018886566,105.30191040039062,0.04826686158776283
233039,2,-7.758367538452148,-12.969399452209473,-12.867623329162598,0.1537354290485382,105.0601806640625,0.07293106615543365
233059,2,-6.688834190368652,-12.436366081237793,-11.826369285583496,0.07067269086837769,104.84042358398438,0.04826686158776283
233079,2,-6.047650337219238,-11.858144760131836,-11.308982849121094,0.07367516309022903,104.62075805664062,0.013820460066199303
233099,2,-4.857239723205566,-11.22889232635498,-10.595112800598145,0.07362183928489685,104.4229736328125,0.047841619700193405
233119,2,-3.623898983001709,-10.566797256469727,-10.251744270324707,0.1529550850391388,104.22528076171875,0.05081833153963089
233139,2,-2.3579018115997314,-9.84913158416748,-10.320956230163574,0.3256205916404724,104.0494384765625,0.10992737859487534
233159,2,-1.7827861309051514,-9.102755546569824,-9.246517181396484,0.2535357177257538,103.89566040039062,0.1439485400915146
233179,2,-0.5193610787391663,-8.31298828125,-8.465837478637695,0.27636685967445374,103.76376342773438,0.21581493318080902
233199,2,0.7601884603500366,-7.489861011505127,-7.6697540283203125,0.29797226190567017,103.6319580078125,0.16436029970645905
233219,2,2.007553815841675,-6.648148536682129,-5.858523845672607,0.11987242847681046,103.50018310546875,0.1256614476442337
233239,2,3.2920875549316406,-5.766385555267334,-5.528172492980957,0.24348700046539307,103.39022827148438,0.18519729375839233
233259,2,3.860623836517334,-4.871249198913574,-4.986598491668701,0.300766259431839,103.3463134765625,0.2302732616662979
233279,2,5.110419273376465,-3.9484033584594727,-4.2594523429870605,0.3554220199584961,103.2803955078125,0.25451377034187317
233299,2,6.31031608581543,-3.00909686088562,-3.1966428756713867,0.34270375967025757,103.23648071289062,0.25451377034187317
233319,2,7.491000652313232,-2.0680887699127197,-2.2815322875976562,0.3549001216888428,103.19253540039062,0.1783933788537979
233339,2,8.679335594177246,-1.1100082397460938,-1.4450147151947021,0.3913500905036926,103.19253540039062,0.22729654610157013
233359,2,9.186738967895508,-0.14888069033622742,-0.4208279252052307,0.35989826917648315,103.21450805664062,0.2681216299533844
233379,2,10.270049095153809,0.8196830153465271,-0.25010165572166443,0.5281693339347839,103.23648071289062,0.3251044452190399
233399,2,11.316006660461426,1.7867268323898315,1.4347769021987915,0.40037986636161804,103.2803955078125,0.36678001284599304
233419,2,12.297470092773438,2.7431421279907227,1.7471649646759033,0.5343194007873535,103.3243408203125,0.3391375243663788
233439,2,13.231785774230957,3.691652536392212,1.9048705101013184,0.7022373080253601,103.41220092773438,0.4195103645324707
233459,2,13.660889625549316,4.624504089355469,3.151855230331421,0.6363194584846497,103.52212524414062,0.4930793046951294
233479,2,14.495076179504395,5.5463762283325195,4.026840686798096,0.6575984954833984,103.6319580078125,0.4552309513092041
233499,2,15.266890525817871,6.447947025299072,5.363726615905762,0.5792257189750671,103.76376342773438,0.4305667579174042
233519,2,15.981425285339355,7.32313346862793,6.689714431762695,0.4930659234523773,103.91763305664062,0.40122485160827637
233539,2,16.568584442138672,8.173807144165039,7.539911270141602,0.4932957589626312,104.09335327148438,0.4084540009498596
233559,2,16.846939086914062,8.988887786865234,8.095023155212402,0.530045747756958,104.29116821289062,0.3901684880256653
233579,2,17.343128204345703,9.77376651763916,9.024747848510742,0.49783560633659363,104.46688842773438,0.3825140595436096
233599,2,17.75897789001465,10.521317481994629,9.905370712280273,0.46543189883232117,104.7086181640625,0.3476424217224121
233619,2,18.09090232849121,11.225448608398438,10.548566818237305,0.4696684777736664,104.92840576171875,0.3544479012489319
233639,2,18.32185935974121,11.889769554138184,10.533001899719238,0.5961105227470398,105.17001342773438,0.3854907751083374
233659,2,18.40790367126465,12.506874084472656,10.610311508178711,0.6916234493255615,105.4337158203125,0.40930449962615967
233679,2,18.51365089416504,13.076757431030273,12.536273956298828,0.41105222702026367,105.67544555664062,0.309795618057251
233699,2,18.528614044189453,13.595609664916992,12.655498504638672,0.4708319902420044,105.98309326171875,0.25578951835632324
233719,2,18.452421188354492,14.062122344970703,13.093531608581543,0.4571898877620697,106.26864624023438,0.2549390196800232
233739,2,18.285917282104492,14.473695755004883,13.631336212158203,0.41381901502609253,106.57638549804688,0.2749255299568176
233759,2,18.17494010925293,14.830009460449219,14.071767807006836,0.38775014877319336,106.88400268554688,0.32085198163986206
233779,2,17.87773323059082,15.126852989196777,14.5958890914917,0.3187856674194336,107.169677734375,0.1911507248878479
233799,2,17.48593521118164,15.364026069641113,15.225542068481445,0.21853366494178772,107.521240234375,0.16563603281974792
233819,2,17.010133743286133,15.545003890991211,15.76982593536377,0.11693841218948364,107.82888793945312,0.11332933604717255
233839,2,16.454355239868164,15.662118911743164,16.304485321044922,0.00582088204100728,108.13638305664062,0.10652542114257812
233859,2,16.149839401245117,15.719778060913086,13.037686347961426,0.6418168544769287,108.31222534179688,0.1473504900932312
233879,2,15.472921371459961,15.711256980895996,18.896873474121094,-0.5281254053115845,108.81756591796875,0.07633303105831146
233899,2,14.711248397827148,15.639932632446289,12.152709007263184,0.753601610660553,108.88345336914062,0.1830710768699646
233919,2,13.88005542755127,15.513916015625,19.31911849975586,-0.716360330581665,109.54266357421875,-0.04656431823968887
233939,2,12.953889846801758,15.321349143981934,13.331942558288574,0.4069741666316986,109.56460571289062,0.2056090533733368
233959,2,12.502842903137207,15.069785118103027,14.112072944641113,0.17687664926052094,109.89422607421875,-0.08866513520479202
233979,2,11.51172161102295,14.752785682678223,15.301976203918457,-0.13774695992469788,110.20184326171875,-0.004465071950107813
233999,2,10.556890487670898,14.3758544921875,14.58275032043457,-0.09001897275447845,110.46554565429688,0.0010631122859194875
234019,2,9.424055099487305,13.940179824829102,14.040757179260254,-0.09895108640193939,110.729248046875,-0.06570190191268921
234039,2,8.269728660583496,13.45882797241211,13.506729125976562,-0.12486539781093597,110.99282836914062,-0.17116421461105347
234059,2,7.105700969696045,12.913050651550293,13.347033500671387,-0.23044131696224213,111.27850341796875,-0.1499004065990448
234079,2,5.986744403839111,12.311607360839844,12.17422866821289,-0.1439574509859085,111.52023315429688,-0.16818749904632568
234099,2,5.369641304016113,11.673783302307129,11.80929946899414,-0.1964913308620453,111.739990234375,-0.10992737859487534
234119,2,4.093404293060303,10.980400085449219,12.080933570861816,-0.4202362298965454,111.95965576171875,-0.2689705491065979
234139,2,2.766083002090454,10.239482879638672,10.76973819732666,-0.342568039894104,112.135498046875,-0.3038421869277954
234159,2,1.4432936906814575,9.46847152709961,9.76189136505127,-0.3250446021556854,112.31134033203125,-0.2315489947795868
234179,2,0.1083836629986763,8.656829833984375,9.320562362670898,-0.4282335042953491,112.46510314941406,-0.30426743626594543
234199,2,-1.102189302444458,7.801996231079102,8.684218406677246,-0.49725207686424255,112.55307006835938,-0.3510443866252899
234219,2,-1.7041971683502197,6.9195942878723145,6.9429030418396,-0.3217296302318573,112.64093017578125,-0.310646116733551
234239,2,-3.0314173698425293,6.001274108886719,5.472401142120361,-0.2310381680727005,112.72879028320312,-0.2515355050563812
234259,2,-4.344503402709961,5.0569868087768555,4.667110919952393,-0.27530041337013245,112.77273559570312,-0.28172945976257324
234279,2,-5.6388468742370605,4.102970600128174,2.6599762439727783,-0.07181496173143387,112.838623046875,-0.13246536254882812
234299,2,-6.9309163093566895,3.123342752456665,1.9897100925445557,-0.13358892500400543,112.88267517089844,-0.10907688736915588
234319,2,-7.506283283233643,2.1330466270446777,1.7445173263549805,-0.25481098890304565,112.88267517089844,-0.15245187282562256
234339,2,-8.739686965942383,1.1247881650924683,0.667685866355896,-0.2449607253074646,112.860595703125,-0.17371568083763123
234359,2,-9.892702102661133,0.11180143803358078,0.35924622416496277,-0.38462942838668823,112.838623046875,-0.17116421461105347
234379,2,-11.024738311767578,-0.8920615911483765,-0.24443578720092773,-0.47160688042640686,112.77273559570312,-0.2745002806186676
234399,2,-12.136597633361816,-1.9012030363082886,-2.0728259086608887,-0.31556856632232666,112.72879028320312,-0.2638676166534424
234419,2,-12.605803489685059,-2.9025537967681885,-2.8034491539001465,-0.34742221236228943,112.66290283203125,-0.28172945976257324
234439,2,-13.592631340026855,-3.8991458415985107,-3.584566354751587,-0.392545610666275,112.59700012207031,-0.2970382869243622
234459,2,-14.512663841247559,-4.880695819854736,-4.133873462677002,-0.48310643434524536,112.50914001464844,-0.3633764982223511
234479,2,-15.35422420501709,-5.839817523956299,-4.070445537567139,-0.6974318027496338,112.37722778320312,-0.48202139139175415
234499,2,-16.141437530517578,-6.773426532745361,-4.282753944396973,-0.8536723852157593,112.24543762207031,-0.5236969590187073
234519,2,-16.459428787231445,-7.683430194854736,-5.264052867889404,-0.8422949910163879,112.06959533691406,-0.6198038458824158
234539,2,-17.100662231445312,-8.566475868225098,-6.9657392501831055,-0.6897351741790771,111.89376831054688,-0.49392980337142944
234559,2,-17.65322494506836,-9.414572715759277,-8.415905952453613,-0.5715880393981934,111.69595336914062,-0.4386464059352875
234579,2,-18.08799171447754,-10.226140975952148,-9.201171875,-0.5749603509902954,111.476318359375,-0.46756306290626526
234599,2,-18.447111129760742,-10.997227668762207,-10.75779914855957,-0.4101649522781372,111.27850341796875,-0.37103089690208435
234619,2,-18.748554229736328,-11.720270156860352,-11.425345420837402,-0.4037822484970093,111.058837890625,-0.2693957984447479
234639,2,-18.95063018798828,-12.398744583129883,-12.075879096984863,-0.39526286721229553,110.77316284179688,-0.3072441518306732
234659,2,-19.018545150756836,-13.026191711425781,-12.504831314086914,-0.41115421056747437,110.50949096679688,-0.2562131881713867
234679,2,-19.08481216430664,-13.601699829101562,-13.007869720458984,-0.4081471860408783,110.22381591796875,-0.3008654713630676
234699,2,-19.042264938354492,-14.122145652770996,-13.980602264404297,-0.29749464988708496,109.89422607421875,-0.2655685842037201
234719,2,-18.90333366394043,-14.584550857543945,-14.038897514343262,-0.3531018793582916,109.608642578125,-0.20603430271148682
234739,2,-18.67957305908203,-14.988167762756348,-14.71066951751709,-0.2774345576763153,109.257080078125,-0.2383529096841812
234759,2,-18.514358520507812,-15.331389427185059,-14.850944519042969,-0.305359423160553,108.927490234375,-0.2693957984447479
234779,2,-18.131227493286133,-15.61017894744873,-14.619500160217285,-0.3853774964809418,108.597900390625,-0.228572279214859
234799,2,-17.654542922973633,-15.8289155960083,-15.0989990234375,-0.31494423747062683,108.246337890625,-0.2613161504268646
234819,2,-17.07187271118164,-15.979662895202637,-15.756355285644531,-0.19171732664108276,107.916748046875,-0.21283821761608124
234839,2,-16.777036666870117,-16.066438674926758,-14.904326438903809,-0.36644965410232544,107.63107299804688,-0.21283821761608124
234859,2,-16.085580825805664,-16.08333969116211,-16.687639236450195,0.011179742403328419,107.213623046875,-0.0980205163359642
234879,2,-15.2938871383667,-16.03295135498047,-15.497377395629883,-0.1889900118112564,106.94992065429688,-0.1516013741493225
234899,2,-14.412166595458984,-15.918875694274902,-16.462310791015625,0.06612539291381836,106.57638549804688,0.03040657564997673
234919,2,-13.488839149475098,-15.734107971191406,-14.689441680908203,-0.23988905549049377,106.33465576171875,-0.22602081298828125
234939,2,-12.98742961883545,-15.491246223449707,-15.834115982055664,0.06987067312002182,105.93905639648438,0.13629412651062012
234959,2,-11.959335327148438,-15.177423477172852,-16.79517364501953,0.3402498960494995,105.65347290039062,0.01849815435707569
234979,2,-10.857983589172363,-14.800161361694336,-14.613628387451172,0.017024587839841843,105.4117431640625,0.05847274139523506
234999,2,-9.791247367858887,-14.358755111694336,-14.837763786315918,0.17585426568984985,105.0821533203125,0.07675827294588089
235019,2,-8.56782341003418,-13.868697166442871,-14.694208145141602,0.28182610869407654,104.7745361328125,0.13799510896205902
235039,2,-7.284834384918213,-13.311708450317383,-14.266947746276855,0.3458464741706848,104.48886108398438,0.1796691119670868
235059,2,-6.699590682983398,-12.704092979431152,-14.413227081298828,0.50877445936203,104.26919555664062,0.3408384919166565
235079,2,-5.383108139038086,-12.035170555114746,-13.96522045135498,0.6025872230529785,104.0274658203125,0.44927752017974854
235099,2,-4.03582763671875,-11.315006256103516,-12.869318962097168,0.5742415189743042,103.80770874023438,0.4135569632053375
235119,2,-2.6440134048461914,-10.552590370178223,-11.807804107666016,0.5558990836143494,103.61001586914062,0.3803878426551819
235139,2,-1.2634072303771973,-9.736583709716797,-10.777591705322266,0.5538098812103271,103.45614624023438,0.4165336489677429
235159,2,-0.5704417824745178,-8.889898300170898,-9.073514938354492,0.38501450419425964,103.3023681640625,0.3165995478630066
235179,2,0.8202910423278809,-7.996009349822998,-7.737353801727295,0.31874218583106995,103.19253540039062,0.2698225975036621
235199,2,2.2442946434020996,-7.072413921356201,-6.831569194793701,0.3416302800178528,103.12652587890625,0.2774769961833954
235219,2,3.6472713947296143,-6.121316432952881,-5.868851661682129,0.3558921813964844,103.06063842773438,0.25621476769447327
235239,2,5.008680820465088,-5.1424455642700195,-3.9879393577575684,0.18413466215133667,103.03866577148438,0.1439485400915146
235259,2,5.66207218170166,-4.138388633728027,-3.1439383029937744,0.18527179956436157,102.9947509765625,0.08398743718862534
235279,2,7.117000102996826,-3.107917308807373,-1.7299344539642334,0.11490020155906677,102.9947509765625,0.10057199001312256
235299,2,8.296248435974121,-2.0607452392578125,-1.4035699367523193,0.24897384643554688,102.9947509765625,0.11120311170816422
235319,2,9.560216903686523,-1.0171937942504883,-0.08425562083721161,0.18926113843917847,103.01669311523438,0.06315043568611145
235339,2,10.657164573669434,0.03762352466583252,1.3586983680725098,0.09850243479013443,103.03866577148438,0.04018720984458923
235359,2,11.836030960083008,1.1015026569366455,1.7799170017242432,0.21811488270759583,103.06063842773438,0.10014674812555313
235379,2,12.853650093078613,2.158665180206299,2.9251627922058105,0.19117726385593414,103.12652587890625,0.15457965433597565
235399,2,13.434432983398438,3.204752206802368,3.226520538330078,0.31673821806907654,103.21450805664062,0.2693973481655121
235419,2,14.434895515441895,4.243631839752197,3.3280742168426514,0.5088725686073303,103.3023681640625,0.3825140595436096
235439,2,15.37415599822998,5.26118278503418,3.6081950664520264,0.6658895015716553,103.39022827148438,0.44800180196762085
235459,2,16.229015350341797,6.262197494506836,3.928244113922119,0.8201486468315125,103.54409790039062,0.5828075408935547
235479,2,16.586502075195312,7.231484413146973,4.410094738006592,0.9210013747215271,103.6759033203125,0.649996280670166
235499,2,17.316038131713867,8.175708770751953,6.0002360343933105,0.8115458488464355,103.82965087890625,0.6266077756881714
235519,2,17.939144134521484,9.08581256866455,6.245530128479004,0.9559431076049805,103.9835205078125,0.6185281276702881
235539,2,18.474750518798828,9.953186988830566,8.219277381896973,0.7491286993026733,104.22528076171875,0.5934386849403381
235559,2,18.87543487548828,10.782079696655273,9.418710708618164,0.6735357046127319,104.4229736328125,0.5139163136482239
235579,2,19.231670379638672,11.565629959106445,10.804414749145508,0.5543902516365051,104.6866455078125,0.4832986891269684
235599,2,19.355836868286133,12.302377700805664,10.726668357849121,0.7018543481826782,104.95034790039062,0.4641626477241516
235619,2,19.549226760864258,12.98843002319336,13.177453994750977,0.33851349353790283,105.25787353515625,0.3327588438987732
235639,2,19.637502670288086,13.619059562683105,14.000076293945312,0.27368929982185364,105.52157592773438,0.21964213252067566
235659,2,19.623659133911133,14.19177532196045,14.963881492614746,0.16820533573627472,105.87313842773438,0.21028675138950348
235679,2,19.49748420715332,14.70447063446045,15.85641860961914,0.05967671796679497,106.1807861328125,0.14522427320480347
235699,2,19.407556533813477,15.15534782409668,15.748908996582031,0.14167404174804688,106.466552734375,0.12821291387081146
235719,2,19.133007049560547,15.540364265441895,14.367278099060059,0.4546358287334442,106.70819091796875,0.1796691119670868
235739,2,18.75197410583496,15.858471870422363,18.367107391357422,-0.2879616618156433,107.169677734375,0.1601078361272812
235759,2,18.26552963256836,16.10993003845215,13.551237106323242,0.6802172660827637,107.30148315429688,0.29661303758621216
235779,2,17.673768997192383,16.28936195373535,17.49853515625,-0.10296664386987686,107.82888793945312,0.04741637408733368
235799,2,17.369308471679688,16.403377532958984,16.47367286682129,0.11439268290996552,108.00460815429688,0.16308455169200897
235819,2,16.64995002746582,16.442846298217773,15.025641441345215,0.36058294773101807,108.268310546875,0.015946684405207634
235839,2,15.826013565063477,16.41024398803711,18.805604934692383,-0.42059215903282166,108.70773315429688,-0.0737815573811531
235859,2,14.916356086730957,16.309524536132812,15.152780532836914,0.25028306245803833,108.905517578125,0.09079135954380035
235879,2,13.910429000854492,16.137104034423828,16.639324188232422,-0.12993358075618744,109.301025390625,-0.10482443869113922
235899,2,13.423641204833984,15.896857261657715,17.130830764770508,-0.27743595838546753,109.58657836914062,-0.021474869921803474
235919,2,12.329307556152344,15.580687522888184,16.201555252075195,-0.18799975514411926,109.85028076171875,0.00021262247173581272
235939,2,11.281627655029297,15.196158409118652,15.429315567016602,-0.13464070856571198,110.11398315429688,-0.0019136022310703993
235959,2,10.055132865905762,14.745076179504395,13.89439582824707,0.04960162192583084,110.377685546875,-0.015946684405207634
235979,2,8.770968437194824,14.24014949798584,13.604402542114258,-0.022899053990840912,110.64126586914062,-0.049541033804416656
235999,2,7.421396732330322,13.664923667907715,13.7682466506958,-0.20114147663116455,110.94891357421875,-0.11375458538532257
236019,2,6.786962509155273,13.033827781677246,12.616459846496582,-0.09518134593963623,111.19064331054688,-0.09206709265708923
236039,2,5.396553993225098,12.337869644165039,12.356696128845215,-0.20929867029190063,111.410400390625,-0.13161486387252808
236059,2,3.9826767444610596,11.586934089660645,12.296865463256836,-0.37564072012901306,111.63006591796875,-0.1928517073392868
236079,2,2.511157751083374,10.796825408935547,11.26541519165039,-0.3582285940647125,111.805908203125,-0.1860477775335312
236099,2,1.0312546491622925,9.941473007202148,10.286727905273438,-0.3654220402240753,111.95965576171875,-0.2745002806186676
236119,2,0.3473889231681824,9.053732872009277,9.623870849609375,-0.4055352509021759,112.11354064941406,-0.29321107268333435
236139,2,-1.119496464729309,8.117380142211914,8.961152076721191,-0.48648494482040405,112.24543762207031,-0.28980910778045654
236159,2,-2.615356683731079,7.143246650695801,8.212815284729004,-0.5568361282348633,112.35527038574219,-0.3051179349422455
236179,2,-4.0661773681640625,6.1488142013549805,6.937397480010986,-0.5269002318382263,112.44313049316406,-0.3119218349456787
236199,2,-5.5439934730529785,5.116273403167725,4.864837646484375,-0.3475681245326996,112.46510314941406,-0.361675500869751
236219,2,-6.207253932952881,4.06318998336792,3.860154628753662,-0.3393309712409973,112.50914001464844,-0.2766265273094177
236239,2,-7.593817710876465,2.9829471111297607,2.757359504699707,-0.3427548408508301,112.53109741210938,-0.2187916487455368
236259,2,-8.954837799072266,1.8890252113342285,1.3947502374649048,-0.29568779468536377,112.50914001464844,-0.22261884808540344
236279,2,-10.267318725585938,0.7975966334342957,1.552191972732544,-0.5462542772293091,112.50914001464844,-0.23069849610328674
236299,2,-11.547813415527344,-0.3078165352344513,0.21385562419891357,-0.515121579170227,112.44313049316406,-0.37400761246681213
236319,2,-12.107108116149902,-1.4100137948989868,-1.478358507156372,-0.37740612030029297,112.39920043945312,-0.33360934257507324
236339,2,-13.278264045715332,-2.5141422748565674,-2.561093330383301,-0.3876689672470093,112.28936767578125,-0.3472171723842621
236359,2,-14.355234146118164,-3.6083638668060303,-2.2810795307159424,-0.6615334749221802,112.22346496582031,-0.3706056475639343
236379,2,-15.364339828491211,-4.677761077880859,-4.150066375732422,-0.5074697732925415,112.11354064941406,-0.3633764982223511
236399,2,-16.326194763183594,-5.7342305183410645,-4.9400458335876465,-0.5578014254570007,112.00360107421875,-0.3442404568195343
236419,2,-16.733957290649414,-6.765934467315674,-6.112476825714111,-0.5115298628807068,111.827880859375,-0.3871917724609375
236439,2,-17.528095245361328,-7.773154258728027,-7.873076438903809,-0.35523903369903564,111.69595336914062,-0.32382869720458984
236459,2,-18.220203399658203,-8.746808052062988,-8.158958435058594,-0.48319995403289795,111.52023315429688,-0.3276559114456177
236479,2,-18.829397201538086,-9.679800033569336,-8.624960899353027,-0.5689597129821777,111.34439086914062,-0.3603997826576233
236499,2,-19.317201614379883,-10.573262214660645,-9.406118392944336,-0.5853504538536072,111.124755859375,-0.41568318009376526
236519,2,-19.52554702758789,-11.41749095916748,-10.775593757629395,-0.46607282757759094,110.92694091796875,-0.37273186445236206
236539,2,-19.86024284362793,-12.214269638061523,-11.7921142578125,-0.4167618751525879,110.66336059570312,-0.3905937373638153
236559,2,-20.084897994995117,-12.95695686340332,-12.118289947509766,-0.4871857464313507,110.399658203125,-0.4165336489677429
236579,2,-20.19866180419922,-13.641769409179688,-12.345227241516113,-0.5669867396354675,110.15792846679688,-0.3905937373638153
236599,2,-20.198467254638672,-14.266364097595215,-13.030876159667969,-0.54209303855896,109.85028076171875,-0.4148326814174652
236619,2,-20.157320022583008,-14.82848072052002,-13.742395401000977,-0.5021199584007263,109.56460571289062,-0.3952714204788208
236639,2,-19.990856170654297,-15.324004173278809,-14.057967185974121,-0.5212892889976501,109.257080078125,-0.34976863861083984
236659,2,-19.713228225708008,-15.750971794128418,-15.130919456481934,-0.37626639008522034,108.927490234375,-0.35657256841659546
236679,2,-19.322603225708008,-16.10931968688965,-14.279349327087402,-0.5878042578697205,108.619873046875,-0.254512220621109
236699,2,-18.803255081176758,-16.392425537109375,-15.538259506225586,-0.3683519661426544,108.246337890625,-0.24388109147548676
236719,2,-18.530654907226562,-16.60597038269043,-16.139892578125,-0.2760283350944519,107.872802734375,-0.16393505036830902
236739,2,-17.869895935058594,-16.74126625061035,-16.851051330566406,-0.13186249136924744,107.521240234375,-0.0997214987874031
236759,2,-17.117883682250977,-16.80069923400879,-16.561582565307617,-0.16133452951908112,107.23556518554688,-0.04656431823968887
236779,2,-16.25298309326172,-16.788583755493164,-16.14919090270996,-0.20890110731124878,106.90597534179688,-0.10184772312641144
236799,2,-15.272507667541504,-16.698938369750977,-17.6160831451416,0.1486797332763672,106.488525390625,0.05379504710435867
236819,2,-14.317344665527344,-16.530601501464844,-15.619802474975586,-0.20539525151252747,106.22470092773438,-0.23622669279575348
236839,2,-13.822504043579102,-16.291170120239258,-14.813156127929688,-0.2796768844127655,105.89511108398438,0.11800703406333923
236859,2,-12.561239242553711,-15.972307205200195,-20.70839500427246,0.9755277037620544,105.36782836914062,0.15968260169029236
236879,2,-11.344507217407227,-15.58673095703125,-13.884994506835938,-0.259556382894516,105.25787353515625,-0.028278788551688194
236899,2,-10.14395809173584,-15.13124942779541,-13.222419738769531,-0.2599019408226013,104.95034790039062,0.07930974662303925
236919,2,-8.820412635803223,-14.59748363494873,-14.059639930725098,0.04203713312745094,104.62075805664062,0.14522427320480347
236939,2,-7.373539924621582,-13.999348640441895,-14.266018867492676,0.24226617813110352,104.31314086914062,0.19242645800113678
236959,2,-6.692819595336914,-13.335620880126953,-14.338947296142578,0.3963465690612793,104.0054931640625,0.27067309617996216
236979,2,-5.236298561096191,-12.609402656555176,-13.671247482299805,0.44802796840667725,103.74179077148438,0.28215470910072327
236999,2,-3.7123513221740723,-11.831701278686523,-13.883711814880371,0.6907264590263367,103.50018310546875,0.4063277840614319
237019,2,-2.2087607383728027,-10.991057395935059,-12.103476524353027,0.550365686416626,103.3243408203125,0.4165336489677429
237039,2,-1.4262430667877197,-10.10974407196045,-10.676803588867188,0.44589588046073914,103.12652587890625,0.3612518310546875
237059,2,0.09718236327171326,-9.171431541442871,-10.098772048950195,0.5495357513427734,102.9727783203125,0.37018197774887085
237079,2,1.5064964294433594,-8.188239097595215,-8.130776405334473,0.3786122500896454,102.81900024414062,0.34679192304611206
237099,2,3.0428035259246826,-7.167048454284668,-7.352075576782227,0.4499088525772095,102.73104858398438,0.2970382869243622
237119,2,4.579522132873535,-6.118600845336914,-6.117035388946533,0.43775424361228943,102.66513061523438,0.35870036482810974
237139,2,6.0812506675720215,-5.037577152252197,-4.384678363800049,0.3277927339076996,102.5992431640625,0.2830051779747009
237159,2,6.822514533996582,-3.936312675476074,-2.480987548828125,0.14525598287582397,102.5552978515625,0.19667890667915344
237179,2,8.280046463012695,-2.8049983978271484,-1.489723563194275,0.1732242852449417,102.5552978515625,0.1537291705608368
237199,2,9.690811157226562,-1.6582412719726562,-1.6368671655654907,0.4283069372177124,102.5552978515625,0.20008087158203125
237219,2,11.045775413513184,-0.5109553337097168,-1.3037046194076538,0.5988065600395203,102.5992431640625,0.3165995478630066
237239,2,12.361175537109375,0.6414794325828552,0.22761422395706177,0.5322080254554749,102.6431884765625,0.27407506108283997
237259,2,12.944430351257324,1.7907217741012573,1.9763370752334595,0.3893824815750122,102.73104858398438,0.3378617763519287
237279,2,14.129229545593262,2.939856767654419,2.759891986846924,0.45994049310684204,102.81900024414062,0.3072441518306732
237299,2,15.235077857971191,4.076611518859863,3.2811532020568848,0.5849413275718689,102.9288330078125,0.38931798934936523
237319,2,16.290245056152344,5.19129753112793,5.481574535369873,0.3705865740776062,103.06063842773438,0.33871227502822876
237339,2,17.20407485961914,6.2891011238098145,5.280160903930664,0.6214275360107422,103.19253540039062,0.35870036482810974
237359,2,17.990602493286133,7.358780860900879,6.537749767303467,0.582281231880188,103.36825561523438,0.4484270215034485
237379,2,18.35027503967285,8.391475677490234,6.63435173034668,0.7528351545333862,103.54409790039062,0.5096638798713684
237399,2,19.027660369873047,9.38962459564209,8.139561653137207,0.6533271074295044,103.71981811523438,0.4867006540298462
237419,2,19.616731643676758,10.343055725097656,8.993989944458008,0.6735925674438477,103.93960571289062,0.5071123838424683
237439,2,20.090866088867188,11.247798919677734,10.387096405029297,0.5779266953468323,104.20330810546875,0.5211454629898071
237459,2,20.30535316467285,12.101818084716797,11.589866638183594,0.4922530949115753,104.44491577148438,0.4569319188594818
237479,2,20.59910774230957,12.903484344482422,12.110466957092285,0.5378133058547974,104.7305908203125,0.3982481360435486
237499,2,20.74663543701172,13.645557403564453,13.197381019592285,0.4581044912338257,105.01626586914062,0.4522542357444763
237519,2,20.785110473632812,14.323715209960938,13.823368072509766,0.4462398886680603,105.30191040039062,0.3229782283306122
237539,2,20.702354431152344,14.935643196105957,14.065082550048828,0.49920910596847534,105.60943603515625,0.34168899059295654
237559,2,20.623332977294922,15.479819297790527,15.561470985412598,0.28615474700927734,105.93905639648438,0.25281280279159546
237579,2,20.36359405517578,15.950797080993652,15.789161682128906,0.30185335874557495,106.24667358398438,0.2039080709218979
237599,2,19.975265502929688,16.346332550048828,15.997339248657227,0.30600759387016296,106.59835815429688,0.20943625271320343
237619,2,19.524879455566406,16.66399574279785,16.37430763244629,0.26491159200668335,106.92794799804688,0.1992303729057312
237639,2,18.904251098632812,16.908885955810547,15.488154411315918,0.4551607370376587,107.25753784179688,0.2366519272327423
237659,2,18.203866958618164,17.07438087463379,17.381637573242188,0.07324638962745667,107.60910034179688,0.07548253983259201
237679,2,17.818954467773438,17.15945053100586,17.44007682800293,0.061704862862825394,107.96066284179688,0.08143597096204758
237699,2,16.95449447631836,17.15919303894043,15.657022476196289,0.37719568610191345,108.268310546875,0.14224755764007568
237719,2,15.953765869140625,17.08096694946289,18.694395065307617,-0.2758776843547821,108.70773315429688,-0.02317584864795208
237739,2,14.885437965393066,16.925296783447266,14.264066696166992,0.5378152132034302,108.79559326171875,0.20858576893806458
237759,2,13.752135276794434,16.680482864379883,20.465721130371094,-0.7822314500808716,109.43283081054688,-0.18519729375839233
237779,2,12.596586227416992,16.363351821899414,15.403366088867188,0.13522543013095856,109.56460571289062,0.17541666328907013
237799,2,11.998178482055664,15.970041275024414,13.225625038146973,0.4589223265647888,109.80633544921875,-0.06655239313840866
237819,2,10.645442962646484,15.49273681640625,16.41935920715332,-0.2917379140853882,110.24578857421875,-0.06825337558984756
237839,2,9.218833923339844,14.940130233764648,15.105133056640625,-0.16557610034942627,110.53143310546875,0.043589167296886444
237859,2,7.737718105316162,14.328140258789062,14.66347599029541,-0.23371577262878418,110.751220703125,-0.09844576567411423
237879,2,6.195274353027344,13.638712882995605,13.402626037597656,-0.16304147243499756,111.036865234375,-0.19200120866298676
237899,2,5.485042572021484,12.889019966125488,13.436294555664062,-0.32107439637184143,111.30047607421875,-0.23537619411945343
237919,2,3.8993425369262695,12.067679405212402,13.146949768066406,-0.4741293489933014,111.49826049804688,-0.3888927400112152
237939,2,2.2964954376220703,11.188207626342773,11.476885795593262,-0.3606583774089813,111.71792602539062,-0.3731571137905121
237959,2,0.6524951457977295,10.268403053283691,11.3052396774292,-0.549196183681488,111.93768310546875,-0.3557220697402954
237979,2,-0.9970901608467102,9.286225318908691,9.518058776855469,-0.4304891526699066,112.06959533691406,-0.41865989565849304
237999,2,-1.738006591796875,8.264492988586426,8.558420181274414,-0.4380826950073242,112.22346496582031,-0.34976863861083984
238019,2,-3.3664920330047607,7.192590713500977,7.633462905883789,-0.49503934383392334,112.33329772949219,-0.34976863861083984
238039,2,-4.961681365966797,6.0848069190979,5.874724388122559,-0.39127594232559204,112.42117309570312,-0.3527453541755676
238059,2,-6.598493576049805,4.951685428619385,4.638969898223877,-0.39529648423194885,112.44313049316406,-0.36592796444892883
238079,2,-8.130714416503906,3.791660785675049,4.365880489349365,-0.5857869982719421,112.487060546875,-0.33828702569007874
238099,2,-9.491279602050781,2.6105964183807373,2.616286516189575,-0.4837043285369873,112.487060546875,-0.3378617763519287
238119,2,-10.293289184570312,1.4198369979858398,1.1183741092681885,-0.4075354039669037,112.46510314941406,-0.36125025153160095
238139,2,-11.70909595489502,0.2134401947259903,-0.08368425071239471,-0.4166897237300873,112.42117309570312,-0.35997453331947327
238159,2,-13.058956146240234,-0.9827199578285217,-1.2559304237365723,-0.42813634872436523,112.35527038574219,-0.35827353596687317
238179,2,-14.30992317199707,-2.184554100036621,-2.8053336143493652,-0.3574376702308655,112.26741027832031,-0.29788875579833984
238199,2,-15.400433540344238,-3.387117624282837,-4.120133399963379,-0.3206334114074707,112.22346496582031,-0.22559556365013123
238219,2,-15.930510520935059,-4.561204433441162,-4.792830467224121,-0.37965139746665955,112.15757751464844,-0.19030022621154785
238239,2,-16.96735382080078,-5.720104694366455,-5.704042911529541,-0.4164915084838867,112.00360107421875,-0.23282472789287567
238259,2,-17.92611312866211,-6.852886199951172,-6.565892219543457,-0.4681612551212311,111.827880859375,-0.3706056475639343
238279,2,-18.781850814819336,-7.946168899536133,-8.049727439880371,-0.3828369975090027,111.67401123046875,-0.3276559114456177
238299,2,-19.518415451049805,-9.00877571105957,-7.911405563354492,-0.6162858009338379,111.476318359375,-0.4356696903705597
238319,2,-19.8336124420166,-10.027257919311523,-8.748382568359375,-0.6376052498817444,111.30047607421875,-0.4735164940357208
238339,2,-20.385847091674805,-11.001778602600098,-9.09232234954834,-0.7640588283538818,111.102783203125,-0.5781282782554626
238359,2,-20.822858810424805,-11.923552513122559,-10.062652587890625,-0.7601659893989563,110.86105346679688,-0.5794040560722351
238379,2,-21.13897705078125,-12.785552024841309,-10.737295150756836,-0.7952313423156738,110.59735107421875,-0.5492116212844849
238399,2,-21.31757164001465,-13.588690757751465,-11.708799362182617,-0.7557796239852905,110.31179809570312,-0.5245474576950073
238419,2,-21.3698673248291,-14.326664924621582,-12.634769439697266,-0.7121340036392212,110.004150390625,-0.5436834692955017
238439,2,-21.354719161987305,-14.996033668518066,-12.900138854980469,-0.7834616899490356,109.696533203125,-0.5606932640075684
238459,2,-21.228404998779297,-15.592548370361328,-15.283626556396484,-0.41646844148635864,109.322998046875,-0.48499810695648193
238479,2,-21.001991271972656,-16.11317253112793,-16.008638381958008,-0.3459298610687256,109.01535034179688,-0.3072441518306732
238499,2,-20.626205444335938,-16.55506706237793,-17.389429092407227,-0.12196189910173416,108.641845703125,-0.18987499177455902
238519,2,-20.10948944091797,-16.920082092285156,-18.81919288635254,0.12653878331184387,108.246337890625,-0.12098374962806702
238539,2,-19.513416290283203,-17.197431564331055,-16.750377655029297,-0.29733553528785706,107.96066284179688,-0.17881861329078674
238559,2,-18.819507598876953,-17.392370223999023,-18.883909225463867,0.12980425357818604,107.521240234375,-0.026152562350034714
238579,2,-18.447406768798828,-17.506507873535156,-14.779237747192383,-0.6936167478561401,107.36737060546875,-0.284280925989151
238599,2,-17.54090118408203,-17.529624938964844,-20.454296112060547,0.48565369844436646,106.73013305664062,0.18179532885551453
238619,2,-16.517011642456055,-17.465272903442383,-17.13532066345215,-0.13125395774841309,106.510498046875,-0.1481994241476059
238639,2,-15.37575912475586,-17.32423973083496,-17.676950454711914,0.06975604593753815,106.1368408203125,0.1158808097243309
238659,2,-14.183773040771484,-17.085025787353516,-17.902517318725586,0.19798026978969574,105.7852783203125,0.024026338011026382
238679,2,-13.008209228515625,-16.763519287109375,-18.638315200805664,0.45031893253326416,105.4337158203125,0.133741095662117
238699,2,-12.36185073852539,-16.36851692199707,-17.482025146484375,0.315850168466568,105.1041259765625,0.15160293877124786
238719,2,-10.942357063293457,-15.883444786071777,-16.908193588256836,0.34606775641441345,104.79647827148438,0.2009313553571701
238739,2,-9.457856178283691,-15.31771183013916,-16.866390228271484,0.496407151222229,104.48886108398438,0.2430306077003479
238759,2,-7.901957988739014,-14.689186096191406,-15.277283668518066,0.3568836450576782,104.22528076171875,0.2906596064567566
238779,2,-6.303720474243164,-13.976975440979004,-15.649994850158691,0.6174749135971069,103.91763305664062,0.2974635064601898
238799,2,-5.518161296844482,-13.201020240783691,-14.609149932861328,0.576156497001648,103.6759033203125,0.3476424217224121
238819,2,-3.855436325073242,-12.347907066345215,-13.133575439453125,0.4939929246902466,103.45614624023438,0.3234034478664398
238839,2,-2.171299457550049,-11.432286262512207,-11.706138610839844,0.42578402161598206,103.23648071289062,0.2447315901517868
238859,2,-0.4754848778247833,-10.466238021850586,-10.20607852935791,0.35085368156433105,103.10458374023438,0.26429441571235657
238879,2,1.256339430809021,-9.44356632232666,-9.513317108154297,0.4463883638381958,102.9727783203125,0.31745001673698425
238899,2,2.086714267730713,-8.37697982788086,-8.51257610321045,0.4526774287223816,102.86294555664062,0.3412637412548065
238919,2,3.766476631164551,-7.257268905639648,-7.295611381530762,0.45931944251060486,102.77496337890625,0.34338995814323425
238939,2,5.45276403427124,-6.0989460945129395,-5.463531494140625,0.3491198420524597,102.73104858398438,0.3535958528518677
238959,2,7.098062038421631,-4.917115211486816,-4.489171981811523,0.4037744104862213,102.68710327148438,0.2970382869243622
238979,2,8.717188835144043,-3.7150557041168213,-3.480987787246704,0.4535878300666809,102.66513061523438,0.24898560345172882
238999,2,9.460516929626465,-2.4886839389801025,-1.9350805282592773,0.36190593242645264,102.66513061523438,0.245158389210701
239019,2,10.990344047546387,-1.2388423681259155,-0.5474838018417358,0.3386419117450714,102.68710327148438,0.23367521166801453
239039,2,12.448512077331543,0.019596198573708534,0.4844171404838562,0.38488712906837463,102.73104858398438,0.2808789610862732
239059,2,13.818500518798828,1.2714715003967285,1.7624070644378662,0.38347411155700684,102.81900024414062,0.34636667370796204
239079,2,15.130789756774902,2.5208280086517334,2.953774929046631,0.3897083103656769,102.86294555664062,0.241329625248909
239099,2,15.7367525100708,3.756112813949585,4.664461135864258,0.25940829515457153,102.9727783203125,0.2170906662940979
239119,2,16.899887084960938,4.982461452484131,4.899950981140137,0.4464109241962433,103.10458374023438,0.2698225975036621
239139,2,17.94306182861328,6.1850504875183105,6.452933311462402,0.3706572949886322,103.25845336914062,0.34211423993110657
239159,2,18.89207649230957,7.348135471343994,6.52347469329834,0.584280252456665,103.41220092773438,0.4322677254676819
239179,2,19.721437454223633,8.48551082611084,6.667012691497803,0.7794708609580994,103.54409790039062,0.4556562006473541
239199,2,20.080455780029297,9.575655937194824,8.37343978881836,0.6404511332511902,103.71981811523438,0.4854249060153961
239219,2,20.725078582763672,10.623311042785645,9.16800308227539,0.6897166967391968,103.91763305664062,0.5151920318603516
239239,2,21.233694076538086,11.618367195129395,9.833955764770508,0.7523975968360901,104.13729858398438,0.5066871643066406
239259,2,21.609567642211914,12.55288028717041,10.995722770690918,0.6982908248901367,104.3790283203125,0.45735716819763184
239279,2,21.842424392700195,13.425588607788086,12.6907377243042,0.5245798230171204,104.64273071289062,0.4658636450767517
239299,2,21.954608917236328,14.231297492980957,12.40438461303711,0.7206423878669739,104.90643310546875,0.4309919774532318
239319,2,21.958539962768555,14.966498374938965,14.283584594726562,0.477987140417099,105.23593139648438,0.4101549983024597
239339,2,21.864839553833008,15.626429557800293,14.320721626281738,0.577673077583313,105.4776611328125,0.3544479012489319
239359,2,21.631921768188477,16.20703125,15.388476371765137,0.45555925369262695,105.85116577148438,0.336160808801651
239379,2,21.223649978637695,16.708513259887695,15.744745254516602,0.4631332457065582,106.20272827148438,0.44119787216186523
239399,2,20.976924896240234,17.123817443847656,15.782295227050781,0.5201811790466309,106.55441284179688,0.3527453541755676
239419,2,20.338090896606445,17.448814392089844,16.536333084106445,0.406776487827301,106.90597534179688,0.3034169375896454
239439,2,19.613746643066406,17.687971115112305,17.679040908813477,0.1920204609632492,107.25753784179688,0.22602081298828125
239459,2,18.726852416992188,17.83658218383789,16.507232666015625,0.4061022996902466,107.543212890625,0.1537291705608368
239479,2,18.292266845703125,17.89598846435547,18.884384155273438,-0.07541333138942719,108.00460815429688,0.020199134945869446
239499,2,17.261028289794922,17.85849380493164,16.46914291381836,0.35903292894363403,108.268310546875,0.19327694177627563
239519,2,16.109655380249023,17.72831153869629,19.608596801757812,-0.3369288146495819,108.77362060546875,-0.046139076352119446
239539,2,14.866107940673828,17.518102645874023,16.42827796936035,0.22211270034313202,108.927490234375,0.19880513846874237
239559,2,13.520307540893555,17.210514068603516,17.108726501464844,-0.03582138195633888,109.344970703125,-0.09546905010938644
239579,2,12.817948341369629,16.818437576293945,19.201194763183594,-0.5278768539428711,109.74044799804688,-0.05124201253056526
239599,2,11.343172073364258,16.329952239990234,16.988094329833984,-0.23234908282756805,109.96023559570312,-0.07930974662303925
239619,2,9.787846565246582,15.756645202636719,17.312915802001953,-0.4545629322528839,110.28970336914062,-0.15755480527877808
239639,2,8.169859886169434,15.115728378295898,16.08959197998047,-0.391225665807724,110.57537841796875,-0.24728305637836456
239659,2,6.523563385009766,14.384501457214355,15.59431266784668,-0.4877074658870697,110.88299560546875,-0.32382869720458984
239679,2,5.652629375457764,13.58571720123291,14.66550064086914,-0.47644591331481934,111.124755859375,-0.3395627737045288
239699,2,3.931333303451538,12.703642845153809,14.404851913452148,-0.6442506313323975,111.36636352539062,-0.33531031012535095
239719,2,2.1505913734436035,11.755254745483398,13.196242332458496,-0.6419894099235535,111.56417846679688,-0.4097297489643097
239739,2,0.3426933288574219,10.752659797668457,11.180755615234375,-0.4832019507884979,111.761962890625,-0.33020737767219543
239759,2,-1.4722810983657837,9.679839134216309,9.842479705810547,-0.4670032560825348,111.91574096679688,-0.35189488530158997
239779,2,-2.291635513305664,8.570863723754883,8.506709098815918,-0.4142675995826721,112.02555847167969,-0.391869455575943
239799,2,-4.24405574798584,7.405721664428711,6.432008266448975,-0.2655971050262451,112.15757751464844,-0.25366172194480896
239819,2,-6.012600898742676,6.21699333190918,6.259022235870361,-0.48702192306518555,112.20150756835938,-0.2808789610862732
239839,2,-7.700035095214844,4.975891590118408,4.212271690368652,-0.3436332643032074,112.24543762207031,-0.30809465050697327
239859,2,-9.258082389831543,3.710216760635376,3.211806535720825,-0.4007132649421692,112.24543762207031,-0.25323647260665894
239879,2,-10.020442008972168,2.4317245483398438,0.9043779969215393,-0.16713739931583405,112.24543762207031,-0.2757760286331177
239899,2,-11.605903625488281,1.1285415887832642,0.5255042314529419,-0.35085156559944153,112.22346496582031,-0.2685452997684479
239919,2,-13.141938209533691,-0.1816858947277069,-0.32270973920822144,-0.44660043716430664,112.20150756835938,-0.310646116733551
239939,2,-14.567605018615723,-1.4794189929962158,-0.9200636148452759,-0.5882834196090698,112.135498046875,-0.309795618057251
239959,2,-15.921114921569824,-2.780691146850586,-1.737824559211731,-0.6941618919372559,112.00360107421875,-0.4684135317802429
239979,2,-16.50295639038086,-4.065051078796387,-3.114546060562134,-0.6539641618728638,111.89376831054688,-0.4322677254676819
239999,2,-17.68507957458496,-5.336497783660889,-5.240981578826904,-0.48433879017829895,111.739990234375,-0.38974323868751526
240019,2,-18.762943267822266,-6.5811262130737305,-6.096138954162598,-0.5597414374351501,111.60809326171875,-0.43184247612953186
240039,2,-19.707319259643555,-7.788456439971924,-7.791807651519775,-0.458273708820343,111.432373046875,-0.4458755552768707
240059,2,-20.542877197265625,-8.958950996398926,-8.563119888305664,-0.5319576263427734,111.23455810546875,-0.4650115966796875
240079,2,-21.175155639648438,-10.083313941955566,-9.046819686889648,-0.6424376368522644,111.058837890625,-0.3888927400112152
240099,2,-21.69019889831543,-11.157159805297852,-11.143180847167969,-0.42349720001220703,110.83908081054688,-0.3782600462436676
240119,2,-21.90281867980957,-12.171894073486328,-12.591039657592773,-0.30288824439048767,110.59735107421875,-0.2808789610862732
240139,2,-22.268800735473633,-13.125882148742676,-12.632349967956543,-0.46127334237098694,110.333740234375,-0.3374365568161011
240159,2,-22.489622116088867,-14.010986328125,-13.259583473205566,-0.49317243695259094,110.048095703125,-0.3701803982257843
240179,2,-22.56003189086914,-14.821939468383789,-13.917641639709473,-0.49911096692085266,109.78439331054688,-0.33403459191322327
240199,2,-22.496192932128906,-15.556252479553223,-14.733707427978516,-0.4612656235694885,109.47674560546875,-0.37273186445236206
240219,2,-22.2852783203125,-16.207921981811523,-14.395248413085938,-0.631799578666687,109.16912841796875,-0.3850655257701874
240239,2,-22.128755569458008,-16.777143478393555,-15.397262573242188,-0.5339793562889099,108.81756591796875,-0.42376282811164856
240259,2,-21.70136070251465,-17.25574493408203,-15.469985961914062,-0.5939496159553528,108.48794555664062,-0.42844051122665405
240279,2,-21.11970329284668,-17.642045974731445,-16.701553344726562,-0.399084210395813,108.13638305664062,-0.3374365568161011
240299,2,-20.398326873779297,-17.938331604003906,-17.17936897277832,-0.3299843966960907,107.76287841796875,-0.2936363220214844
240319,2,-19.554401397705078,-18.13460922241211,-17.530071258544922,-0.2640211582183838,107.36737060546875,-0.25493746995925903
240339,2,-19.085832595825195,-18.242433547973633,-17.465126037597656,-0.278116375207901,107.01580810546875,-0.1652107834815979
240359,2,-18.045989990234375,-18.247127532958984,-18.24031639099121,-0.0822073444724083,106.59835815429688,-0.10227297246456146
240379,2,-16.853559494018555,-18.152055740356445,-16.71929931640625,-0.3223678171634674,106.35662841796875,-0.1516013741493225
240399,2,-15.561214447021484,-17.970367431640625,-19.640052795410156,0.33093154430389404,105.91708374023438,-0.025727318599820137
240419,2,-14.189397811889648,-17.679597854614258,-15.790640830993652,-0.33560267090797424,105.71939086914062,-0.1256614476442337
240439,2,-13.458029747009277,-17.304868698120117,-16.44571304321289,-0.09743085503578186,105.30191040039062,0.13246536254882812
240459,2,-11.957487106323242,-16.828706741333008,-17.995512008666992,0.33801430463790894,104.88433837890625,0.10227297246456146
240479,2,-10.31779956817627,-16.259973526000977,-16.95865249633789,0.2886527180671692,104.55487060546875,0.08611366152763367
240499,2,-8.601073265075684,-15.617058753967285,-17.210369110107422,0.5185437798500061,104.26919555664062,0.23750242590904236
240519,2,-6.83984899520874,-14.880882263183594,-16.480056762695312,0.5769944190979004,103.96157836914062,0.3493433892726898
240539,2,-6.005457401275635,-14.067087173461914,-15.361148834228516,0.5351012945175171,103.6759033203125,0.4003743529319763
240559,2,-4.2034912109375,-13.16756534576416,-14.843705177307129,0.6630808711051941,103.39022827148438,0.41695889830589294
240579,2,-2.3203043937683105,-12.193889617919922,-13.693953514099121,0.6808283925056458,103.19253540039062,0.4548057019710541
240599,2,-0.46368932723999023,-11.169607162475586,-12.354501724243164,0.6653278470039368,102.9947509765625,0.4292910099029541
240619,2,1.3999779224395752,-10.065438270568848,-10.960036277770996,0.6550637483596802,102.81900024414062,0.5168930292129517
240639,2,2.314166307449341,-8.921121597290039,-9.351532936096191,0.5619901418685913,102.68710327148438,0.44162312150001526
240659,2,4.154927730560303,-7.716574668884277,-7.736288070678711,0.513123095035553,102.5772705078125,0.41058024764060974
240679,2,6.03788423538208,-6.4666900634765625,-6.487120628356934,0.5441282391548157,102.53335571289062,0.4356696903705597
240699,2,7.800951957702637,-5.188374042510986,-4.407351016998291,0.4030788540840149,102.46743774414062,0.34168899059295654
240719,2,9.433123588562012,-3.8802568912506104,-2.899294137954712,0.3683115541934967,102.44549560546875,0.30001500248908997
240739,2,11.076022148132324,-2.539310932159424,-2.0954349040985107,0.480498731136322,102.48941040039062,0.30937036871910095
240759,2,11.888448715209961,-1.19632887840271,0.1181221753358841,0.2726515829563141,102.48941040039062,0.20348282158374786
240779,2,13.474523544311523,0.16659702360630035,0.7603785991668701,0.41199058294296265,102.53335571289062,0.24728462100028992
240799,2,15.114950180053711,1.5286521911621094,1.520946979522705,0.5354377627372742,102.6212158203125,0.3442404568195343
240819,2,16.38920021057129,2.877472162246704,3.2041897773742676,0.4633682072162628,102.73104858398438,0.3778363764286041
240839,2,17.67262077331543,4.216859340667725,4.359268665313721,0.49725720286369324,102.86294555664062,0.3871917724609375
240859,2,18.257333755493164,5.5313944816589355,5.812264919281006,0.4362865090370178,102.9727783203125,0.3459414541721344
240879,2,19.366498947143555,6.824920654296875,6.3782782554626465,0.5730164051055908,103.14862060546875,0.3867665231227875
240899,2,20.34359359741211,8.082117080688477,7.491644859313965,0.5958319902420044,103.3243408203125,0.4484270215034485
240919,2,21.197086334228516,9.288714408874512,8.01106071472168,0.7262000441551208,103.50018310546875,0.48585015535354614
240939,2,21.900497436523438,10.451257705688477,9.312750816345215,0.6925921440124512,103.71981811523438,0.5305008888244629
240959,2,22.176801681518555,11.556888580322266,9.307160377502441,0.8968501687049866,103.93960571289062,0.5989668369293213
240979,2,22.656896591186523,12.604117393493652,11.059894561767578,0.755486011505127,104.22528076171875,0.5751531720161438
240999,2,22.978015899658203,13.582368850708008,12.662284851074219,0.6178419589996338,104.48886108398438,0.5066871643066406
241019,2,23.145034790039062,14.484950065612793,13.392379760742188,0.6355973482131958,104.79647827148438,0.49903273582458496
241039,2,23.150779724121094,15.310246467590332,12.893195152282715,0.881852924823761,105.1041259765625,0.5313513875007629
241059,2,23.096223831176758,16.05319595336914,15.01191520690918,0.5920765995979309,105.4556884765625,0.5326271057128906
241079,2,22.870168685913086,16.707611083984375,17.109516143798828,0.2773166298866272,105.8072509765625,0.38804224133491516
241099,2,22.47730827331543,17.269634246826172,18.102689743041992,0.14517046511173248,106.1368408203125,0.17286519706249237
241119,2,21.929306030273438,17.741044998168945,18.954605102539062,0.01649997942149639,106.488525390625,0.09334282577037811
241139,2,21.232683181762695,18.111854553222656,17.70798110961914,0.2918153405189514,106.796142578125,0.20305758714675903
241159,2,20.461280822753906,18.383310317993164,18.83649444580078,0.07053456455469131,107.23556518554688,0.09206709265708923
241179,2,20.02796745300293,18.555814743041992,17.46587562561035,0.368518590927124,107.47732543945312,0.2710983455181122
241199,2,18.988588333129883,18.61960792541504,16.916107177734375,0.42528390884399414,107.916748046875,0.027429861947894096
241219,2,17.803573608398438,18.579097747802734,21.35504150390625,-0.4866827130317688,108.40008544921875,0.07250582426786423
241239,2,16.513107299804688,18.44147300720215,14.777791023254395,0.7139281630516052,108.46600341796875,-0.023601094260811806
241259,2,15.052811622619629,18.20050621032715,19.527406692504883,-0.32500433921813965,109.01535034179688,-0.07335631549358368
241279,2,14.360418319702148,17.860645294189453,19.271020889282227,-0.34811463952064514,109.38888549804688,-0.021474869921803474
241299,2,12.810440063476562,17.41363525390625,17.088726043701172,-0.04979891702532768,109.652587890625,-0.03635844215750694
241319,2,11.13658332824707,16.86845588684082,15.552154541015625,0.09702211618423462,109.93814086914062,-0.10057199001312256
241339,2,9.379562377929688,16.24365997314453,15.952557563781738,-0.15741533041000366,110.26773071289062,-0.18689827620983124
241359,2,7.516314506530762,15.515761375427246,15.505754470825195,-0.26867014169692993,110.55340576171875,-0.2528112530708313
241379,2,6.674962043762207,14.705516815185547,15.862220764160156,-0.5102996826171875,110.86105346679688,-0.38336455821990967
241399,2,4.762042999267578,13.800025939941406,14.493607521057129,-0.4781847894191742,111.102783203125,-0.4394969046115875
241419,2,2.823517084121704,12.815994262695312,12.607017517089844,-0.34938037395477295,111.34439086914062,-0.4207861125469208
241439,2,0.8728546500205994,11.776001930236816,11.996485710144043,-0.4758314788341522,111.56417846679688,-0.3425394892692566
241459,2,-1.1255360841751099,10.65759563446045,10.562251091003418,-0.4538150429725647,111.71792602539062,-0.362100750207901
241479,2,-2.0415587425231934,9.48293685913086,9.12924861907959,-0.38692837953567505,111.89376831054688,-0.3017159700393677
241499,2,-4.173262596130371,8.242826461791992,8.312860488891602,-0.5081921219825745,111.98162841796875,-0.35784828662872314
241519,2,-5.9327874183654785,6.951040267944336,6.823395252227783,-0.4871002733707428,112.06959533691406,-0.3251044452190399
241539,2,-7.850264072418213,5.630049705505371,5.342859268188477,-0.47532030940055847,112.11354064941406,-0.30766940116882324
241559,2,-9.621115684509277,4.267301559448242,3.629016637802124,-0.41555532813072205,112.15757751464844,-0.29788875579833984
241579,2,-11.30200481414795,2.8810336589813232,1.6492741107940674,-0.2998245656490326,112.15757751464844,-0.254512220621109
241599,2,-12.122976303100586,1.4835304021835327,1.1257997751235962,-0.44052061438560486,112.15757751464844,-0.3293568789958954
241619,2,-13.782928466796875,0.065424345433712,-0.4077492952346802,-0.4286254346370697,112.09156799316406,-0.41058024764060974
241639,2,-15.410223960876465,-1.3421708345413208,-1.846897840499878,-0.43022915720939636,112.04753112792969,-0.3752833306789398
241659,2,-16.825138092041016,-2.7456486225128174,-1.287705421447754,-0.8242575526237488,111.93768310546875,-0.47053977847099304
241679,2,-18.1771297454834,-4.135401725769043,-3.895498037338257,-0.5902776122093201,111.805908203125,-0.4548057019710541
241699,2,-18.754854202270508,-5.505293846130371,-5.465323448181152,-0.5190245509147644,111.69595336914062,-0.417809396982193
241719,2,-19.92503547668457,-6.852872848510742,-6.480125904083252,-0.5831835269927979,111.49826049804688,-0.48202139139175415
241739,2,-20.869014739990234,-8.165425300598145,-7.668639183044434,-0.5972045063972473,111.34439086914062,-0.4633105993270874
241759,2,-21.753629684448242,-9.431866645812988,-9.428112983703613,-0.489219069480896,111.14669799804688,-0.4522542357444763
241779,2,-22.542695999145508,-10.63992691040039,-9.43132495880127,-0.7246516346931458,110.90496826171875,-0.5339028239250183
241799,2,-23.061643600463867,-11.791135787963867,-9.64208984375,-0.9037784934043884,110.64126586914062,-0.5713244080543518
241819,2,-23.273574829101562,-12.876008033752441,-11.188684463500977,-0.795091986656189,110.355712890625,-0.5436834692955017
241839,2,-23.599933624267578,-13.890413284301758,-12.926467895507812,-0.6419504284858704,110.048095703125,-0.5411319732666016
241859,2,-23.766399383544922,-14.825572967529297,-13.960981369018555,-0.6034326553344727,109.71847534179688,-0.5190192461013794
241879,2,-23.754959106445312,-15.676926612854004,-15.011836051940918,-0.5391977429389954,109.38888549804688,-0.4679883122444153
241899,2,-23.576820373535156,-16.44025230407715,-16.104141235351562,-0.4365661144256592,109.05929565429688,-0.37400761246681213
241919,2,-23.436540603637695,-17.111221313476562,-17.625850677490234,-0.23099933564662933,108.70773315429688,-0.22814702987670898
241939,2,-23.008817672729492,-17.682519912719727,-18.10544204711914,-0.20471243560314178,108.35617065429688,-0.1847720444202423
241959,2,-22.406457901000977,-18.152177810668945,-17.95577621459961,-0.2803047299385071,107.96066284179688,-0.1847720444202423
241979,2,-21.650358200073242,-18.523258209228516,-18.109804153442383,-0.2760790288448334,107.565185546875,-0.17243994772434235
241999,2,-20.710466384887695,-18.788240432739258,-19.836181640625,0.06874038279056549,107.147705078125,-0.06527666002511978
242019,2,-20.244449615478516,-18.944026947021484,-17.3076229095459,-0.4434255063533783,106.88400268554688,-0.2396286427974701
242039,2,-19.120399475097656,-18.985769271850586,-19.08176612854004,-0.03668136149644852,106.40054321289062,0.04656588286161423
242059,2,-17.824384689331055,-18.922147750854492,-19.804386138916016,0.14708779752254486,106.09292602539062,-0.15670432150363922
242079,2,-16.3912410736084,-18.752553939819336,-16.06801414489746,-0.4787585735321045,105.8292236328125,0.03593476116657257
242099,2,-14.855036735534668,-18.467456817626953,-22.27013397216797,0.8546406626701355,105.21395874023438,0.2617429494857788
242119,2,-13.972726821899414,-18.080656051635742,-19.86947250366211,0.4722273051738739,104.97232055664062,0.047841619700193405
242139,2,-12.373835563659668,-17.584135055541992,-17.656614303588867,0.17807435989379883,104.66470336914062,0.03508426994085312
242159,2,-10.46437931060791,-16.990163803100586,-17.250905990600586,0.274411678314209,104.3570556640625,0.1537291705608368
242179,2,-8.563344955444336,-16.30021095275879,-16.17079734802246,0.25447991490364075,104.0494384765625,0.23410046100616455
242199,2,-7.671031475067139,-15.511982917785645,-15.23226261138916,0.23328326642513275,103.71981811523438,0.2515370547771454
242219,2,-5.678535461425781,-14.6196870803833,-14.960893630981445,0.40705233812332153,103.41220092773438,0.3008654713630676
242239,2,-3.6607818603515625,-13.650025367736816,-13.855650901794434,0.42796188592910767,103.14862060546875,0.2855566740036011
242259,2,-1.610459566116333,-12.605302810668945,-12.54459285736084,0.41993317008018494,102.90689086914062,0.31447333097457886
242279,2,0.46231403946876526,-11.486113548278809,-11.225615501403809,0.42092353105545044,102.68710327148438,0.2859818935394287
242299,2,1.3915822505950928,-10.294953346252441,-10.067798614501953,0.4162892699241638,102.51138305664062,0.33233359456062317
242319,2,3.4310271739959717,-9.032129287719727,-9.16102123260498,0.5199484825134277,102.35751342773438,0.3697567284107208
242339,2,5.463493347167969,-7.715153694152832,-7.813025951385498,0.5485855937004089,102.2476806640625,0.43524444103240967
242359,2,7.275331020355225,-6.364645481109619,-6.185206413269043,0.5184375643730164,102.15982055664062,0.49860748648643494
242379,2,9.22647762298584,-4.977949142456055,-5.309338092803955,0.6440193057060242,102.07196044921875,0.443749338388443
242399,2,11.131007194519043,-3.5553786754608154,-3.4522671699523926,0.580665647983551,102.04986572265625,0.44927752017974854
242419,2,11.999289512634277,-2.10722017288208,-2.8758544921875,0.7316346168518066,102.02792358398438,0.47309279441833496
242439,2,13.753190994262695,-0.6350259184837341,-0.2697203457355499,0.5188007950782776,102.02792358398438,0.39952385425567627
242459,2,15.416027069091797,0.8401386141777039,-0.06525011360645294,0.7856959104537964,102.09393310546875,0.5640951991081238
242479,2,16.84290885925293,2.3102145195007324,1.4381550550460815,0.783767819404602,102.15982055664062,0.534328043460846
242499,2,18.29827880859375,3.7603538036346436,2.1591548919677734,0.9378662705421448,102.2696533203125,0.5913124680519104
242519,2,19.562341690063477,5.201298236846924,4.4122395515441895,0.7820135951042175,102.42352294921875,0.5840833187103271
242539,2,20.17051124572754,6.603348731994629,6.18436336517334,0.6790798306465149,102.5772705078125,0.5219959616661072
242559,2,21.26314926147461,7.976232528686523,7.112467288970947,0.7663180232048035,102.79705810546875,0.5657961964607239
242579,2,22.223413467407227,9.30362319946289,8.558189392089844,0.7357885241508484,102.9947509765625,0.5398562550544739
242599,2,23.068607330322266,10.57098388671875,10.421802520751953,0.6011287569999695,103.21450805664062,0.4403473734855652
242619,2,23.376018524169922,11.778190612792969,11.512914657592773,0.585516095161438,103.43417358398438,0.4144074320793152
242639,2,23.896921157836914,12.921077728271484,12.857122421264648,0.5218537449836731,103.74179077148438,0.41738414764404297
242659,2,24.234041213989258,13.988059997558594,13.115822792053223,0.6561815738677979,104.0054931640625,0.4548057019710541
242679,2,24.39191436767578,14.972503662109375,14.839092254638672,0.47841423749923706,104.3350830078125,0.39909863471984863
242699,2,24.38245391845703,15.86939811706543,15.817852020263672,0.4274929165840149,104.66470336914062,0.36678001284599304
242719,2,24.203338623046875,16.672412872314453,15.71191692352295,0.5651016235351562,104.99429321289062,0.30639365315437317
242739,2,24.044397354125977,17.37982177734375,17.21141815185547,0.3722350597381592,105.34585571289062,0.27194881439208984
242759,2,23.59523582458496,17.982030868530273,18.151710510253906,0.26095303893089294,105.69741821289062,0.23197424411773682
242779,2,22.96522331237793,18.47677993774414,17.438491821289062,0.4505738615989685,106.04898071289062,0.22006738185882568
242799,2,22.149486541748047,18.868093490600586,17.9822998046875,0.3759933114051819,106.466552734375,0.25281280279159546
242819,2,21.202011108398438,19.139320373535156,17.811683654785156,0.4166448712348938,106.796142578125,0.21751591563224792
242839,2,20.668075561523438,19.30451774597168,18.53692054748535,0.28573739528656006,107.213623046875,0.22899752855300903
242859,2,19.472225189208984,19.3465518951416,19.20867919921875,0.11564048379659653,107.58712768554688,0.12438570708036423
242879,2,18.119531631469727,19.272005081176758,18.972660064697266,0.09564945101737976,107.93869018554688,0.09334282577037811
242899,2,16.630491256713867,19.0950927734375,19.263723373413086,-0.04869077727198601,108.29025268554688,0.032107554376125336
242919,2,15.147747039794922,18.797225952148438,17.352924346923828,0.23460577428340912,108.553955078125,0.15755636990070343
242939,2,13.482820510864258,18.37657356262207,18.335338592529297,-0.09566869586706161,108.971435546875,-0.030830256640911102
242959,2,12.59121036529541,17.858945846557617,19.224607467651367,-0.37951770424842834,109.344970703125,-0.06655239313840866
242979,2,10.730314254760742,17.220417022705078,17.204076766967773,-0.15630382299423218,109.58657836914062,-0.07505729049444199
242999,2,8.768531799316406,16.4764404296875,16.17051887512207,-0.15622420608997345,109.87225341796875,-0.21581493318080902
243019,2,6.713018417358398,15.649691581726074,16.11187171936035,-0.37037232518196106,110.17987060546875,-0.3395627737045288
243039,2,4.665521144866943,14.70771312713623,15.608695983886719,-0.5172445178031921,110.46554565429688,-0.362100750207901
243059,2,3.6057605743408203,13.690360069274902,14.564830780029297,-0.5245780944824219,110.729248046875,-0.4390716552734375
243079,2,1.468497633934021,12.57398796081543,13.511491775512695,-0.6002752780914307,110.94891357421875,-0.5717496275901794
243099,2,-0.6941522359848022,11.376960754394531,11.917951583862305,-0.5783924460411072,111.16867065429688,-0.5292251110076904
243119,2,-2.8530781269073486,10.12089729309082,10.3436279296875,-0.5622742772102356,111.36636352539062,-0.4603338837623596
243139,2,-4.914853096008301,8.796095848083496,8.914468765258789,-0.5737716555595398,111.52023315429688,-0.38166359066963196
243159,2,-5.952147483825684,7.430922508239746,6.704135417938232,-0.38931992650032043,111.63006591796875,-0.35019388794898987
243179,2,-8.202040672302246,6.005582332611084,5.521091461181641,-0.465848445892334,111.69595336914062,-0.3586987853050232
243199,2,-10.225252151489258,4.549324035644531,3.5573902130126953,-0.378885418176651,111.739990234375,-0.2477083057165146
243219,2,-12.166238784790039,3.054736852645874,2.2825469970703125,-0.4306156039237976,111.739990234375,-0.2813042104244232
243239,2,-13.105522155761719,1.551571011543274,-0.20813173055648804,-0.1955236941576004,111.739990234375,-0.22091786563396454
243259,2,-14.891303062438965,0.02530483528971672,-0.6158665418624878,-0.4144066572189331,111.71792602539062,-0.2574889361858368
243279,2,-16.576095581054688,-1.5029791593551636,-1.020419955253601,-0.644719660282135,111.65203857421875,-0.45395520329475403
243299,2,-18.000221252441406,-3.0273616313934326,-2.753618001937866,-0.6071347594261169,111.54220581054688,-0.5185940265655518
243319,2,-19.453659057617188,-4.519496917724609,-3.1553924083709717,-0.8275986313819885,111.454345703125,-0.49903273582458496
243339,2,-20.765243530273438,-5.994203567504883,-5.033472537994385,-0.7510496377944946,111.32244873046875,-0.5143415331840515
243359,2,-21.320758819580078,-7.4322028160095215,-6.5000224113464355,-0.7194668650627136,111.14669799804688,-0.5802545547485352
243379,2,-22.463031768798828,-8.8319673538208,-7.870586395263672,-0.7259660959243774,110.99282836914062,-0.541557252407074
243399,2,-23.276119232177734,-10.181132316589355,-9.904925346374512,-0.5744224786758423,110.77316284179688,-0.46543681621551514
243419,2,-24.000011444091797,-11.461145401000977,-10.60102367401123,-0.6738808155059814,110.50949096679688,-0.5058366656303406
243439,2,-24.529422760009766,-12.67951774597168,-12.021038055419922,-0.6139426827430725,110.26773071289062,-0.4913783371448517
243459,2,-24.71896743774414,-13.818222999572754,-12.431845664978027,-0.7278931736946106,110.004150390625,-0.46926403045654297
243479,2,-24.972614288330078,-14.875326156616211,-13.257553100585938,-0.7551429271697998,109.71847534179688,-0.5207202434539795
243499,2,-25.036624908447266,-15.84166431427002,-14.641292572021484,-0.6493595242500305,109.38888549804688,-0.5088133811950684
243519,2,-24.924617767333984,-16.710683822631836,-14.789655685424805,-0.7683990001678467,109.05929565429688,-0.5445339679718018
243539,2,-24.614837646484375,-17.478588104248047,-16.717741012573242,-0.5077704191207886,108.66378784179688,-0.48669907450675964
243559,2,-24.139080047607422,-18.137344360351562,-18.009313583374023,-0.34101471304893494,108.29025268554688,-0.32085198163986206
243579,2,-23.823768615722656,-18.69011878967285,-18.242563247680664,-0.37066882848739624,107.93869018554688,-0.2511102557182312
243599,2,-22.971851348876953,-19.12273406982422,-18.290191650390625,-0.39453914761543274,107.565185546875,-0.22219359874725342
243619,2,-21.9800968170166,-19.4405517578125,-18.977317810058594,-0.26909852027893066,107.10366821289062,-0.21666541695594788
243639,2,-20.86568832397461,-19.632783889770508,-20.37848472595215,0.02434559352695942,106.68621826171875,-0.11928276717662811
243659,2,-20.215932846069336,-19.712278366088867,-18.845584869384766,-0.2653925120830536,106.35662841796875,-0.13926927745342255
243679,2,-18.86103057861328,-19.661827087402344,-20.869415283203125,0.20134682953357697,105.91708374023438,-0.009142765775322914
243699,2,-17.314489364624023,-19.486528396606445,-17.785400390625,-0.3329041600227356,105.71939086914062,-0.21326346695423126
243719,2,-15.641679763793945,-19.20480728149414,-17.71556282043457,-0.20439818501472473,105.30191040039062,0.15415441989898682
243739,2,-13.800912857055664,-18.79206085205078,-21.050222396850586,0.5892678499221802,104.7745361328125,0.1571311354637146
243759,2,-12.940882682800293,-18.267009735107422,-20.187557220458984,0.5335339903831482,104.46688842773438,0.12055850028991699
243779,2,-10.996305465698242,-17.61726951599121,-19.82124900817871,0.6537776589393616,104.13729858398438,0.2889586091041565
243799,2,-8.92119026184082,-16.854406356811523,-18.29193878173828,0.5720803737640381,103.82965087890625,0.3297821283340454
243819,2,-6.801194667816162,-16.003887176513672,-17.213117599487305,0.5970166921615601,103.54409790039062,0.40717828273773193
243839,2,-4.644133567810059,-15.029536247253418,-15.435022354125977,0.5053344964981079,103.2803955078125,0.4718170762062073
243859,2,-3.5745248794555664,-13.978944778442383,-14.556900978088379,0.5442894697189331,102.9947509765625,0.365929514169693
243879,2,-1.3341295719146729,-12.824579238891602,-12.806400299072266,0.4814600646495819,102.77496337890625,0.41398218274116516
243899,2,0.8643798828125,-11.589204788208008,-11.6402587890625,0.5425333976745605,102.5992431640625,0.4556562006473541
243919,2,2.9119696617126465,-10.276246070861816,-10.339035987854004,0.5802277326583862,102.42352294921875,0.463737428188324
243939,2,5.157573699951172,-8.909406661987305,-9.110837936401367,0.648727536201477,102.2696533203125,0.44630080461502075
243959,2,7.300606727600098,-7.472581386566162,-6.807957172393799,0.5052626729011536,102.15982055664062,0.40250056982040405
243979,2,8.366799354553223,-6.004636287689209,-5.490290641784668,0.5115914344787598,102.09393310546875,0.38974323868751526
243999,2,10.451048851013184,-4.482973098754883,-4.23423957824707,0.5838077068328857,102.07196044921875,0.41568318009376526
244019,2,12.479228973388672,-2.930962085723877,-2.568129062652588,0.5787804126739502,102.07196044921875,0.4815976917743683
244039,2,14.428454399108887,-1.3577685356140137,-0.6656118631362915,0.5234771370887756,102.07196044921875,0.41398218274116516
244059,2,16.222564697265625,0.22029006481170654,0.12207808345556259,0.6865580081939697,102.11587524414062,0.46628889441490173
244079,2,17.099315643310547,1.794165015220642,1.4036433696746826,0.7180393934249878,102.18179321289062,0.534328043460846
244099,2,18.724685668945312,3.3707048892974854,3.115442991256714,0.6971411108970642,102.2696533203125,0.5296503901481628
244119,2,20.204561233520508,4.927459716796875,3.752504825592041,0.8846862316131592,102.40142822265625,0.5700486302375793
244139,2,21.54538917541504,6.448678970336914,5.402487754821777,0.8598735928535461,102.5772705078125,0.5951396822929382
244159,2,22.71189308166504,7.9327192306518555,7.082269668579102,0.8214171528816223,102.77496337890625,0.6533982157707214
244179,2,23.183320999145508,9.366596221923828,8.0300874710083,0.8888933062553406,102.9727783203125,0.6210796236991882
244199,2,24.07021713256836,10.748010635375977,9.212855339050293,0.9232312440872192,103.23648071289062,0.6716837286949158
244219,2,24.77634620666504,12.062309265136719,10.885201454162598,0.8422234058380127,103.47808837890625,0.6712585091590881
244239,2,25.286130905151367,13.298713684082031,12.371594429016113,0.7745469212532043,103.78573608398438,0.5921629667282104
244259,2,25.585792541503906,14.454102516174316,13.062688827514648,0.8417528867721558,104.0714111328125,0.5623942613601685
244279,2,25.655548095703125,15.51748275756836,15.357050895690918,0.5612819790840149,104.4229736328125,0.4803219735622406
244299,2,25.65498924255371,16.483348846435547,17.44275665283203,0.298195481300354,104.79647827148438,0.37953734397888184
244319,2,25.447721481323242,17.34406089782715,17.94367218017578,0.31964242458343506,105.1260986328125,0.2957625389099121
244339,2,25.03331756591797,18.0961856842041,18.2145938873291,0.3608108162879944,105.52157592773438,0.2549390196800232
244359,2,24.40597915649414,18.732830047607422,19.330400466918945,0.20817796885967255,105.93905639648438,0.21964213252067566
244379,2,24.060321807861328,19.252573013305664,20.126911163330078,0.11169348657131195,106.33465576171875,0.14352329075336456
244399,2,23.164989471435547,19.644981384277344,19.58464241027832,0.23581068217754364,106.70819091796875,0.1239604577422142
244419,2,22.063926696777344,19.910459518432617,20.238000869750977,0.10447780042886734,107.125732421875,0.12693718075752258
244439,2,20.79435157775879,20.053442001342773,18.23078727722168,0.46687355637550354,107.45523071289062,0.13842035830020905
244459,2,19.321096420288086,20.06560516357422,22.994735717773438,-0.5360140800476074,108.00460815429688,-0.018923399969935417
244479,2,18.59676742553711,19.95256805419922,16.644641876220703,0.6870453953742981,108.15835571289062,0.24430634081363678
244499,2,16.934223175048828,19.7017822265625,20.264652252197266,-0.15620574355125427,108.72970581054688,-0.16733700037002563
244519,2,15.103633880615234,19.321613311767578,20.575159072875977,-0.33093082904815674,109.08126831054688,0.030831821262836456
244539,2,13.156983375549316,18.824840545654297,15.58734130859375,0.4832170009613037,109.279052734375,-0.03550795093178749
244559,2,11.072269439697266,18.192840576171875,18.8059139251709,-0.33739525079727173,109.76242065429688,-0.114179827272892
244579,2,10.060924530029297,17.456336975097656,18.501522064208984,-0.43483051657676697,110.048095703125,-0.18222057819366455
244599,2,7.90875768661499,16.594087600708008,18.31947898864746,-0.6321335434913635,110.42160034179688,-0.29958975315093994
244619,2,5.65293025970459,15.6220121383667,17.0338077545166,-0.6340954899787903,110.685302734375,-0.33701130747795105
244639,2,3.3297128677368164,14.558577537536621,15.930490493774414,-0.6923890113830566,110.97085571289062,-0.4403473734855652
244659,2,0.9804589748382568,13.3966703414917,14.3717041015625,-0.6711305379867554,111.23455810546875,-0.38804224133491516
244679,2,-0.10194884985685349,12.152079582214355,12.699907302856445,-0.5846558213233948,111.454345703125,-0.4165336489677429
244699,2,-2.4288713932037354,10.814191818237305,12.344304084777832,-0.8312114477157593,111.65203857421875,-0.5207202434539795
244719,2,-4.812603950500488,9.401311874389648,9.878710746765137,-0.6780486702919006,111.761962890625,-0.5921613574028015
244739,2,-7.117593288421631,7.935272216796875,7.970871448516846,-0.6284089088439941,111.91574096679688,-0.45735716819763184
244759,2,-9.36406135559082,6.413280963897705,6.654824733734131,-0.7039039134979248,111.98162841796875,-0.48840007185935974
244779,2,-10.378668785095215,4.852782726287842,4.519490718841553,-0.565017819404602,112.00360107421875,-0.4246133267879486
244799,2,-12.505963325500488,3.246173143386841,3.688849449157715,-0.738148033618927,112.02555847167969,-0.469689279794693
244819,2,-14.537145614624023,1.6145092248916626,1.5791949033737183,-0.6614028811454773,111.98162841796875,-0.5088133811950684
244839,2,-16.472211837768555,-0.01882193237543106,0.14491036534309387,-0.715018093585968,111.93768310546875,-0.5037104487419128
244859,2,-18.256593704223633,-1.6677314043045044,-1.3140498399734497,-0.7625887989997864,111.827880859375,-0.5347533226013184
244879,2,-19.78209686279297,-3.299816370010376,-2.917670726776123,-0.7650504112243652,111.71792602539062,-0.5151920318603516
244899,2,-20.495342254638672,-4.909847736358643,-4.029653549194336,-0.8313958644866943,111.56417846679688,-0.5789787769317627
244919,2,-21.894155502319336,-6.49688720703125,-5.708451271057129,-0.814700722694397,111.36636352539062,-0.5921613574028015
244939,2,-23.123779296875,-8.041754722595215,-7.69743537902832,-0.7219412326812744,111.14669799804688,-0.6023688316345215
244959,2,-24.160566329956055,-9.525341987609863,-9.512356758117676,-0.6374033093452454,110.94891357421875,-0.4726659953594208
244979,2,-25.010799407958984,-10.955698013305664,-11.587898254394531,-0.4827457368373871,110.685302734375,-0.3850655257701874
244999,2,-25.609756469726562,-12.314559936523438,-12.625631332397461,-0.5064961910247803,110.42160034179688,-0.37613382935523987
245019,2,-26.025100708007812,-13.595010757446289,-13.274950981140137,-0.5939511060714722,110.13595581054688,-0.4148326814174652
245039,2,-26.264362335205078,-14.787116050720215,-14.72486400604248,-0.5038946866989136,109.82830810546875,-0.3901684880256653
245059,2,-26.323867797851562,-15.88222885131836,-15.609739303588867,-0.5040696263313293,109.49871826171875,-0.3459414541721344
245079,2,-26.263851165771484,-16.873260498046875,-16.178197860717773,-0.5502699017524719,109.12518310546875,-0.4297162592411041
245099,2,-26.019685745239258,-17.752609252929688,-17.389671325683594,-0.44371166825294495,108.77362060546875,-0.39909863471984863
245119,2,-25.536808013916016,-18.518949508666992,-18.074848175048828,-0.415666401386261,108.37814331054688,-0.361675500869751
245139,2,-24.88271713256836,-19.15859603881836,-18.49725341796875,-0.41020187735557556,107.98263549804688,-0.35487157106399536
245159,2,-24.45161247253418,-19.678220748901367,-18.573400497436523,-0.46461859345436096,107.63107299804688,-0.2676948010921478
245179,2,-23.477602005004883,-20.061691284179688,-19.52867317199707,-0.29801931977272034,107.191650390625,-0.20943625271320343
245199,2,-22.277570724487305,-20.31024742126465,-19.283979415893555,-0.3435683846473694,106.774169921875,-0.23920339345932007
245219,2,-20.902456283569336,-20.43597984313965,-20.085933685302734,-0.1503227949142456,106.37857055664062,-0.15117613971233368
245239,2,-19.309242248535156,-20.417409896850586,-20.72800636291504,0.04280291125178337,105.96099853515625,-0.08271170407533646
245259,2,-18.519756317138672,-20.265979766845703,-17.30951499938965,-0.5850486159324646,105.69741821289062,-0.2302732616662979
245279,2,-16.749082565307617,-19.969911575317383,-23.04111671447754,0.6655892133712769,105.0382080078125,0.07548253983259201
245299,2,-14.817163467407227,-19.539165496826172,-18.185073852539062,-0.16010187566280365,104.90643310546875,-0.11375458538532257
245319,2,-12.905107498168945,-18.97197914123535,-17.074352264404297,-0.20575375854969025,104.53277587890625,0.06527666002511978
245339,2,-10.729178428649902,-18.297513961791992,-18.657978057861328,0.3011532127857208,104.11532592773438,0.14820098876953125
245359,2,-8.43912410736084,-17.485673904418945,-18.31900405883789,0.4689670503139496,103.76376342773438,0.3429647386074066
245379,2,-7.1749958992004395,-16.563129425048828,-18.239307403564453,0.6645064949989319,103.39022827148438,0.4386464059352875
245399,2,-5.041367530822754,-15.516441345214844,-17.116403579711914,0.7099754214286804,103.10458374023438,0.46075913310050964
245419,2,-2.62654447555542,-14.363466262817383,-16.103233337402344,0.8109984397888184,102.81900024414062,0.5743026733398438
245439,2,-0.16657410562038422,-13.112895965576172,-14.432687759399414,0.7927998900413513,102.5552978515625,0.5279493927955627
245459,2,2.279979944229126,-11.77935791015625,-13.589539527893066,0.9505735635757446,102.33554077148438,0.6057707667350769
245479,2,4.563804626464844,-10.361428260803223,-11.91291618347168,0.9553150534629822,102.15982055664062,0.6801886558532715
245499,2,5.882643699645996,-8.876785278320312,-9.657630920410156,0.8077028393745422,102.02792358398438,0.608322262763977
245519,2,8.289207458496094,-7.327473163604736,-7.4970831871032715,0.7296789884567261,101.9400634765625,0.5840833187103271
245539,2,10.37925910949707,-5.709918022155762,-6.210143089294434,0.8162252306938171,101.8521728515625,0.5441086888313293
245559,2,12.69305419921875,-4.075164794921875,-4.022930145263672,0.7383905053138733,101.8521728515625,0.5687729120254517
245579,2,14.769044876098633,-2.3983829021453857,-2.008068323135376,0.6850595474243164,101.8741455078125,0.4884016215801239
245599,2,15.692549705505371,-0.7109066843986511,-0.044019147753715515,0.5868761539459229,101.8741455078125,0.40547728538513184
245619,2,17.638078689575195,0.9947953820228577,1.7511838674545288,0.5734298229217529,101.96200561523438,0.45608144998550415
245639,2,19.438997268676758,2.695786476135254,2.974292278289795,0.6690272092819214,102.07196044921875,0.5381552577018738
245659,2,21.107975006103516,4.366061210632324,3.901581287384033,0.8218131065368652,102.2037353515625,0.5934386849403381
245679,2,22.581600189208984,6.018932819366455,5.120468616485596,0.9077121019363403,102.35751342773438,0.607471764087677
245699,2,23.742616653442383,7.6355366706848145,6.987947463989258,0.8456927537918091,102.5772705078125,0.6274582743644714
245719,2,24.356388092041016,9.198257446289062,8.589720726013184,0.8078686594963074,102.79705810546875,0.6504215002059937
245739,2,25.329727172851562,10.700984001159668,9.817870140075684,0.8487371206283569,103.06063842773438,0.6032193303108215
245759,2,26.093183517456055,12.132323265075684,11.385570526123047,0.8013351559638977,103.3243408203125,0.6159766912460327
245779,2,26.611278533935547,13.485389709472656,12.784343719482422,0.7594809532165527,103.61001586914062,0.5049861669540405
245799,2,26.78253173828125,14.74445915222168,14.08696174621582,0.7112675309181213,103.93960571289062,0.5134910941123962
245819,2,26.974233627319336,15.905482292175293,15.548437118530273,0.622427225112915,104.31314086914062,0.5356038212776184
245839,2,26.920635223388672,16.957670211791992,16.962764739990234,0.5111383199691772,104.66470336914062,0.4854249060153961
245859,2,26.623760223388672,17.894542694091797,17.143909454345703,0.611198365688324,105.0382080078125,0.45310473442077637
245879,2,26.148038864135742,18.708499908447266,18.164222717285156,0.520309567451477,105.4556884765625,0.42716479301452637
245899,2,25.838382720947266,19.398435592651367,20.1240291595459,0.23129422962665558,105.89511108398438,0.35189488530158997
245919,2,25.008256912231445,19.951248168945312,20.27591896057129,0.25103482604026794,106.31256103515625,0.24941083788871765
245939,2,23.95363426208496,20.365867614746094,20.163963317871094,0.29032623767852783,106.70819091796875,0.2107119858264923
245959,2,22.696178436279297,20.650541305541992,20.628894805908203,0.18566152453422546,107.169677734375,0.1303391307592392
245979,2,21.353384017944336,20.78678321838379,21.59878158569336,-0.042621370404958725,107.565185546875,0.04529014974832535
245999,2,19.73871612548828,20.77039909362793,19.82931900024414,0.23299184441566467,107.916748046875,0.10184772312641144
246019,2,18.927085876464844,20.62495231628418,21.64262580871582,-0.16879157721996307,108.40008544921875,0.056771762669086456
246039,2,16.976486206054688,20.32118797302246,18.180564880371094,0.3754117488861084,108.641845703125,0.035509515553712845
246059,2,15.006710052490234,19.877639770507812,21.61253547668457,-0.44930779933929443,109.23501586914062,-0.10099723190069199
246079,2,12.888443946838379,19.307884216308594,19.634313583374023,-0.23535235226154327,109.54266357421875,-0.06357567757368088
246099,2,10.68977165222168,18.595746994018555,18.78973960876465,-0.2770319879055023,109.89422607421875,-0.1813700944185257
246119,2,8.3482084274292,17.753366470336914,19.515148162841797,-0.6622434854507446,110.24578857421875,-0.3633764982223511
246139,2,7.2358317375183105,16.793560028076172,18.332714080810547,-0.6437497138977051,110.57537841796875,-0.4288657605648041
246159,2,4.761749744415283,15.702069282531738,16.966163635253906,-0.6672366857528687,110.90496826171875,-0.5177435278892517
246179,2,2.2068734169006348,14.49757194519043,15.705533981323242,-0.7286351919174194,111.16867065429688,-0.5330523252487183
246199,2,-0.33407172560691833,13.213665962219238,13.880908966064453,-0.6924309134483337,111.410400390625,-0.5679224133491516
246219,2,-2.9062793254852295,11.832677841186523,12.808219909667969,-0.8164256811141968,111.60809326171875,-0.5772778391838074
246239,2,-4.084351539611816,10.361475944519043,11.232518196105957,-0.7914931774139404,111.761962890625,-0.5538893342018127
246259,2,-6.8070902824401855,8.80359935760498,9.714323997497559,-0.8611382842063904,111.87179565429688,-0.6538234353065491
246279,2,-9.247422218322754,7.19462251663208,8.198753356933594,-0.9255676865577698,111.95965576171875,-0.6397903561592102
246299,2,-11.636695861816406,5.520341396331787,5.3370280265808105,-0.7252184748649597,111.98162841796875,-0.5696234107017517
246319,2,-12.804880142211914,3.819603204727173,3.0148708820343018,-0.5749012231826782,111.98162841796875,-0.4726659953594208
246339,2,-14.996084213256836,2.0758750438690186,1.4732098579406738,-0.6222056746482849,111.95965576171875,-0.42844051122665405
246359,2,-17.091888427734375,0.31486374139785767,-0.2485731542110443,-0.6436144113540649,111.87179565429688,-0.5713244080543518
246379,2,-19.033002853393555,-1.4400384426116943,-1.7794140577316284,-0.6889519691467285,111.783935546875,-0.4620348811149597
246399,2,-20.6754207611084,-3.1867594718933105,-4.5869927406311035,-0.4626624882221222,111.67401123046875,-0.36762893199920654
246419,2,-22.30086898803711,-4.926031112670898,-5.628503322601318,-0.5835356712341309,111.52023315429688,-0.39782288670539856
246439,2,-23.030864715576172,-6.621976375579834,-6.5090203285217285,-0.6972575783729553,111.34439086914062,-0.45097851753234863
246459,2,-24.375518798828125,-8.282428741455078,-8.275593757629395,-0.6628938913345337,111.124755859375,-0.4901025891304016
246479,2,-25.489681243896484,-9.880802154541016,-9.491988182067871,-0.7234500646591187,110.90496826171875,-0.534328043460846
246499,2,-26.44828224182129,-11.40999698638916,-11.866730690002441,-0.5298253893852234,110.66336059570312,-0.4016501009464264
246519,2,-26.792278289794922,-12.861109733581543,-12.589814186096191,-0.6237460374832153,110.399658203125,-0.40887925028800964
246539,2,-27.312326431274414,-14.226444244384766,-13.234935760498047,-0.7357752919197083,110.11398315429688,-0.44800180196762085
246559,2,-27.599720001220703,-15.491487503051758,-14.935035705566406,-0.6179869174957275,109.78439331054688,-0.5062618851661682
246579,2,-27.632516860961914,-16.64688491821289,-15.533977508544922,-0.6925709843635559,109.47674560546875,-0.5015842318534851
246599,2,-27.550134658813477,-17.6875057220459,-15.779481887817383,-0.8154858946800232,109.12518310546875,-0.5419824719429016
246619,2,-27.156532287597656,-18.601627349853516,-17.608970642089844,-0.5991214513778687,108.70773315429688,-0.5883342027664185
246639,2,-26.531831741333008,-19.38633155822754,-17.82628631591797,-0.6680321097373962,108.31222534179688,-0.5015842318534851
246659,2,-25.658023834228516,-20.033178329467773,-18.746307373046875,-0.5645004510879517,107.916748046875,-0.4620348811149597
246679,2,-25.1763973236084,-20.5404052734375,-20.150484085083008,-0.35641372203826904,107.47732543945312,-0.3297821283340454
246699,2,-23.99481964111328,-20.896007537841797,-20.183612823486328,-0.3583716154098511,107.05975341796875,-0.20773527026176453
246719,2,-22.587230682373047,-21.101085662841797,-20.623027801513672,-0.2515920400619507,106.57638549804688,-0.2676948010921478
246739,2,-20.938425064086914,-21.162063598632812,-20.389877319335938,-0.2405318319797516,106.1807861328125,-0.13289059698581696
246759,2,-19.150371551513672,-21.061603546142578,-20.8637638092041,-0.05465032532811165,105.74136352539062,-0.08101072162389755
246779,2,-18.200809478759766,-20.824424743652344,-21.040069580078125,0.040693189948797226,105.32388305664062,-0.11630605161190033
246799,2,-16.12575340270996,-20.423583984375,-18.079307556152344,-0.3890416920185089,104.99429321289062,-0.07250582426786423
246819,2,-13.914263725280762,-19.87363624572754,-21.086854934692383,0.37569159269332886,104.48886108398438,0.09844576567411423
246839,2,-11.559551239013672,-19.201765060424805,-21.072463989257812,0.5874669551849365,104.13729858398438,0.3025664687156677
246859,2,-9.155230522155762,-18.3665828704834,-21.23394775390625,0.8718864917755127,103.71981811523438,0.41525793075561523
246879,2,-7.890893936157227,-17.416385650634766,-19.233009338378906,0.6962741613388062,103.3463134765625,0.46458789706230164
246899,2,-5.3449530601501465,-16.322172164916992,-17.566347122192383,0.6565775275230408,103.01669311523438,0.43524444103240967
246919,2,-2.47788667678833,-15.11181640625,-16.4395751953125,0.7564567923545837,102.68710327148438,0.4888268709182739
246939,2,0.24795617163181305,-13.799452781677246,-15.054920196533203,0.817101001739502,102.44549560546875,0.5534641146659851
246959,2,1.5188543796539307,-12.388654708862305,-14.181783676147461,0.9362136721611023,102.2037353515625,0.6410661339759827
246979,2,4.152256488800049,-10.871294975280762,-11.458965301513672,0.7623974084854126,102.00595092773438,0.660202145576477
246999,2,6.762871742248535,-9.274005889892578,-10.137554168701172,0.8723950386047363,101.8741455078125,0.6755109429359436
247019,2,9.315037727355957,-7.631567001342773,-8.399946212768555,0.9057890772819519,101.74237060546875,0.7001767158508301
247039,2,11.78854751586914,-5.905087471008301,-6.0996599197387695,0.8321224451065063,101.67636108398438,0.6538234353065491
247059,2,12.999159812927246,-4.150816440582275,-4.495159149169922,0.8417044281959534,101.63241577148438,0.6346874237060547
247079,2,15.2966890335083,-2.349386215209961,-2.826185464859009,0.8962892889976501,101.65438842773438,0.669557511806488
247099,2,17.46018409729004,-0.5294888019561768,-1.144033432006836,0.9496617317199707,101.72039794921875,0.7414254546165466
247119,2,19.305818557739258,1.2988860607147217,0.6272327899932861,0.9689587950706482,101.78628540039062,0.714209794998169
247139,2,21.029918670654297,3.121039390563965,3.1394991874694824,0.837282657623291,101.9400634765625,0.7040039300918579
247159,2,22.752721786499023,4.903934955596924,4.25504732131958,0.9697496891021729,102.07196044921875,0.6831669211387634
247179,2,24.26590919494629,6.665580749511719,6.292496204376221,0.9109393358230591,102.2476806640625,0.675936222076416
247199,2,24.89659309387207,8.37720012664795,8.584056854248047,0.7525910139083862,102.51138305664062,0.6253320574760437
247219,2,26.160606384277344,10.03645133972168,9.805802345275879,0.8201647996902466,102.73104858398438,0.598116397857666
247239,2,27.014354705810547,11.62541675567627,11.07955265045166,0.861888587474823,103.08261108398438,0.6559497117996216
247259,2,27.707794189453125,13.125700950622559,12.891156196594238,0.7697920799255371,103.39022827148438,0.6380894184112549
247279,2,28.148103713989258,14.533005714416504,14.727620124816895,0.6492061018943787,103.71981811523438,0.5730268955230713
247299,2,28.320363998413086,15.835938453674316,16.281482696533203,0.5516378283500671,104.0714111328125,0.5479359030723572
247319,2,28.3187255859375,17.023900985717773,18.346473693847656,0.31725552678108215,104.44491577148438,0.3297821283340454
247339,2,28.117372512817383,18.08750343322754,19.52971649169922,0.2283816635608673,104.86239624023438,0.2664206326007843
247359,2,27.64617347717285,19.02215576171875,19.935012817382812,0.2610306441783905,105.25787353515625,0.18179532885551453
247379,2,26.910825729370117,19.818084716796875,20.13734245300293,0.30846521258354187,105.65347290039062,0.24813510477542877
247399,2,26.50299835205078,20.46929359436035,19.81789207458496,0.45557093620300293,106.09292602539062,0.31107136607170105
247419,2,25.409339904785156,20.96415901184082,20.462148666381836,0.36190617084503174,106.55441284179688,0.2808789610862732
247439,2,24.090009689331055,21.304317474365234,20.856664657592773,0.288254052400589,106.99383544921875,0.2596167325973511
247459,2,22.53508949279785,21.500497817993164,20.89433479309082,0.24994723498821259,107.43325805664062,0.18519729375839233
247479,2,20.74666976928711,21.528156280517578,21.244861602783203,0.11040874570608139,107.894775390625,0.11290409415960312
247499,2,19.86003875732422,21.40215301513672,22.163415908813477,-0.12489217519760132,108.35617065429688,0.035509515553712845
247519,2,17.813568115234375,21.104902267456055,17.430891036987305,0.6911317706108093,108.553955078125,0.20688478648662567
247539,2,15.601646423339844,20.650117874145508,24.0589542388916,-0.7919834852218628,109.23501586914062,-0.2477083057165146
247559,2,13.187688827514648,20.06128692626953,20.58047866821289,-0.2850334048271179,109.49871826171875,0.044439658522605896
247579,2,10.686664581298828,19.307010650634766,17.96184730529785,0.006997511722147465,109.80633544921875,-0.06485141813755035
247599,2,9.486525535583496,18.416790008544922,17.91197395324707,-0.17089372873306274,110.17987060546875,-0.19157597422599792
247619,2,6.84146785736084,17.371103286743164,17.439882278442383,-0.3608640134334564,110.55340576171875,-0.3285064101219177
247639,2,4.120373249053955,16.194589614868164,17.759475708007812,-0.7380362153053284,110.92694091796875,-0.5181687474250793
247659,2,1.2887383699417114,14.90587043762207,16.28538703918457,-0.7847282290458679,111.23455810546875,-0.5466601848602295
247679,2,-1.3625545501708984,13.490303993225098,14.388466835021973,-0.7589394450187683,111.49826049804688,-0.5815302729606628
247699,2,-2.7346396446228027,11.996966361999512,12.857221603393555,-0.7602384090423584,111.739990234375,-0.6215048432350159
247719,2,-5.462734222412109,10.393651008605957,11.457386016845703,-0.8660116791725159,111.91574096679688,-0.7125087976455688
247739,2,-8.190718650817871,8.710441589355469,9.618531227111816,-0.8954077363014221,112.04753112792969,-0.7231399416923523
247759,2,-10.790346145629883,6.982975959777832,7.817845821380615,-0.9319541454315186,112.15757751464844,-0.6980489492416382
247779,2,-13.334277153015137,5.17410945892334,5.575359344482422,-0.8838184475898743,112.22346496582031,-0.6351127028465271
247799,2,-14.540237426757812,3.3425748348236084,3.5073843002319336,-0.8124445080757141,112.22346496582031,-0.6244815587997437
247819,2,-16.88501739501953,1.4662052392959595,1.026743769645691,-0.715858519077301,112.20150756835938,-0.6287339925765991
247839,2,-19.06599998474121,-0.422029972076416,-0.2977815270423889,-0.838986337184906,112.15757751464844,-0.6095979809761047
247859,2,-20.924177169799805,-2.313032627105713,-2.602834701538086,-0.7573305368423462,112.04753112792969,-0.6210796236991882
247879,2,-22.938596725463867,-4.1736016273498535,-3.9198756217956543,-0.8729566335678101,111.89376831054688,-0.5730253458023071
247899,2,-24.4327335357666,-6.01759147644043,-6.331803321838379,-0.7450591921806335,111.69595336914062,-0.5789787769317627
247919,2,-25.103736877441406,-7.809097766876221,-7.674119472503662,-0.7854630351066589,111.49826049804688,-0.5534641146659851
247939,2,-26.497905731201172,-9.550063133239746,-9.340094566345215,-0.7907416820526123,111.25653076171875,-0.6036445498466492
247959,2,-27.529098510742188,-11.215909957885742,-10.485020637512207,-0.8668578863143921,110.99282836914062,-0.5483611822128296
247979,2,-28.278522491455078,-12.803898811340332,-11.786859512329102,-0.9001613259315491,110.66336059570312,-0.5853574872016907
247999,2,-28.563289642333984,-14.293085098266602,-13.418380737304688,-0.8329976797103882,110.31179809570312,-0.6397903561592102
248019,2,-28.923627853393555,-15.679220199584961,-15.815945625305176,-0.5965913534164429,109.96023559570312,-0.587908923625946
248039,2,-29.0090389251709,-16.946636199951172,-16.4499454498291,-0.6778403520584106,109.608642578125,-0.5373047590255737
248059,2,-28.816553115844727,-18.08757972717285,-17.374067306518555,-0.6652266979217529,109.21304321289062,-0.4603338837623596
248079,2,-28.344480514526367,-19.09146499633789,-18.77801513671875,-0.5310361981391907,108.77362060546875,-0.4718154966831207
248099,2,-28.03365707397461,-19.953903198242188,-19.913894653320312,-0.434272438287735,108.31222534179688,-0.4241880774497986
248119,2,-27.16839027404785,-20.660438537597656,-20.094348907470703,-0.4794268310070038,107.850830078125,-0.4080287516117096
248139,2,-26.046079635620117,-21.209375381469727,-21.01038360595703,-0.33055874705314636,107.45523071289062,-0.1796691119670868
248159,2,-24.649959564208984,-21.602867126464844,-21.41259002685547,-0.24409855902194977,106.97186279296875,-0.10950213670730591
248179,2,-23.081968307495117,-21.8232479095459,-24.020793914794922,0.2958274483680725,106.37857055664062,-0.16478553414344788
248199,2,-21.3523006439209,-21.88327980041504,-19.7600040435791,-0.4910142123699188,106.1368408203125,-0.2562131881713867
248219,2,-20.447967529296875,-21.780086517333984,-23.05826187133789,0.2313963621854782,105.49960327148438,0.14012132585048676
248239,2,-18.345094680786133,-21.49957275390625,-21.945236206054688,0.12177909910678864,105.14804077148438,-0.1222594827413559
248259,2,-15.998475074768066,-21.050352096557617,-18.138626098632812,-0.44516298174858093,104.84042358398438,0.08526317030191422
248279,2,-13.596362113952637,-20.450532913208008,-20.909561157226562,0.29389238357543945,104.29116821289062,0.13842035830020905
248299,2,-11.028975486755371,-19.691574096679688,-22.474456787109375,0.8399615287780762,103.85174560546875,0.33360934257507324
248319,2,-9.65383529663086,-18.787141799926758,-21.325109481811523,0.8344950079917908,103.47808837890625,0.5334776043891907
248339,2,-6.914265155792236,-17.717092514038086,-20.231502532958984,0.9233686327934265,103.12652587890625,0.5534641146659851
248359,2,-4.084115505218506,-16.508440017700195,-19.18193244934082,1.0531201362609863,102.81900024414062,0.731644868850708
248379,2,-0.9500105381011963,-15.189085960388184,-17.210691452026367,1.0273468494415283,102.53335571289062,0.705704927444458
248399,2,0.47692933678627014,-13.750964164733887,-15.323535919189453,0.9559403657913208,102.2476806640625,0.6848679184913635
248419,2,3.3542327880859375,-12.185458183288574,-12.684161186218262,0.8117115497589111,102.02792358398438,0.6304349899291992
248439,2,6.468808174133301,-10.54169750213623,-10.319153785705566,0.7363325357437134,101.8741455078125,0.6227805614471436
248459,2,9.376325607299805,-8.813263893127441,-8.201118469238281,0.7099721431732178,101.72039794921875,0.5598427653312683
248479,2,10.657332420349121,-7.00769567489624,-6.174692630767822,0.6375327110290527,101.63241577148438,0.5236969590187073
248499,2,13.39432430267334,-5.126172065734863,-4.3554205894470215,0.680579423904419,101.61044311523438,0.542407751083374
248519,2,15.832661628723145,-3.2079148292541504,-2.5064849853515625,0.7087023258209229,101.5885009765625,0.5322018265724182
248539,2,18.037511825561523,-1.2781450748443604,-0.4143587648868561,0.678189754486084,101.5885009765625,0.5028599500656128
248559,2,20.266326904296875,0.6617739200592041,0.16741010546684265,0.9568122625350952,101.65438842773438,0.607471764087677
248579,2,22.30550193786621,2.599862575531006,2.0634708404541016,0.9757621884346008,101.76431274414062,0.6742352247238159
248599,2,23.15248680114746,4.524426460266113,4.260570526123047,0.8824452757835388,101.8961181640625,0.6627535820007324
248619,2,24.86472511291504,6.425327777862549,5.289126873016357,1.0543837547302246,102.04986572265625,0.7235652208328247
248639,2,26.318254470825195,8.279047012329102,7.128204822540283,1.0528411865234375,102.2257080078125,0.7439769506454468
248659,2,27.47722625732422,10.069393157958984,9.451687812805176,0.9335715770721436,102.46743774414062,0.7269671559333801
248679,2,28.4517822265625,11.772171020507812,11.386683464050293,0.8615608811378479,102.73104858398438,0.6712585091590881
248699,2,29.157684326171875,13.38652515411377,12.351144790649414,0.9598931074142456,103.01669311523438,0.6414913535118103
248719,2,29.551027297973633,14.902260780334473,13.147343635559082,1.06373929977417,103.36825561523438,0.6797633767127991
248739,2,29.673160552978516,16.302228927612305,15.504883766174316,0.8392829895019531,103.76376342773438,0.7231399416923523
248759,2,29.678442001342773,17.576446533203125,16.687402725219727,0.8134298324584961,104.09335327148438,0.6172524094581604
248779,2,29.404117584228516,18.71227264404297,18.487173080444336,0.6247157454490662,104.53277587890625,0.5130658149719238
248799,2,28.78011703491211,19.708078384399414,19.672340393066406,0.5200017690658569,104.97232055664062,0.49095308780670166
248819,2,27.98919677734375,20.538137435913086,21.2283878326416,0.3050236105918884,105.4117431640625,0.3888927400112152
248839,2,27.505685806274414,21.21904182434082,22.014921188354492,0.23022066056728363,105.89511108398438,0.2315489947795868
248859,2,26.22600555419922,21.72452735900879,22.8050479888916,0.09343413263559341,106.33465576171875,0.202632337808609
248879,2,24.708097457885742,22.056692123413086,21.453693389892578,0.3421931564807892,106.75210571289062,0.1796691119670868
248899,2,22.921640396118164,22.230297088623047,23.73573112487793,-0.162104994058609,107.30148315429688,0.09079135954380035
248919,2,20.88019371032715,22.22393035888672,19.07648468017578,0.6821898221969604,107.543212890625,0.2396286427974701
248939,2,19.902835845947266,22.03913688659668,24.70987892150879,-0.5175248980522156,108.246337890625,-0.1715894639492035
248959,2,17.606191635131836,21.66846466064453,22.606557846069336,-0.24139319360256195,108.553955078125,0.04401441290974617
248979,2,15.1337251663208,21.12277603149414,19.029163360595703,0.2635228633880615,108.86148071289062,-0.09376806765794754
248999,2,12.709127426147461,20.40281105041504,19.830232620239258,-0.11569880694150925,109.322998046875,-0.19880513846874237
249019,2,9.9780912399292,19.547815322875977,20.278778076171875,-0.46268215775489807,109.76242065429688,-0.31277233362197876
249039,2,7.095376491546631,18.53547477722168,19.932355880737305,-0.6848734021186829,110.13595581054688,-0.3948461711406708
249059,2,4.44370698928833,17.356586456298828,19.6513614654541,-0.9421538710594177,110.48751831054688,-0.5309261083602905
249079,2,3.059053659439087,16.047130584716797,18.051931381225586,-0.9073800444602966,110.79513549804688,-0.6095979809761047
249099,2,0.1219337210059166,14.5949068069458,16.420610427856445,-0.956492006778717,111.102783203125,-0.6908197999000549
249119,2,-2.8927481174468994,13.023002624511719,15.117191314697266,-1.094266653060913,111.30047607421875,-0.7933053374290466
249139,2,-5.879396915435791,11.371729850769043,11.50133991241455,-0.7758406400680542,111.52023315429688,-0.6236310601234436
249159,2,-8.876355171203613,9.621865272521973,9.842095375061035,-0.8500088453292847,111.67401123046875,-0.5798292756080627
249179,2,-10.17291259765625,7.786019802093506,8.117691040039062,-0.8547526597976685,111.739990234375,-0.6742352247238159
249199,2,-12.958264350891113,5.871287822723389,6.064378261566162,-0.8688887357711792,111.783935546875,-0.6550992131233215
249219,2,-15.65392780303955,3.9052557945251465,3.331122875213623,-0.7460330128669739,111.783935546875,-0.5781282782554626
249239,2,-18.190427780151367,1.9275940656661987,0.8316026329994202,-0.6557536125183105,111.783935546875,-0.4730912446975708
249259,2,-20.550018310546875,-0.08331739902496338,-0.8797754049301147,-0.7181012630462646,111.71792602539062,-0.5058366656303406
249279,2,-21.582317352294922,-2.091097116470337,-2.6913857460021973,-0.7075310349464417,111.60809326171875,-0.5381552577018738
249299,2,-23.586959838867188,-4.094201564788818,-4.392516613006592,-0.7635328769683838,111.476318359375,-0.5679224133491516
249319,2,-25.389179229736328,-6.066521167755127,-5.995924949645996,-0.8289780616760254,111.32244873046875,-0.5947128534317017
249339,2,-26.945350646972656,-7.977151393890381,-8.197579383850098,-0.7554849982261658,111.102783203125,-0.5891846418380737
249359,2,-28.236743927001953,-9.84206771850586,-8.83585262298584,-0.9796587228775024,110.90496826171875,-0.608322262763977
249379,2,-28.728206634521484,-11.621170043945312,-11.112842559814453,-0.8348321318626404,110.59735107421875,-0.6606273651123047
249399,2,-29.58638572692871,-13.313796043395996,-12.337368965148926,-0.9009780287742615,110.28970336914062,-0.6185281276702881
249419,2,-30.141151428222656,-14.900090217590332,-13.663272857666016,-0.9182708263397217,109.96023559570312,-0.6321359872817993
249439,2,-30.392776489257812,-16.365633010864258,-15.010503768920898,-0.9026269316673279,109.608642578125,-0.6529729962348938
249459,2,-30.356401443481445,-17.70039939880371,-16.1712646484375,-0.8898377418518066,109.23501586914062,-0.6193786263465881
249479,2,-30.01511573791504,-18.893238067626953,-18.35602569580078,-0.638853907585144,108.83953857421875,-0.5560155510902405
249499,2,-29.755416870117188,-19.936506271362305,-18.58450698852539,-0.753616213798523,108.44403076171875,-0.4964812695980072
249519,2,-28.883785247802734,-20.81471824645996,-20.189533233642578,-0.5469222664833069,107.98263549804688,-0.4952055513858795
249539,2,-27.765405654907227,-21.533493041992188,-21.293664932250977,-0.39376455545425415,107.521240234375,-0.3183005154132843
249559,2,-26.395029067993164,-22.06545066833496,-22.156044006347656,-0.2421177327632904,107.05975341796875,-0.16053152084350586
249579,2,-25.590999603271484,-22.430639266967773,-23.39336395263672,-0.014762647449970245,106.55441284179688,-0.10142248123884201
249599,2,-23.799707412719727,-22.600799560546875,-21.337677001953125,-0.3733352720737457,106.20272827148438,-0.159681037068367
249619,2,-21.75827980041504,-22.585302352905273,-23.865983963012695,0.22202087938785553,105.60943603515625,0.03848623111844063
249639,2,-19.493358612060547,-22.3961238861084,-20.409889221191406,-0.3490825891494751,105.30191040039062,-0.23367521166801453
249659,2,-17.208669662475586,-22.022159576416016,-22.12802505493164,0.15109138190746307,104.7745361328125,0.04529014974832535
249679,2,-14.653072357177734,-21.44898796081543,-23.403127670288086,0.5932592153549194,104.3350830078125,0.09504380822181702
249699,2,-13.301956176757812,-20.72359275817871,-23.370595932006836,0.7657712697982788,103.91763305664062,0.32425394654273987
249719,2,-10.457562446594238,-19.80807876586914,-21.54833221435547,0.6817361116409302,103.54409790039062,0.38464030623435974
249739,2,-7.487370491027832,-18.7274227142334,-20.176258087158203,0.7202206254005432,103.17056274414062,0.4798967242240906
249759,2,-4.433830738067627,-17.51888084411621,-19.247882843017578,0.8697236180305481,102.79705810546875,0.5151920318603516
249779,2,-1.3503667116165161,-16.13227081298828,-17.611717224121094,0.9100426435470581,102.48941040039062,0.5755783915519714
249799,2,0.1982802301645279,-14.635406494140625,-16.27509117126465,0.9642980098724365,102.2257080078125,0.730794370174408
249819,2,3.3376286029815674,-12.992136001586914,-14.600769996643066,1.041627049446106,102.00595092773438,0.7478041648864746
249839,2,6.422046184539795,-11.236971855163574,-13.043525695800781,1.151977777481079,101.78628540039062,0.7682158946990967
249859,2,9.434401512145996,-9.42074966430664,-10.659489631652832,1.104702115058899,101.63241577148438,0.7486546635627747
249879,2,12.355304718017578,-7.504467964172363,-8.40401840209961,1.0903186798095703,101.5445556640625,0.7269671559333801
249899,2,14.898639678955078,-5.50261926651001,-6.313751220703125,1.106310248374939,101.5225830078125,0.7733188271522522
249919,2,16.248382568359375,-3.4825820922851562,-4.148226737976074,1.0526021718978882,101.5445556640625,0.741850733757019
249939,2,18.835546493530273,-1.4123833179473877,-2.6792845726013184,1.2035820484161377,101.5885009765625,0.8035128116607666
249959,2,21.261550903320312,0.6700277924537659,-0.7505021691322327,1.2674702405929565,101.69830322265625,0.8962169885635376
249979,2,23.648473739624023,2.7354631423950195,2.574007511138916,1.037234902381897,101.80825805664062,0.7699168920516968
249999,2,25.399934768676758,4.79475736618042,5.469038963317871,0.8545342087745667,101.98397827148438,0.6704080104827881
250019,2,26.987354278564453,6.809810161590576,6.797555446624756,0.9717321395874023,102.18179321289062,0.659351646900177
250039,2,27.80208396911621,8.769693374633789,9.49057674407959,0.7764533758163452,102.44549560546875,0.5942891836166382
250059,2,28.98219108581543,10.666895866394043,11.48928451538086,0.71442049741745,102.70907592773438,0.5504873991012573
250079,2,29.986417770385742,12.475682258605957,13.210282325744629,0.6908872127532959,103.01669311523438,0.5479359030723572
250099,2,30.68326759338379,14.17557144165039,14.367276191711426,0.7462507486343384,103.3463134765625,0.5151920318603516
250119,2,31.053573608398438,15.765168190002441,15.57937240600586,0.7713940739631653,103.74179077148438,0.5798308253288269
250139,2,31.099409103393555,17.22344398498535,16.95195960998535,0.7275823354721069,104.09335327148438,0.5151920318603516
250159,2,31.007156372070312,18.53941535949707,18.183015823364258,0.6841643452644348,104.53277587890625,0.47819575667381287
250179,2,30.575883865356445,19.70034408569336,19.322866439819336,0.6243133544921875,104.95034790039062,0.5003084540367126
250199,2,29.818279266357422,20.702980041503906,21.062549591064453,0.403594434261322,105.4117431640625,0.39782288670539856
250219,2,28.726266860961914,21.523040771484375,22.677467346191406,0.15932506322860718,105.85116577148438,0.2515370547771454
250239,2,28.125247955322266,22.173521041870117,22.239282608032227,0.3193172812461853,106.31256103515625,0.26259344816207886
250259,2,26.607112884521484,22.6302490234375,22.483068466186523,0.27767413854599,106.774169921875,0.2251703143119812
250279,2,24.822338104248047,22.895870208740234,23.158409118652344,0.1079840213060379,107.23556518554688,0.14947672188282013
250299,2,22.763538360595703,22.967201232910156,22.695037841796875,0.1303790807723999,107.67501831054688,0.1439485400915146
250319,2,20.423160552978516,22.850162506103516,20.687650680541992,0.40335091948509216,108.09246826171875,0.1061001718044281
250339,2,19.242631912231445,22.550453186035156,24.028064727783203,-0.3380047380924225,108.641845703125,-0.02445158362388611
250359,2,16.622175216674805,22.044506072998047,18.110347747802734,0.6468384861946106,108.86148071289062,0.13161486387252808
250379,2,13.79714298248291,21.348411560058594,20.605581283569336,-0.08508830517530441,109.38888549804688,-0.17754288017749786
250399,2,10.815818786621094,20.480392456054688,21.522235870361328,-0.516683042049408,109.87225341796875,-0.13289059698581696
250419,2,7.767422199249268,19.422195434570312,20.618453979492188,-0.6307359933853149,110.22381591796875,-0.254512220621109
250439,2,6.204123497009277,18.22205352783203,19.56241226196289,-0.6789295077323914,110.59735107421875,-0.35784828662872314
250459,2,2.999485492706299,16.84217643737793,19.495208740234375,-1.0318827629089355,110.94891357421875,-0.6019435524940491
250479,2,-0.23242084681987762,15.3160400390625,17.697620391845703,-1.075769066810608,111.21261596679688,-0.7227147221565247
250499,2,-3.482053518295288,13.687530517578125,16.073698043823242,-1.1728652715682983,111.454345703125,-0.8162685632705688
250519,2,-6.686835289001465,11.920905113220215,12.989730834960938,-0.996038556098938,111.69595336914062,-0.7507808804512024
250539,2,-8.23582935333252,10.059937477111816,11.09744644165039,-0.9890071153640747,111.89376831054688,-0.75120609998703
250559,2,-11.302484512329102,8.093149185180664,8.919533729553223,-1.0084518194198608,112.00360107421875,-0.8073384165763855
250579,2,-14.326059341430664,6.0518479347229,6.994548320770264,-1.083539366722107,112.09156799316406,-0.7775713205337524
250599,2,-17.152875900268555,3.9698550701141357,4.244561195373535,-0.9912824034690857,112.11354064941406,-0.7358973026275635
250619,2,-19.59453582763672,1.8521357774734497,2.2068278789520264,-1.0256924629211426,112.09156799316406,-0.7482293844223022
250639,2,-22.086822509765625,-0.3038819432258606,0.3212156891822815,-1.0984959602355957,112.02555847167969,-0.714209794998169
250659,2,-23.144283294677734,-2.4383835792541504,-1.988903284072876,-1.02315092086792,111.91574096679688,-0.7588605284690857
250679,2,-25.28035545349121,-4.568492889404297,-4.8467254638671875,-0.882663369178772,111.739990234375,-0.695497453212738
250699,2,-27.127958297729492,-6.660116672515869,-6.086324691772461,-1.042605996131897,111.54220581054688,-0.701876163482666
250719,2,-28.562196731567383,-8.699006080627441,-9.1030855178833,-0.8253731727600098,111.30047607421875,-0.6942217350006104
250739,2,-29.86518096923828,-10.65054702758789,-10.810513496398926,-0.8392853736877441,111.058837890625,-0.6117241978645325
250759,2,-30.78382110595703,-12.520612716674805,-12.567214965820312,-0.8178461790084839,110.77316284179688,-0.5526136159896851
250779,2,-31.467308044433594,-14.288348197937012,-14.125097274780273,-0.815645158290863,110.399658203125,-0.6053455471992493
250799,2,-31.66245460510254,-15.934499740600586,-16.44581413269043,-0.6216657757759094,110.048095703125,-0.5462349057197571
250819,2,-31.839345932006836,-17.44614028930664,-17.666881561279297,-0.6190647482872009,109.674560546875,-0.5071123838424683
250839,2,-31.681079864501953,-18.807859420776367,-17.983997344970703,-0.7629821300506592,109.257080078125,-0.5096638798713684
250859,2,-31.239723205566406,-20.00691032409668,-20.244586944580078,-0.4892498254776001,108.79559326171875,-0.536029040813446
250879,2,-30.43731689453125,-21.038387298583984,-21.045425415039062,-0.4566666781902313,108.37814331054688,-0.36592796444892883
250899,2,-29.29646873474121,-21.882545471191406,-21.520980834960938,-0.4440109133720398,107.93869018554688,-0.33190834522247314
250919,2,-28.606605529785156,-22.54789161682129,-22.373369216918945,-0.34274759888648987,107.521240234375,-0.14309647679328918
250939,2,-27.003843307495117,-23.008148193359375,-23.99456024169922,-0.015093004330992699,106.99383544921875,-0.06570190191268921
250959,2,-25.055622100830078,-23.26546287536621,-24.2285213470459,0.06475238502025604,106.53244018554688,-0.11630605161190033
250979,2,-22.934711456298828,-23.34145164489746,-20.706501007080078,-0.5422104597091675,106.22470092773438,-0.13501682877540588
250999,2,-20.5061092376709,-23.19291877746582,-26.002214431762695,0.6131269931793213,105.60943603515625,-0.024876829236745834
251019,2,-18.024404525756836,-22.83110809326172,-19.608333587646484,-0.4785310924053192,105.38980102539062,0.0006378673715516925
251039,2,-16.712453842163086,-22.297285079956055,-21.523174285888672,0.03927592560648918,104.88433837890625,0.13501682877540588
251059,2,-13.812712669372559,-21.553504943847656,-21.688716888427734,0.3102289140224457,104.4229736328125,0.19795463979244232
251079,2,-10.654176712036133,-20.61672019958496,-21.329051971435547,0.5220762491226196,103.9835205078125,0.32085198163986206
251099,2,-7.543035507202148,-19.528362274169922,-21.228967666625977,0.815092921257019,103.58804321289062,0.4258890450000763
251119,2,-4.541195869445801,-18.257238388061523,-20.07474708557129,0.9277194142341614,103.25845336914062,0.5377300381660461
251139,2,-1.2189527750015259,-16.800113677978516,-17.650527954101562,0.8298786878585815,102.9727783203125,0.5959901809692383
251159,2,0.4683229923248291,-15.219111442565918,-15.388187408447266,0.7103854417800903,102.68710327148438,0.6202291250228882
251179,2,3.8193769454956055,-13.479962348937988,-13.677435874938965,0.791802704334259,102.44549560546875,0.6117241978645325
251199,2,7.138155937194824,-11.62133502960205,-12.424394607543945,0.9894742965698242,102.2696533203125,0.806064248085022
251219,2,10.407074928283691,-9.686760902404785,-11.108757019042969,1.185753583908081,102.09393310546875,0.8213731050491333
251239,2,13.64415168762207,-7.627829074859619,-7.7463555335998535,0.9914050102233887,102.00595092773438,0.8196721076965332
251259,2,15.072349548339844,-5.520362854003906,-5.522993564605713,0.9422749280929565,101.96200561523438,0.7490798830986023
251279,2,18.004573822021484,-3.3449501991271973,-3.201972484588623,0.9462355375289917,101.96200561523438,0.6997514963150024
251299,2,20.692548751831055,-1.1400738954544067,-1.09682297706604,0.9875004291534424,101.98397827148438,0.740149736404419
251319,2,23.22711181640625,1.0780819654464722,0.21044954657554626,1.1888688802719116,102.09393310546875,0.823499321937561
251339,2,25.482702255249023,3.2810347080230713,3.184459686279297,1.0458396673202515,102.2257080078125,0.8009613156318665
251359,2,26.48114585876465,5.451945781707764,4.908834457397461,1.0879695415496826,102.37948608398438,0.7737441062927246
251379,2,28.328269958496094,7.591655254364014,7.290226936340332,1.0328624248504639,102.6431884765625,0.81329345703125
251399,2,29.866470336914062,9.664543151855469,9.637496948242188,0.9581823348999023,102.88491821289062,0.7724683880805969
251419,2,31.15389633178711,11.645631790161133,11.784141540527344,0.8927909135818481,103.17056274414062,0.6661555767059326
251439,2,31.606657028198242,13.528451919555664,13.057891845703125,0.9546011090278625,103.50018310546875,0.6942232847213745
251459,2,32.256900787353516,15.298659324645996,15.044466018676758,0.8650679588317871,103.85174560546875,0.642767071723938
251479,2,32.55155944824219,16.933670043945312,17.114870071411133,0.7253729104995728,104.26919555664062,0.5777046084403992
251499,2,32.479583740234375,18.418872833251953,18.467830657958984,0.6852478384971619,104.6866455078125,0.5173182487487793
251519,2,32.03373336791992,19.743715286254883,19.74357032775879,0.6153640747070312,105.0821533203125,0.4688403606414795
251539,2,31.70035743713379,20.893848419189453,20.551931381225586,0.6200800538063049,105.54354858398438,0.473518043756485
251559,2,30.743167877197266,21.85334587097168,22.51156997680664,0.3361542224884033,106.02700805664062,0.40420156717300415
251579,2,29.432559967041016,22.617435455322266,23.17559051513672,0.2654409408569336,106.510498046875,0.30766940116882324
251599,2,27.786319732666016,23.185794830322266,23.145673751831055,0.29080235958099365,107.01580810546875,0.258340984582901
251619,2,25.875751495361328,23.538192749023438,23.32843780517578,0.2309412658214569,107.499267578125,0.19370219111442566
251639,2,24.79751205444336,23.697843551635742,23.261953353881836,0.22260333597660065,107.98263549804688,0.1124788448214531
251659,2,22.418018341064453,23.628747940063477,23.54850196838379,0.053613681346178055,108.48794555664062,0.07080484181642532
251679,2,19.77985382080078,23.345760345458984,22.453828811645508,0.12912410497665405,108.949462890625,0.16393505036830902
251699,2,16.88873291015625,22.877504348754883,22.02637481689453,0.007737952750176191,109.41085815429688,-0.05251774936914444
251719,2,13.73721694946289,22.182235717773438,24.216087341308594,-0.6461288928985596,109.93814086914062,-0.02317584864795208
251739,2,12.286802291870117,21.294118881225586,21.1234188079834,-0.23080745339393616,110.24578857421875,-0.13756829500198364
251759,2,9.01199722290039,20.19611358642578,20.031795501708984,-0.3345392346382141,110.61929321289062,-0.3442404568195343
251779,2,5.585140705108643,18.912622451782227,20.137435913085938,-0.7148921489715576,111.058837890625,-0.5130658149719238
251799,2,2.074843168258667,17.468704223632812,19.325674057006836,-0.9477542042732239,111.432373046875,-0.6253320574760437
251819,2,-1.5034376382827759,15.861465454101562,17.99217414855957,-1.110338807106018,111.739990234375,-0.7439769506454468
251839,2,-3.405616283416748,14.116206169128418,15.50590991973877,-0.9909379482269287,112.04753112792969,-0.7775713205337524
251859,2,-6.879330158233643,12.22420883178711,14.166044235229492,-1.1907093524932861,112.26741027832031,-0.8604956269264221
251879,2,-10.29619312286377,10.248856544494629,12.807865142822266,-1.3962868452072144,112.487060546875,-0.8949404358863831
251899,2,-13.650253295898438,8.14169692993164,10.8950834274292,-1.514872670173645,112.59700012207031,-0.9480991959571838
251919,2,-15.125358581542969,5.982014179229736,8.301115989685059,-1.4260048866271973,112.66290283203125,-0.9914742112159729
251939,2,-18.155277252197266,3.7494986057281494,4.417245388031006,-1.154788613319397,112.66290283203125,-0.9693614840507507
251959,2,-21.019563674926758,1.4792823791503906,2.1999716758728027,-1.2042076587677002,112.61897277832031,-0.9544779062271118
251979,2,-23.712156295776367,-0.797859251499176,-0.7308830618858337,-1.0978937149047852,112.55307006835938,-0.832854688167572
251999,2,-26.02532196044922,-3.0723876953125,-3.3789708614349365,-1.0258228778839111,112.42117309570312,-0.756734311580658
252019,2,-27.05596160888672,-5.3166656494140625,-6.4187188148498535,-0.8109009265899658,112.22346496582031,-0.7023013830184937
252039,2,-29.12429428100586,-7.527710437774658,-7.991520881652832,-0.9292024970054626,111.98162841796875,-0.7205885052680969
252059,2,-30.686676025390625,-9.662988662719727,-10.474327087402344,-0.833152711391449,111.69595336914062,-0.6899693012237549
252079,2,-31.795568466186523,-11.713679313659668,-12.176410675048828,-0.8563193678855896,111.410400390625,-0.6317107081413269
252099,2,-32.685394287109375,-13.666838645935059,-13.285004615783691,-0.9791170954704285,111.058837890625,-0.6903945207595825
252119,2,-32.961082458496094,-15.49274730682373,-15.810044288635254,-0.7769925594329834,110.66336059570312,-0.6546739339828491
252139,2,-33.284523010253906,-17.181068420410156,-17.61311912536621,-0.6874558925628662,110.26773071289062,-0.5037104487419128
252159,2,-33.19902038574219,-18.711782455444336,-18.843843460083008,-0.6778885722160339,109.80633544921875,-0.536029040813446
252179,2,-32.7800178527832,-20.073923110961914,-20.35280990600586,-0.5734663009643555,109.344970703125,-0.5202949643135071
252199,2,-31.939279556274414,-21.24748992919922,-22.095285415649414,-0.36858439445495605,108.905517578125,-0.3837898075580597
252219,2,-31.43233871459961,-22.23542022705078,-22.04368782043457,-0.5026107430458069,108.44403076171875,-0.2813042104244232
252239,2,-30.06003761291504,-23.01177406311035,-22.572114944458008,-0.4531927704811096,107.98263549804688,-0.23877815902233124
252259,2,-28.36115074157715,-23.575082778930664,-24.188579559326172,-0.14148859679698944,107.47732543945312,-0.114179827272892
252279,2,-26.27146339416504,-23.938079833984375,-25.40623664855957,0.13563275337219238,106.94992065429688,-0.056771762669086456
252299,2,-23.893688201904297,-24.053865432739258,-23.237171173095703,-0.19814671576023102,106.53244018554688,-0.05124201253056526
252319,2,-22.710643768310547,-23.969730377197266,-24.768030166625977,0.14565511047840118,106.02700805664062,-0.12991389632225037
252339,2,-19.94425392150879,-23.64680290222168,-20.236339569091797,-0.5652691125869751,105.67544555664062,-0.035082705318927765
252359,2,-16.943679809570312,-23.10369110107422,-24.87242317199707,0.5564286708831787,105.01626586914062,0.1715894639492035
252379,2,-13.638015747070312,-22.35517692565918,-23.682458877563477,0.5717388987541199,104.62075805664062,0.1124788448214531
252399,2,-10.415677070617676,-21.38243865966797,-22.911670684814453,0.7089757323265076,104.18121337890625,0.24813510477542877
252419,2,-8.7012357711792,-20.238977432250977,-22.404653549194336,0.87287837266922,103.80770874023438,0.489677369594574
252439,2,-5.119502067565918,-18.878084182739258,-20.24813461303711,0.8285258412361145,103.45614624023438,0.6019435524940491
252459,2,-1.5153155326843262,-17.338024139404297,-18.691659927368164,0.9320565462112427,103.12652587890625,0.6912465691566467
252479,2,2.101635456085205,-15.651626586914062,-17.926780700683594,1.2156444787979126,102.81900024414062,0.740149736404419
252499,2,5.833189964294434,-13.810439109802246,-15.381641387939453,1.174957513809204,102.5552978515625,0.7792722582817078
252519,2,7.466996669769287,-11.845954895019531,-13.250411987304688,1.137765884399414,102.31356811523438,0.7911807298660278
252539,2,10.995326042175293,-9.74793529510498,-10.581539154052734,1.100422739982605,102.15982055664062,0.8783566951751709
252559,2,14.350662231445312,-7.557149410247803,-8.483017921447754,1.181278944015503,102.07196044921875,0.8604964017868042
252579,2,17.294843673706055,-5.287508010864258,-6.052605152130127,1.1846587657928467,102.02792358398438,0.8022370934486389
252599,2,20.358570098876953,-2.983646869659424,-3.242685317993164,1.1213778257369995,102.02792358398438,0.8009613156318665
252619,2,23.16442108154297,-0.6450617909431458,-1.335139274597168,1.234229326248169,102.07196044921875,0.8409343361854553
252639,2,24.454627990722656,1.6958446502685547,-0.18382185697555542,1.433941125869751,102.15982055664062,0.8660246133804321
252659,2,27.07154655456543,4.040166854858398,3.2193424701690674,1.250933051109314,102.33554077148438,0.9578790664672852
252679,2,29.016983032226562,6.345784664154053,6.270719051361084,1.0947521924972534,102.5552978515625,0.8766556978225708
252699,2,30.748985290527344,8.583661079406738,7.749853134155273,1.2286875247955322,102.77496337890625,0.8490148186683655
252719,2,32.132198333740234,10.751827239990234,10.271039009094238,1.1338883638381958,103.06063842773438,0.8358314037322998
252739,2,33.10401153564453,12.826321601867676,12.857619285583496,0.9864394664764404,103.36825561523438,0.7933069467544556
252759,2,33.45820236206055,14.776620864868164,14.57894515991211,0.9679579138755798,103.74179077148438,0.7129340767860413
252779,2,33.94731903076172,16.592687606811523,16.78938865661621,0.8345526456832886,104.11532592773438,0.6733847260475159
252799,2,34.04689407348633,18.253318786621094,19.362815856933594,0.5783124566078186,104.55487060546875,0.5496369004249573
252819,2,33.76926803588867,19.74092674255371,20.64021873474121,0.5320593118667603,104.99429321289062,0.45267948508262634
252839,2,33.08497619628906,21.044851303100586,21.601743698120117,0.5058708786964417,105.4556884765625,0.4424735903739929
252859,2,32.05470657348633,22.146602630615234,24.15804100036621,0.11689338833093643,105.96099853515625,0.35870036482810974
252879,2,31.390016555786133,23.0507755279541,24.2266788482666,0.20213770866394043,106.42251586914062,0.2039080709218979
252899,2,29.756107330322266,23.725751876831055,23.78338050842285,0.3184202015399933,106.88400268554688,0.20773527026176453
252919,2,27.973888397216797,24.173351287841797,23.409997940063477,0.38254791498184204,107.38934326171875,0.215389683842659
252939,2,25.663787841796875,24.389732360839844,24.525903701782227,0.08881000429391861,107.872802734375,0.027003053575754166
252959,2,23.071941375732422,24.395620346069336,25.197933197021484,-0.12852849066257477,108.37814331054688,0.14947672188282013
252979,2,20.15048599243164,24.151517868041992,20.367738723754883,0.6406295299530029,108.66378784179688,-0.007441786117851734
252999,2,18.74713706970215,23.68904685974121,26.524219512939453,-0.697230875492096,109.38888549804688,-0.14777417480945587
253019,2,15.506035804748535,22.981046676635742,23.064971923828125,-0.252729207277298,109.71847534179688,-0.06825337558984756
253039,2,12.092260360717773,22.047992706298828,21.761768341064453,-0.2818284034729004,110.11398315429688,-0.14309647679328918
253059,2,8.390854835510254,20.917104721069336,20.481142044067383,-0.36456674337387085,110.53143310546875,-0.30299171805381775
253079,2,4.678473472595215,19.594768524169922,20.4016056060791,-0.7227712273597717,110.94891357421875,-0.4888252913951874
253099,2,2.9010446071624756,18.07178497314453,18.510826110839844,-0.6726883053779602,111.27850341796875,-0.5985400676727295
253119,2,-0.7874768972396851,16.357439041137695,17.458372116088867,-0.9000338315963745,111.63006591796875,-0.6419166326522827
253139,2,-4.885610580444336,14.509096145629883,16.08686065673828,-1.1048496961593628,111.91574096679688,-0.7346215844154358
253159,2,-8.294503211975098,12.513842582702637,15.180734634399414,-1.4046039581298828,112.135498046875,-0.9361923336982727
253179,2,-11.976911544799805,10.400371551513672,11.639957427978516,-1.218031406402588,112.28936767578125,-0.9574546217918396
253199,2,-13.622188568115234,8.175076484680176,10.272918701171875,-1.386536955833435,112.44313049316406,-0.9816935658454895
253219,2,-17.040742874145508,5.849490165710449,7.795707702636719,-1.4245991706848145,112.50914001464844,-0.9672352075576782
253239,2,-20.233579635620117,3.464280366897583,4.995874881744385,-1.398513913154602,112.487060546875,-1.0344254970550537
253259,2,-23.203125,1.0718042850494385,1.9011330604553223,-1.2976396083831787,112.46510314941406,-0.951501190662384
253279,2,-25.972057342529297,-1.3532066345214844,-1.041920781135559,-1.219818115234375,112.35527038574219,-0.9174784421920776
253299,2,-27.118139266967773,-3.7627415657043457,-3.3218984603881836,-1.1950713396072388,112.17953491210938,-0.8749539256095886
253319,2,-29.332027435302734,-6.1503682136535645,-6.548147201538086,-1.0228947401046753,111.95965576171875,-0.8515654802322388
253339,2,-31.211700439453125,-8.478530883789062,-9.184904098510742,-0.9439324736595154,111.69595336914062,-0.7979830503463745
253359,2,-32.737239837646484,-10.720683097839355,-11.551586151123047,-0.8813919425010681,111.432373046875,-0.6678565740585327
253379,2,-33.836021423339844,-12.867471694946289,-13.809809684753418,-0.8058841824531555,111.102783203125,-0.6338369250297546
253399,2,-34.208770751953125,-14.884597778320312,-16.02718734741211,-0.689673662185669,110.751220703125,-0.5785535573959351
253419,2,-34.70915603637695,-16.762746810913086,-17.826265335083008,-0.6299597024917603,110.355712890625,-0.45395520329475403
253439,2,-34.78791046142578,-18.47816276550293,-19.4449462890625,-0.5706833600997925,109.89422607421875,-0.48202139139175415
253459,2,-34.43497848510742,-20.016769409179688,-20.41109848022461,-0.5989269614219666,109.45477294921875,-0.4569319188594818
253479,2,-33.65578842163086,-21.35594367980957,-22.10164451599121,-0.42726391553878784,109.01535034179688,-0.4029258191585541
253499,2,-33.15500259399414,-22.49726676940918,-22.340312957763672,-0.5305434465408325,108.53201293945312,-0.3650774657726288
253519,2,-31.639808654785156,-23.413007736206055,-23.28943634033203,-0.4193747043609619,108.04852294921875,-0.33701130747795105
253539,2,-30.006591796875,-24.095474243164062,-24.297813415527344,-0.25300970673561096,107.565185546875,-0.2056090533733368
253559,2,-27.794239044189453,-24.550880432128906,-25.250659942626953,-0.038845229893922806,107.01580810546875,-0.1669117659330368
253579,2,-25.3710994720459,-24.753976821899414,-26.21530532836914,0.22456517815589905,106.488525390625,-0.11970800906419754
253599,2,-24.039207458496094,-24.735136032104492,-22.54075050354004,-0.4553382992744446,106.20272827148438,-0.24643255770206451
253619,2,-20.834793090820312,-24.4552001953125,-26.583982467651367,0.5322610139846802,105.49960327148438,0.14309804141521454
253639,2,-17.87368392944336,-23.92759895324707,-23.59376335144043,0.1312982738018036,105.21395874023438,-0.04358760640025139
253659,2,-14.488897323608398,-23.183780670166016,-21.255033493041992,-0.0704231932759285,104.84042358398438,0.14224755764007568
253679,2,-11.1808500289917,-22.211082458496094,-20.655603408813477,0.09835290908813477,104.3350830078125,0.19072547554969788
253699,2,-7.358731746673584,-21.025285720825195,-20.932113647460938,0.504500687122345,103.87371826171875,0.3740091621875763
253719,2,-5.588293552398682,-19.621644973754883,-21.323701858520508,0.8869444727897644,103.47808837890625,0.5891862511634827
253739,2,-1.7015557289123535,-17.999347686767578,-19.640045166015625,0.990740954875946,103.14862060546875,0.7023029327392578
253759,2,2.2131638526916504,-16.21229362487793,-18.86280632019043,1.3052513599395752,102.81900024414062,0.8932402729988098
253779,2,6.152769088745117,-14.27895450592041,-16.5103759765625,1.3338154554367065,102.5772705078125,0.8877120614051819
253799,2,9.914557456970215,-12.16552448272705,-14.488208770751953,1.4451332092285156,102.33554077148438,0.9570285677909851
253819,2,13.326263427734375,-9.948819160461426,-11.721704483032227,1.4117995500564575,102.18179321289062,0.9974268674850464
253839,2,14.970076560974121,-7.638174057006836,-8.839152336120605,1.2907757759094238,102.09393310546875,1.0093344449996948
253859,2,18.55416488647461,-5.224150657653809,-6.628152370452881,1.397239089012146,102.04986572265625,0.9935996532440186
253879,2,21.81817626953125,-2.764328718185425,-3.9088733196258545,1.3967162370681763,102.07196044921875,1.0493074655532837
253899,2,24.843027114868164,-0.2866751551628113,-2.091305732727051,1.565380573272705,102.13784790039062,1.0059317350387573
253919,2,27.369537353515625,2.2182369232177734,1.2188482284545898,1.4239978790283203,102.2696533203125,1.0480318069458008
253939,2,28.56910514831543,4.681556224822998,4.420169830322266,1.2317872047424316,102.46743774414062,0.9200314879417419
253959,2,30.747093200683594,7.1171555519104,7.118880748748779,1.1645983457565308,102.68710327148438,0.8473138213157654
253979,2,32.55276107788086,9.483861923217773,9.69430923461914,1.0994068384170532,102.9727783203125,0.8379576206207275
253999,2,33.953922271728516,11.745157241821289,11.772216796875,1.100043535232544,103.3023681640625,0.8575196862220764
254019,2,34.94007873535156,13.905628204345703,13.978673934936523,1.0455889701843262,103.6759033203125,0.8179711103439331
254039,2,35.24092483520508,15.924843788146973,15.965508460998535,0.9763469099998474,104.0494384765625,0.7239904403686523
254059,2,35.56416320800781,17.78951644897461,17.67180633544922,0.939822256565094,104.51083374023438,0.675936222076416
254079,2,35.44475173950195,19.476375579833984,19.68180274963379,0.7939296960830688,104.99429321289062,0.6125746965408325
254099,2,34.86213302612305,20.96991539001465,21.419902801513672,0.6516050696372986,105.49960327148438,0.5530388355255127
254119,2,33.86003875732422,22.248611450195312,23.737995147705078,0.3408941924571991,106.02700805664062,0.46841511130332947
254139,2,32.5213737487793,23.309574127197266,24.988313674926758,0.18546827137470245,106.53244018554688,0.3004402220249176
254159,2,31.582683563232422,24.140411376953125,25.786619186401367,0.10545406490564346,107.03778076171875,0.20178185403347015
254179,2,29.412654876708984,24.71385383605957,24.612276077270508,0.32585012912750244,107.543212890625,0.1860477775335312
254199,2,26.957386016845703,25.051105499267578,25.31537628173828,0.11999985575675964,108.09246826171875,0.06272519379854202
254219,2,24.202699661254883,25.108823776245117,25.25391387939453,0.03134845942258835,108.575927734375,0.15415441989898682
254239,2,22.76142692565918,24.93866539001465,23.49635124206543,0.28014275431632996,108.993408203125,0.008292276412248611
254259,2,19.544857025146484,24.49529266357422,24.93836212158203,-0.21152769029140472,109.54266357421875,-0.081861212849617
254279,2,16.395305633544922,23.798580169677734,25.198984146118164,-0.5133885741233826,110.026123046875,-0.2813042104244232
254299,2,12.736888885498047,22.858800888061523,25.012279510498047,-0.792665421962738,110.50949096679688,-0.39739763736724854
254319,2,8.866799354553223,21.721487045288086,24.13580894470215,-0.9798541069030762,110.94891357421875,-0.5585670471191406
254339,2,4.956093788146973,20.32058334350586,22.06836700439453,-0.977202296257019,111.32244873046875,-0.6610526442527771
254359,2,3.068974494934082,18.74855613708496,20.201435089111328,-0.9497092366218567,111.67401123046875,-0.7103825807571411
254379,2,-0.9300960898399353,16.96013069152832,18.204177856445312,-1.0177570581436157,112.00360107421875,-0.7086816430091858
254399,2,-4.956498622894287,15.001236915588379,15.9012451171875,-1.0490427017211914,112.26741027832031,-0.7299438714981079
254419,2,-8.895477294921875,12.921422004699707,14.730253219604492,-1.320684552192688,112.50914001464844,-0.7852256894111633
254439,2,-12.833822250366211,10.703497886657715,12.058531761169434,-1.3244348764419556,112.64093017578125,-0.9242823719978333
254459,2,-14.526768684387207,8.365036010742188,8.954625129699707,-1.15726900100708,112.77273559570312,-0.8834588527679443
254479,2,-18.09454345703125,5.921050548553467,6.347719669342041,-1.1816192865371704,112.81666564941406,-0.8923889994621277
254499,2,-21.385177612304688,3.421663999557495,3.058478832244873,-1.0648541450500488,112.81666564941406,-0.8800569176673889
254519,2,-24.427837371826172,0.89098060131073,2.627207040786743,-1.5134167671203613,112.75076293945312,-0.9910489320755005
254539,2,-27.167404174804688,-1.6363462209701538,-0.9229796528816223,-1.3373421430587769,112.59700012207031,-1.0305967330932617
254559,2,-28.390493392944336,-4.137173175811768,-3.056419849395752,-1.367518663406372,112.42117309570312,-1.0327229499816895
254579,2,-30.600690841674805,-6.609308242797852,-6.786933898925781,-1.1177377700805664,112.17953491210938,-0.9808430671691895
254599,2,-32.38736343383789,-9.00871753692627,-9.606607437133789,-1.0056904554367065,111.91574096679688,-0.8456120491027832
254619,2,-33.78461456298828,-11.299087524414062,-11.768760681152344,-0.9845776557922363,111.60809326171875,-0.7086816430091858
254639,2,-34.71586227416992,-13.483953475952148,-14.23625659942627,-0.8726618885993958,111.25653076171875,-0.7324953079223633
254659,2,-35.01244354248047,-15.521703720092773,-14.42568302154541,-1.164525032043457,110.86105346679688,-0.7193127274513245
254679,2,-35.28049850463867,-17.39882469177246,-17.235689163208008,-0.9176156520843506,110.399658203125,-0.740149736404419
254699,2,-35.09710693359375,-19.09136962890625,-19.621074676513672,-0.6979470252990723,109.93814086914062,-0.5972643494606018
254719,2,-34.46467208862305,-20.58489990234375,-20.948177337646484,-0.6387831568717957,109.43283081054688,-0.515617311000824
254739,2,-33.37306213378906,-21.862611770629883,-21.569089889526367,-0.665330171585083,108.927490234375,-0.5088133811950684
254759,2,-32.70011520385742,-22.918787002563477,-23.37701988220215,-0.4357922673225403,108.37814331054688,-0.3527453541755676
254779,2,-30.976308822631836,-23.725570678710938,-24.649152755737305,-0.223683699965477,107.872802734375,-0.20135660469532013
254799,2,-28.88681983947754,-24.283761978149414,-24.744173049926758,-0.18814188241958618,107.38934326171875,-0.07633303105831146
254819,2,-26.4397029876709,-24.602108001708984,-24.594863891601562,-0.15555784106254578,106.90597534179688,-0.08738939464092255
254839,2,-23.847288131713867,-24.654747009277344,-25.22587776184082,0.07522258907556534,106.42251586914062,-0.018072908744215965
254859,2,-20.762582778930664,-24.453584671020508,-25.80192756652832,0.3548378348350525,105.87313842773438,0.03848623111844063
254879,2,-19.238536834716797,-24.01358413696289,-26.369853973388672,0.61243736743927,105.34585571289062,0.2762012779712677
254899,2,-15.817022323608398,-23.3071346282959,-26.16209602355957,0.8408910036087036,104.84042358398438,0.3527453541755676
254919,2,-12.202540397644043,-22.36368751525879,-25.099340438842773,0.9483730792999268,104.3790283203125,0.47436854243278503
254939,2,-8.39328384399414,-21.206439971923828,-23.50830841064453,0.9982861280441284,103.9835205078125,0.6087474822998047
254959,2,-4.577566146850586,-19.813701629638672,-21.62921142578125,1.0343446731567383,103.6319580078125,0.7933069467544556
254979,2,-2.6668050289154053,-18.252519607543945,-19.37505340576172,0.9330988526344299,103.25845336914062,0.7231399416923523
254999,2,1.2241344451904297,-16.483083724975586,-17.398193359375,0.9948583841323853,102.9508056640625,0.7444021701812744
255019,2,5.0944600105285645,-14.550116539001465,-14.988826751708984,0.9957354068756104,102.70907592773438,0.7699168920516968
255039,2,8.958836555480957,-12.485701560974121,-12.743145942687988,1.0438073873519897,102.51138305664062,0.731644868850708
255059,2,12.485581398010254,-10.286978721618652,-11.602869987487793,1.3228442668914795,102.35751342773438,0.8660246133804321
255079,2,14.211736679077148,-8.019362449645996,-8.382270812988281,1.1218984127044678,102.2696533203125,0.8847353458404541
255099,2,17.53140640258789,-5.6575164794921875,-4.5635762214660645,0.8685798645019531,102.18179321289062,0.7346215844154358
255119,2,20.593233108520508,-3.250906229019165,-3.2549972534179688,1.1104357242584229,102.18179321289062,0.7524818778038025
255139,2,23.42808723449707,-0.8520034551620483,-0.8637847304344177,1.1342508792877197,102.2257080078125,0.8451876044273376
255159,2,25.876028060913086,1.5611821413040161,0.8190523982048035,1.2877085208892822,102.31356811523438,0.8974927067756653
255179,2,26.936349868774414,3.9367926120758057,4.2533345222473145,1.026186227798462,102.48941040039062,0.8775061964988708
255199,2,28.86370849609375,6.268986225128174,6.137546539306641,1.097164511680603,102.66513061523438,0.8209478259086609
255219,2,30.391956329345703,8.51859188079834,8.486499786376953,1.0495846271514893,102.88491821289062,0.8192468881607056
255239,2,31.5018253326416,10.653027534484863,11.151474952697754,0.896739661693573,103.17056274414062,0.715910792350769
255259,2,32.19890213012695,12.668696403503418,12.505799293518066,0.9694393277168274,103.43417358398438,0.6916718482971191
255279,2,32.3912467956543,14.53844165802002,14.895987510681152,0.7942777276039124,103.76376342773438,0.6533982157707214
255299,2,32.450096130371094,16.244081497192383,16.04571533203125,0.8343287110328674,104.11532592773438,0.5802561044692993
255319,2,32.078922271728516,17.765079498291016,17.755817413330078,0.711460530757904,104.51083374023438,0.5190192461013794
255339,2,31.27425765991211,19.09022331237793,18.95467758178711,0.6439496874809265,104.92840576171875,0.5130658149719238
255359,2,30.113340377807617,20.199481964111328,20.116594314575195,0.5361612439155579,105.36782836914062,0.44927752017974854
255379,2,29.381874084472656,21.10030746459961,22.13197135925293,0.24650941789150238,105.8072509765625,0.36550426483154297
255399,2,27.45012092590332,21.761629104614258,21.601293563842773,0.36664652824401855,106.24667358398438,0.26557016372680664
255419,2,25.304092407226562,22.207094192504883,21.400785446166992,0.3793926537036896,106.66424560546875,0.20050610601902008
255439,2,22.88551902770996,22.41558074951172,22.91179656982422,0.007575566880404949,107.191650390625,0.11630605161190033
255459,2,21.608461380004883,22.38593101501465,18.97467613220215,0.7361646294593811,107.41131591796875,0.23750242590904236
255479,2,18.793352127075195,22.106367111206055,25.7843017578125,-0.7698934674263,108.15835571289062,-0.10397394746541977
255499,2,15.768768310546875,21.59751319885254,19.16876983642578,0.3422081768512726,108.33419799804688,0.1222594827413559
255519,2,12.445162773132324,20.87860107421875,18.90848731994629,0.12598778307437897,108.75164794921875,-0.11800703406333923
255539,2,9.234451293945312,19.933361053466797,20.93494987487793,-0.5522576570510864,109.23501586914062,-0.17201469838619232
255559,2,6.096585750579834,18.794126510620117,20.8309383392334,-0.8483937382698059,109.630615234375,-0.3765590786933899
255579,2,4.4791178703308105,17.491609573364258,19.21596908569336,-0.8179683685302734,109.91616821289062,-0.5751515626907349
255599,2,1.0704803466796875,16.003652572631836,18.440343856811523,-1.061051368713379,110.22381591796875,-0.6763614416122437
255619,2,-2.3225440979003906,14.363966941833496,16.356836318969727,-1.0697001218795776,110.53143310546875,-0.7813984751701355
255639,2,-5.635050296783447,12.609464645385742,14.710426330566406,-1.1791069507598877,110.77316284179688,-0.8269012570381165
255659,2,-8.586380958557129,10.742547988891602,12.748661041259766,-1.2303544282913208,110.94891357421875,-0.884734570980072
255679,2,-11.6764497756958,8.762796401977539,10.826155662536621,-1.314893126487732,111.080810546875,-0.89111328125
255699,2,-13.038793563842773,6.738410949707031,7.647817611694336,-1.0755945444107056,111.14669799804688,-0.8766549229621887
255719,2,-15.789652824401855,4.654151439666748,6.145043849945068,-1.2326610088348389,111.19064331054688,-0.8315789699554443
255739,2,-18.249412536621094,2.5485103130340576,3.5983729362487793,-1.177899956703186,111.16867065429688,-0.8970667123794556
255759,2,-20.300193786621094,0.4402664601802826,0.39516016840934753,-0.9669236540794373,111.124755859375,-0.8141423463821411
255779,2,-22.26731300354004,-1.6232349872589111,-1.8644537925720215,-0.9253365993499756,111.036865234375,-0.7205885052680969
255799,2,-23.840068817138672,-3.660081148147583,-3.0066094398498535,-1.0850434303283691,110.88299560546875,-0.7001751661300659
255819,2,-24.49718475341797,-5.618727207183838,-6.169949054718018,-0.7908902764320374,110.66336059570312,-0.6533982157707214
255839,2,-25.605854034423828,-7.4993743896484375,-7.630765914916992,-0.8363731503486633,110.44357299804688,-0.6164019107818604
255859,2,-26.355215072631836,-9.272567749023438,-9.097139358520508,-0.8503164052963257,110.17987060546875,-0.576852560043335
255879,2,-26.735736846923828,-10.917391777038574,-11.394328117370605,-0.662416398525238,109.87225341796875,-0.5173182487487793
255899,2,-26.75164222717285,-12.425494194030762,-11.956326484680176,-0.7828152179718018,109.58657836914062,-0.4896757900714874
255919,2,-26.452411651611328,-13.779603958129883,-13.332740783691406,-0.7089630961418152,109.23501586914062,-0.5113648176193237
255939,2,-26.186689376831055,-14.97010326385498,-15.725802421569824,-0.41150981187820435,108.83953857421875,-0.47394174337387085
255959,2,-25.28658103942871,-15.980064392089844,-15.230525016784668,-0.6240466833114624,108.50991821289062,-0.37570858001708984
255979,2,-24.108314514160156,-16.81414222717285,-16.404176712036133,-0.46806174516677856,108.13638305664062,-0.28810814023017883
255999,2,-22.668174743652344,-17.444536209106445,-17.510759353637695,-0.2809883952140808,107.74090576171875,-0.21326346695423126
256019,2,-21.85112190246582,-17.894046783447266,-18.968015670776367,-0.02547464892268181,107.32342529296875,-0.0980205163359642
256039,2,-19.99241065979004,-18.135066986083984,-17.77755355834961,-0.21052227914333344,106.99383544921875,-0.09546905010938644
256059,2,-17.91716766357422,-18.178817749023438,-19.706512451171875,0.24819940328598022,106.53244018554688,-0.026152562350034714
256079,2,-15.84140682220459,-18.024898529052734,-14.697355270385742,-0.6262537837028503,106.37857055664062,-0.09291758388280869
256099,2,-13.44638442993164,-17.70895004272461,-18.732830047607422,0.33232027292251587,105.85116577148438,0.1409718245267868
256119,2,-10.863306045532227,-17.18583106994629,-18.972570419311523,0.566807746887207,105.49960327148438,0.14777573943138123
256139,2,-8.444487571716309,-16.50140953063965,-18.419673919677734,0.6734489798545837,105.17001342773438,0.283855676651001
256159,2,-7.209193706512451,-15.662747383117676,-17.74456214904785,0.7368109822273254,104.86239624023438,0.40122485160827637
256179,2,-4.489913463592529,-14.65939998626709,-16.191205978393555,0.7130597233772278,104.57684326171875,0.4394969046115875
256199,2,-1.7841190099716187,-13.519394874572754,-14.497339248657227,0.6835642457008362,104.31314086914062,0.5058366656303406
256219,2,0.8309962749481201,-12.283744812011719,-13.294654846191406,0.7637261748313904,104.11532592773438,0.5713244080543518
256239,2,3.42647123336792,-10.916743278503418,-11.97042465209961,0.8430042862892151,103.91763305664062,0.6304349899291992
256259,2,4.635074615478516,-9.481422424316406,-10.98518180847168,0.9389217495918274,103.74179077148438,0.6236310601234436
256279,2,7.058213233947754,-7.958143711090088,-8.637055397033691,0.828603208065033,103.6319580078125,0.6572254300117493
256299,2,9.297003746032715,-6.385230541229248,-7.145842552185059,0.8831052184104919,103.52212524414062,0.659351646900177
256319,2,11.374615669250488,-4.786714553833008,-5.23261833190918,0.8487300872802734,103.47808837890625,0.6555244326591492
256339,2,13.224367141723633,-3.170596122741699,-2.915178060531616,0.7218751311302185,103.47808837890625,0.590887188911438
256359,2,14.045856475830078,-1.5625696182250977,-1.3748817443847656,0.6966290473937988,103.47808837890625,0.4960560202598572
256379,2,15.572927474975586,0.03699138015508652,0.7484211921691895,0.5853650569915771,103.54409790039062,0.4964812695980072
256399,2,16.848119735717773,1.5987355709075928,2.3327372074127197,0.5604032278060913,103.6319580078125,0.4305667579174042
256419,2,17.858177185058594,3.102463722229004,3.963563919067383,0.5040850639343262,103.71981811523438,0.38166359066963196
256439,2,18.542211532592773,4.53756046295166,5.072469711303711,0.5299763083457947,103.85174560546875,0.3837898075580597
256459,2,19.01784896850586,5.890691757202148,6.423536777496338,0.49082034826278687,103.9835205078125,0.43141722679138184
256479,2,19.150455474853516,7.147629261016846,7.487799644470215,0.4801591634750366,104.15927124023438,0.418234646320343
256499,2,19.233314514160156,8.297572135925293,7.8883137702941895,0.583825945854187,104.3350830078125,0.40122485160827637
256519,2,19.047494888305664,9.329017639160156,8.42810344696045,0.6316301822662354,104.53277587890625,0.38931798934936523
256539,2,18.5506591796875,10.236820220947266,10.48071002960205,0.34661635756492615,104.7745361328125,0.3068189024925232
256559,2,18.250595092773438,11.01051139831543,10.187063217163086,0.5163996815681458,104.97232055664062,0.3510443866252899
256579,2,17.434846878051758,11.640782356262207,11.35245418548584,0.35488206148147583,105.23593139648438,0.3187257647514343
256599,2,16.36914825439453,12.130542755126953,11.506647109985352,0.3581376075744629,105.4337158203125,0.22899752855300903
256619,2,15.076574325561523,12.48519229888916,12.175542831420898,0.22890809178352356,105.67544555664062,0.18264582753181458
256639,2,13.764472007751465,12.687579154968262,12.105578422546387,0.22060516476631165,105.93905639648438,0.18434680998325348
256659,2,13.072739601135254,12.749775886535645,12.46485710144043,0.13396890461444855,106.1807861328125,0.12948864698410034
256679,2,11.483831405639648,12.664977073669434,12.669212341308594,0.027322489768266678,106.466552734375,0.14012132585048676
256699,2,9.786514282226562,12.443839073181152,9.525958061218262,0.5486196279525757,106.59835815429688,0.2298480123281479
256719,2,7.965583324432373,12.102824211120605,13.388834953308105,-0.33550190925598145,106.94992065429688,0.013395215384662151
256739,2,6.210577011108398,11.63924789428711,9.629293441772461,0.27244246006011963,106.99383544921875,0.13842035830020905
256759,2,5.314844608306885,11.070477485656738,10.219963073730469,0.033216994255781174,107.23556518554688,-0.05847274139523506
256779,2,3.463508367538452,10.385344505310059,10.9391450881958,-0.2918299734592438,107.47732543945312,-0.13118962943553925
256799,2,1.6273300647735596,9.618090629577637,10.000086784362793,-0.30597320199012756,107.69696044921875,-0.19157597422599792
256819,2,-0.3101399540901184,8.780982971191406,9.452376365661621,-0.4113818109035492,107.872802734375,-0.20305758714675903
256839,2,-1.155291199684143,7.866634368896484,9.871902465820312,-0.6810545325279236,108.07049560546875,-0.3569978177547455
256859,2,-2.8467373847961426,6.882190704345703,8.524267196655273,-0.6517912149429321,108.224365234375,-0.3544463515281677
256879,2,-4.536187648773193,5.865838050842285,6.698790073394775,-0.5323318839073181,108.33419799804688,-0.38974323868751526
256899,2,-5.869277000427246,4.816276550292969,5.409806251525879,-0.5086672306060791,108.44403076171875,-0.4216366112232208
256919,2,-7.160523414611816,3.753325939178467,4.297534942626953,-0.517153263092041,108.53201293945312,-0.39101895689964294
256939,2,-7.696372985839844,2.6835317611694336,3.6068549156188965,-0.5822604298591614,108.575927734375,-0.47053977847099304
256959,2,-8.762321472167969,1.6158785820007324,2.4430010318756104,-0.5746596455574036,108.597900390625,-0.4556562006473541
256979,2,-9.612932205200195,0.5667370557785034,1.1688029766082764,-0.5307931900024414,108.597900390625,-0.4084540009498596
256999,2,-10.339903831481934,-0.4467334747314453,0.29371708631515503,-0.5539550185203552,108.553955078125,-0.3982481360435486
257019,2,-10.875543594360352,-1.4175490140914917,-0.511702835559845,-0.575026273727417,108.50991821289062,-0.3999491035938263
257039,2,-11.277770042419434,-2.3371145725250244,-2.63857364654541,-0.3182854950428009,108.42205810546875,-0.3395627737045288
257059,2,-11.500503540039062,-3.1968212127685547,-3.1544132232666016,-0.35855960845947266,108.35617065429688,-0.29618778824806213
257079,2,-11.544883728027344,-3.989605188369751,-3.831770658493042,-0.34855446219444275,108.268310546875,-0.24813354015350342
257099,2,-11.50711441040039,-4.70747184753418,-5.815958023071289,-0.06382729113101959,108.15835571289062,-0.18179532885551453
257119,2,-11.293668746948242,-5.345893383026123,-4.431673526763916,-0.4198691248893738,108.13638305664062,-0.1371430605649948
257139,2,-10.938309669494629,-5.8984246253967285,-6.511981964111328,-0.08069701492786407,107.96066284179688,-0.15202662348747253
257159,2,-10.481746673583984,-6.361239910125732,-6.350655555725098,-0.16172203421592712,107.80679321289062,-0.14139550924301147
257179,2,-10.212871551513672,-6.737698554992676,-6.2545061111450195,-0.2360960692167282,107.65304565429688,-0.21453920006752014
257199,2,-9.541739463806152,-7.019403457641602,-6.498492240905762,-0.213930144906044,107.47732543945312,-0.22431983053684235
257219,2,-8.756782531738281,-7.209872722625732,-6.441826820373535,-0.23384013772010803,107.30148315429688,-0.22602081298828125
257239,2,-7.973509788513184,-7.308401584625244,-6.438557147979736,-0.22743742167949677,107.169677734375,-0.1847720444202423
257259,2,-7.025275230407715,-7.328647136688232,-7.0460357666015625,-0.08124713599681854,107.01580810546875,-0.18562254309654236
257279,2,-6.029296875,-7.264648914337158,-5.687092304229736,-0.30395323038101196,106.94992065429688,-0.14309647679328918
257299,2,-5.562506675720215,-7.1199049949646,-8.10572338104248,0.21427981555461884,106.73013305664062,0.015946684405207634
257319,2,-4.508566379547119,-6.894172191619873,-5.940861225128174,-0.13756489753723145,106.70819091796875,-0.049541033804416656
257339,2,-3.4703867435455322,-6.600052833557129,-5.386727809906006,-0.1655573546886444,106.62030029296875,-0.05507078021764755
257359,2,-2.401931047439575,-6.253451347351074,-5.566847324371338,-0.0439356192946434,106.510498046875,-0.07080484181642532
257379,2,-1.3849048614501953,-5.840174198150635,-5.30718994140625,0.007450098171830177,106.40054321289062,0.023601094260811806
257399,2,-0.8922696113586426,-5.387510299682617,-6.094914436340332,0.26000887155532837,106.26864624023438,0.2009313553571701
257419,2,0.07715582847595215,-4.887961387634277,-5.90043830871582,0.3526510000228882,106.1588134765625,0.2757760286331177
257439,2,1.0082838535308838,-4.354878902435303,-4.925610542297363,0.2942052185535431,106.07095336914062,0.24770985543727875
257459,2,1.8630517721176147,-3.8011515140533447,-4.7929253578186035,0.39616280794143677,105.96099853515625,0.20986150205135345
257479,2,2.638908624649048,-3.2297403812408447,-3.929457664489746,0.3540195822715759,105.89511108398438,0.2430306077003479
257499,2,3.317157506942749,-2.6486618518829346,-1.9765390157699585,0.08866871893405914,105.85116577148438,0.16478553414344788
257519,2,3.6118688583374023,-2.066565752029419,-2.1324028968811035,0.21818560361862183,105.8072509765625,0.10737590491771698
257539,2,4.202242851257324,-1.4940335750579834,-1.473612666130066,0.20269165933132172,105.8072509765625,0.1473504900932312
257559,2,4.614506244659424,-0.9333463311195374,-0.24553990364074707,0.05982406809926033,105.7852783203125,0.08441267907619476
257579,2,4.963054656982422,-0.3888877332210541,0.09456334263086319,0.08539893478155136,105.7852783203125,0.0865389034152031
257599,2,5.096431255340576,0.12818390130996704,-0.024262279272079468,0.19134974479675293,105.7852783203125,0.08781464397907257
257619,2,5.298783779144287,0.6163866519927979,0.5458909273147583,0.1647927612066269,105.8292236328125,0.15287868678569794
257639,2,5.405146598815918,1.0693639516830444,1.7922784090042114,-0.009383120574057102,105.85116577148438,0.06782812625169754
257659,2,5.418059349060059,1.4831039905548096,1.8015788793563843,0.04726080968976021,105.89511108398438,0.0282803513109684
257679,2,5.3397698402404785,1.8550491333007812,2.1246144771575928,0.03530396893620491,105.89511108398438,0.08611366152763367
257699,2,5.275784492492676,2.1829378604888916,1.2705755233764648,0.247428297996521,105.89511108398438,0.026152562350034714
257719,2,5.085489749908447,2.463648557662964,1.783270239830017,0.18247219920158386,105.93905639648438,0.06059896573424339
257739,2,4.850322246551514,2.6964755058288574,2.2780487537384033,0.1152428388595581,106.00503540039062,0.06272519379854202
257759,2,4.497593402862549,2.8833515644073486,2.006364583969116,0.18967176973819733,106.00503540039062,0.11205360293388367
257779,2,4.116212844848633,3.0202271938323975,2.935126543045044,0.017081765457987785,106.09292602539062,0.06697764247655869
257799,2,3.9279439449310303,3.1135597229003906,2.5173277854919434,0.11901351064443588,106.1807861328125,0.13501682877540588
257819,2,3.455198287963867,3.1596105098724365,2.005315065383911,0.20731543004512787,106.22470092773438,0.06442616879940033
257839,2,2.996206760406494,3.164621353149414,2.233224630355835,0.15732553601264954,106.31256103515625,0.150752454996109
257859,2,2.5545437335968018,3.1274924278259277,1.3482269048690796,0.3175210952758789,106.37857055664062,0.16648651659488678
257879,2,2.079714059829712,3.0513386726379395,1.985004186630249,0.17368023097515106,106.42251586914062,0.16138358414173126
257899,2,1.8457623720169067,2.9452528953552246,2.460869789123535,0.06445327401161194,106.466552734375,0.10992737859487534
257919,2,1.3700454235076904,2.8054513931274414,1.8802610635757446,0.14917556941509247,106.488525390625,0.11885752528905869
257939,2,0.9086390733718872,2.6388771533966064,2.0465264320373535,0.07943528145551682,106.53244018554688,0.08568841964006424
257959,2,0.4667152762413025,2.453976631164551,1.31308913230896,0.18415655195713043,106.510498046875,0.0801602303981781
257979,2,0.04492489993572235,2.2455596923828125,1.7143751382827759,0.06895208358764648,106.57638549804688,0.11503031849861145
257999,2,-0.13424570858478546,2.025707721710205,0.7893190979957581,0.21231147646903992,106.57638549804688,0.0363600067794323
258019,2,-0.49056100845336914,1.7936625480651855,1.267659306526184,0.079716756939888,106.66424560546875,0.10865164548158646
258039,2,-0.8394518494606018,1.5557314157485962,0.40167075395584106,0.20872771739959717,106.66424560546875,0.13586731255054474
258059,2,-1.1152313947677612,1.3158621788024902,0.8507436513900757,0.07954782247543335,106.68621826171875,0.0801602303981781
258079,2,-1.2272635698318481,1.0779887437820435,0.8839316368103027,0.03979698196053505,106.68621826171875,0.07718351483345032
258099,2,-1.4321762323379517,0.8432393670082092,0.7397366762161255,0.029749184846878052,106.68621826171875,0.07123009115457535
258119,2,-1.5902029275894165,0.616328775882721,0.5611836314201355,0.0281230341643095,106.68621826171875,0.0784592553973198
258139,2,-1.700013518333435,0.4010801315307617,0.021576225757598877,0.09800375998020172,106.68621826171875,0.035509515553712845
258159,2,-1.7633116245269775,0.19814838469028473,0.8412666916847229,-0.09669176489114761,106.73013305664062,0.012969970703125
258179,2,-1.7922146320343018,0.009937390685081482,0.5932619571685791,-0.08384953439235687,106.73013305664062,-0.02785354293882847
258199,2,-1.7839430570602417,-0.16146649420261383,-0.0443357415497303,0.0153841907158494,106.73013305664062,0.027855105698108673
258219,2,-1.7646898031234741,-0.31492650508880615,-0.779098391532898,0.1407470405101776,106.73013305664062,0.05719700828194618
258239,2,-1.7041682004928589,-0.44921278953552246,0.030098870396614075,-0.03177662193775177,106.73013305664062,0.1043991968035698
258259,2,-1.6143385171890259,-0.5638935565948486,-0.34742406010627747,0.028125738725066185,106.73013305664062,0.06017372012138367
258279,2,-1.5008820295333862,-0.6588104963302612,-0.8272707462310791,0.11089956760406494,106.70819091796875,0.012969970703125
258299,2,-1.4342238903045654,-0.7350622415542603,-0.2644622325897217,-0.008242730051279068,106.70819091796875,0.03465902432799339
258319,2,-1.2917993068695068,-0.7912208437919617,0.07382160425186157,-0.08479582518339157,106.66424560546875,-0.012969970703125
258339,2,-1.1391024589538574,-0.8291184902191162,-0.249419167637825,-0.026724712923169136,106.64227294921875,-0.03125550225377083
258359,2,-0.9733051061630249,-0.8495501279830933,-0.14288610219955444,-0.05205109342932701,106.64227294921875,-0.03976039960980415
258379,2,-0.8080310225486755,-0.8544597029685974,0.2919670343399048,-0.13734659552574158,106.64227294921875,-0.027003053575754166
258399,2,-0.7221251130104065,-0.8450385928153992,0.2569935619831085,-0.13319481909275055,106.62030029296875,-0.06527666002511978
258419,2,-0.5591341853141785,-0.8213704824447632,-0.10308109223842621,-0.06117051839828491,106.59835815429688,-0.05124201253056526
258439,2,-0.40212929248809814,-0.7863026261329651,0.09808290004730225,-0.09907007217407227,106.55441284179688,-0.08483792841434479
258459,2,-0.2529025077819824,-0.7429018616676331,-0.5188537836074829,0.026529574766755104,106.488525390625,-0.04273711517453194
258479,2,-0.12033596634864807,-0.6901617050170898,-5.7484954595565796e-05,-0.06251918524503708,106.53244018554688,0.014245704747736454
258499,2,-0.05589064210653305,-0.6321826577186584,-0.02426636964082718,-0.049688082188367844,106.510498046875,0.013395215384662151
258519,2,0.055073730647563934,-0.5691195130348206,-0.5897233486175537,0.07390957325696945,106.510498046875,0.062299944460392
258539,2,0.15140168368816376,-0.503417432308197,-0.484295129776001,0.06378751248121262,106.510498046875,-0.004039826802909374
258559,2,0.22367043793201447,-0.4365082085132599,-0.5662826299667358,0.08587583899497986,106.488525390625,-0.037208929657936096
258579,2,0.2851313352584839,-0.37078896164894104,-0.48305612802505493,0.07984931021928787,106.488525390625,0.0010631122859194875
258599,2,0.3273428976535797,-0.3062334358692169,-0.7729777097702026,0.14300338923931122,106.466552734375,-0.04358760640025139
258619,2,0.35775741934776306,-0.24445649981498718,0.24080027639865875,-0.04727340489625931,106.53244018554688,0.015096195042133331
258639,2,0.37172526121139526,-0.1866094172000885,-1.041395664215088,0.22055122256278992,106.53244018554688,0.12183423340320587
258659,2,0.3733586072921753,-0.1333972066640854,-0.20773564279079437,0.06908893585205078,106.510498046875,0.09376806765794754
258679,2,0.3672083616256714,-0.08549237251281738,-0.1597902476787567,0.068531833589077,106.510498046875,0.08483792841434479
258699,2,0.34965184330940247,-0.043219272047281265,0.06874707341194153,0.02754014916718006,106.488525390625,0.04401441290974617
258719,2,0.3228926956653595,-0.007006338331848383,-0.038891978561878204,0.05363069474697113,106.488525390625,0.04826686158776283
258739,2,0.30600741505622864,0.02340436726808548,-0.47885677218437195,0.1465952843427658,106.488525390625,0.06952910870313644
258759,2,0.26841872930526733,0.04754972830414772,0.2760436534881592,0.0006392475916072726,106.488525390625,0.04061245545744896
258779,2,0.227365180850029,0.06593894213438034,1.0638025999069214,-0.158529132604599,106.488525390625,-0.03423221781849861
258799,2,0.1835271120071411,0.07909335941076279,0.21667629480361938,-0.001926827011629939,106.42251586914062,-0.088239885866642
258819,2,0.13875225186347961,0.08725083619356155,0.6409727931022644,-0.08596266806125641,106.466552734375,-0.010418500751256943
258839,2,0.09729060530662537,0.09078822284936905,0.6977440118789673,-0.10143746435642242,106.466552734375,-0.012544725090265274
258859,2,0.07910794764757156,0.09052024781703949,-0.13978201150894165,0.05795872583985329,106.42251586914062,-0.044012852013111115
258879,2,0.04278428107500076,0.08707357197999954,0.5865504145622253,-0.08868154883384705,106.466552734375,-0.009993256069719791
258899,2,0.011578671634197235,0.08139277249574661,-0.3677701950073242,0.0978483036160469,106.466552734375,0.023601094260811806
258919,2,-0.014144357293844223,0.07354961335659027,-0.6059843301773071,0.14861531555652618,106.510498046875,0.10822639614343643
258939,2,-0.03387948125600815,0.06450643390417099,-0.15228548645973206,0.05717853829264641,106.510498046875,0.027429861947894096
258959,2,-0.04074735939502716,0.054808828979730606,-0.1084696352481842,0.050323694944381714,106.53244018554688,0.06952910870313644
258979,2,-0.05065808445215225,0.045049507170915604,-0.4846028983592987,0.12541063129901886,106.510498046875,0.05549602583050728
258999,2,-0.05487769469618797,0.03569148853421211,-0.42092055082321167,0.11355563998222351,106.510498046875,0.035509515553712845
259019,2,-0.054014552384614944,0.02708471566438675,-0.15519878268241882,0.06121272221207619,106.510498046875,0.023601094260811806
259039,2,-0.05190511792898178,0.019489943981170654,0.10167592763900757,0.014253460802137852,106.53244018554688,0.09334282577037811
259059,2,-0.04516270011663437,0.013174028135836124,0.15666699409484863,0.004517430439591408,106.53244018554688,0.04869210720062256
259079,2,-0.03601771220564842,0.00819848570972681,0.22678938508033752,-0.013485902920365334,106.488525390625,-0.0027640920598059893
259099,2,-0.025651399046182632,0.00450851721689105,-0.2495243400335312,0.07257071882486343,106.42251586914062,-0.054218728095293045
259119,2,-0.016176803037524223,0.002094276249408722,-0.023105822503566742,0.029014118015766144,106.466552734375,0.007016541436314583
259139,2,-0.007431846112012863,0.0007256640237756073,-0.4648147225379944,0.1187029629945755,106.466552734375,0.058047495782375336
259159,2,-0.004285738803446293,0.00013258957187645137,-0.5425367951393127,0.13838961720466614,106.488525390625,0.08951561897993088
259179,2,0.0,3.5827131796395406e-05,0.07604208588600159,0.017862053588032722,106.488525390625,0.051243577152490616
259199,2,0.0,3.2417727197753266e-05,-0.2883748412132263,0.08784584701061249,106.466552734375,-0.006591296289116144
259219,2,0.0,2.9332773920032196e-05,0.540634036064148,-0.07786623388528824,106.466552734375,-0.00021262247173581272
259239,2,0.0,2.6541398256085813e-05,0.4885427951812744,-0.07167045772075653,106.466552734375,-0.031680747866630554
259259,2,0.0,2.4015651433728635e-05,1.2910045385360718,-0.23677964508533478,106.444580078125,-0.08271170407533646
259279,2,0.0,2.1730264052166604e-05,0.36003369092941284,-0.056643299758434296,106.444580078125,0.008292276412248611
259299,2,0.0,1.9662355043692514e-05,0.3664253056049347,-0.056379616260528564,106.466552734375,0.03721049427986145
259319,2,0.0,1.7791235222830437e-05,0.595569908618927,-0.105568066239357,106.444580078125,-0.04018564522266388
259339,2,0.0,1.609817445569206e-05,1.1812126636505127,-0.2277010679244995,106.42251586914062,-0.09717003256082535
259359,2,0.0,1.456623158446746e-05,0.4015304148197174,-0.08021367341279984,106.42251586914062,-0.08866513520479202
259379,2,0.0,1.3180071618990041e-05,0.14300419390201569,-0.0327598862349987,106.42251586914062,-0.04996627941727638
259399,2,0.0,1.1925822946068365e-05,0.4750393033027649,-0.1000526174902916,106.42251586914062,-0.04316236078739166
259419,2,0.0,1.079093181033386e-05,0.2279781699180603,-0.05461571738123894,106.42251586914062,-0.058047495782375336
259439,2,0.0,9.764039532456081e-06,0.20865988731384277,-0.05399368330836296,106.42251586914062,-0.03976039960980415
259459,2,0.0,8.834868822304998e-06,0.27972981333732605,-0.07026387751102448,106.42251586914062,-0.020624378696084023
259479,2,0.0,7.994119187060278e-06,0.6824961304664612,-0.15379947423934937,106.42251586914062,-0.07760876417160034
259499,2,0.0,7.233378255477874e-06,0.316657692193985,-0.08469410240650177,106.42251586914062,-0.05336824059486389
259519,2,0.0,6.545031283167191e-06,0.5012556314468384,-0.12374699860811234,106.42251586914062,-0.07293106615543365
259539,2,0.0,5.922189302509651e-06,0.27879196405410767,-0.08651206642389297,106.40054321289062,-0.10992737859487534
259559,2,0.0,5.358619091566652e-06,0.051724910736083984,-0.04708479344844818,106.40054321289062,-0.08356219530105591
259579,2,0.0,4.848679509450449e-06,0.5249167084693909,-0.1410854607820511,106.42251586914062,-0.037208929657936096
259599,2,0.0,4.387266926642042e-06,0.5879384279251099,-0.15551036596298218,106.42251586914062,-0.04358760640025139
259619,2,0.0,3.969763383793179e-06,0.3089691400527954,-0.10478349775075912,106.40054321289062,-0.06740288436412811
259639,2,0.0,3.591990889617591e-06,0.3196507394313812,-0.10951907187700272,106.40054321289062,-0.05549602583050728
259659,2,0.0,3.250167537771631e-06,-0.4684998393058777,0.04672779142856598,106.40054321289062,-0.015946684405207634
259679,2,0.0,2.9408731734292815e-06,0.0029234886169433594,-0.04492221027612686,106.42251586914062,0.010418500751256943
259699,2,0.0,2.6610123313730583e-06,-0.5563470721244812,0.06676378101110458,106.42251586914062,-0.0031893369741737843
259719,2,0.0,2.407783767921501e-06,-0.38172441720962524,0.0361601822078228,106.42251586914062,0.033383291214704514
259739,2,0.0,2.1786529487144435e-06,-0.32634496688842773,0.027715908363461494,106.42251586914062,0.010843745432794094
259759,2,0.0,1.9713263554876903e-06,0.16435053944587708,-0.06468787044286728,106.444580078125,0.047841619700193405
259779,2,0.0,1.7837302266343613e-06,0.4093841016292572,-0.1163729727268219,106.42251586914062,-0.061449456959962845
259799,2,0.0,1.6139860008479445e-06,0.3883833587169647,-0.12081766128540039,106.37857055664062,-0.1452227085828781
259819,2,0.0,1.4603949693992035e-06,0.5479061007499695,-0.1555481106042862,106.35662841796875,-0.09206709265708923
259839,2,0.0,1.3214200862421421e-06,0.20933744311332703,-0.09534822404384613,106.33465576171875,-0.0980205163359642
259859,2,0.0,1.1956703929172363e-06,0.06948743015527725,-0.0705508440732956,106.33465576171875,-0.062299944460392
259879,2,0.0,1.0818874898177455e-06,0.4044598937034607,-0.13591594994068146,106.37857055664062,-0.030830256640911102
259899,2,0.0,9.789323485165369e-07,0.9307558536529541,-0.2407209724187851,106.37857055664062,-0.03678368777036667
259919,2,0.0,8.857746252033394e-07,-0.4992627501487732,0.0354691781103611,106.31256103515625,-0.0865389034152031
259939,2,0.0,8.014820309654169e-07,0.18531087040901184,-0.1005265936255455,106.33465576171875,-0.08271170407533646
259959,2,0.0,7.252109526234563e-07,0.5912885069847107,-0.18338799476623535,106.33465576171875,-0.10099723190069199
259979,2,0.0,6.561979830621567e-07,-0.07928872853517532,-0.051133912056684494,106.33465576171875,-0.041886623948812485
259999,2,0.0,5.937524747423595e-07,-0.2490813285112381,-0.01652812957763672,106.33465576171875,-0.044012852013111115
260019,2,0.0,5.372493774302711e-07,0.22363217175006866,-0.10852053761482239,106.33465576171875,-0.04231186956167221
260039,2,0.0,4.86123326481902e-07,0.19640950858592987,-0.10133689641952515,106.35662841796875,-0.027003053575754166
260059,2,0.0,4.3986261744066724e-07,-0.12068217992782593,-0.0421643927693367,106.31256103515625,-0.07293106615543365
260079,2,0.0,3.9800420381652657e-07,0.5565643906593323,-0.17844164371490479,106.33465576171875,-0.08271170407533646
260099,2,0.0,3.6012912119076645e-07,0.055129945278167725,-0.08702126145362854,106.26864624023438,-0.114179827272892
260119,2,0.0,3.25858337646423e-07,-0.2152869701385498,-0.03150361776351929,106.24667358398438,-0.03338172659277916
260139,2,0.0,2.9484883157238073e-07,-0.2087620049715042,-0.034472715109586716,106.24667358398438,-0.07165533304214478
260159,2,0.0,2.66790266323369e-07,-0.6756157875061035,0.060370489954948425,106.24667358398438,-0.021474869921803474
260179,2,0.0,2.414018354102154e-07,0.005517393350601196,-0.07071337848901749,106.24667358398438,0.00956801138818264
260199,2,0.0,2.1842946296146692e-07,0.005517393350601196,-0.07123345136642456,106.24667358398438,0.00956801138818264
