tick,id,target,model,velocity,current,position,reference_current
13037,1,0.0,0.0,0.0,0.0,-83.04258728027344,9.739652887219563e-05
13047,1,0.0,0.0,0.008807506412267685,-0.0033671348355710506,-83.04258728027344,-0.005551601760089397
13057,1,0.0,0.0,0.016528623178601265,-0.006422709207981825,-83.04258728027344,-0.004772429820150137
13067,1,0.0,0.0,0.022541837766766548,-0.008911793120205402,-83.04258728027344,-0.005162016022950411
13077,1,0.0,0.0,0.027224933728575706,-0.010959744453430176,-83.04258728027344,-0.004772429820150137
13087,1,0.0,0.0,0.030872132629156113,-0.012664196081459522,-83.04258728027344,-0.008863084018230438
13097,1,0.0,0.0,0.03371256962418556,-0.014101183041930199,-83.04258728027344,-0.006525567267090082
13107,1,0.0,0.0,0.03592470660805702,-0.015329924412071705,-83.04258728027344,-0.00788911897689104
13117,1,0.0,0.0,0.037647515535354614,-0.016396531835198402,-83.04258728027344,-0.008278705179691315
13127,1,0.0,0.0,0.038989245891571045,-0.017336931079626083,-83.04258728027344,-0.008278705179691315
13137,1,0.0,0.0,0.04003418609499931,-0.018179086968302727,-83.04258728027344,-0.009837049059569836
13147,1,0.0,0.0,0.040847986936569214,-0.018944786861538887,-83.04258728027344,-0.009837049059569836
13157,1,0.0,0.0,0.04148177430033684,-0.01965099759399891,-83.04258728027344,-0.011005807667970657
13167,1,0.0,0.0,0.041975367814302444,-0.02031092904508114,-83.04258728027344,-0.01392770279198885
13177,1,0.0,0.0,0.04235977679491043,-0.020934870466589928,-83.04258728027344,-0.011590186506509781
13187,1,0.0,0.0,0.04265915974974632,-0.021530846133828163,-83.04258728027344,-0.014317288994789124
13197,1,0.0,0.0,0.04289231449365616,-0.022105084732174873,-83.04258728027344,-0.015291254967451096
13207,1,0.0,0.0,0.04307389631867409,-0.02266245149075985,-83.04258728027344,-0.01392770279198885
13217,1,0.0,0.0,0.0432153157889843,-0.023206735029816628,-83.04258728027344,-0.014901668764650822
13227,1,0.0,0.0,0.04332545027136803,-0.023740878328680992,-83.04258728027344,-0.015680840238928795
13237,1,0.0,0.0,0.043411221355199814,-0.024267183616757393,-83.04258728027344,-0.015291254967451096
13247,1,0.0,0.0,0.04347802326083183,-0.024787431582808495,-83.04258728027344,-0.017044391483068466
13257,1,0.0,0.0,0.043530046939849854,-0.02530302293598652,-83.04258728027344,-0.01587563380599022
13267,1,0.0,0.0,0.043570563197135925,-0.02581503801047802,-83.04258728027344,-0.016654806211590767
13277,1,0.0,0.0,0.043602120131254196,-0.026324324309825897,-83.04258728027344,-0.015680840238928795
13287,1,0.0,0.0,0.04362669959664345,-0.026831533759832382,-83.04258728027344,-0.016070427373051643
13297,1,0.0,0.0,0.04364583641290665,-0.02733718231320381,-83.04258728027344,-0.017823563888669014
13307,1,0.0,0.0,0.043660737574100494,-0.02784167043864727,-83.04258728027344,-0.018213151022791862
13317,1,0.0,0.0,0.0436723493039608,-0.02834530547261238,-83.04258728027344,-0.01977149397134781
13327,1,0.0,0.0,0.04368139058351517,-0.02884833514690399,-83.04258728027344,-0.01938190869987011
13337,1,0.0,0.0,0.04368843138217926,-0.029350940138101578,-83.04258728027344,-0.01938190869987011
13347,1,0.0,0.0,0.043693918734788895,-0.029853271320462227,-83.04258728027344,-0.02152463234961033
13357,1,0.0,0.0,0.04369818791747093,-0.030355440452694893,-83.04258728027344,-0.020161081105470657
13367,1,0.0,0.0,0.04370151087641716,-0.030857542529702187,-83.04258728027344,-0.018797529861330986
13377,1,0.0,0.0,0.04370410367846489,-0.03135964274406433,-83.04258728027344,-0.020940253511071205
13387,1,0.0,0.0,0.043706122785806656,-0.0318617969751358,-83.04258728027344,-0.019187115132808685
13397,1,0.0,0.0,0.04370769113302231,-0.03236404061317444,-83.04258728027344,-0.02035587467253208
13407,1,0.0,0.0,0.043708913028240204,-0.03286641463637352,-83.04258728027344,-0.021719425916671753
13417,1,0.0,0.0,0.04370986670255661,-0.03336894139647484,-83.04258728027344,-0.021914217621088028
13427,1,0.0,0.0,-0.06985428929328918,0.009336555376648903,-83.04258728027344,-0.022693390026688576
13437,1,0.0,0.0,-0.016342008486390114,-0.010301406495273113,-83.04258728027344,-0.01042142789810896
13447,1,0.0,0.0,-0.003057835390791297,-0.015210404060781002,-83.04258728027344,-0.011005807667970657
13457,1,0.0,0.0,0.00728788785636425,-0.0191445741802454,-83.04258728027344,-0.012564151547849178
13467,1,0.0,0.0,0.015345143154263496,-0.022319601848721504,-83.04258728027344,-0.012174565345048904
13477,1,0.0,0.0,0.021620145067572594,-0.024903466925024986,-83.04258728027344,-0.013343323953449726
13487,1,0.0,0.0,0.026507118716835976,-0.027026986703276634,-83.04258728027344,-0.01353811752051115
13497,1,0.0,0.0,0.030313096940517426,-0.028792036697268486,-83.04258728027344,-0.016070427373051643
13507,1,0.0,0.0,0.03327719122171402,-0.030277973040938377,-83.04258728027344,-0.01762877032160759
13517,1,0.0,0.0,0.03558563441038132,-0.03154658526182175,-83.04258728027344,-0.018797529861330986
13527,1,0.0,0.0,0.03738345205783844,-0.03264600411057472,-83.04258728027344,-0.019187115132808685
13537,1,0.0,0.0,0.038783591240644455,-0.03361370041966438,-83.04258728027344,-0.018407942727208138
13547,1,0.0,0.0,0.03987402468919754,-0.034478865563869476,-83.04258728027344,-0.021329838782548904
13557,1,0.0,0.0,0.04072325676679611,-0.035264238715171814,-83.04258728027344,-0.02288818359375
13567,1,0.0,0.0,0.041384633630514145,-0.03598751872777939,-83.04258728027344,-0.023082977160811424
13577,1,0.0,0.0,0.04189971461892128,-0.03666249290108681,-83.04258728027344,-0.022303804755210876
13587,1,0.0,0.0,0.042300861328840256,-0.037299904972314835,-83.04258728027344,-0.024056941270828247
13597,1,0.0,0.0,0.042613279074430466,-0.03790811076760292,-83.04258728027344,-0.02464132197201252
13607,1,0.0,0.0,0.04285658523440361,-0.03849362954497337,-83.04258728027344,-0.026005886495113373
13617,1,0.0,0.0,0.043046075850725174,-0.0390615351498127,-83.04258728027344,-0.026590265333652496
13627,1,0.0,0.0,0.043193649500608444,-0.039615776389837265,-83.04258728027344,-0.025226714089512825
13637,1,0.0,0.0,0.04330857843160629,-0.0401594303548336,-83.04258728027344,-0.025811094790697098
13647,1,0.0,0.0,0.04339808225631714,-0.040694888681173325,-83.04258728027344,-0.025616301223635674
13657,1,0.0,0.0,0.04346778988838196,-0.04122401401400566,-83.04258728027344,-0.02756423130631447
13667,1,0.0,0.0,0.043522078543901443,-0.041748274117708206,-83.04258728027344,-0.026979852467775345
13677,1,0.0,0.0,0.04356435686349869,-0.0422687791287899,-83.04258728027344,-0.029706954956054688
13687,1,0.0,0.0,0.04359728470444679,-0.04278643801808357,-83.04258728027344,-0.029317369684576988
13697,1,0.0,0.0,0.043622929602861404,-0.04330191761255264,-83.04258728027344,-0.029317369684576988
13707,1,0.0,0.0,0.04364290088415146,-0.04381575807929039,-83.04258728027344,-0.028732988983392715
13717,1,0.0,0.0,0.043658457696437836,-0.04432838037610054,-83.04258728027344,-0.03126529976725578
13727,1,0.0,0.0,0.043670572340488434,-0.044840093702077866,-83.04258728027344,-0.02853819727897644
13737,1,0.0,0.0,0.04368000477552414,-0.045351166278123856,-83.04258728027344,-0.030096540227532387
13747,1,0.0,0.0,0.043687351047992706,-0.04586178809404373,-83.04258728027344,-0.030486127361655235
13757,1,0.0,0.0,0.2647041976451874,-0.12858417630195618,-83.04258728027344,-0.01977149397134781
13767,1,0.0,0.0,0.10613247752189636,-0.07174473255872726,-83.06454467773438,-0.036135125905275345
13777,1,0.0,0.0,-0.18929511308670044,0.04235388711094856,-83.08656311035156,-0.020940253511071205
13787,1,0.0,0.0,0.43045952916145325,-0.1943875253200531,-83.06454467773438,-0.039251815527677536
13797,1,0.0,0.0,-0.5382722020149231,0.17311498522758484,-83.10853576660156,-0.018213151022791862
13807,1,0.0,0.0,0.6608986258506775,-0.2787700593471527,-83.04258728027344,-0.01977149397134781
13817,1,0.0,0.0,-0.6767684817314148,0.22317974269390106,-83.08656311035156,-0.029706954956054688
13827,1,0.0,0.0,0.539438784122467,-0.23000818490982056,-83.06454467773438,0.0012661548098549247
13837,1,0.0,0.0,-0.08201831579208374,-0.005182729102671146,-83.06454467773438,-0.05892591178417206
13847,1,0.0,0.0,-0.9297606945037842,0.32732340693473816,-83.1304931640625,0.030875205993652344
13857,1,0.0,0.0,2.310835123062134,-0.9083171486854553,-82.9766845703125,-0.08347034454345703
13867,1,0.0,0.0,-3.9155116081237793,1.4468506574630737,-83.24032592773438,0.020356381312012672
13877,1,0.0,0.0,3.2362427711486816,-1.2295682430267334,-83.02061462402344,0.04100495204329491
13887,1,0.0,0.0,-2.52760910987854,0.9105085134506226,-83.1304931640625,-0.05386129394173622
13897,1,0.0,0.0,-2.7675294876098633,1.0609490871429443,-83.28431701660156,0.18145225942134857
13907,1,0.0,0.0,3.8652684688568115,-1.4842146635055542,-82.88876342773438,-0.016070427373051643
13917,1,0.0,0.0,-6.932590007781982,2.624500274658203,-83.39414978027344,0.25391680002212524
13927,1,0.0,0.0,8.566667556762695,-3.221541166305542,-82.8228759765625,0.019577208906412125
13937,1,0.0,0.0,-6.070638656616211,2.279465675354004,-83.3282470703125,0.027758516371250153
13947,1,0.0,0.0,2.5997977256774902,-0.9373085498809814,-83.1304931640625,0.11541691422462463
13957,1,0.0,0.0,-0.31963443756103516,0.10086245089769363,-83.06454467773438,-0.03360281512141228
13967,1,0.0,0.0,-4.567992210388184,1.764296054840088,-83.39414978027344,0.1880757361650467
13977,1,0.0,0.0,7.59865665435791,-2.868065118789673,-82.8009033203125,-0.00749953230842948
13987,1,0.0,0.0,-8.475616455078125,3.208665609359741,-83.48207092285156,0.11230022460222244
13997,1,0.0,0.0,7.836390972137451,-2.9249794483184814,-82.93275451660156,0.003603671444579959
14007,1,0.0,0.0,-4.6192626953125,1.7269808053970337,-83.28431701660156,-0.026590265333652496
14017,1,0.0,0.0,0.4133427143096924,-0.10588487982749939,-83.24032592773438,0.10100171715021133
14027,1,0.0,0.0,1.6093430519104004,-0.6195436716079712,-82.9986572265625,-0.04860188066959381
14037,1,0.0,0.0,-5.982714653015137,2.2999839782714844,-83.43807983398438,0.18456895649433136
14047,1,0.0,0.0,8.769672393798828,-3.291362762451172,-82.7789306640625,0.006915153469890356
14057,1,0.0,0.0,-8.127941131591797,3.0814363956451416,-83.43807983398438,0.07392498105764389
14067,1,0.06748377531766891,0.0013362678000703454,6.15911865234375,-2.2687628269195557,-82.9986572265625,0.040030986070632935
14077,1,0.06748377531766891,0.007631033193320036,-3.2224273681640625,1.214878797531128,-83.19639587402344,-0.0341871939599514
14087,1,0.3934340178966522,0.04434502497315407,-1.0548131465911865,0.4845207929611206,-83.28431701660156,0.13918165862560272
14097,1,0.7536466121673584,0.11184396594762802,3.702653646469116,-1.3415461778640747,-82.93275451660156,-0.04431643337011337
14107,1,1.1178531646728516,0.20092107355594635,-6.8544111251831055,2.7262516021728516,-83.48207092285156,0.18223144114017487
14117,1,1.4501259326934814,0.3137250244617462,9.538585662841797,-3.42459774017334,-82.8009033203125,0.005162016022950411
14127,1,1.8176289796829224,0.4362778067588806,-7.090081214904785,2.885859727859497,-83.39414978027344,0.02288869023323059
14137,1,2.1373114585876465,0.5802656412124634,5.219324111938477,-1.6523953676223755,-83.04258728027344,0.06028946489095688
14147,1,2.503854751586914,0.7428105473518372,-1.8696377277374268,1.0297002792358398,-83.1524658203125,-0.026005886495113373
14157,1,2.822780132293701,0.9167112112045288,-1.755998134613037,1.124699592590332,-83.30628967285156,0.1933351457118988
14167,1,3.1823890209198,1.1052182912826538,5.031159400939941,-1.414726972579956,-82.88876342773438,0.004967222921550274
14177,1,3.1823890209198,1.3028873205184937,-5.762633323669434,2.7689239978790283,-83.39414978027344,0.275538831949234
14187,1,3.4840495586395264,1.5104522705078125,9.59581470489502,-2.952028512954712,-82.75697326660156,0.08736620843410492
14197,1,3.8191490173339844,1.7301535606384277,-4.367728233337402,2.395503520965576,-83.28431701660156,0.18008871376514435
14207,1,4.160350322723389,1.9551805257797241,8.240263938903809,-2.2533860206604004,-82.84483337402344,0.04431643337011337
14217,1,4.461053371429443,2.1881492137908936,-2.5986227989196777,1.9062951803207397,-83.1524658203125,0.12515656650066376
14227,1,4.787644863128662,2.423464298248291,6.672769546508789,-1.4805090427398682,-82.84483337402344,0.06730201095342636
14237,1,5.071234226226807,2.6595656871795654,-0.19703149795532227,1.1923927068710327,-83.04258728027344,0.16353130340576172
14247,1,5.3584818840026855,2.905794620513916,3.985474109649658,-0.29030296206474304,-82.8228759765625,0.18671168386936188
14257,1,5.683258533477783,3.145629644393921,3.030127763748169,0.17211563885211945,-82.86680603027344,0.14755776524543762
14267,1,5.943881511688232,3.392277956008911,2.345149517059326,0.5325719118118286,-82.86680603027344,0.20833420753479004
14277,1,6.1983723640441895,3.640134334564209,2.145587921142578,0.7165104150772095,-82.86680603027344,0.2642408311367035
14287,1,6.1983723640441895,3.883582353591919,2.1200497150421143,0.8321282267570496,-82.84483337402344,0.3296923041343689
14297,1,6.497513294219971,4.132330417633057,1.9492897987365723,1.0150115489959717,-82.84483337402344,0.4033251106739044
14307,1,6.744564533233643,4.380916595458984,1.7508513927459717,1.2114417552947998,-82.8228759765625,0.4933210015296936
14317,1,6.999025344848633,4.630063056945801,1.962168574333191,1.2567510604858398,-82.8009033203125,0.5815632939338684
14327,1,7.260169506072998,4.875577449798584,2.0254573822021484,1.3583496809005737,-82.7789306640625,0.6590924263000488
14337,1,7.487499713897705,5.119979381561279,2.0786705017089844,1.4651237726211548,-82.75697326660156,0.7426596879959106
14347,1,7.73557186126709,5.355006694793701,1.850387692451477,1.6763983964920044,-82.73500061035156,0.8100590705871582
14357,1,7.938534736633301,5.589505672454834,2.317094326019287,1.6261820793151855,-82.71298217773438,0.879796028137207
14367,1,8.165216445922852,5.821933269500732,2.8372960090637207,1.5527633428573608,-82.66905212402344,0.9214827418327332
14377,1,8.366169929504395,6.0489044189453125,3.455627202987671,1.4364275932312012,-82.6031494140625,0.9376505613327026
14387,1,8.366169929504395,6.269421100616455,4.058241367340088,1.315338134765625,-82.55921936035156,0.9403776526451111
14397,1,8.575289726257324,6.488852500915527,4.516109466552734,1.249070167541504,-82.47129821777344,0.9208983778953552
14407,1,8.739543914794922,6.703032970428467,5.179657936096191,1.0977554321289062,-82.40541076660156,0.8920685052871704
14417,1,8.898065567016602,6.911917209625244,5.371453285217285,1.120923399925232,-82.33946228027344,0.8585635423660278
14427,1,9.071120262145996,7.114230155944824,5.9525275230407715,0.9937174916267395,-82.2735595703125,0.8375259041786194
14437,1,9.22928524017334,7.306654930114746,5.999440670013428,1.0624617338180542,-82.20765686035156,0.8096694946289062
14447,1,9.3521146774292,7.4944329261779785,6.164043426513672,1.0853602886199951,-82.14170837402344,0.7913589477539062
14457,1,9.462668418884277,7.67555046081543,6.161676406860352,1.1704179048538208,-82.0977783203125,0.7966183423995972
14467,1,9.580259323120117,7.8502278327941895,6.183948516845703,1.2458081245422363,-82.03176879882812,0.8143450617790222
14477,1,9.677614212036133,8.016788482666016,6.144521236419678,1.3424509763717651,-81.96586608886719,0.8293440937995911
14487,1,9.677614212036133,8.174836158752441,6.540016174316406,1.2691264152526855,-81.87796020507812,0.8383051156997681
14497,1,9.762012481689453,8.325874328613281,7.1413068771362305,1.1146577596664429,-81.79008483886719,0.8398634195327759
14507,1,9.831084251403809,8.469111442565918,7.295503616333008,1.1234722137451172,-81.70216369628906,0.8270065784454346
14517,1,9.891218185424805,8.604442596435547,7.6292009353637695,1.0590579509735107,-81.61430358886719,0.8096694946289062
14527,1,9.94023323059082,8.730664253234863,7.886351585388184,1.0180338621139526,-81.52638244628906,0.7981767058372498
14537,1,9.971559524536133,8.848176956176758,8.030413627624512,1.0149909257888794,-81.43852233886719,0.7792812585830688
14547,1,9.993234634399414,8.95592975616455,7.953132629394531,1.0930532217025757,-81.35060119628906,0.773632287979126
14557,1,9.999974250793457,9.054905891418457,7.902537822723389,1.1601858139038086,-81.26274108886719,0.7771385312080383
14567,1,9.993694305419922,9.144593238830566,7.723178386688232,1.2750314474105835,-81.19679260253906,0.7956444025039673
14577,1,9.97433853149414,9.22501277923584,7.639369487762451,1.3522069454193115,-81.10893249511719,0.8238899111747742
14587,1,9.97433853149414,9.296321868896484,7.5079240798950195,1.445819616317749,-81.02101135253906,0.8552520871162415
14597,1,9.937667846679688,9.357353210449219,7.818583011627197,1.3696850538253784,-80.93315124511719,0.8953799605369568
14607,1,9.894355773925781,9.408455848693848,8.022603034973145,1.3264895677566528,-80.84523010253906,0.9025872945785522
14617,1,9.836783409118652,9.44921875,8.669174194335938,1.1081149578094482,-80.75736999511719,0.8940163850784302
14627,1,9.757487297058105,9.480005264282227,9.022034645080566,0.9914698600769043,-80.64747619628906,0.8490186929702759
14637,1,9.678876876831055,9.500367164611816,9.012808799743652,1.005187749862671,-80.55961608886719,0.8007090091705322
14647,1,9.588367462158203,9.510395050048828,8.82732105255127,1.0829089879989624,-80.47169494628906,0.7790864706039429
14657,1,9.488940238952637,9.51016902923584,8.664266586303711,1.1511870622634888,-80.38383483886719,0.7753854393959045
14667,1,9.353832244873047,9.502850532531738,8.727715492248535,1.1318864822387695,-80.29591369628906,0.7804500460624695
14677,1,9.230207443237305,9.4838228225708,9.18116283416748,0.9588054418563843,-80.18608093261719,0.7744114398956299
14687,1,9.07730484008789,9.453690528869629,9.351456642150879,0.8826934099197388,-80.07620239257812,0.7428544759750366
14697,1,8.913529396057129,9.414628982543945,9.771106719970703,0.7064132690429688,-79.98828125,0.6972723603248596
14707,1,8.913529396057129,9.366943359375,9.407896041870117,0.8241367340087891,-79.90042114257812,0.6495475769042969
14717,1,8.741724014282227,9.30744457244873,9.284353256225586,0.846388041973114,-79.8125,0.6366912126541138
14727,1,8.564522743225098,9.23674488067627,9.354409217834473,0.7908852100372314,-79.72463989257812,0.6246135830879211
14737,1,8.371271133422852,9.15438175201416,9.082085609436035,0.8602017164230347,-79.63671875,0.6135103702545166
14747,1,8.148392677307129,9.062723159790039,8.715880393981934,0.962455153465271,-79.57083129882812,0.6142895221710205
14757,1,7.907212734222412,8.961668968200684,8.418395042419434,1.0384743213653564,-79.48295593261719,0.634742796421051
14767,1,7.696478366851807,8.849053382873535,7.974654197692871,1.1692534685134888,-79.41700744628906,0.6682476997375488
14777,1,7.475247383117676,8.72648811340332,7.917581081390381,1.1518445014953613,-79.32914733886719,0.6980515718460083
14787,1,7.216784954071045,8.597282409667969,7.708927631378174,1.188022494316101,-79.26319885253906,0.7103235125541687
14797,1,6.953738212585449,8.460701942443848,8.0950288772583,0.9953902959823608,-79.17532348632812,0.7204532623291016
14807,1,6.953738212585449,8.317296028137207,8.366730690002441,0.8453478813171387,-79.08741760253906,0.7021422386169434
14817,1,6.66648530960083,8.160202026367188,8.456780433654785,0.7471144199371338,-79.02151489257812,0.6598716378211975
14827,1,6.38992977142334,7.991739749908447,8.590847969055176,0.626270055770874,-78.93365478515625,0.6228604316711426
14837,1,6.102592945098877,7.81721830368042,8.089366912841797,0.742986798286438,-78.86769104003906,0.5950044989585876
14847,1,5.785087585449219,7.629640579223633,7.453581809997559,0.9085635542869568,-78.82376098632812,0.5926669836044312
14857,1,5.5033135414123535,7.432446479797363,6.790891647338867,1.0867754220962524,-78.75787353515625,0.6177958250045776
14867,1,5.218353748321533,7.226956844329834,6.508804798126221,1.1221712827682495,-78.71388244628906,0.6522746682167053
14877,1,4.923215389251709,7.018625259399414,6.332064151763916,1.1166901588439941,-78.66995239257812,0.6698060631752014
14887,1,4.5585856437683105,6.804922580718994,6.272029876708984,1.0625052452087402,-78.60404968261719,0.680909276008606
14897,1,4.196712970733643,6.583990097045898,6.4170732498168945,0.9270116686820984,-78.51612854003906,0.6822727918624878
14907,1,4.196712970733643,6.356810569763184,6.700207710266113,0.7397511005401611,-78.45024108886719,0.6565601229667664
14917,1,3.8236243724823,6.115745544433594,6.854408264160156,0.5834715366363525,-78.38427734375,0.6189645528793335
14927,1,3.479997396469116,5.8649210929870605,6.817644119262695,0.49147796630859375,-78.31838989257812,0.5613048076629639
14937,1,3.1392107009887695,5.605536460876465,6.522711753845215,0.49171823263168335,-78.27445983886719,0.509878396987915
14947,1,2.7626869678497314,5.341885566711426,5.878045082092285,0.624873161315918,-78.23052978515625,0.4828016757965088
14957,1,2.4156301021575928,5.069758892059326,5.138373374938965,0.7968131899833679,-78.20849609375,0.48981472849845886
14967,1,2.037043333053589,4.795137882232666,4.599308490753174,0.8951689600944519,-78.18653869628906,0.509878396987915
14977,1,1.6755186319351196,4.518495559692383,3.831437826156616,1.0839635133743286,-78.16456604003906,0.550785481929779
14987,1,1.2890777587890625,4.2327985763549805,3.5228607654571533,1.1000078916549683,-78.12063598632812,0.6018222570419312
14997,1,0.896705687046051,3.944896697998047,3.613940715789795,0.9611161351203918,-78.07670593261719,0.630262553691864
15007,1,0.896705687046051,3.65482234954834,3.805776596069336,0.7870041131973267,-78.03271484375,0.6226656436920166
15017,1,0.5285981297492981,3.3573226928710938,4.051945209503174,0.575912356376648,-77.98878479003906,0.5848747491836548
15027,1,0.16895388066768646,3.0539093017578125,3.756124258041382,0.5638198256492615,-77.96682739257812,0.5394874811172485
15037,1,-0.17447242140769958,2.7466881275177,3.2424919605255127,0.6331785917282104,-77.94485473632812,0.5089044570922852
15047,1,-0.5304643511772156,2.4348254203796387,2.726925849914551,0.7038740515708923,-77.94485473632812,0.49682727456092834
15057,1,-0.8960017561912537,2.1178550720214844,2.1874139308929443,0.7850341200828552,-77.92289733886719,0.5013075470924377
15067,1,-1.301803469657898,1.7998493909835815,1.7132288217544556,0.8424662947654724,-77.92289733886719,0.5159175395965576
15077,1,-1.6527005434036255,1.4777098894119263,1.34393310546875,0.8612439036369324,-77.92289733886719,0.5318905711174011
15087,1,-2.0423598289489746,1.1571199893951416,1.2471611499786377,0.7754067778587341,-77.92289733886719,0.5387083292007446
15097,1,-2.416492462158203,0.8379793167114258,0.980959415435791,0.7532985806465149,-77.92289733886719,0.5342280864715576
15107,1,-2.8057467937469482,0.513012707233429,0.7736412882804871,0.7056102752685547,-77.92289733886719,0.5291634202003479
15117,1,-3.1505866050720215,0.1903628259897232,0.6121817827224731,0.6408440470695496,-77.92289733886719,0.5161123275756836
15127,1,-3.480518102645874,-0.13410349190235138,0.4864369332790375,0.5602580904960632,-77.92289733886719,0.4927366375923157
15137,1,-3.480518102645874,-0.4525568187236786,0.3850158154964447,0.47766634821891785,-77.92289733886719,0.4627380073070526
15147,1,-3.870774269104004,-0.7778431177139282,0.30951985716819763,0.37145715951919556,-77.94485473632812,0.42592158913612366
15157,1,-4.195736408233643,-1.1030986309051514,0.1881827712059021,0.28141000866889954,-77.94485473632812,0.3815077841281891
15167,1,-4.571506500244141,-1.4262924194335938,-0.4888692796230316,0.4009220600128174,-77.94485473632812,0.33923718333244324
15177,1,-4.891347885131836,-1.7501896619796753,-0.37106242775917053,0.22166936099529266,-77.94485473632812,0.31936827301979065
15187,1,-5.236353874206543,-2.069201707839966,-0.41718748211860657,0.10126404464244843,-77.96682739257812,0.27534404397010803
15197,1,-5.55972146987915,-2.389427423477173,-0.3152365982532501,-0.0787523165345192,-77.96682739257812,0.21281495690345764
15207,1,-5.880829811096191,-2.70371150970459,-0.5688422918319702,-0.1260470151901245,-77.98878479003906,0.13353267312049866
15217,1,-6.177239894866943,-3.01767635345459,-0.5079078078269958,-0.29264289140701294,-78.01075744628906,0.03944660723209381
15227,1,-6.456856727600098,-3.323885679244995,-0.654331386089325,-0.3801804780960083,-78.03271484375,-0.03204447031021118
15237,1,-6.456856727600098,-3.6220266819000244,-1.531691074371338,-0.1835869401693344,-78.07670593261719,-0.09106727689504623
15247,1,-6.768972396850586,-3.921499013900757,-3.305602550506592,0.3580721914768219,-78.16456604003906,-0.033018436282873154
15257,1,-7.045741558074951,-4.218810558319092,-1.194002628326416,-0.5669760704040527,-78.12063598632812,-0.039251815527677536
15267,1,-7.338228225708008,-4.510316371917725,-3.2834129333496094,0.07730516046285629,-78.18653869628906,-0.11132574826478958
15277,1,-7.583881855010986,-4.798313140869141,-7.158260822296143,1.4463114738464355,-78.42826843261719,0.14522024989128113
15287,1,-7.837585926055908,-5.078169822692871,3.5134832859039307,-2.7111308574676514,-78.07670593261719,-0.05210815742611885
15297,1,-8.068859100341797,-5.349831581115723,-6.310718059539795,0.8228145837783813,-78.36231994628906,-0.13002638518810272
15307,1,-8.299029350280762,-5.617605686187744,-7.154141426086426,1.1030718088150024,-78.60404968261719,0.09067768603563309
15317,1,-8.499549865722656,-5.880639553070068,6.062862396240234,-4.052369594573975,-78.03271484375,-0.2844998240470886
15327,1,-8.689289093017578,-6.133618354797363,-13.982576370239258,3.375321626663208,-78.80180358886719,-0.05016022548079491
15337,1,-8.689289093017578,-6.376821994781494,-2.4204514026641846,-1.037407636642456,-78.51612854003906,0.015096968971192837
15347,1,-8.879451751708984,-6.614978313446045,-4.69655704498291,-0.327033132314682,-78.56005859375,-0.14444108307361603
15357,1,-9.060359954833984,-6.8476881980896,-4.856957912445068,-0.3352630138397217,-78.73585510253906,-0.025616301223635674
15367,1,-9.225444793701172,-7.070944309234619,-7.090241432189941,0.3887934982776642,-78.77983093261719,-0.07217183709144592
15377,1,-9.360573768615723,-7.286361217498779,-4.211488723754883,-0.788798451423645,-78.73585510253906,-0.1255461573600769
15387,1,-9.500170707702637,-7.491879463195801,-4.252321243286133,-0.8744696378707886,-78.80180358886719,-0.2260613888502121
15397,1,-9.611928939819336,-7.6873779296875,-3.7065584659576416,-1.1911882162094116,-78.82376098632812,-0.31488752365112305
15407,1,-9.713964462280273,-7.87452507019043,-3.5049407482147217,-1.3818715810775757,-78.84573364257812,-0.4378044903278351
15417,1,-9.800284385681152,-8.051279067993164,-3.1910483837127686,-1.6165425777435303,-78.86769104003906,-0.5655897259712219
15427,1,-9.866884231567383,-8.219038009643555,-2.7080435752868652,-1.9177123308181763,-78.88966369628906,-0.7146089673042297
15437,1,-9.866884231567383,-8.375853538513184,-2.9909214973449707,-1.9286879301071167,-78.93365478515625,-0.852524995803833
15447,1,-9.923165321350098,-8.523098945617676,-3.604196548461914,-1.8093136548995972,-78.99954223632812,-0.9448578953742981
15457,1,-9.965136528015137,-8.660325050354004,-4.100247383117676,-1.7246088981628418,-79.06544494628906,-0.9962843060493469
15467,1,-9.991183280944824,-8.786498069763184,-4.922881126403809,-1.5070533752441406,-79.13139343261719,-1.0186854600906372
15477,1,-9.99995231628418,-8.901649475097656,-5.547956466674805,-1.3527156114578247,-79.21925354003906,-1.0069979429244995
15487,1,-9.993003845214844,-9.005894660949707,-6.00204610824585,-1.2541142702102661,-79.28521728515625,-0.9820643663406372
15497,1,-9.970507621765137,-9.098949432373047,-6.25972843170166,-1.2214350700378418,-79.37307739257812,-0.9483641982078552
15507,1,-9.930045127868652,-9.1810884475708,-6.633951187133789,-1.1399062871932983,-79.43898010253906,-0.9284952878952026
15517,1,-9.877799987792969,-9.251328468322754,-6.419156551361084,-1.2758617401123047,-79.50492858886719,-0.8973278999328613
15527,1,-9.81106185913086,-9.309624671936035,-6.489426136016846,-1.300384521484375,-79.57083129882812,-0.8875882625579834
15537,1,-9.81106185913086,-9.357341766357422,-6.635250568389893,-1.2946349382400513,-79.63671875,-0.8868090510368347
15547,1,-9.720715522766113,-9.391921997070312,-7.121167182922363,-1.1500897407531738,-79.72463989257812,-0.8743423223495483
15557,1,-9.62814998626709,-9.414402961730957,-7.418374061584473,-1.0680910348892212,-79.8125,-0.842980146408081
15567,1,-9.506414413452148,-9.425383567810059,-7.677544116973877,-0.993197500705719,-79.92239379882812,-0.8151236772537231
15577,1,-9.383368492126465,-9.423635482788086,-7.800604820251465,-0.9633204340934753,-80.01029968261719,-0.7911641597747803
15587,1,-9.231884002685547,-9.410981178283691,-7.779634475708008,-0.981198251247406,-80.07620239257812,-0.7675932049751282
15597,1,-9.076155662536621,-9.387831687927246,-7.62123441696167,-1.0487573146820068,-80.1640625,-0.750840961933136
15607,1,-8.894614219665527,-9.351055145263672,-7.792478561401367,-0.9861974120140076,-80.25198364257812,-0.7475295066833496
15617,1,-8.709458351135254,-9.300358772277832,-7.607316493988037,-1.0517816543579102,-80.31788635253906,-0.7319460511207581
15627,1,-8.51645565032959,-9.240306854248047,-7.374485015869141,-1.133801817893982,-80.38383483886719,-0.737400233745575
15637,1,-8.51645565032959,-9.171424865722656,-7.911217212677002,-0.9259997606277466,-80.47169494628906,-0.7442179918289185
15647,1,-8.290212631225586,-9.087564468383789,-8.180027961730957,-0.8029488921165466,-80.55961608886719,-0.7144141793251038
15657,1,-8.050996780395508,-8.988921165466309,-8.53979778289795,-0.6350539326667786,-80.64747619628906,-0.6733128428459167
15667,1,-7.79689884185791,-8.880127906799316,-8.361950874328613,-0.6627606153488159,-80.73539733886719,-0.6232495307922363
15677,1,-7.549102306365967,-8.762614250183105,-7.870639801025391,-0.8080242276191711,-80.80130004882812,-0.5973420143127441
15687,1,-7.270895481109619,-8.630932807922363,-7.417826175689697,-0.9381495714187622,-80.8671875,-0.6037701964378357
15697,1,-6.996655464172363,-8.490754127502441,-6.697295665740967,-1.1708141565322876,-80.91117858886719,-0.6312370300292969
15707,1,-6.698942184448242,-8.336896896362305,-6.168299198150635,-1.3317224979400635,-80.95510864257812,-0.6883118748664856
15717,1,-6.398314952850342,-8.17507266998291,-5.831061363220215,-1.42097806930542,-80.99903869628906,-0.7525941133499146
15727,1,-6.398314952850342,-8.00599193572998,-5.799917221069336,-1.3977279663085938,-81.04296875,-0.7962287664413452
15737,1,-6.05533504486084,-7.820363521575928,-5.872912883758545,-1.3208158016204834,-81.10893249511719,-0.8349936008453369
15747,1,-5.760016918182373,-7.624294281005859,-6.23732852935791,-1.1274232864379883,-81.17481994628906,-0.8396686315536499
15757,1,-5.419215202331543,-7.414452075958252,-6.38657283782959,-1.0033442974090576,-81.24078369140625,-0.8164872527122498
15767,1,-5.052948474884033,-7.196420669555664,-6.580801963806152,-0.8545317053794861,-81.30667114257812,-0.7833724617958069
15777,1,-4.712064743041992,-6.972590446472168,-6.512828826904297,-0.7999990582466125,-81.37257385253906,-0.7424649000167847
15787,1,-4.3359761238098145,-6.735571384429932,-5.576798915863037,-1.0686529874801636,-81.41656494140625,-0.7181152105331421
15797,1,-3.9969637393951416,-6.487477779388428,-4.809216022491455,-1.2775616645812988,-81.43852233886719,-0.7383742332458496
15807,1,-3.595212459564209,-6.2347211837768555,-4.154382705688477,-1.4463539123535156,-81.48245239257812,-0.7829828262329102
15817,1,-3.2212231159210205,-5.976132869720459,-3.770364999771118,-1.5156221389770508,-81.50442504882812,-0.839084267616272
15827,1,-3.2212231159210205,-5.713968753814697,-3.6966300010681152,-1.4752380847930908,-81.52638244628906,-0.8823288083076477
15837,1,-2.7993862628936768,-5.436609745025635,-3.912050724029541,-1.3064130544662476,-81.57032775878906,-0.8973278999328613
15847,1,-2.418889284133911,-5.149435520172119,-3.994952917098999,-1.1801587343215942,-81.61430358886719,-0.8827183842658997
15857,1,-2.0529024600982666,-4.854761600494385,-4.393983364105225,-0.92720627784729,-81.65823364257812,-0.8470707535743713
15867,1,-1.6214184761047363,-4.554955005645752,-4.425937652587891,-0.8026615381240845,-81.70216369628906,-0.7886318564414978
15877,1,-1.2466660737991333,-4.246979713439941,-4.230271816253662,-0.7590361833572388,-81.72413635253906,-0.7299981117248535
15887,1,-0.8111915588378906,-3.9361014366149902,-4.021150588989258,-0.717172384262085,-81.74610900878906,-0.6795462369918823
15897,1,-0.4333043098449707,-3.616720676422119,-3.332789421081543,-0.8562701344490051,-81.76812744140625,-0.6518850922584534
15907,1,-0.0024408912286162376,-3.296884059906006,-2.5895791053771973,-1.0194807052612305,-81.76812744140625,-0.6557809710502625
15917,1,0.41944819688796997,-2.9750218391418457,-2.0218334197998047,-1.1197288036346436,-81.76812744140625,-0.6766242980957031
15927,1,0.41944819688796997,-2.6519951820373535,-2.1013853549957275,-0.9845212697982788,-81.79008483886719,-0.6861692070960999
15937,1,0.8511509299278259,-2.318626642227173,-1.9790254831314087,-0.9067487120628357,-81.79008483886719,-0.6705852150917053
15947,1,1.2215183973312378,-1.9817376136779785,-1.8714715242385864,-0.8225778937339783,-81.81205749511719,-0.6559757590293884
15957,1,1.6402971744537354,-1.6370556354522705,-1.8154257535934448,-0.7118374705314636,-81.81205749511719,-0.6253932118415833
15967,1,2.06037974357605,-1.2928770780563354,-1.40418541431427,-0.7341968417167664,-81.83401489257812,-0.6006535291671753
15977,1,2.4542765617370605,-0.9508339762687683,-1.0839110612869263,-0.7238606214523315,-81.83401489257812,-0.5794210433959961
15987,1,2.872070074081421,-0.6024646162986755,-0.8046343922615051,-0.6946266889572144,-81.83401489257812,-0.5614991188049316
15997,1,3.240935802459717,-0.25735563039779663,-0.6169803738594055,-0.631941556930542,-81.83401489257812,-0.5410458445549011
16007,1,3.6553261280059814,0.08375617116689682,-0.4708353877067566,-0.5519916415214539,-81.81205749511719,-0.5110471844673157
16017,1,4.023962497711182,0.4309353232383728,-0.3570176362991333,-0.4562925100326538,-81.81205749511719,-0.4748156666755676
16027,1,4.023962497711182,0.7728568315505981,-0.07637475430965424,-0.4330068826675415,-81.81205749511719,-0.44481703639030457
16037,1,4.4259209632873535,1.1204917430877686,-0.03701986372470856,-0.30445510149002075,-81.79008483886719,-0.40020841360092163
16047,1,4.782941818237305,1.469019889831543,0.17633065581321716,-0.24085025489330292,-81.79008483886719,-0.35813209414482117
16057,1,5.1217427253723145,1.8166224956512451,0.4792531132698059,-0.20909245312213898,-81.79008483886719,-0.31177085638046265
16067,1,5.492280960083008,2.1596343517303467,0.7944477796554565,-0.184177964925766,-81.76812744140625,-0.28060394525527954
16077,1,5.813655853271484,2.50148606300354,0.9248706102371216,-0.08868125081062317,-81.76812744140625,-0.23930732905864716
16087,1,6.166713237762451,2.8372414112091064,1.0683647394180298,0.003856991184875369,-81.74610900878906,-0.17755691707134247
16097,1,6.485175609588623,3.172628402709961,1.4514238834381104,0.003220489714294672,-81.72413635253906,-0.12690970301628113
16107,1,6.805517673492432,3.5004196166992188,1.3146504163742065,0.20044724643230438,-81.72413635253906,-0.060094669461250305
16117,1,7.093784332275391,3.8206493854522705,1.770928978919983,0.17256419360637665,-81.68020629882812,-0.0020453270990401506
16127,1,7.395570278167725,4.1381049156188965,3.2947211265563965,-0.2656225264072418,-81.61430358886719,-0.012174565345048904
16137,1,7.655293941497803,4.453237056732178,2.4294419288635254,0.18898901343345642,-81.59234619140625,-0.04587477818131447
16147,1,7.655293941497803,4.75795316696167,2.614346504211426,0.25819718837738037,-81.59234619140625,0.05347170680761337
16157,1,7.920755386352539,5.058932781219482,7.463999271392822,-1.4630358219146729,-81.32864379882812,-0.12768886983394623
16167,1,8.18408489227295,5.351516246795654,-0.905693769454956,1.8139375448226929,-81.59234619140625,-0.05210815742611885
16177,1,8.405332565307617,5.6380815505981445,4.056079864501953,0.1222430095076561,-81.50442504882812,0.12476697564125061
16187,1,8.638555526733398,5.915002346038818,8.094854354858398,-1.3434722423553467,-81.13088989257812,-0.056198809295892715
16197,1,8.835752487182617,6.181914806365967,-4.001967430114746,3.376830577850342,-81.65823364257812,0.24670946598052979
16207,1,9.032882690429688,6.442190647125244,12.699922561645508,-2.7845053672790527,-80.99903869628906,0.07509373873472214
16217,1,9.199142456054688,6.692019462585449,1.7720859050750732,1.4093824625015259,-81.30667114257812,0.059705086052417755
16227,1,9.362395286560059,6.933836460113525,8.601924896240234,-1.0368798971176147,-81.06500244140625,0.07509373873472214
16237,1,9.491090774536133,7.16749382019043,2.8303000926971436,1.2283700704574585,-81.17481994628906,0.1202867403626442
16247,1,9.491090774536133,7.388614654541016,6.481171131134033,-0.046277426183223724,-80.97708129882812,0.2221650332212448
16257,1,9.60610294342041,7.599636554718018,5.047512054443359,0.600887656211853,-81.02101135253906,0.22197023034095764
16267,1,9.791553497314453,7.801751136779785,3.8642466068267822,1.1613998413085938,-81.02101135253906,0.32852354645729065
16277,1,9.791553497314453,7.991106986999512,3.3547849655151367,1.469604730606079,-80.99903869628906,0.456699401140213
16287,1,9.866074562072754,8.169533729553223,3.10040545463562,1.6855742931365967,-80.95510864257812,0.6057181358337402
16297,1,9.926814079284668,8.336761474609375,2.9895882606506348,1.8478604555130005,-80.93315124511719,0.7578535079956055
16307,1,9.970748901367188,8.491454124450684,3.4054572582244873,1.8057599067687988,-80.88922119140625,0.8694719672203064
16317,1,9.99349594116211,8.633975982666016,4.036627769470215,1.6727441549301147,-80.82325744628906,0.9395985007286072
16327,1,9.999680519104004,8.763594627380371,4.756235599517822,1.4959348440170288,-80.75736999511719,0.9742721915245056
16337,1,9.988933563232422,8.880597114562988,5.396421432495117,1.337882399559021,-80.69140625,0.9752461314201355
16347,1,9.963308334350586,8.984577178955078,5.783793926239014,1.266732931137085,-80.62551879882812,0.9614158272743225
16357,1,9.922394752502441,9.075331687927246,6.0744948387146,1.2229456901550293,-80.55961608886719,0.931806743144989
16367,1,9.855274200439453,9.15330696105957,5.883223533630371,1.3568401336669922,-80.49366760253906,0.9148597717285156
16377,1,9.774447441101074,9.218506813049316,6.047911167144775,1.3510396480560303,-80.40580749511719,0.9113535284996033
16387,1,9.670702934265137,9.269357681274414,6.394614219665527,1.2706353664398193,-80.33984375,0.9088206887245178
16397,1,9.670702934265137,9.307552337646484,7.1600236892700195,1.024768590927124,-80.25198364257812,0.8836918473243713
16407,1,9.558072090148926,9.331395149230957,7.85736083984375,0.7879026532173157,-80.14210510253906,0.825253427028656
16417,1,9.43435001373291,9.341192245483398,8.042549133300781,0.7338871359825134,-80.07620239257812,0.7545420527458191
16427,1,9.296125411987305,9.33690071105957,7.982110023498535,0.7669396996498108,-79.98828125,0.7050641179084778
16437,1,9.139449119567871,9.318113327026367,7.5538129806518555,0.9361090660095215,-79.92239379882812,0.671364426612854
16447,1,8.944563865661621,9.28612995147705,7.417679786682129,0.9928694367408752,-79.85649108886719,0.6748706698417664
16457,1,8.76052474975586,9.23947525024414,7.407898902893066,0.9975720047950745,-79.79054260253906,0.6787665486335754
16467,1,8.530275344848633,9.180487632751465,7.390042304992676,0.9991645812988281,-79.72463989257812,0.6787665486335754
16477,1,8.308963775634766,9.105722427368164,7.623503684997559,0.8977969884872437,-79.63671875,0.6738967299461365
16487,1,8.043536186218262,9.019492149353027,7.869793891906738,0.7836503982543945,-79.54885864257812,0.6606507897377014
16497,1,7.7829976081848145,8.92145824432373,7.339367866516113,0.958412766456604,-79.48295593261719,0.6516903042793274
16507,1,7.7829976081848145,8.813119888305664,7.0945024490356445,1.0311458110809326,-79.41700744628906,0.6657153964042664
16517,1,7.481235027313232,8.68637466430664,6.912109375,1.0677434206008911,-79.35110473632812,0.6775977611541748
16527,1,7.215399265289307,8.546393394470215,6.745144844055176,1.094820499420166,-79.28521728515625,0.6846103072166443
16537,1,6.925208568572998,8.39211654663086,6.709628582000732,1.0662730932235718,-79.21925354003906,0.6947400569915771
16547,1,6.63294792175293,8.224709510803223,6.46092414855957,1.113793134689331,-79.17532348632812,0.7050641179084778
16557,1,6.324527263641357,8.04388427734375,6.732419967651367,0.9585318565368652,-79.10943603515625,0.7175313830375671
16567,1,5.959456920623779,7.852198123931885,6.105129718780518,1.135751485824585,-79.06544494628906,0.7105183005332947
16577,1,5.629159927368164,7.646683692932129,5.631000995635986,1.2557945251464844,-79.04347229003906,0.7426596879959106
16587,1,5.246448040008545,7.432401180267334,5.163183212280273,1.3721729516983032,-78.99954223632812,0.7833719253540039
16597,1,4.882443428039551,7.21010684967041,5.083257675170898,1.3404473066329956,-78.95561218261719,0.8143450617790222
16607,1,4.481026649475098,6.972859859466553,5.413219928741455,1.144450068473816,-78.88966369628906,0.825253427028656
16617,1,4.097349643707275,6.720685958862305,5.470309257507324,1.0415937900543213,-78.82376098632812,0.811228334903717
16627,1,3.719414710998535,6.463559150695801,5.5896172523498535,0.9084393382072449,-78.75787353515625,0.777722954750061
16637,1,3.719414710998535,6.202420234680176,5.5787529945373535,0.8271067142486572,-78.71388244628906,0.7350627183914185
16647,1,3.2781424522399902,5.92413854598999,4.8921332359313965,0.986303448677063,-78.66995239257812,0.7050641179084778
16657,1,2.872541904449463,5.633740425109863,4.258487701416016,1.1259607076644897,-78.64797973632812,0.7081807851791382
16667,1,2.4153833389282227,5.335831165313721,3.8323891162872314,1.1882833242416382,-78.62602233886719,0.7329199910163879
16677,1,2.009678363800049,5.026722431182861,3.4138355255126953,1.245610237121582,-78.60404968261719,0.7619447112083435
16687,1,1.5349891185760498,4.7210001945495605,3.6576497554779053,1.049773097038269,-78.56005859375,0.759606659412384
16697,1,1.1286391019821167,4.394146919250488,3.610825300216675,0.9536526799201965,-78.53810119628906,0.7467503547668457
16707,1,0.6516073346138,4.073945999145508,3.7278213500976562,0.7923933267593384,-78.49417114257812,0.7208428382873535
16717,1,0.24881258606910706,3.7402913570404053,3.5438578128814697,0.7372081875801086,-78.47219848632812,0.676429033279419
16727,1,0.24881258606910706,3.408033609390259,2.8890156745910645,0.8712368011474609,-78.47219848632812,0.648768424987793
16737,1,-0.6143495440483093,3.0557425022125244,2.6787679195404053,0.8110752105712891,-78.45024108886719,0.6374704241752625
16747,1,-0.6143495440483093,2.706486701965332,2.2749767303466797,0.8451905846595764,-78.45024108886719,0.6234447956085205
16757,1,-1.064456582069397,2.3476338386535645,2.0605435371398926,0.7938504815101624,-78.42826843261719,0.616432249546051
16767,1,-1.5424387454986572,1.986181616783142,1.785478115081787,0.7608054280281067,-78.42826843261719,0.5926669836044312
16777,1,-1.967347502708435,1.6256444454193115,1.4002009630203247,0.7714569568634033,-78.42826843261719,0.5780569911003113
16787,1,-2.4007930755615234,1.2584842443466187,1.100146770477295,0.7471837401390076,-78.42826843261719,0.569486141204834
16797,1,-2.805652379989624,0.8866810202598572,0.8664644956588745,0.6957058310508728,-78.42826843261719,0.5550709366798401
16807,1,-3.2693564891815186,0.5261271595954895,0.6844725012779236,0.6256023049354553,-78.42826843261719,0.5344228744506836
16817,1,-3.6603844165802,0.15719638764858246,0.5427371263504028,0.5366698503494263,-78.42826843261719,0.5048137903213501
16827,1,-4.044159889221191,-0.2136935442686081,0.43235328793525696,0.43262019753456116,-78.42826843261719,0.46156924962997437
16837,1,-4.044159889221191,-0.5782104730606079,0.18434694409370422,0.3891993463039398,-78.45024108886719,0.4239736795425415
16847,1,-4.490169048309326,-0.9504825472831726,0.15323887765407562,0.2486012727022171,-78.45024108886719,0.3791702687740326
16857,1,-4.877776622772217,-1.324213981628418,0.12901188433170319,0.10228955745697021,-78.45024108886719,0.3226797580718994
16867,1,-5.285375595092773,-1.6937175989151,-0.12010347098112106,0.038135748356580734,-78.47219848632812,0.25605952739715576
16877,1,-5.64579963684082,-2.0632190704345703,-0.08386734127998352,-0.13448551297187805,-78.49417114257812,0.19508828222751617
16887,1,-6.014945983886719,-2.4256441593170166,-0.5951899290084839,-0.09920641779899597,-78.51612854003906,0.1035340279340744
16897,1,-6.35054349899292,-2.7803704738616943,-0.645866334438324,-0.23452012240886688,-78.53810119628906,0.041394539177417755
16907,1,-6.704395771026611,-3.1339917182922363,-1.4761197566986084,-0.07670464366674423,-78.56005859375,-0.0022401202004402876
16917,1,-7.0191521644592285,-3.4861021041870117,-3.0790278911590576,0.3842533230781555,-78.66995239257812,0.041394539177417755
16927,1,-7.318889141082764,-3.828251600265503,-2.076812982559204,-0.1297663450241089,-78.66995239257812,0.06496449559926987
16937,1,-7.318889141082764,-4.160429954528809,-2.248663902282715,-0.20914800465106964,-78.66995239257812,-0.016460012644529343
16947,1,-7.635867595672607,-4.491162300109863,-6.229858875274658,1.1701923608779907,-78.88966369628906,0.14424628019332886
16957,1,-7.915127277374268,-4.816995143890381,0.010559678077697754,-1.3166749477386475,-78.69190979003906,0.05736756697297096
16967,1,-8.197776794433594,-5.133551597595215,-4.684543132781982,0.283933162689209,-78.82376098632812,-0.07295101135969162
16977,1,-8.440211296081543,-5.443790912628174,-6.938139915466309,1.0621325969696045,-79.08741760253906,0.13742852210998535
16987,1,-8.67968463897705,-5.742884159088135,5.061183929443359,-3.6417746543884277,-78.58209228515625,-0.25235846638679504
16997,1,-8.883200645446777,-6.034209728240967,-13.048713684082031,3.0428991317749023,-79.28521728515625,-0.05853632837533951
17007,1,-9.092535018920898,-6.313535690307617,-0.292036771774292,-1.854235291481018,-78.91163635253906,-0.06204260140657425
17017,1,-9.272130966186523,-6.581548690795898,-8.620563507080078,1.138975977897644,-79.17532348632812,-0.09243082255125046
17027,1,-9.272130966186523,-6.837592601776123,-1.5761935710906982,-1.5999490022659302,-79.04347229003906,-0.10217047482728958
17037,1,-9.442411422729492,-7.08547306060791,-8.411965370178223,0.8450140357017517,-79.28521728515625,-0.11541640758514404
17047,1,-9.569561004638672,-7.321865558624268,-4.818777084350586,-0.6087817549705505,-79.21925354003906,-0.1820371448993683
17057,1,-9.69257926940918,-7.5474677085876465,-4.164055824279785,-0.9661009907722473,-79.24122619628906,-0.2642408311367035
17067,1,-9.799135208129883,-7.759793281555176,-3.7980241775512695,-1.2207025289535522,-79.26319885253906,-0.3624175488948822
17077,1,-9.876239776611328,-7.9597907066345215,-3.6278927326202393,-1.404668927192688,-79.30717468261719,-0.4847501218318939
17087,1,-9.941555976867676,-8.14596939086914,-3.6768527030944824,-1.5042930841445923,-79.32914733886719,-0.6082504391670227
17097,1,-9.978946685791016,-8.319021224975586,-3.090813636779785,-1.8427716493606567,-79.35110473632812,-0.7315564751625061
17107,1,-9.998601913452148,-8.477754592895508,-3.6311135292053223,-1.7534263134002686,-79.39505004882812,-0.8490186929702759
17117,1,-9.995475769042969,-8.622421264648438,-4.109013080596924,-1.6772675514221191,-79.46099853515625,-0.9111582040786743
17127,1,-9.995475769042969,-8.753084182739258,-5.010807991027832,-1.4308785200119019,-79.54885864257812,-0.9446631073951721
17137,1,-9.968321800231934,-8.86872673034668,-5.816734313964844,-1.2054412364959717,-79.61476135253906,-0.9267421364784241
17147,1,-9.925482749938965,-8.969290733337402,-5.848135471343994,-1.2635116577148438,-79.68070983886719,-0.9047300219535828
17157,1,-9.865073204040527,-9.054536819458008,-6.246462821960449,-1.176317572593689,-79.76856994628906,-0.8930424451828003
17167,1,-9.773764610290527,-9.124650001525879,-6.5288848876953125,-1.1235977411270142,-79.83451843261719,-0.8741475343704224
17177,1,-9.672553062438965,-9.180527687072754,-6.608278751373291,-1.1411985158920288,-79.90042114257812,-0.8566156625747681
17187,1,-9.542405128479004,-9.219771385192871,-6.599215507507324,-1.1861002445220947,-79.96632385253906,-0.8499926924705505
17197,1,-9.3993558883667,-9.244865417480469,-6.936124801635742,-1.0925202369689941,-80.05424499511719,-0.843564510345459
17207,1,-9.225579261779785,-9.252753257751465,-6.939053535461426,-1.1169779300689697,-80.12013244628906,-0.8270071148872375
17217,1,-9.044417381286621,-9.243063926696777,-6.898843288421631,-1.1517177820205688,-80.18608093261719,-0.8217466473579407
17227,1,-8.852212905883789,-9.220356941223145,-7.057212829589844,-1.1042691469192505,-80.27395629882812,-0.8010985851287842
17237,1,-8.649943351745605,-9.181318283081055,-7.537593364715576,-0.9248594641685486,-80.36186218261719,-0.7759702801704407
17247,1,-8.395244598388672,-9.12570858001709,-7.977234840393066,-0.7498044967651367,-80.47169494628906,-0.7307773232460022
17257,1,-8.395244598388672,-9.056194305419922,-8.300897598266602,-0.6128807067871094,-80.55961608886719,-0.6705852150917053
17267,1,-8.137691497802734,-8.96878719329834,-8.444366455078125,-0.5294467210769653,-80.64747619628906,-0.6158473491668701
17277,1,-7.878050327301025,-8.864988327026367,-7.88755464553833,-0.7045860290527344,-80.71343994140625,-0.5778627395629883
17287,1,-7.57326602935791,-8.747636795043945,-7.357654571533203,-0.8690932989120483,-80.77932739257812,-0.5761095881462097
17297,1,-7.275015830993652,-8.612950325012207,-7.047001361846924,-0.9479095339775085,-80.82325744628906,-0.5885763168334961
17307,1,-6.930205821990967,-8.465548515319824,-6.769134521484375,-1.012283205986023,-80.8671875,-0.6156525611877441
17317,1,-6.608139514923096,-8.30068588256836,-6.229928970336914,-1.172708511352539,-80.91117858886719,-0.653053879737854
17327,1,-6.226315498352051,-8.124649047851562,-6.087246894836426,-1.1789610385894775,-80.97708129882812,-0.6844160556793213
17337,1,-5.865684509277344,-7.936856746673584,-6.017424583435059,-1.1525139808654785,-81.02101135253906,-0.7114923000335693
17347,1,-5.865684509277344,-7.739758014678955,-5.825377941131592,-1.1761173009872437,-81.08695983886719,-0.7272710204124451
17357,1,-5.452511787414551,-7.522096633911133,-5.94402551651001,-1.0645110607147217,-81.13088989257812,-0.7424649000167847
17367,1,-5.065175533294678,-7.288290023803711,-5.935568809509277,-0.9925146102905273,-81.17481994628906,-0.7333096265792847
17377,1,-4.677447319030762,-7.0398359298706055,-5.054022789001465,-1.2463067770004272,-81.19679260253906,-0.7395429611206055
17387,1,-4.241560459136963,-6.781513214111328,-4.57448148727417,-1.3492597341537476,-81.24078369140625,-0.7792817950248718
17397,1,-3.828230857849121,-6.508027076721191,-4.242542743682861,-1.3933982849121094,-81.26274108886719,-0.8194091320037842
17407,1,-3.364835262298584,-6.226024150848389,-4.146833896636963,-1.3442145586013794,-81.28471374511719,-0.8519406318664551
17417,1,-2.9467074871063232,-5.92939567565918,-3.748445510864258,-1.404603362083435,-81.32864379882812,-0.8723938465118408
17427,1,-2.4701967239379883,-5.626870632171631,-3.8390138149261475,-1.2752645015716553,-81.37257385253906,-0.8920685052871704
17437,1,-2.013500452041626,-5.317430019378662,-4.033417701721191,-1.0994744300842285,-81.41656494140625,-0.8764850497245789
17447,1,-2.013500452041626,-5.0030198097229,-4.088335037231445,-0.9813970923423767,-81.46049499511719,-0.8501874804496765
17457,1,-1.5341421365737915,-4.672913074493408,-3.9179575443267822,-0.9277860522270203,-81.50442504882812,-0.8046048879623413
17467,1,-1.0937436819076538,-4.332310676574707,-3.4574263095855713,-0.9796043634414673,-81.52638244628906,-0.7666192054748535
17477,1,-0.6215459108352661,-3.9791853427886963,-3.0646753311157227,-1.0026304721832275,-81.54835510253906,-0.7529836893081665
17487,1,-0.10601047426462173,-3.6200273036956787,-2.401538372039795,-1.1260550022125244,-81.57032775878906,-0.7516201734542847
17497,1,0.3248688876628876,-3.2524971961975098,-1.8606500625610352,-1.2051271200180054,-81.57032775878906,-0.7662296295166016
17507,1,0.821938693523407,-2.8831188678741455,-1.75641667842865,-1.1180530786514282,-81.59234619140625,-0.7820088863372803
17517,1,1.2708728313446045,-2.5129330158233643,-1.5742815732955933,-1.0573885440826416,-81.59234619140625,-0.7726578116416931
17527,1,1.757339596748352,-2.133781671524048,-1.8464348316192627,-0.8172140121459961,-81.61430358886719,-0.7473347187042236
17537,1,2.217175245285034,-1.7543870210647583,-1.8425637483596802,-0.674691915512085,-81.61430358886719,-0.6892858743667603
17547,1,2.217175245285034,-1.3764432668685913,-1.8488361835479736,-0.5359013080596924,-81.63627624511719,-0.6333797574043274
17557,1,2.709468364715576,-0.9876174926757812,-1.6492235660552979,-0.4566488265991211,-81.65823364257812,-0.5716283321380615
17567,1,3.121704578399658,-0.5965641140937805,-1.2747470140457153,-0.44267213344573975,-81.65823364257812,-0.5135794878005981
17577,1,3.5771191120147705,-0.19938576221466064,-0.9790485501289368,-0.3951582908630371,-81.63627624511719,-0.4650755226612091
17587,1,4.038025856018066,0.19543223083019257,-0.36627936363220215,-0.46827659010887146,-81.63627624511719,-0.42299920320510864
17597,1,4.451047897338867,0.5928577780723572,-0.27558931708335876,-0.34449365735054016,-81.61430358886719,-0.39553338289260864
17607,1,4.895609378814697,0.9859021902084351,0.2246510237455368,-0.37431982159614563,-81.61430358886719,-0.35910606384277344
17617,1,5.276211261749268,1.3801243305206299,0.395533949136734,-0.2803698480129242,-81.61430358886719,-0.3259912431240082
17627,1,5.712461471557617,1.767991542816162,0.3246932923793793,-0.09293796867132187,-81.61430358886719,-0.2893696427345276
17637,1,6.075221538543701,2.150540828704834,0.47859323024749756,0.010117951780557632,-81.59234619140625,-0.23638541996479034
17647,1,6.075221538543701,2.5240230560302734,0.7915204167366028,0.04507981613278389,-81.57032775878906,-0.1422983556985855
17657,1,6.799269199371338,2.9060511589050293,0.818107545375824,0.2070499211549759,-81.54835510253906,-0.07373018562793732
17667,1,6.799269199371338,3.2765398025512695,1.2565234899520874,0.19442293047904968,-81.52638244628906,-0.020940253511071205
17677,1,7.15933895111084,3.6460371017456055,2.058448314666748,0.052366990596055984,-81.50442504882812,0.01412300392985344
17687,1,7.5011887550354,4.006654739379883,3.741724729537964,-0.43785613775253296,-81.39454650878906,-0.04509560763835907
17697,1,7.802138328552246,4.356729507446289,1.4213111400604248,0.5836669206619263,-81.46049499511719,-0.01684959977865219
17707,1,8.111286163330078,4.702606201171875,4.465106964111328,-0.4082828164100647,-81.32864379882812,0.03457627445459366
17717,1,8.359979629516602,5.041467189788818,5.95777702331543,-0.8636866211891174,-81.17481994628906,-0.16859541833400726
17727,1,8.635977745056152,5.368086338043213,-2.8547630310058594,2.625732421875,-81.52638244628906,0.1050923764705658
17737,1,8.86265754699707,5.6835551261901855,9.647216796875,-1.9273842573165894,-81.06500244140625,0.05912070721387863
17747,1,8.86265754699707,5.986086368560791,1.780219554901123,1.110950231552124,-81.19679260253906,-0.025616301223635674
17757,1,9.088506698608398,6.281320095062256,1.6325080394744873,1.3603342771530151,-81.30667114257812,0.20229563117027283
17767,1,9.274857521057129,6.566192626953125,7.8506293296813965,-0.9033921957015991,-80.88922119140625,0.12165029346942902
17777,1,9.433423042297363,6.83904504776001,2.888627767562866,1.107292652130127,-81.13088989257812,0.17229698598384857
17787,1,9.592155456542969,7.0981364250183105,5.6448774337768555,0.1660815328359604,-80.88922119140625,0.18086788058280945
17797,1,9.712567329406738,7.344731330871582,5.86506462097168,0.20448337495326996,-80.8671875,0.17911474406719208
17807,1,9.825339317321777,7.576627254486084,4.377713203430176,0.8798006772994995,-80.88922119140625,0.2689158618450165
17817,1,9.909222602844238,7.793910026550293,4.035508632659912,1.1276787519454956,-80.8671875,0.3781962990760803
17827,1,9.960593223571777,7.997223377227783,3.5583581924438477,1.4259321689605713,-80.84523010253906,0.4865032434463501
17837,1,9.9906587600708,8.184657096862793,3.4486193656921387,1.5861691236495972,-80.82325744628906,0.6142895221710205
17847,1,9.999652862548828,8.356697082519531,3.1926772594451904,1.7997268438339233,-80.80130004882812,0.7409065365791321
17857,1,9.999652862548828,8.513045310974121,3.6032819747924805,1.7580366134643555,-80.73539733886719,0.8560312390327454
17867,1,9.984246253967285,8.65304946899414,4.201938152313232,1.6346944570541382,-80.66944885253906,0.9275213479995728
17877,1,9.946372985839844,8.776817321777344,4.885174751281738,1.468464970588684,-80.60354614257812,0.9584934115409851
17887,1,9.881816864013672,8.88315200805664,5.17770528793335,1.4374558925628662,-80.53765869140625,0.9658960700035095
17897,1,9.793546676635742,8.97304630279541,6.043355941772461,1.1788709163665771,-80.44973754882812,0.9495329260826111
17907,1,9.674541473388672,9.046463012695312,6.513936996459961,1.057216763496399,-80.36186218261719,0.9101847410202026
17917,1,9.54703426361084,9.101234436035156,6.870395660400391,0.9659689664840698,-80.29591369628906,0.8609010577201843
17927,1,9.380751609802246,9.14036750793457,7.261805534362793,0.851910412311554,-80.20805358886719,0.8102538585662842
17937,1,9.380751609802246,9.163243293762207,7.30532169342041,0.8652040958404541,-80.12013244628906,0.7652561664581299
17947,1,9.1819429397583,9.165022850036621,7.481796741485596,0.815082848072052,-80.05424499511719,0.728244960308075
17957,1,8.968389511108398,9.146309852600098,7.574804306030273,0.7879257798194885,-79.98828125,0.6947400569915771
17967,1,8.733945846557617,9.111353874206543,7.291021347045898,0.896454393863678,-79.92239379882812,0.6567549109458923
17977,1,8.503647804260254,9.057733535766602,7.282722473144531,0.8953035473823547,-79.85649108886719,0.648768424987793
17987,1,8.212589263916016,8.988056182861328,7.046379566192627,0.974131166934967,-79.79054260253906,0.6411714553833008
17997,1,7.940109729766846,8.898393630981445,7.390255928039551,0.826025664806366,-79.70266723632812,0.6390287280082703
18007,1,7.607904434204102,8.794175148010254,7.600306987762451,0.7182883620262146,-79.61476135253906,0.6183801889419556
18017,1,7.2948689460754395,8.669013023376465,7.661851406097412,0.6566597819328308,-79.54885864257812,0.5942253470420837
18027,1,6.974573135375977,8.531903266906738,7.495296955108643,0.6752834320068359,-79.48295593261719,0.5722132325172424
18037,1,6.628244400024414,8.37684440612793,6.960036754608154,0.8281800150871277,-79.43898010253906,0.565005898475647
18047,1,6.628244400024414,8.210442543029785,6.6145405769348145,0.9160698652267456,-79.39505004882812,0.5731871724128723
18057,1,6.244235992431641,8.023335456848145,6.219239234924316,1.0096486806869507,-79.35110473632812,0.5946149230003357
18067,1,5.852118968963623,7.816715240478516,5.731879711151123,1.1343259811401367,-79.30717468261719,0.6292886137962341
18077,1,5.480548858642578,7.5944013595581055,5.429126262664795,1.1849027872085571,-79.26319885253906,0.6639622449874878
18087,1,5.084846019744873,7.355583667755127,5.324124813079834,1.154757022857666,-79.21925354003906,0.6966879963874817
18097,1,4.675278186798096,7.100518703460693,5.008266448974609,1.197166085243225,-79.19729614257812,0.7163625955581665
18107,1,4.204367637634277,6.833521366119385,4.480070114135742,1.3179137706756592,-79.15336608886719,0.7635030150413513
18117,1,3.772721767425537,6.550137042999268,4.38247013092041,1.2705825567245483,-79.13139343261719,0.7925277352333069
18127,1,3.27534556388855,6.26632833480835,4.277536869049072,1.2222788333892822,-79.08741760253906,0.8102538585662842
18137,1,2.821869373321533,5.9639177322387695,4.34788179397583,1.098798155784607,-79.06544494628906,0.8085007667541504
18147,1,2.3092896938323975,5.6448140144348145,4.2809600830078125,1.0162353515625,-79.02151489257812,0.7925277352333069
18157,1,1.8238751888275146,5.317784786224365,3.468822956085205,1.2143492698669434,-78.99954223632812,0.7892162203788757
18167,1,1.8238751888275146,4.985294818878174,3.3149566650390625,1.1729854345321655,-78.97758483886719,0.7903850078582764
18177,1,1.3039768934249878,4.634972095489502,3.1475400924682617,1.1174407005310059,-78.95561218261719,0.7925277352333069
18187,1,0.8470281958580017,4.274502277374268,2.9152677059173584,1.083338975906372,-78.93365478515625,0.7798656821250916
18197,1,0.34886303544044495,3.900927782058716,3.051485061645508,0.9012678861618042,-78.91163635253906,0.7605811357498169
18207,1,-0.19964167475700378,3.520733594894409,2.772986888885498,0.8688552379608154,-78.88966369628906,0.7272710204124451
18217,1,-0.6722499132156372,3.130357503890991,2.4346389770507812,0.856945276260376,-78.88966369628906,0.7064276337623596
18227,1,-1.2101631164550781,2.7474000453948975,1.905767798423767,0.9175247550010681,-78.88966369628906,0.6927921175956726
18237,1,-1.680422067642212,2.343402147293091,1.6858839988708496,0.854325532913208,-78.86769104003906,0.6664945483207703
18247,1,-2.1999025344848633,1.9401159286499023,1.3226369619369507,0.8441534042358398,-78.86769104003906,0.6557809710502625
18257,1,-2.6896309852600098,1.5364437103271484,0.9203524589538574,0.8484123945236206,-78.88966369628906,0.634937584400177
18267,1,-2.6896309852600098,1.134279489517212,0.7264404296875,0.7849324345588684,-78.88966369628906,0.6195489168167114
18277,1,-3.1796939373016357,0.7237507700920105,0.34091055393218994,0.7773416042327881,-78.88966369628906,0.5944201350212097
18287,1,-3.6572113037109375,0.3068472743034363,0.2751706540584564,0.6461365222930908,-78.88966369628906,0.5724080204963684
18297,1,-4.098866939544678,-0.11241169273853302,0.2239724099636078,0.5053499341011047,-78.88966369628906,0.5311113595962524
18307,1,-4.587256908416748,-0.52932208776474,-0.011393222026526928,0.4318295419216156,-78.88966369628906,0.4886459708213806
18317,1,-5.004845142364502,-0.9475911259651184,-0.22633351385593414,0.34790927171707153,-78.91163635253906,0.435661256313324
18327,1,-5.474041938781738,-1.361013650894165,-0.1665993332862854,0.15768450498580933,-78.91163635253906,0.3815077841281891
18337,1,-5.869815826416016,-1.775467872619629,-0.3365265130996704,0.0513007678091526,-78.93365478515625,0.31255051493644714
18347,1,-6.297617435455322,-2.181870937347412,-0.5875738263130188,-0.025140859186649323,-78.93365478515625,0.24067087471485138
18357,1,-6.673928260803223,-2.5809872150421143,-0.9097824692726135,-0.07348352670669556,-78.95561218261719,0.1561286598443985
18367,1,-7.062730312347412,-2.9781806468963623,-1.0137498378753662,-0.20366887748241425,-78.97758483886719,0.06749680638313293
18377,1,-7.062730312347412,-3.3668766021728516,-1.2741942405700684,-0.26441946625709534,-78.99954223632812,0.009837049059569836
18387,1,-7.3911824226379395,-3.749840021133423,-2.2631659507751465,-0.05741696432232857,-79.04347229003906,-0.04042057320475578
18397,1,-7.724605083465576,-4.128088474273682,-3.058901309967041,0.0894523337483406,-79.10943603515625,-0.0076943254098296165
18407,1,-8.056853294372559,-4.495885848999023,-1.999578833580017,-0.4710449278354645,-79.08741760253906,-0.06301656365394592
18417,1,-8.339996337890625,-4.8512444496154785,-4.956720352172852,0.49620285630226135,-79.21925354003906,-0.043926846235990524
18427,1,-8.627821922302246,-5.200005054473877,-2.245649814605713,-0.664350688457489,-79.19729614257812,-0.014317288994789124
18437,1,-8.864258766174316,-5.539973735809326,-4.064467906951904,-0.14311978220939636,-79.24122619628906,-0.1241820901632309
18447,1,-9.10317325592041,-5.865688323974609,-8.814424514770508,1.5452218055725098,-79.52688598632812,0.10742989182472229
18457,1,-9.305274963378906,-6.177776336669922,2.6020162105560303,-2.9002442359924316,-79.13139343261719,-0.08795058727264404
18467,1,-9.305274963378906,-6.475397109985352,-6.430184364318848,0.3188958168029785,-79.41700744628906,-0.1925559788942337
18477,1,-9.48811149597168,-6.7620954513549805,-6.533560276031494,0.29415953159332275,-79.61476135253906,-0.03710909187793732
18487,1,-9.628716468811035,-7.034890174865723,-2.8546183109283447,-1.2381621599197388,-79.43898010253906,-0.18690697848796844
18497,1,-9.746389389038086,-7.292923450469971,-7.488097190856934,0.415358304977417,-79.74661254882812,-0.19664663076400757
18507,1,-9.842150688171387,-7.535514831542969,-5.984345436096191,-0.26694443821907043,-79.68070983886719,-0.1278836727142334
18517,1,-9.91675853729248,-7.762118339538574,-4.616006374359131,-0.8881911635398865,-79.68070983886719,-0.22099576890468597
18527,1,-9.973180770874023,-7.971496105194092,-3.9732346534729004,-1.2431459426879883,-79.72463989257812,-0.32618603110313416
18537,1,-9.996532440185547,-8.163777351379395,-3.912684440612793,-1.3800804615020752,-79.74661254882812,-0.4514400064945221
18547,1,-9.99544906616211,-8.338123321533203,-3.257848024368286,-1.741564154624939,-79.76856994628906,-0.5860440135002136
18557,1,-9.969364166259766,-8.494319915771484,-3.1173675060272217,-1.9089304208755493,-79.8125,-0.7407117486000061
18567,1,-9.908896446228027,-8.633493423461914,-3.4757847785949707,-1.8815662860870361,-79.85649108886719,-0.8601219058036804
18577,1,-9.830738067626953,-8.753314971923828,-4.294485569000244,-1.6686586141586304,-79.92239379882812,-0.9432995319366455
18587,1,-9.732104301452637,-8.853891372680664,-4.876206398010254,-1.530128002166748,-80.01029968261719,-0.9807008504867554
18597,1,-9.610736846923828,-8.93506145477295,-5.42811393737793,-1.3915833234786987,-80.07620239257812,-0.996089518070221
18607,1,-9.610736846923828,-8.999360084533691,-6.351648807525635,-1.1020190715789795,-80.1640625,-0.9740778803825378
18617,1,-9.439080238342285,-9.041206359863281,-6.898170471191406,-0.9340311884880066,-80.25198364257812,-0.9121321439743042
18627,1,-9.264676094055176,-9.062471389770508,-7.25153923034668,-0.8274704813957214,-80.33984375,-0.8494082689285278
18637,1,-9.068154335021973,-9.063013076782227,-7.416943073272705,-0.7806859612464905,-80.40580749511719,-0.7870734930038452
18647,1,-8.815376281738281,-9.044066429138184,-7.341591835021973,-0.8154005408287048,-80.47169494628906,-0.7364262938499451
18657,1,-8.572988510131836,-9.00818920135498,-6.92744255065918,-0.9746251106262207,-80.53765869140625,-0.7126610279083252
18667,1,-8.261220932006836,-8.94861888885498,-6.7270941734313965,-1.0457186698913574,-80.58158874511719,-0.7050641179084778
18677,1,-7.923675060272217,-8.876519203186035,-6.933585166931152,-0.9586853981018066,-80.66944885253906,-0.7101287245750427
18687,1,-7.618348598480225,-8.779796600341797,-7.169583320617676,-0.8495399355888367,-80.73539733886719,-0.7023370265960693
18697,1,-7.294170379638672,-8.662851333618164,-7.132704257965088,-0.8331895470619202,-80.82325744628906,-0.6789618134498596
18707,1,-7.294170379638672,-8.532607078552246,-6.917778491973877,-0.8847438097000122,-80.88922119140625,-0.6542226076126099
18717,1,-6.890673637390137,-8.376355171203613,-6.724653720855713,-0.9111520051956177,-80.95510864257812,-0.6435089707374573
18727,1,-6.530183792114258,-8.200671195983887,-6.3222336769104,-1.0134222507476807,-80.99903869628906,-0.6569496989250183
18737,1,-6.141390800476074,-8.0047025680542,-5.978822708129883,-1.0871808528900146,-81.06500244140625,-0.6750659942626953
18747,1,-5.6800217628479,-7.791913032531738,-5.5342183113098145,-1.193350076675415,-81.10893249511719,-0.7038953304290771
18757,1,-5.2685627937316895,-7.559304237365723,-5.364333629608154,-1.1900758743286133,-81.15286254882812,-0.727855384349823
18767,1,-4.775812149047852,-7.312615871429443,-5.3622565269470215,-1.1165064573287964,-81.19679260253906,-0.7525941133499146
18777,1,-4.341679573059082,-7.045926570892334,-5.215059757232666,-1.0893137454986572,-81.21876525878906,-0.7570743560791016
18787,1,-3.8266890048980713,-6.7683916091918945,-4.773374557495117,-1.168095588684082,-81.26274108886719,-0.7633077502250671
18797,1,-3.3473165035247803,-6.478960037231445,-4.516689777374268,-1.174118161201477,-81.30667114257812,-0.7783077955245972
18807,1,-3.3473165035247803,-6.180945873260498,-4.491770267486572,-1.0987104177474976,-81.35060119628906,-0.7823984622955322
18817,1,-2.7965569496154785,-5.858877658843994,-4.518556118011475,-0.9791971445083618,-81.39454650878906,-0.7685671448707581
18827,1,-2.297589063644409,-5.519977569580078,-4.37431526184082,-0.9163780212402344,-81.43852233886719,-0.7434388399124146
18837,1,-1.8135286569595337,-5.167262554168701,-3.937415838241577,-0.9577876925468445,-81.46049499511719,-0.7190892100334167
18847,1,-1.2414929866790771,-4.804131984710693,-3.2516844272613525,-1.09027099609375,-81.46049499511719,-0.7177256345748901
18857,1,-0.7543390989303589,-4.427648067474365,-2.7182369232177734,-1.164626121520996,-81.48245239257812,-0.728244960308075
18867,1,-0.18182267248630524,-4.044745922088623,-2.107295274734497,-1.2673166990280151,-81.48245239257812,-0.755515992641449
18877,1,0.316224604845047,-3.648136854171753,-2.2317845821380615,-1.088984727859497,-81.50442504882812,-0.7726578116416931
18887,1,0.8886510133743286,-3.2484331130981445,-2.1269407272338867,-0.9879827499389648,-81.50442504882812,-0.7568795680999756
18897,1,1.414290189743042,-2.8443291187286377,-2.1551973819732666,-0.8337938785552979,-81.52638244628906,-0.7358419299125671
18907,1,1.414290189743042,-2.439067840576172,-1.9493895769119263,-0.7746848464012146,-81.54835510253906,-0.6924025416374207
18917,1,1.9756649732589722,-2.0189504623413086,-1.5652989149093628,-0.763659656047821,-81.54835510253906,-0.6612351536750793
18927,1,2.5004024505615234,-1.588877558708191,-1.2093863487243652,-0.7385388612747192,-81.54835510253906,-0.630068302154541
18937,1,2.978579521179199,-1.1542267799377441,-0.9281455874443054,-0.6833779215812683,-81.54835510253906,-0.5973420143127441
18947,1,3.5158169269561768,-0.7196336984634399,-0.5009765625,-0.6811330914497375,-81.54835510253906,-0.5706543922424316
18957,1,3.9952926635742188,-0.2886549234390259,-0.1417165845632553,-0.6542617082595825,-81.54835510253906,-0.5394874811172485
18967,1,4.504446029663086,0.14866720139980316,-0.10069964081048965,-0.5029276013374329,-81.52638244628906,-0.5120211243629456
18977,1,4.945042610168457,0.5888325572013855,-0.044954340904951096,-0.3532237112522125,-81.52638244628906,-0.46254321932792664
18987,1,5.431731224060059,1.0224639177322388,0.42618894577026367,-0.3611951768398285,-81.52638244628906,-0.42416897416114807
18997,1,5.8756303787231445,1.4508507251739502,0.6622817516326904,-0.2808101773262024,-81.50442504882812,-0.37956035137176514
19007,1,5.8756303787231445,1.8719241619110107,0.7525845766067505,-0.15442799031734467,-81.50442504882812,-0.32482248544692993
19017,1,6.347862243652344,2.297865390777588,0.8256141543388367,-0.004809587728232145,-81.48245239257812,-0.26599398255348206
19027,1,6.738408088684082,2.7204391956329346,1.0563002824783325,0.08282078057527542,-81.46049499511719,-0.21184049546718597
19037,1,7.105833053588867,3.1377644538879395,1.6998564004898071,0.013722066767513752,-81.43852233886719,-0.10528716444969177
19047,1,7.5069475173950195,3.546215295791626,1.9004164934158325,0.11062932759523392,-81.41656494140625,-0.04899146780371666
19057,1,7.833320617675781,3.9482221603393555,1.9156674146652222,0.27498090267181396,-81.41656494140625,0.00029218956478871405
19067,1,8.177594184875488,4.337986946105957,4.072168350219727,-0.37681862711906433,-81.30667114257812,-0.005746394861489534
19077,1,8.4564208984375,4.7143073081970215,3.56341552734375,-0.04574047774076462,-81.26274108886719,-0.08327554911375046
19087,1,8.7496919631958,5.081915855407715,1.6828491687774658,0.8351557850837708,-81.35060119628906,0.0776260495185852
19097,1,8.997212409973145,5.435851573944092,9.313344955444336,-1.9146889448165894,-80.97708129882812,-0.0836651399731636
19107,1,8.997212409973145,5.774759292602539,-0.5124083757400513,1.9108434915542603,-81.26274108886719,-0.04295288398861885
19117,1,9.235755920410156,6.104115962982178,3.7167751789093018,0.5213839411735535,-81.19679260253906,0.1598297357559204
19127,1,9.425439834594727,6.4201812744140625,7.687143802642822,-0.8988064527511597,-80.82325744628906,0.012369358912110329
19137,1,9.589155197143555,6.721749305725098,-0.5821917057037354,2.392596483230591,-81.21876525878906,0.24690425395965576
19147,1,9.736465454101562,7.005944728851318,9.872225761413574,-1.441997766494751,-80.66944885253906,0.2696950435638428
19157,1,9.839310646057129,7.27369499206543,4.112885475158691,0.8451728224754333,-80.88922119140625,0.1909976303577423
19167,1,9.927017211914062,7.522952079772949,5.3049845695495605,0.5023027658462524,-80.75736999511719,0.252942830324173
19177,1,9.976926803588867,7.754633903503418,4.2862629890441895,1.0039269924163818,-80.75736999511719,0.29735615849494934
19187,1,9.999431610107422,7.966995716094971,3.8013429641723633,1.3073208332061768,-80.73539733886719,0.41306525468826294
19197,1,9.989795684814453,8.16021728515625,3.2790420055389404,1.6246405839920044,-80.69140625,0.5546813607215881
19207,1,9.989795684814453,8.334321975708008,3.225187063217163,1.7625235319137573,-80.66944885253906,0.6900650262832642
19217,1,9.949394226074219,8.488016128540039,3.4657347202301025,1.7820422649383545,-80.62551879882812,0.8069424033164978
19227,1,9.881718635559082,8.620646476745605,3.8118340969085693,1.7525924444198608,-80.55961608886719,0.8944060206413269
19237,1,9.785304069519043,8.73147964477539,4.278570652008057,1.665074348449707,-80.49366760253906,0.9466110467910767
19247,1,9.645540237426758,8.821017265319824,4.7795305252075195,1.553108811378479,-80.42776489257812,0.9758304953575134
19257,1,9.49326229095459,8.890612602233887,5.836885929107666,1.2151503562927246,-80.33984375,0.963948130607605
19267,1,9.291773796081543,8.936226844787598,6.774096488952637,0.9013882875442505,-80.23002624511719,0.9064831733703613
19277,1,9.086912155151367,8.9581298828125,7.132447719573975,0.7921147346496582,-80.1640625,0.8336295485496521
19287,1,8.827815055847168,8.960227012634277,7.158510208129883,0.796643853187561,-80.07620239257812,0.7675936818122864
19297,1,8.553634643554688,8.942197799682617,7.039613246917725,0.849595308303833,-80.01029968261719,0.7243491411209106
19307,1,8.553634643554688,8.905221939086914,6.773699760437012,0.958716869354248,-79.96632385253906,0.6898702383041382
19317,1,8.23962116241455,8.84188175201416,6.433870315551758,1.0831133127212524,-79.90042114257812,0.6922077536582947
19327,1,7.940122127532959,8.756068229675293,6.031843662261963,1.2267781496047974,-79.83451843261719,0.7173365950584412
19337,1,7.592077732086182,8.645301818847656,6.2527947425842285,1.1246658563613892,-79.76856994628906,0.73233562707901
19347,1,7.1938958168029785,8.514461517333984,6.56817102432251,0.9749425053596497,-79.70266723632812,0.7272710204124451
19357,1,6.8181047439575195,8.35990047454834,7.170270919799805,0.702790379524231,-79.61476135253906,0.6949348449707031
19367,1,6.370257377624512,8.187097549438477,7.298271179199219,0.5948099493980408,-79.52688598632812,0.639418363571167
19377,1,5.9581098556518555,7.998040676116943,7.381364345550537,0.4953065514564514,-79.46099853515625,0.5876023769378662
19387,1,5.4646711349487305,7.78456974029541,6.8197245597839355,0.6293542981147766,-79.39505004882812,0.550980269908905
19397,1,4.977382183074951,7.554154396057129,6.399982452392578,0.7071354389190674,-79.35110473632812,0.5363708138465881
19407,1,4.977382183074951,7.308941841125488,5.394243240356445,1.0166547298431396,-79.32914733886719,0.5490323305130005
19417,1,4.474756717681885,7.039233684539795,4.879888534545898,1.1264609098434448,-79.30717468261719,0.5940305590629578
19427,1,3.9923105239868164,6.7492804527282715,4.1573309898376465,1.312053918838501,-79.28521728515625,0.6427298188209534
19437,1,3.503495454788208,6.440403461456299,4.247199535369873,1.1856849193572998,-79.24122619628906,0.6998046636581421
19447,1,2.912243127822876,6.115462779998779,4.071034908294678,1.1492974758148193,-79.19729614257812,0.7241543531417847
19457,1,2.403571605682373,5.771528720855713,4.213097095489502,0.9830612540245056,-79.15336608886719,0.7222064137458801
19467,1,1.8074991703033447,5.416313648223877,4.372992038726807,0.7984681129455566,-79.10943603515625,0.6992202997207642
19477,1,1.2814679145812988,5.042255878448486,4.2761454582214355,0.7014653086662292,-79.06544494628906,0.6651310324668884
19487,1,0.7030972242355347,4.661690711975098,3.943887233734131,0.6878662705421448,-79.04347229003906,0.63045734167099
19497,1,0.146316796541214,4.27395486831665,3.0811715126037598,0.8742527961730957,-79.02151489257812,0.6152635216712952
19507,1,0.146316796541214,3.8811585903167725,2.409287691116333,1.0035654306411743,-79.02151489257812,0.6234447956085205
19517,1,-0.47470951080322266,3.4666428565979004,1.8860241174697876,1.0573848485946655,-79.02151489257812,0.6448725461959839
19527,1,-1.0055702924728394,3.041055202484131,1.4862223863601685,1.0632044076919556,-79.02151489257812,0.666689395904541
19537,1,-1.5278749465942383,2.606264591217041,1.1671403646469116,1.0347121953964233,-79.02151489257812,0.6774029731750488
19547,1,-2.1252877712249756,2.1669178009033203,0.9186391234397888,0.9746249914169312,-79.02151489257812,0.6844155192375183
19557,1,-2.646289587020874,1.7184042930603027,0.9522359371185303,0.8033279180526733,-79.02151489257812,0.6738967299461365
19567,1,-3.2124037742614746,1.270080804824829,0.7512714266777039,0.7149342894554138,-79.02151489257812,0.6355219483375549
19577,1,-3.722940444946289,0.8137849569320679,0.38256552815437317,0.6863572597503662,-79.02151489257812,0.6029910445213318
19587,1,-4.263194561004639,0.3608749806880951,0.3076115846633911,0.544863760471344,-79.02151489257812,0.5648110508918762
19597,1,-4.769514560699463,-0.09901633858680725,-0.06456132233142853,0.5116922855377197,-79.02151489257812,0.5244883894920349
19607,1,-5.305378437042236,-0.5540836453437805,-0.20265047252178192,0.38842320442199707,-79.04347229003906,0.4765683114528656
19617,1,-5.305378437042236,-1.006229043006897,-0.35906124114990234,0.28108346462249756,-79.04347229003906,0.41364964842796326
19627,1,-5.764474391937256,-1.4590357542037964,-0.5002151727676392,0.1534299999475479,-79.06544494628906,0.3550153970718384
19637,1,-6.196484088897705,-1.9098634719848633,-0.6315937042236328,0.02169545739889145,-79.06544494628906,0.29287591576576233
19647,1,-6.673008918762207,-2.3544256687164307,-0.5389986634254456,-0.1990097612142563,-79.08741760253906,0.2169056087732315
19657,1,-7.056189060211182,-2.7948529720306396,-1.095524787902832,-0.17381538450717926,-79.10943603515625,0.09340479224920273
19667,1,-7.476926803588867,-3.224874258041382,-1.3559281826019287,-0.2583993673324585,-79.13139343261719,0.016070934012532234
19677,1,-7.827394485473633,-3.6499204635620117,-1.4478230476379395,-0.40513893961906433,-79.15336608886719,-0.05600401759147644
19687,1,-8.18876838684082,-4.061628818511963,-3.370901107788086,0.14705997705459595,-79.24122619628906,-0.07061349600553513
19697,1,-8.500160217285156,-4.460543155670166,-3.362410068511963,-0.009248516522347927,-79.28521728515625,-0.01022663526237011
19707,1,-8.764127731323242,-4.850189685821533,-1.6302270889282227,-0.8376986980438232,-79.21925354003906,-0.13957124948501587
19717,1,-9.011289596557617,-5.22754430770874,-7.902600288391113,1.3837902545928955,-79.50492858886719,-0.01042142789810896
19727,1,-9.253485679626465,-5.592410087585449,-2.1225180625915527,-0.9154348969459534,-79.39505004882812,0.05853632837533951
19737,1,-9.253485679626465,-5.940807819366455,-0.7161719799041748,-1.6525448560714722,-79.24122619628906,-0.22138534486293793
19747,1,-9.454347610473633,-6.275165557861328,-13.84725284576416,3.2093236446380615,-79.90042114257812,-0.025616301223635674
19757,1,-9.618279457092285,-6.593304634094238,4.0340471267700195,-3.669245719909668,-79.26319885253906,-0.15827138721942902
19767,1,-9.769570350646973,-6.892801284790039,-9.289021492004395,1.1645811796188354,-79.65873718261719,-0.16859541833400726
19777,1,-9.869988441467285,-7.174282073974609,-5.791758060455322,-0.20526209473609924,-79.76856994628906,-0.020940253511071205
19787,1,-9.951042175292969,-7.43553352355957,-4.817584037780762,-0.7161523103713989,-79.68070983886719,-0.17112772166728973
19797,1,-9.989930152893066,-7.6764421463012695,-5.851806640625,-0.4050538241863251,-79.87846374511719,-0.16703706979751587
19807,1,-9.998377799987793,-7.896766662597656,-6.549859523773193,-0.24694788455963135,-79.94435119628906,-0.19060803949832916
19817,1,-9.973970413208008,-8.095802307128906,-4.822956085205078,-1.0014358758926392,-79.92239379882812,-0.2817727029323578
19827,1,-9.920171737670898,-8.273466110229492,-4.091178894042969,-1.380965232849121,-79.94435119628906,-0.4005979895591736
19837,1,-9.920171737670898,-8.43017292022705,-3.5484280586242676,-1.6908918619155884,-79.96632385253906,-0.5478636026382446
19847,1,-9.814146995544434,-8.561877250671387,-3.397209644317627,-1.848883867263794,-80.01029968261719,-0.6982463598251343
19857,1,-9.695656776428223,-8.669770240783691,-3.890636444091797,-1.7546412944793701,-80.05424499511719,-0.8207727074623108
19867,1,-9.52419376373291,-8.7542142868042,-4.39373779296875,-1.6428779363632202,-80.12013244628906,-0.8938215970993042
19877,1,-9.341191291809082,-8.813417434692383,-5.456286430358887,-1.3025535345077515,-80.20805358886719,-0.9230411052703857
19887,1,-9.103531837463379,-8.849802017211914,-5.98567008972168,-1.1455702781677246,-80.27395629882812,-0.9068727493286133
19897,1,-8.859058380126953,-8.864362716674805,-6.5048651695251465,-0.9784427881240845,-80.33984375,-0.8630437850952148
19907,1,-8.544686317443848,-8.857634544372559,-6.288946151733398,-1.078921914100647,-80.40580749511719,-0.8349936008453369
19917,1,-8.2473783493042,-8.821964263916016,-6.5218505859375,-0.9992423057556152,-80.47169494628906,-0.8133705854415894
19927,1,-8.2473783493042,-8.767285346984863,-6.615908622741699,-0.9697617888450623,-80.53765869140625,-0.7841516137123108
19937,1,-7.871026515960693,-8.68199348449707,-6.573009967803955,-0.9699789881706238,-80.60354614257812,-0.7514253854751587
19947,1,-7.509962558746338,-8.57045841217041,-6.650491237640381,-0.9162348508834839,-80.69140625,-0.7350627183914185
19957,1,-7.132817268371582,-8.433647155761719,-6.594875812530518,-0.9006627202033997,-80.75736999511719,-0.7151933312416077
19967,1,-6.6668701171875,-8.274033546447754,-6.5093302726745605,-0.8856825828552246,-80.82325744628906,-0.6885067224502563
19977,1,-6.241517543792725,-8.096323013305664,-6.205109119415283,-0.9486984014511108,-80.88922119140625,-0.6785722374916077
19987,1,-5.7549943923950195,-7.891481876373291,-6.267148971557617,-0.8620445132255554,-80.95510864257812,-0.6694164872169495
19997,1,-5.299324989318848,-7.661632537841797,-6.098073482513428,-0.8513065576553345,-80.99903869628906,-0.644288182258606
20007,1,-4.746613502502441,-7.415158271789551,-5.813900947570801,-0.8761072158813477,-81.06500244140625,-0.63493812084198
20017,1,-4.229424953460693,-7.15097188949585,-5.742989540100098,-0.813660740852356,-81.13088989257812,-0.6236401200294495
20027,1,-4.229424953460693,-6.872950553894043,-5.191101551055908,-0.9392597675323486,-81.15286254882812,-0.6138994097709656
20037,1,-3.632920980453491,-6.564621925354004,-4.4901957511901855,-1.1008881330490112,-81.19679260253906,-0.6329901814460754
20047,1,-3.114183187484741,-6.236270427703857,-4.33036470413208,-1.0552924871444702,-81.19679260253906,-0.66240394115448
20057,1,-2.558000087738037,-5.886237144470215,-3.516958236694336,-1.2493367195129395,-81.21876525878906,-0.6888962984085083
20067,1,-1.9574388265609741,-5.523340225219727,-3.139688014984131,-1.277511715888977,-81.24078369140625,-0.7375950813293457
20077,1,-1.3757086992263794,-5.150123596191406,-2.671081781387329,-1.3365299701690674,-81.26274108886719,-0.7722682356834412
20087,1,-0.7584147453308105,-4.75499153137207,-2.361488103866577,-1.326338768005371,-81.28471374511719,-0.8030465245246887
20097,1,-0.18435533344745636,-4.3521575927734375,-2.7550854682922363,-1.0449804067611694,-81.32864379882812,-0.8123965859413147
20107,1,0.4530039429664612,-3.942917585372925,-2.904369831085205,-0.8438873887062073,-81.37257385253906,-0.7796713709831238
20117,1,1.0186796188354492,-3.5133888721466064,-2.25225567817688,-0.938042938709259,-81.37257385253906,-0.7481138706207275
20127,1,1.0186796188354492,-3.0821051597595215,-1.7443886995315552,-0.9914976954460144,-81.37257385253906,-0.7329199910163879
20137,1,1.6660486459732056,-2.630258560180664,-1.3488616943359375,-0.9808855056762695,-81.37257385253906,-0.72318035364151
20147,1,2.1985957622528076,-2.170732021331787,-1.0408250093460083,-0.9359538555145264,-81.37257385253906,-0.7089599370956421
20157,1,2.7680718898773193,-1.7007431983947754,-0.5819078087806702,-0.9419597387313843,-81.37257385253906,-0.6881170868873596
20167,1,3.3872978687286377,-1.2278709411621094,-0.4435209035873413,-0.8235530257225037,-81.37257385253906,-0.6760399341583252
20177,1,3.899477005004883,-0.749301552772522,-0.33574506640434265,-0.6899871230125427,-81.37257385253906,-0.6401975154876709
20187,1,4.48908805847168,-0.272575706243515,-0.25180917978286743,-0.5420676469802856,-81.37257385253906,-0.5920826196670532
20197,1,4.988982677459717,0.20015747845172882,-0.18643981218338013,-0.38604044914245605,-81.35060119628906,-0.5311113595962524
20207,1,5.463320732116699,0.6744732856750488,0.06748111546039581,-0.2986806631088257,-81.35060119628906,-0.47014012932777405
20217,1,6.007989883422852,1.140977382659912,0.26505589485168457,-0.18848934769630432,-81.32864379882812,-0.40994808077812195
20227,1,6.007989883422852,1.6041346788406372,0.3976236581802368,-0.06363987922668457,-81.30667114257812,-0.34137991070747375
20237,1,6.528985500335693,2.0727956295013428,0.5482699275016785,0.07293547689914703,-81.30667114257812,-0.26521480083465576
20247,1,6.947817325592041,2.536715507507324,0.8451220989227295,0.15183813869953156,-81.28471374511719,-0.18904970586299896
20257,1,7.343246936798096,2.994117259979248,1.4339460134506226,0.11787795275449753,-81.24078369140625,-0.08093803375959396
20267,1,7.773425102233887,3.4410650730133057,1.5624855756759644,0.2583303153514862,-81.21876525878906,-0.008278705179691315
20277,1,8.121217727661133,3.8735976219177246,2.9454236030578613,-0.08476731926202774,-81.15286254882812,0.013733417727053165
20287,1,8.477126121520996,4.298538684844971,3.1948060989379883,-0.013705898076295853,-81.08695983886719,-0.022303804755210876
20297,1,8.76559066772461,4.707495212554932,2.4830737113952637,0.43066203594207764,-81.10893249511719,0.05814674124121666
20307,1,9.063352584838867,5.099571228027344,5.619633197784424,-0.600093424320221,-80.93315124511719,0.00029218956478871405
20317,1,9.287653923034668,5.481215476989746,1.169207215309143,1.237701654434204,-81.06500244140625,0.06749680638313293
20327,1,9.481009483337402,5.8472747802734375,6.829802989959717,-0.7337312698364258,-80.84523010253906,0.09710586071014404
20337,1,9.648223876953125,6.196381092071533,4.852787494659424,0.11949038505554199,-80.77932739257812,-0.045290399342775345
20347,1,9.648223876953125,6.524867534637451,-0.5946962833404541,2.361480474472046,-81.06500244140625,0.25761786103248596
20357,1,9.800626754760742,6.833811283111572,10.17953872680664,-1.5830544233322144,-80.515625,0.2580074667930603
20367,1,9.899805068969727,7.125580310821533,4.129378795623779,0.813179612159729,-80.71343994140625,0.19664663076400757
20377,1,9.965250968933105,7.395811080932617,5.451028347015381,0.42997854948043823,-80.60354614257812,0.25216367840766907
20387,1,9.997535705566406,7.642807483673096,4.363155364990234,0.9604238867759705,-80.58158874511719,0.28294095396995544
20397,1,9.991339683532715,7.866528034210205,3.8265445232391357,1.283762812614441,-80.58158874511719,0.3869624733924866
20407,1,9.948484420776367,8.06623363494873,3.525573253631592,1.5152846574783325,-80.53765869140625,0.5165019035339355
20417,1,9.873476028442383,8.242412567138672,3.309884548187256,1.7112010717391968,-80.515625,0.6491580009460449
20427,1,9.744730949401855,8.395081520080566,3.722233295440674,1.6616591215133667,-80.47169494628906,0.7672041058540344
20437,1,9.5960693359375,8.520574569702148,4.230779647827148,1.562620759010315,-80.40580749511719,0.8447332382202148
20447,1,9.5960693359375,8.622922897338867,4.817071437835693,1.4241262674331665,-80.33984375,0.8827179074287415
20457,1,9.398496627807617,8.696730613708496,5.585527420043945,1.194855809211731,-80.25198364257812,0.8858351111412048
20467,1,9.185439109802246,8.743236541748047,5.981629371643066,1.0896530151367188,-80.18608093261719,0.8603166937828064
20477,1,8.920221328735352,8.760078430175781,6.347166061401367,0.9818798303604126,-80.12013244628906,0.8326556086540222
20487,1,8.604205131530762,8.751022338867188,6.391481876373291,0.9814921617507935,-80.05424499511719,0.7954496145248413
20497,1,8.298101425170898,8.713515281677246,6.649839401245117,0.8896932601928711,-79.98828125,0.7714895606040955
20507,1,7.911550998687744,8.651472091674805,6.269220352172852,1.0268962383270264,-79.92239379882812,0.7303876876831055
20517,1,7.538949966430664,8.55936050415039,5.992918968200684,1.1180758476257324,-79.85649108886719,0.736621081829071
20527,1,7.090021133422852,8.444653511047363,5.765285968780518,1.1824309825897217,-79.8125,0.7449972033500671
20537,1,6.639641761779785,8.3068265914917,5.908515930175781,1.0982717275619507,-79.74661254882812,0.755710780620575
20547,1,6.1458516120910645,8.138394355773926,6.260398864746094,0.9194843173027039,-79.68070983886719,0.7467503547668457
20557,1,6.1458516120910645,7.948780536651611,6.574803829193115,0.751265287399292,-79.59278869628906,0.7011682391166687
20567,1,5.64816951751709,7.729847431182861,6.619740962982178,0.6590465307235718,-79.52688598632812,0.653053879737854
20577,1,5.157644748687744,7.485071182250977,6.832011699676514,0.4909932613372803,-79.43898010253906,0.6016274690628052
20587,1,4.575952529907227,7.218865394592285,6.644043445587158,0.4606258273124695,-79.37307739257812,0.5361759662628174
20597,1,4.047694683074951,6.9267449378967285,6.230520725250244,0.506575345993042,-79.32914733886719,0.4843600392341614
20607,1,3.4372165203094482,6.617216110229492,5.448167324066162,0.6878079175949097,-79.28521728515625,0.46176403760910034
20617,1,2.8602919578552246,6.281002521514893,4.739110469818115,0.8390776515007019,-79.26319885253906,0.4863084554672241
20627,1,2.223182439804077,5.930497646331787,4.1017842292785645,0.9586365818977356,-79.24122619628906,0.5118268728256226
20637,1,1.6331583261489868,5.566016674041748,3.573596477508545,1.036590337753296,-79.21925354003906,0.550785481929779
20647,1,0.9725391864776611,5.178675174713135,3.144923686981201,1.067601203918457,-79.19729614257812,0.583511233329773
20657,1,0.9725391864776611,4.778409481048584,2.9396450519561768,1.0250895023345947,-79.17532348632812,0.616432249546051
20667,1,0.3627539873123169,4.358203411102295,2.7869932651519775,0.9395433068275452,-79.15336608886719,0.6281198263168335
20677,1,-0.23049622774124146,3.9215304851531982,2.7056777477264404,0.8178496360778809,-79.13139343261719,0.6271458864212036
20687,1,-0.896434485912323,3.4752137660980225,2.329047441482544,0.8001564741134644,-79.13139343261719,0.6131207942962646
20697,1,-1.4801474809646606,3.0143189430236816,1.8235329389572144,0.8276309370994568,-79.13139343261719,0.6008483171463013
20707,1,-2.1429615020751953,2.560624599456787,1.4298380613327026,0.8136677742004395,-79.13139343261719,0.5950044989585876
20717,1,-2.7403223514556885,2.089596748352051,1.1232281923294067,0.7609010934829712,-79.13139343261719,0.5870180130004883
20727,1,-3.3874881267547607,1.617154598236084,0.8844403028488159,0.6786673665046692,-79.13139343261719,0.5644214749336243
20737,1,-3.948096990585327,1.129799246788025,0.6903603672981262,0.573216438293457,-79.13139343261719,0.5381239056587219
20747,1,-3.948096990585327,0.6465737223625183,0.5473225116729736,0.4589402377605438,-79.13139343261719,0.49663248658180237
20757,1,-4.55612850189209,0.1514713019132614,0.4359244704246521,0.3107890188694,-79.13139343261719,0.44423267245292664
20767,1,-5.086982727050781,-0.34703329205513,0.15716613829135895,0.2239348441362381,-79.15336608886719,0.39300107955932617
20777,1,-5.59203577041626,-0.8461611270904541,-0.17486348748207092,0.15361975133419037,-79.15336608886719,0.3265756368637085
20787,1,-6.148083209991455,-1.3405417203903198,-0.31851598620414734,0.011634350754320621,-79.17532348632812,0.28118783235549927
20797,1,-6.598251819610596,-1.8326503038406372,-0.3434772193431854,-0.17707642912864685,-79.17532348632812,0.20969776809215546
20807,1,-7.0897722244262695,-2.3147809505462646,-0.9282140731811523,-0.15627826750278473,-79.21925354003906,0.07704166322946548
20817,1,-7.501935005187988,-2.7853424549102783,-0.951999306678772,-0.342631459236145,-79.21925354003906,0.00029218956478871405
20827,1,-7.933452606201172,-3.251105546951294,-1.1046496629714966,-0.4807778000831604,-79.26319885253906,-0.07373018562793732
20837,1,-8.298319816589355,-3.7039144039154053,-3.8430933952331543,0.3664478361606598,-79.37307739257812,-0.0752890333533287
20847,1,-8.298319816589355,-4.141129016876221,-3.623243808746338,0.13638301193714142,-79.43898010253906,0.044511228799819946
20857,1,-8.654831886291504,-4.570664882659912,0.6560371518135071,-1.6792137622833252,-79.26319885253906,-0.19216638803482056
20867,1,-8.950943946838379,-4.9875030517578125,-10.209205627441406,2.256662607192993,-79.70266723632812,-0.02639547362923622
20877,1,-9.204118728637695,-5.388767242431641,-3.6305642127990723,-0.3181886374950409,-79.61476135253906,0.1424931436777115
20887,1,-9.456565856933594,-5.7712554931640625,1.011549949645996,-2.3074452877044678,-79.28521728515625,-0.13898687064647675
20897,1,-9.630666732788086,-6.132097244262695,-13.119961738586426,2.915832042694092,-80.01029968261719,-0.06944473832845688
20907,1,-9.793562889099121,-6.471416473388672,3.1011276245117188,-3.3452510833740234,-79.41700744628906,-0.21261966228485107
20917,1,-9.896501541137695,-6.793554306030273,-10.030868530273438,1.4236106872558594,-79.85649108886719,-0.14716817438602448
20927,1,-9.963544845581055,-7.092742443084717,-5.003345966339111,-0.5410414934158325,-79.85649108886719,-0.07743176072835922
20937,1,-9.998847961425781,-7.366633892059326,-8.268180847167969,0.5675063729286194,-79.96632385253906,-0.07860051840543747
20947,1,-9.99056339263916,-7.616957187652588,-4.601747035980225,-0.9138259887695312,-79.92239379882812,-0.15866096317768097
20957,1,-9.946898460388184,-7.841969966888428,-4.523940563201904,-1.0471762418746948,-79.98828125,-0.2548907697200775
20967,1,-9.869060516357422,-8.040738105773926,-4.196134567260742,-1.2777336835861206,-80.01029968261719,-0.3573529124259949
20977,1,-9.756442070007324,-8.212494850158691,-3.8716275691986084,-1.504876732826233,-80.05424499511719,-0.4917626678943634
20987,1,-9.756442070007324,-8.359419822692871,-3.6384613513946533,-1.6968486309051514,-80.07620239257812,-0.6290943026542664
20997,1,-9.58876895904541,-8.476408958435059,-3.281343698501587,-1.9269555807113647,-80.09817504882812,-0.7746067643165588
21007,1,-9.397637367248535,-8.56407642364502,-3.9624123573303223,-1.7532957792282104,-80.1640625,-0.8836923837661743
21017,1,-9.164786338806152,-8.621241569519043,-4.695590972900391,-1.5395723581314087,-80.23002624511719,-0.9425203800201416
21027,1,-8.852959632873535,-8.648991584777832,-5.285073757171631,-1.3618366718292236,-80.29591369628906,-0.9528444409370422
21037,1,-8.492449760437012,-8.647407531738281,-5.923396110534668,-1.1474913358688354,-80.38383483886719,-0.9345338940620422
21047,1,-8.163741111755371,-8.619771957397461,-6.540572166442871,-0.9249504804611206,-80.44973754882812,-0.8928476572036743
21057,1,-7.808463096618652,-8.555684089660645,-6.529603958129883,-0.9208657741546631,-80.53765869140625,-0.834409236907959
21067,1,-7.3522868156433105,-8.475542068481445,-6.629636764526367,-0.8660475611686707,-80.60354614257812,-0.7927225232124329
21077,1,-6.9229254722595215,-8.360146522521973,-6.240320205688477,-0.9848671555519104,-80.64747619628906,-0.764086902141571
21087,1,-6.9229254722595215,-8.223376274108887,-5.796276092529297,-1.129150629043579,-80.71343994140625,-0.7592170834541321
21097,1,-6.40470552444458,-8.05030632019043,-5.89780855178833,-1.043866753578186,-80.75736999511719,-0.7685671448707581
21107,1,-5.914927959442139,-7.847097873687744,-5.7615556716918945,-1.0359642505645752,-80.82325744628906,-0.7486982345581055
21117,1,-5.4047698974609375,-7.614679336547852,-5.688994884490967,-0.9922731518745422,-80.8671875,-0.7393481731414795
21127,1,-4.807163238525391,-7.358431816101074,-5.672910690307617,-0.9145556688308716,-80.93315124511719,-0.7194787859916687
21137,1,-4.256532669067383,-7.073312759399414,-5.718935489654541,-0.8008225560188293,-80.97708129882812,-0.6922077536582947
21147,1,-3.6168487071990967,-6.768008708953857,-5.245077610015869,-0.8749704957008362,-81.02101135253906,-0.6754555702209473
21157,1,-3.036970376968384,-6.445398330688477,-5.016861438751221,-0.8503855466842651,-81.04296875,-0.6602612137794495
21167,1,-2.3642022609710693,-6.094663619995117,-4.530450820922852,-0.91200852394104,-81.08695983886719,-0.6516903042793274
21177,1,-1.7392098903656006,-5.727287292480469,-4.030659198760986,-0.9756729602813721,-81.10893249511719,-0.6555861830711365
21187,1,-1.7392098903656006,-5.347771167755127,-3.5030860900878906,-1.0609084367752075,-81.13088989257812,-0.6748712062835693
21197,1,-1.0368216037750244,-4.937529563903809,-3.0357537269592285,-1.0960379838943481,-81.17481994628906,-0.6855847835540771
21207,1,-0.404155969619751,-4.506123065948486,-2.6935300827026367,-1.0793633460998535,-81.19679260253906,-0.7033109664916992
21217,1,0.22214211523532867,-4.0561699867248535,-2.3944156169891357,-1.0369760990142822,-81.21876525878906,-0.7054536938667297
21227,1,0.9217974543571472,-3.595242500305176,-2.4084067344665527,-0.8688361048698425,-81.24078369140625,-0.7001942992210388
21237,1,1.5384241342544556,-3.117980718612671,-1.8659992218017578,-0.9043006300926208,-81.24078369140625,-0.6812993288040161
21247,1,2.2278473377227783,-2.634716510772705,-1.5901912450790405,-0.8338750600814819,-81.24078369140625,-0.6612351536750793
21257,1,2.8295505046844482,-2.136941909790039,-1.228772521018982,-0.7914168834686279,-81.24078369140625,-0.6403923034667969
21267,1,3.4964101314544678,-1.6381696462631226,-0.9472994804382324,-0.7150047421455383,-81.24078369140625,-0.6152629852294922
21277,1,4.094375133514404,-1.137709379196167,-0.7280880212783813,-0.613203763961792,-81.24078369140625,-0.5805898308753967
21287,1,4.094375133514404,-0.6398110389709473,-0.4438011646270752,-0.5471484661102295,-81.24078369140625,-0.537539541721344
21297,1,4.734978675842285,-0.12833236157894135,0.12974363565444946,-0.5687651634216309,-81.21876525878906,-0.49137309193611145
21307,1,5.291589260101318,0.38744115829467773,0.45751503109931946,-0.4978683292865753,-81.21876525878906,-0.46156924962997437
21317,1,5.814659595489502,0.9039090871810913,0.5579838752746582,-0.34050610661506653,-81.21876525878906,-0.42650648951530457
21327,1,6.373785972595215,1.414216160774231,0.9743397235870361,-0.2995695173740387,-81.19679260253906,-0.37722283601760864
21337,1,6.845421314239502,1.9224425554275513,1.2180851697921753,-0.19395627081394196,-81.19679260253906,-0.32774439454078674
21347,1,7.344584941864014,2.419994592666626,1.2236392498016357,0.001862645149230957,-81.17481994628906,-0.2747601568698883
21357,1,7.761654376983643,2.904984474182129,1.349748969078064,0.150040864944458,-81.15286254882812,-0.21223007142543793
21367,1,8.190162658691406,3.3839597702026367,1.7476993799209595,0.19738423824310303,-81.13088989257812,-0.08717141300439835
21377,1,8.54792594909668,3.848414182662964,2.0210988521575928,0.2864512801170349,-81.10893249511719,-0.015096461400389671
21387,1,8.54792594909668,4.295631408691406,2.6206817626953125,0.23899506032466888,-81.06500244140625,0.0441216416656971
21397,1,8.901421546936035,4.733929634094238,3.9551384449005127,-0.08833027631044388,-80.97708129882812,0.038277849555015564
21407,1,9.177942276000977,5.156834125518799,3.042271614074707,0.4273689091205597,-80.99903869628906,0.06749680638313293
21417,1,9.406377792358398,5.561232089996338,4.8166656494140625,-0.07153790444135666,-80.88922119140625,0.10976740717887878
21427,1,9.629179000854492,5.94427490234375,5.199158191680908,-0.0736209973692894,-80.80130004882812,0.03301792964339256
21437,1,9.777161598205566,6.306317329406738,2.400193214416504,1.1469606161117554,-80.91117858886719,0.173660546541214
21447,1,9.903532028198242,6.643970489501953,8.910405158996582,-1.1737375259399414,-80.60354614257812,0.0875609964132309
21457,1,9.97092342376709,6.95680046081543,2.6340954303741455,1.2972996234893799,-80.73539733886719,0.017434485256671906
21467,1,9.999935150146484,7.244206428527832,3.5747618675231934,1.119260311126709,-80.77932739257812,0.2564491033554077
21477,1,9.982366561889648,7.506100654602051,7.756081581115723,-0.376800000667572,-80.44973754882812,0.2601501941680908
21487,1,9.982366561889648,7.741747856140137,6.7240166664123535,0.1080523133277893,-80.44973754882812,0.1888549029827118
21497,1,9.911478042602539,7.9482245445251465,4.98293399810791,0.8625559210777283,-80.47169494628906,0.23657971620559692
21507,1,9.81039810180664,8.125435829162598,4.356286525726318,1.1991448402404785,-80.44973754882812,0.3524830937385559
21517,1,9.656289100646973,8.271113395690918,3.743931770324707,1.524013876914978,-80.42776489257812,0.47539955377578735
21527,1,9.445669174194336,8.386737823486328,3.558422565460205,1.6820425987243652,-80.38383483886719,0.6172114014625549
21537,1,9.215768814086914,8.46983528137207,4.151261329650879,1.535061240196228,-80.33984375,0.7171418070793152
21547,1,8.910905838012695,8.523066520690918,4.563419818878174,1.4371459484100342,-80.27395629882812,0.7788916826248169
21557,1,8.584470748901367,8.547174453735352,4.86391019821167,1.3684852123260498,-80.20805358886719,0.8201888203620911
21567,1,8.203948020935059,8.53580379486084,5.434714317321777,1.1800395250320435,-80.14210510253906,0.8468759655952454
21577,1,8.203948020935059,8.504223823547363,5.489133834838867,1.1825618743896484,-80.07620239257812,0.8351879119873047
21587,1,7.752008438110352,8.432640075683594,5.72695255279541,1.0896576642990112,-80.01029968261719,0.820578396320343
21597,1,7.338472366333008,8.328516006469727,6.0502119064331055,0.950021505355835,-79.94435119628906,0.7911641597747803
21607,1,6.884000778198242,8.191054344177246,5.97026252746582,0.9462509751319885,-79.90042114257812,0.7559056282043457
21617,1,6.388779640197754,8.01954460144043,5.881291389465332,0.9319263696670532,-79.83451843261719,0.7301928997039795
21627,1,5.8116374015808105,7.819984436035156,5.8370161056518555,0.8877601623535156,-79.79054260253906,0.7056484818458557
21637,1,5.252316951751709,7.585861682891846,5.537499904632568,0.9285839796066284,-79.74661254882812,0.6959088444709778
21647,1,4.64396858215332,7.328367233276367,5.137136459350586,0.9996276497840881,-79.72463989257812,0.6935713291168213
21657,1,4.064587116241455,7.039172172546387,4.926002502441406,0.9882829785346985,-79.65873718261719,0.6922077536582947
21667,1,3.372631549835205,6.728971481323242,5.110563278198242,0.8147386908531189,-79.61476135253906,0.6811040639877319
21677,1,2.7325148582458496,6.3968987464904785,5.183947563171387,0.6705856919288635,-79.57083129882812,0.6405870914459229
21687,1,2.7325148582458496,6.048186779022217,5.100254535675049,0.5904026627540588,-79.50492858886719,0.5990951657295227
21697,1,2.036665916442871,5.666441440582275,5.082528114318848,0.4547101855278015,-79.46099853515625,0.551369845867157
21707,1,1.4190871715545654,5.262252330780029,4.454592704772949,0.5426206588745117,-79.43898010253906,0.5092940330505371
21717,1,0.7040722966194153,4.828485012054443,3.727632761001587,0.657627522945404,-79.41700744628906,0.49078869819641113
21727,1,-0.028758132830262184,4.379652976989746,2.912752628326416,0.8039844632148743,-79.41700744628906,0.49974918365478516
21737,1,-0.68254154920578,3.909871816635132,2.278123378753662,0.8796906471252441,-79.41700744628906,0.5178654193878174
21747,1,-1.4121395349502563,3.4442384243011475,1.783873438835144,0.9033626317977905,-79.41700744628906,0.5435781478881836
21757,1,-2.0449609756469727,2.9452404975891113,1.3989510536193848,0.875636875629425,-79.41700744628906,0.560525119304657
21767,1,-2.777252435684204,2.455859899520874,1.0991735458374023,0.8152523040771484,-79.41700744628906,0.5687069296836853
21777,1,-3.420598030090332,1.9451243877410889,0.8657065629959106,0.7216312885284424,-79.41700744628906,0.5609146952629089
21787,1,-4.056708335876465,1.4219127893447876,0.6838822364807129,0.6007739305496216,-79.41700744628906,0.5385134816169739
21797,1,-4.056708335876465,0.9005534052848816,0.32622477412223816,0.5582797527313232,-79.41700744628906,0.5075408816337585
21807,1,-4.638906955718994,0.37340426445007324,0.03348606824874878,0.4728209674358368,-79.41700744628906,0.4666338562965393
21817,1,-5.267879486083984,-0.16343463957309723,-0.07781660556793213,0.31153345108032227,-79.41700744628906,0.4208569824695587
21827,1,-5.874121189117432,-0.6957966089248657,-0.4902585446834564,0.2626603841781616,-79.41700744628906,0.3668982982635498
21837,1,-6.403552055358887,-1.2194108963012695,-0.3721444010734558,0.0147167993709445,-79.43898010253906,0.3137192726135254
21847,1,-6.950344085693359,-1.7445894479751587,-0.5915458798408508,-0.11172852665185928,-79.46099853515625,0.24028128385543823
21857,1,-7.42214298248291,-2.258481979370117,-0.948380708694458,-0.18349289894104004,-79.48295593261719,0.13450662791728973
21867,1,-7.898887634277344,-2.7593088150024414,-1.1286022663116455,-0.32081493735313416,-79.50492858886719,0.029316861182451248
21877,1,-8.297544479370117,-3.2562978267669678,-1.4615592956542969,-0.3991401791572571,-79.52688598632812,-0.04606956988573074
21887,1,-8.297544479370117,-3.7360363006591797,-3.296221971511841,0.10511762648820877,-79.61476135253906,-0.07704217731952667
21897,1,-8.6816987991333,-4.206677436828613,-5.726659297943115,0.8589140772819519,-79.79054260253906,0.08775579184293747
21907,1,-8.982892990112305,-4.661194801330566,1.7361037731170654,-2.148183584213257,-79.52688598632812,-0.09905379265546799
21917,1,-9.265165328979492,-5.099320411682129,-7.766260147094727,1.235060453414917,-79.85649108886719,-0.07567862421274185
21927,1,-9.52556324005127,-5.515772819519043,-6.448142051696777,0.6447048783302307,-80.03227233886719,0.11522211879491806
21937,1,-9.703293800354004,-5.9110188484191895,4.910453796386719,-3.8660268783569336,-79.48295593261719,-0.26229289174079895
21947,1,-9.857865333557129,-6.280902862548828,-15.01200008392334,3.503974676132202,-80.33984375,-0.1043132022023201
21957,1,-9.945838928222656,-6.624744892120361,0.2154397964477539,-2.346524238586426,-79.85649108886719,-0.09905379265546799
21967,1,-9.996233940124512,-6.941786289215088,-8.500688552856445,0.7679471969604492,-80.14210510253906,-0.13080556690692902
21977,1,-9.992348670959473,-7.232378005981445,-5.0146074295043945,-0.6248390674591064,-80.1640625,-0.12885762751102448
21987,1,-9.992348670959473,-7.495025157928467,-7.660952568054199,0.26201677322387695,-80.29591369628906,-0.1409347951412201
21997,1,-9.931899070739746,-7.726926326751709,-5.371898174285889,-0.703464150428772,-80.25198364257812,-0.1880757361650467
22007,1,-9.82811450958252,-7.926883697509766,-4.401418209075928,-1.1732401847839355,-80.27395629882812,-0.31274479627609253
22017,1,-9.681525230407715,-8.096540451049805,-4.522485256195068,-1.2254582643508911,-80.31788635253906,-0.4454014301300049
22027,1,-9.453104972839355,-8.234068870544434,-3.5613183975219727,-1.678004503250122,-80.33984375,-0.5626678466796875
22037,1,-9.178380966186523,-8.339302062988281,-3.3846261501312256,-1.8297615051269531,-80.36186218261719,-0.7134401798248291
22047,1,-8.837678909301758,-8.41240406036377,-3.764237880706787,-1.7592219114303589,-80.40580749511719,-0.825448751449585
22057,1,-8.49928092956543,-8.446174621582031,-5.0953521728515625,-1.3077683448791504,-80.49366760253906,-0.8848611116409302
22067,1,-8.49928092956543,-8.451227188110352,-5.922450065612793,-1.0308059453964233,-80.58158874511719,-0.861290693283081
22077,1,-8.0823974609375,-8.416130065917969,-6.848676681518555,-0.6821812391281128,-80.66944885253906,-0.8014881610870361
22087,1,-7.662796974182129,-8.344440460205078,-7.018686771392822,-0.5992423295974731,-80.73539733886719,-0.7288293838500977
22097,1,-7.208106517791748,-8.236302375793457,-6.313832759857178,-0.8356761932373047,-80.80130004882812,-0.6888962984085083
22107,1,-6.664577960968018,-8.09666919708252,-5.57078218460083,-1.0801517963409424,-80.82325744628906,-0.6894806623458862
22117,1,-6.148875713348389,-7.92073917388916,-4.98960542678833,-1.2563024759292603,-80.8671875,-0.7222058773040771
22127,1,-5.537723541259766,-7.716533660888672,-4.339528560638428,-1.4525012969970703,-80.91117858886719,-0.7730484008789062
22137,1,-4.9367876052856445,-7.485628604888916,-4.297751426696777,-1.411298155784607,-80.95510864257812,-0.829344630241394
22147,1,-4.238751411437988,-7.229251861572266,-4.3505449295043945,-1.3194128274917603,-80.99903869628906,-0.8556416630744934
22157,1,-3.616161584854126,-6.932339191436768,-5.031113624572754,-0.970645010471344,-81.08695983886719,-0.8410322070121765
22167,1,-3.616161584854126,-6.616763114929199,-5.030178070068359,-0.8788663148880005,-81.15286254882812,-0.7890214323997498
22177,1,-2.8944528102874756,-6.262538433074951,-5.186981201171875,-0.6919885873794556,-81.19679260253906,-0.7352575063705444
22187,1,-2.2075042724609375,-5.876651287078857,-4.9638752937316895,-0.6338986158370972,-81.26274108886719,-0.6688320636749268
22197,1,-1.5643341541290283,-5.478035926818848,-4.765481948852539,-0.5616791844367981,-81.28471374511719,-0.6137046217918396
22207,1,-0.7735476493835449,-5.044798851013184,-3.9588422775268555,-0.7041610479354858,-81.30667114257812,-0.5757200121879578
22217,1,-0.10943111777305603,-4.587275981903076,-3.0991687774658203,-0.865868091583252,-81.32864379882812,-0.5741616487503052
22227,1,0.5704423189163208,-4.121560096740723,-2.5175302028656006,-0.9227504134178162,-81.32864379882812,-0.5897451043128967
22237,1,1.3425756692886353,-3.644782066345215,-1.9509845972061157,-0.9688596725463867,-81.32864379882812,-0.6045493483543396
22247,1,2.0725839138031006,-3.1415483951568604,-1.72195303440094,-0.8781504034996033,-81.32864379882812,-0.6140942573547363
22257,1,2.7678563594818115,-2.631591320037842,-1.3313888311386108,-0.8445367217063904,-81.32864379882812,-0.6096140146255493
22267,1,2.7678563594818115,-2.1177666187286377,-1.027217149734497,-0.7906384468078613,-81.32864379882812,-0.6018222570419312
22277,1,3.5235841274261475,-1.5809210538864136,-0.7903279066085815,-0.6833702921867371,-81.32864379882812,-0.5802002549171448
22287,1,4.14369535446167,-1.0361520051956177,-0.382764607667923,-0.6377121210098267,-81.32864379882812,-0.5445520877838135
22297,1,4.755782604217529,-0.4849768280982971,-0.18567021191120148,-0.5086119174957275,-81.30667114257812,-0.5170857906341553
22307,1,5.434512138366699,0.06593035906553268,0.05784362554550171,-0.3926822543144226,-81.30667114257812,-0.47462087869644165
22317,1,5.989729881286621,0.6195054054260254,0.38433539867401123,-0.3055810332298279,-81.30667114257812,-0.4194929301738739
22327,1,6.596709251403809,1.165897250175476,0.7604361176490784,-0.23725584149360657,-81.28471374511719,-0.3731311559677124
22337,1,7.093349456787109,1.7116292715072632,0.6092374324798584,0.03279938921332359,-81.28471374511719,-0.3069010078907013
22347,1,7.622930526733398,2.2342538833618164,1.1396446228027344,0.042132746428251266,-81.26274108886719,-0.2313208132982254
22357,1,8.05440616607666,2.755598306655884,1.3115782737731934,0.1868899166584015,-81.21876525878906,-0.1409347951412201
22367,1,8.428586959838867,3.2672557830810547,1.623534083366394,0.27525603771209717,-81.21876525878906,-0.03710909187793732
22377,1,8.778176307678223,3.765343427658081,2.323235273361206,0.21458753943443298,-81.15286254882812,0.023862656205892563
22387,1,8.778176307678223,4.242376804351807,4.077896595001221,-0.270645409822464,-81.04296875,-0.0016557408962398767
22397,1,9.113834381103516,4.705957412719727,2.1010921001434326,0.6624208092689514,-81.08695983886719,0.05074460431933403
22407,1,9.375293731689453,5.150303363800049,5.6244378089904785,-0.4862661063671112,-80.91117858886719,0.06574366986751556
22417,1,9.605597496032715,5.574281215667725,3.2910420894622803,0.547066867351532,-80.93315124511719,0.0010713618248701096
22427,1,9.792292594909668,5.972266674041748,3.3719635009765625,0.7065101265907288,-80.95510864257812,0.15827138721942902
22437,1,9.90916919708252,6.344776153564453,9.58840560913086,-1.5184069871902466,-80.60354614257812,0.023862656205892563
22447,1,9.983810424804688,6.688319683074951,-1.6950466632843018,2.8901777267456055,-81.02101135253906,0.22255460917949677
22457,1,9.99937629699707,7.002537727355957,9.874109268188477,-1.309627652168274,-80.58158874511719,0.16236254572868347
22467,1,9.956972122192383,7.286061763763428,5.505218029022217,0.4228799641132355,-80.62551879882812,0.1843741536140442
22477,1,9.859678268432617,7.538306713104248,5.596272945404053,0.49142470955848694,-80.55961608886719,0.23326823115348816
22487,1,9.859678268432617,7.759215354919434,4.846874237060547,0.8813371062278748,-80.55961608886719,0.27437007427215576
22497,1,9.710498809814453,7.9449052810668945,4.275944709777832,1.1979191303253174,-80.53765869140625,0.37722232937812805
22507,1,9.520679473876953,8.094857215881348,3.9598801136016846,1.4085882902145386,-80.515625,0.4828016757965088
22517,1,9.272457122802734,8.20691967010498,3.7279958724975586,1.5794594287872314,-80.47169494628906,0.6133155822753906
22527,1,8.942512512207031,8.282950401306152,3.842233657836914,1.6075748205184937,-80.44973754882812,0.7200636863708496
22537,1,8.611835479736328,8.326459884643555,4.062370300292969,1.5825995206832886,-80.38383483886719,0.8018777966499329
22547,1,8.177154541015625,8.336572647094727,4.462204933166504,1.4709234237670898,-80.33984375,0.8605114817619324
22557,1,7.7407026290893555,8.304287910461426,4.931831359863281,1.3133907318115234,-80.27395629882812,0.8762897253036499
22567,1,7.192162990570068,8.239794731140137,5.424074172973633,1.1287332773208618,-80.18608093261719,0.87531578540802
22577,1,7.192162990570068,8.140101432800293,6.000531196594238,0.9033201932907104,-80.12013244628906,0.8324608206748962
22587,1,6.592062473297119,7.9927873611450195,6.002227783203125,0.8599613308906555,-80.05424499511719,0.7835667133331299
22597,1,6.054542541503906,7.8083391189575195,6.269023895263672,0.7019708156585693,-79.98828125,0.7362315058708191
22607,1,5.383089065551758,7.589818000793457,5.542798042297363,0.9035372734069824,-79.96632385253906,0.6916233897209167
22617,1,4.78936243057251,7.334170818328857,4.597036361694336,1.1825982332229614,-79.94435119628906,0.6964932084083557
22627,1,4.073869228363037,7.050333499908447,4.2121124267578125,1.2432767152786255,-79.92239379882812,0.7286345958709717
22637,1,3.4228262901306152,6.741557598114014,4.114943981170654,1.1872711181640625,-79.87846374511719,0.75064617395401
22647,1,2.6472506523132324,6.410380840301514,4.3456220626831055,0.9921320080757141,-79.8125,0.7492826581001282
22657,1,1.9598547220230103,6.038660526275635,5.1221232414245605,0.5696921944618225,-79.74661254882812,0.7054536938667297
22667,1,1.285109043121338,5.637150287628174,5.147977352142334,0.4092879891395569,-79.68070983886719,0.6158478856086731
22677,1,0.6058636903762817,5.209548473358154,5.0491509437561035,0.2837120592594147,-79.63671875,0.5472791790962219
22687,1,0.6058636903762817,4.771449565887451,4.422765731811523,0.36895275115966797,-79.61476135253906,0.48767200112342834
22697,1,-0.2243800163269043,4.2960333824157715,3.454122304916382,0.5538352131843567,-79.59278869628906,0.45241397619247437
22707,1,-0.9232307076454163,3.799355983734131,2.699742078781128,0.6575478911399841,-79.59278869628906,0.4485180974006653
22717,1,-1.625747561454773,3.2830891609191895,2.112230062484741,0.6931492686271667,-79.59278869628906,0.45475149154663086
22727,1,-2.418250322341919,2.755021095275879,1.6546757221221924,0.6736066937446594,-79.59278869628906,0.45572546124458313
22737,1,-3.0999162197113037,2.210310459136963,1.2983319759368896,0.6109994053840637,-79.59278869628906,0.45708900690078735
22747,1,-3.861135721206665,1.6606454849243164,1.0208112001419067,0.5125628113746643,-79.59278869628906,0.4401420056819916
22757,1,-4.499157905578613,1.110161542892456,0.8046779036521912,0.3900030553340912,-79.59278869628906,0.4132600426673889
22767,1,-5.101798057556152,0.5527346134185791,0.6363530158996582,0.24364757537841797,-79.59278869628906,0.37118375301361084
22777,1,-5.802765369415283,0.0007547758286818862,0.4971497356891632,0.08146671205759048,-79.61476135253906,0.3158619999885559
22787,1,-6.3785881996154785,-0.5629250407218933,0.10711497068405151,0.008270525373518467,-79.61476135253906,0.2517740726470947
22797,1,-6.904961585998535,-1.1267813444137573,-0.1420835554599762,-0.11876063793897629,-79.63671875,0.18904970586299896
22807,1,-7.433343887329102,-1.6871103048324585,-0.8288916945457458,-0.08007624000310898,-79.65873718261719,0.0967162698507309
22817,1,-7.433343887329102,-2.233936309814453,-1.097720980644226,-0.1855335682630539,-79.68070983886719,0.02990124002099037
22827,1,-7.9013285636901855,-2.7732601165771484,-1.4365215301513672,-0.27345404028892517,-79.72463989257812,-0.02678505890071392
22837,1,-8.334678649902344,-3.3024988174438477,-2.934535503387451,0.08296208828687668,-79.79054260253906,-0.03146009147167206
22847,1,-8.752043724060059,-3.813462495803833,-3.7198867797851562,0.189533069729805,-79.87846374511719,0.018408451229333878
22857,1,-9.085164070129395,-4.309041976928711,-1.7200480699539185,-0.7653506398200989,-79.83451843261719,-0.06067905202507973
22867,1,-9.401554107666016,-4.775956153869629,-7.099088668823242,1.0849655866622925,-80.07620239257812,-0.006135981064289808
22877,1,-9.618807792663574,-5.228791236877441,-2.5142903327941895,-0.7934543490409851,-80.01029968261719,0.07353539019823074
22887,1,-9.810460090637207,-5.650350093841553,-0.7244235277175903,-1.6903382539749146,-79.85649108886719,-0.2048279345035553
22897,1,-9.925063133239746,-6.048505783081055,-12.390661239624023,2.589078903198242,-80.44973754882812,-0.0836651399731636
22907,1,-9.925063133239746,-6.4174089431762695,1.3482449054718018,-2.735703706741333,-79.94435119628906,-0.17346523702144623
22917,1,-9.992501258850098,-6.757623195648193,-10.528600692749023,1.5740689039230347,-80.36186218261719,-0.09652148187160492
22927,1,-9.994488716125488,-7.065650939941406,-4.434501647949219,-0.8048616647720337,-80.27395629882812,-0.0639905333518982
22937,1,-9.941801071166992,-7.339352607727051,-8.449735641479492,0.5881478190422058,-80.40580749511719,-0.0776265561580658
22947,1,-9.8213529586792,-7.5777482986450195,-4.937657356262207,-0.8259948492050171,-80.36186218261719,-0.15476511418819427
22957,1,-9.65951919555664,-7.778811931610107,-4.617392063140869,-1.0385594367980957,-80.40580749511719,-0.2496313601732254
22967,1,-9.415390968322754,-7.948210716247559,-4.368497848510742,-1.2238044738769531,-80.44973754882812,-0.3546258211135864
22977,1,-9.145247459411621,-8.077237129211426,-4.142340660095215,-1.3900812864303589,-80.47169494628906,-0.4720880687236786
22987,1,-8.775097846984863,-8.171544075012207,-3.952773094177246,-1.532317042350769,-80.49366760253906,-0.5916930437088013
22997,1,-8.413570404052734,-8.214803695678711,-3.851325511932373,-1.6270246505737305,-80.53765869140625,-0.7085703611373901
23007,1,-7.995349884033203,-8.225435256958008,-4.168776988983154,-1.549281120300293,-80.58158874511719,-0.7905797958374023
23017,1,-7.552444934844971,-8.194771766662598,-4.766202926635742,-1.3467551469802856,-80.64747619628906,-0.8556416630744934
23027,1,-7.552444934844971,-8.133646965026855,-5.026426315307617,-1.2643589973449707,-80.71343994140625,-0.8671344518661499
23037,1,-6.985528945922852,-8.024388313293457,-5.375518321990967,-1.1136343479156494,-80.77932739257812,-0.861680269241333
23047,1,-6.4375715255737305,-7.873383522033691,-5.449972629547119,-1.0484471321105957,-80.84523010253906,-0.8324612975120544
23057,1,-5.848180294036865,-7.680659770965576,-5.7904157638549805,-0.8623325824737549,-80.88922119140625,-0.7913589477539062
23067,1,-5.1553053855896,-7.453003406524658,-5.888087749481201,-0.7486259341239929,-80.95510864257812,-0.7393481731414795
23077,1,-4.524755001068115,-7.1858696937561035,-4.971803665161133,-1.0052932500839233,-80.97708129882812,-0.7023370265960693
23087,1,-3.760558605194092,-6.888128280639648,-4.39116907119751,-1.1284780502319336,-80.99903869628906,-0.7186996340751648
23097,1,-3.090437173843384,-6.551475524902344,-3.6332497596740723,-1.3111984729766846,-81.02101135253906,-0.7566847801208496
23107,1,-2.2722208499908447,-6.190031051635742,-3.0406301021575928,-1.4226579666137695,-81.02101135253906,-0.7999298572540283
23117,1,-1.4982341527938843,-5.801876544952393,-2.860288143157959,-1.371752381324768,-81.06500244140625,-0.8511614203453064
23127,1,-0.7172521352767944,-5.376866340637207,-3.1574997901916504,-1.1206897497177124,-81.08695983886719,-0.8501874804496765
23137,1,-0.7172521352767944,-4.933445930480957,-3.5406603813171387,-0.8396146297454834,-81.15286254882812,-0.8049944639205933
23147,1,0.01728915423154831,-4.462320804595947,-3.9491543769836426,-0.5127401351928711,-81.19679260253906,-0.727660596370697
23157,1,0.8042948246002197,-3.9611353874206543,-4.199166297912598,-0.22406648099422455,-81.24078369140625,-0.6226651072502136
23167,1,1.6558589935302734,-3.442173480987549,-3.4796717166900635,-0.2906097173690796,-81.26274108886719,-0.528189480304718
23177,1,2.3803489208221436,-2.9013304710388184,-2.696037530899048,-0.379173219203949,-81.24078369140625,-0.46546509861946106
23187,1,3.1739954948425293,-2.352494239807129,-1.7762079238891602,-0.5188202261924744,-81.24078369140625,-0.4346877932548523
23197,1,3.8563132286071777,-1.7868444919586182,-1.3736424446105957,-0.46048471331596375,-81.24078369140625,-0.41540226340293884
23207,1,4.503951549530029,-1.2244328260421753,-0.8824370503425598,-0.4358009696006775,-81.24078369140625,-0.38852083683013916
23217,1,5.257613182067871,-0.6643818020820618,-0.36618420481681824,-0.4192340672016144,-81.24078369140625,-0.3729363679885864
23227,1,5.257613182067871,-0.10082965344190598,-0.04838542267680168,-0.34073489904403687,-81.21876525878906,-0.3417694866657257
23237,1,6.527088165283203,0.48733335733413696,0.18289297819137573,-0.1890830099582672,-81.21876525878906,-0.30495309829711914
23247,1,6.527088165283203,1.0620918273925781,0.4318951666355133,-0.07287387549877167,-81.21876525878906,-0.257228285074234
23257,1,7.053923606872559,1.6322901248931885,0.3767533302307129,0.17256321012973785,-81.19679260253906,-0.19352994859218597
23267,1,7.592782020568848,2.1995060443878174,0.8795820474624634,0.20929265022277832,-81.17481994628906,-0.0752890333533287
23277,1,8.056612968444824,2.7568836212158203,1.1561416387557983,0.3311678469181061,-81.13088989257812,0.017044899985194206
23287,1,8.527737617492676,3.297441244125366,3.1016321182250977,-0.18997877836227417,-81.04296875,0.022693898528814316
23297,1,8.8875732421875,3.8228352069854736,1.958315134048462,0.44275885820388794,-81.04296875,0.020161587744951248
23307,1,9.248252868652344,4.325812816619873,3.5768394470214844,0.041324976831674576,-80.97708129882812,0.1027548536658287
23317,1,9.503610610961914,4.804257392883301,4.91912841796875,-0.29710012674331665,-80.84523010253906,-0.01723918505012989
23327,1,9.736085891723633,5.2560625076293945,0.5222970843315125,1.5615373849868774,-81.02101135253906,0.18378977477550507
23337,1,9.879693031311035,5.68523645401001,9.356012344360352,-1.6048511266708374,-80.64747619628906,0.07821042835712433
23347,1,9.879693031311035,6.084392070770264,1.3161201477050781,1.5503108501434326,-80.82325744628906,0.0076943254098296165
23357,1,9.976609230041504,6.454785346984863,1.9359955787658691,1.538464903831482,-80.88922119140625,0.2856680750846863
23367,1,9.999617576599121,6.79211950302124,8.753610610961914,-0.9350792169570923,-80.44973754882812,0.3028103709220886
23377,1,9.964670181274414,7.094027519226074,6.741859436035156,-0.06429668515920639,-80.49366760253906,0.13762332499027252
23387,1,9.8557767868042,7.358833312988281,4.713728904724121,0.8103902339935303,-80.515625,0.19878935813903809
23397,1,9.703314781188965,7.584726333618164,4.589187145233154,0.9635084867477417,-80.47169494628906,0.28664204478263855
23407,1,9.460143089294434,7.772174835205078,4.0169172286987305,1.2785310745239258,-80.44973754882812,0.3922218978404999
23417,1,9.187297821044922,7.92210578918457,3.762568712234497,1.4647691249847412,-80.42776489257812,0.5104628205299377
23427,1,8.810583114624023,8.027731895446777,3.9916369915008545,1.4537062644958496,-80.40580749511719,0.6285094022750854
23437,1,8.400452613830566,8.094107627868652,3.481708526611328,1.7106631994247437,-80.36186218261719,0.7299981117248535
23447,1,8.400452613830566,8.123259544372559,4.2463698387146,1.4810144901275635,-80.31788635253906,0.8135658502578735
23457,1,7.924522876739502,8.10434627532959,4.684805393218994,1.3392488956451416,-80.25198364257812,0.8459020256996155
23467,1,7.42011022567749,8.039231300354004,5.05482816696167,1.2011020183563232,-80.18608093261719,0.8486291170120239
23477,1,6.882987976074219,7.929198265075684,5.087512969970703,1.1706546545028687,-80.14210510253906,0.8410322070121765
23487,1,6.220290660858154,7.778685569763184,4.996483325958252,1.1676080226898193,-80.07620239257812,0.8347983360290527
23497,1,5.627486705780029,7.584808826446533,4.962822437286377,1.1289774179458618,-80.03227233886719,0.829538881778717
23507,1,4.993043899536133,7.361599445343018,4.6988325119018555,1.1643667221069336,-79.98828125,0.8110335469245911
23517,1,4.218329429626465,7.091085433959961,4.622237682342529,1.1085712909698486,-79.94435119628906,0.7989558577537537
23527,1,3.5321693420410156,6.790802001953125,4.638319492340088,1.0070641040802002,-79.90042114257812,0.7825927734375
23537,1,2.6841607093811035,6.447451114654541,4.639441967010498,0.888197660446167,-79.85649108886719,0.7529836893081665
23547,1,1.9531034231185913,6.074851036071777,4.796523094177246,0.697446882724762,-79.8125,0.7107136249542236
23557,1,1.1966129541397095,5.667636394500732,4.359999656677246,0.7158141136169434,-79.76856994628906,0.667273759841919
23567,1,0.3727935552597046,5.22584867477417,3.5972416400909424,0.8440002799034119,-79.76856994628906,0.639418363571167
23577,1,0.3727935552597046,4.764019012451172,2.8112034797668457,0.9969657063484192,-79.74661254882812,0.6401975154876709
23587,1,-0.4105532467365265,4.27159309387207,2.3145854473114014,1.013983130455017,-79.72463989257812,0.6509111523628235
23597,1,-1.1903241872787476,3.7518224716186523,2.216465950012207,0.867851972579956,-79.70266723632812,0.6419506669044495
23607,1,-2.0832908153533936,3.212860584259033,2.354849338531494,0.6191233396530151,-79.68070983886719,0.6174061894416809
23617,1,-2.9540064334869385,2.658158540725708,2.2481906414031982,0.4493531286716461,-79.65873718261719,0.5583823919296265
23627,1,-3.777510166168213,2.0917999744415283,1.9876916408538818,0.33187270164489746,-79.65873718261719,0.5079305171966553
23637,1,-4.5068840980529785,1.518818736076355,1.557685136795044,0.274969220161438,-79.65873718261719,0.4407263696193695
23647,1,-4.5068840980529785,0.9453973174095154,1.218531847000122,0.1977766454219818,-79.65873718261719,0.3807286024093628
23657,1,-5.2760725021362305,0.35334649682044983,0.9586628079414368,0.06363547593355179,-79.65873718261719,0.31995266675949097
23667,1,-5.926125526428223,-0.24422411620616913,0.31019479036331177,0.07413505017757416,-79.68070983886719,0.25528034567832947
23677,1,-6.556267261505127,-0.8448941707611084,0.22314277291297913,-0.12919950485229492,-79.70266723632812,0.19995811581611633
23687,1,-7.176233291625977,-1.4360682964324951,-0.8228597044944763,0.03211120888590813,-79.74661254882812,0.1035340279340744
23697,1,-7.699180603027344,-2.0225226879119873,-0.7505617141723633,-0.2260381281375885,-79.74661254882812,0.055809225887060165
23707,1,-8.160341262817383,-2.5981838703155518,-0.9837791919708252,-0.36759668588638306,-79.79054260253906,-0.014512082561850548
23717,1,-8.642768859863281,-3.146409511566162,-2.914515256881714,0.14071017503738403,-79.87846374511719,-0.04373205453157425
23727,1,-9.055071830749512,-3.677621603012085,-3.5932700634002686,0.20630815625190735,-79.96632385253906,0.060484256595373154
23737,1,-9.365340232849121,-4.195497035980225,-0.5348435044288635,-1.1656229496002197,-79.83451843261719,-0.12087061256170273
23747,1,-9.365340232849121,-4.687472343444824,-8.485392570495605,1.6548689603805542,-80.18608093261719,-0.011395393870770931
23757,1,-9.639416694641113,-5.158710956573486,-2.975172519683838,-0.5639644861221313,-80.12013244628906,0.1043132022023201
23767,1,-9.811999320983887,-5.6015305519104,2.0763099193573,-2.716719388961792,-79.8125,-0.23073643445968628
23777,1,-9.937995910644531,-6.014200210571289,-14.403409957885742,3.365668535232544,-80.58158874511719,-0.10742989182472229
23787,1,-9.997702598571777,-6.392189979553223,1.1573771238327026,-2.631561517715454,-80.05424499511719,-0.09028810262680054
23797,1,-9.984575271606445,-6.7342915534973145,-8.279518127441406,0.7391583919525146,-80.33984375,-0.14833693206310272
23807,1,-9.89669418334961,-7.038479328155518,-5.503196716308594,-0.37478646636009216,-80.42776489257812,-0.04567998647689819
23817,1,-9.752345085144043,-7.30206823348999,-8.170148849487305,0.5176475644111633,-80.515625,-0.06028946489095688
23827,1,-9.512690544128418,-7.530497074127197,-4.467859268188477,-0.9631873965263367,-80.47169494628906,-0.13353267312049866
23837,1,-9.233681678771973,-7.713602542877197,-4.538461685180664,-1.020639419555664,-80.53765869140625,-0.25917622447013855
23847,1,-9.233681678771973,-7.858257293701172,-4.156986236572266,-1.252953290939331,-80.55961608886719,-0.35657376050949097
23857,1,-8.873839378356934,-7.954901218414307,-4.062376976013184,-1.3584693670272827,-80.58158874511719,-0.48221781849861145
23867,1,-8.482856750488281,-8.00514030456543,-3.4612441062927246,-1.6431753635406494,-80.60354614257812,-0.6115618944168091
23877,1,-8.020545959472656,-8.006606101989746,-3.4245872497558594,-1.6979141235351562,-80.64747619628906,-0.7303876876831055
23887,1,-7.451782703399658,-7.964203834533691,-3.4892611503601074,-1.6969711780548096,-80.69140625,-0.8291498422622681
23897,1,-6.9107890129089355,-7.873847961425781,-4.362215518951416,-1.3696513175964355,-80.75736999511719,-0.8926528692245483
23907,1,-6.229075908660889,-7.7554707527160645,-4.915487766265869,-1.141083836555481,-80.82325744628906,-0.8953799605369568
23917,1,-5.595113754272461,-7.585358142852783,-5.29379415512085,-0.951646089553833,-80.88922119140625,-0.8453176617622375
23927,1,-4.817719459533691,-7.380568504333496,-5.000978469848633,-0.9974403381347656,-80.93315124511719,-0.8047996759414673
23937,1,-4.1005096435546875,-7.1224799156188965,-4.916452407836914,-0.9476339817047119,-80.95510864257812,-0.7870734930038452
23947,1,-4.1005096435546875,-6.834901809692383,-4.3347673416137695,-1.0911250114440918,-80.97708129882812,-0.7625285387039185
23957,1,-3.2464070320129395,-6.493411540985107,-3.7634809017181396,-1.1962541341781616,-80.99903869628906,-0.7742171883583069
23967,1,-2.4825873374938965,-6.111731052398682,-3.5768327713012695,-1.1438320875167847,-81.02101135253906,-0.7829828262329102
23977,1,-1.7028759717941284,-5.692173957824707,-3.477250099182129,-1.041839838027954,-81.04296875,-0.7728525996208191
23987,1,-0.804198145866394,-5.243448734283447,-3.2540440559387207,-0.9711264967918396,-81.06500244140625,-0.7574639320373535
23997,1,-0.0011781713692471385,-4.774234771728516,-2.947683095932007,-0.9244431853294373,-81.08695983886719,-0.7395429611206055
24007,1,0.9033477306365967,-4.284551620483398,-2.629849433898926,-0.8707799911499023,-81.10893249511719,-0.7157776951789856
24017,1,1.7046923637390137,-3.75943660736084,-2.2194340229034424,-0.840128481388092,-81.10893249511719,-0.6968827843666077
24027,1,2.4610607624053955,-3.2097980976104736,-1.9312461614608765,-0.7539755702018738,-81.13088989257812,-0.6698060631752014
24037,1,3.2205779552459717,-2.6403632164001465,-1.49844229221344,-0.7120681405067444,-81.13088989257812,-0.6359120607376099
24047,1,4.068267345428467,-2.0658352375030518,-1.1573184728622437,-0.62967449426651,-81.13088989257812,-0.6008483171463013
24057,1,4.772541046142578,-1.4681527614593506,-0.8916510343551636,-0.510612964630127,-81.13088989257812,-0.5566292405128479
24067,1,4.772541046142578,-0.8742726445198059,-0.4939131736755371,-0.4559890925884247,-81.13088989257812,-0.5081253051757812
24077,1,5.542431831359863,-0.26364272832870483,-0.3749906122684479,-0.2685784697532654,-81.10893249511719,-0.4506608247756958
24087,1,6.2099409103393555,0.352400004863739,-0.09194299578666687,-0.1387406885623932,-81.10893249511719,-0.3807291090488434
24097,1,6.807354927062988,0.9666698575019836,0.31463539600372314,-0.0561969093978405,-81.08695983886719,-0.3160562813282013
24107,1,7.447680473327637,1.571714997291565,0.5168705582618713,0.10557859390974045,-81.08695983886719,-0.24748863279819489
24117,1,7.976937770843506,2.161708354949951,0.8253652453422546,0.22291189432144165,-81.06500244140625,-0.1576870083808899
24127,1,8.487264633178711,2.7448196411132812,1.2211923599243164,0.30654677748680115,-81.02101135253906,-0.043147675693035126
24137,1,8.88818073272705,3.3146328926086426,1.6149135828018188,0.3888623118400574,-80.99903869628906,0.05541963875293732
24147,1,9.26578140258789,3.8525025844573975,3.063629627227783,0.05691837891936302,-80.93315124511719,0.08113232254981995
24157,1,9.545645713806152,4.373185157775879,3.183751344680786,0.21106204390525818,-80.88922119140625,0.07061349600553513
24167,1,9.545645713806152,4.865410327911377,3.300784111022949,0.36173781752586365,-80.8671875,0.14132438600063324
24177,1,9.787013053894043,5.333763122558594,6.071234226226807,-0.5093472599983215,-80.69140625,0.060484256595373154
24187,1,9.922574996948242,5.77044677734375,1.8040238618850708,1.270288348197937,-80.80130004882812,0.10723509639501572
24197,1,9.989693641662598,6.171960830688477,5.999234199523926,-0.1325199007987976,-80.64747619628906,0.15495990216732025
24207,1,9.988874435424805,6.535202980041504,6.92249870300293,-0.37884649634361267,-80.44973754882812,-0.004967222921550274
24217,1,9.920328140258789,6.858592510223389,-0.24522441625595093,2.491671085357666,-80.75736999511719,0.28430452942848206
24227,1,9.762740135192871,7.140778541564941,10.206411361694336,-1.3362311124801636,-80.27395629882812,0.2496313601732254
24237,1,9.547607421875,7.377761363983154,6.329757213592529,0.20386359095573425,-80.36186218261719,0.1742449253797531
24247,1,9.236623764038086,7.578091621398926,5.0182905197143555,0.7820659279823303,-80.33984375,0.23093071579933167
24257,1,8.89178466796875,7.729092597961426,4.080564498901367,1.2166571617126465,-80.33984375,0.32930272817611694
24267,1,8.89178466796875,7.839738368988037,3.5975053310394287,1.4820494651794434,-80.29591369628906,0.46098485589027405
24277,1,8.418659210205078,7.894826889038086,3.5236430168151855,1.5678967237472534,-80.27395629882812,0.5971472263336182
24287,1,7.943564414978027,7.899466514587402,3.7279059886932373,1.5298562049865723,-80.23002624511719,0.6939609050750732
24297,1,7.422863483428955,7.8541107177734375,3.8566665649414062,1.5002590417861938,-80.1640625,0.7763593792915344
24307,1,6.750087261199951,7.76134729385376,3.97056245803833,1.453274130821228,-80.12013244628906,0.8349931240081787
24317,1,6.149304389953613,7.618923187255859,4.403884410858154,1.2646123170852661,-80.07620239257812,0.8534989356994629
24327,1,5.396702289581299,7.435242652893066,4.458341121673584,1.1978206634521484,-80.01029968261719,0.8503822684288025
24337,1,4.675008773803711,7.212951183319092,4.564792633056641,1.094534158706665,-79.96632385253906,0.8353831768035889
24347,1,3.8503432273864746,6.939098358154297,4.382266521453857,1.0765738487243652,-79.92239379882812,0.811617910861969
24357,1,3.041332244873047,6.62914514541626,4.326465129852295,0.9962412714958191,-79.90042114257812,0.7942808270454407
24367,1,3.041332244873047,6.287719249725342,3.8462979793548584,1.0832374095916748,-79.87846374511719,0.7749958038330078
24377,1,2.1314852237701416,5.892201900482178,4.006315231323242,0.8866316676139832,-79.83451843261719,0.7566847801208496
24387,1,1.2957383394241333,5.4547905921936035,3.635927677154541,0.8717944622039795,-79.8125,0.7089599370956421
24397,1,0.4804140031337738,4.981415271759033,3.139582395553589,0.8921673893928528,-79.79054260253906,0.6814936399459839
24407,1,-0.46871981024742126,4.4801154136657715,2.7950382232666016,0.8432626724243164,-79.76856994628906,0.6655206084251404
24417,1,-1.2946878671646118,3.945667028427124,2.4193367958068848,0.7951708436012268,-79.76856994628906,0.6481840014457703
24427,1,-2.207775831222534,3.3938076496124268,2.094470500946045,0.7175808548927307,-79.74661254882812,0.6230552196502686
24437,1,-3.0082991123199463,2.8141281604766846,1.640844464302063,0.6792295575141907,-79.74661254882812,0.5928617715835571
24447,1,-3.877753257751465,2.2259600162506104,1.2875601053237915,0.5964481830596924,-79.74661254882812,0.5616943836212158
24457,1,-4.682600975036621,1.6291781663894653,1.0124220848083496,0.4793972969055176,-79.74661254882812,0.5221508741378784
24467,1,-4.682600975036621,1.0285335779190063,0.7981444597244263,0.351995587348938,-79.74661254882812,0.4703349173069
24477,1,-5.491483211517334,0.4080720543861389,0.46922531723976135,0.23885394632816315,-79.74661254882812,0.4103376567363739
24487,1,-6.174966812133789,-0.2183866798877716,0.13632728159427643,0.12343473732471466,-79.76856994628906,0.3466393053531647
24497,1,-6.808980941772461,-0.8455643653869629,-0.2932812571525574,0.04216587916016579,-79.79054260253906,0.2726169228553772
24507,1,-7.473474502563477,-1.4641469717025757,-0.4242538809776306,-0.1510913074016571,-79.8125,0.21710041165351868
24517,1,-8.001904487609863,-2.0667834281921387,-1.2974563837051392,-0.05776343122124672,-79.83451843261719,0.10996220260858536
24527,1,-8.53797721862793,-2.6628026962280273,-1.4310342073440552,-0.24305924773216248,-79.85649108886719,0.04567998647689819
24537,1,-8.943270683288574,-3.2377912998199463,-1.955215334892273,-0.2720937430858612,-79.87846374511719,-0.022303804755210876
24547,1,-9.318358421325684,-3.7954468727111816,-3.1515049934387207,-0.0417729951441288,-79.96632385253906,-0.05425088107585907
24557,1,-9.609537124633789,-4.32678747177124,-4.922643661499023,0.4360736608505249,-80.07620239257812,0.03282313793897629
24567,1,-9.609537124633789,-4.8295063972473145,-1.2189412117004395,-1.1561429500579834,-79.96632385253906,-0.06808118522167206
24577,1,-9.821745872497559,-5.304581165313721,-7.3858160972595215,0.9812086224555969,-80.20805358886719,-0.043926846235990524
24587,1,-9.947300910949707,-5.746395587921143,-6.935238361358643,0.6897376179695129,-80.33984375,0.1650896519422531
24597,1,-9.998197555541992,-6.151007175445557,4.331326961517334,-3.7671525478363037,-79.87846374511719,-0.28118833899497986
24607,1,-9.970539093017578,-6.514990329742432,-14.207839965820312,3.063417911529541,-80.58158874511719,-0.047043535858392715
24617,1,-9.87247085571289,-6.83629035949707,-3.1537742614746094,-1.1737949848175049,-80.33984375,0.024057449772953987
24627,1,-9.6694974899292,-7.113401889801025,-5.056272506713867,-0.6107596755027771,-80.33984375,-0.16625790297985077
24637,1,-9.427817344665527,-7.347169876098633,-6.487529277801514,-0.12271377444267273,-80.58158874511719,-0.08834017068147659
24647,1,-9.060513496398926,-7.53789758682251,-8.190308570861816,0.43888795375823975,-80.64747619628906,-0.08035365492105484
24657,1,-8.667318344116211,-7.675008296966553,-5.486573696136475,-0.6351021528244019,-80.58158874511719,-0.14970049262046814
24667,1,-8.667318344116211,-7.7694411277771,-4.543403625488281,-1.050618052482605,-80.62551879882812,-0.2589814066886902
24677,1,-8.142413139343262,-7.804935932159424,-3.8269870281219482,-1.3609477281570435,-80.64747619628906,-0.3813134729862213
24687,1,-7.608271598815918,-7.786218643188477,-3.8076322078704834,-1.3934242725372314,-80.69140625,-0.509878396987915
24697,1,-7.027616024017334,-7.714025974273682,-3.4309799671173096,-1.5434819459915161,-80.69140625,-0.6273411512374878
24707,1,-6.3172383308410645,-7.594088554382324,-2.6693620681762695,-1.824309229850769,-80.71343994140625,-0.745971143245697
24717,1,-5.637406349182129,-7.420314311981201,-3.1861658096313477,-1.6034555435180664,-80.77932739257812,-0.843759298324585
24727,1,-4.814494609832764,-7.2027268409729,-3.8686604499816895,-1.2944834232330322,-80.82325744628906,-0.8819392323493958
24737,1,-4.056930065155029,-6.945751667022705,-4.0895233154296875,-1.1380929946899414,-80.8671875,-0.870640754699707
24747,1,-3.154062271118164,-6.635440826416016,-4.252882480621338,-0.9758138656616211,-80.93315124511719,-0.8379154801368713
24757,1,-2.2906417846679688,-6.287046432495117,-4.077574253082275,-0.9241234064102173,-80.95510864257812,-0.7960339784622192
24767,1,-2.2906417846679688,-5.906737327575684,-4.0769877433776855,-0.8123890161514282,-80.99903869628906,-0.7611650228500366
24777,1,-1.3083207607269287,-5.46914005279541,-3.3574929237365723,-0.9277479648590088,-80.99903869628906,-0.7167516946792603
24787,1,-0.4747866690158844,-4.9938645362854,-2.6051480770111084,-1.0496892929077148,-80.99903869628906,-0.7136350274085999
24797,1,0.3754565417766571,-4.482905864715576,-2.019221544265747,-1.0978217124938965,-80.99903869628906,-0.7177256345748901
24807,1,1.3654457330703735,-3.9444572925567627,-1.5885910987854004,-1.0743324756622314,-80.99903869628906,-0.7266866564750671
24817,1,2.1915485858917236,-3.3756396770477295,-1.4435789585113525,-0.9330430626869202,-80.99903869628906,-0.7185048460960388
24827,1,3.026977062225342,-2.7972002029418945,-1.1145908832550049,-0.8537954688072205,-80.99903869628906,-0.6964932084083557
24837,1,3.944648265838623,-2.2069740295410156,-0.8583747148513794,-0.7377950549125671,-80.99903869628906,-0.666884183883667
24847,1,4.840749740600586,-1.6038262844085693,-0.5508070588111877,-0.633480966091156,-80.99903869628906,-0.6234453320503235
24857,1,5.604228496551514,-0.9754260778427124,-0.2651628851890564,-0.5117049813270569,-80.99903869628906,-0.5745512247085571
24867,1,5.604228496551514,-0.3492894172668457,-0.19683970510959625,-0.3203011453151703,-80.99903869628906,-0.5128003358840942
24877,1,6.341221332550049,0.2873966097831726,0.05186285078525543,-0.17239819467067719,-80.97708129882812,-0.44033679366111755
24887,1,6.96644926071167,0.9229921698570251,0.2994372248649597,-0.022589875385165215,-80.97708129882812,-0.3616383671760559
24897,1,7.605599880218506,1.5589261054992676,0.8701870441436768,0.008853033185005188,-80.93315124511719,-0.28722691535949707
24907,1,8.223671913146973,2.1818625926971436,1.3786840438842773,0.05995989590883255,-80.93315124511719,-0.21593114733695984
24917,1,8.748104095458984,2.7773799896240234,1.572546124458313,0.2213573455810547,-80.91117858886719,-0.12593573331832886
24927,1,9.18316650390625,3.35418438911438,1.9110640287399292,0.3225058317184448,-80.88922119140625,-0.017433978617191315
24937,1,9.490453720092773,3.9149701595306396,2.0245201587677,0.5031326413154602,-80.8671875,0.0624321885406971
24947,1,9.737913131713867,4.450448513031006,3.2456166744232178,0.26001670956611633,-80.80130004882812,0.1477525532245636
24957,1,9.737913131713867,4.953616619110107,6.138747692108154,-0.655630886554718,-80.62551879882812,0.03691378980875015
24967,1,9.904923439025879,5.424796104431152,0.3736463785171509,1.7038887739181519,-80.80130004882812,0.11775442957878113
24977,1,9.985430717468262,5.858797550201416,6.304590225219727,-0.33420947194099426,-80.60354614257812,0.16840113699436188
24987,1,9.995250701904297,6.2524333000183105,10.000879287719727,-1.6412293910980225,-80.27395629882812,-0.0784057229757309
24997,1,9.921363830566406,6.601579189300537,-5.658592700958252,4.438512325286865,-80.88922119140625,0.3203422427177429
25007,1,9.749773979187012,6.904305458068848,13.363408088684082,-2.5769894123077393,-80.23002624511719,0.12009194493293762
25017,1,9.52510929107666,7.157814025878906,4.6508331298828125,0.7429887056350708,-80.33984375,0.018603242933750153
25027,1,9.167213439941406,7.369058132171631,4.606447219848633,0.8826892375946045,-80.38383483886719,0.2137889266014099
25037,1,8.794888496398926,7.525574207305908,6.513492107391357,0.19786180555820465,-80.14210510253906,0.19995811581611633
25047,1,8.359636306762695,7.62101936340332,6.367709159851074,0.2951248586177826,-80.09817504882812,0.23268385231494904
25057,1,7.758754730224609,7.6794114112854,5.137363910675049,0.7919275760650635,-80.12013244628906,0.27904510498046875
25067,1,7.758754730224609,7.686962127685547,4.364687919616699,1.120211124420166,-80.09817504882812,0.36495035886764526
25077,1,7.075697422027588,7.628793716430664,3.7164418697357178,1.36830472946167,-80.09817504882812,0.46546509861946106
25087,1,6.454906463623047,7.517085075378418,3.116910457611084,1.5872246026992798,-80.05424499511719,0.5846799612045288
25097,1,5.6713948249816895,7.38528299331665,3.0020267963409424,1.6157498359680176,-80.03227233886719,0.7050641179084778
25107,1,4.793051719665527,7.17103385925293,3.019446611404419,1.5629230737686157,-80.01029968261719,0.7933068871498108
25117,1,4.015305042266846,6.899447917938232,3.2760374546051025,1.3972727060317993,-79.96632385253906,0.8408374190330505
25127,1,3.0693740844726562,6.587895393371582,3.572946071624756,1.1911078691482544,-79.92239379882812,0.852330207824707
25137,1,2.214968204498291,6.21956205368042,3.8340871334075928,0.9734854698181152,-79.87846374511719,0.8264222145080566
25147,1,1.2031993865966797,5.8184404373168945,4.021629333496094,0.761740505695343,-79.83451843261719,0.7806448340415955
25157,1,0.33650341629981995,5.3620805740356445,3.8007519245147705,0.6822677254676819,-79.8125,0.7181157469749451
25167,1,0.33650341629981995,4.883833885192871,3.151226282119751,0.7752235531806946,-79.8125,0.6694164872169495
25177,1,-0.6802440881729126,4.354342460632324,2.463846445083618,0.8443396091461182,-79.79054260253906,0.6493527889251709
25187,1,-1.5300551652908325,3.7943687438964844,1.9285145998001099,0.8497915267944336,-79.79054260253906,0.6337688565254211
25197,1,-2.390232563018799,3.2058260440826416,1.5115978717803955,0.7991065979003906,-79.79054260253906,0.621107280254364
25207,1,-3.3353543281555176,2.600625991821289,1.1869028806686401,0.7033578753471375,-79.79054260253906,0.5981212258338928
25217,1,-4.389618396759033,1.9944043159484863,0.7123104333877563,0.6580238938331604,-79.8125,0.5659798383712769
25227,1,-5.178294658660889,1.3559600114822388,0.56441730260849,0.4814867079257965,-79.8125,0.5320853590965271
25237,1,-5.908270835876465,0.7055209875106812,0.22210811078548431,0.37028414011001587,-79.8125,0.4703349173069
25247,1,-6.600637912750244,0.06242598965764046,-0.26520466804504395,0.3145569860935211,-79.8125,0.4208569824695587
25257,1,-7.220062732696533,-0.5959360599517822,-0.4357336163520813,0.1331365555524826,-79.83451843261719,0.37118375301361084
25267,1,-7.875043869018555,-1.239274263381958,-0.751248300075531,0.006256775464862585,-79.83451843261719,0.3100177049636841
25277,1,-7.875043869018555,-1.8707512617111206,-0.8009809851646423,-0.20882496237754822,-79.85649108886719,0.22645047307014465
25287,1,-8.469267845153809,-2.498682975769043,-1.4655791521072388,-0.20512548089027405,-79.90042114257812,0.1058715432882309
25297,1,-8.894651412963867,-3.10733962059021,-1.8817615509033203,-0.28830626606941223,-79.94435119628906,0.008278705179691315
25307,1,-9.314188003540039,-3.6903302669525146,-2.372845411300659,-0.3344178795814514,-79.98828125,-0.055809225887060165
25317,1,-9.610243797302246,-4.242751598358154,-5.222225666046143,0.5353131294250488,-80.12013244628906,-0.008863084018230438
25327,1,-9.83631420135498,-4.766700744628906,-2.650015115737915,-0.6257073879241943,-80.07620239257812,0.002434913069009781
25337,1,-9.959207534790039,-5.253955841064453,-4.366640567779541,-0.18337860703468323,-80.14210510253906,-0.09165165573358536
25347,1,-9.999153137207031,-5.702510833740234,-11.17545223236084,2.2528250217437744,-80.49366760253906,0.15593387186527252
25357,1,-9.94411563873291,-6.110300540924072,0.7700417041778564,-2.3862721920013428,-80.14210510253906,0.054056085646152496
25367,1,-9.94411563873291,-6.4751362800598145,-2.904616355895996,-1.2316701412200928,-80.14210510253906,-0.22625619173049927
25377,1,-9.796340942382812,-6.7911906242370605,-11.349161148071289,1.899173378944397,-80.71343994140625,-0.04938105493783951
25387,1,-9.582467079162598,-7.056816101074219,-1.078694224357605,-2.086210012435913,-80.29591369628906,-0.17268607020378113
25397,1,-9.261261940002441,-7.266596794128418,-12.309555053710938,2.0686423778533936,-80.75736999511719,-0.053666502237319946
25407,1,-8.823719024658203,-7.422774791717529,-3.4654366970062256,-1.315565824508667,-80.49366760253906,-0.12515656650066376
25417,1,-8.371358871459961,-7.521312236785889,-6.645604133605957,-0.15269872546195984,-80.73539733886719,-0.22372286021709442
25427,1,-7.7683868408203125,-7.567089080810547,-5.676451206207275,-0.5439210534095764,-80.71343994140625,-0.22372286021709442
25437,1,-7.162238121032715,-7.562478542327881,-4.6423726081848145,-0.9496465921401978,-80.71343994140625,-0.31021249294281006
25447,1,-6.412868022918701,-7.49500846862793,-4.259099960327148,-1.0888713598251343,-80.73539733886719,-0.40371468663215637
25457,1,-5.662644386291504,-7.377173900604248,-3.633089303970337,-1.304882526397705,-80.73539733886719,-0.4946845769882202
25467,1,-5.662644386291504,-7.214015007019043,-3.1080737113952637,-1.488661766052246,-80.75736999511719,-0.6031858325004578
25477,1,-4.788931369781494,-6.983238697052002,-2.9503443241119385,-1.4921512603759766,-80.77932739257812,-0.7005838751792908
25487,1,-3.944638252258301,-6.6940789222717285,-2.621169090270996,-1.5408016443252563,-80.80130004882812,-0.7755807042121887
25497,1,-3.093351125717163,-6.351423740386963,-2.5122344493865967,-1.4875693321228027,-80.82325744628906,-0.842980146408081
25507,1,-2.0808029174804688,-5.963529109954834,-2.7061479091644287,-1.2945653200149536,-80.8671875,-0.8698615431785583
25517,1,-1.1930433511734009,-5.525784969329834,-2.892230987548828,-1.082627296447754,-80.91117858886719,-0.8554468750953674
25527,1,-0.16490325331687927,-5.053596496582031,-3.308760404586792,-0.7597652673721313,-80.93315124511719,-0.8114226460456848
25537,1,0.747869610786438,-4.552585601806641,-3.009178876876831,-0.6933368444442749,-80.95510864257812,-0.7407117486000061
25547,1,1.7679280042648315,-4.00818395614624,-2.33388090133667,-0.7503880858421326,-80.97708129882812,-0.6927921175956726
25557,1,2.68833327293396,-3.440289258956909,-1.8079583644866943,-0.7454495429992676,-80.97708129882812,-0.6573392748832703
25567,1,3.6766910552978516,-2.83750319480896,-1.3983697891235352,-0.681408166885376,-80.97708129882812,-0.6220807433128357
25577,1,3.6766910552978516,-2.2175955772399902,-0.8406068682670593,-0.6866832971572876,-80.95510864257812,-0.5802002549171448
25587,1,4.48545503616333,-1.5797162055969238,-0.6449957489967346,-0.5291333794593811,-80.95510864257812,-0.5449416637420654
25597,1,5.339951515197754,-0.9212232828140259,-0.4926537573337555,-0.3415653705596924,-80.95510864257812,-0.48767200112342834
25607,1,6.184102535247803,-0.26049259305000305,0.03234321251511574,-0.2920167148113251,-80.95510864257812,-0.43663573265075684
25617,1,6.886686325073242,0.4068087041378021,0.2579321563243866,-0.12500432133674622,-80.93315124511719,-0.36592382192611694
25627,1,7.600688934326172,1.0650304555892944,0.48656347393989563,0.04252610728144646,-80.91117858886719,-0.29443424940109253
25637,1,8.171104431152344,1.720198631286621,0.6782314777374268,0.22486796975135803,-80.88922119140625,-0.20677587389945984
25647,1,8.735424041748047,2.356210470199585,1.0204907655715942,0.346946656703949,-80.8671875,-0.0708082914352417
25657,1,9.17182445526123,2.9719135761260986,1.281340479850769,0.49327102303504944,-80.84523010253906,0.03983619436621666
25667,1,9.520593643188477,3.568819046020508,1.805751085281372,0.5367569923400879,-80.80130004882812,0.15340155363082886
25677,1,9.520593643188477,4.1352057456970215,5.748366832733154,-0.7485807538032532,-80.60354614257812,0.05853632837533951
25687,1,9.764281272888184,4.670882701873779,1.3527307510375977,1.103007435798645,-80.71343994140625,0.04100495204329491
25697,1,9.92762279510498,5.171127796173096,2.756458282470703,0.806171715259552,-80.71343994140625,0.21145090460777283
25707,1,9.99919605255127,5.629270553588867,13.322151184082031,-3.053159475326538,-80.18608093261719,-0.0524977408349514
25717,1,9.96826171875,6.043322563171387,-2.9593677520751953,3.2299296855926514,-80.71343994140625,0.03204396367073059
25727,1,9.85745620727539,6.41037654876709,6.768163681030273,-0.2186957150697708,-80.47169494628906,0.20872379839420319
25737,1,9.666390419006348,6.723718643188477,8.060382843017578,-0.6587011814117432,-80.18608093261719,0.029316861182451248
25747,1,9.351261138916016,6.985398769378662,1.6067900657653809,1.9019008874893188,-80.47169494628906,0.23112550377845764
25757,1,8.966605186462402,7.195456504821777,10.764822959899902,-1.4853531122207642,-80.01029968261719,0.21904833614826202
25767,1,8.467577934265137,7.3444366455078125,5.230835437774658,0.654889702796936,-80.20805358886719,0.15184321999549866
25777,1,7.889657497406006,7.43987512588501,4.861589431762695,0.825593888759613,-80.14210510253906,0.20365917682647705
25787,1,7.889657497406006,7.482677936553955,4.646993160247803,0.9498923420906067,-80.09817504882812,0.2952134311199188
25797,1,7.228453159332275,7.458483695983887,3.658597707748413,1.336875319480896,-80.07620239257812,0.39007917046546936
25807,1,6.554816722869873,7.3724894523620605,3.502628803253174,1.3928722143173218,-80.05424499511719,0.5114372968673706
25817,1,5.77487325668335,7.220457077026367,3.1659743785858154,1.4921371936798096,-80.03227233886719,0.6138999462127686
25827,1,4.8780598640441895,7.013941287994385,3.2010228633880615,1.4311648607254028,-80.01029968261719,0.7101287245750427
25837,1,4.030292987823486,6.761315822601318,2.954585075378418,1.4592070579528809,-79.98828125,0.7709051966667175
25847,1,3.0507278442382812,6.444379806518555,3.1452341079711914,1.2927314043045044,-79.96632385253906,0.8081111311912537
25857,1,2.152265787124634,6.086202144622803,2.663856029510498,1.365179181098938,-79.94435119628906,0.8307076692581177
25867,1,1.0734896659851074,5.669539451599121,3.104658842086792,1.0608596801757812,-79.92239379882812,0.8367467522621155
25877,1,0.06597824394702911,5.212216854095459,2.6698458194732666,1.0701167583465576,-79.92239379882812,0.8190200924873352
25887,1,0.06597824394702911,4.72248649597168,3.03765606880188,0.7816121578216553,-79.90042114257812,0.7841510772705078
25897,1,-0.9371200799942017,4.183903694152832,2.3831143379211426,0.8346560001373291,-79.87846374511719,0.7294137477874756
25907,1,-1.8701560497283936,3.6077840328216553,1.8696963787078857,0.8230380415916443,-79.87846374511719,0.6998046636581421
25917,1,-2.7679872512817383,3.001049757003784,1.4657901525497437,0.7585353255271912,-79.87846374511719,0.6657153964042664
25927,1,-3.6854536533355713,2.3647444248199463,1.1512277126312256,0.6464401483535767,-79.87846374511719,0.626171886920929
25937,1,-4.6900811195373535,1.7117526531219482,0.7007308006286621,0.5754409432411194,-79.87846374511719,0.5854591131210327
25947,1,-5.6168646812438965,1.048566460609436,0.30615121126174927,0.4772138297557831,-79.87846374511719,0.5297478437423706
25957,1,-6.403388977050781,0.3834270238876343,0.24810005724430084,0.25061532855033875,-79.90042114257812,0.47228285670280457
25967,1,-7.171448707580566,-0.2776322066783905,-0.013162731193006039,0.09682968258857727,-79.90042114257812,0.4027407169342041
25977,1,-7.827385902404785,-0.9466539025306702,-0.37187716364860535,-0.025748349726200104,-79.92239379882812,0.315277636051178
25987,1,-7.827385902404785,-1.6014418601989746,-0.6357131004333496,-0.1673882007598877,-79.94435119628906,0.2352161556482315
25997,1,-8.444413185119629,-2.252636194229126,-1.5119686126708984,-0.09201302379369736,-79.98828125,0.12398780882358551
26007,1,-8.943190574645996,-2.889326333999634,-1.408605933189392,-0.3812231421470642,-80.01029968261719,0.030485620722174644
26017,1,-9.390019416809082,-3.4914488792419434,-2.019658327102661,-0.3911726474761963,-80.05424499511719,-0.05717277526855469
26027,1,-9.716923713684082,-4.071809768676758,-4.884950160980225,0.47077828645706177,-80.20805358886719,-0.023667355999350548
26037,1,-9.896498680114746,-4.616054058074951,-3.3543779850006104,-0.29804298281669617,-80.20805358886719,0.03243355080485344
26047,1,-9.99333381652832,-5.120471477508545,-2.6978678703308105,-0.7607311606407166,-80.18608093261719,-0.12223416566848755
26057,1,-9.980475425720215,-5.583930969238281,-12.052544593811035,2.6242799758911133,-80.62551879882812,0.11268980801105499
26067,1,-9.980475425720215,-6.002316951751709,0.11091303825378418,-2.0945889949798584,-80.27395629882812,0.06730201095342636
26077,1,-9.858979225158691,-6.369327068328857,-1.264491081237793,-1.8067055940628052,-80.20805358886719,-0.252553254365921
26087,1,-9.651337623596191,-6.681651592254639,-11.52141284942627,2.0006096363067627,-80.82325744628906,-0.15359635651111603
26097,1,-9.343541145324707,-6.934963703155518,-3.8671252727508545,-0.9786493182182312,-80.53765869140625,-0.10119651257991791
26107,1,-8.892577171325684,-7.129498481750488,-7.7876877784729,0.44657307863235474,-80.80130004882812,-0.05347170680761337
26117,1,-8.424516677856445,-7.270020008087158,-6.294638633728027,-0.18279477953910828,-80.73539733886719,-0.06905515491962433
26127,1,-7.873988628387451,-7.347825527191162,-4.539816379547119,-0.8737761378288269,-80.73539733886719,-0.18768614530563354
26137,1,-7.13284969329834,-7.368834972381592,-4.164350986480713,-1.0351041555404663,-80.77932739257812,-0.28644776344299316
26147,1,-6.3484063148498535,-7.315620422363281,-4.021233081817627,-1.0861446857452393,-80.80130004882812,-0.3684561252593994
26157,1,-5.525329113006592,-7.207279682159424,-3.5498197078704834,-1.2468700408935547,-80.82325744628906,-0.46838700771331787
26167,1,-5.525329113006592,-7.047221660614014,-3.3979315757751465,-1.2896485328674316,-80.84523010253906,-0.569096028804779
26177,1,-4.592286586761475,-6.81360387802124,-2.9177849292755127,-1.410072684288025,-80.8671875,-0.6518850922584534
26187,1,-3.745272636413574,-6.521613597869873,-2.292550563812256,-1.5693405866622925,-80.8671875,-0.7335044145584106
26197,1,-2.839515447616577,-6.171215534210205,-2.456587791442871,-1.4092975854873657,-80.88922119140625,-0.8141497373580933
26207,1,-1.899401307106018,-5.764699935913086,-2.3250908851623535,-1.3334171772003174,-80.91117858886719,-0.834214448928833
26217,1,-0.9414426684379578,-5.305706024169922,-1.8431274890899658,-1.370060682296753,-80.93315124511719,-0.8640177845954895
26227,1,0.18342682719230652,-4.803908348083496,-1.5574085712432861,-1.3122165203094482,-80.93315124511719,-0.8768746256828308
26237,1,1.120190143585205,-4.257280349731445,-1.25336754322052,-1.2471798658370972,-80.95510864257812,-0.8846663236618042
26247,1,2.220860242843628,-3.681448221206665,-0.9664539694786072,-1.1589246988296509,-80.95510864257812,-0.8727839589118958
26257,1,3.183744430541992,-3.0820140838623047,-0.7430055737495422,-1.0376827716827393,-80.95510864257812,-0.8511614203453064
26267,1,4.206029415130615,-2.4456639289855957,-0.568983793258667,-0.8786452412605286,-80.95510864257812,-0.8040205240249634
26277,1,5.110396862030029,-1.7947639226913452,-0.4334556758403778,-0.69699627161026,-80.95510864257812,-0.746165931224823
26287,1,5.973758697509766,-1.1205557584762573,-0.3279062807559967,-0.4905630648136139,-80.95510864257812,-0.671754002571106
26297,1,5.973758697509766,-0.44544270634651184,0.38568970561027527,-0.5290038585662842,-80.95510864257812,-0.5897451043128967
26307,1,6.713255405426025,0.23579718172550201,0.31004467606544495,-0.24738086760044098,-80.93315124511719,-0.5258519649505615
26317,1,7.456850528717041,0.9229710698127747,0.36836713552474976,-0.006000475492328405,-80.91117858886719,-0.4263117015361786
26327,1,8.15197467803955,1.5981953144073486,1.0095713138580322,0.01448174100369215,-80.88922119140625,-0.32482248544692993
26337,1,8.681955337524414,2.2626163959503174,1.3006360530853271,0.16204236447811127,-80.8671875,-0.23794376850128174
26347,1,9.181617736816406,2.902594804763794,1.6521207094192505,0.28064337372779846,-80.84523010253906,-0.10256006568670273
26357,1,9.527081489562988,3.5202407836914062,1.682133436203003,0.5119179487228394,-80.82325744628906,0.004772429820150137
26367,1,9.81197738647461,4.097508907318115,2.6225476264953613,0.3883902132511139,-80.77932739257812,0.11171533912420273
26377,1,9.956378936767578,4.644172668457031,4.1952900886535645,0.006144858431071043,-80.71343994140625,0.12827324867248535
26387,1,9.956378936767578,5.149695873260498,4.579868316650391,0.0403766930103302,-80.62551879882812,0.0524977408349514
26397,1,9.99893569946289,5.611162185668945,2.9771952629089355,0.8337479829788208,-80.66944885253906,0.17619284987449646
26407,1,9.939642906188965,6.023070335388184,9.315788269042969,-1.4108257293701172,-80.38383483886719,0.06613325327634811
26417,1,9.767779350280762,6.379425525665283,5.654359817504883,0.05698869749903679,-80.38383483886719,-0.10548195987939835
26427,1,9.469110488891602,6.678907871246338,-4.215081214904785,3.9618422985076904,-80.82325744628906,0.3390423655509949
26437,1,9.102293968200684,6.916228771209717,15.095385551452637,-3.2218668460845947,-80.01029968261719,0.15866096317768097
26447,1,8.574129104614258,7.093502521514893,4.346924781799316,0.8459317088127136,-80.29591369628906,0.06379573792219162
26457,1,8.026451110839844,7.212928295135498,8.68505859375,-0.7319974303245544,-80.14210510253906,0.08385942131280899
26467,1,7.301699638366699,7.261927127838135,3.9871773719787598,1.0344371795654297,-80.20805358886719,0.07567811757326126
26477,1,6.544907093048096,7.250727653503418,7.864005088806152,-0.429473876953125,-80.03227233886719,0.15710262954235077
26487,1,6.544907093048096,7.183560371398926,5.6897358894348145,0.38474661111831665,-80.07620239257812,0.15827138721942902
26497,1,5.686246395111084,7.041072368621826,4.611907482147217,0.7441911697387695,-80.05424499511719,0.2459302842617035
26507,1,4.840325832366943,6.831643104553223,3.6611196994781494,1.041377067565918,-80.05424499511719,0.3328090012073517
26517,1,3.8957104682922363,6.552251815795898,3.104332447052002,1.167194128036499,-80.03227233886719,0.4165715277194977
26527,1,2.802384376525879,6.235778331756592,2.7392945289611816,1.2075278759002686,-80.01029968261719,0.5112425088882446
26537,1,1.8572475910186768,5.836381912231445,2.5490481853485107,1.1531528234481812,-80.01029968261719,0.5677329897880554
26547,1,0.7253124117851257,5.391798496246338,1.9948698282241821,1.2169314622879028,-79.98828125,0.6238343715667725
26557,1,-0.269669771194458,4.90871000289917,2.036698579788208,1.0446202754974365,-79.96632385253906,0.6779873371124268
26567,1,-1.4124062061309814,4.393294334411621,1.7976971864700317,0.9566873908042908,-79.96632385253906,0.6688320636749268
26577,1,-2.4242234230041504,3.8207736015319824,1.409717321395874,0.9055672883987427,-79.96632385253906,0.6680529117584229
26587,1,-2.4242234230041504,3.2264838218688965,1.1075581312179565,0.8342651128768921,-79.96632385253906,0.6526642441749573
26597,1,-3.494079113006592,2.586937427520752,0.872236430644989,0.6937744617462158,-79.96632385253906,0.6240291595458984
26607,1,-4.431111812591553,1.9190819263458252,0.4834521412849426,0.6008124351501465,-79.96632385253906,0.5881867408752441
26617,1,-5.332472324371338,1.2290053367614746,0.3348032236099243,0.4051322937011719,-79.96632385253906,0.5350072383880615
26627,1,-6.127028465270996,0.5289863348007202,-0.19102886319160461,0.3447653651237488,-79.98828125,0.46312758326530457
26637,1,-7.019073486328125,-0.15636558830738068,-0.5793039798736572,0.23526553809642792,-79.98828125,0.4111168384552002
26647,1,-7.799733638763428,-0.8400484323501587,-0.893695056438446,0.0965963825583458,-80.01029968261719,0.35150912404060364
26657,1,-8.382946968078613,-1.5363132953643799,-1.2161203622817993,-0.04252856224775314,-80.03227233886719,0.2868373394012451
26667,1,-8.94786548614502,-2.199042558670044,-1.4455723762512207,-0.20947331190109253,-80.05424499511719,0.20463314652442932
26677,1,-9.365405082702637,-2.849545955657959,-2.101362466812134,-0.2112593650817871,-80.09817504882812,0.07392498105764389
26687,1,-9.365405082702637,-3.469611406326294,-2.1980347633361816,-0.4077211320400238,-80.12013244628906,-0.018213151022791862
26697,1,-9.710140228271484,-4.063476085662842,-4.055086135864258,0.06424311548471451,-80.20805358886719,-0.051328983157873154
26707,1,-9.900835037231445,-4.618973255157471,-5.843878269195557,0.5462763905525208,-80.33984375,0.03204396367073059
26717,1,-9.992673873901367,-5.13034725189209,-2.1014597415924072,-1.0556644201278687,-80.23002624511719,-0.027953818440437317
26727,1,-9.970476150512695,-5.591352939605713,-6.617631912231445,0.4589270353317261,-80.40580749511719,-0.07334060221910477
26737,1,-9.834325790405273,-5.997613430023193,-9.459278106689453,1.4433925151824951,-80.69140625,0.14989528059959412
26747,1,-9.570523262023926,-6.352380752563477,4.463259220123291,-3.970715284347534,-80.12013244628906,-0.1691797971725464
26757,1,-9.21560287475586,-6.637959003448486,-12.047815322875977,2.101309299468994,-80.69140625,-0.07665258646011353
26767,1,-8.697550773620605,-6.872996807098389,-5.446079254150391,-0.40421128273010254,-80.64747619628906,0.027563724666833878
26777,1,-8.145217895507812,-7.0356879234313965,-7.879308700561523,0.4402271509170532,-80.71343994140625,-0.04509560763835907
26787,1,-8.145217895507812,-7.141273498535156,-3.465700626373291,-1.2500816583633423,-80.69140625,-0.015486047603189945
26797,1,-7.420592784881592,-7.167854309082031,-8.239890098571777,0.5347481966018677,-80.91117858886719,-0.1430775225162506
26807,1,-6.711918830871582,-7.1244659423828125,-5.465567111968994,-0.4987729787826538,-80.84523010253906,-0.16489434242248535
26817,1,-5.871516227722168,-7.005232810974121,-4.0952348709106445,-0.981596052646637,-80.84523010253906,-0.2741752862930298
26827,1,-4.891289234161377,-6.821981430053711,-3.811551570892334,-1.0345666408538818,-80.8671875,-0.37644365429878235
26837,1,-3.9601714611053467,-6.5840277671813965,-3.3562862873077393,-1.1346871852874756,-80.88922119140625,-0.4537775218486786
26847,1,-2.865622043609619,-6.291416168212891,-2.663907289505005,-1.3062204122543335,-80.91117858886719,-0.5441625118255615
26857,1,-1.8567209243774414,-5.925849914550781,-2.297935962677002,-1.333878517150879,-80.91117858886719,-0.6378600001335144
26867,1,-0.7108317017555237,-5.515931129455566,-1.7799644470214844,-1.3998202085494995,-80.93315124511719,-0.7072068452835083
26877,1,0.32520633935928345,-5.038150787353516,-1.8384169340133667,-1.2259684801101685,-80.93315124511719,-0.7709046602249146
26887,1,0.32520633935928345,-4.527759552001953,-1.470963954925537,-1.2185747623443604,-80.95510864257812,-0.7818140983581543
26897,1,1.4882832765579224,-3.9552571773529053,-1.4780300855636597,-1.0161038637161255,-80.95510864257812,-0.7675932049751282
26907,1,2.473891496658325,-3.3434433937072754,-1.1414213180541992,-0.9303594827651978,-80.95510864257812,-0.7496722340583801
26917,1,3.42505145072937,-2.716722011566162,-0.8792701959609985,-0.8084928393363953,-80.95510864257812,-0.7142193913459778
26927,1,4.419434070587158,-2.0376267433166504,-0.6623152494430542,-0.6452111005783081,-80.93315124511719,-0.6649362444877625
26937,1,5.324742317199707,-1.353553056716919,-0.2900896668434143,-0.5365290641784668,-80.93315124511719,-0.6061077117919922
26947,1,6.289745807647705,-0.643836498260498,0.003290768712759018,-0.3835817873477936,-80.93315124511719,-0.5435781478881836
26957,1,7.046266078948975,0.0600370429456234,0.5516955852508545,-0.32883915305137634,-80.91117858886719,-0.4627380073070526
26967,1,7.837319374084473,0.7558819651603699,0.8613728880882263,-0.1849227398633957,-80.91117858886719,-0.4081949293613434
26977,1,8.456303596496582,1.4540404081344604,1.2218486070632935,-0.0579352080821991,-80.88922119140625,-0.3367048501968384
26987,1,9.031218528747559,2.13177752494812,1.3054832220077515,0.17034678161144257,-80.8671875,-0.25235846638679504
26997,1,9.424206733703613,2.796128034591675,1.4343631267547607,0.379825234413147,-80.84523010253906,-0.10470278561115265
27007,1,9.424206733703613,3.426872491836548,1.5487060546875,0.5769930481910706,-80.82325744628906,0.02366786263883114
27017,1,9.749091148376465,4.028511047363281,2.3099000453948975,0.5306925773620605,-80.77932739257812,0.1278836727142334
27027,1,9.926523208618164,4.589781761169434,5.56790018081665,-0.48817142844200134,-80.60354614257812,0.09048289805650711
27037,1,9.999187469482422,5.104553699493408,3.723388433456421,0.38438543677330017,-80.60354614257812,0.016460519284009933
27047,1,9.945330619812012,5.566197872161865,1.8732554912567139,1.2871142625808716,-80.69140625,0.20989255607128143
27057,1,9.784446716308594,5.970559120178223,12.39023208618164,-2.5512619018554688,-80.20805358886719,0.029122069478034973
27067,1,9.468661308288574,6.3211164474487305,1.0787551403045654,1.8050929307937622,-80.515625,-0.013148531317710876
27077,1,9.071685791015625,6.605079650878906,1.081834316253662,1.9997072219848633,-80.64747619628906,0.3174203634262085
27087,1,8.498147010803223,6.828451633453369,11.728378295898438,-1.9894263744354248,-80.01029968261719,0.21417851746082306
27097,1,7.890378952026367,6.975308895111084,4.066368579864502,0.9466451406478882,-80.31788635253906,0.16275213658809662
27107,1,7.890378952026367,7.0623884201049805,8.010417938232422,-0.5143699049949646,-80.05424499511719,0.08580735325813293
27117,1,7.106274127960205,7.066563606262207,5.289628505706787,0.5201809406280518,-80.1640625,0.1325587034225464
27127,1,6.358758926391602,6.999208450317383,4.184576988220215,0.9078325629234314,-80.09817504882812,0.19275076687335968
27137,1,5.456119537353516,6.852363109588623,4.3104095458984375,0.8143297433853149,-80.05424499511719,0.2815774083137512
27147,1,4.405314922332764,6.638702392578125,3.7146952152252197,0.9719411730766296,-80.05424499511719,0.35131433606147766
27157,1,3.4353063106536865,6.369678020477295,3.411710500717163,1.000661849975586,-80.03227233886719,0.412480890750885
27167,1,2.2695202827453613,6.044724464416504,3.091653347015381,1.0146057605743408,-80.01029968261719,0.4870876371860504
27177,1,1.2246730327606201,5.644497871398926,3.0334014892578125,0.9031181931495667,-80.01029968261719,0.5315009355545044
27187,1,0.030767586082220078,5.200254917144775,2.372084617614746,0.9989655017852783,-80.01029968261719,0.5587719678878784
27197,1,-1.0280166864395142,4.687347412109375,1.8570502996444702,1.0195356607437134,-79.98828125,0.5924721956253052
27207,1,-2.0650177001953125,4.1229248046875,1.6719939708709717,0.8956982493400574,-79.98828125,0.6107827425003052
27217,1,-2.0650177001953125,3.5340638160705566,1.4659559726715088,0.7895681262016296,-79.98828125,0.6008483171463013
27227,1,-3.312035322189331,2.8825714588165283,1.1513569355010986,0.6705607175827026,-79.98828125,0.57883620262146
27237,1,-4.279835224151611,2.2009785175323486,0.8765000700950623,0.5278046727180481,-79.98828125,0.5410458445549011
27247,1,-5.336242198944092,1.503027319908142,0.6922882795333862,0.33810627460479736,-79.98828125,0.4870876371860504
27257,1,-6.209723949432373,0.8013176321983337,0.3697426915168762,0.19748526811599731,-80.01029968261719,0.4185194671154022
27267,1,-7.109493255615234,0.08173061907291412,-0.07071145623922348,0.09307410567998886,-80.01029968261719,0.35832688212394714
27277,1,-7.927627086639404,-0.6346840262413025,-0.4534548819065094,-0.034068938344717026,-80.03227233886719,0.2954082190990448
27287,1,-8.550623893737793,-1.34103524684906,-0.5826103091239929,-0.2551707327365875,-80.05424499511719,0.2108665257692337
27297,1,-8.550623893737793,-2.027117967605591,-1.3995780944824219,-0.19711235165596008,-80.09817504882812,0.08405421674251556
27307,1,-9.14342212677002,-2.7043237686157227,-1.8142004013061523,-0.3052026033401489,-80.12013244628906,-0.008863084018230438
27317,1,-9.523078918457031,-3.3532140254974365,-2.6180083751678467,-0.25056707859039307,-80.18608093261719,-0.05717277526855469
27327,1,-9.831317901611328,-3.9583051204681396,-5.538149356842041,0.6320661902427673,-80.31788635253906,-0.002629706170409918
27337,1,-9.967443466186523,-4.5276618003845215,-3.1665430068969727,-0.4568202495574951,-80.31788635253906,0.05600401759147644
27347,1,-9.992764472961426,-5.04680061340332,-2.6294748783111572,-0.8788972496986389,-80.27395629882812,-0.12613053619861603
27357,1,-9.887717247009277,-5.511353492736816,-12.977815628051758,2.8895788192749023,-80.77932739257812,0.10567675530910492
27367,1,-9.630807876586914,-5.917746067047119,1.1798847913742065,-2.578671455383301,-80.33984375,0.04587477818131447
27377,1,-9.267985343933105,-6.263906002044678,-3.2175886631011963,-1.1287803649902344,-80.38383483886719,-0.23034684360027313
27387,1,-9.267985343933105,-6.54978084564209,-9.147090911865234,1.0580512285232544,-80.84523010253906,-0.08093803375959396
27397,1,-8.766268730163574,-6.760707378387451,-6.45167350769043,-0.031337443739175797,-80.71343994140625,-0.05425088107585907
27407,1,-8.209092140197754,-6.898538589477539,-4.194562911987305,-0.9091919660568237,-80.73539733886719,0.009447462856769562
27417,1,-7.4967474937438965,-6.955466270446777,-7.7616753578186035,0.4115758538246155,-80.88922119140625,-0.11444243788719177
27427,1,-6.624544620513916,-6.93991756439209,-5.602049827575684,-0.3952019214630127,-80.8671875,-0.14755776524543762
27437,1,-5.769381046295166,-6.844157695770264,-4.22069787979126,-0.8866247534751892,-80.8671875,-0.24242401123046875
27447,1,-4.727749347686768,-6.681219577789307,-3.7081897258758545,-1.0305616855621338,-80.8671875,-0.3454705476760864
27457,1,-3.767338275909424,-6.45766544342041,-2.991501808166504,-1.2361724376678467,-80.88922119140625,-0.447544127702713
27467,1,-2.574526071548462,-6.1780290603637695,-2.516885995864868,-1.32956063747406,-80.91117858886719,-0.5496166944503784
27477,1,-1.4958515167236328,-5.813751220703125,-2.5659525394439697,-1.196169137954712,-80.93315124511719,-0.6242244839668274
27487,1,-1.4958515167236328,-5.4028496742248535,-2.4066619873046875,-1.145748496055603,-80.93315124511719,-0.6684424877166748
27497,1,-0.2326146811246872,-4.910837173461914,-2.066486120223999,-1.1036062240600586,-80.93315124511719,-0.6887015104293823
27507,1,0.8195946216583252,-4.365514755249023,-1.599711298942566,-1.0942952632904053,-80.93315124511719,-0.7031161785125732
27517,1,1.9498271942138672,-3.7645297050476074,-1.3555742502212524,-0.97762131690979,-80.95510864257812,-0.7103235125541687
27527,1,3.1338233947753906,-3.129707098007202,-1.0460528135299683,-0.8680912256240845,-80.95510864257812,-0.6914286017417908
27537,1,4.160999774932861,-2.454681158065796,-0.8049972057342529,-0.717688798904419,-80.93315124511719,-0.6598716378211975
27547,1,5.244807720184326,-1.782619595527649,-0.6172629594802856,-0.5418314337730408,-80.93315124511719,-0.6105879545211792
27557,1,6.152957916259766,-1.0782628059387207,-0.47105544805526733,-0.3368769586086273,-80.93315124511719,-0.542409360408783
27567,1,7.078488349914551,-0.35383081436157227,-0.173457533121109,-0.17545419931411743,-80.93315124511719,-0.45728379487991333
27577,1,7.832738399505615,0.3683827519416809,0.16736862063407898,-0.02970903180539608,-80.91117858886719,-0.3707936406135559
27587,1,7.832738399505615,1.0787098407745361,0.5071395039558411,0.09768854081630707,-80.88922119140625,-0.2891748547554016
27597,1,8.55517864227295,1.7901896238327026,0.8198341727256775,0.2563443183898926,-80.8671875,-0.20151644945144653
27607,1,9.078344345092773,2.483748435974121,1.5972492694854736,0.23245278000831604,-80.82325744628906,-0.04996543377637863
27617,1,9.479832649230957,3.1495141983032227,1.6911216974258423,0.4570976495742798,-80.82325744628906,0.04567998647689819
27627,1,9.804376602172852,3.7768757343292236,2.091870069503784,0.5546744465827942,-80.77932739257812,0.14522024989128113
27637,1,9.963111877441406,4.359711647033691,5.764368057250977,-0.616558313369751,-80.60354614257812,0.08736620843410492
27647,1,9.992732048034668,4.894670486450195,3.1934235095977783,0.5341116786003113,-80.60354614257812,0.009642256423830986
27657,1,9.892277717590332,5.373964786529541,1.8928253650665283,1.2383347749710083,-80.69140625,0.21904833614826202
27667,1,9.62297534942627,5.798605442047119,13.12152099609375,-2.8711659908294678,-80.18608093261719,0.013149037957191467
27677,1,9.254576683044434,6.155248165130615,-0.2201235294342041,2.257960081100464,-80.55961608886719,0.005551601760089397
27687,1,9.254576683044434,6.4501872062683105,2.5971779823303223,1.4020494222640991,-80.60354614257812,0.3000832498073578
27697,1,8.692231178283691,6.663546562194824,11.217340469360352,-1.8360044956207275,-80.05424499511719,0.14736297726631165
27707,1,8.084175109863281,6.798737525939941,1.9438024759292603,1.7123558521270752,-80.40580749511719,0.20521752536296844
27717,1,7.384469985961914,6.854478359222412,10.329654693603516,-1.4410969018936157,-80.01029968261719,0.13820770382881165
27727,1,6.496459007263184,6.836640357971191,3.7306017875671387,1.0341228246688843,-80.23002624511719,0.16781675815582275
27737,1,5.567753314971924,6.750185012817383,4.847952365875244,0.5706961750984192,-80.07620239257812,0.19606225192546844
27747,1,4.511831283569336,6.596259117126465,4.6696062088012695,0.5834831595420837,-80.05424499511719,0.26696792244911194
27757,1,3.4645941257476807,6.356836795806885,3.747406482696533,0.8486199378967285,-80.05424499511719,0.30806976556777954
27767,1,2.252269744873047,6.05759859085083,3.3418447971343994,0.8967799544334412,-80.05424499511719,0.36358681321144104
27777,1,1.1000101566314697,5.672657012939453,3.080325126647949,0.8634334206581116,-80.03227233886719,0.421636164188385
27787,1,1.1000101566314697,5.237511157989502,2.4086287021636963,0.992971658706665,-80.03227233886719,0.4668286442756653
27797,1,-0.10910161584615707,4.728713035583496,1.898302435874939,1.0098085403442383,-80.01029968261719,0.514359176158905
27807,1,-1.2205134630203247,4.162569522857666,1.6671496629714966,0.902100145816803,-80.01029968261719,0.5537073612213135
27817,1,-2.2893707752227783,3.5485875606536865,1.3080466985702515,0.822457492351532,-80.01029968261719,0.5620839595794678
27827,1,-3.362492084503174,2.89091157913208,1.2238694429397583,0.617762565612793,-80.01029968261719,0.5402666330337524
27837,1,-4.404701232910156,2.1966423988342285,0.9628197550773621,0.46288418769836426,-80.01029968261719,0.5015023350715637
27847,1,-5.514342784881592,1.4831284284591675,0.7241409420967102,0.2861701548099518,-80.01029968261719,0.447544127702713
27857,1,-6.409889221191406,0.7483785152435303,0.2651973366737366,0.18502970039844513,-80.03227233886719,0.3852088451385498
27867,1,-7.343540668487549,0.012807950377464294,-0.358004093170166,0.14458787441253662,-80.03227233886719,0.33689966797828674
27877,1,-8.053298950195312,-0.7150708436965942,-0.7044128179550171,0.002683160128071904,-80.05424499511719,0.271253377199173
27887,1,-8.762022972106934,-1.427428960800171,-0.7815806865692139,-0.24086400866508484,-80.07620239257812,0.18632209300994873
27897,1,-9.247679710388184,-2.135024309158325,-1.3458939790725708,-0.29589760303497314,-80.09817504882812,0.07295101135969162
27907,1,-9.247679710388184,-2.811882972717285,-1.6878055334091187,-0.4178988039493561,-80.14210510253906,-0.019966287538409233
27917,1,-9.660991668701172,-3.4636616706848145,-3.5938448905944824,0.05075855553150177,-80.23002624511719,-0.06301656365394592
27927,1,-9.893084526062012,-4.075502395629883,-6.240584850311279,0.843040406703949,-80.40580749511719,0.0723666325211525
27937,1,-9.995156288146973,-4.63883113861084,-0.8229601383209229,-1.4047558307647705,-80.25198364257812,0.0006817756802774966
27947,1,-9.95295524597168,-5.145308017730713,-4.820133686065674,-0.11880709230899811,-80.36186218261719,-0.11444243788719177
27957,1,-9.780117988586426,-5.5895280838012695,-10.010074615478516,1.7433608770370483,-80.75736999511719,0.0967162698507309
27967,1,-9.424781799316406,-5.967621326446533,4.205513000488281,-3.782395839691162,-80.20805358886719,-0.17346523702144623
27977,1,-8.996685028076172,-6.279827117919922,-11.948335647583008,2.1498892307281494,-80.73539733886719,-0.08054845035076141
27987,1,-8.35273265838623,-6.513121128082275,-4.958888053894043,-0.5001355409622192,-80.66944885253906,0.008473497815430164
27997,1,-7.635066509246826,-6.6739726066589355,-9.244640350341797,1.0573898553848267,-80.80130004882812,-0.017433978617191315
28007,1,-7.635066509246826,-6.765433311462402,-2.7542734146118164,-1.4162684679031372,-80.66944885253906,-0.032239265739917755
28017,1,-6.793402671813965,-6.76809549331665,-7.726478576660156,0.4580303728580475,-80.93315124511719,-0.16645269095897675
28027,1,-5.913906097412109,-6.6868085861206055,-5.329240322113037,-0.41594693064689636,-80.8671875,-0.1689850091934204
28037,1,-4.883421421051025,-6.515193939208984,-4.076735973358154,-0.8288334608078003,-80.8671875,-0.26696792244911194
28047,1,-3.710289478302002,-6.269715309143066,-3.4711451530456543,-0.9747039079666138,-80.88922119140625,-0.3571581244468689
28057,1,-2.634732961654663,-5.943460941314697,-2.75044322013855,-1.1407151222229004,-80.91117858886719,-0.4436482787132263
28067,1,-1.3530216217041016,-5.553952217102051,-2.5196564197540283,-1.096968173980713,-80.91117858886719,-0.5289686322212219
28077,1,-0.20396998524665833,-5.087264537811279,-2.1753079891204834,-1.0691452026367188,-80.93315124511719,-0.5753304362297058
28087,1,1.1079286336898804,-4.596579551696777,-1.9115917682647705,-0.9973690509796143,-80.93315124511719,-0.6172109246253967
28097,1,2.2342028617858887,-4.031421661376953,-1.4790794849395752,-0.9644163250923157,-80.93315124511719,-0.6312370300292969
28107,1,3.4933762550354004,-3.4102365970611572,-1.142238736152649,-0.8701796531677246,-80.93315124511719,-0.6361068487167358
28117,1,3.4933762550354004,-2.7532718181610107,-0.8799068331718445,-0.7594346404075623,-80.93315124511719,-0.6170161366462708
28127,1,4.518715858459473,-2.061250925064087,-0.4666745066642761,-0.6653849482536316,-80.93315124511719,-0.5819533467292786
28137,1,5.577457904815674,-1.3343318700790405,-0.3253858983516693,-0.45167192816734314,-80.93315124511719,-0.537149965763092
28147,1,6.612975120544434,-0.5969741344451904,-0.03540506586432457,-0.2852138578891754,-80.93315124511719,-0.47520527243614197
28157,1,7.427482604980469,0.15176522731781006,0.19300208985805511,-0.0904342457652092,-80.91117858886719,-0.3918323218822479
28167,1,8.248201370239258,0.8919359445571899,0.5860771536827087,0.04372912272810936,-80.88922119140625,-0.31274479627609253
28177,1,8.849381446838379,1.6269869804382324,0.8599537014961243,0.21906398236751556,-80.8671875,-0.23404790461063385
28187,1,9.380998611450195,2.324815034866333,1.3889009952545166,0.2895057201385498,-80.84523010253906,-0.08619745075702667
28197,1,9.725031852722168,3.0031116008758545,1.5606715679168701,0.48636502027511597,-80.82325744628906,0.01762927882373333
28207,1,9.725031852722168,3.6427862644195557,1.802347183227539,0.6393783688545227,-80.80130004882812,0.12320863455533981
28217,1,9.950546264648438,4.243048191070557,5.165597915649414,-0.4022107422351837,-80.64747619628906,0.11483253538608551
28227,1,9.998591423034668,4.7907609939575195,4.61777925491333,-0.014644242823123932,-80.58158874511719,-0.009057876653969288
28237,1,9.906301498413086,5.277568817138672,0.3409377932548523,1.8080943822860718,-80.75736999511719,0.2336578220129013
28247,1,9.645940780639648,5.698033332824707,11.492528915405273,-2.249945640563965,-80.29591369628906,0.06496449559926987
28257,1,9.264032363891602,6.044363975524902,3.288254976272583,0.9090654850006104,-80.42776489257812,-0.050939396023750305
28267,1,8.687416076660156,6.328145980834961,-0.8701608180999756,2.66243052482605,-80.73539733886719,0.2772919535636902
28277,1,8.06332015991211,6.51631498336792,13.664923667907715,-2.792898654937744,-79.98828125,0.2320994734764099
28287,1,7.207076072692871,6.646575927734375,1.8215253353118896,1.697302222251892,-80.40580749511719,0.14444108307361603
28297,1,6.334021091461182,6.682626724243164,10.278165817260742,-1.4756494760513306,-80.07620239257812,0.07470414787530899
28307,1,6.334021091461182,6.649452209472656,3.01240873336792,1.2465544939041138,-80.25198364257812,0.11561170220375061
28317,1,5.220766544342041,6.513494491577148,7.2814459800720215,-0.42163071036338806,-80.03227233886719,0.19859455525875092
28327,1,4.1831746101379395,6.291734218597412,5.434056282043457,0.1871592104434967,-80.07620239257812,0.15749220550060272
28337,1,3.083740472793579,5.986454486846924,4.044642448425293,0.5949945449829102,-80.07620239257812,0.21184049546718597
28347,1,1.7870181798934937,5.610528945922852,3.341168165206909,0.7207067608833313,-80.07620239257812,0.2671627402305603
28357,1,0.6275476217269897,5.157529354095459,2.637463092803955,0.826424777507782,-80.07620239257812,0.3252120614051819
28367,1,-0.7101226449012756,4.648545742034912,2.3511362075805664,0.7514228224754333,-80.05424499511719,0.3768327534198761
28377,1,-1.8859659433364868,4.070126056671143,1.8407360315322876,0.7380111217498779,-80.05424499511719,0.4072209596633911
28387,1,-3.1643850803375244,3.453202247619629,1.6450814008712769,0.5866190195083618,-80.05424499511719,0.4200778007507324
28397,1,-4.346959590911865,2.800039052963257,1.2908598184585571,0.48075246810913086,-80.05424499511719,0.4087792932987213
28407,1,-5.435342788696289,2.098361015319824,1.0149919986724854,0.3261268436908722,-80.05424499511719,0.38033902645111084
28417,1,-5.435342788696289,1.3814347982406616,0.8001458644866943,0.1621403843164444,-80.05424499511719,0.3370944559574127
28427,1,-6.391895294189453,0.6417047381401062,0.5559391975402832,-0.02612398751080036,-80.05424499511719,0.2747596502304077
28437,1,-7.3074631690979,-0.11475834250450134,-0.030662819743156433,-0.09510628134012222,-80.07620239257812,0.18846532702445984
28447,1,-8.169753074645996,-0.8655303716659546,-0.3057118058204651,-0.2811698019504547,-80.12013244628906,0.07353539019823074
28457,1,-8.781671524047852,-1.5962542295455933,-0.7485133409500122,-0.3949688971042633,-80.14210510253906,-0.014512082561850548
28467,1,-9.35713005065918,-2.3026013374328613,-2.5799622535705566,0.024790911003947258,-80.23002624511719,-0.06476970762014389
28477,1,-9.7089204788208,-2.987722635269165,-5.165163040161133,0.7668553590774536,-80.38383483886719,0.07041870057582855
28487,1,-9.91960620880127,-3.6355905532836914,0.294705867767334,-1.5290205478668213,-80.20805358886719,-0.01392770279198885
28497,1,-9.999567985534668,-4.236729145050049,-4.63935661315918,0.0769699215888977,-80.36186218261719,-0.11074136942625046
28507,1,-9.92025089263916,-4.783565044403076,-9.604743003845215,1.8247278928756714,-80.75736999511719,0.117170050740242
28517,1,-9.70539379119873,-5.268131256103516,5.599822998046875,-4.116291522979736,-80.14210510253906,-0.18593300879001617
28527,1,-9.70539379119873,-5.690392971038818,-12.360763549804688,2.4562385082244873,-80.75736999511719,-0.04567998647689819
28537,1,-9.307945251464844,-6.034648895263672,-4.01165246963501,-0.7524343132972717,-80.64747619628906,0.0076943254098296165
28547,1,-8.826345443725586,-6.300314426422119,-8.445270538330078,0.8129485845565796,-80.77932739257812,-0.03165488690137863
28557,1,-8.141390800476074,-6.475516319274902,-3.015742540359497,-1.2702090740203857,-80.69140625,-0.043537262827157974
28567,1,-7.257845878601074,-6.566114902496338,-7.354827880859375,0.33879509568214417,-80.91117858886719,-0.18904970586299896
28577,1,-6.342391014099121,-6.578629016876221,-5.408217430114746,-0.3954220712184906,-80.8671875,-0.18320590257644653
28587,1,-5.290230751037598,-6.494875907897949,-4.076720237731934,-0.8666242957115173,-80.8671875,-0.2624877095222473
28597,1,-4.256443023681641,-6.3397040367126465,-3.4162256717681885,-1.0689882040023804,-80.88922119140625,-0.36144357919692993
28607,1,-2.9640774726867676,-6.0907816886901855,-3.0375940799713135,-1.1278425455093384,-80.91117858886719,-0.45494627952575684
28617,1,-1.7949755191802979,-5.770086765289307,-2.576317071914673,-1.1972219944000244,-80.91117858886719,-0.5348124504089355
28627,1,-0.6444754004478455,-5.36902379989624,-2.4129436016082764,-1.1261147260665894,-80.93315124511719,-0.6061077117919922
28637,1,-0.6444754004478455,-4.919423580169678,-2.0921998023986816,-1.1201767921447754,-80.93315124511719,-0.639418363571167
28647,1,0.7682319283485413,-4.378171443939209,-1.6197370290756226,-1.1062391996383667,-80.93315124511719,-0.6684424877166748
28657,1,2.022704601287842,-3.769047737121582,-1.2517828941345215,-1.0306023359298706,-80.93315124511719,-0.6818837523460388
28667,1,3.3721418380737305,-3.114140510559082,-0.965220034122467,-0.9025749564170837,-80.93315124511719,-0.6816889643669128
28677,1,4.479624271392822,-2.4323952198028564,-0.7420445680618286,-0.7419050335884094,-80.93315124511719,-0.6583132743835449
28687,1,5.672454357147217,-1.7278586626052856,-0.5682353973388672,-0.5470418930053711,-80.93315124511719,-0.6125358939170837
28697,1,6.6101202964782715,-0.969020426273346,-0.4328727424144745,-0.31757205724716187,-80.93315124511719,-0.5398770570755005
28707,1,7.561084270477295,-0.21048223972320557,-0.04630935192108154,-0.17650927603244781,-80.93315124511719,-0.45475149154663086
28717,1,8.350566864013672,0.5447126626968384,0.30904364585876465,-0.024055689573287964,-80.91117858886719,-0.3707936406135559
28727,1,8.350566864013672,1.287537693977356,0.6984911561012268,0.09780155122280121,-80.88922119140625,-0.2817727029323578
28737,1,9.00228214263916,2.0216922760009766,0.8495154976844788,0.3245700001716614,-80.8671875,-0.19976331293582916
28747,1,9.495577812194824,2.732926845550537,1.3074545860290527,0.4282207190990448,-80.82325744628906,-0.035745538771152496
28757,1,9.843929290771484,3.4032599925994873,1.7486783266067505,0.5254566073417664,-80.80130004882812,0.07684687525033951
28767,1,9.993897438049316,4.024903774261475,3.088294506072998,0.2614305019378662,-80.73539733886719,0.14911611378192902
28777,1,9.964203834533691,4.591763973236084,5.966014385223389,-0.6289944648742676,-80.55961608886719,0.03438148275017738
28787,1,9.747176170349121,5.098722457885742,0.9133778810501099,1.4604393243789673,-80.71343994140625,0.09846940636634827
28797,1,9.399774551391602,5.534202575683594,5.22939920425415,0.023078300058841705,-80.58158874511719,0.18164706230163574
28807,1,9.399774551391602,5.902059555053711,11.063282012939453,-2.09989595413208,-80.18608093261719,-0.08152241259813309
28817,1,8.822785377502441,6.180002212524414,-5.723006248474121,4.350329875946045,-80.80130004882812,0.18262101709842682
28827,1,8.199883460998535,6.372219562530518,11.41801643371582,-1.9915313720703125,-80.23002624511719,0.144635871052742
28837,1,7.39445161819458,6.469498634338379,5.198518753051758,0.3161453604698181,-80.25198364257812,0.024252241477370262
28847,1,6.392066955566406,6.4804534912109375,4.869004726409912,0.4609927535057068,-80.29591369628906,0.15593387186527252
28857,1,5.358529567718506,6.392581939697266,5.203263759613037,0.2652392089366913,-80.14210510253906,0.08385942131280899
28867,1,4.158583641052246,6.224299907684326,6.583140850067139,-0.3171650171279907,-80.09817504882812,0.09983295947313309
28877,1,3.0415008068084717,5.962666988372803,4.347103595733643,0.4176645576953888,-80.12013244628906,0.1508692502975464
28887,1,1.669576644897461,5.630887031555176,3.7803049087524414,0.4978119134902954,-80.09817504882812,0.1917767971754074
28897,1,0.43060949444770813,5.2293853759765625,3.351111650466919,0.5089042782783508,-80.07620239257812,0.22586609423160553
28907,1,-0.7872220873832703,4.748607158660889,2.6195175647735596,0.6096103191375732,-80.07620239257812,0.2597605884075165
28917,1,-1.9703457355499268,4.198375701904297,2.2885262966156006,0.5366590619087219,-80.07620239257812,0.30261558294296265
28927,1,-3.1373696327209473,3.5882365703582764,1.7919751405715942,0.502247154712677,-80.07620239257812,0.3168359696865082
28937,1,-4.263492107391357,2.9259121417999268,1.6242787837982178,0.323276162147522,-80.07620239257812,0.31625160574913025
28947,1,-5.414133071899414,2.218965768814087,1.035883903503418,0.28149154782295227,-80.07620239257812,0.2862524390220642
28957,1,-5.414133071899414,1.4925806522369385,0.5819053053855896,0.20562000572681427,-80.07620239257812,0.25625431537628174
28967,1,-6.408290386199951,0.7407135367393494,0.11605633795261383,0.09973007440567017,-80.07620239257812,0.22099627554416656
28977,1,-7.388730525970459,-0.03290501981973648,-0.38209596276283264,-0.002185516757890582,-80.09817504882812,0.16956989467144012
28987,1,-8.239511489868164,-0.7983152270317078,-0.7711260914802551,-0.14547207951545715,-80.12013244628906,0.0807427316904068
28997,1,-8.885717391967773,-1.5561212301254272,-1.0507549047470093,-0.32856711745262146,-80.14210510253906,-0.005941187962889671
29007,1,-9.441539764404297,-2.2859926223754883,-2.271742820739746,-0.14285704493522644,-80.18608093261719,-0.04373205453157425
29017,1,-9.781281471252441,-2.9802536964416504,-4.216818332672119,0.34267398715019226,-80.29591369628906,-0.01626521907746792
29027,1,-9.97658920288086,-3.635115146636963,-3.124826192855835,-0.29760897159576416,-80.31788635253906,0.017824072390794754
29037,1,-9.978342056274414,-4.238620281219482,-4.092776775360107,-0.1586514413356781,-80.36186218261719,-0.0836651399731636
29047,1,-9.807955741882324,-4.7814531326293945,-10.426490783691406,2.0759222507476807,-80.66944885253906,0.21262016892433167
29057,1,-9.807955741882324,-5.259787082672119,-0.23629117012023926,-1.9185709953308105,-80.38383483886719,0.0967162698507309
29067,1,-9.482781410217285,-5.661658763885498,-1.0745534896850586,-1.8303329944610596,-80.27395629882812,-0.23015205562114716
29077,1,-8.962320327758789,-5.975759029388428,-11.444121360778809,2.0306031703948975,-80.88922119140625,-0.1035340279340744
29087,1,-8.259162902832031,-6.205906867980957,-2.4807329177856445,-1.427275538444519,-80.53765869140625,-0.13372746109962463
29097,1,-7.468119144439697,-6.340482234954834,-9.031583786010742,1.0231086015701294,-80.91117858886719,-0.09535272419452667
29107,1,-6.458588600158691,-6.388999938964844,-4.878630638122559,-0.5571276545524597,-80.73539733886719,-0.09106727689504623
29117,1,-5.434567451477051,-6.335988521575928,-3.688182830810547,-0.967989444732666,-80.80130004882812,-0.1645047664642334
29127,1,-4.2295403480529785,-6.202958106994629,-3.8783609867095947,-0.8413077592849731,-80.84523010253906,-0.26365646719932556
29137,1,-2.988431453704834,-5.99058723449707,-3.58650541305542,-0.8740116953849792,-80.8671875,-0.3166406750679016
29147,1,-2.988431453704834,-5.704895496368408,-3.174959659576416,-0.9551937580108643,-80.88922119140625,-0.3781968057155609
29157,1,-1.603235125541687,-5.314571380615234,-2.8762362003326416,-0.9267423748970032,-80.88922119140625,-0.43955761194229126
29167,1,-0.38875365257263184,-4.845816612243652,-2.2303450107574463,-1.0053611993789673,-80.91117858886719,-0.48767200112342834
29177,1,0.9634985327720642,-4.292988300323486,-1.8300824165344238,-0.9582695364952087,-80.91117858886719,-0.528384268283844
29187,1,2.4074902534484863,-3.681749105453491,-1.4155999422073364,-0.8922029137611389,-80.91117858886719,-0.5564344525337219
29197,1,3.6082496643066406,-3.009963035583496,-1.3011372089385986,-0.6926370859146118,-80.91117858886719,-0.5550709366798401
29207,1,4.902914524078369,-2.304762125015259,-1.0036572217941284,-0.5427866578102112,-80.91117858886719,-0.5256571769714355
29217,1,5.977239608764648,-1.556297779083252,-0.7719795107841492,-0.35245317220687866,-80.91117858886719,-0.47988030314445496
29227,1,7.031642913818359,-0.7980435490608215,-0.43335628509521484,-0.1945556253194809,-80.91117858886719,-0.41540226340293884
29237,1,7.90055513381958,-0.018880095332860947,0.21811126172542572,-0.1476387083530426,-80.88922119140625,-0.34897682070732117
29247,1,8.606435775756836,0.7487308382987976,0.9384018182754517,-0.1333857625722885,-80.88922119140625,-0.29482385516166687
29257,1,8.606435775756836,1.4964900016784668,1.046063780784607,0.0919906347990036,-80.8671875,-0.24339798092842102
29267,1,9.269173622131348,2.2361581325531006,1.47372305393219,0.21540164947509766,-80.84523010253906,-0.1294420063495636
29277,1,9.691569328308105,2.945634365081787,1.5514318943023682,0.4578644335269928,-80.82325744628906,-0.017433978617191315
29287,1,9.941221237182617,3.6067891120910645,2.253481388092041,0.4504634141921997,-80.77932739257812,0.09418395906686783
29297,1,9.9982271194458,4.213972091674805,3.8062100410461426,0.09575513005256653,-80.71343994140625,0.1393764615058899
29307,1,9.859515190124512,4.756339073181152,5.7539591789245605,-0.4590972363948822,-80.55961608886719,0.017044899985194206
29317,1,9.562954902648926,5.224700927734375,0.7313321232795715,1.6133010387420654,-80.71343994140625,0.1608036905527115
29327,1,9.056668281555176,5.6176886558532715,7.545497417449951,-0.8000560402870178,-80.44973754882812,0.13606497645378113
29337,1,8.416102409362793,5.9322662353515625,7.751960277557373,-0.8359572887420654,-80.27395629882812,-0.07373018562793732
29347,1,8.416102409362793,6.168633460998535,-5.291457176208496,4.234143257141113,-80.82325744628906,0.35228830575942993
29357,1,7.534348487854004,6.298598289489746,14.43874740600586,-3.1491780281066895,-80.07620239257812,0.10606633871793747
29367,1,6.606482982635498,6.327896595001221,3.106534481048584,1.0739716291427612,-80.31788635253906,0.052302949130535126
29377,1,5.514682292938232,6.270465850830078,6.698916912078857,-0.2883545160293579,-80.20805358886719,0.11970236152410507
29387,1,4.303729057312012,6.105441093444824,3.5141642093658447,0.8112208843231201,-80.20805358886719,0.0692499428987503
29397,1,3.0638914108276367,5.861783027648926,7.000350475311279,-0.5962969064712524,-80.05424499511719,0.11502732336521149
29407,1,1.6981433629989624,5.515994071960449,4.081450462341309,0.3612649440765381,-80.12013244628906,0.13820770382881165
29417,1,0.36417266726493835,5.10037088394165,3.1831953525543213,0.5361201763153076,-80.09817504882812,0.1752188801765442
29427,1,-1.0992416143417358,4.6206841468811035,2.8210129737854004,0.4877709150314331,-80.07620239257812,0.22703485190868378
29437,1,-2.3641510009765625,4.051314353942871,2.236523151397705,0.4984297454357147,-80.07620239257812,0.24709904193878174
29447,1,-2.3641510009765625,3.440802812576294,1.751475214958191,0.484470009803772,-80.07620239257812,0.2671627402305603
29457,1,-3.797501802444458,2.7519876956939697,1.373719573020935,0.36764752864837646,-80.07620239257812,0.2718377709388733
29467,1,-5.0027241706848145,2.0140295028686523,1.0795230865478516,0.20272095501422882,-80.07620239257812,0.25372201204299927
29477,1,-6.070382118225098,1.2446962594985962,0.8382349610328674,0.004269981291145086,-80.07620239257812,0.2169056087732315
29487,1,-7.185247421264648,0.4628598988056183,0.12037010490894318,-0.023955365642905235,-80.09817504882812,0.11911798268556595
29497,1,-8.012190818786621,-0.3285319209098816,-0.33085379004478455,-0.15123090147972107,-80.12013244628906,0.06827598065137863
29507,1,-8.804288864135742,-1.1058566570281982,-0.6659726500511169,-0.32027924060821533,-80.12013244628906,-0.0020453270990401506
29517,1,-9.344844818115234,-1.8699384927749634,-1.5953947305679321,-0.25796785950660706,-80.1640625,-0.056198809295892715
29527,1,-9.768616676330566,-2.597886323928833,-4.294178009033203,0.49891427159309387,-80.29591369628906,-0.009447462856769562
29537,1,-9.966583251953125,-3.284191608428955,-3.0281195640563965,-0.21114064753055573,-80.31788635253906,0.05678318813443184
29547,1,-9.966583251953125,-3.920104742050171,-1.891345739364624,-0.8865971565246582,-80.25198364257812,-0.11229971796274185
29557,1,-9.97501277923584,-4.496304988861084,-11.506404876708984,2.5557291507720947,-80.69140625,0.08308025449514389
29567,1,-9.787274360656738,-4.999807834625244,-1.0889577865600586,-1.5106605291366577,-80.42776489257812,0.10879344493150711
29577,1,-9.443292617797852,-5.422661304473877,0.4599285125732422,-2.328634262084961,-80.23002624511719,-0.23696981370449066
29587,1,-8.843067169189453,-5.759126663208008,-12.689591407775879,2.564737319946289,-80.93315124511719,-0.19314035773277283
29597,1,-8.159123420715332,-6.000018119812012,-1.9591200351715088,-1.5531564950942993,-80.53765869140625,-0.10314444452524185
29607,1,-7.205430507659912,-6.149945259094238,-10.02988338470459,1.4626985788345337,-80.93315124511719,-0.10100171715021133
29617,1,-6.238476753234863,-6.212472915649414,-3.7038726806640625,-0.9391285181045532,-80.69140625,-0.11483202874660492
29627,1,-4.9944024085998535,-6.166166305541992,-4.127889156341553,-0.7369964122772217,-80.82325744628906,-0.17385482788085938
29637,1,-3.690114736557007,-6.0288310050964355,-4.100272178649902,-0.6878926753997803,-80.8671875,-0.2543063759803772
29647,1,-3.690114736557007,-5.806272029876709,-3.4611740112304688,-0.8746665120124817,-80.8671875,-0.30183640122413635
29657,1,-2.3387115001678467,-5.476290225982666,-2.9204065799713135,-0.9600436687469482,-80.88922119140625,-0.37488532066345215
29667,1,-1.0062376260757446,-5.050909042358398,-2.27327299118042,-1.0534895658493042,-80.88922119140625,-0.4459857940673828
29677,1,0.3082542419433594,-4.540918350219727,-1.7712301015853882,-1.0637048482894897,-80.91117858886719,-0.5124107599258423
29687,1,1.5745282173156738,-3.9589574337005615,-1.3697657585144043,-1.0105259418487549,-80.91117858886719,-0.5564344525337219
29697,1,3.0737295150756836,-3.317113161087036,-1.0611610412597656,-0.8930972218513489,-80.91117858886719,-0.5811741948127747
29707,1,4.285204887390137,-2.6383941173553467,-0.8167634606361389,-0.7405074834823608,-80.91117858886719,-0.5790314674377441
29717,1,5.410178184509277,-1.89303457736969,-0.6264265179634094,-0.5401679873466492,-80.91117858886719,-0.5461104512214661
29727,1,6.638232707977295,-1.149889588356018,-0.448238730430603,-0.3275147080421448,-80.91117858886719,-0.4931262135505676
29737,1,7.56433629989624,-0.3724389672279358,0.12242958694696426,-0.2513836622238159,-80.91117858886719,-0.4142335057258606
29747,1,8.465152740478516,0.40068212151527405,0.30554673075675964,-0.02931218594312668,-80.88922119140625,-0.3577425181865692
29757,1,9.128348350524902,1.1812498569488525,0.6570544242858887,0.13352780044078827,-80.8671875,-0.2749549448490143
29767,1,9.128348350524902,1.937516212463379,0.9340680241584778,0.3045535683631897,-80.8671875,-0.18281632661819458
29777,1,9.64675521850586,2.6711463928222656,1.2994478940963745,0.4505716860294342,-80.82325744628906,-0.02892778255045414
29787,1,9.94027328491211,3.357529640197754,2.045084238052368,0.43449947237968445,-80.80130004882812,0.07373018562793732
29797,1,9.996315002441406,3.9882686138153076,2.9362080097198486,0.3397121727466583,-80.75736999511719,0.14560984075069427
29807,1,9.837584495544434,4.550765514373779,5.888523578643799,-0.5806987881660461,-80.58158874511719,0.05561443045735359
29817,1,9.508387565612793,5.040963649749756,1.642896056175232,1.190731406211853,-80.66944885253906,0.07743125408887863
29827,1,8.922478675842285,5.454493045806885,4.706382751464844,0.20797771215438843,-80.58158874511719,0.1758032590150833
29837,1,8.224021911621094,5.770685195922852,11.295724868774414,-2.2240471839904785,-80.1640625,-0.0852234810590744
29847,1,8.224021911621094,6.004151344299316,-4.05574893951416,3.670518636703491,-80.73539733886719,0.126325324177742
29857,1,7.307346343994141,6.128166198730469,7.782076835632324,-0.6886624693870544,-80.36186218261719,0.21554206311702728
29867,1,6.350867748260498,6.149359703063965,6.798301696777344,-0.39179036021232605,-80.18608093261719,0.03282313793897629
29877,1,5.181808948516846,6.057283878326416,2.6833581924438477,1.1356154680252075,-80.38383483886719,0.17950433492660522
29887,1,4.025557518005371,5.8639397621154785,7.75356912612915,-0.8860002756118774,-80.05424499511719,0.08327504247426987
29897,1,2.7860052585601807,5.593692779541016,2.3227903842926025,1.0653132200241089,-80.29591369628906,0.1744397133588791
29907,1,1.2565739154815674,5.237439155578613,5.341825485229492,-0.2369050681591034,-80.07620239257812,0.10996220260858536
29917,1,-0.31336358189582825,4.767185211181641,4.888689994812012,-0.24948793649673462,-80.12013244628906,0.10119651257991791
29927,1,-1.6099774837493896,4.23286771774292,2.2720906734466553,0.5254241228103638,-80.1640625,0.09924858063459396
29937,1,-2.9517452716827393,3.624236822128296,2.0789928436279297,0.36271074414253235,-80.12013244628906,0.11366377770900726
29947,1,-4.332801818847656,2.971102714538574,1.8841444253921509,0.18581010401248932,-80.09817504882812,0.12768886983394623
29957,1,-5.568884372711182,2.25156831741333,1.32185697555542,0.12525252997875214,-80.09817504882812,0.11093616485595703
29967,1,-6.698428153991699,1.4849876165390015,0.9197450876235962,-0.012539759278297424,-80.12013244628906,0.08853496611118317
29977,1,-6.698428153991699,0.7062330842018127,0.6662737131118774,-0.19023574888706207,-80.12013244628906,0.03905702009797096
29987,1,-7.621933937072754,-0.08629639446735382,0.13192148506641388,-0.2912443280220032,-80.14210510253906,-0.023862149566411972
29997,1,-8.519213676452637,-0.8887943029403687,-1.3726122379302979,-0.029993876814842224,-80.20805358886719,-0.056198809295892715
30007,1,-9.229395866394043,-1.6695257425308228,-3.4268057346343994,0.4674389660358429,-80.29591369628906,0.024447035044431686
30017,1,-9.663195610046387,-2.4222946166992188,-0.2718493938446045,-0.9978976845741272,-80.20805358886719,-0.02853819727897644
30027,1,-9.946640968322754,-3.127863883972168,-4.781510353088379,0.4304720461368561,-80.36186218261719,-0.06905515491962433
30037,1,-9.985867500305176,-3.778294563293457,-10.001138687133789,2.2309086322784424,-80.71343994140625,0.23696981370449066
30047,1,-9.81467056274414,-4.365633964538574,6.112892150878906,-4.066989898681641,-80.12013244628906,0.0008765687234699726
30057,1,-9.465645790100098,-4.877267837524414,-9.077384948730469,1.4234193563461304,-80.60354614257812,-0.0692499428987503
30067,1,-9.465645790100098,-5.313909530639648,-4.541797637939453,-0.3763308525085449,-80.64747619628906,0.04081016033887863
30077,1,-8.868390083312988,-5.652163028717041,-3.470489978790283,-0.9299269914627075,-80.53765869140625,-0.12613053619861603
30087,1,-8.180986404418945,-5.892811298370361,-6.134368896484375,0.03584132716059685,-80.80130004882812,-0.042173709720373154
30097,1,-7.222311973571777,-6.036853790283203,-6.924264907836914,0.2828596830368042,-80.77932739257812,-0.053666502237319946
30107,1,-6.078982830047607,-6.061760902404785,-3.277541160583496,-1.0721842050552368,-80.73539733886719,-0.08989851176738739
30117,1,-4.937262535095215,-5.975620269775391,-3.868030309677124,-0.8071295619010925,-80.84523010253906,-0.2496313601732254
30127,1,-3.5024001598358154,-5.793247222900391,-3.40641713142395,-0.9098280072212219,-80.8671875,-0.3014468252658844
30137,1,-2.2205991744995117,-5.5249834060668945,-3.0448124408721924,-0.9513224959373474,-80.8671875,-0.38014471530914307
30147,1,-0.6670197248458862,-5.149611949920654,-2.7426798343658447,-0.9240047335624695,-80.88922119140625,-0.4325450658798218
30157,1,0.7661247253417969,-4.6946587562561035,-2.1300015449523926,-0.9897580742835999,-80.88922119140625,-0.48689284920692444
30167,1,0.7661247253417969,-4.174996376037598,-1.8400131464004517,-0.9419245719909668,-80.88922119140625,-0.528384268283844
30177,1,2.3244848251342773,-3.5564894676208496,-1.47471284866333,-0.8501363396644592,-80.91117858886719,-0.5451364517211914
30187,1,3.6210060119628906,-2.873460292816162,-1.1388378143310547,-0.7269781827926636,-80.91117858886719,-0.5410458445549011
30197,1,4.9127655029296875,-2.1325035095214844,-0.87725830078125,-0.5506799817085266,-80.91117858886719,-0.5202024579048157
30207,1,6.2610368728637695,-1.3583978414535522,-0.5269206166267395,-0.39065930247306824,-80.88922119140625,-0.4826073944568634
30217,1,7.435830593109131,-0.5648983120918274,-0.16607925295829773,-0.2250794768333435,-80.88922119140625,-0.4150126874446869
30227,1,8.41685676574707,0.23493793606758118,0.27620527148246765,-0.08926977962255478,-80.88922119140625,-0.35365185141563416
30237,1,9.122198104858398,1.0275168418884277,0.6866270899772644,0.05623501539230347,-80.8671875,-0.26988983154296875
30247,1,9.122198104858398,1.7978272438049316,1.0737919807434082,0.18870465457439423,-80.84523010253906,-0.19956852495670319
30257,1,9.622648239135742,2.542457103729248,1.796160101890564,0.19969525933265686,-80.82325744628906,-0.06769160181283951
30267,1,9.907480239868164,3.2433314323425293,1.6456736326217651,0.5248176455497742,-80.80130004882812,0.02542100101709366
30277,1,9.999999046325684,3.8863131999969482,2.3194162845611572,0.5189315676689148,-80.75736999511719,0.13216911256313324
30287,1,9.906341552734375,4.459195137023926,5.309387683868408,-0.4006566107273102,-80.60354614257812,0.10139130800962448
30297,1,9.595220565795898,4.9479522705078125,4.21119499206543,0.17068353295326233,-80.55961608886719,0.013149037957191467
30307,1,9.015843391418457,5.3564581871032715,1.6218554973602295,1.3158615827560425,-80.66944885253906,0.20521752536296844
30317,1,8.198051452636719,5.672628402709961,11.885225296020508,-2.470170736312866,-80.23002624511719,0.029122069478034973
30327,1,7.167450904846191,5.872543811798096,1.0618066787719727,1.6271549463272095,-80.49366760253906,-0.033408023416996
30337,1,6.072530746459961,5.974089622497559,0.5698552131652832,1.9264335632324219,-80.64747619628906,0.28586286306381226
30347,1,6.072530746459961,5.983457088470459,11.66462230682373,-2.2953226566314697,-80.01029968261719,0.16197244822978973
30357,1,4.763419151306152,5.8673553466796875,-0.29483675956726074,2.1579291820526123,-80.47169494628906,0.19060803949832916
30367,1,3.4730470180511475,5.639506816864014,9.881908416748047,-1.7609198093414307,-80.07620239257812,0.0815219059586525
30377,1,2.069202184677124,5.299747943878174,1.6688096523284912,1.1695622205734253,-80.29591369628906,0.08580735325813293
30387,1,0.4994460940361023,4.8716325759887695,7.669471263885498,-1.259711503982544,-80.07620239257812,0.07626249641180038
30397,1,-0.8897788524627686,4.3487548828125,0.7982234358787537,1.1155964136123657,-80.27395629882812,0.08424901217222214
30407,1,-2.505765199661255,3.786878824234009,5.658987522125244,-0.9393277168273926,-80.05424499511719,0.1271044909954071
30417,1,-3.882183074951172,3.134084701538086,1.2036025524139404,0.4900120198726654,-80.20805358886719,0.1043132022023201
30427,1,-5.261891841888428,2.412299871444702,1.436257004737854,0.11459750682115555,-80.14210510253906,0.03983619436621666
30437,1,-6.441516399383545,1.6586462259292603,2.3136227130889893,-0.49645769596099854,-80.12013244628906,0.04977063834667206
30447,1,-6.441516399383545,0.8878139853477478,-0.5527674555778503,0.31052061915397644,-80.20805358886719,0.0022401202004402876
30457,1,-7.611845016479492,0.07896488904953003,0.9780046343803406,-0.5697418451309204,-80.1640625,0.00749953230842948
30467,1,-8.467778205871582,-0.734364926815033,-1.8505033254623413,0.1788196712732315,-80.25198364257812,-0.06671763211488724
30477,1,-9.138755798339844,-1.5341482162475586,-6.48392391204834,1.6686904430389404,-80.49366760253906,0.1880757361650467
30487,1,-9.668022155761719,-2.298513650894165,4.379321098327637,-2.7125680446624756,-80.09817504882812,0.011784980073571205
30497,1,-9.930095672607422,-3.0199637413024902,-7.553786277770996,1.4918149709701538,-80.47169494628906,-0.042563296854496
30507,1,-9.989410400390625,-3.6810038089752197,-5.15573787689209,0.43361204862594604,-80.60354614257812,0.15262238681316376
30517,1,-9.830729484558105,-4.272086143493652,4.303184509277344,-3.4145538806915283,-80.09817504882812,-0.1598297357559204
30527,1,-9.477394104003906,-4.787205696105957,-14.370824813842773,3.466620445251465,-80.95510864257812,-0.11229971796274185
30537,1,-8.821152687072754,-5.220541954040527,-0.440548300743103,-1.9068243503570557,-80.49366760253906,-0.058341532945632935
30547,1,-8.821152687072754,-5.563185691833496,-10.408918380737305,1.7101417779922485,-80.84523010253906,-0.01977149397134781
30557,1,-7.939324378967285,-5.789305210113525,-2.025045156478882,-1.4984891414642334,-80.64747619628906,-0.0935995802283287
30567,1,-6.974603652954102,-5.902101993560791,-7.071084976196289,0.3808419406414032,-80.91117858886719,-0.20210082828998566
30577,1,-5.7863993644714355,-5.891092777252197,-5.502044200897217,-0.1930837780237198,-80.8671875,-0.16314120590686798
30587,1,-4.4326090812683105,-5.777044773101807,-4.210023880004883,-0.6249558329582214,-80.84523010253906,-0.22703535854816437
30597,1,-3.079420328140259,-5.545065879821777,-3.3884873390197754,-0.8439115881919861,-80.8671875,-0.29891449213027954
30607,1,-1.4659355878829956,-5.216466903686523,-2.847363233566284,-0.9199308156967163,-80.8671875,-0.36300191283226013
30617,1,-0.05052093416452408,-4.8040571212768555,-2.5773684978485107,-0.8691842555999756,-80.88922119140625,-0.4261169135570526
30627,1,1.5855367183685303,-4.2875471115112305,-2.0572807788848877,-0.8710976839065552,-80.88922119140625,-0.46643906831741333
30637,1,3.0685813426971436,-3.699282646179199,-1.592542052268982,-0.8290596604347229,-80.88922119140625,-0.4962429106235504
30647,1,3.0685813426971436,-3.0552351474761963,-1.4293419122695923,-0.6836711168289185,-80.88922119140625,-0.5102680325508118
30657,1,4.472467422485352,-2.3388798236846924,-1.1035029888153076,-0.537095308303833,-80.88922119140625,-0.4839709401130676
30667,1,5.728808403015137,-1.5711380243301392,-0.6408113837242126,-0.4222915470600128,-80.88922119140625,-0.44345349073410034
30677,1,6.961097717285156,-0.7591885328292847,-0.2772005498409271,-0.25172895193099976,-80.88922119140625,-0.3980656862258911
30687,1,8.038435935974121,0.058323200792074203,0.23616452515125275,-0.13489750027656555,-80.88922119140625,-0.3386527895927429
30697,1,8.795801162719727,0.8759599924087524,1.0650217533111572,-0.14153952896595,-80.8671875,-0.2732013165950775
30707,1,9.467172622680664,1.6559571027755737,0.9666082859039307,0.1907017081975937,-80.84523010253906,-0.21651552617549896
30717,1,9.825798988342285,2.41335391998291,1.6462676525115967,0.22037887573242188,-80.82325744628906,-0.07470414787530899
30727,1,9.997888565063477,3.12548828125,1.9698830842971802,0.3673255443572998,-80.80130004882812,0.022693898528814316
30737,1,9.908767700195312,3.7777183055877686,2.320681095123291,0.4797559976577759,-80.77932739257812,0.117170050740242
30747,1,9.59434700012207,4.354938507080078,4.405414581298828,-0.09687051177024841,-80.66944885253906,0.1278836727142334
30757,1,9.59434700012207,4.85353422164917,4.9206085205078125,-0.12275689840316772,-80.58158874511719,0.021719932556152344
30767,1,9.058601379394531,5.25369930267334,1.3806753158569336,1.3705711364746094,-80.69140625,0.2024904191493988
30777,1,8.306334495544434,5.544196128845215,9.50495719909668,-1.6006548404693604,-80.33984375,0.07334060221910477
30787,1,7.267847061157227,5.727205753326416,4.505760192871094,0.2802645266056061,-80.36186218261719,-0.07821093499660492
30797,1,6.181157112121582,5.790268421173096,-3.2980480194091797,3.3104281425476074,-80.77932739257812,0.28449931740760803
30807,1,4.799183368682861,5.746986389160156,14.77647590637207,-3.5577359199523926,-79.98828125,0.15047965943813324
30817,1,3.4520366191864014,5.603968620300293,0.21693658828735352,1.8317912817001343,-80.44973754882812,0.0731458067893982
30827,1,1.8721364736557007,5.3372368812561035,4.994017601013184,-0.04036061838269234,-80.36186218261719,0.19372473657131195
30837,1,0.32933908700942993,4.976940155029297,4.803614616394043,-0.17409375309944153,-80.1640625,0.023862656205892563
30847,1,0.32933908700942993,4.534663677215576,-0.26091647148132324,1.6311160326004028,-80.47169494628906,0.24261879920959473
30857,1,-1.2941632270812988,3.979978084564209,8.646610260009766,-1.978592872619629,-80.01029968261719,0.11132574826478958
30867,1,-2.719827175140381,3.3424079418182373,-3.444390296936035,2.3453433513641357,-80.47169494628906,0.20736025273799896
30877,1,-4.186429500579834,2.6259446144104004,7.678859233856201,-2.1090028285980225,-80.07620239257812,0.07450935989618301
30887,1,-5.614620208740234,1.8678569793701172,-2.1929383277893066,1.292769193649292,-80.36186218261719,0.047043535858392715
30897,1,-6.808607578277588,1.086272954940796,1.2274495363235474,-0.25646066665649414,-80.31788635253906,0.15028487145900726
30907,1,-7.945189476013184,0.2904101312160492,1.3484559059143066,-0.654478907585144,-80.18608093261719,-0.033018436282873154
30917,1,-8.725129127502441,-0.5238924026489258,-9.816556930541992,3.306427240371704,-80.73539733886719,0.3226797580718994
30927,1,-9.422529220581055,-1.3316885232925415,6.944276332855225,-3.294809341430664,-80.14210510253906,0.054056085646152496
30937,1,-9.836328506469727,-2.1098272800445557,-4.896717071533203,0.8196778893470764,-80.44973754882812,-0.04275808855891228
30947,1,-9.836328506469727,-2.8451006412506104,-4.720270156860352,0.5716615319252014,-80.64747619628906,0.11853360384702682
30957,1,-9.995858192443848,-3.5255849361419678,5.4163498878479,-3.5620570182800293,-80.12013244628906,-0.19898414611816406
30967,1,-9.920920372009277,-4.134181022644043,-13.885819435119629,3.506913661956787,-80.95510864257812,-0.07509424537420273
30977,1,-9.631723403930664,-4.6573405265808105,-0.17698276042938232,-1.816166639328003,-80.515625,-0.044900812208652496
30987,1,-9.117477416992188,-5.081778049468994,-9.639669418334961,1.59101402759552,-80.84523010253906,-0.0224985983222723
30997,1,-8.402134895324707,-5.3977508544921875,-1.7456574440002441,-1.4664280414581299,-80.64747619628906,-0.08619745075702667
31007,1,-7.367822170257568,-5.604133605957031,-6.611269950866699,0.3113635182380676,-80.91117858886719,-0.21417801082134247
31017,1,-6.089428901672363,-5.721843719482422,-5.363986492156982,-0.18338029086589813,-80.8671875,-0.17950484156608582
31027,1,-4.634393692016602,-5.728012561798096,-4.096129417419434,-0.6473991274833679,-80.8671875,-0.24028128385543823
31037,1,-3.2114217281341553,-5.595763683319092,-3.2393479347229004,-0.9160459637641907,-80.8671875,-0.31722503900527954
31047,1,-3.2114217281341553,-5.368863105773926,-2.9426543712615967,-0.9739052653312683,-80.88922119140625,-0.3933906555175781
31057,1,-1.5852289199829102,-5.00880241394043,-2.744222640991211,-0.9111437201499939,-80.88922119140625,-0.45182958245277405
31067,1,-0.0521550215780735,-4.53711462020874,-2.537714719772339,-0.810815155506134,-80.91117858886719,-0.4787115454673767
31077,1,1.4465409517288208,-3.9676952362060547,-1.9667043685913086,-0.8131582140922546,-80.91117858886719,-0.49604812264442444
31087,1,3.1057586669921875,-3.3248963356018066,-1.5220012664794922,-0.7372623085975647,-80.91117858886719,-0.5016971230506897
31097,1,4.492747783660889,-2.606302261352539,-1.1756662130355835,-0.6002259850502014,-80.91117858886719,-0.4954637289047241
31107,1,5.744894981384277,-1.8578187227249146,-0.9059401750564575,-0.4219512343406677,-80.91117858886719,-0.4644911289215088
31117,1,6.86542272567749,-1.0481748580932617,-0.46874767541885376,-0.28267258405685425,-80.88922119140625,-0.4064417779445648
31127,1,7.884645938873291,-0.2357417643070221,-0.3553917109966278,-0.017050590366125107,-80.88922119140625,-0.3458601236343384
31137,1,8.691147804260254,0.583981990814209,0.2769361138343811,0.056203581392765045,-80.8671875,-0.26677313446998596
31147,1,9.415566444396973,1.383885383605957,0.43700531125068665,0.3028201758861542,-80.84523010253906,-0.1781412959098816
31157,1,9.805780410766602,2.163501024246216,0.8070701360702515,0.46061456203460693,-80.82325744628906,-0.017823563888669014
31167,1,9.99667739868164,2.8945393562316895,1.7974189519882202,0.367484986782074,-80.77932739257812,0.09398917108774185
31177,1,9.917277336120605,3.5688250064849854,2.739244222640991,0.2627341151237488,-80.73539733886719,0.14132438600063324
31187,1,9.917277336120605,4.172959804534912,4.98160982131958,-0.3701951801776886,-80.58158874511719,0.0616530142724514
31197,1,9.552038192749023,4.6848464012146,2.281722068786621,0.8277055621147156,-80.64747619628906,0.09632668644189835
31207,1,8.982183456420898,5.0937910079956055,5.028224468231201,-0.05209966003894806,-80.53765869140625,0.14132438600063324
31217,1,8.228752136230469,5.3921217918396,9.98941421508789,-1.8684552907943726,-80.23002624511719,-0.1454150378704071
31227,1,7.1089911460876465,5.57597017288208,-3.0556023120880127,3.103102207183838,-80.64747619628906,0.03555024042725563
31237,1,5.991482257843018,5.635937690734863,4.408613204956055,0.3791069984436035,-80.49366760253906,0.26618877053260803
31247,1,4.48586893081665,5.610735893249512,8.156729698181152,-1.1378823518753052,-80.12013244628906,0.04762791469693184
31257,1,3.0991241931915283,5.449316024780273,-0.05591590702533722,1.9042387008666992,-80.47169494628906,0.22976195812225342
31267,1,1.4494307041168213,5.160980224609375,10.240928649902344,-2.115694522857666,-80.01029968261719,0.12067632377147675
31277,1,-0.14669199287891388,4.7761735916137695,0.13100159168243408,1.5304930210113525,-80.36186218261719,0.14892131090164185
31287,1,-1.8500080108642578,4.273974418640137,8.021771430969238,-1.6493635177612305,-80.03227233886719,0.09184644371271133
31297,1,-1.8500080108642578,3.6912012100219727,-0.34308165311813354,1.3029762506484985,-80.31788635253906,0.09905379265546799
31307,1,-3.2973031997680664,3.0261569023132324,6.258467674255371,-1.4420499801635742,-80.05424499511719,0.07976876944303513
31317,1,-4.781818866729736,2.283130407333374,-1.74953031539917,1.2875255346298218,-80.31788635253906,0.08697611093521118
31327,1,-6.034327507019043,1.49161958694458,5.0603790283203125,-1.5768471956253052,-80.05424499511719,0.06418532878160477
31337,1,-7.166353225708008,0.6677048802375793,-3.444279193878174,1.313476800918579,-80.36186218261719,0.05386129394173622
31347,1,-8.268022537231445,-0.16250434517860413,1.3461707830429077,-0.7782459855079651,-80.25198364257812,0.10450799763202667
31357,1,-9.039406776428223,-0.9787680506706238,-1.4506020545959473,-0.06985840201377869,-80.25198364257812,-0.058341532945632935
31367,1,-9.640576362609863,-1.7808480262756348,-10.144058227539062,2.9762401580810547,-80.73539733886719,0.2938498854637146
31377,1,-9.935873031616211,-2.5403785705566406,7.182476997375488,-3.8291585445404053,-80.09817504882812,0.0285376887768507
31387,1,-9.981038093566895,-3.245046854019165,-7.0174665451049805,1.2108993530273438,-80.53765869140625,-0.04899146780371666
31397,1,-9.76572322845459,-3.8817975521087646,-3.740506887435913,-0.17692828178405762,-80.64747619628906,0.07061349600553513
31407,1,-9.76572322845459,-4.441727161407471,1.6473647356033325,-2.4681265354156494,-80.33984375,-0.22508743405342102
31417,1,-9.24100399017334,-4.898438930511475,-11.024115562438965,2.1805520057678223,-80.95510864257812,-0.21826866269111633
31427,1,-8.563807487487793,-5.2472453117370605,-3.1772069931030273,-0.8849311470985413,-80.64747619628906,-0.09846940636634827
31437,1,-7.6224870681762695,-5.473278999328613,-5.411955833435059,-0.08708995580673218,-80.82325744628906,-0.04645915701985359
31447,1,-6.362764358520508,-5.5809502601623535,-6.263248920440674,0.20705156028270721,-80.8671875,-0.0692499428987503
31457,1,-5.075577735900879,-5.556386470794678,-4.215083122253418,-0.5375264286994934,-80.82325744628906,-0.15028487145900726
31467,1,-3.4999570846557617,-5.418874740600586,-3.3077280521392822,-0.8129953742027283,-80.84523010253906,-0.23404790461063385
31477,1,-2.041693925857544,-5.151342868804932,-2.7618837356567383,-0.9158056378364563,-80.8671875,-0.31858861446380615
31487,1,-0.27731257677078247,-4.786238670349121,-2.542295455932617,-0.8542971014976501,-80.88922119140625,-0.3807291090488434
31497,1,1.3856136798858643,-4.3242292404174805,-2.5218794345855713,-0.6850990056991577,-80.88922119140625,-0.4294283986091614
31507,1,3.0449576377868652,-3.748009204864502,-1.9543718099594116,-0.6779571175575256,-80.88922119140625,-0.4393628239631653
31517,1,3.0449576377868652,-3.1015729904174805,-1.5123965740203857,-0.6344045996665955,-80.88922119140625,-0.44325870275497437
31527,1,4.440110206604004,-2.3838868141174316,-1.168186068534851,-0.49414363503456116,-80.88922119140625,-0.4309867322444916
31537,1,5.882212162017822,-1.597264051437378,-0.8923985958099365,-0.29756173491477966,-80.88922119140625,-0.3914427161216736
31547,1,7.227832317352295,-0.7820417284965515,-0.4712880551815033,-0.14334115386009216,-80.88922119140625,-0.3433278203010559
31557,1,8.226563453674316,0.05698438361287117,0.1292952597141266,-0.05204986780881882,-80.8671875,-0.28352585434913635
31567,1,9.100220680236816,0.8686789274215698,0.40690135955810547,0.15187586843967438,-80.8671875,-0.22372286021709442
31577,1,9.638178825378418,1.6731071472167969,0.9926937818527222,0.23643171787261963,-80.82325744628906,-0.08249638229608536
31587,1,9.953631401062012,2.443453073501587,1.2516107559204102,0.43135353922843933,-80.80130004882812,0.02678455226123333
31597,1,9.975347518920898,3.158571481704712,1.9766086339950562,0.42604199051856995,-80.77932739257812,0.12106591463088989
31607,1,9.975347518920898,3.8072733879089355,4.009032726287842,-0.10207659006118774,-80.69140625,0.11424815654754639
31617,1,9.695013046264648,4.367565155029297,4.022702693939209,0.08022154122591019,-80.64747619628906,0.05035501718521118
31627,1,9.157904624938965,4.823426246643066,2.4926562309265137,0.8300544023513794,-80.69140625,0.1752188801765442
31637,1,8.423656463623047,5.166033744812012,8.414525985717773,-1.3007326126098633,-80.40580749511719,0.060094669461250305
31647,1,7.316512584686279,5.3909149169921875,5.077186584472656,-0.02486266754567623,-80.40580749511719,-0.10139130800962448
31657,1,6.168951988220215,5.485930442810059,-3.180325984954834,3.17384934425354,-80.82325744628906,0.23911252617835999
31667,1,4.704947471618652,5.465672016143799,14.33581256866455,-3.4730236530303955,-80.05424499511719,0.08444380015134811
31677,1,3.2147560119628906,5.334847927093506,-0.22517871856689453,1.90968918800354,-80.49366760253906,0.02074596658349037
31687,1,1.449880599975586,5.098148345947266,1.3770647048950195,1.266708493232727,-80.515625,0.2878113090991974
31697,1,-0.14668306708335876,4.71935510635376,8.450910568237305,-1.6163074970245361,-80.05424499511719,0.1119101271033287
31707,1,-0.14668306708335876,4.256289958953857,-0.9464275240898132,1.7880266904830933,-80.42776489257812,0.21963271498680115
31717,1,-1.967912197113037,3.6639795303344727,8.978143692016602,-2.2041313648223877,-80.01029968261719,0.08463859558105469
31727,1,-3.5700886249542236,2.975567102432251,-2.6490726470947266,1.9029364585876465,-80.40580749511719,0.08561255782842636
31737,1,-4.953021049499512,2.221062183380127,4.302966117858887,-0.9755068421363831,-80.20805358886719,0.11210492253303528
31747,1,-6.460775375366211,1.4224364757537842,-0.4190559387207031,0.4514346420764923,-80.25198364257812,-0.009642256423830986
31757,1,-7.572004795074463,0.5868145823478699,-4.383573532104492,1.6857155561447144,-80.515625,0.2451511174440384
31767,1,-8.614322662353516,-0.25029924511909485,7.453331470489502,-3.1237170696258545,-79.98828125,0.043926846235990524
31777,1,-9.317809104919434,-1.0872087478637695,-8.940494537353516,2.744835376739502,-80.60354614257812,0.038277849555015564
31787,1,-9.812213897705078,-1.889839768409729,0.1985929012298584,-0.9300726056098938,-80.40580749511719,0.15729741752147675
31797,1,-9.996713638305664,-2.6474063396453857,1.170210838317871,-1.654722809791565,-80.20805358886719,-0.09749544411897659
31807,1,-9.996713638305664,-3.3467845916748047,-10.89444351196289,2.7029926776885986,-80.8671875,0.04022578150033951
31817,1,-9.871573448181152,-3.967700481414795,4.19120454788208,-3.215552806854248,-80.27395629882812,-0.09788502752780914
31827,1,-9.507779121398926,-4.494907855987549,-8.319753646850586,1.2658851146697998,-80.64747619628906,-0.10665071755647659
31837,1,-8.843096733093262,-4.908692836761475,-3.8013410568237305,-0.51117342710495,-80.69140625,0.01042142789810896
31847,1,-7.8656415939331055,-5.207950592041016,-7.1186652183532715,0.6346248388290405,-80.75736999511719,-0.03983619436621666
31857,1,-6.741873741149902,-5.395420551300049,-2.1554179191589355,-1.263225793838501,-80.71343994140625,-0.03146009147167206
31867,1,-5.244673728942871,-5.436361789703369,-7.013336181640625,0.5772311687469482,-80.91117858886719,-0.16158287227153778
31877,1,-3.5615854263305664,-5.352125644683838,-5.134199619293213,-0.07401368767023087,-80.8671875,-0.126325324177742
31887,1,-2.0397322177886963,-5.151598930358887,-3.577317953109741,-0.5693140029907227,-80.84523010253906,-0.1925559788942337
31897,1,-2.0397322177886963,-4.855466365814209,-2.908127546310425,-0.7355618476867676,-80.8671875,-0.2556699514389038
31907,1,-0.18066686391830444,-4.410599708557129,-2.8378593921661377,-0.583118200302124,-80.8671875,-0.3100177049636841
31917,1,1.5700801610946655,-3.8414628505706787,-2.203948497772217,-0.5991113185882568,-80.8671875,-0.3256016671657562
31927,1,3.3228800296783447,-3.191725015640259,-1.706767201423645,-0.5345650315284729,-80.88922119140625,-0.33923718333244324
31937,1,4.816234588623047,-2.4848127365112305,-1.3195620775222778,-0.41144421696662903,-80.88922119140625,-0.34001633524894714
31947,1,6.308931827545166,-1.7030985355377197,-1.0180063247680664,-0.22496674954891205,-80.88922119140625,-0.3168354630470276
31957,1,7.507615089416504,-0.8708473443984985,-0.7213029265403748,-0.0197366364300251,-80.8671875,-0.2681366801261902
31967,1,8.568713188171387,-0.052520401775836945,-0.5520817637443542,0.23250967264175415,-80.8671875,-0.2001529037952423
31977,1,9.296507835388184,0.7823094725608826,-0.08185223489999771,0.37585940957069397,-80.82325744628906,-0.040030986070632935
31987,1,9.813453674316406,1.6027783155441284,0.6176000237464905,0.4263158440589905,-80.80130004882812,0.0632113590836525
31997,1,9.813453674316406,2.384127140045166,1.0880818367004395,0.5395215749740601,-80.77932739257812,0.144635871052742
32007,1,9.997780799865723,3.10866117477417,4.924389362335205,-0.6476753354072571,-80.58158874511719,0.07509373873472214
32017,1,9.898896217346191,3.7548372745513916,1.6079974174499512,0.8194833397865295,-80.64747619628906,0.02113555371761322
32027,1,9.467296600341797,4.306337833404541,1.701932668685913,1.0147136449813843,-80.69140625,0.21573685109615326
32037,1,8.809393882751465,4.746884822845459,12.772890090942383,-3.0512914657592773,-80.1640625,-0.022693390026688576
32047,1,7.805690288543701,5.075031757354736,-2.6374411582946777,2.8403055667877197,-80.62551879882812,0.018992830067873
32057,1,6.672059059143066,5.290437698364258,4.318636417388916,0.36128026247024536,-80.515625,0.243592768907547
32067,1,5.210587978363037,5.3646111488342285,8.050427436828613,-1.1145837306976318,-80.14210510253906,0.03301792964339256
32077,1,3.6767139434814453,5.319580554962158,-0.9385006427764893,2.2608554363250732,-80.515625,0.25917622447013855
32087,1,3.6767139434814453,5.163241386413574,11.496041297912598,-2.4782023429870605,-80.01029968261719,0.09340479224920273
32097,1,1.8370914459228516,4.846716403961182,-0.16496169567108154,1.7628816366195679,-80.38383483886719,0.1469733864068985
32107,1,0.1413993388414383,4.398946762084961,8.265793800354004,-1.592639684677124,-80.05424499511719,0.07723645865917206
32117,1,-1.466867446899414,3.8407413959503174,0.2839878797531128,1.1770193576812744,-80.29591369628906,0.0935995802283287
32127,1,-3.277993679046631,3.1964104175567627,6.577601432800293,-1.4541879892349243,-80.07620239257812,0.07139267027378082
32137,1,-4.840446472167969,2.460162878036499,-1.6138020753860474,1.3392119407653809,-80.33984375,0.057951945811510086
32147,1,-6.3548994064331055,1.6772239208221436,4.027859687805176,-1.0715501308441162,-80.1640625,0.08171670138835907
32157,1,-7.577766418457031,0.8649172186851501,-1.8883676528930664,0.8216233849525452,-80.29591369628906,-0.008278705179691315
32167,1,-8.608030319213867,0.021092809736728668,-2.7716927528381348,0.8860342502593994,-80.44973754882812,0.2040487676858902
32177,1,-9.3616304397583,-0.8149988055229187,4.450955390930176,-2.1879050731658936,-80.05424499511719,-0.02035587467253208
32187,1,-9.3616304397583,-1.628317952156067,-10.319857597351074,3.1136021614074707,-80.66944885253906,0.10217047482728958
32197,1,-9.848892211914062,-2.410609006881714,1.672910213470459,-1.6459988355636597,-80.36186218261719,0.12126070261001587
32207,1,-9.99986457824707,-3.132822036743164,-0.5235817432403564,-1.1650002002716064,-80.27395629882812,-0.11677995324134827
32217,1,-9.864456176757812,-3.7734217643737793,-9.22440242767334,1.9550278186798096,-80.84523010253906,0.03496586158871651
32227,1,-9.380013465881348,-4.315814971923828,3.8684253692626953,-3.1918413639068604,-80.29591369628906,-0.19352994859218597
32237,1,-8.671968460083008,-4.743300437927246,-12.045024871826172,2.642242193222046,-80.84523010253906,-0.030486127361655235
32247,1,-7.614230155944824,-5.055564880371094,-1.76860511302948,-1.2841415405273438,-80.60354614257812,-0.04119974374771118
32257,1,-6.4088311195373535,-5.251789093017578,-9.283488273620605,1.494913101196289,-80.91117858886719,-0.04081016033887863
32267,1,-4.881715774536133,-5.302016735076904,-2.3864424228668213,-1.087658405303955,-80.69140625,-0.08191200345754623
32277,1,-3.303830862045288,-5.230775356292725,-4.700771808624268,-0.1537626087665558,-80.84523010253906,-0.11054658144712448
32287,1,-1.731095314025879,-5.016260623931885,-4.901913642883301,0.022750280797481537,-80.8671875,-0.15203800797462463
32297,1,-1.731095314025879,-4.70363712310791,-3.7326438426971436,-0.3222551941871643,-80.8671875,-0.17619335651397705
32307,1,0.21848013997077942,-4.235236167907715,-2.915072202682495,-0.43471917510032654,-80.84523010253906,-0.21106131374835968
32317,1,2.009490728378296,-3.640972852706909,-2.2605905532836914,-0.44576361775398254,-80.84523010253906,-0.23307394981384277
32327,1,3.815782070159912,-2.964386224746704,-1.7508798837661743,-0.37220481038093567,-80.8671875,-0.2412552535533905
32337,1,5.282158374786377,-2.206428289413452,-1.3539170026779175,-0.2318507432937622,-80.8671875,-0.23346352577209473
32347,1,6.814176559448242,-1.4045777320861816,-1.03665030002594,-0.03966669365763664,-80.84523010253906,-0.20424355566501617
32357,1,7.922919750213623,-0.5789856314659119,-0.3402974009513855,0.013600963167846203,-80.84523010253906,-0.12729929387569427
32367,1,8.808801651000977,0.26481324434280396,-0.025523141026496887,0.2154518961906433,-80.82325744628906,-0.04782271012663841
32377,1,9.493865966796875,1.1047427654266357,0.2810601592063904,0.41815438866615295,-80.82325744628906,0.021914726123213768
32387,1,9.91830062866211,1.9114775657653809,1.1708632707595825,0.3874935209751129,-80.77932739257812,0.10684551298618317
32397,1,9.91830062866211,2.6734273433685303,2.628394365310669,0.1152254045009613,-80.71343994140625,0.13294829428195953
32407,1,9.97940444946289,3.368683338165283,4.138524532318115,-0.2142532914876938,-80.62551879882812,0.059705086052417755
32417,1,9.703630447387695,3.9715330600738525,1.5587916374206543,0.9768806099891663,-80.69140625,0.14268794655799866
32427,1,9.173532485961914,4.466568470001221,6.7131452560424805,-0.7955710291862488,-80.49366760253906,0.10470278561115265
32437,1,8.217495918273926,4.840991497039795,7.18275785446167,-0.9029591083526611,-80.33984375,-0.12398730218410492
32447,1,6.987002372741699,5.090649604797363,-5.087162971496582,3.833925247192383,-80.84523010253906,0.3168359696865082
32457,1,5.579550266265869,5.2159247398376465,11.756698608398438,-2.4664947986602783,-80.20805358886719,0.10314444452524185
32467,1,3.94618558883667,5.186482906341553,3.205233335494995,0.6539642214775085,-80.33984375,-0.0008765687234699726
32477,1,2.283928871154785,5.0355377197265625,-0.11081075668334961,1.8804935216903687,-80.55961608886719,0.27748677134513855
32487,1,2.283928871154785,4.773687839508057,10.477912902832031,-2.236868381500244,-80.01029968261719,0.13587018847465515
32497,1,0.3480583131313324,4.352534294128418,-2.2508187294006348,2.387479066848755,-80.515625,0.22138585150241852
32507,1,-1.3658643960952759,3.8083572387695312,8.962204933166504,-2.0446243286132812,-80.12013244628906,0.08249587565660477
32517,1,-3.0247790813446045,3.1580986976623535,-0.5615960359573364,1.2491540908813477,-80.36186218261719,0.02366786263883114
32527,1,-4.8441033363342285,2.429844379425049,0.9092890024185181,0.4494919776916504,-80.40580749511719,0.19314035773277283
32537,1,-6.484877586364746,1.6733015775680542,3.8582637310028076,-1.0114128589630127,-80.14210510253906,0.00749953230842948
32547,1,-7.862730503082275,0.8696650862693787,-7.44502067565918,2.9799420833587646,-80.62551879882812,0.3061218559741974
32557,1,-8.809868812561035,0.019913440570235252,7.394997596740723,-2.913733959197998,-80.14210510253906,0.06808118522167206
32567,1,-8.809868812561035,-0.8203511238098145,-3.788926124572754,0.9507333636283875,-80.42776489257812,-0.012953737750649452
32577,1,-9.57351016998291,-1.6533241271972656,-4.3480939865112305,0.9250164031982422,-80.62551879882812,0.1820366382598877
32587,1,-9.927094459533691,-2.4406774044036865,7.1067609786987305,-3.7459568977355957,-80.05424499511719,-0.1477525532245636
32597,1,-9.98382568359375,-3.1585025787353516,-13.219846725463867,3.667210817337036,-80.88922119140625,-0.0006817756802774966
32607,1,-9.676222801208496,-3.7843680381774902,1.185143232345581,-1.944021463394165,-80.42776489257812,0.04587477818131447
32617,1,-8.986369132995605,-4.318002700805664,-2.6356630325317383,-0.7481792569160461,-80.44973754882812,-0.18943928182125092
32627,1,-7.933282375335693,-4.741403102874756,-6.568070888519287,0.662126898765564,-80.82325744628906,-0.019966287538409233
32637,1,-6.756833553314209,-5.02185583114624,-2.9266715049743652,-0.8141389489173889,-80.60354614257812,-0.11385805904865265
32647,1,-6.756833553314209,-5.186960220336914,-4.478366851806641,-0.26614058017730713,-80.80130004882812,-0.04957584664225578
32657,1,-5.1622819900512695,-5.18461275100708,-6.695561408996582,0.5889999866485596,-80.8671875,-0.04762791469693184
32667,1,-3.665396213531494,-5.040040969848633,-3.7230491638183594,-0.4523119330406189,-80.80130004882812,-0.10645592212677002
32677,1,-1.8674449920654297,-4.738128662109375,-2.921093225479126,-0.6167352199554443,-80.82325744628906,-0.15885576605796814
32687,1,0.06885649263858795,-4.31607723236084,-2.857191562652588,-0.46214890480041504,-80.84523010253906,-0.20599669218063354
32697,1,1.8069924116134644,-3.7651619911193848,-2.215513229370117,-0.4868199825286865,-80.84523010253906,-0.229762464761734
32707,1,3.712233304977417,-3.123948812484741,-1.7754673957824707,-0.3994084298610687,-80.8671875,-0.24768342077732086
32717,1,5.49631929397583,-2.43807315826416,-1.3730658292770386,-0.28155219554901123,-80.8671875,-0.24826779961585999
32727,1,7.026827812194824,-1.6527099609375,-1.0596752166748047,-0.09620780497789383,-80.84523010253906,-0.2245030552148819
32737,1,7.026827812194824,-0.8267431855201721,-0.5810951590538025,0.012801770120859146,-80.84523010253906,-0.17015376687049866
32747,1,8.172917366027832,0.02968742698431015,-0.053718749433755875,0.1431453675031662,-80.82325744628906,-0.06710722297430038
32757,1,9.098234176635742,0.8926734328269958,0.31954342126846313,0.3326977789402008,-80.82325744628906,-0.003408878343179822
32767,1,9.738438606262207,1.7227567434310913,0.7161150574684143,0.5025999546051025,-80.80130004882812,0.09924858063459396
32777,1,9.986844062805176,2.5000159740448,2.671018600463867,0.054301995784044266,-80.69140625,0.13567538559436798
32787,1,9.88945484161377,3.208662986755371,4.600030899047852,-0.437730073928833,-80.58158874511719,0.026979345828294754
32797,1,9.468888282775879,3.8279335498809814,-0.13796037435531616,1.5742772817611694,-80.75736999511719,0.17307616770267487
32807,1,8.626623153686523,4.348062992095947,6.816971778869629,-0.8623838424682617,-80.49366760253906,0.12807846069335938
32817,1,8.626623153686523,4.755220890045166,7.97718620300293,-1.2178425788879395,-80.27395629882812,-0.10704030096530914
32827,1,7.414572238922119,5.008291244506836,-6.457425117492676,4.3449931144714355,-80.88922119140625,0.2876165211200714
32837,1,6.07519006729126,5.109819412231445,13.689955711364746,-3.218599557876587,-80.12013244628906,0.07860001176595688
32847,1,4.3961663246154785,5.072597026824951,1.769193172454834,1.1767642498016357,-80.38383483886719,0.014317796565592289
32857,1,2.7140755653381348,4.910269737243652,0.5388165712356567,1.6168948411941528,-80.53765869140625,0.275538831949234
32867,1,0.8339964747428894,4.591787338256836,8.898221969604492,-1.7250334024429321,-80.01029968261719,0.16314171254634857
32877,1,-0.9887881875038147,4.16271448135376,-0.3730732798576355,1.596649169921875,-80.40580749511719,0.21729519963264465
32887,1,-2.9859306812286377,3.6329379081726074,7.817841053009033,-1.7277088165283203,-80.01029968261719,0.1302211880683899
32897,1,-4.5832133293151855,2.9714415073394775,-1.2105205059051514,1.4155882596969604,-80.36186218261719,0.1331430822610855
32907,1,-6.075974464416504,2.2229630947113037,6.7136759757995605,-1.8667612075805664,-80.05424499511719,0.06613325327634811
32917,1,-6.075974464416504,1.4332153797149658,-3.2976267337799072,1.6288795471191406,-80.38383483886719,0.06340615451335907
32927,1,-7.570666313171387,0.5763830542564392,2.082613706588745,-0.6989558935165405,-80.25198364257812,0.1202867403626442
32937,1,-8.632176399230957,-0.29992687702178955,-0.6071488857269287,-0.06293635815382004,-80.25198364257812,-0.032628849148750305
32947,1,-9.461456298828125,-1.1566028594970703,-9.154861450195312,2.899135112762451,-80.69140625,0.31488803029060364
32957,1,-9.896202087402344,-1.972231388092041,7.677530288696289,-3.7411890029907227,-80.12013244628906,0.039251815527677536
32967,1,-9.986448287963867,-2.7315521240234375,-6.697179794311523,1.34160578250885,-80.515625,-0.04782271012663841
32977,1,-9.718260765075684,-3.411430597305298,-3.3342220783233643,-0.08863065391778946,-80.62551879882812,0.09788502752780914
32987,1,-9.079986572265625,-3.9865782260894775,4.274844646453857,-3.219409704208374,-80.20805358886719,-0.2597605884075165
32997,1,-8.13181209564209,-4.452504634857178,-13.20013427734375,3.2346560955047607,-80.97708129882812,-0.1576870083808899
33007,1,-8.13181209564209,-4.80263614654541,-1.445378303527832,-1.3083816766738892,-80.60354614257812,-0.09983295947313309
33017,1,-5.4998860359191895,-4.97081184387207,-7.806293964385986,1.0984809398651123,-80.91117858886719,-0.06905515491962433
33027,1,-5.4998860359191895,-5.0211591720581055,-2.9947972297668457,-0.751767635345459,-80.71343994140625,-0.09087248146533966
33037,1,-3.7438409328460693,-4.8996076583862305,-2.9035191535949707,-0.700728714466095,-80.80130004882812,-0.09243082255125046
33047,1,-1.8618590831756592,-4.644927978515625,-3.6536121368408203,-0.2973915934562683,-80.8671875,-0.18690697848796844
33057,1,0.017534222453832626,-4.270637035369873,-3.007167339324951,-0.38362401723861694,-80.8671875,-0.2184634506702423
33067,1,1.942812204360962,-3.7870731353759766,-2.568237066268921,-0.34984463453292847,-80.8671875,-0.23424270749092102
33077,1,3.740971565246582,-3.1712961196899414,-1.9904755353927612,-0.3226894438266754,-80.8671875,-0.23385311663150787
33087,1,5.589338302612305,-2.4769067764282227,-1.540514349937439,-0.2166340947151184,-80.8671875,-0.225282222032547
33097,1,5.589338302612305,-1.709302544593811,-1.1900843381881714,-0.08459324389696121,-80.8671875,-0.19781538844108582
33107,1,7.205192565917969,-0.8609766364097595,-0.691185712814331,0.06173526495695114,-80.84523010253906,-0.10996220260858536
33117,1,8.358407020568848,0.016363423317670822,-0.5251355767250061,0.33843791484832764,-80.84523010253906,-0.02756423130631447
33127,1,9.285120010375977,0.8814626336097717,0.09809646010398865,0.4393101930618286,-80.80130004882812,0.07178225368261337
33137,1,9.807795524597168,1.7213611602783203,1.0643877983093262,0.3945271670818329,-80.75736999511719,0.14580462872982025
33147,1,9.999699592590332,2.5020620822906494,4.360804080963135,-0.5733440518379211,-80.60354614257812,0.07665207982063293
33157,1,9.808430671691895,3.2080564498901367,1.1610262393951416,0.8721851110458374,-80.66944885253906,0.053082119673490524
33167,1,9.23522663116455,3.8136889934539795,2.5336852073669434,0.5917860269546509,-80.64747619628906,0.1941143274307251
33177,1,8.365147590637207,4.312387943267822,11.456825256347656,-2.6553423404693604,-80.18608093261719,-0.06593846529722214
33187,1,7.265921592712402,4.67629337310791,-3.4959635734558105,3.0827982425689697,-80.66944885253906,0.030485620722174644
33197,1,7.265921592712402,4.9227294921875,4.79714822769165,0.1327154040336609,-80.49366760253906,0.24398235976696014
33207,1,5.678112983703613,4.994614124298096,7.871706008911133,-1.1056263446807861,-80.14210510253906,0.030875205993652344
33217,1,4.036170482635498,4.903405666351318,-1.722254753112793,2.4797708988189697,-80.55961608886719,0.27592840790748596
33227,1,2.044719696044922,4.66776704788208,11.356948852539062,-2.5704598426818848,-80.03227233886719,0.07256142795085907
33237,1,0.2525293827056885,4.280361652374268,-0.5472351312637329,1.7219825983047485,-80.40580749511719,0.07373018562793732
33247,1,-1.764516830444336,3.779599666595459,4.977313041687012,-0.5381929278373718,-80.25198364257812,0.14288273453712463
33257,1,-3.6850972175598145,3.1767005920410156,1.689518928527832,0.40805715322494507,-80.25198364257812,0.014902175404131413
33267,1,-5.482479572296143,2.488123893737793,0.00019371509552001953,0.8075653910636902,-80.38383483886719,0.19878935813903809
33277,1,-7.0042643547058105,1.6994878053665161,4.382094860076904,-1.1935510635375977,-80.09817504882812,0.004188050515949726
33287,1,-7.0042643547058105,0.8712164759635925,-6.41099739074707,2.6185250282287598,-80.58158874511719,0.24982614815235138
33297,1,-8.223175048828125,0.0057710157707333565,5.985403060913086,-2.363070249557495,-80.18608093261719,0.07743125408887863
33307,1,-9.100088119506836,-0.8607656359672546,-3.010024309158325,0.6488510966300964,-80.38383483886719,-0.02464132197201252
33317,1,-9.730926513671875,-1.7048726081848145,-5.844334602355957,1.4803651571273804,-80.66944885253906,0.1902184635400772
33327,1,-9.998828887939453,-2.4892499446868896,8.377313613891602,-4.220458984375,-80.03227233886719,-0.10041733831167221
33337,1,-9.86363410949707,-3.196007490158081,-12.739278793334961,3.478917121887207,-80.84523010253906,0.0016557408962398767
33347,1,-9.300203323364258,-3.8084235191345215,0.18138957023620605,-1.5513209104537964,-80.47169494628906,0.05152377858757973
33357,1,-8.479461669921875,-4.298853397369385,-1.5692267417907715,-1.1178948879241943,-80.44973754882812,-0.19294555485248566
33367,1,-7.237464904785156,-4.647991180419922,-6.593350410461426,0.7266545295715332,-80.84523010253906,-0.05561443045735359
33377,1,-5.771815776824951,-4.865390300750732,-4.068995475769043,-0.2906777560710907,-80.69140625,-0.08210679143667221
33387,1,-5.771815776824951,-4.951647758483887,-2.990225076675415,-0.7112027406692505,-80.75736999511719,-0.023862149566411972
33397,1,-3.938009738922119,-4.855186939239502,-6.48079252243042,0.6654543876647949,-80.91117858886719,-0.09204123914241791
33407,1,-2.102179527282715,-4.593202590942383,-3.776184558868408,-0.22955872118473053,-80.82325744628906,-0.08463910222053528
33417,1,-0.3287200927734375,-4.187384128570557,-2.5763394832611084,-0.5087093114852905,-80.82325744628906,-0.14736297726631165
33427,1,1.7859935760498047,-3.657597064971924,-2.4383928775787354,-0.3383188843727112,-80.84523010253906,-0.1925559788942337
33437,1,3.560734748840332,-3.0031228065490723,-1.6876308917999268,-0.3638452887535095,-80.84523010253906,-0.19703622162342072
33447,1,5.415684700012207,-2.270465612411499,-1.3046586513519287,-0.21979263424873352,-80.8671875,-0.20385397970676422
33457,1,7.00902795791626,-1.4765559434890747,-1.0063995122909546,-0.023105399683117867,-80.84523010253906,-0.17950484156608582
33467,1,8.360835075378418,-0.6422784328460693,-0.45171651244163513,0.0897229015827179,-80.84523010253906,-0.09691106528043747
33477,1,9.234524726867676,0.23178094625473022,0.03319072350859642,0.23504017293453217,-80.84523010253906,-0.04197891801595688
33487,1,9.234524726867676,1.0885050296783447,0.550018846988678,0.3469676375389099,-80.82325744628906,0.02074596658349037
33497,1,9.832701683044434,1.92062509059906,1.1437829732894897,0.44088032841682434,-80.80130004882812,0.11268980801105499
33507,1,9.999946594238281,2.6894736289978027,3.240417003631592,-0.06965500861406326,-80.69140625,0.1187283918261528
33517,1,9.81673812866211,3.3710711002349854,3.45810866355896,0.07793670892715454,-80.62551879882812,0.06593846529722214
33527,1,9.207808494567871,3.937640428543091,2.2042057514190674,0.7522587180137634,-80.66944885253906,0.17463450133800507
33537,1,8.206133842468262,4.38083028793335,7.6799821853637695,-1.1837955713272095,-80.40580749511719,0.05541963875293732
33547,1,6.993836402893066,4.674257278442383,4.165514945983887,0.18460634350776672,-80.42776489257812,-0.08093803375959396
33557,1,5.521962642669678,4.837282180786133,-3.4985766410827637,3.1716532707214355,-80.80130004882812,0.30962812900543213
33567,1,3.663649559020996,4.829573154449463,13.949315071105957,-3.45363712310791,-80.05424499511719,0.10139130800962448
33577,1,1.8087279796600342,4.681891441345215,0.5277290344238281,1.4733352661132812,-80.47169494628906,0.009642256423830986
33587,1,0.007844390347599983,4.372815132141113,0.17847681045532227,1.5334428548812866,-80.58158874511719,0.29346030950546265
33597,1,-1.8148770332336426,3.9213409423828125,10.468624114990234,-2.5980660915374756,-80.03227233886719,0.07548332214355469
33607,1,-1.8148770332336426,3.375467538833618,-5.300785064697266,3.174222946166992,-80.64747619628906,0.20697066187858582
33617,1,-3.856189012527466,2.687284469604492,6.488228797912598,-1.505416989326477,-80.29591369628906,0.1621677577495575
33627,1,-5.548642158508301,1.9035327434539795,1.6825010776519775,-0.0783010795712471,-80.27395629882812,-0.0076943254098296165
33637,1,-7.023020267486572,1.0540592670440674,-5.714181900024414,2.446506977081299,-80.71343994140625,0.24222922325134277
33647,1,-8.35352611541748,0.18312965333461761,11.72943115234375,-4.4995222091674805,-79.98828125,0.018408451229333878
33657,1,-9.254979133605957,-0.6817367672920227,-9.179744720458984,3.0293447971343994,-80.69140625,0.01626572757959366
33667,1,-9.84643268585205,-1.5207794904708862,1.2386882305145264,-1.1439056396484375,-80.47169494628906,0.10158609598875046
33677,1,-9.998114585876465,-2.319017171859741,2.376901626586914,-1.9440289735794067,-80.27395629882812,-0.17853087186813354
33687,1,-9.730318069458008,-3.0444765090942383,-9.470617294311523,2.3216071128845215,-80.91117858886719,-0.07723696529865265
33697,1,-9.139126777648926,-3.6690120697021484,1.832685947418213,-2.1632328033447266,-80.42776489257812,-0.1606089025735855
33707,1,-8.174070358276367,-4.170452117919922,-10.250076293945312,2.234663963317871,-80.95510864257812,-0.09340479224920273
33717,1,-8.174070358276367,-4.551447868347168,-1.0003377199172974,-1.3884499073028564,-80.62551879882812,-0.131000354886055
33727,1,-6.724093914031982,-4.75820255279541,-4.7443742752075195,-0.015440384857356548,-80.8671875,-0.16099849343299866
33737,1,-5.168337345123291,-4.797231197357178,-5.0266828536987305,0.10129409283399582,-80.8671875,-0.15827138721942902
33747,1,-3.120440721511841,-4.713286399841309,-3.6612894535064697,-0.35140129923820496,-80.84523010253906,-0.17989443242549896
33757,1,-1.1802579164505005,-4.4487199783325195,-2.859689474105835,-0.5326371192932129,-80.84523010253906,-0.23073643445968628
33767,1,0.8310179114341736,-4.058821678161621,-2.387805700302124,-0.5462343692779541,-80.84523010253906,-0.2696950435638428
33777,1,2.706818103790283,-3.4842541217803955,-1.853446125984192,-0.5206881165504456,-80.8671875,-0.2899540364742279
33787,1,4.800666332244873,-2.8536345958709717,-1.433795690536499,-0.4256358742713928,-80.8671875,-0.3043687045574188
33797,1,6.3514204025268555,-2.094524621963501,-1.1069717407226562,-0.2584632635116577,-80.8671875,-0.2907331883907318
33807,1,6.3514204025268555,-1.290786862373352,-0.8524408936500549,-0.0772721916437149,-80.8671875,-0.252942830324173
33817,1,7.876734256744385,-0.41838228702545166,0.003694102168083191,-0.060617536306381226,-80.84523010253906,-0.2017112523317337
33827,1,8.872994422912598,0.4658087193965912,0.40896180272102356,0.12070143967866898,-80.84523010253906,-0.126325324177742
33837,1,9.614364624023438,1.3364084959030151,0.5969799160957336,0.3784094750881195,-80.82325744628906,-0.03146009147167206
33847,1,9.985969543457031,2.1527304649353027,0.9457535743713379,0.5564345717430115,-80.80130004882812,0.08249587565660477
33857,1,9.911028861999512,2.892399549484253,3.000272035598755,0.054038189351558685,-80.69140625,0.1393764615058899
33867,1,9.394103050231934,3.5302071571350098,5.157422065734863,-0.5607478022575378,-80.53765869140625,0.007109946571290493
33877,1,8.458460807800293,4.051543235778809,-0.5412105321884155,1.7678850889205933,-80.73539733886719,0.17405012249946594
33887,1,7.073960304260254,4.4435014724731445,6.843350410461426,-0.881734311580658,-80.47169494628906,0.1393764615058899
33897,1,7.073960304260254,4.693823337554932,7.3711323738098145,-1.0544102191925049,-80.25198364257812,-0.08697661757469177
33907,1,5.320440292358398,4.753453731536865,-6.587805271148682,4.25300931930542,-80.8671875,0.3043687045574188
33917,1,3.589794635772705,4.642716884613037,13.405096054077148,-3.3408162593841553,-80.09817504882812,0.07528852671384811
33927,1,1.7854641675949097,4.37081241607666,0.6854748725891113,1.2727413177490234,-80.40580749511719,0.011979772709310055
33937,1,-0.11358842253684998,3.9787776470184326,-0.34911108016967773,1.5549964904785156,-80.55961608886719,0.27670758962631226
33947,1,-2.262784004211426,3.424100160598755,9.809329986572266,-2.5648033618927,-80.01029968261719,0.07334060221910477
33957,1,-4.14400053024292,2.7733688354492188,-5.997672080993652,3.143277168273926,-80.64747619628906,0.19664663076400757
33967,1,-6.002941608428955,2.006838083267212,5.666912078857422,-1.5103991031646729,-80.29591369628906,0.16684278845787048
33977,1,-7.528700351715088,1.1847811937332153,1.0675370693206787,-0.1744498610496521,-80.27395629882812,-0.020550666376948357
33987,1,-8.795841217041016,0.3304929733276367,-5.774909973144531,2.1463613510131836,-80.71343994140625,0.19314035773277283
33997,1,-8.795841217041016,-0.5379922389984131,10.723604202270508,-4.420056343078613,-80.01029968261719,-0.05425088107585907
34007,1,-9.585135459899902,-1.3989415168762207,-10.262852668762207,3.1447134017944336,-80.73539733886719,0.010811014100909233
34017,1,-9.967705726623535,-2.214366912841797,0.9091962575912476,-1.3087270259857178,-80.515625,0.062237393110990524
34027,1,-9.889801025390625,-2.946204900741577,1.3011183738708496,-1.787691354751587,-80.38383483886719,-0.22138534486293793
34037,1,-9.412740707397461,-3.5702972412109375,-7.376687049865723,1.314483642578125,-80.88922119140625,-0.1810631901025772
34047,1,-8.39962100982666,-4.067279815673828,-4.423062324523926,0.042303405702114105,-80.73539733886719,-0.060873843729496
34057,1,-7.1145806312561035,-4.429169654846191,-2.2409138679504395,-0.8682611584663391,-80.75736999511719,-0.028732988983392715
34067,1,-5.526191234588623,-4.622439384460449,-4.7866082191467285,0.04853984713554382,-80.88922119140625,-0.1668422818183899
34077,1,0.0,-4.182556629180908,-3.760951280593872,-0.07001054286956787,-80.8671875,-0.15632344782352448
34087,1,0.0,-3.784533977508545,-2.6121206283569336,-0.3759218454360962,-80.84523010253906,-0.18379028141498566
34097,1,0.0,-3.4243881702423096,-1.841156005859375,-0.5549727082252502,-80.84523010253906,-0.22372286021709442
34107,1,0.0,-3.0985145568847656,-1.6248441934585571,-0.5381591320037842,-80.8671875,-0.25917622447013855
34117,1,0.0,-2.803652048110962,-1.5371872186660767,-0.48261532187461853,-80.8671875,-0.27826642990112305
34127,1,0.0,-2.5368492603302,-1.4177403450012207,-0.44757279753685,-80.8671875,-0.2954082190990448
34137,1,0.0,-2.295436143875122,-1.0944677591323853,-0.496967077255249,-80.8671875,-0.30027806758880615
34147,1,0.0,-2.0769968032836914,-0.8427027463912964,-0.5282015800476074,-80.8671875,-0.31332919001579285
34157,1,0.0,-1.8793444633483887,-0.8386294841766357,-0.4714292883872986,-80.8671875,-0.3135239779949188
34167,1,0.0,-1.7005013227462769,-0.6434558033943176,-0.49347761273384094,-80.8671875,-0.3176146447658539
34177,1,0.0,-1.5386773347854614,-0.49145442247390747,-0.5053253173828125,-80.8671875,-0.32248446345329285
34187,1,0.0,-1.392252802848816,-0.37307578325271606,-0.5097487568855286,-80.8671875,-0.3273547887802124
34197,1,0.0,-1.2597625255584717,-0.48150256276130676,-0.43202924728393555,-80.8671875,-0.3257964551448822
34207,1,0.0,-1.1398802995681763,-0.3653252422809601,-0.44215109944343567,-80.8671875,-0.32034173607826233
34217,1,0.0,-1.0314065217971802,-0.27484622597694397,-0.44651082158088684,-80.8671875,-0.31625109910964966
34227,1,0.0,-0.9332553148269653,-0.204381063580513,-0.44673168659210205,-80.8671875,-0.3129396140575409
34237,1,0.0,-0.8444443345069885,-0.14950275421142578,-0.4440443813800812,-80.8671875,-0.31313440203666687
34247,1,0.0,-0.7640848755836487,-0.10676350444555283,-0.43937772512435913,-80.8671875,-0.30962812900543213
34257,1,0.0,-0.6913725733757019,-0.07347816973924637,-0.4334277808666229,-80.8671875,-0.30962812900543213
34267,1,0.0,-0.6255797743797302,-0.04755551740527153,-0.4267120957374573,-80.8671875,-0.3045634925365448
34277,1,0.0,-0.5660480856895447,0.17137165367603302,-0.49522581696510315,-80.8671875,-0.3006676435470581
34287,1,0.0,-0.5121814608573914,-0.036692384630441666,-0.4040934145450592,-80.8671875,-0.3037843406200409
34297,1,0.0,-0.4634409248828888,0.07883946597576141,-0.4367721676826477,-80.8671875,-0.3028103709220886
34307,1,0.0,-0.41933873295783997,0.07106953859329224,-0.42413732409477234,-80.8671875,-0.3028103709220886
34317,1,0.0,-0.37943339347839355,0.06501832604408264,-0.4130902588367462,-80.8671875,-0.29794055223464966
34327,1,0.0,-0.34332552552223206,0.060305651277303696,-0.4034080505371094,-80.8671875,-0.2932654917240143
34337,1,0.0,-0.31065380573272705,0.05663541704416275,-0.39490488171577454,-80.8671875,-0.2891748547554016
34347,1,0.0,-0.28109118342399597,0.05377703532576561,-0.38742488622665405,-80.8671875,-0.28196752071380615
34357,1,0.0,-0.25434181094169617,0.05155092850327492,-0.3808368742465973,-80.8671875,-0.2800195813179016
34367,1,0.0,-0.23013801872730255,0.04981723427772522,-0.37502947449684143,-80.8671875,-0.27748727798461914
34377,1,0.0,-0.20823749899864197,0.04846702888607979,-0.3699078857898712,-80.8671875,-0.2716429829597473
34387,1,0.0,-0.1884210854768753,0.047415491193532944,-0.36539068818092346,-80.8671875,-0.26774710416793823
34397,1,0.0,-0.17049045860767365,0.046596553176641464,-0.361407995223999,-80.8671875,-0.261903315782547
34407,1,0.0,-0.1542661488056183,0.045958761125802994,-0.3578992486000061,-80.8671875,-0.2603449821472168
34417,1,0.0,-0.13958580791950226,0.04546205326914787,-0.3548118770122528,-80.8671875,-0.2556699514389038
34427,1,0.0,-0.12630245089530945,0.04507521167397499,-0.35209980607032776,-80.8671875,-0.25002095103263855
34437,1,0.0,-0.11428319662809372,0.04477393999695778,-0.3497227132320404,-80.8671875,-0.24982614815235138
34447,1,0.0,-0.10340771824121475,0.04453931376338005,-0.34764522314071655,-80.8671875,-0.24982614815235138
34457,1,0.0,-0.09356717765331268,0.0443565770983696,-0.34583601355552673,-80.8671875,-0.2443719357252121
34467,1,0.0,-0.08466307818889618,0.044214267283678055,-0.34426748752593994,-80.8671875,-0.24339798092842102
34477,1,0.0,-0.07660632580518723,0.044103436172008514,-0.34291502833366394,-80.8671875,-0.24242401123046875
34487,1,0.0,-0.06931627541780472,0.04401712119579315,-0.34175676107406616,-80.8671875,-0.238917738199234
34497,1,0.0,-0.06271996349096298,0.04394989833235741,-0.34077325463294983,-80.8671875,-0.2367750108242035
34507,1,0.0,-0.056751370429992676,0.04389754310250282,-0.33994704484939575,-80.8671875,-0.23930732905864716
34517,1,0.0,-0.05135076120495796,0.043856773525476456,-0.33926263451576233,-80.8671875,-0.23424270749092102
34527,1,0.0,-0.046464093029499054,0.23233553767204285,-0.4119158983230591,-80.8671875,-0.2459302842617035
34537,1,0.0,-0.04204244911670685,0.19061242043972015,-0.39764299988746643,-80.8671875,-0.252748042345047
34547,1,0.0,-0.03804158419370651,0.15811844170093536,-0.38653483986854553,-80.8671875,-0.2558647394180298
34557,1,0.0,-0.03442145138978958,0.13281211256980896,-0.3779042363166809,-80.8671875,-0.257228285074234
34567,1,0.0,-0.031145816668868065,0.113103486597538,-0.3712148070335388,-80.8671875,-0.2548907697200775
34577,1,0.0,-0.028181901201605797,0.09775438904762268,-0.36604785919189453,-80.8671875,-0.2550855576992035
34587,1,0.0,-0.025500040501356125,0.08580049872398376,-0.36207616329193115,-80.8671875,-0.25683870911598206
34597,1,0.0,-0.023073391988873482,0.07649079710245132,-0.3590439558029175,-80.8671875,-0.2519688606262207
34607,1,0.0,-0.020877668634057045,0.06924039870500565,-0.35675135254859924,-80.8671875,-0.25450119376182556
34617,1,0.0,-0.018890896812081337,0.063593789935112,-0.35504183173179626,-80.8671875,-0.2472938448190689
34627,1,0.0,-0.017093192785978317,0.05919622257351875,-0.35379284620285034,-80.8671875,-0.24748863279819489
34637,1,0.0,-0.015466559678316116,0.055771391838788986,-0.35290834307670593,-80.8671875,-0.248073011636734
34647,1,0.0,-0.01399472076445818,0.05310412868857384,-0.35231301188468933,-80.8671875,-0.24300839006900787
34657,1,0.0,-0.012662948109209538,0.05102686583995819,-0.3519476652145386,-80.8671875,-0.2420344203710556
34667,1,0.0,-0.011457908898591995,0.04940909519791603,-0.3517657518386841,-80.8671875,-0.24320317804813385
34677,1,0.0,-0.010367545299232006,0.048149172216653824,-0.3517305254936218,-80.8671875,-0.2420344203710556
34687,1,0.0,-0.009380943141877651,0.04716794565320015,-0.35181328654289246,-80.8671875,-0.243592768907547
34697,1,0.0,-0.008488228544592857,0.04640376567840576,-0.35199105739593506,-80.8671875,-0.2428136020898819
34707,1,0.0,-0.007680466864258051,0.045808617025613785,-0.3522456884384155,-80.8671875,-0.23911252617835999
34717,1,0.0,-0.0069495742209255695,0.04534511640667915,-0.35256293416023254,-80.8671875,-0.24222922325134277
34727,1,0.0,-0.006288235075771809,0.04498414322733879,-0.35293132066726685,-80.8671875,-0.24164484441280365
34737,1,0.0,-0.005689830984920263,0.04470301419496536,-0.35334163904190063,-80.8671875,-0.24106046557426453
34747,1,0.0,-0.005148372147232294,0.04448407515883446,-0.3537866473197937,-80.8671875,-0.24164484441280365
34757,1,0.0,-0.004658439662307501,0.04431356489658356,-0.35426050424575806,-80.8671875,-0.24106046557426453
34767,1,0.0,-0.004215130116790533,0.04418076574802399,-0.3547583818435669,-80.8671875,-0.24339798092842102
34777,1,0.0,-0.0038140069227665663,0.044077347964048386,-0.3552764654159546,-80.8671875,-0.2443719357252121
34787,1,0.0,-0.003451056545600295,0.04399680346250534,-0.35581162571907043,-80.8671875,-0.2428136020898819
34797,1,0.0,-0.003122645430266857,0.04393407329916954,-0.35636135935783386,-80.8671875,-0.24028128385543823
34807,1,0.0,-0.002825486473739147,0.04388522356748581,-0.35692352056503296,-80.8671875,-0.2420344203710556
34817,1,0.0,-0.002556605963036418,0.04384717345237732,-0.35749638080596924,-80.8671875,-0.24164484441280365
34827,1,0.0,-0.0023133126087486744,0.04381754249334335,-0.3580784499645233,-80.8671875,-0.2404760867357254
34837,1,0.0,-0.002093171700835228,0.04379446804523468,-0.3586684763431549,-80.8671875,-0.24456673860549927
34847,1,0.0,-0.001893980079330504,0.0437764972448349,-0.35926553606987,-80.8671875,-0.24534590542316437
34857,1,0.0,-0.0017137442482635379,0.04376250132918358,-0.3598688244819641,-80.8671875,-0.24612508714199066
34867,1,0.0,-0.001550660002976656,0.04375160112977028,-0.3604774475097656,-80.8671875,-0.24398235976696014
34877,1,0.0,-0.0014030952006578445,0.04374311491847038,-0.36109092831611633,-80.8671875,-0.248073011636734
34887,1,0.0,-0.001269573112949729,0.04373650625348091,-0.3617086410522461,-80.8671875,-0.24651466310024261
34897,1,0.0,-0.0011487571755424142,0.04373135417699814,-0.3623301684856415,-80.8671875,-0.2451511174440384
34907,1,0.0,-0.0010394385317340493,0.04372734576463699,-0.36295515298843384,-80.8671875,-0.24476152658462524
34917,1,0.0,-0.000940522993914783,0.04372422397136688,-0.36358320713043213,-80.8671875,-0.24651466310024261
34927,1,0.0,-0.0008510204497724771,0.04372179135680199,-0.3642139434814453,-80.8671875,-0.24709904193878174
34937,1,0.0,-0.0007700351416133344,0.04371989145874977,-0.3648472726345062,-80.8671875,-0.24709904193878174
34947,1,0.0,-0.0006967565859667957,0.04371841624379158,-0.36548271775245667,-80.8671875,-0.24709904193878174
34957,1,0.0,-0.0006304514827206731,0.04371726140379906,-0.366120308637619,-80.8671875,-0.24904698133468628
34967,1,0.0,-0.0005704561481252313,0.043716367334127426,-0.36675962805747986,-80.8671875,-0.2502157390117645
34977,1,0.0,-0.000516170053742826,0.04371567443013191,-0.36740076541900635,-80.8671875,-0.24865739047527313
34987,1,0.0,-0.0004670500347856432,0.04371513053774834,-0.3680433928966522,-80.8671875,-0.2506053149700165
34997,1,0.0,-0.00042260438203811646,0.04371470957994461,-0.3686875104904175,-80.8671875,-0.25157928466796875
35007,1,0.0,-0.00038238827255554497,0.04371437802910805,-0.36933284997940063,-80.8671875,-0.252748042345047
35017,1,0.0,-0.0003459992294665426,0.04371412470936775,-0.3699794113636017,-80.8671875,-0.2513844966888428
35027,1,0.0,-0.00031307307654060423,0.043713923543691635,-0.3706270456314087,-80.8671875,-0.25157928466796875
35037,1,0.0,-0.0002832802420016378,0.0437137670814991,-0.37127572298049927,-80.8671875,-0.2506053149700165
35047,1,0.0,-0.0002563225571066141,0.04371364787220955,-0.37192538380622864,-80.8671875,-0.25080010294914246
35057,1,0.0,-0.0002319302730029449,0.04371355101466179,-0.3725758492946625,-80.8671875,-0.2511897087097168
