time,f7_time,stage,type,id,target,position,velocity,current,state,code
2.9481453810003586,26.963,observe,1,2,,103.85745239257812,-2.1857779026031494,-0.0,0,1
2.9481453810003586,26.963,observe,1,1,,-132.912109375,-0.0,-0.0,0,1
2.9481453810003586,26.963,observe,0,4,,0.0,-0.0,0.006000000052154064,0,1
2.9481453810003586,26.963,observe,0,1,,0.0,0.0,-0.0020000000949949026,0,1
2.9577293600304984,26.973,observe,1,2,,103.851806640625,-7.080743789672852,-0.0,0,1
2.9577293600304984,26.973,observe,1,1,,-132.912109375,-0.0,-0.0,0,1
2.9577293600304984,26.973,observe,0,4,,0.0,-0.0,-0.017999999225139618,0,1
2.9577293600304984,26.973,observe,0,1,,0.0,0.0,0.05700000002980232,0,1
2.967786443012301,26.983,observe,1,2,,103.86318969726562,1.8969995975494385,-0.0,0,1
2.967786443012301,26.983,observe,1,1,,-132.912109375,-0.0,-0.0,0,1
2.967786443012301,26.983,observe,0,4,,0.0,-0.0,0.006000000052154064,0,1
2.967786443012301,26.983,observe,0,1,,0.0,0.0,-0.008999999612569809,0,1
2.977998998016119,26.993,observe,1,2,,103.8603515625,2.0054733753204346,-0.0,0,1
2.977998998016119,26.993,observe,1,1,,-132.912109375,-0.0,-0.0,0,1
2.977998998016119,26.993,observe,0,4,,0.0,-0.0,-0.017999999225139618,0,1
2.977998998016119,26.993,observe,0,1,,0.0,0.0,0.05700000002980232,0,1
2.9879045950365253,27.003,observe,1,2,,103.85467529296875,-6.865481853485107,-0.0,0,1
2.9879045950365253,27.003,observe,1,1,,-132.912109375,-0.0,-0.0,0,1
2.9879045950365253,27.003,observe,0,4,,0.0,-0.0,-0.017999999225139618,0,1
2.9879045950365253,27.003,observe,0,1,,0.0,0.0,-0.008999999612569809,0,1
2.997805872990284,27.013,observe,1,2,,103.8603515625,3.2911605834960938,-0.0,0,1
2.997805872990284,27.013,observe,1,1,,-132.912109375,-0.0,-0.0,0,1
2.997805872990284,27.013,observe,0,4,,0.0,-0.0,0.03200000151991844,0,1
2.997805872990284,27.013,observe,0,1,,0.0,0.0,-0.008999999612569809,0,1
3.008207345032133,27.023,observe,1,2,103.8603515625,103.85745239257812,0.13366812467575073,-0.0,0,1
3.008207345032133,27.023,observe,1,1,-132.912109375,-132.912109375,-0.0,-0.0,0,1
3.008207345032133,27.023,observe,0,4,,0.0,-0.0,-0.017999999225139618,0,1
3.008207345032133,27.023,observe,0,1,,0.0,0.0,-0.008999999612569809,0,1
3.0281809350126423,27.043,observe,1,2,103.8603515625,103.851806640625,-12.789433479309082,-0.0,0,1
3.0281809350126423,27.043,observe,1,1,-132.912109375,-132.912109375,0.04371320828795433,-0.0,0,1
3.0281809350126423,27.043,observe,0,4,,0.0,-0.0,-0.017999999225139618,0,1
3.0281809350126423,27.043,observe,0,1,,0.0,0.0,0.05700000002980232,0,1
3.0360574609949253,27.051,observe,1,2,103.8603515625,103.96157836914062,0.730884850025177,-0.0,0,1
3.0360574609949253,27.051,observe,1,1,-132.912109375,-132.912109375,-0.0,-0.0,0,1
3.0360574609949253,27.051,observe,0,4,,0.0,-0.0,-0.017999999225139618,0,1
3.0360574609949253,27.051,observe,0,1,,0.0,0.0,-0.008999999612569809,0,1
3.0379009310272522,27.053,observe,1,2,103.8603515625,103.8603515625,-2.0140020847320557,-0.0,0,1
3.0379009310272522,27.053,observe,1,1,-132.912109375,-132.912109375,-0.0,-0.0,0,1
3.0379009310272522,27.053,observe,0,4,,0.0,-0.0,-0.017999999225139618,0,1
3.0379009310272522,27.053,observe,0,1,,0.0,0.0,-0.008999999612569809,0,1
3.0479373339912854,27.063,observe,1,2,103.8603515625,103.8603515625,-2.873229742050171,-0.0,0,1
3.0479373339912854,27.063,observe,1,1,-132.912109375,-132.912109375,-0.0,-0.0,0,1
3.0479373339912854,27.063,observe,0,4,,0.0,-0.0,0.006000000052154064,0,1
3.0479373339912854,27.063,observe,0,1,,0.0,0.0,-0.07699999958276749,0,1
3.057803566043731,27.073,observe,1,2,103.8603515625,103.85745239257812,2.758228302001953,-0.0,0,1
3.057803566043731,27.073,observe,1,1,-132.912109375,-132.912109375,-0.0,-0.0,0,1
3.057803566043731,27.073,observe,0,4,,0.0,-0.0,0.006000000052154064,0,1
3.057803566043731,27.073,observe,0,1,,0.0,0.0,-0.008999999612569809,0,1
3.0677886430057697,27.083,observe,1,2,103.8603515625,103.85745239257812,-2.1426949501037598,-0.0,0,1
3.0677886430057697,27.083,observe,1,1,-132.912109375,-132.912109375,-0.0,-0.0,0,1
3.0677886430057697,27.083,observe,0,4,,0.0,-0.0,-0.017999999225139618,0,1
3.0677886430057697,27.083,observe,0,1,,0.0,0.0,0.05700000002980232,0,1
3.077824314997997,27.093,observe,1,2,103.8603515625,103.85467529296875,2.329353094100952,-0.0,0,1
3.077824314997997,27.093,observe,1,1,-132.912109375,-132.912109375,-0.0,-0.0,0,1
3.077824314997997,27.093,observe,0,4,,0.0,-0.0,0.03200000151991844,0,1
3.077824314997997,27.093,observe,0,1,,0.0,0.0,-0.008999999612569809,0,1
3.0877425250364468,27.103,observe,1,2,103.8603515625,103.85745239257812,-6.311401844024658,-0.0,0,1
3.0877425250364468,27.103,observe,1,1,-132.912109375,-132.912109375,-0.0,-0.0,0,1
3.0877425250364468,27.103,observe,0,4,,0.0,-0.0,-0.017999999225139618,0,1
3.0877425250364468,27.103,observe,0,1,,0.0,0.0,-0.008999999612569809,0,1
3.0978949370328337,27.113,observe,1,2,103.8603515625,103.85467529296875,-1.4616831541061401,-0.0,0,1
3.0978949370328337,27.113,observe,1,1,-132.912109375,-132.912109375,-0.0,-0.0,0,1
3.0978949370328337,27.113,observe,0,4,,0.0,-0.0,-0.017999999225139618,0,1
3.0978949370328337,27.113,observe,0,1,,0.0,0.0,-0.008999999612569809,0,1
3.108108774991706,27.123,observe,1,2,103.8603515625,103.85467529296875,-2.0636825561523438,-0.0,0,1
3.108108774991706,27.123,observe,1,1,-132.912109375,-132.912109375,-0.0,-0.0,0,1
3.108108774991706,27.123,observe,0,4,,0.0,-0.0,-0.017999999225139618,0,1
3.108108774991706,27.123,observe,0,1,,0.0,0.0,0.05700000002980232,0,1
3.1175929460441694,27.133,observe,1,2,103.8603515625,103.85745239257812,2.9438562393188477,-0.0,0,1
3.1175929460441694,27.133,observe,1,1,-132.912109375,-132.912109375,-0.0,-0.0,0,1
3.1175929460441694,27.133,observe,0,4,,0.0,-0.0,0.03200000151991844,0,1
3.1175929460441694,27.133,observe,0,1,,0.0,0.0,-0.008999999612569809,0,1
3.1275822300231084,27.143,observe,1,2,103.8603515625,103.85745239257812,-0.14093048870563507,-0.0,0,1
3.1275822300231084,27.143,observe,1,1,-132.912109375,-132.912109375,-0.0,-0.0,0,1
3.1275822300231084,27.143,observe,0,4,,0.0,-0.0,0.006000000052154064,0,1
3.1275822300231084,27.143,observe,0,1,,0.0,0.0,-0.008999999612569809,0,1
3.1376488709938712,27.153,observe,1,2,103.8603515625,103.8603515625,1.9885872602462769,-0.0,0,1
3.1376488709938712,27.153,observe,1,1,-132.912109375,-132.912109375,-0.0,-0.0,0,1
3.1376488709938712,27.153,observe,0,4,,0.0,-0.0,0.006000000052154064,0,1
3.1376488709938712,27.153,observe,0,1,,0.0,0.0,-0.008999999612569809,0,1
3.147686717042234,27.163,observe,1,2,103.8603515625,103.85467529296875,-0.30636903643608093,-0.0,0,1
3.147686717042234,27.163,observe,1,1,-132.912109375,-132.912109375,-0.0,-0.0,0,1
3.147686717042234,27.163,observe,0,4,,0.0,-0.0,0.03200000151991844,0,1
3.147686717042234,27.163,observe,0,1,,0.0,0.0,-0.008999999612569809,0,1
3.1578343500150368,27.173,observe,1,2,103.8603515625,103.85467529296875,-2.8728389739990234,-0.0,0,1
3.1578343500150368,27.173,observe,1,1,-132.912109375,-132.912109375,-0.0,-0.0,0,1
3.1578343500150368,27.173,observe,0,4,,0.0,-0.0,0.054999999701976776,0,1
3.1578343500150368,27.173,observe,0,1,,0.0,0.0,-0.008999999612569809,0,1
3.168103863019496,27.183,observe,1,2,103.8603515625,103.85745239257812,-1.9124857187271118,-0.0,0,1
3.168103863019496,27.183,observe,1,1,-132.912109375,-132.912109375,-0.0,-0.0,0,1
3.168103863019496,27.183,observe,0,4,,0.0,-0.0,0.23800000548362732,0,1
3.168103863019496,27.183,observe,0,1,,0.0,0.0,-0.0020000000949949026,0,1
3.177835111040622,27.193,observe,1,2,103.8603515625,103.851806640625,-4.625316143035889,-0.0,0,1
3.177835111040622,27.193,observe,1,1,-132.912109375,-132.912109375,-0.0,-0.0,0,1
3.177835111040622,27.193,observe,0,4,,0.0,-0.0,-0.017999999225139618,0,1
3.177835111040622,27.193,observe,0,1,,0.0,0.0,-0.07699999958276749,0,1
3.1879265180323273,27.203,observe,1,2,103.8603515625,103.8603515625,-3.079604148864746,-0.0,0,1
3.1879265180323273,27.203,observe,1,1,-132.912109375,-132.912109375,-0.0,-0.0,0,1
3.1879265180323273,27.203,observe,0,4,,0.0,-0.0,-0.017999999225139618,0,1
3.1879265180323273,27.203,observe,0,1,,0.0,0.0,-0.008999999612569809,0,1
3.1978965160087682,27.213,observe,1,2,103.8603515625,103.8603515625,4.4203619956970215,-0.0,0,1
3.1978965160087682,27.213,observe,1,1,-132.912109375,-132.912109375,-0.0,-0.0,0,1
3.1978965160087682,27.213,observe,0,4,,0.0,-0.0,0.054999999701976776,0,1
3.1978965160087682,27.213,observe,0,1,,0.0,0.0,0.05700000002980232,0,1
3.2078610630123876,27.223,observe,1,2,103.8603515625,103.8603515625,-0.6138812899589539,-0.0,0,1
3.2078610630123876,27.223,observe,1,1,-132.912109375,-132.912109375,-0.0,-0.0,0,1
3.2078610630123876,27.223,observe,0,4,,0.0,-0.0,0.006000000052154064,0,1
3.2078610630123876,27.223,observe,0,1,,0.0,0.0,-0.008999999612569809,0,1
3.2179897510213777,27.233,observe,1,2,103.8603515625,103.86318969726562,0.07747120410203934,-0.0,0,1
3.2179897510213777,27.233,observe,1,1,-132.912109375,-132.912109375,-0.0,-0.0,0,1
3.2179897510213777,27.233,observe,0,4,,0.0,-0.0,-0.017999999225139618,0,1
3.2179897510213777,27.233,observe,0,1,,0.0,0.0,-0.008999999612569809,0,1
3.227929271000903,27.243,observe,1,2,103.8603515625,103.85745239257812,-1.7723520994186401,-0.0,0,1
3.227929271000903,27.243,observe,1,1,-132.912109375,-132.912109375,-0.0,-0.0,0,1
3.227929271000903,27.243,observe,0,4,,0.0,-0.0,0.006000000052154064,0,1
3.227929271000903,27.243,observe,0,1,,0.0,0.0,-0.008999999612569809,0,1
3.2378799630096182,27.253,observe,1,2,103.8603515625,103.851806640625,-3.6047892570495605,-0.0,0,1
3.2378799630096182,27.253,observe,1,1,-132.912109375,-132.912109375,-0.0,-0.0,0,1
3.2378799630096182,27.253,observe,0,4,,0.0,-0.0,0.03200000151991844,0,1
3.2378799630096182,27.253,observe,0,1,,0.0,0.0,-0.01600000075995922,0,1
3.2479064970393665,27.263,observe,1,2,103.8603515625,103.85467529296875,-8.000188827514648,-0.0,0,1
3.2479064970393665,27.263,observe,1,1,-132.912109375,-132.912109375,-0.0,-0.0,0,1
3.2479064970393665,27.263,observe,0,4,,0.0,-0.0,-0.017999999225139618,0,1
3.2479064970393665,27.263,observe,0,1,,0.0,0.0,-0.008999999612569809,0,1
3.2580386110348627,27.273,observe,1,2,103.8603515625,103.85467529296875,-2.551344871520996,-0.0,0,1
3.2580386110348627,27.273,observe,1,1,-132.912109375,-132.912109375,-0.0,-0.0,0,1
3.2580386110348627,27.273,observe,0,4,,0.0,-0.0,0.006000000052154064,0,1
3.2580386110348627,27.273,observe,0,1,,0.0,0.0,-0.008999999612569809,0,1
3.2676696199923754,27.283,observe,1,2,103.8603515625,103.8603515625,0.40415358543395996,-0.0,0,1
3.2676696199923754,27.283,observe,1,1,-132.912109375,-132.912109375,-0.0,-0.0,0,1
3.2676696199923754,27.283,observe,0,4,,0.0,-0.0,0.03200000151991844,0,1
3.2676696199923754,27.283,observe,0,1,,0.0,0.0,-0.008999999612569809,0,1
3.277899176988285,27.293,observe,1,2,103.8603515625,103.86318969726562,5.068782806396484,-0.0,0,1
3.277899176988285,27.293,observe,1,1,-132.912109375,-132.912109375,-0.0,-0.0,0,1
3.277899176988285,27.293,observe,0,4,,0.0,-0.0,-0.017999999225139618,0,1
3.277899176988285,27.293,observe,0,1,,0.0,0.0,-0.19900000095367432,0,1
3.2879875189973973,27.303,observe,1,2,103.8603515625,103.85745239257812,-7.288534641265869,-0.0,0,1
3.2879875189973973,27.303,observe,1,1,-132.912109375,-132.912109375,-0.0,-0.0,0,1
3.2879875189973973,27.303,observe,0,4,,0.0,-0.0,0.054999999701976776,0,1
3.2879875189973973,27.303,observe,0,1,,0.0,0.0,-0.008999999612569809,0,1
3.297742361028213,27.313,observe,1,2,103.8603515625,103.865966796875,4.923184871673584,-0.0,0,1
3.297742361028213,27.313,observe,1,1,-132.912109375,-132.912109375,-0.0,-0.0,0,1
3.297742361028213,27.313,observe,0,4,,0.0,-0.0,-0.017999999225139618,0,1
3.297742361028213,27.313,observe,0,1,,0.0,0.0,-0.008999999612569809,0,1
3.3078273049904965,27.323,observe,1,2,103.8603515625,103.86318969726562,0.11459925770759583,-0.0,0,1
3.3078273049904965,27.323,observe,1,1,-132.912109375,-132.912109375,-0.0,-0.0,0,1
3.3078273049904965,27.323,observe,0,4,,0.0,-0.0,-0.017999999225139618,0,1
3.3078273049904965,27.323,observe,0,1,,0.0,0.0,-0.008999999612569809,0,1
3.3179144749883562,27.333,observe,1,2,103.8603515625,103.8603515625,-2.884901523590088,-0.0,0,1
3.3179144749883562,27.333,observe,1,1,-132.912109375,-132.912109375,-0.0,-0.0,0,1
3.3179144749883562,27.333,observe,0,4,,0.0,-0.0,0.006000000052154064,0,1
3.3179144749883562,27.333,observe,0,1,,0.0,0.0,-0.008999999612569809,0,1
3.3279836300062016,27.343,observe,1,2,103.8603515625,103.85745239257812,0.5305051803588867,-0.0,0,1
3.3279836300062016,27.343,observe,1,1,-132.912109375,-132.912109375,-0.0,-0.0,0,1
3.3279836300062016,27.343,observe,0,4,,0.0,-0.0,0.006000000052154064,0,1
3.3279836300062016,27.343,observe,0,1,,0.0,0.0,0.05700000002980232,0,1
3.3377292940276675,27.353,prepare,1,2,103.8603515625,103.8603515625,-2.7244324684143066,-0.0,0,1
3.3377292940276675,27.353,prepare,1,1,-132.912109375,-132.912109375,-0.0,-0.0,0,1
3.3377292940276675,27.353,prepare,0,4,,0.0,-0.0,-0.017999999225139618,0,1
3.3377292940276675,27.353,prepare,0,1,,0.0,0.0,-0.01600000075995922,0,1
3.3476730930269696,27.363,prepare,1,2,103.8603515625,103.84896850585938,-8.54887866973877,-0.0,0,1
3.3476730930269696,27.363,prepare,1,1,0.0,-132.912109375,-0.0,-0.0,0,1
3.3476730930269696,27.363,prepare,0,4,,0.0,-0.0,0.03200000151991844,0,1
3.3476730930269696,27.363,prepare,0,1,,0.0,0.0,-0.008999999612569809,0,1
3.3576746300095692,27.373,prepare,1,2,103.8603515625,103.85745239257812,-2.3352367877960205,-0.0,0,1
3.3576746300095692,27.373,prepare,1,1,0.0,-132.912109375,-0.0,-0.0,0,1
3.3576746300095692,27.373,prepare,0,4,,0.0,-0.0,0.008999999612569809,0,1
3.3576746300095692,27.373,prepare,0,1,,0.0,0.0,-0.008999999612569809,0,1
3.367743253998924,27.383,prepare,1,2,103.8603515625,103.85467529296875,-3.952674627304077,-0.0,0,1
3.367743253998924,27.383,prepare,1,1,0.0,-132.912109375,-0.0,-0.0,0,1
3.367743253998924,27.383,prepare,0,4,,0.0,-0.0,0.054999999701976776,0,1
3.367743253998924,27.383,prepare,0,1,,0.0,0.0,-0.008999999612569809,0,1
3.377535687002819,27.393,prepare,1,2,103.8603515625,103.85745239257812,0.019548267126083374,-0.0,0,1
3.377535687002819,27.393,prepare,1,1,0.0,-132.912109375,-0.0,-0.0,0,1
3.377535687002819,27.393,prepare,0,4,,0.0,-0.0,-0.017999999225139618,0,1
3.377535687002819,27.393,prepare,0,1,,0.0,0.0,-0.0020000000949949026,0,1
3.3880256559932604,27.403,prepare,1,2,103.8603515625,103.85467529296875,1.498716115951538,-0.0,0,1
3.3880256559932604,27.403,prepare,1,1,0.0,-132.912109375,-0.0,-0.0,0,1
3.3880256559932604,27.403,prepare,0,4,,0.0,-0.0,-0.017999999225139618,0,1
3.3880256559932604,27.403,prepare,0,1,,0.0,0.0,-0.008999999612569809,0,1
3.3981213420047425,27.413,prepare,1,2,103.8603515625,103.865966796875,3.697413921356201,-0.0,0,1
3.3981213420047425,27.413,prepare,1,1,0.0,-132.912109375,-0.0,-0.0,0,1
3.3981213420047425,27.413,prepare,0,4,,0.0,-0.0,-0.017999999225139618,0,1
3.3981213420047425,27.413,prepare,0,1,,0.0,0.0,-0.008999999612569809,0,1
3.407857047044672,27.423000000000002,prepare,1,2,103.8603515625,103.85467529296875,-7.028651237487793,-0.0,0,1
3.407857047044672,27.423000000000002,prepare,1,1,0.0,-132.912109375,-0.0,-0.0,0,1
3.407857047044672,27.423000000000002,prepare,0,4,,0.0,-0.0,-0.017999999225139618,0,1
3.407857047044672,27.423000000000002,prepare,0,1,,0.0,0.0,-0.008999999612569809,0,1
3.427139512030408,27.433,prepare,1,2,103.8603515625,103.85745239257812,-4.12453556060791,-0.0,0,1
3.427139512030408,27.433,prepare,1,1,0.0,-132.912109375,-0.0,-0.0,0,1
3.427139512030408,27.433,prepare,0,4,,0.0,-0.0,0.006000000052154064,0,1
3.427139512030408,27.433,prepare,0,1,,0.0,0.0,0.05700000002980232,0,1
3.428688215033617,27.444,prepare,1,2,103.8603515625,103.85745239257812,-4.12453556060791,-0.0,0,1
3.428688215033617,27.444,prepare,1,1,0.0,-132.912109375,-0.0,-0.0,0,1
3.428688215033617,27.444,prepare,0,4,,0.0,-0.0,0.006000000052154064,0,1
3.428688215033617,27.444,prepare,0,1,,0.0,0.0,-0.008999999612569809,0,1
3.437610716035124,27.453,prepare,1,2,103.8603515625,103.8603515625,-3.887728452682495,-0.0,0,1
3.437610716035124,27.453,prepare,1,1,0.0,-132.912109375,-0.0,-0.0,0,1
3.437610716035124,27.453,prepare,0,4,,0.0,-0.0,-0.017999999225139618,0,1
3.437610716035124,27.453,prepare,0,1,,0.0,0.0,-0.008999999612569809,0,1
3.44749137602048,27.463,prepare,1,2,103.8603515625,103.85745239257812,-3.4428956508636475,-0.0,0,1
3.44749137602048,27.463,prepare,1,1,0.0,-132.912109375,-0.0,-0.0,0,1
3.44749137602048,27.463,prepare,0,4,,0.0,-0.0,-0.017999999225139618,0,1
3.44749137602048,27.463,prepare,0,1,,0.0,0.0,0.05700000002980232,0,1
3.4574785660370253,27.473,prepare,1,2,103.8603515625,103.86318969726562,4.040820121765137,-0.0,0,1
3.4574785660370253,27.473,prepare,1,1,0.0,-132.912109375,-0.0,-0.0,0,1
3.4574785660370253,27.473,prepare,0,4,,0.0,-0.0,0.03200000151991844,0,1
3.4574785660370253,27.473,prepare,0,1,,0.0,0.0,-0.008999999612569809,0,1
3.467799186008051,27.483,prepare,1,2,103.8603515625,103.86318969726562,2.3766887187957764,-0.0,0,1
3.467799186008051,27.483,prepare,1,1,0.0,-132.912109375,-0.0,-0.0,0,1
3.467799186008051,27.483,prepare,0,4,,0.0,-0.0,0.03200000151991844,0,1
3.467799186008051,27.483,prepare,0,1,,0.0,0.0,0.05000000074505806,0,1
3.4773637980106287,27.493,prepare,1,2,103.8603515625,103.8603515625,4.1812214851379395,-0.0,0,1
3.4773637980106287,27.493,prepare,1,1,0.0,-132.912109375,-0.0,-0.0,0,1
3.4773637980106287,27.493,prepare,0,4,,0.0,-0.0,0.006000000052154064,0,1
3.4773637980106287,27.493,prepare,0,1,,0.0,0.0,-0.008999999612569809,0,1
3.4881931580021046,27.504,prepare,1,2,103.8603515625,103.85745239257812,-2.1169862747192383,-0.0,0,1
3.4881931580021046,27.504,prepare,1,1,0.0,-132.912109375,-0.0,-0.0,0,1
3.4881931580021046,27.504,prepare,0,4,,0.0,-0.0,-0.017999999225139618,0,1
3.4881931580021046,27.504,prepare,0,1,,0.0,0.0,-0.0020000000949949026,0,1
3.497760906990152,27.513,prepare,1,2,103.8603515625,103.85745239257812,-1.3363089561462402,-0.0,0,1
3.497760906990152,27.513,prepare,1,1,0.0,-132.912109375,-0.0,-0.0,0,1
3.497760906990152,27.513,prepare,0,4,,0.0,-0.0,-0.017999999225139618,0,1
3.497760906990152,27.513,prepare,0,1,,0.0,0.0,-0.008999999612569809,0,1
3.5078148230095394,27.523,prepare,1,2,103.8603515625,103.85745239257812,-0.8640346527099609,-0.0,0,1
3.5078148230095394,27.523,prepare,1,1,0.0,-132.912109375,-0.0,-0.0,0,1
3.5078148230095394,27.523,prepare,0,4,,0.0,-0.0,-0.017999999225139618,0,1
3.5078148230095394,27.523,prepare,0,1,,0.0,0.0,0.05700000002980232,0,1
3.5173534270143136,27.533,prepare,1,2,103.8603515625,103.865966796875,1.511730432510376,-0.0,0,1
3.5173534270143136,27.533,prepare,1,1,0.0,-132.912109375,-0.0,-0.0,0,1
3.5173534270143136,27.533,prepare,0,4,,0.0,-0.0,0.03200000151991844,0,1
3.5173534270143136,27.533,prepare,0,1,,0.0,0.0,-0.008999999612569809,0,1
3.527477666037157,27.543,prepare,1,2,103.8603515625,103.85745239257812,-3.787534236907959,-0.0,0,1
3.527477666037157,27.543,prepare,1,1,0.0,-132.912109375,-0.0,-0.0,0,1
3.527477666037157,27.543,prepare,0,4,,0.0,-0.0,-0.017999999225139618,0,1
3.527477666037157,27.543,prepare,0,1,,0.0,0.0,-0.008999999612569809,0,1
3.5377438029972836,27.553,prepare,1,2,103.8603515625,103.8603515625,0.6290910840034485,-0.0,0,1
3.5377438029972836,27.553,prepare,1,1,0.0,-132.912109375,-0.0,-0.0,0,1
3.5377438029972836,27.553,prepare,0,4,,0.0,-0.0,-0.017999999225139618,0,1
3.5377438029972836,27.553,prepare,0,1,,0.0,0.0,-0.01600000075995922,0,1
3.54770895204274,27.563,prepare,1,2,103.8603515625,103.85745239257812,-3.687225818634033,-0.0,0,1
3.54770895204274,27.563,prepare,1,1,0.0,-132.912109375,-0.0,-0.0,0,1
3.54770895204274,27.563,prepare,0,4,,0.0,-0.0,-0.017999999225139618,0,1
3.54770895204274,27.563,prepare,0,1,,0.0,0.0,-0.0020000000949949026,0,1
3.557398491015192,27.573,prepare,1,2,103.8603515625,103.86318969726562,-3.199727773666382,-0.0,0,1
3.557398491015192,27.573,prepare,1,1,0.0,-132.912109375,-0.0,-0.0,0,1
3.557398491015192,27.573,prepare,0,4,,0.0,-0.0,0.23800000548362732,0,1
3.557398491015192,27.573,prepare,0,1,,0.0,0.0,-0.008999999612569809,0,1
3.5676085220184177,27.583,prepare,1,2,103.8603515625,103.8603515625,-0.18995513021945953,-0.0,0,1
3.5676085220184177,27.583,prepare,1,1,0.0,-132.912109375,-0.0,-0.0,0,1
3.5676085220184177,27.583,prepare,0,4,,0.0,-0.0,-0.017999999225139618,0,1
3.5676085220184177,27.583,prepare,0,1,,0.0,0.0,-0.07699999958276749,0,1
3.5772955450229347,27.593,prepare,1,2,103.8603515625,103.85467529296875,3.6790778636932373,-0.0,0,1
3.5772955450229347,27.593,prepare,1,1,0.0,-132.912109375,-0.0,-0.0,0,1
3.5772955450229347,27.593,prepare,0,4,,0.0,-0.0,0.006000000052154064,0,1
3.5772955450229347,27.593,prepare,0,1,,0.0,0.0,-0.008999999612569809,0,1
3.5880340340081602,27.604,prepare,1,2,103.8603515625,103.85745239257812,-1.4258739948272705,-0.0,0,1
3.5880340340081602,27.604,prepare,1,1,0.0,-132.912109375,-0.0,-0.0,0,1
3.5880340340081602,27.604,prepare,0,4,,0.0,-0.0,-0.017999999225139618,0,1
3.5880340340081602,27.604,prepare,0,1,,0.0,0.0,-0.008999999612569809,0,1
3.5977507040370256,27.613,prepare,1,2,103.8603515625,103.86880493164062,7.475257396697998,-0.0,0,1
3.5977507040370256,27.613,prepare,1,1,0.0,-132.912109375,-0.0,-0.0,0,1
3.5977507040370256,27.613,prepare,0,4,,0.0,-0.0,-0.017999999225139618,0,1
3.5977507040370256,27.613,prepare,0,1,,0.0,0.0,-0.0020000000949949026,0,1
3.6075792850460857,27.623,prepare,1,2,103.8603515625,103.851806640625,-1.6288188695907593,-0.0,0,1
3.6075792850460857,27.623,prepare,1,1,0.0,-132.912109375,-0.0,-0.0,0,1
3.6075792850460857,27.623,prepare,0,4,,0.0,-0.0,-0.017999999225139618,0,1
3.6075792850460857,27.623,prepare,0,1,,0.0,0.0,-0.008999999612569809,0,1
3.6175235740374774,27.633,prepare,1,2,103.8603515625,103.8603515625,-3.137251853942871,-0.0,0,1
3.6175235740374774,27.633,prepare,1,1,0.0,-132.912109375,-0.0,-0.0,0,1
3.6175235740374774,27.633,prepare,0,4,,0.0,-0.0,-0.017999999225139618,0,1
3.6175235740374774,27.633,prepare,0,1,,0.0,0.0,-0.008999999612569809,0,1
3.627493782027159,27.643,prepare,1,2,103.8603515625,103.85745239257812,2.6086368560791016,-0.0,0,1
3.627493782027159,27.643,prepare,1,1,0.0,-132.912109375,-0.0,-0.0,0,1
3.627493782027159,27.643,prepare,0,4,,0.0,-0.0,0.006000000052154064,0,1
3.627493782027159,27.643,prepare,0,1,,0.0,0.0,-0.008999999612569809,0,1
3.6374622680014,27.653,prepare,1,2,103.8603515625,103.8603515625,-2.5730507373809814,-0.0,0,1
3.6374622680014,27.653,prepare,1,1,0.0,-132.912109375,-0.0,-0.0,0,1
3.6374622680014,27.653,prepare,0,4,,0.0,-0.0,0.006000000052154064,0,1
3.6374622680014,27.653,prepare,0,1,,0.0,0.0,-0.008999999612569809,0,1
3.673785957042128,27.689,hold,1,2,103.8603515625,103.85745239257812,4.23966646194458,0.05590352043509483,1,1
3.673785957042128,27.689,hold,1,1,0.0,-132.72900390625,0.04371320828795433,0.009757629595696926,2,1
3.673785957042128,27.689,hold,0,4,,0.0,-0.0,-0.017999999225139618,0,1
3.673785957042128,27.689,hold,0,1,,0.0,0.0,-0.008999999612569809,0,1
3.677859536022879,27.693,hold,1,2,103.8603515625,103.87448120117188,10.840158462524414,0.09313812851905823,1,1
3.677859536022879,27.693,hold,1,1,0.0,-132.912109375,-0.0,0.004422896541655064,2,1
3.677859536022879,27.693,hold,0,4,,0.0,-0.0,-0.017999999225139618,0,1
3.677859536022879,27.693,hold,0,1,,0.0,0.0,-0.008999999612569809,0,1
3.6880138409906067,27.703,hold,1,2,103.8603515625,103.88302612304688,2.2300891876220703,-0.02893083728849888,1,1
3.6880138409906067,27.703,hold,1,1,0.0,-132.912109375,-0.0,0.0017283405177295208,2,1
3.6880138409906067,27.703,hold,0,4,,0.0,-0.0,-0.017999999225139618,0,1
3.6880138409906067,27.703,hold,0,1,,0.0,0.0,-0.008999999612569809,0,1
3.6980666359886527,27.713,hold,1,2,103.8603515625,103.85745239257812,-10.50799560546875,0.009350565262138844,1,1
3.6980666359886527,27.713,hold,1,1,0.0,-132.912109375,-0.0,0.001365730888210237,2,1
3.6980666359886527,27.713,hold,0,4,,0.0,-0.0,-0.017999999225139618,0,1
3.6980666359886527,27.713,hold,0,1,,0.0,0.0,-0.008999999612569809,0,1
3.7080380970146507,27.723,hold,1,2,103.8603515625,103.865966796875,0.1714908927679062,0.13351893424987793,1,1
3.7080380970146507,27.723,hold,1,1,0.0,-132.72900390625,0.04371320828795433,0.0005813874304294586,2,1
3.7080380970146507,27.723,hold,0,4,,0.0,-0.0,-0.017999999225139618,0,1
3.7080380970146507,27.723,hold,0,1,,0.0,0.0,-0.008999999612569809,0,1
3.718166703998577,27.734,hold,1,2,103.8603515625,103.87734985351562,-6.189409255981445,0.07251818478107452,1,1
3.718166703998577,27.734,hold,1,1,0.0,-132.72900390625,0.04371320828795433,0.002356991171836853,2,1
3.718166703998577,27.734,hold,0,4,,0.0,-0.0,0.23800000548362732,0,1
3.718166703998577,27.734,hold,0,1,,0.0,0.0,-0.008999999612569809,0,1
3.7281782799982466,27.743,hold,1,2,103.8603515625,103.88864135742188,6.013696670532227,0.0690760612487793,1,1
3.7281782799982466,27.743,hold,1,1,0.0,-132.72900390625,0.04371320828795433,-0.0015032734954729676,2,1
3.7281782799982466,27.743,hold,0,4,,0.0,-0.0,0.03200000151991844,0,1
3.7281782799982466,27.743,hold,0,1,,0.0,0.0,-0.008999999612569809,0,1
3.738035585032776,27.753,hold,1,2,103.8603515625,103.87164306640625,-5.800036430358887,0.07267201691865921,1,1
3.738035585032776,27.753,hold,1,1,0.0,-132.912109375,-0.0,-0.0009432408260181546,2,1
3.738035585032776,27.753,hold,0,4,,0.0,-0.0,-0.017999999225139618,0,1
3.738035585032776,27.753,hold,0,1,,0.0,0.0,-0.008999999612569809,0,1
3.748231931007467,27.763,hold,1,2,103.8603515625,103.84896850585938,-3.411709785461426,-0.06043478101491928,1,1
3.748231931007467,27.763,hold,1,1,0.0,-132.7509765625,0.04371320828795433,0.001333383610472083,2,1
3.748231931007467,27.763,hold,0,4,,0.0,-0.0,0.03200000151991844,0,1
3.748231931007467,27.763,hold,0,1,,0.0,0.0,-0.008999999612569809,0,1
3.758246582990978,27.773,hold,1,2,103.8603515625,103.8603515625,0.058259375393390656,0.09841610491275787,1,1
3.758246582990978,27.773,hold,1,1,0.0,-132.91448974609375,-0.0,0.0007303762249648571,2,1
3.758246582990978,27.773,hold,0,4,,0.0,-0.0,-0.017999999225139618,0,1
3.758246582990978,27.773,hold,0,1,,0.0,0.0,-0.0020000000949949026,0,1
3.7684734860085882,27.783,hold,1,2,103.8603515625,103.87448120117188,6.147371768951416,-0.02011624351143837,1,1
3.7684734860085882,27.783,hold,1,1,0.0,-132.91448974609375,-0.0,0.0037562174256891012,2,1
3.7684734860085882,27.783,hold,0,4,,0.0,-0.0,0.006000000052154064,0,1
3.7684734860085882,27.783,hold,0,1,,0.0,0.0,-0.0020000000949949026,0,1
3.777968768030405,27.793,hold,1,2,103.8603515625,103.8603515625,1.388100266456604,0.05895519629120827,1,1
3.777968768030405,27.793,hold,1,1,0.0,-132.91448974609375,-0.0,0.002607691800221801,2,1
3.777968768030405,27.793,hold,0,4,,0.0,-0.0,-0.017999999225139618,0,1
3.777968768030405,27.793,hold,0,1,,0.0,0.0,-0.008999999612569809,0,1
3.787854837020859,27.803,hold,1,2,103.8603515625,103.851806640625,-6.850375652313232,0.15758761763572693,1,1
3.787854837020859,27.803,hold,1,1,0.0,-132.7509765625,0.04371320828795433,0.002549470169469714,2,1
3.787854837020859,27.803,hold,0,4,,0.0,-0.0,0.006000000052154064,0,1
3.787854837020859,27.803,hold,0,1,,0.0,0.0,-0.008999999612569809,0,1
3.7979015200398862,27.813,hold,1,2,103.8603515625,103.83767700195312,8.3836669921875,0.23540717363357544,1,1
3.7979015200398862,27.813,hold,1,1,0.0,-132.91448974609375,-0.0,0.0018368061864748597,2,1
3.7979015200398862,27.813,hold,0,4,,0.0,-0.0,0.03200000151991844,0,1
3.7979015200398862,27.813,hold,0,1,,0.0,0.0,-0.008999999612569809,0,1
3.8081822840031236,27.824,hold,1,2,103.8603515625,103.85467529296875,5.893889904022217,-0.066706582903862,1,1
3.8081822840031236,27.824,hold,1,1,0.0,-132.7509765625,0.04371320828795433,0.000677538919262588,2,1
3.8081822840031236,27.824,hold,0,4,,0.0,-0.0,0.054999999701976776,0,1
3.8081822840031236,27.824,hold,0,1,,0.0,0.0,-0.008999999612569809,0,1
3.817682466004044,27.833,hold,1,2,103.8603515625,103.84329223632812,-3.15405535697937,-0.3030610680580139,1,1
3.817682466004044,27.833,hold,1,1,0.0,-132.91448974609375,-0.0,0.0013885843800380826,2,1
3.817682466004044,27.833,hold,0,4,,0.0,-0.0,0.054999999701976776,0,1
3.817682466004044,27.833,hold,0,1,,0.0,0.0,-0.008999999612569809,0,1
3.827840648998972,27.843,hold,1,2,103.8603515625,103.84329223632812,-9.545036315917969,0.1917807161808014,1,1
3.827840648998972,27.843,hold,1,1,0.0,-132.91448974609375,0.04371320828795433,0.0013885843800380826,2,1
3.827840648998972,27.843,hold,0,4,,0.0,-0.0,-0.017999999225139618,0,1
3.827840648998972,27.843,hold,0,1,,0.0,0.0,-0.008999999612569809,0,1
3.8378074310021475,27.853,hold,1,2,103.8603515625,103.851806640625,-2.970609426498413,0.1066632866859436,1,1
3.8378074310021475,27.853,hold,1,1,0.0,-132.91448974609375,0.04371320828795433,-0.0006070903618820012,2,1
3.8378074310021475,27.853,hold,0,4,,0.0,-0.0,-0.017999999225139618,0,1
3.8378074310021475,27.853,hold,0,1,,0.0,0.0,-0.008999999612569809,0,1
3.8482300430187024,27.864,hold,1,2,103.8603515625,103.91763305664062,-7.501186370849609,-0.07525619119405746,1,1
3.8482300430187024,27.864,hold,1,1,0.0,-132.7509765625,0.04371320828795433,-0.00023559681721962988,2,1
3.8482300430187024,27.864,hold,0,4,,0.0,-0.0,-0.017999999225139618,0,1
3.8482300430187024,27.864,hold,0,1,,0.0,0.0,-0.008999999612569809,0,1
3.858252620033454,27.873,hold,1,2,103.8603515625,103.85745239257812,0.4501563012599945,-0.012605641037225723,1,1
3.858252620033454,27.873,hold,1,1,0.0,-132.91448974609375,-0.0,0.0007804619963280857,2,1
3.858252620033454,27.873,hold,0,4,,0.0,-0.0,-0.017999999225139618,0,1
3.858252620033454,27.873,hold,0,1,,0.0,0.0,0.05700000002980232,0,1
3.868254508008249,27.883,hold,1,2,103.8603515625,103.85745239257812,-0.09689553081989288,0.14869409799575806,1,1
3.868254508008249,27.883,hold,1,1,0.0,-132.91448974609375,-0.0,0.0017988242907449603,2,1
3.868254508008249,27.883,hold,0,4,,0.0,-0.0,-0.017999999225139618,0,1
3.868254508008249,27.883,hold,0,1,,0.0,0.0,-0.008999999612569809,0,1
3.8782456060289405,27.893,hold,1,2,103.8603515625,103.84896850585938,-2.329490900039673,0.188633993268013,1,1
3.8782456060289405,27.893,hold,1,1,0.0,-132.91448974609375,-0.0,0.0014428154099732637,2,1
3.8782456060289405,27.893,hold,0,4,,0.0,-0.0,0.03200000151991844,0,1
3.8782456060289405,27.893,hold,0,1,,0.0,0.0,-0.008999999612569809,0,1
3.888337324024178,27.903,hold,1,2,103.8603515625,103.84613037109375,4.619556903839111,0.24842935800552368,1,1
3.888337324024178,27.903,hold,1,1,0.0,-132.7509765625,0.04371320828795433,0.00011128259939141572,2,1
3.888337324024178,27.903,hold,0,4,,0.0,-0.0,0.006000000052154064,0,1
3.888337324024178,27.903,hold,0,1,,0.0,0.0,-0.008999999612569809,0,1
3.898018706997391,27.913,hold,1,2,103.8603515625,103.85467529296875,3.1599414348602295,0.009131091646850109,1,1
3.898018706997391,27.913,hold,1,1,0.0,-132.91448974609375,-0.0,-0.0007514292374253273,2,1
3.898018706997391,27.913,hold,0,4,,0.0,-0.0,0.006000000052154064,0,1
3.898018706997391,27.913,hold,0,1,,0.0,0.0,-0.0020000000949949026,0,1
3.9078070720424876,27.923000000000002,hold,1,2,103.8603515625,103.84613037109375,-13.021397590637207,-0.05933218449354172,1,1
3.9078070720424876,27.923000000000002,hold,1,1,0.0,-132.7509765625,0.04371320828795433,-0.00010621541878208518,2,1
3.9078070720424876,27.923000000000002,hold,0,4,,0.0,-0.0,0.23800000548362732,0,1
3.9078070720424876,27.923000000000002,hold,0,1,,0.0,0.0,-0.008999999612569809,0,1
3.9177343799965456,27.933,hold,1,2,103.8603515625,103.82913208007812,-10.154953002929688,0.05580303072929382,1,1
3.9177343799965456,27.933,hold,1,1,0.0,-132.91448974609375,-0.0,-0.00046957499580457807,2,1
3.9177343799965456,27.933,hold,0,4,,0.0,-0.0,0.006000000052154064,0,1
3.9177343799965456,27.933,hold,0,1,,0.0,0.0,-0.008999999612569809,0,1
3.9278957890346646,27.943,hold,1,2,103.8603515625,103.83767700195312,-2.4253828525543213,0.04270193725824356,1,1
3.9278957890346646,27.943,hold,1,1,0.0,-132.91448974609375,-0.0,0.0030040640849620104,2,1
3.9278957890346646,27.943,hold,0,4,,0.0,-0.0,0.006000000052154064,0,1
3.9278957890346646,27.943,hold,0,1,,0.0,0.0,-0.008999999612569809,0,1
3.937995692016557,27.953,hold,1,2,103.8603515625,103.84896850585938,5.229060649871826,-0.16411805152893066,1,1
3.937995692016557,27.953,hold,1,1,0.0,-132.91448974609375,-0.0,-0.0024025971069931984,2,1
3.937995692016557,27.953,hold,0,4,,0.0,-0.0,0.03200000151991844,0,1
3.937995692016557,27.953,hold,0,1,,0.0,0.0,-0.008999999612569809,0,1
3.947726648999378,27.963,hold,1,2,103.8603515625,103.85467529296875,2.361177921295166,-0.08529457449913025,1,1
3.947726648999378,27.963,hold,1,1,0.0,-132.7509765625,0.04371320828795433,0.00042195114656351507,2,1
3.947726648999378,27.963,hold,0,4,,0.0,-0.0,-0.017999999225139618,0,1
3.947726648999378,27.963,hold,0,1,,0.0,0.0,-0.008999999612569809,0,1
3.957847971993033,27.973,hold,1,2,103.8603515625,103.851806640625,-0.04312090203166008,0.22756679356098175,1,1
3.957847971993033,27.973,hold,1,1,0.0,-132.91448974609375,0.04371320828795433,0.00042195114656351507,2,1
3.957847971993033,27.973,hold,0,4,,0.0,-0.0,0.006000000052154064,0,1
3.957847971993033,27.973,hold,0,1,,0.0,0.0,-0.008999999612569809,0,1
3.968031704018358,27.984,hold,1,2,103.8603515625,103.86318969726562,6.217142581939697,0.20972010493278503,1,1
3.968031704018358,27.984,hold,1,1,0.0,-132.7509765625,0.04371320828795433,0.0005557521362788975,2,1
3.968031704018358,27.984,hold,0,4,,0.0,-0.0,-0.017999999225139618,0,1
3.968031704018358,27.984,hold,0,1,,0.0,0.0,-0.008999999612569809,0,1
3.9778768460382707,27.993,hold,1,2,103.8603515625,103.8603515625,5.161386013031006,0.12858150899410248,1,1
3.9778768460382707,27.993,hold,1,1,0.0,-132.91448974609375,0.04371320828795433,0.0005557521362788975,2,1
3.9778768460382707,27.993,hold,0,4,,0.0,-0.0,0.03200000151991844,0,1
3.9778768460382707,27.993,hold,0,1,,0.0,0.0,0.05700000002980232,0,1
3.9880608179955743,28.003,hold,1,2,103.8603515625,103.87734985351562,-4.675055980682373,-0.1135726049542427,1,1
3.9880608179955743,28.003,hold,1,1,0.0,-132.91448974609375,-0.0,-3.10937175527215e-05,2,1
3.9880608179955743,28.003,hold,0,4,,0.0,-0.0,-0.017999999225139618,0,1
3.9880608179955743,28.003,hold,0,1,,0.0,0.0,-0.008999999612569809,0,1
3.9978886280441657,28.013,hold,1,2,103.8603515625,103.87448120117188,6.323613166809082,-0.0783013179898262,1,1
3.9978886280441657,28.013,hold,1,1,0.0,-132.91448974609375,-0.0,-9.517528815194964e-05,2,1
3.9978886280441657,28.013,hold,0,4,,0.0,-0.0,0.054999999701976776,0,1
3.9978886280441657,28.013,hold,0,1,,0.0,0.0,-0.008999999612569809,0,1
4.007772732991725,28.023,hold,1,2,103.8603515625,103.851806640625,-5.171579837799072,0.1296856552362442,1,1
4.007772732991725,28.023,hold,1,1,0.0,-132.7509765625,0.04371320828795433,0.0009067204664461315,2,1
4.007772732991725,28.023,hold,0,4,,0.0,-0.0,0.03200000151991844,0,1
4.007772732991725,28.023,hold,0,1,,0.0,0.0,-0.008999999612569809,0,1
4.0177537520066835,28.033,hold,1,2,103.8603515625,103.86318969726562,-1.4881060123443604,0.31117722392082214,1,1
4.0177537520066835,28.033,hold,1,1,0.0,-132.91448974609375,-0.0,4.3460982851684093e-05,2,1
4.0177537520066835,28.033,hold,0,4,,0.0,-0.0,-0.017999999225139618,0,1
4.0177537520066835,28.033,hold,0,1,,0.0,0.0,-0.008999999612569809,0,1
4.027830962033477,28.043,hold,1,2,103.8603515625,103.85467529296875,0.09566474705934525,0.049327343702316284,1,1
4.027830962033477,28.043,hold,1,1,0.0,-132.91448974609375,-0.0,0.0013929628767073154,2,1
4.027830962033477,28.043,hold,0,4,,0.0,-0.0,0.006000000052154064,0,1
4.027830962033477,28.043,hold,0,1,,0.0,0.0,-0.0020000000949949026,0,1
4.037852868030313,28.053,hold,1,2,103.8603515625,103.8603515625,-0.8876304626464844,-0.17395418882369995,1,1
4.037852868030313,28.053,hold,1,1,0.0,-132.91448974609375,-0.0,-0.0003852256340906024,2,1
4.037852868030313,28.053,hold,0,4,,0.0,-0.0,-0.017999999225139618,0,1
4.037852868030313,28.053,hold,0,1,,0.0,0.0,-0.008999999612569809,0,1
4.047775015991647,28.063,hold,1,2,103.8603515625,103.83767700195312,-15.663867950439453,0.042202163487672806,1,1
4.047775015991647,28.063,hold,1,1,0.0,-132.7509765625,0.04371320828795433,0.0005013921181671321,2,1
4.047775015991647,28.063,hold,0,4,,0.0,-0.0,-0.017999999225139618,0,1
4.047775015991647,28.063,hold,0,1,,0.0,0.0,-0.008999999612569809,0,1
4.057720949000213,28.073,hold,1,2,103.8603515625,103.84051513671875,-0.4026016294956207,0.15917469561100006,1,1
4.057720949000213,28.073,hold,1,1,0.0,-132.91448974609375,-0.0,-0.0010944800451397896,2,1
4.057720949000213,28.073,hold,0,4,,0.0,-0.0,-0.017999999225139618,0,1
4.057720949000213,28.073,hold,0,1,,0.0,0.0,0.05000000074505806,0,1
4.067893629020546,28.083,hold,1,2,103.8603515625,103.84051513671875,-1.9382174015045166,-0.04472830519080162,1,1
4.067893629020546,28.083,hold,1,1,0.0,-132.7509765625,0.04371320828795433,0.0007921402575448155,2,1
4.067893629020546,28.083,hold,0,4,,0.0,-0.0,0.03200000151991844,0,1
4.067893629020546,28.083,hold,0,1,,0.0,0.0,-0.01600000075995922,0,1
4.078000064997468,28.093,hold,1,2,103.8603515625,103.83477783203125,-1.0722472667694092,0.07079415768384933,1,1
4.078000064997468,28.093,hold,1,1,0.0,-132.91448974609375,-0.0,-0.00020096181833650917,2,1
4.078000064997468,28.093,hold,0,4,,0.0,-0.0,-0.017999999225139618,0,1
4.078000064997468,28.093,hold,0,1,,0.0,0.0,-0.008999999612569809,0,1
4.088036998989992,28.104,hold,1,2,103.8603515625,103.84051513671875,-1.524656057357788,-0.09495300054550171,1,1
4.088036998989992,28.104,hold,1,1,0.0,-132.7509765625,0.04371320828795433,-0.0012865886092185974,2,1
4.088036998989992,28.104,hold,0,4,,0.0,-0.0,-0.017999999225139618,0,1
4.088036998989992,28.104,hold,0,1,,0.0,0.0,-0.008999999612569809,0,1
4.097736757015809,28.113,hold,1,2,103.8603515625,103.83767700195312,5.626330375671387,-0.05132855102419853,1,1
4.097736757015809,28.113,hold,1,1,0.0,-132.91448974609375,0.04371320828795433,-0.0012865886092185974,2,1
4.097736757015809,28.113,hold,0,4,,0.0,-0.0,-0.017999999225139618,0,1
4.097736757015809,28.113,hold,0,1,,0.0,0.0,0.05700000002980232,0,1
4.108493941021152,28.124,hold,1,2,103.8603515625,103.91763305664062,2.808136463165283,-0.06969164311885834,1,1
4.108493941021152,28.124,hold,1,1,0.0,-132.7509765625,0.04371320828795433,0.002596992999315262,2,1
4.108493941021152,28.124,hold,0,4,,0.0,-0.0,-0.017999999225139618,0,1
4.108493941021152,28.124,hold,0,1,,0.0,0.0,-0.008999999612569809,0,1
4.117919631011318,28.133,hold,1,2,103.8603515625,103.83767700195312,-1.597904920578003,-0.04653424397110939,1,1
4.117919631011318,28.133,hold,1,1,0.0,-132.91448974609375,-0.0,-0.0006899318541400135,2,1
4.117919631011318,28.133,hold,0,4,,0.0,-0.0,-0.017999999225139618,0,1
4.117919631011318,28.133,hold,0,1,,0.0,0.0,0.05700000002980232,0,1
4.127960201993119,28.144,hold,1,2,103.8603515625,103.851806640625,-6.81331729888916,0.09790778905153275,1,1
4.127960201993119,28.144,hold,1,1,0.0,-132.7509765625,0.04371320828795433,0.0003248781431466341,2,1
4.127960201993119,28.144,hold,0,4,,0.0,-0.0,0.006000000052154064,0,1
4.127960201993119,28.144,hold,0,1,,0.0,0.0,0.05000000074505806,0,1
4.137837746005971,28.153,hold,1,2,103.8603515625,103.8603515625,-8.773857116699219,0.16997620463371277,1,1
4.137837746005971,28.153,hold,1,1,0.0,-132.91448974609375,-0.0,0.0014478974044322968,2,1
4.137837746005971,28.153,hold,0,4,,0.0,-0.0,-0.017999999225139618,0,1
4.137837746005971,28.153,hold,0,1,,0.0,0.0,-0.01600000075995922,0,1
4.147698296990711,28.163,hold,1,2,103.8603515625,103.87164306640625,0.42338472604751587,-0.010043537244200706,1,1
4.147698296990711,28.163,hold,1,1,0.0,-132.7509765625,0.04371320828795433,2.79640662483871e-05,2,1
4.147698296990711,28.163,hold,0,4,,0.0,-0.0,0.006000000052154064,0,1
4.147698296990711,28.163,hold,0,1,,0.0,0.0,-0.008999999612569809,0,1
4.158262316021137,28.173,hold,1,2,103.8603515625,103.8603515625,3.317121982574463,0.12587465345859528,1,1
4.158262316021137,28.173,hold,1,1,0.0,-132.91448974609375,-0.0,-0.00015989904932212085,2,1
4.158262316021137,28.173,hold,0,4,,0.0,-0.0,0.054999999701976776,0,1
4.158262316021137,28.173,hold,0,1,,0.0,0.0,-0.008999999612569809,0,1
4.167965090018697,28.184,hold,1,2,103.8603515625,103.85745239257812,-1.8779473304748535,0.20339372754096985,1,1
4.167965090018697,28.184,hold,1,1,0.0,-132.7509765625,0.04371320828795433,-8.866086136549711e-05,2,1
4.167965090018697,28.184,hold,0,4,,0.0,-0.0,0.006000000052154064,0,1
4.167965090018697,28.184,hold,0,1,,0.0,0.0,-0.008999999612569809,0,1
4.178004860004876,28.193,hold,1,2,103.8603515625,103.85467529296875,-0.19751614332199097,-0.04968275874853134,1,1
4.178004860004876,28.193,hold,1,1,0.0,-132.91448974609375,0.04371320828795433,-8.866086136549711e-05,2,1
4.178004860004876,28.193,hold,0,4,,0.0,-0.0,0.006000000052154064,0,1
4.178004860004876,28.193,hold,0,1,,0.0,0.0,-0.008999999612569809,0,1
4.188027657044586,28.203,hold,1,2,103.8603515625,103.87448120117188,-1.8479491472244263,0.10600877553224564,1,1
4.188027657044586,28.203,hold,1,1,0.0,-132.91448974609375,-0.0,0.0027524558827281,2,1
4.188027657044586,28.203,hold,0,4,,0.0,-0.0,0.054999999701976776,0,1
4.188027657044586,28.203,hold,0,1,,0.0,0.0,-0.008999999612569809,0,1
4.1976967270020396,28.213,hold,1,2,103.8603515625,103.865966796875,2.6809680461883545,0.021458517760038376,1,1
4.1976967270020396,28.213,hold,1,1,0.0,-132.91448974609375,0.04371320828795433,0.0006862105219624937,2,1
4.1976967270020396,28.213,hold,0,4,,0.0,-0.0,-0.017999999225139618,0,1
4.1976967270020396,28.213,hold,0,1,,0.0,0.0,-0.008999999612569809,0,1
4.208164815034252,28.223,hold,1,2,103.8603515625,103.88302612304688,4.515947341918945,-0.07253885269165039,1,1
4.208164815034252,28.223,hold,1,1,0.0,-132.91448974609375,-0.0,0.0027527911588549614,2,1
4.208164815034252,28.223,hold,0,4,,0.0,-0.0,0.03200000151991844,0,1
4.208164815034252,28.223,hold,0,1,,0.0,0.0,-0.008999999612569809,0,1
4.217885393009055,28.233,hold,1,2,103.8603515625,103.86318969726562,-2.388126850128174,-0.009225273504853249,1,1
4.217885393009055,28.233,hold,1,1,0.0,-132.91448974609375,-0.0,0.00022308599727693945,2,1
4.217885393009055,28.233,hold,0,4,,0.0,-0.0,-0.017999999225139618,0,1
4.217885393009055,28.233,hold,0,1,,0.0,0.0,0.05700000002980232,0,1
4.228101665037684,28.244,hold,1,2,103.8603515625,103.85467529296875,-0.39093852043151855,0.044304460287094116,1,1
4.228101665037684,28.244,hold,1,1,0.0,-132.7509765625,0.04371320828795433,0.0016791957896202803,2,1
4.228101665037684,28.244,hold,0,4,,0.0,-0.0,-0.017999999225139618,0,1
4.228101665037684,28.244,hold,0,1,,0.0,0.0,-0.008999999612569809,0,1
4.238114815030713,28.253,hold,1,2,103.8603515625,103.86318969726562,9.636122703552246,-0.04718243330717087,1,1
4.238114815030713,28.253,hold,1,1,0.0,-132.7509765625,0.04371320828795433,-0.001663963426835835,2,1
4.238114815030713,28.253,hold,0,4,,0.0,-0.0,0.006000000052154064,0,1
4.238114815030713,28.253,hold,0,1,,0.0,0.0,0.05700000002980232,0,1
4.248151499021333,28.263,hold,1,2,103.8603515625,103.8603515625,-3.1732473373413086,-0.17619338631629944,1,1
4.248151499021333,28.263,hold,1,1,0.0,-132.91448974609375,-0.0,-0.0003613826120272279,2,1
4.248151499021333,28.263,hold,0,4,,0.0,-0.0,-0.017999999225139618,0,1
4.248151499021333,28.263,hold,0,1,,0.0,0.0,-0.008999999612569809,0,1
4.258212198037654,28.273,hold,1,2,103.8603515625,103.86318969726562,-3.1092822551727295,-0.08789865672588348,1,1
4.258212198037654,28.273,hold,1,1,0.0,-132.91448974609375,-0.0,0.0031757063698023558,2,1
4.258212198037654,28.273,hold,0,4,,0.0,-0.0,0.006000000052154064,0,1
4.258212198037654,28.273,hold,0,1,,0.0,0.0,-0.008999999612569809,0,1
4.267803750990424,28.283,hold,1,2,103.8603515625,103.84613037109375,-5.508652210235596,0.2264837771654129,1,1
4.267803750990424,28.283,hold,1,1,0.0,-132.7509765625,0.04371320828795433,0.001603121287189424,2,1
4.267803750990424,28.283,hold,0,4,,0.0,-0.0,0.006000000052154064,0,1
4.267803750990424,28.283,hold,0,1,,0.0,0.0,0.05700000002980232,0,1
4.277960442006588,28.293,hold,1,2,103.8603515625,103.84613037109375,-11.692834854125977,0.39540064334869385,1,1
4.277960442006588,28.293,hold,1,1,0.0,-132.91448974609375,-0.0,-0.00013196957297623158,2,1
4.277960442006588,28.293,hold,0,4,,0.0,-0.0,0.03200000151991844,0,1
4.277960442006588,28.293,hold,0,1,,0.0,0.0,-0.008999999612569809,0,1
4.287999019026756,28.303,hold,1,2,103.8603515625,103.84613037109375,13.442870140075684,0.06892955303192139,1,1
4.287999019026756,28.303,hold,1,1,0.0,-132.7509765625,0.04371320828795433,-0.00039284321246668696,2,1
4.287999019026756,28.303,hold,0,4,,0.0,-0.0,0.23800000548362732,0,1
4.287999019026756,28.303,hold,0,1,,0.0,0.0,-0.008999999612569809,0,1
4.297883385035675,28.313,hold,1,2,103.8603515625,103.865966796875,12.38235855102539,0.021400002762675285,1,1
4.297883385035675,28.313,hold,1,1,0.0,-132.91448974609375,-0.0,-0.0008593532256782055,2,1
4.297883385035675,28.313,hold,0,4,,0.0,-0.0,-0.017999999225139618,0,1
4.297883385035675,28.313,hold,0,1,,0.0,0.0,-0.008999999612569809,0,1
4.307919448008761,28.323,hold,1,2,103.8603515625,103.8603515625,0.11325306445360184,0.04361815005540848,1,1
4.307919448008761,28.323,hold,1,1,0.0,-132.91448974609375,-0.0,-0.0008593532256782055,2,1
4.307919448008761,28.323,hold,0,4,,0.0,-0.0,-0.017999999225139618,0,1
4.307919448008761,28.323,hold,0,1,,0.0,0.0,-0.008999999612569809,0,1
4.318090646003839,28.333,hold,1,2,103.8603515625,103.88018798828125,7.974909782409668,-0.024066584184765816,1,1
4.318090646003839,28.333,hold,1,1,0.0,-132.91448974609375,-0.0,0.0021043296437710524,2,1
4.318090646003839,28.333,hold,0,4,,0.0,-0.0,0.006000000052154064,0,1
4.318090646003839,28.333,hold,0,1,,0.0,0.0,-0.008999999612569809,0,1
4.328462072007824,28.344,hold,1,2,103.8603515625,103.96157836914062,6.885922908782959,0.14005188643932343,1,1
4.328462072007824,28.344,hold,1,1,0.0,-132.7509765625,0.04371320828795433,0.0009447960765101016,2,1
4.328462072007824,28.344,hold,0,4,,0.0,-0.0,0.006000000052154064,0,1
4.328462072007824,28.344,hold,0,1,,0.0,0.0,0.24699999392032623,0,1
4.338252491026651,28.353,hold,1,2,103.8603515625,103.85467529296875,3.026649236679077,0.09025683254003525,1,1
4.338252491026651,28.353,hold,1,1,0.0,-132.7509765625,0.04371320828795433,-0.001295918133109808,2,1
4.338252491026651,28.353,hold,0,4,,0.0,-0.0,0.03200000151991844,0,1
4.338252491026651,28.353,hold,0,1,,0.0,0.0,-0.008999999612569809,0,1
4.348278674995527,28.364,hold,1,2,103.8603515625,103.85745239257812,6.343226432800293,0.01612556166946888,1,1
4.348278674995527,28.364,hold,1,1,0.0,-132.7509765625,0.04371320828795433,-0.0012751121539622545,2,1
4.348278674995527,28.364,hold,0,4,,0.0,-0.0,0.006000000052154064,0,1
4.348278674995527,28.364,hold,0,1,,0.0,0.0,-0.008999999612569809,0,1
4.358009882038459,28.373,hold,1,2,103.8603515625,103.84896850585938,-0.26650184392929077,0.05617045983672142,1,1
4.358009882038459,28.373,hold,1,1,0.0,-132.91448974609375,-0.0,-0.0023981165140867233,2,1
4.358009882038459,28.373,hold,0,4,,0.0,-0.0,0.006000000052154064,0,1
4.358009882038459,28.373,hold,0,1,,0.0,0.0,-0.008999999612569809,0,1
4.368349007039797,28.384,hold,1,2,103.8603515625,103.84896850585938,-5.158776760101318,0.11846458911895752,1,1
4.368349007039797,28.384,hold,1,1,0.0,-132.7509765625,0.04371320828795433,0.0015143295750021935,2,1
4.368349007039797,28.384,hold,0,4,,0.0,-0.0,-0.017999999225139618,0,1
4.368349007039797,28.384,hold,0,1,,0.0,0.0,-0.008999999612569809,0,1
4.377907568006776,28.393,hold,1,2,103.8603515625,103.84613037109375,-1.3341758251190186,0.2535257935523987,1,1
4.377907568006776,28.393,hold,1,1,0.0,-132.91448974609375,-0.0,0.00035050956648774445,2,1
4.377907568006776,28.393,hold,0,4,,0.0,-0.0,-0.017999999225139618,0,1
4.377907568006776,28.393,hold,0,1,,0.0,0.0,-0.01600000075995922,0,1
4.388380074000452,28.404,hold,1,2,103.8603515625,103.85467529296875,-0.3211614489555359,0.11705639213323593,1,1
4.388380074000452,28.404,hold,1,1,0.0,-132.7509765625,0.04371320828795433,-0.0007993608014658093,2,1
4.388380074000452,28.404,hold,0,4,,0.0,-0.0,0.006000000052154064,0,1
4.388380074000452,28.404,hold,0,1,,0.0,0.0,-0.008999999612569809,0,1
4.397861711040605,28.413,hold,1,2,103.8603515625,103.851806640625,-5.487694263458252,0.18845170736312866,1,1
4.397861711040605,28.413,hold,1,1,0.0,-132.91448974609375,-0.0,0.0012246277183294296,2,1
4.397861711040605,28.413,hold,0,4,,0.0,-0.0,0.03200000151991844,0,1
4.397861711040605,28.413,hold,0,1,,0.0,0.0,-0.01600000075995922,0,1
4.408146282017697,28.423000000000002,hold,1,2,103.8603515625,103.8603515625,0.5405400395393372,-0.007409265730530024,1,1
4.408146282017697,28.423000000000002,hold,1,1,0.0,-132.91448974609375,-0.0,0.0012246277183294296,2,1
4.408146282017697,28.423000000000002,hold,0,4,,0.0,-0.0,-0.017999999225139618,0,1
4.408146282017697,28.423000000000002,hold,0,1,,0.0,0.0,-0.0020000000949949026,0,1
4.418049484025687,28.433,hold,1,2,103.8603515625,103.84613037109375,-12.233914375305176,0.16565841436386108,1,1
4.418049484025687,28.433,hold,1,1,0.0,-132.91448974609375,0.04371320828795433,0.00214345077984035,2,1
4.418049484025687,28.433,hold,0,4,,0.0,-0.0,-0.017999999225139618,0,1
4.418049484025687,28.433,hold,0,1,,0.0,0.0,-0.008999999612569809,0,1
4.429207434004638,28.445,hold,1,2,103.8603515625,103.84613037109375,-12.233914375305176,0.16565841436386108,1,1
4.429207434004638,28.445,hold,1,1,0.0,-132.7509765625,0.04371320828795433,0.00037463041371665895,2,1
4.429207434004638,28.445,hold,0,4,,0.0,-0.0,-0.017999999225139618,0,1
4.429207434004638,28.445,hold,0,1,,0.0,0.0,-0.008999999612569809,0,1
4.437934866989963,28.453,hold,1,2,103.8603515625,103.96157836914062,7.424469947814941,0.17806150019168854,1,1
4.437934866989963,28.453,hold,1,1,0.0,-132.7509765625,0.04371320828795433,0.0006613477598875761,2,1
4.437934866989963,28.453,hold,0,4,,0.0,-0.0,0.006000000052154064,0,1
4.437934866989963,28.453,hold,0,1,,0.0,0.0,-0.008999999612569809,0,1
4.447878185019363,28.463,hold,1,2,103.8603515625,103.851806640625,-2.082200765609741,0.147394597530365,1,1
4.447878185019363,28.463,hold,1,1,0.0,-132.7509765625,0.04371320828795433,0.00032112631015479565,2,1
4.447878185019363,28.463,hold,0,4,,0.0,-0.0,-0.017999999225139618,0,1
4.447878185019363,28.463,hold,0,1,,0.0,0.0,-0.008999999612569809,0,1
4.457592460035812,28.473,hold,1,2,103.8603515625,103.865966796875,-8.980805397033691,-0.02817706950008869,1,1
4.457592460035812,28.473,hold,1,1,0.0,-132.7509765625,0.04371320828795433,0.0005418695509433746,2,1
4.457592460035812,28.473,hold,0,4,,0.0,-0.0,0.006000000052154064,0,1
4.457592460035812,28.473,hold,0,1,,0.0,0.0,-0.008999999612569809,0,1
4.467903642042074,28.483,hold,1,2,103.8603515625,103.85745239257812,-9.342817306518555,-0.04127492010593414,1,1
4.467903642042074,28.483,hold,1,1,0.0,-132.7509765625,0.04371320828795433,0.0010337221901863813,2,1
4.467903642042074,28.483,hold,0,4,,0.0,-0.0,-0.017999999225139618,0,1
4.467903642042074,28.483,hold,0,1,,0.0,0.0,-0.008999999612569809,0,1
4.477974881010596,28.493,hold,1,2,103.8603515625,103.86318969726562,-3.7186779975891113,-0.1649467647075653,1,1
4.477974881010596,28.493,hold,1,1,0.0,-132.7509765625,0.04371320828795433,0.002180917654186487,2,1
4.477974881010596,28.493,hold,0,4,,0.0,-0.0,0.03200000151991844,0,1
4.477974881010596,28.493,hold,0,1,,0.0,0.0,-0.08299999684095383,0,1
4.487870278011542,28.503,hold,1,2,103.8603515625,103.865966796875,-1.157556176185608,0.056882839649915695,1,1
4.487870278011542,28.503,hold,1,1,0.0,-132.7509765625,0.04371320828795433,0.004143725149333477,2,1
4.487870278011542,28.503,hold,0,4,,0.0,-0.0,-0.017999999225139618,0,1
4.487870278011542,28.503,hold,0,1,,0.0,0.0,-0.07699999958276749,0,1
4.497547113045584,28.513,hold,1,2,103.8603515625,103.87164306640625,4.610334873199463,0.17886711657047272,1,1
4.497547113045584,28.513,hold,1,1,0.0,-132.7509765625,0.04371320828795433,0.0004568688746076077,2,1
4.497547113045584,28.513,hold,0,4,,0.0,-0.0,-0.017999999225139618,0,1
4.497547113045584,28.513,hold,0,1,,0.0,0.0,-0.008999999612569809,0,1
4.5077432980178855,28.523,hold,1,2,103.8603515625,103.87448120117188,1.4504462480545044,-0.03149767965078354,1,1
4.5077432980178855,28.523,hold,1,1,0.0,-132.7509765625,0.04371320828795433,0.00020706676878035069,2,1
4.5077432980178855,28.523,hold,0,4,,0.0,-0.0,-0.017999999225139618,0,1
4.5077432980178855,28.523,hold,0,1,,0.0,0.0,-0.01600000075995922,0,1
4.517333238036372,28.533,hold,1,2,103.8603515625,103.88018798828125,7.128715991973877,-0.00877809152007103,1,1
4.517333238036372,28.533,hold,1,1,0.0,-132.7509765625,0.04371320828795433,0.002276461571455002,2,1
4.517333238036372,28.533,hold,0,4,,0.0,-0.0,0.03200000151991844,0,1
4.517333238036372,28.533,hold,0,1,,0.0,0.0,-0.008999999612569809,0,1
4.527789464045782,28.543,hold,1,2,103.8603515625,103.84613037109375,-9.691571235656738,0.18615899980068207,1,1
4.527789464045782,28.543,hold,1,1,0.0,-132.91448974609375,-0.0,-0.001328500802628696,2,1
4.527789464045782,28.543,hold,0,4,,0.0,-0.0,-0.017999999225139618,0,1
4.527789464045782,28.543,hold,0,1,,0.0,0.0,-0.008999999612569809,0,1
4.537704709044192,28.553,hold,1,2,103.8603515625,103.84613037109375,-4.744335651397705,0.09774443507194519,1,1
4.537704709044192,28.553,hold,1,1,0.0,-132.7509765625,0.04371320828795433,0.00033719438943080604,2,1
4.537704709044192,28.553,hold,0,4,,0.0,-0.0,-0.017999999225139618,0,1
4.537704709044192,28.553,hold,0,1,,0.0,0.0,-0.008999999612569809,0,1
4.5477064159931615,28.563,hold,1,2,103.8603515625,103.93960571289062,7.501405239105225,0.20708653330802917,1,1
4.5477064159931615,28.563,hold,1,1,0.0,-132.7509765625,0.04371320828795433,0.0026796015445142984,2,1
4.5477064159931615,28.563,hold,0,4,,0.0,-0.0,-0.017999999225139618,0,1
4.5477064159931615,28.563,hold,0,1,,0.0,0.0,-0.008999999612569809,0,1
4.558072652027477,28.573,hold,1,2,103.8603515625,103.93960571289062,0.5770143270492554,0.05049077793955803,1,1
4.558072652027477,28.573,hold,1,1,0.0,-132.7509765625,0.04371320828795433,-0.0005475429352372885,2,1
4.558072652027477,28.573,hold,0,4,,0.0,-0.0,0.006000000052154064,0,1
4.558072652027477,28.573,hold,0,1,,0.0,0.0,0.05000000074505806,0,1
4.567837383016013,28.583,hold,1,2,103.8603515625,103.851806640625,-6.484776973724365,-0.04578937590122223,1,1
4.567837383016013,28.583,hold,1,1,0.0,-132.7509765625,0.04371320828795433,0.0025590218137949705,2,1
4.567837383016013,28.583,hold,0,4,,0.0,-0.0,0.03200000151991844,0,1
4.567837383016013,28.583,hold,0,1,,0.0,0.0,-0.07699999958276749,0,1
4.578039439045824,28.593,hold,1,2,103.8603515625,103.85467529296875,-2.3146536350250244,-0.030650189146399498,1,1
4.578039439045824,28.593,hold,1,1,0.0,-132.7509765625,0.04371320828795433,-0.00040080182952806354,2,1
4.578039439045824,28.593,hold,0,4,,0.0,-0.0,0.006000000052154064,0,1
4.578039439045824,28.593,hold,0,1,,0.0,0.0,-0.008999999612569809,0,1
4.58794623700669,28.603,hold,1,2,103.8603515625,103.851806640625,-7.428550720214844,0.04183633625507355,1,1
4.58794623700669,28.603,hold,1,1,0.0,-132.7509765625,0.04371320828795433,-0.0013436474837362766,2,1
4.58794623700669,28.603,hold,0,4,,0.0,-0.0,-0.017999999225139618,0,1
4.58794623700669,28.603,hold,0,1,,0.0,0.0,-0.008999999612569809,0,1
4.597690930007957,28.613,hold,1,2,103.8603515625,103.84613037109375,-8.062623023986816,0.05685624107718468,1,1
4.597690930007957,28.613,hold,1,1,0.0,-132.7509765625,0.04371320828795433,0.0010111391311511397,2,1
4.597690930007957,28.613,hold,0,4,,0.0,-0.0,0.03200000151991844,0,1
4.597690930007957,28.613,hold,0,1,,0.0,0.0,-0.008999999612569809,0,1
4.60783871402964,28.623,hold,1,2,103.8603515625,103.85745239257812,14.136634826660156,0.21726378798484802,1,1
4.60783871402964,28.623,hold,1,1,0.0,-132.7509765625,0.04371320828795433,0.0024047265760600567,2,1
4.60783871402964,28.623,hold,0,4,,0.0,-0.0,-0.017999999225139618,0,1
4.60783871402964,28.623,hold,0,1,,0.0,0.0,0.05700000002980232,0,1
4.617555654025637,28.633,hold,1,2,103.8603515625,103.85467529296875,-4.817349433898926,0.2283959835767746,1,1
4.617555654025637,28.633,hold,1,1,0.0,-132.7509765625,0.04371320828795433,-3.97029216401279e-05,2,1
4.617555654025637,28.633,hold,0,4,,0.0,-0.0,0.03200000151991844,0,1
4.617555654025637,28.633,hold,0,1,,0.0,0.0,-0.008999999612569809,0,1
4.627882726024836,28.643,hold,1,2,103.8603515625,103.84613037109375,-5.037342548370361,0.037046294659376144,1,1
4.627882726024836,28.643,hold,1,1,0.0,-132.7509765625,0.04371320828795433,0.0008906123111955822,2,1
4.627882726024836,28.643,hold,0,4,,0.0,-0.0,-0.017999999225139618,0,1
4.627882726024836,28.643,hold,0,1,,0.0,0.0,0.05700000002980232,0,1
4.637914691003971,28.653,hold,1,2,103.8603515625,103.93960571289062,9.963333129882812,0.17546623945236206,1,1
4.637914691003971,28.653,hold,1,1,0.0,-132.7509765625,0.04371320828795433,0.00038632459472864866,2,1
4.637914691003971,28.653,hold,0,4,,0.0,-0.0,0.006000000052154064,0,1
4.637914691003971,28.653,hold,0,1,,0.0,0.0,-0.01600000075995922,0,1
4.648035102989525,28.663,hold,1,2,103.8603515625,103.84896850585938,-2.561458110809326,0.12057355046272278,1,1
4.648035102989525,28.663,hold,1,1,0.0,-132.7509765625,0.04371320828795433,-0.002207441721111536,2,1
4.648035102989525,28.663,hold,0,4,,0.0,-0.0,-0.017999999225139618,0,1
4.648035102989525,28.663,hold,0,1,,0.0,0.0,-0.008999999612569809,0,1
4.657945568033028,28.673000000000002,hold,1,2,103.8603515625,103.93960571289062,1.7310431003570557,0.03514344245195389,1,1
4.657945568033028,28.673000000000002,hold,1,1,0.0,-132.7509765625,0.04371320828795433,0.0003396412939764559,2,1
4.657945568033028,28.673000000000002,hold,0,4,,0.0,-0.0,-0.25,0,1
4.657945568033028,28.673000000000002,hold,0,1,,0.0,0.0,-0.0020000000949949026,0,1
4.66833381599281,28.683,hold,1,2,103.8603515625,103.93960571289062,1.6541078090667725,-0.09931980818510056,1,1
4.66833381599281,28.683,hold,1,1,0.0,-132.7509765625,0.04371320828795433,-0.00016536646580789238,2,1
4.66833381599281,28.683,hold,0,4,,0.0,-0.0,-0.017999999225139618,0,1
4.66833381599281,28.683,hold,0,1,,0.0,0.0,-0.0020000000949949026,0,1
4.677546074031852,28.693,velocity_sine,1,2,103.8603515625,103.86318969726562,1.0569348335266113,-0.04980200156569481,1,1
4.677546074031852,28.693,velocity_sine,1,1,0.06738127923329176,-132.7509765625,0.04371320828795433,-0.0014203462051227689,2,1
4.677546074031852,28.693,velocity_sine,0,4,,0.0,-0.0,0.03200000151991844,0,1
4.677546074031852,28.693,velocity_sine,0,1,,0.0,0.0,0.05700000002980232,0,1
4.68786182400072,28.703,velocity_sine,1,2,103.8603515625,103.86318969726562,0.397178053855896,-0.15551653504371643,1,1
4.68786182400072,28.703,velocity_sine,1,1,0.42805994989967266,-132.7509765625,0.04371320828795433,-0.0002767602272797376,2,1
4.68786182400072,28.703,velocity_sine,0,4,,0.0,-0.0,0.006000000052154064,0,1
4.68786182400072,28.703,velocity_sine,0,1,,0.0,0.0,-0.008999999612569809,0,1
4.697831080993637,28.713,velocity_sine,1,2,103.8603515625,103.85467529296875,-11.847097396850586,-0.0693187266588211,1,1
4.697831080993637,28.713,velocity_sine,1,1,0.7534619985807975,-132.7509765625,0.04371320828795433,-0.0002623635227791965,2,1
4.697831080993637,28.713,velocity_sine,0,4,,0.0,-0.0,0.006000000052154064,0,1
4.697831080993637,28.713,velocity_sine,0,1,,0.0,0.0,0.05700000002980232,0,1
4.708065748040099,28.723,velocity_sine,1,2,103.8603515625,103.84051513671875,-7.0229010581970215,0.05222130939364433,1,1
4.708065748040099,28.723,velocity_sine,1,1,1.0671034336757848,-132.7509765625,0.04371320828795433,0.0034360443241894245,2,1
4.708065748040099,28.723,velocity_sine,0,4,,0.0,-0.0,-0.017999999225139618,0,1
4.708065748040099,28.723,velocity_sine,0,1,,0.0,0.0,0.05700000002980232,0,1
4.717676708998624,28.733,velocity_sine,1,2,103.8603515625,103.85467529296875,0.5948293209075928,0.2290845662355423,1,1
4.717676708998624,28.733,velocity_sine,1,1,1.4481350407575349,-132.7509765625,0.04371320828795433,0.005443289875984192,2,1
4.717676708998624,28.733,velocity_sine,0,4,,0.0,-0.0,-0.017999999225139618,0,1
4.717676708998624,28.733,velocity_sine,0,1,,0.0,0.0,0.06400000303983688,0,1
4.727361919009127,28.743,velocity_sine,1,2,103.8603515625,103.87448120117188,1.3516812324523926,-0.043905314058065414,1,1
4.727361919009127,28.743,velocity_sine,1,1,1.4481350407575349,-132.7509765625,0.04371320828795433,0.007616790477186441,2,1
4.727361919009127,28.743,velocity_sine,0,4,,0.0,-0.0,-0.017999999225139618,0,1
4.727361919009127,28.743,velocity_sine,0,1,,0.0,0.0,-0.008999999612569809,0,1
4.737421897007152,28.753,velocity_sine,1,2,103.8603515625,103.851806640625,-8.558524131774902,-0.02287289872765541,1,1
4.737421897007152,28.753,velocity_sine,1,1,1.7753498364340028,-132.7509765625,0.04371320828795433,0.008118825033307076,2,1
4.737421897007152,28.753,velocity_sine,0,4,,0.0,-0.0,0.006000000052154064,0,1
4.737421897007152,28.753,velocity_sine,0,1,,0.0,0.0,-0.008999999612569809,0,1
4.747606660006568,28.763,velocity_sine,1,2,103.8603515625,103.83197021484375,-12.954742431640625,0.012457572855055332,1,1
4.747606660006568,28.763,velocity_sine,1,1,2.084319820471917,-132.7509765625,0.04371320828795433,0.009786756709218025,2,1
4.747606660006568,28.763,velocity_sine,0,4,,0.0,-0.0,-0.017999999225139618,0,1
4.747606660006568,28.763,velocity_sine,0,1,,0.0,0.0,-0.008999999612569809,0,1
4.75759495300008,28.773,velocity_sine,1,2,103.8603515625,103.82623291015625,2.5179173946380615,0.31889596581459045,1,1
4.75759495300008,28.773,velocity_sine,1,1,2.3959027987380943,-132.7509765625,0.04371320828795433,0.014532334171235561,2,1
4.75759495300008,28.773,velocity_sine,0,4,,0.0,-0.0,-0.017999999225139618,0,1
4.75759495300008,28.773,velocity_sine,0,1,,0.0,0.0,-0.008999999612569809,0,1
4.767881367995869,28.783,velocity_sine,1,2,103.8603515625,103.84613037109375,10.489938735961914,-0.02074013464152813,1,1
4.767881367995869,28.783,velocity_sine,1,1,2.7011282530905563,-132.7509765625,0.04371320828795433,0.026301544159650803,2,1
4.767881367995869,28.783,velocity_sine,0,4,,0.0,-0.0,-0.017999999225139618,0,1
4.767881367995869,28.783,velocity_sine,0,1,,0.0,0.0,-0.008999999612569809,0,1
4.777415774005931,28.793,velocity_sine,1,2,103.8603515625,103.8603515625,5.177995204925537,-0.19982169568538666,1,1
4.777415774005931,28.793,velocity_sine,1,1,3.0103508917466124,-132.7509765625,0.04371320828795433,0.028993867337703705,2,1
4.777415774005931,28.793,velocity_sine,0,4,,0.0,-0.0,-0.017999999225139618,0,1
4.777415774005931,28.793,velocity_sine,0,1,,0.0,0.0,0.05700000002980232,0,1
4.787780076032504,28.803,velocity_sine,1,2,103.8603515625,103.851806640625,10.248238563537598,0.25853657722473145,1,1
4.787780076032504,28.803,velocity_sine,1,1,3.3598991263358453,-132.7509765625,0.04371320828795433,0.035226207226514816,2,1
4.787780076032504,28.803,velocity_sine,0,4,,0.0,-0.0,0.006000000052154064,0,1
4.787780076032504,28.803,velocity_sine,0,1,,0.0,0.0,-0.01600000075995922,0,1
4.797382680000737,28.813,velocity_sine,1,2,103.8603515625,103.84896850585938,3.49920916557312,0.06887628883123398,1,1
4.797382680000737,28.813,velocity_sine,1,1,3.663818356655378,-132.912109375,-0.0,0.04163896664977074,2,1
4.797382680000737,28.813,velocity_sine,0,4,,0.0,-0.0,-0.0430000014603138,0,1
4.797382680000737,28.813,velocity_sine,0,1,,0.0,0.0,-0.008999999612569809,0,1
4.807710033026524,28.823,velocity_sine,1,2,103.8603515625,103.91763305664062,-0.5770143270492554,-0.011099626310169697,1,1
4.807710033026524,28.823,velocity_sine,1,1,4.010822792836566,-132.72900390625,0.04371320828795433,0.04565072059631348,2,1
4.807710033026524,28.823,velocity_sine,0,4,,0.0,-0.0,-0.017999999225139618,0,1
4.807710033026524,28.823,velocity_sine,0,1,,0.0,0.0,-0.008999999612569809,0,1
4.817719504993875,28.833,velocity_sine,1,2,103.8603515625,103.91763305664062,8.270757675170898,0.17815987765789032,1,1
4.817719504993875,28.833,velocity_sine,1,1,4.299442590364598,-132.72900390625,0.04371320828795433,0.04682132974267006,2,1
4.817719504993875,28.833,velocity_sine,0,4,,0.0,-0.0,0.03200000151991844,0,1
4.817719504993875,28.833,velocity_sine,0,1,,0.0,0.0,0.05700000002980232,0,1
4.827515465032775,28.843,velocity_sine,1,2,103.8603515625,103.82623291015625,-1.3073787689208984,0.05142710730433464,1,1
4.827515465032775,28.843,velocity_sine,1,1,4.584690809971236,-132.72900390625,0.04371320828795433,0.055919110774993896,2,1
4.827515465032775,28.843,velocity_sine,0,4,,0.0,-0.0,0.006000000052154064,0,1
4.827515465032775,28.843,velocity_sine,0,1,,0.0,0.0,-0.008999999612569809,0,1
4.83771227102261,28.853,velocity_sine,1,2,103.8603515625,103.83197021484375,7.10948371887207,0.09484898298978806,1,1
4.83771227102261,28.853,velocity_sine,1,1,4.914555507283826,-132.72900390625,0.04371320828795433,0.059536226093769073,2,1
4.83771227102261,28.853,velocity_sine,0,4,,0.0,-0.0,-0.017999999225139618,0,1
4.83771227102261,28.853,velocity_sine,0,1,,0.0,0.0,-0.008999999612569809,0,1
4.847997403994668,28.863,velocity_sine,1,2,103.8603515625,103.84896850585938,-3.0823628902435303,-0.031150173395872116,1,1
4.847997403994668,28.863,velocity_sine,1,1,5.188499000514692,-132.72900390625,0.04371320828795433,0.06207463517785072,2,1
4.847997403994668,28.863,velocity_sine,0,4,,0.0,-0.0,-0.017999999225139618,0,1
4.847997403994668,28.863,velocity_sine,0,1,,0.0,0.0,-0.008999999612569809,0,1
4.858223285002168,28.873,velocity_sine,1,2,103.8603515625,103.83477783203125,1.4314649105072021,-0.07121644914150238,1,1
4.858223285002168,28.873,velocity_sine,1,1,5.467433584569044,-132.72900390625,0.04371320828795433,0.07134853303432465,2,1
4.858223285002168,28.873,velocity_sine,0,4,,0.0,-0.0,0.006000000052154064,0,1
4.858223285002168,28.873,velocity_sine,0,1,,0.0,0.0,-0.008999999612569809,0,1
4.867205648042727,28.883,velocity_sine,1,2,103.8603515625,103.82913208007812,4.467113494873047,0.08162323385477066,1,1
4.867205648042727,28.883,velocity_sine,1,1,5.735721606054565,-132.72900390625,0.04371320828795433,0.0776706412434578,2,1
4.867205648042727,28.883,velocity_sine,0,4,,0.0,-0.0,-0.017999999225139618,0,1
4.867205648042727,28.883,velocity_sine,0,1,,0.0,0.0,-0.008999999612569809,0,1
4.877541486988775,28.893,velocity_sine,1,2,103.8603515625,103.84051513671875,-0.9600536823272705,0.004889290779829025,1,1
4.877541486988775,28.893,velocity_sine,1,1,6.01463200827988,-132.72900390625,0.04371320828795433,0.08627847582101822,2,1
4.877541486988775,28.893,velocity_sine,0,4,,0.0,-0.0,0.006000000052154064,0,1
4.877541486988775,28.893,velocity_sine,0,1,,0.0,0.0,-0.01600000075995922,0,1
4.887686425005086,28.903,velocity_sine,1,2,103.8603515625,103.82061767578125,-12.382479667663574,0.13420672714710236,1,1
4.887686425005086,28.903,velocity_sine,1,1,6.277059688027565,-132.72900390625,0.04371320828795433,0.09811482578516006,2,1
4.887686425005086,28.903,velocity_sine,0,4,,0.0,-0.0,0.006000000052154064,0,1
4.887686425005086,28.903,velocity_sine,0,1,,0.0,0.0,-0.01600000075995922,0,1
4.897628320031799,28.913,velocity_sine,1,2,103.8603515625,103.82913208007812,0.420936644077301,0.060491181910037994,1,1
4.897628320031799,28.913,velocity_sine,1,1,6.277059688027565,-132.72900390625,0.04371320828795433,0.1047530397772789,2,1
4.897628320031799,28.913,velocity_sine,0,4,,0.0,-0.0,0.03200000151991844,0,1
4.897628320031799,28.913,velocity_sine,0,1,,0.0,0.0,-0.008999999612569809,0,1
4.907758460030891,28.923000000000002,velocity_sine,1,2,103.8603515625,103.82913208007812,1.2393510341644287,-0.017350342124700546,1,1
4.907758460030891,28.923000000000002,velocity_sine,1,1,6.544090873174582,-132.72900390625,0.04371320828795433,0.11739404499530792,2,1
4.907758460030891,28.923000000000002,velocity_sine,0,4,,0.0,-0.0,-0.017999999225139618,0,1
4.907758460030891,28.923000000000002,velocity_sine,0,1,,0.0,0.0,-0.008999999612569809,0,1
4.917636525002308,28.933,velocity_sine,1,2,103.8603515625,103.83767700195312,-2.638927698135376,0.11464449018239975,1,1
4.917636525002308,28.933,velocity_sine,1,1,6.7810219883347225,-132.72900390625,0.04371320828795433,0.12675392627716064,2,1
4.917636525002308,28.933,velocity_sine,0,4,,0.0,-0.0,-0.017999999225139618,0,1
4.917636525002308,28.933,velocity_sine,0,1,,0.0,0.0,-0.008999999612569809,0,1
4.927845935046207,28.943,velocity_sine,1,2,103.8603515625,103.83197021484375,-1.9250093698501587,0.19981247186660767,1,1
4.927845935046207,28.943,velocity_sine,1,1,7.057049675304984,-132.70703125,4.589886665344238,0.1367972195148468,2,1
4.927845935046207,28.943,velocity_sine,0,4,,0.0,-0.0,0.03200000151991844,0,1
4.927845935046207,28.943,velocity_sine,0,1,,0.0,0.0,-0.008999999612569809,0,1
4.938017453008797,28.953,velocity_sine,1,2,103.8603515625,103.93960571289062,5.962700366973877,0.23429754376411438,1,1
4.938017453008797,28.953,velocity_sine,1,1,7.279847372620253,-132.70703125,0.04371320828795433,0.13572299480438232,2,1
4.938017453008797,28.953,velocity_sine,0,4,,0.0,-0.0,-0.017999999225139618,0,1
4.938017453008797,28.953,velocity_sine,0,1,,0.0,0.0,-0.0020000000949949026,0,1
4.948106606025249,28.963,velocity_sine,1,2,103.8603515625,103.93960571289062,2.5773308277130127,0.0055493139661848545,1,1
4.948106606025249,28.963,velocity_sine,1,1,7.499534894281145,-132.70703125,0.04371320828795433,0.1474153697490692,2,1
4.948106606025249,28.963,velocity_sine,0,4,,0.0,-0.0,-0.017999999225139618,0,1
4.948106606025249,28.963,velocity_sine,0,1,,0.0,0.0,-0.0020000000949949026,0,1
4.958444859017618,28.973,velocity_sine,1,2,103.8603515625,103.83767700195312,-0.17752684652805328,0.37628573179244995,1,1
4.958444859017618,28.973,velocity_sine,1,1,7.749144316718866,-132.70703125,0.04371320828795433,0.14542759954929352,2,1
4.958444859017618,28.973,velocity_sine,0,4,,0.0,-0.0,-0.017999999225139618,0,1
4.958444859017618,28.973,velocity_sine,0,1,,0.0,0.0,-0.008999999612569809,0,1
4.9680913659976795,28.983,velocity_sine,1,2,103.8603515625,103.87164306640625,-2.328763723373413,0.32325616478919983,1,1
4.9680913659976795,28.983,velocity_sine,1,1,7.952439268273031,-132.6849365234375,0.6556981205940247,0.15604017674922943,2,1
4.9680913659976795,28.983,velocity_sine,0,4,,0.0,-0.0,-0.017999999225139618,0,1
4.9680913659976795,28.983,velocity_sine,0,1,,0.0,0.0,-0.008999999612569809,0,1
4.9778134660446085,28.993,velocity_sine,1,2,103.8603515625,103.86318969726562,-5.8924479484558105,0.09281785041093826,1,1
4.9778134660446085,28.993,velocity_sine,1,1,8.168354048507844,-132.6849365234375,4.939592361450195,0.15996459126472473,2,1
4.9778134660446085,28.993,velocity_sine,0,4,,0.0,-0.0,0.03200000151991844,0,1
4.9778134660446085,28.993,velocity_sine,0,1,,0.0,0.0,0.05700000002980232,0,1
4.987689006025903,29.003,velocity_sine,1,2,103.8603515625,103.87734985351562,-4.372570991516113,0.1253344565629959,1,1
4.987689006025903,29.003,velocity_sine,1,1,8.378923266434736,-132.6629638671875,0.04371320828795433,0.16603393852710724,2,1
4.987689006025903,29.003,velocity_sine,0,4,,0.0,-0.0,-0.017999999225139618,0,1
4.987689006025903,29.003,velocity_sine,0,1,,0.0,0.0,-0.008999999612569809,0,1
4.997553455003072,29.013,velocity_sine,1,2,103.8603515625,103.88864135742188,-3.7957727909088135,0.011069136671721935,1,1
4.997553455003072,29.013,velocity_sine,1,1,8.378923266434736,-132.6629638671875,0.04371320828795433,0.17128707468509674,2,1
4.997553455003072,29.013,velocity_sine,0,4,,0.0,-0.0,-0.017999999225139618,0,1
4.997553455003072,29.013,velocity_sine,0,1,,0.0,0.0,-0.008999999612569809,0,1
5.007776890997775,29.023,velocity_sine,1,2,103.8603515625,103.87734985351562,6.176961421966553,0.10763321816921234,1,1
5.007776890997775,29.023,velocity_sine,1,1,8.558479580489294,-132.64105224609375,0.6556981205940247,0.17678922414779663,2,1
5.007776890997775,29.023,velocity_sine,0,4,,0.0,-0.0,-0.017999999225139618,0,1
5.007776890997775,29.023,velocity_sine,0,1,,0.0,0.0,-0.008999999612569809,0,1
5.017312419018708,29.033,velocity_sine,1,2,103.8603515625,103.87164306640625,1.6147868633270264,-0.0393073633313179,1,1
5.017312419018708,29.033,velocity_sine,1,1,8.720214581021551,-132.61907958984375,4.852166175842285,0.1777367740869522,2,1
5.017312419018708,29.033,velocity_sine,0,4,,0.0,-0.0,0.006000000052154064,0,1
5.017312419018708,29.033,velocity_sine,0,1,,0.0,0.0,-0.008999999612569809,0,1
5.02773629402509,29.043,velocity_sine,1,2,103.8603515625,103.8858642578125,1.3794527053833008,0.05325604975223541,1,1
5.02773629402509,29.043,velocity_sine,1,1,8.894549358889215,-132.59710693359375,0.04371320828795433,0.17072409391403198,2,1
5.02773629402509,29.043,velocity_sine,0,4,,0.0,-0.0,0.006000000052154064,0,1
5.02773629402509,29.043,velocity_sine,0,1,,0.0,0.0,-0.008999999612569809,0,1
5.0378852400463074,29.053,velocity_sine,1,2,103.8603515625,103.9000244140625,7.643819808959961,0.16627642512321472,1,1
5.0378852400463074,29.053,velocity_sine,1,1,9.039750909104846,-132.59710693359375,0.04371320828795433,0.17523249983787537,2,1
5.0378852400463074,29.053,velocity_sine,0,4,,0.0,-0.0,-0.017999999225139618,0,1
5.0378852400463074,29.053,velocity_sine,0,1,,0.0,0.0,-0.008999999612569809,0,1
5.047738147026394,29.063,velocity_sine,1,2,103.8603515625,104.0054931640625,6.501246929168701,0.1755211353302002,1,1
5.047738147026394,29.063,velocity_sine,1,1,9.172975194418685,-132.59710693359375,0.04371320828795433,0.18331392109394073,2,1
5.047738147026394,29.063,velocity_sine,0,4,,0.0,-0.0,0.006000000052154064,0,1
5.047738147026394,29.063,velocity_sine,0,1,,0.0,0.0,-0.008999999612569809,0,1
5.057818291999865,29.073,velocity_sine,1,2,103.8603515625,103.88864135742188,-0.8517817258834839,0.05328376963734627,1,1
5.057818291999865,29.073,velocity_sine,1,1,9.318227251829313,-132.57513427734375,4.939592361450195,0.1876358985900879,2,1
5.057818291999865,29.073,velocity_sine,0,4,,0.0,-0.0,0.03200000151991844,0,1
5.057818291999865,29.073,velocity_sine,0,1,,0.0,0.0,0.05700000002980232,0,1
5.067624070041347,29.083,velocity_sine,1,2,103.8603515625,103.86880493164062,-3.519880533218384,0.0291028693318367,1,1
5.067624070041347,29.083,velocity_sine,1,1,9.4494004551059,-132.50921630859375,9.485984802246094,0.18967187404632568,2,1
5.067624070041347,29.083,velocity_sine,0,4,,0.0,-0.0,-0.017999999225139618,0,1
5.067624070041347,29.083,velocity_sine,0,1,,0.0,0.0,-0.008999999612569809,0,1
5.077589670021553,29.093,velocity_sine,1,2,103.8603515625,103.87164306640625,-1.9593451023101807,0.2416239231824875,1,1
5.077589670021553,29.093,velocity_sine,1,1,9.567248565603196,-132.46527099609375,0.6556981205940247,0.16884981095790863,2,1
5.077589670021553,29.093,velocity_sine,0,4,,0.0,-0.0,0.006000000052154064,0,1
5.077589670021553,29.093,velocity_sine,0,1,,0.0,0.0,0.05700000002980232,0,1
5.087760517024435,29.103,velocity_sine,1,2,103.8603515625,103.86880493164062,5.852568626403809,0.1826241910457611,1,1
5.087760517024435,29.103,velocity_sine,1,1,9.654851028836486,-132.46527099609375,-5.289298057556152,0.13870036602020264,2,1
5.087760517024435,29.103,velocity_sine,0,4,,0.0,-0.0,-0.017999999225139618,0,1
5.087760517024435,29.103,velocity_sine,0,1,,0.0,0.0,0.05700000002980232,0,1
5.097863787028473,29.113,velocity_sine,1,2,103.8603515625,103.87734985351562,15.582168579101562,0.10408482700586319,1,1
5.097863787028473,29.113,velocity_sine,1,1,9.734376715399137,-132.50921630859375,-4.764739513397217,0.13669627904891968,2,1
5.097863787028473,29.113,velocity_sine,0,4,,0.0,-0.0,-0.017999999225139618,0,1
5.097863787028473,29.113,velocity_sine,0,1,,0.0,0.0,-0.008999999612569809,0,1
5.107844415004365,29.123,velocity_sine,1,2,103.8603515625,103.86880493164062,-1.1057535409927368,0.05293230712413788,1,1
5.107844415004365,29.123,velocity_sine,1,1,9.734376715399137,-132.50921630859375,7.0380449295043945,0.17250342667102814,2,1
5.107844415004365,29.123,velocity_sine,0,4,,0.0,-0.0,0.006000000052154064,0,1
5.107844415004365,29.123,velocity_sine,0,1,,0.0,0.0,-0.008999999612569809,0,1
5.117534454038832,29.133,velocity_sine,1,2,103.8603515625,103.85745239257812,2.43585467338562,0.1178353950381279,1,1
5.117534454038832,29.133,velocity_sine,1,1,9.80645470366546,-132.42138671875,11.933924674987793,0.20779338479042053,2,1
5.117534454038832,29.133,velocity_sine,0,4,,0.0,-0.0,-0.017999999225139618,0,1
5.117534454038832,29.133,velocity_sine,0,1,,0.0,0.0,-0.008999999612569809,0,1
5.127695353003219,29.143,velocity_sine,1,2,103.8603515625,103.84896850585938,4.729940414428711,0.21913814544677734,1,1
5.127695353003219,29.143,velocity_sine,1,1,9.873175000425853,-132.22357177734375,23.03729820251465,0.1614568680524826,2,1
5.127695353003219,29.143,velocity_sine,0,4,,0.0,-0.0,0.006000000052154064,0,1
5.127695353003219,29.143,velocity_sine,0,1,,0.0,0.0,-0.0020000000949949026,0,1
5.13783736503683,29.153,velocity_sine,1,2,103.8603515625,103.8858642578125,0.06438541412353516,0.15367165207862854,1,1
5.13783736503683,29.153,velocity_sine,1,1,9.918239087078147,-132.0478515625,4.939592361450195,0.10938309878110886,2,1
5.13783736503683,29.153,velocity_sine,0,4,,0.0,-0.0,-0.017999999225139618,0,1
5.13783736503683,29.153,velocity_sine,0,1,,0.0,0.0,-0.008999999612569809,0,1
5.148304011032451,29.163,velocity_sine,1,2,103.8603515625,103.96157836914062,-13.81009578704834,-0.0340704545378685,1,1
5.148304011032451,29.163,velocity_sine,1,1,9.95428386379476,-132.13568115234375,-15.256346702575684,0.003398670582100749,2,1
5.148304011032451,29.163,velocity_sine,0,4,,0.0,-0.0,0.006000000052154064,0,1
5.148304011032451,29.163,velocity_sine,0,1,,0.0,0.0,-0.008999999612569809,0,1
5.157927785010543,29.173,velocity_sine,1,2,103.8603515625,103.96157836914062,-7.808927536010742,-0.18891213834285736,1,1
5.157927785010543,29.173,velocity_sine,1,1,9.980361998370723,-132.42138671875,-41.48448944091797,0.011954368092119694,2,1
5.157927785010543,29.173,velocity_sine,0,4,,0.0,-0.0,0.006000000052154064,0,1
5.157927785010543,29.173,velocity_sine,0,1,,0.0,0.0,0.06400000303983688,0,1
5.16793899104232,29.183,velocity_sine,1,2,103.8603515625,103.8603515625,-6.34299373626709,0.044159896671772,1,1
5.16793899104232,29.183,velocity_sine,1,1,9.996712181172372,-132.77294921875,0.04371320828795433,0.08112290501594543,2,1
5.16793899104232,29.183,velocity_sine,0,4,,0.0,-0.0,-0.017999999225139618,0,1
5.16793899104232,29.183,velocity_sine,0,1,,0.0,0.0,-0.008999999612569809,0,1
5.177948563999962,29.193,velocity_sine,1,2,103.8603515625,103.85745239257812,1.3141467571258545,0.05517439916729927,1,1
5.177948563999962,29.193,velocity_sine,1,1,9.999187736386197,-132.50921630859375,34.49015808105469,0.2293977588415146,2,1
5.177948563999962,29.193,velocity_sine,0,4,,0.0,-0.0,0.054999999701976776,0,1
5.177948563999962,29.193,velocity_sine,0,1,,0.0,0.0,0.05700000002980232,0,1
5.187737079046201,29.203,velocity_sine,1,2,103.8603515625,103.84051513671875,-6.735767841339111,-0.10092369467020035,1,1
5.187737079046201,29.203,velocity_sine,1,1,9.986770824774164,-132.0037841796875,63.69123840332031,0.19865888357162476,2,1
5.187737079046201,29.203,velocity_sine,0,4,,0.0,-0.0,-0.017999999225139618,0,1
5.187737079046201,29.203,velocity_sine,0,1,,0.0,0.0,-0.008999999612569809,0,1
5.197405969025567,29.213,velocity_sine,1,2,103.8603515625,103.83767700195312,-4.613919734954834,0.2688749134540558,1,1
5.197405969025567,29.213,velocity_sine,1,1,9.986770824774164,-131.56439208984375,24.086414337158203,0.2515001893043518,2,1
5.197405969025567,29.213,velocity_sine,0,4,,0.0,-0.0,0.054999999701976776,0,1
5.197405969025567,29.213,velocity_sine,0,1,,0.0,0.0,-0.008999999612569809,0,1
5.207780671014916,29.223,velocity_sine,1,2,103.8603515625,103.8603515625,12.032221794128418,0.15536466240882874,1,1
5.207780671014916,29.223,velocity_sine,1,1,9.964537217778775,-131.6302490234375,-24.34869384765625,-0.008503646589815617,2,1
5.207780671014916,29.223,velocity_sine,0,4,,0.0,-0.0,0.006000000052154064,0,1
5.207780671014916,29.223,velocity_sine,0,1,,0.0,0.0,-0.008999999612569809,0,1
5.217845778039191,29.233,velocity_sine,1,2,103.8603515625,103.87734985351562,9.492260932922363,-0.14864860475063324,1,1
5.217845778039191,29.233,velocity_sine,1,1,9.931814990745274,-132.091796875,-63.079254150390625,-0.06040608510375023,2,1
5.217845778039191,29.233,velocity_sine,0,4,,0.0,-0.0,-0.017999999225139618,0,1
5.217845778039191,29.233,velocity_sine,0,1,,0.0,0.0,-0.008999999612569809,0,1
5.2276968419901095,29.243,velocity_sine,1,2,103.8603515625,103.851806640625,0.5779380202293396,-0.048961423337459564,1,1
5.2276968419901095,29.243,velocity_sine,1,1,9.889837256617616,-132.70703125,-53.63676071166992,-0.03281259164214134,2,1
5.2276968419901095,29.243,velocity_sine,0,4,,0.0,-0.0,-0.017999999225139618,0,1
5.2276968419901095,29.243,velocity_sine,0,1,,0.0,0.0,-0.008999999612569809,0,1
5.237436664989218,29.253,velocity_sine,1,2,103.8603515625,103.8603515625,5.5210394859313965,0.17067360877990723,1,1
5.237436664989218,29.253,velocity_sine,1,1,9.82705722557741,-132.93890380859375,24.319618225097656,0.04025593772530556,2,1
5.237436664989218,29.253,velocity_sine,0,4,,0.0,-0.0,0.006000000052154064,0,1
5.237436664989218,29.253,velocity_sine,0,1,,0.0,0.0,0.05700000002980232,0,1
5.247666183044203,29.263,velocity_sine,1,2,103.8603515625,103.84896850585938,4.782536506652832,0.29085272550582886,1,1
5.247666183044203,29.263,velocity_sine,1,1,9.748715564716234,-132.443359375,40.959930419921875,0.2501991391181946,2,1
5.247666183044203,29.263,velocity_sine,0,4,,0.0,-0.0,-0.017999999225139618,0,1
5.247666183044203,29.263,velocity_sine,0,1,,0.0,0.0,-0.008999999612569809,0,1
5.25784073700197,29.273,velocity_sine,1,2,103.8603515625,103.96157836914062,7.963016510009766,0.09156663715839386,1,1
5.25784073700197,29.273,velocity_sine,1,1,9.67247161525095,-131.82806396484375,71.4721908569336,0.22363659739494324,2,1
5.25784073700197,29.273,velocity_sine,0,4,,0.0,-0.0,-0.017999999225139618,0,1
5.25784073700197,29.273,velocity_sine,0,1,,0.0,0.0,-0.008999999612569809,0,1
5.267855880025309,29.283,velocity_sine,1,2,103.8603515625,103.88018798828125,-3.2934274673461914,0.24302038550376892,1,1
5.267855880025309,29.283,velocity_sine,1,1,9.586214732082897,-131.3447265625,28.720014572143555,0.26840242743492126,2,1
5.267855880025309,29.283,velocity_sine,0,4,,0.0,-0.0,0.006000000052154064,0,1
5.267855880025309,29.283,velocity_sine,0,1,,0.0,0.0,-0.008999999612569809,0,1
5.27768402104266,29.293,velocity_sine,1,2,103.8603515625,103.87734985351562,-3.0229053497314453,0.3536446690559387,1,1
5.27768402104266,29.293,velocity_sine,1,1,9.491609430090822,-131.3006591796875,-17.79171371459961,0.0279804989695549,2,1
5.27768402104266,29.293,velocity_sine,0,4,,0.0,-0.0,0.006000000052154064,0,1
5.27768402104266,29.293,velocity_sine,0,1,,0.0,0.0,-0.008999999612569809,0,1
5.287938444991596,29.303,velocity_sine,1,2,103.8603515625,103.88864135742188,-6.1813788414001465,0.3307139277458191,1,1
5.287938444991596,29.303,velocity_sine,1,1,9.362757886099912,-131.6302490234375,-53.374481201171875,-0.1161562129855156,2,1
5.287938444991596,29.303,velocity_sine,0,4,,0.0,-0.0,-0.06599999964237213,0,1
5.287938444991596,29.303,velocity_sine,0,1,,0.0,0.0,-0.008999999612569809,0,1
5.29814281599829,29.313,velocity_sine,1,2,103.8603515625,103.87164306640625,0.8500913381576538,0.09910382330417633,1,1
5.29814281599829,29.313,velocity_sine,1,1,9.246313020149003,-132.28948974609375,-69.1116714477539,-0.026218315586447716,2,1
5.29814281599829,29.313,velocity_sine,0,4,,0.0,-0.0,0.006000000052154064,0,1
5.29814281599829,29.313,velocity_sine,0,1,,0.0,0.0,-0.008999999612569809,0,1
5.3082432899973355,29.323,velocity_sine,1,2,103.8603515625,103.88864135742188,-2.433321952819824,0.07914599031209946,1,1
5.3082432899973355,29.323,velocity_sine,1,1,9.09113511484082,-132.70703125,-0.21856604516506195,-0.009955592453479767,2,1
5.3082432899973355,29.323,velocity_sine,0,4,,0.0,-0.0,0.03200000151991844,0,1
5.3082432899973355,29.323,velocity_sine,0,1,,0.0,0.0,-0.01600000075995922,0,1
5.317496414994821,29.333,velocity_sine,1,2,103.8603515625,103.87448120117188,-4.5941314697265625,0.08398953825235367,1,1
5.317496414994821,29.333,velocity_sine,1,1,9.09113511484082,-132.48724365234375,32.47935104370117,0.21317335963249207,2,1
5.317496414994821,29.333,velocity_sine,0,4,,0.0,-0.0,-0.017999999225139618,0,1
5.317496414994821,29.333,velocity_sine,0,1,,0.0,0.0,-0.008999999612569809,0,1
5.327776488033123,29.343,velocity_sine,1,2,103.8603515625,103.86318969726562,-1.3780523538589478,0.010404517874121666,1,1
5.327776488033123,29.343,velocity_sine,1,1,8.953752425040566,-131.9818115234375,70.1607894897461,0.21661797165870667,2,1
5.327776488033123,29.343,velocity_sine,0,4,,0.0,-0.0,0.03200000151991844,0,1
5.327776488033123,29.343,velocity_sine,0,1,,0.0,0.0,-0.008999999612569809,0,1
5.337758138019126,29.353,velocity_sine,1,2,103.8603515625,103.87448120117188,-0.4097878932952881,0.030059318989515305,1,1
5.337758138019126,29.353,velocity_sine,1,1,8.805016312417091,-131.32275390625,54.68609619140625,0.27938562631607056,2,1
5.337758138019126,29.353,velocity_sine,0,4,,0.0,-0.0,-0.017999999225139618,0,1
5.337758138019126,29.353,velocity_sine,0,1,,0.0,0.0,-0.008999999612569809,0,1
5.347642584994901,29.363,velocity_sine,1,2,103.8603515625,103.84896850585938,-9.693960189819336,0.060378387570381165,1,1
5.347642584994901,29.363,velocity_sine,1,1,8.65136022779696,-131.01513671875,0.04371320828795433,0.2108394056558609,2,1
5.347642584994901,29.363,velocity_sine,0,4,,0.0,-0.0,0.054999999701976776,0,1
5.347642584994901,29.363,velocity_sine,0,1,,0.0,0.0,-0.008999999612569809,0,1
5.3577558230026625,29.373,velocity_sine,1,2,103.8603515625,103.85467529296875,1.159933090209961,-0.007264394778758287,1,1
5.3577558230026625,29.373,velocity_sine,1,1,8.454315432517447,-131.33984375,-24.411867141723633,-0.17798368632793427,2,1
5.3577558230026625,29.373,velocity_sine,0,4,,0.0,-0.0,-0.017999999225139618,0,1
5.3577558230026625,29.373,velocity_sine,0,1,,0.0,0.0,-0.008999999612569809,0,1
5.367739957990125,29.383,velocity_sine,1,2,103.8603515625,103.8603515625,13.914517402648926,0.16270391643047333,1,1
5.367739957990125,29.383,velocity_sine,1,1,8.279005572426332,-131.73291015625,-59.889949798583984,-0.11916077882051468,2,1
5.367739957990125,29.383,velocity_sine,0,4,,0.0,-0.0,-0.017999999225139618,0,1
5.367739957990125,29.383,velocity_sine,0,1,,0.0,0.0,0.05700000002980232,0,1
5.3775505350204185,29.393,velocity_sine,1,2,103.8603515625,103.851806640625,7.396963119506836,0.15194955468177795,1,1
5.3775505350204185,29.393,velocity_sine,1,1,8.060939751574695,-132.28948974609375,-62.46726608276367,-0.01098291203379631,2,1
5.3775505350204185,29.393,velocity_sine,0,4,,0.0,-0.0,-0.017999999225139618,0,1
5.3775505350204185,29.393,velocity_sine,0,1,,0.0,0.0,0.05700000002980232,0,1
5.388247385038994,29.403,velocity_sine,1,2,103.8603515625,103.85467529296875,-0.052051693201065063,-0.07069605588912964,1,1
5.388247385038994,29.403,velocity_sine,1,1,7.830843738982072,-132.50921630859375,14.207011222839355,0.01961974799633026,2,1
5.388247385038994,29.403,velocity_sine,0,4,,0.0,-0.0,0.03200000151991844,0,1
5.388247385038994,29.403,velocity_sine,0,1,,0.0,0.0,-0.008999999612569809,0,1
5.398115230025724,29.413,velocity_sine,1,2,103.8603515625,103.86318969726562,-5.468425750732422,-0.15067575871944427,1,1
5.398115230025724,29.413,velocity_sine,1,1,7.618019180308183,-132.22357177734375,39.12376022338867,0.21317416429519653,2,1
5.398115230025724,29.413,velocity_sine,0,4,,0.0,-0.0,0.054999999701976776,0,1
5.398115230025724,29.413,velocity_sine,0,1,,0.0,0.0,-0.008999999612569809,0,1
5.407172956038266,29.423000000000002,velocity_sine,1,2,103.8603515625,103.851806640625,-2.2914884090423584,0.4209463894367218,1,1
5.407172956038266,29.423000000000002,velocity_sine,1,1,7.618019180308183,-131.58636474609375,78.81600952148438,0.19551682472229004,2,1
5.407172956038266,29.423000000000002,velocity_sine,0,4,,0.0,-0.0,-0.017999999225139618,0,1
5.407172956038266,29.423000000000002,velocity_sine,0,1,,0.0,0.0,-0.0020000000949949026,0,1
5.417398406018037,29.433,velocity_sine,1,2,103.8603515625,103.87164306640625,-1.2632163763046265,0.21270588040351868,1,1
5.417398406018037,29.433,velocity_sine,1,1,7.362323300415554,-130.9271240234375,48.91573715209961,0.2278391271829605,2,1
5.417398406018037,29.433,velocity_sine,0,4,,0.0,-0.0,-0.017999999225139618,0,1
5.417398406018037,29.433,velocity_sine,0,1,,0.0,0.0,-0.01600000075995922,0,1
5.430339151003864,29.446,velocity_sine,1,2,103.8603515625,103.87164306640625,-1.2632163763046265,0.21270588040351868,1,1
5.430339151003864,29.446,velocity_sine,1,1,6.89455346287912,-130.8831787109375,-17.879138946533203,0.2278391271829605,2,1
5.430339151003864,29.446,velocity_sine,0,4,,0.0,-0.0,-0.017999999225139618,0,1
5.430339151003864,29.446,velocity_sine,0,1,,0.0,0.0,-0.008999999612569809,0,1
5.4377066870220006,29.453,velocity_sine,1,2,103.8603515625,103.96157836914062,7.424469947814941,0.04808676987886429,1,1
5.4377066870220006,29.453,velocity_sine,1,1,6.89455346287912,-131.05902099609375,-32.04221725463867,-0.17552761733531952,2,1
5.4377066870220006,29.453,velocity_sine,0,4,,0.0,-0.0,-0.017999999225139618,0,1
5.4377066870220006,29.453,velocity_sine,0,1,,0.0,0.0,-0.008999999612569809,0,1
5.447840735025238,29.463,velocity_sine,1,2,103.8603515625,103.93960571289062,1.0386258363723755,0.0726071298122406,1,1
5.447840735025238,29.463,velocity_sine,1,1,6.628170475584772,-131.52044677734375,-56.17256546020508,-0.1680222451686859,2,1
5.447840735025238,29.463,velocity_sine,0,4,,0.0,-0.0,-0.017999999225139618,0,1
5.447840735025238,29.463,velocity_sine,0,1,,0.0,0.0,0.05000000074505806,0,1
5.457787619030569,29.473,velocity_sine,1,2,103.8603515625,103.93960571289062,-13.656225204467773,-0.17076145112514496,1,1
5.457787619030569,29.473,velocity_sine,1,1,6.3852552675330365,-132.0478515625,-34.22809600830078,-0.030018309131264687,2,1
5.457787619030569,29.473,velocity_sine,0,4,,0.0,-0.0,0.054999999701976776,0,1
5.457787619030569,29.473,velocity_sine,0,1,,0.0,0.0,-0.008999999612569809,0,1
5.46800372202415,29.483,velocity_sine,1,2,103.8603515625,103.84613037109375,-7.579827785491943,0.138754203915596,1,1
5.46800372202415,29.483,velocity_sine,1,1,6.083900597941275,-131.9818115234375,31.34280776977539,0.053433455526828766,2,1
5.46800372202415,29.483,velocity_sine,0,4,,0.0,-0.0,-0.017999999225139618,0,1
5.46800372202415,29.483,velocity_sine,0,1,,0.0,0.0,-0.008999999612569809,0,1
5.4782306250417605,29.493,velocity_sine,1,2,103.8603515625,103.85745239257812,-0.7368391156196594,0.1702147275209427,1,1
5.4782306250417605,29.493,velocity_sine,1,1,5.825382836060228,-131.49847412109375,63.51638412475586,0.16462098062038422,2,1
5.4782306250417605,29.493,velocity_sine,0,4,,0.0,-0.0,-0.017999999225139618,0,1
5.4782306250417605,29.493,velocity_sine,0,1,,0.0,0.0,-0.008999999612569809,0,1
5.488256267039105,29.504,velocity_sine,1,2,103.8603515625,103.88864135742188,6.020181179046631,-0.06007382273674011,1,1
5.488256267039105,29.504,velocity_sine,1,1,5.556727344363996,-130.77337646484375,63.51638412475586,0.1510978788137436,2,1
5.488256267039105,29.504,velocity_sine,0,4,,0.0,-0.0,0.006000000052154064,0,1
5.488256267039105,29.504,velocity_sine,0,1,,0.0,0.0,-0.0020000000949949026,0,1
5.4980640090070665,29.513,velocity_sine,1,2,103.8603515625,103.89431762695312,5.2450056076049805,-0.009670618921518326,1,1
5.4980640090070665,29.513,velocity_sine,1,1,5.24612055681562,-130.6416015625,-11.059441566467285,0.2925039231777191,2,1
5.4980640090070665,29.513,velocity_sine,0,4,,0.0,-0.0,0.006000000052154064,0,1
5.4980640090070665,29.513,velocity_sine,0,1,,0.0,0.0,-0.008999999612569809,0,1
5.507887942017987,29.523,velocity_sine,1,2,103.8603515625,103.8858642578125,0.03975966200232506,0.006905541755259037,1,1
5.507887942017987,29.523,velocity_sine,1,1,4.91897609509064,-130.9051513671875,-41.48448944091797,-0.13042663037776947,2,1
5.507887942017987,29.523,velocity_sine,0,4,,0.0,-0.0,0.03200000151991844,0,1
5.507887942017987,29.523,velocity_sine,0,1,,0.0,0.0,-0.01600000075995922,0,1
5.517993104993366,29.533,velocity_sine,1,2,103.8603515625,103.88302612304688,0.30674728751182556,0.1131824478507042,1,1
5.517993104993366,29.533,velocity_sine,1,1,4.638722624883314,-131.2567138671875,-41.22220993041992,-0.1716347634792328,2,1
5.517993104993366,29.533,velocity_sine,0,4,,0.0,-0.0,0.006000000052154064,0,1
5.517993104993366,29.533,velocity_sine,0,1,,0.0,0.0,-0.008999999612569809,0,1
5.527963472995907,29.543,velocity_sine,1,2,103.8603515625,103.87734985351562,-9.319021224975586,0.16098552942276,1,1
5.527963472995907,29.543,velocity_sine,1,1,4.638722624883314,-131.6302490234375,-22.337886810302734,-0.04315994307398796,2,1
5.527963472995907,29.543,velocity_sine,0,4,,0.0,-0.0,-0.017999999225139618,0,1
5.527963472995907,29.543,velocity_sine,0,1,,0.0,0.0,-0.19900000095367432,0,1
5.537764512002468,29.553,velocity_sine,1,2,103.8603515625,103.87734985351562,0.802466869354248,0.044580914080142975,1,1
5.537764512002468,29.553,velocity_sine,1,1,4.331115620092581,-131.43255615234375,43.3204460144043,0.13207067549228668,2,1
5.537764512002468,29.553,velocity_sine,0,4,,0.0,-0.0,-0.017999999225139618,0,1
5.537764512002468,29.553,velocity_sine,0,1,,0.0,0.0,-0.008999999612569809,0,1
5.547880375990644,29.563,velocity_sine,1,2,103.8603515625,103.96157836914062,-4.500711917877197,0.04187203198671341,1,1
5.547880375990644,29.563,velocity_sine,1,1,3.987036387726058,-130.75140380859375,80.65196228027344,0.06141632795333862,2,1
5.547880375990644,29.563,velocity_sine,0,4,,0.0,-0.0,0.006000000052154064,0,1
5.547880375990644,29.563,velocity_sine,0,1,,0.0,0.0,-0.008999999612569809,0,1
5.557988504006062,29.573,velocity_sine,1,2,103.8603515625,103.93960571289062,-3.88523006439209,0.18546375632286072,1,1
5.557988504006062,29.573,velocity_sine,1,1,3.6921835313353952,-130.37786865234375,9.485984802246094,0.28026896715164185,2,1
5.557988504006062,29.573,velocity_sine,0,4,,0.0,-0.0,-0.017999999225139618,0,1
5.557988504006062,29.573,velocity_sine,0,1,,0.0,0.0,0.05700000002980232,0,1
5.56792119203601,29.583,velocity_sine,1,2,103.8603515625,103.96157836914062,-11.50203800201416,-0.0756644457578659,1,1
5.56792119203601,29.583,velocity_sine,1,1,3.397789275927768,-130.44378662109375,-19.627668380737305,-0.026708075776696205,2,1
5.56792119203601,29.583,velocity_sine,0,4,,0.0,-0.0,0.006000000052154064,0,1
5.56792119203601,29.583,velocity_sine,0,1,,0.0,0.0,-0.008999999612569809,0,1
5.578082711028401,29.593,velocity_sine,1,2,103.8603515625,103.87164306640625,-0.956341564655304,-0.005665278062224388,1,1
5.578082711028401,29.593,velocity_sine,1,1,3.0386683412195286,-130.81732177734375,-60.63131332397461,-0.11139887571334839,2,1
5.578082711028401,29.593,velocity_sine,0,4,,0.0,-0.0,0.006000000052154064,0,1
5.578082711028401,29.593,velocity_sine,0,1,,0.0,0.0,0.06400000303983688,0,1
5.588137289043516,29.603,velocity_sine,1,2,103.8603515625,103.86880493164062,-5.341982364654541,0.22834555804729462,1,1
5.588137289043516,29.603,velocity_sine,1,1,2.725402976888091,-131.2786865234375,-23.03729820251465,-0.1765345335006714,2,1
5.588137289043516,29.603,velocity_sine,0,4,,0.0,-0.0,-0.017999999225139618,0,1
5.588137289043516,29.603,velocity_sine,0,1,,0.0,0.0,-0.008999999612569809,0,1
5.598064506019,29.613,velocity_sine,1,2,103.8603515625,103.85745239257812,2.1072375774383545,0.1371481567621231,1,1
5.598064506019,29.613,velocity_sine,1,1,2.3594818655806735,-131.08099365234375,48.82830810546875,0.014395656995475292,2,1
5.598064506019,29.613,velocity_sine,0,4,,0.0,-0.0,-0.017999999225139618,0,1
5.598064506019,29.613,velocity_sine,0,1,,0.0,0.0,-0.008999999612569809,0,1
5.608252234989777,29.623,velocity_sine,1,2,103.8603515625,103.88018798828125,7.166844367980957,0.13872097432613373,1,1
5.608252234989777,29.623,velocity_sine,1,1,2.052758443568479,-130.44378662109375,63.60380935668945,0.07892876863479614,2,1
5.608252234989777,29.623,velocity_sine,0,4,,0.0,-0.0,-0.017999999225139618,0,1
5.608252234989777,29.623,velocity_sine,0,1,,0.0,0.0,-0.0020000000949949026,0,1
5.618366695998702,29.633,velocity_sine,1,2,103.8603515625,103.87448120117188,-0.1675577163696289,0.029690338298678398,1,1
5.618366695998702,29.633,velocity_sine,1,1,1.7411684283170856,-130.13616943359375,18.92825698852539,0.19375288486480713,2,1
5.618366695998702,29.633,velocity_sine,0,4,,0.0,-0.0,-0.017999999225139618,0,1
5.618366695998702,29.633,velocity_sine,0,1,,0.0,0.0,-0.008999999612569809,0,1
5.628177814010996,29.643,velocity_sine,1,2,103.8603515625,103.88018798828125,2.581686496734619,0.1035149097442627,1,1
5.628177814010996,29.643,velocity_sine,1,1,1.4296509525603172,-130.1800537109375,-18.578550338745117,-0.08129820972681046,2,1
5.628177814010996,29.643,velocity_sine,0,4,,0.0,-0.0,0.006000000052154064,0,1
5.628177814010996,29.643,velocity_sine,0,1,,0.0,0.0,-0.008999999612569809,0,1
5.637854338041507,29.653,velocity_sine,1,2,103.8603515625,103.87448120117188,-4.0509185791015625,-0.00876814778894186,1,1
5.637854338041507,29.653,velocity_sine,1,1,1.1173058886713167,-130.70745849609375,-68.32483673095703,-0.12407827377319336,2,1
5.637854338041507,29.653,velocity_sine,0,4,,0.0,-0.0,-0.017999999225139618,0,1
5.637854338041507,29.653,velocity_sine,0,1,,0.0,0.0,-0.01600000075995922,0,1
5.647820779005997,29.663,velocity_sine,1,2,103.8603515625,103.86880493164062,1.7176682949066162,0.1344953179359436,1,1
5.647820779005997,29.663,velocity_sine,1,1,0.7500282744817741,-131.05902099609375,0.04371320828795433,-0.2295372635126114,2,1
5.647820779005997,29.663,velocity_sine,0,4,,0.0,-0.0,-0.017999999225139618,0,1
5.647820779005997,29.663,velocity_sine,0,1,,0.0,0.0,-0.008999999612569809,0,1
5.65787488600472,29.673000000000002,velocity_sine,1,2,103.8603515625,103.87734985351562,6.2031168937683105,0.18961362540721893,1,1
5.65787488600472,29.673000000000002,velocity_sine,1,1,0.43083471386781347,-130.75140380859375,43.75757598876953,0.03215482831001282,2,1
5.65787488600472,29.673000000000002,velocity_sine,0,4,,0.0,-0.0,-0.017999999225139618,0,1
5.65787488600472,29.673000000000002,velocity_sine,0,1,,0.0,0.0,-0.008999999612569809,0,1
5.667720008001197,29.683,velocity_sine,1,2,103.8603515625,103.88864135742188,-6.30769681930542,0.09731531143188477,1,1
5.667720008001197,29.683,velocity_sine,1,1,0.1149736644759625,-130.26806640625,58.62028503417969,0.12049683183431625,2,1
5.667720008001197,29.683,velocity_sine,0,4,,0.0,-0.0,0.03200000151991844,0,1
5.667720008001197,29.683,velocity_sine,0,1,,0.0,0.0,-0.008999999612569809,0,1
5.677805554005317,29.693,velocity_sine,1,2,103.8603515625,103.87448120117188,-6.588522434234619,0.1492454707622528,1,1
5.677805554005317,29.693,velocity_sine,1,1,0.1149736644759625,-129.80657958984375,24.873252868652344,0.11344992369413376,2,1
5.677805554005317,29.693,velocity_sine,0,4,,0.0,-0.0,0.23800000548362732,0,1
5.677805554005317,29.693,velocity_sine,0,1,,0.0,0.0,-0.07699999958276749,0,1
5.687950944004115,29.703,velocity_sine,1,2,103.8603515625,103.88302612304688,-6.77479887008667,0.14869143068790436,1,1
5.687950944004115,29.703,velocity_sine,1,1,-0.22709899304017037,-129.8504638671875,-23.99898910522461,-0.08102050423622131,2,1
5.687950944004115,29.703,velocity_sine,0,4,,0.0,-0.0,0.006000000052154064,0,1
5.687950944004115,29.703,velocity_sine,0,1,,0.0,0.0,-0.008999999612569809,0,1
5.697789944009855,29.713,velocity_sine,1,2,103.8603515625,103.8858642578125,-9.173859596252441,0.024142399430274963,1,1
5.697789944009855,29.713,velocity_sine,1,1,-0.5473270410958329,-130.33392333984375,-70.8602066040039,-0.16467608511447906,2,1
5.697789944009855,29.713,velocity_sine,0,4,,0.0,-0.0,-0.017999999225139618,0,1
5.697789944009855,29.713,velocity_sine,0,1,,0.0,0.0,-0.19900000095367432,0,1
5.70792379102204,29.723,velocity_sine,1,2,103.8603515625,103.96157836914062,1.7310431003570557,0.08573310077190399,1,1
5.70792379102204,29.723,velocity_sine,1,1,-0.9290108707449178,-130.83929443359375,-33.616111755371094,-0.22039495408535004,2,1
5.70792379102204,29.723,velocity_sine,0,4,,0.0,-0.0,-0.017999999225139618,0,1
5.70792379102204,29.723,velocity_sine,0,1,,0.0,0.0,-0.0020000000949949026,0,1
5.717876206035726,29.733,velocity_sine,1,2,103.8603515625,103.88018798828125,-9.807782173156738,0.057021211832761765,1,1
5.717876206035726,29.733,velocity_sine,1,1,-1.308081320317106,-130.77337646484375,29.332000732421875,-0.085662841796875,2,1
5.717876206035726,29.733,velocity_sine,0,4,,0.0,-0.0,0.006000000052154064,0,1
5.717876206035726,29.733,velocity_sine,0,1,,0.0,0.0,-0.008999999612569809,0,1
5.728238023992162,29.744,velocity_sine,1,2,103.8603515625,103.88864135742188,2.74841570854187,0.0768502727150917,1,1
5.728238023992162,29.744,velocity_sine,1,1,-1.6793687194192568,-130.31201171875,53.72440719604492,0.1311294436454773,2,1
5.728238023992162,29.744,velocity_sine,0,4,,0.0,-0.0,0.054999999701976776,0,1
5.728238023992162,29.744,velocity_sine,0,1,,0.0,0.0,-0.008999999612569809,0,1
5.738008345011622,29.753,velocity_sine,1,2,103.8603515625,103.89154052734375,-0.2923669219017029,0.2757672965526581,1,1
5.738008345011622,29.753,velocity_sine,1,1,-2.004186588251293,-129.67474365234375,63.25410461425781,0.06341048330068588,2,1
5.738008345011622,29.753,velocity_sine,0,4,,0.0,-0.0,0.006000000052154064,0,1
5.738008345011622,29.753,velocity_sine,0,1,,0.0,0.0,-0.008999999612569809,0,1
5.748095693998039,29.763,velocity_sine,1,2,103.8603515625,103.89718627929688,4.763550281524658,0.09283149987459183,1,1
5.748095693998039,29.763,velocity_sine,1,1,-2.314127326772731,-129.36712646484375,0.04371320828795433,0.04887649789452553,2,1
5.748095693998039,29.763,velocity_sine,0,4,,0.0,-0.0,0.006000000052154064,0,1
5.748095693998039,29.763,velocity_sine,0,1,,0.0,0.0,-0.008999999612569809,0,1
5.758048971008975,29.773,velocity_sine,1,2,103.8603515625,103.88864135742188,3.345616102218628,0.04984516650438309,1,1
5.758048971008975,29.773,velocity_sine,1,1,-2.6861096390977957,-129.60888671875,-47.51691436767578,-0.1638779640197754,2,1
5.758048971008975,29.773,velocity_sine,0,4,,0.0,-0.0,-0.017999999225139618,0,1
5.758048971008975,29.773,velocity_sine,0,1,,0.0,0.0,-0.0020000000949949026,0,1
5.767674528993666,29.783,velocity_sine,1,2,103.8603515625,103.8858642578125,-10.571969032287598,0.007144557312130928,1,1
5.767674528993666,29.783,velocity_sine,1,1,-2.6861096390977957,-130.2239990234375,-61.6804313659668,-0.18903988599777222,2,1
5.767674528993666,29.783,velocity_sine,0,4,,0.0,-0.0,0.006000000052154064,0,1
5.767674528993666,29.783,velocity_sine,0,1,,0.0,0.0,-0.008999999612569809,0,1
5.7779179330100305,29.793,velocity_sine,1,2,103.8603515625,103.88018798828125,1.7954469919204712,-0.008458411321043968,1,1
5.7779179330100305,29.793,velocity_sine,1,1,-3.0029056120427144,-130.5755615234375,-6.076136112213135,-0.3220561742782593,2,1
5.7779179330100305,29.793,velocity_sine,0,4,,0.0,-0.0,-0.017999999225139618,0,1
5.7779179330100305,29.793,velocity_sine,0,1,,0.0,0.0,-0.008999999612569809,0,1
5.787738688988611,29.803,velocity_sine,1,2,103.8603515625,103.86318969726562,-5.832494258880615,0.35652557015419006,1,1
5.787738688988611,29.803,velocity_sine,1,1,-3.3095153656102823,-130.42181396484375,35.539276123046875,-0.04252127557992935,2,1
5.787738688988611,29.803,velocity_sine,0,4,,0.0,-0.0,-0.017999999225139618,0,1
5.787738688988611,29.803,velocity_sine,0,1,,0.0,0.0,-0.01600000075995922,0,1
5.7978003800380975,29.813,velocity_sine,1,2,103.8603515625,103.96157836914062,5.501088619232178,0.236916184425354,1,1
5.7978003800380975,29.813,velocity_sine,1,1,-3.6656437588729225,-130.00433349609375,58.79513931274414,0.10023622214794159,2,1
5.7978003800380975,29.813,velocity_sine,0,4,,0.0,-0.0,0.23800000548362732,0,1
5.7978003800380975,29.813,velocity_sine,0,1,,0.0,0.0,-0.008999999612569809,0,1
5.808265643019695,29.823,velocity_sine,1,2,103.8603515625,103.9835205078125,-0.730884850025177,0.20003794133663177,1,1
5.808265643019695,29.823,velocity_sine,1,1,-4.016973395612757,-129.2353515625,59.40712356567383,0.05673491954803467,2,1
5.808265643019695,29.823,velocity_sine,0,4,,0.0,-0.0,-0.017999999225139618,0,1
5.808265643019695,29.823,velocity_sine,0,1,,0.0,0.0,-0.008999999612569809,0,1
5.818002871994395,29.833,velocity_sine,1,2,103.8603515625,103.89154052734375,-2.1425671577453613,-0.00733000785112381,1,1
5.818002871994395,29.833,velocity_sine,1,1,-4.324089704370034,-128.90576171875,8.69914722442627,0.016000080853700638,2,1
5.818002871994395,29.833,velocity_sine,0,4,,0.0,-0.0,-0.017999999225139618,0,1
5.818002871994395,29.833,velocity_sine,0,1,,0.0,0.0,-0.008999999612569809,0,1
5.8282472169958055,29.843,velocity_sine,1,2,103.8603515625,103.89431762695312,-0.3806290924549103,0.28077346086502075,1,1
5.8282472169958055,29.843,velocity_sine,1,1,-4.658895091811862,-129.1473388671875,-39.648536682128906,-0.19311672449111938,2,1
5.8282472169958055,29.843,velocity_sine,0,4,,0.0,-0.0,-0.017999999225139618,0,1
5.8282472169958055,29.843,velocity_sine,0,1,,0.0,0.0,-0.008999999612569809,0,1
5.837945503008086,29.853,velocity_sine,1,2,103.8603515625,103.89431762695312,8.94700813293457,0.14937621355056763,1,1
5.837945503008086,29.853,velocity_sine,1,1,-4.944078379771253,-129.60888671875,-72.95843505859375,-0.20652888715267181,2,1
5.837945503008086,29.853,velocity_sine,0,4,,0.0,-0.0,-0.017999999225139618,0,1
5.837945503008086,29.853,velocity_sine,0,1,,0.0,0.0,-0.008999999612569809,0,1
5.847717928001657,29.863,velocity_sine,1,2,103.8603515625,103.88018798828125,-5.533423900604248,0.028863022103905678,1,1
5.847717928001657,29.863,velocity_sine,1,1,-5.2597529110422725,-130.2239990234375,-22.862445831298828,-0.3602949380874634,2,1
5.847717928001657,29.863,velocity_sine,0,4,,0.0,-0.0,-0.017999999225139618,0,1
5.847717928001657,29.863,velocity_sine,0,1,,0.0,0.0,-0.008999999612569809,0,1
5.85787440801505,29.873,velocity_sine,1,2,103.8603515625,103.88018798828125,-3.1777992248535156,-0.022548872977495193,1,1
5.85787440801505,29.873,velocity_sine,1,1,-5.2597529110422725,-130.13616943359375,29.332000732421875,-0.17362669110298157,2,1
5.85787440801505,29.873,velocity_sine,0,4,,0.0,-0.0,-0.017999999225139618,0,1
5.85787440801505,29.873,velocity_sine,0,1,,0.0,0.0,-0.01600000075995922,0,1
5.867927402025089,29.884,velocity_sine,1,2,103.8603515625,103.85745239257812,-2.990710496902466,0.15989673137664795,1,1
5.867927402025089,29.884,velocity_sine,1,1,-5.551320845983212,-129.69671630859375,56.69690704345703,0.07804564386606216,2,1
5.867927402025089,29.884,velocity_sine,0,4,,0.0,-0.0,-0.017999999225139618,0,1
5.867927402025089,29.884,velocity_sine,0,1,,0.0,0.0,-0.008999999612569809,0,1
5.878137323015835,29.893,velocity_sine,1,2,103.8603515625,103.8603515625,-6.859764575958252,0.10184682160615921,1,1
5.878137323015835,29.893,velocity_sine,1,1,-5.809884264829095,-128.97161865234375,78.20402526855469,0.04967935383319855,2,1
5.878137323015835,29.893,velocity_sine,0,4,,0.0,-0.0,-0.017999999225139618,0,1
5.878137323015835,29.893,velocity_sine,0,1,,0.0,0.0,0.05000000074505806,0,1
5.8882638470386155,29.903,velocity_sine,1,2,103.8603515625,103.87734985351562,1.1626455783843994,0.22435586154460907,1,1
5.8882638470386155,29.903,velocity_sine,1,1,-6.070135772262045,-128.59808349609375,0.04371320828795433,0.1316550076007843,2,1
5.8882638470386155,29.903,velocity_sine,0,4,,0.0,-0.0,-0.017999999225139618,0,1
5.8882638470386155,29.903,velocity_sine,0,1,,0.0,0.0,-0.008999999612569809,0,1
5.897918509028386,29.913,velocity_sine,1,2,103.8603515625,103.91421508789062,6.268458366394043,-0.16245120763778687,1,1
5.897918509028386,29.913,velocity_sine,1,1,-6.3199532588483205,-128.94964599609375,-48.740882873535156,-0.08466078341007233,2,1
5.897918509028386,29.913,velocity_sine,0,4,,0.0,-0.0,0.006000000052154064,0,1
5.897918509028386,29.913,velocity_sine,0,1,,0.0,0.0,0.05700000002980232,0,1
5.907756488013547,29.923000000000002,velocity_sine,1,2,103.8603515625,103.9835205078125,-0.730884850025177,-0.10624650120735168,1,1
5.907756488013547,29.923000000000002,velocity_sine,1,1,-6.605125938403894,-129.4989013671875,-61.505577087402344,-0.23353976011276245,2,1
5.907756488013547,29.923000000000002,velocity_sine,0,4,,0.0,-0.0,0.006000000052154064,0,1
5.907756488013547,29.923000000000002,velocity_sine,0,1,,0.0,0.0,0.2540000081062317,0,1
5.917823018040508,29.933,velocity_sine,1,2,103.8603515625,103.90570068359375,2.4757845401763916,0.08141154050827026,1,1
5.917823018040508,29.933,velocity_sine,1,1,-6.8851716741428115,-129.8504638671875,-21.288768768310547,-0.3578625023365021,2,1
5.917823018040508,29.933,velocity_sine,0,4,,0.0,-0.0,0.006000000052154064,0,1
5.917823018040508,29.933,velocity_sine,0,1,,0.0,0.0,-0.008999999612569809,0,1
5.928046365035698,29.943,velocity_sine,1,2,103.8603515625,103.90570068359375,2.4199235439300537,0.26081931591033936,1,1
5.928046365035698,29.943,velocity_sine,1,1,-7.16211019864072,-129.74066162109375,36.06383514404297,-0.11356005817651749,2,1
5.928046365035698,29.943,velocity_sine,0,4,,0.0,-0.0,0.03200000151991844,0,1
5.928046365035698,29.943,velocity_sine,0,1,,0.0,0.0,0.05000000074505806,0,1
5.937988019024488,29.953,velocity_sine,1,2,103.8603515625,103.91131591796875,1.8597793579101562,0.021928569301962852,1,1
5.937988019024488,29.953,velocity_sine,1,1,-7.378295884090455,-129.36712646484375,57.571170806884766,0.0806184858083725,2,1
5.937988019024488,29.953,velocity_sine,0,4,,0.0,-0.0,-0.017999999225139618,0,1
5.937988019024488,29.953,velocity_sine,0,1,,0.0,0.0,-0.0020000000949949026,0,1
5.9482014770037495,29.963,velocity_sine,1,2,103.8603515625,103.93115234375,4.626163959503174,-0.08370092511177063,1,1
5.9482014770037495,29.963,velocity_sine,1,1,-7.590670512246376,-128.66400146484375,63.25410461425781,0.04603782296180725,2,1
5.9482014770037495,29.963,velocity_sine,0,4,,0.0,-0.0,-0.017999999225139618,0,1
5.9482014770037495,29.963,velocity_sine,0,1,,0.0,0.0,-0.01600000075995922,0,1
5.95799463102594,29.973,velocity_sine,1,2,103.8603515625,103.91986083984375,4.051285743713379,-0.13714724779129028,1,1
5.95799463102594,29.973,velocity_sine,1,1,-7.792972668422057,-128.62005615234375,-37.02574157714844,0.010413874872028828,2,1
5.95799463102594,29.973,velocity_sine,0,4,,0.0,-0.0,0.054999999701976776,0,1
5.95799463102594,29.973,velocity_sine,0,1,,0.0,0.0,-0.008999999612569809,0,1
5.967674070037901,29.983,velocity_sine,1,2,103.8603515625,103.90847778320312,-7.289346694946289,-0.026265118271112442,1,1
5.967674070037901,29.983,velocity_sine,1,1,-8.025476678789175,-129.1693115234375,-58.35822677612305,-0.13079680502414703,2,1
5.967674070037901,29.983,velocity_sine,0,4,,0.0,-0.0,-0.017999999225139618,0,1
5.967674070037901,29.983,velocity_sine,0,1,,0.0,0.0,-0.008999999612569809,0,1
5.977947912004311,29.993,velocity_sine,1,2,103.8603515625,103.90570068359375,-10.121554374694824,0.08805669099092484,1,1
5.977947912004311,29.993,velocity_sine,1,1,-8.025476678789175,-129.4989013671875,-30.55596923828125,-0.3667725920677185,2,1
5.977947912004311,29.993,velocity_sine,0,4,,0.0,-0.0,-0.017999999225139618,0,1
5.977947912004311,29.993,velocity_sine,0,1,,0.0,0.0,-0.008999999612569809,0,1
5.987688196008094,30.003,velocity_sine,1,2,103.8603515625,103.91986083984375,-0.7552717924118042,0.0018887296319007874,1,1
5.987688196008094,30.003,velocity_sine,1,1,-8.224095530424655,-129.56494140625,15.343554496765137,-0.26293593645095825,2,1
5.987688196008094,30.003,velocity_sine,0,4,,0.0,-0.0,-0.017999999225139618,0,1
5.987688196008094,30.003,velocity_sine,0,1,,0.0,0.0,0.23999999463558197,0,1
5.997669545991812,30.013,velocity_sine,1,2,103.8603515625,104.0054931640625,-0.03846762329339981,0.07203801721334457,1,1
5.997669545991812,30.013,velocity_sine,1,1,-8.434792845489454,-129.30120849609375,43.40787124633789,0.04938489571213722,2,1
5.997669545991812,30.013,velocity_sine,0,4,,0.0,-0.0,-0.017999999225139618,0,1
5.997669545991812,30.013,velocity_sine,0,1,,0.0,0.0,-0.008999999612569809,0,1
6.008431878988631,30.024,velocity_sine,1,2,103.8603515625,104.0054931640625,-10.963491439819336,0.0735507607460022,1,1
6.008431878988631,30.024,velocity_sine,1,1,-8.634457016327678,-128.64202880859375,49.5277214050293,0.026534058153629303,2,1
6.008431878988631,30.024,velocity_sine,0,4,,0.0,-0.0,-0.017999999225139618,0,1
6.008431878988631,30.024,velocity_sine,0,1,,0.0,0.0,-0.0020000000949949026,0,1
6.018028843041975,30.033,velocity_sine,1,2,103.8603515625,103.93115234375,4.227267265319824,0.2096390277147293,1,1
6.018028843041975,30.033,velocity_sine,1,1,-8.796686331390317,-128.59808349609375,-29.856557846069336,-0.06667876243591309,2,1
6.018028843041975,30.033,velocity_sine,0,4,,0.0,-0.0,-0.017999999225139618,0,1
6.018028843041975,30.033,velocity_sine,0,1,,0.0,0.0,-0.008999999612569809,0,1
6.027963004016783,30.044,velocity_sine,1,2,103.8603515625,103.91986083984375,-4.308529853820801,0.12313501536846161,1,1
6.027963004016783,30.044,velocity_sine,1,1,-8.971156160705268,-129.2353515625,-58.533077239990234,-0.16480575501918793,2,1
6.027963004016783,30.044,velocity_sine,0,4,,0.0,-0.0,-0.017999999225139618,0,1
6.027963004016783,30.044,velocity_sine,0,1,,0.0,0.0,-0.008999999612569809,0,1
6.037790973030496,30.053,velocity_sine,1,2,103.8603515625,103.939697265625,4.104872703552246,0.16034384071826935,1,1
6.037790973030496,30.053,velocity_sine,1,1,-9.127675525207268,-129.4989013671875,-14.731788635253906,-0.40088048577308655,2,1
6.037790973030496,30.053,velocity_sine,0,4,,0.0,-0.0,-0.017999999225139618,0,1
6.037790973030496,30.053,velocity_sine,0,1,,0.0,0.0,0.05700000002980232,0,1
6.047672284010332,30.063,velocity_sine,1,2,103.8603515625,103.9510498046875,6.424445629119873,0.196384459733963,1,1
6.047672284010332,30.063,velocity_sine,1,1,-9.253321103367067,-129.43304443359375,24.436120986938477,-0.17688873410224915,2,1
6.047672284010332,30.063,velocity_sine,0,4,,0.0,-0.0,-0.017999999225139618,0,1
6.047672284010332,30.063,velocity_sine,0,1,,0.0,0.0,0.05700000002980232,0,1
6.057705181010533,30.073,velocity_sine,1,2,103.8603515625,103.93115234375,-3.618720769882202,0.18814116716384888,1,1
6.057705181010533,30.073,velocity_sine,1,1,-9.253321103367067,-129.05950927734375,51.53874588012695,0.048938777297735214,2,1
6.057705181010533,30.073,velocity_sine,0,4,,0.0,-0.0,-0.017999999225139618,0,1
6.057705181010533,30.073,velocity_sine,0,1,,0.0,0.0,-0.008999999612569809,0,1
6.0677223080419935,30.083,velocity_sine,1,2,103.8603515625,103.9510498046875,-1.8956587314605713,-0.17390376329421997,1,1
6.0677223080419935,30.083,velocity_sine,1,1,-9.377855651750153,-128.64202880859375,29.069721221923828,0.002064028987661004,2,1
6.0677223080419935,30.083,velocity_sine,0,4,,0.0,-0.0,0.054999999701976776,0,1
6.0677223080419935,30.083,velocity_sine,0,1,,0.0,0.0,-0.008999999612569809,0,1
6.077599540993106,30.093,velocity_sine,1,2,103.8603515625,103.93405151367188,-2.075657606124878,-0.051258109509944916,1,1
6.077599540993106,30.093,velocity_sine,1,1,-9.482293846629297,-128.72991943359375,-43.932430267333984,-0.0724608525633812,2,1
6.077599540993106,30.093,velocity_sine,0,4,,0.0,-0.0,-0.017999999225139618,0,1
6.077599540993106,30.093,velocity_sine,0,1,,0.0,0.0,-0.008999999612569809,0,1
6.08804202004103,30.103,velocity_sine,1,2,103.8603515625,104.0054931640625,-3.577488899230957,0.07523882389068604,1,1
6.08804202004103,30.103,velocity_sine,1,1,-9.595595301981312,-129.27923583984375,-53.72418975830078,-0.20378686487674713,2,1
6.08804202004103,30.103,velocity_sine,0,4,,0.0,-0.0,-0.017999999225139618,0,1
6.08804202004103,30.103,velocity_sine,0,1,,0.0,0.0,-0.008999999612569809,0,1
6.097761496028397,30.113,velocity_sine,1,2,103.8603515625,103.9835205078125,3.115877389907837,0.13484986126422882,1,1
6.097761496028397,30.113,velocity_sine,1,1,-9.684724897104985,-129.4989013671875,4.852166175842285,-0.43960028886795044,2,1
6.097761496028397,30.113,velocity_sine,0,4,,0.0,-0.0,0.03200000151991844,0,1
6.097761496028397,30.113,velocity_sine,0,1,,0.0,0.0,-0.01600000075995922,0,1
6.108550960023422,30.124,velocity_sine,1,2,103.8603515625,103.9835205078125,-2.731201171875,-0.0219524335116148,1,1
6.108550960023422,30.124,velocity_sine,1,1,-9.770343552492575,-129.34515380859375,28.545162200927734,-0.12124747037887573,2,1
6.108550960023422,30.124,velocity_sine,0,4,,0.0,-0.0,0.006000000052154064,0,1
6.108550960023422,30.124,velocity_sine,0,1,,0.0,0.0,-0.008999999612569809,0,1
6.118020524038002,30.133,velocity_sine,1,2,103.8603515625,103.9169921875,4.5570969581604,0.03866683319211006,1,1
6.118020524038002,30.133,velocity_sine,1,1,-9.836786549308147,-128.99359130859375,48.740882873535156,0.028303321450948715,2,1
6.118020524038002,30.133,velocity_sine,0,4,,0.0,-0.0,-0.06599999964237213,0,1
6.118020524038002,30.133,velocity_sine,0,1,,0.0,0.0,-0.07699999958276749,0,1
6.1280096680275165,30.143,velocity_sine,1,2,103.8603515625,103.90847778320312,-0.5850801467895508,0.14830747246742249,1,1
6.1280096680275165,30.143,velocity_sine,1,1,-9.897386902163547,-128.70794677734375,11.846497535705566,-0.045216187834739685,2,1
6.1280096680275165,30.143,velocity_sine,0,4,,0.0,-0.0,-0.017999999225139618,0,1
6.1280096680275165,30.143,velocity_sine,0,1,,0.0,0.0,-0.008999999612569809,0,1
6.1378662420320325,30.153,velocity_sine,1,2,103.8603515625,103.90286254882812,-6.664618015289307,0.2718486785888672,1,1
6.1378662420320325,30.153,velocity_sine,1,1,-9.943577734401565,-128.94964599609375,-48.740882873535156,-0.12088121473789215,2,1
6.1378662420320325,30.153,velocity_sine,0,4,,0.0,-0.0,0.23800000548362732,0,1
6.1378662420320325,30.153,velocity_sine,0,1,,0.0,0.0,0.05700000002980232,0,1
6.1476391479955055,30.163,velocity_sine,1,2,103.8603515625,103.90286254882812,-2.5051543712615967,0.291108638048172,1,1
6.1476391479955055,30.163,velocity_sine,1,1,-9.943577734401565,-129.38909912109375,-16.742595672607422,-0.3882127106189728,2,1
6.1476391479955055,30.163,velocity_sine,0,4,,0.0,-0.0,0.006000000052154064,0,1
6.1476391479955055,30.163,velocity_sine,0,1,,0.0,0.0,-0.0020000000949949026,0,1
6.157651535992045,30.173,velocity_sine,1,2,103.8603515625,103.89718627929688,-2.6862549781799316,0.057240232825279236,1,1
6.157651535992045,30.173,velocity_sine,1,1,-9.974108099248642,-129.41107177734375,2.4916529655456543,-0.38581424951553345,2,1
6.157651535992045,30.173,velocity_sine,0,4,,0.0,-0.0,-0.017999999225139618,0,1
6.157651535992045,30.173,velocity_sine,0,1,,0.0,0.0,0.05700000002980232,0,1
6.1677792820264585,30.183,velocity_sine,1,2,103.8603515625,103.9835205078125,4.423776626586914,0.07963048666715622,1,1
6.1677792820264585,30.183,velocity_sine,1,1,-9.99434222911287,-129.30120849609375,17.529434204101562,-0.14150550961494446,2,1
6.1677792820264585,30.183,velocity_sine,0,4,,0.0,-0.0,-0.017999999225139618,0,1
6.1677792820264585,30.183,velocity_sine,0,1,,0.0,0.0,0.05700000002980232,0,1
6.177870818995871,30.193,velocity_sine,1,2,103.8603515625,104.0054931640625,-0.3462086021900177,0.10841186344623566,1,1
6.177870818995871,30.193,velocity_sine,1,1,-9.99999100988194,-129.1693115234375,13.332747459411621,-0.042807068675756454,2,1
6.177870818995871,30.193,velocity_sine,0,4,,0.0,-0.0,-0.017999999225139618,0,1
6.177870818995871,30.193,velocity_sine,0,1,,0.0,0.0,-0.01600000075995922,0,1
6.187881905003451,30.203,velocity_sine,1,2,103.8603515625,104.0054931640625,1.2694315910339355,0.24822798371315002,1,1
6.187881905003451,30.203,velocity_sine,1,1,-9.995448659821225,-129.1253662109375,-9.22348690032959,-0.11714190989732742,2,1
6.187881905003451,30.203,velocity_sine,0,4,,0.0,-0.0,0.006000000052154064,0,1
6.187881905003451,30.203,velocity_sine,0,1,,0.0,0.0,-0.008999999612569809,0,1
6.197870618023444,30.213,velocity_sine,1,2,103.8603515625,103.92837524414062,6.5361480712890625,0.1873442679643631,1,1
6.197870618023444,30.213,velocity_sine,1,1,-9.97668708180204,-129.1912841796875,-4.852166175842285,-0.2869507670402527,2,1
6.197870618023444,30.213,velocity_sine,0,4,,0.0,-0.0,0.03200000151991844,0,1
6.197870618023444,30.213,velocity_sine,0,1,,0.0,0.0,-0.008999999612569809,0,1
6.207967035006732,30.224,velocity_sine,1,2,103.8603515625,104.0274658203125,5.270282745361328,0.12255849689245224,1,1
6.207967035006732,30.224,velocity_sine,1,1,-9.949444090734861,-129.21337890625,0.04371320828795433,-0.3407135307788849,2,1
6.207967035006732,30.224,velocity_sine,0,4,,0.0,-0.0,-0.017999999225139618,0,1
6.207967035006732,30.224,velocity_sine,0,1,,0.0,0.0,-0.008999999612569809,0,1
6.21807068499038,30.233,velocity_sine,1,2,103.8603515625,103.92837524414062,2.162179946899414,0.23143626749515533,1,1
6.21807068499038,30.233,velocity_sine,1,1,-9.90472975389454,-129.21337890625,0.04371320828795433,-0.34111109375953674,2,1
6.21807068499038,30.233,velocity_sine,0,4,,0.0,-0.0,-0.017999999225139618,0,1
6.21807068499038,30.233,velocity_sine,0,1,,0.0,0.0,-0.008999999612569809,0,1
6.227948759042192,30.243,velocity_sine,1,2,103.8603515625,103.91421508789062,-0.04885948821902275,0.11766625940799713,1,1
6.227948759042192,30.243,velocity_sine,1,1,-9.855548202929413,-129.21337890625,0.04371320828795433,-0.3370707333087921,2,1
6.227948759042192,30.243,velocity_sine,0,4,,0.0,-0.0,0.006000000052154064,0,1
6.227948759042192,30.243,velocity_sine,0,1,,0.0,0.0,-0.0020000000949949026,0,1
6.237687210028525,30.253,velocity_sine,1,2,103.8603515625,103.89431762695312,-2.2364203929901123,-0.016241485252976418,1,1
6.237687210028525,30.253,velocity_sine,1,1,-9.785400339719384,-129.21337890625,0.04371320828795433,-0.34830954670906067,2,1
6.237687210028525,30.253,velocity_sine,0,4,,0.0,-0.0,0.03200000151991844,0,1
6.237687210028525,30.253,velocity_sine,0,1,,0.0,0.0,-0.008999999612569809,0,1
6.247394962992985,30.263,velocity_sine,1,2,103.8603515625,103.8858642578125,-5.356288433074951,0.10696492344141006,1,1
6.247394962992985,30.263,velocity_sine,1,1,-9.785400339719384,-129.21337890625,0.04371320828795433,-0.3639101982116699,2,1
6.247394962992985,30.263,velocity_sine,0,4,,0.0,-0.0,-0.017999999225139618,0,1
6.247394962992985,30.263,velocity_sine,0,1,,0.0,0.0,0.05000000074505806,0,1
6.257794923032634,30.273,velocity_sine,1,2,103.8603515625,103.89718627929688,5.273228168487549,-0.03101750649511814,1,1
6.257794923032634,30.273,velocity_sine,1,1,-9.7102866743639,-129.21337890625,-1.1802566051483154,-0.3751111328601837,2,1
6.257794923032634,30.273,velocity_sine,0,4,,0.0,-0.0,-0.017999999225139618,0,1
6.257794923032634,30.273,velocity_sine,0,1,,0.0,0.0,-0.008999999612569809,0,1
6.267976119008381,30.283,velocity_sine,1,2,103.8603515625,103.9000244140625,3.095777988433838,-0.050790682435035706,1,1
6.267976119008381,30.283,velocity_sine,1,1,-9.626804180036412,-129.21337890625,0.04371320828795433,-0.390319287776947,2,1
6.267976119008381,30.283,velocity_sine,0,4,,0.0,-0.0,0.03200000151991844,0,1
6.267976119008381,30.283,velocity_sine,0,1,,0.0,0.0,-0.01600000075995922,0,1
6.277640731015708,30.293,velocity_sine,1,2,103.8603515625,103.90847778320312,-0.7790789008140564,-0.023391911759972572,1,1
6.277640731015708,30.293,velocity_sine,1,1,-9.5352483438317,-129.2353515625,-4.764739513397217,-0.4018930196762085,2,1
6.277640731015708,30.293,velocity_sine,0,4,,0.0,-0.0,0.03200000151991844,0,1
6.277640731015708,30.293,velocity_sine,0,1,,0.0,0.0,-0.008999999612569809,0,1
6.28798447403824,30.304,velocity_sine,1,2,103.8603515625,103.9835205078125,4.731517791748047,0.05238286405801773,1,1
6.28798447403824,30.304,velocity_sine,1,1,-9.417341519227701,-129.25732421875,0.04371320828795433,-0.4115990698337555,2,1
6.28798447403824,30.304,velocity_sine,0,4,,0.0,-0.0,0.006000000052154064,0,1
6.28798447403824,30.304,velocity_sine,0,1,,0.0,0.0,0.05000000074505806,0,1
6.297673763008788,30.313,velocity_sine,1,2,103.8603515625,103.9835205078125,5.11641263961792,0.10206671059131622,1,1
6.297673763008788,30.313,velocity_sine,1,1,-9.300747056939324,-129.25732421875,0.04371320828795433,-0.41850700974464417,2,1
6.297673763008788,30.313,velocity_sine,0,4,,0.0,-0.0,-0.017999999225139618,0,1
6.297673763008788,30.313,velocity_sine,0,1,,0.0,0.0,0.05700000002980232,0,1
6.308265915024094,30.324,velocity_sine,1,2,103.8603515625,103.9835205078125,1.7310431003570557,0.17176499962806702,1,1
6.308265915024094,30.324,velocity_sine,1,1,-9.155529188069702,-129.25732421875,0.04371320828795433,-0.42454877495765686,2,1
6.308265915024094,30.324,velocity_sine,0,4,,0.0,-0.0,0.006000000052154064,0,1
6.308265915024094,30.324,velocity_sine,0,1,,0.0,0.0,-0.0020000000949949026,0,1
6.318001731007826,30.333,velocity_sine,1,2,103.8603515625,103.89431762695312,-3.6828176975250244,0.03229457512497902,1,1
6.318001731007826,30.333,velocity_sine,1,1,-9.021581407041982,-129.25732421875,0.04371320828795433,-0.42600777745246887,2,1
6.318001731007826,30.333,velocity_sine,0,4,,0.0,-0.0,0.006000000052154064,0,1
6.318001731007826,30.333,velocity_sine,0,1,,0.0,0.0,-0.008999999612569809,0,1
6.327881809032988,30.344,velocity_sine,1,2,103.8603515625,103.89431762695312,-6.743429183959961,0.14213353395462036,1,1
6.327881809032988,30.344,velocity_sine,1,1,-8.850951109942727,-129.25732421875,0.04371320828795433,-0.43128490447998047,2,1
6.327881809032988,30.344,velocity_sine,0,4,,0.0,-0.0,-0.017999999225139618,0,1
6.327881809032988,30.344,velocity_sine,0,1,,0.0,0.0,-0.008999999612569809,0,1
6.337994517001789,30.353,velocity_sine,1,2,103.8603515625,103.90570068359375,1.2470529079437256,0.17089630663394928,1,1
6.337994517001789,30.353,velocity_sine,1,1,-8.66945038766611,-129.27923583984375,-0.1311396211385727,-0.4462534785270691,2,1
6.337994517001789,30.353,velocity_sine,0,4,,0.0,-0.0,-0.2240000069141388,0,1
6.337994517001789,30.353,velocity_sine,0,1,,0.0,0.0,-0.008999999612569809,0,1
6.3477190710254945,30.363,velocity_sine,1,2,103.8603515625,103.91986083984375,12.210535049438477,0.08950384706258774,1,1
6.3477190710254945,30.363,velocity_sine,1,1,-8.50604822298372,-129.30120849609375,0.04371320828795433,-0.45701825618743896,2,1
6.3477190710254945,30.363,velocity_sine,0,4,,0.0,-0.0,0.006000000052154064,0,1
6.3477190710254945,30.363,velocity_sine,0,1,,0.0,0.0,-0.008999999612569809,0,1
6.357733193028253,30.373,velocity_sine,1,2,103.8603515625,103.93115234375,2.0546607971191406,-0.1858905553817749,1,1
6.357733193028253,30.373,velocity_sine,1,1,-8.50604822298372,-129.30120849609375,0.04371320828795433,-0.4677127003669739,2,1
6.357733193028253,30.373,velocity_sine,0,4,,0.0,-0.0,-0.017999999225139618,0,1
6.357733193028253,30.373,velocity_sine,0,1,,0.0,0.0,-0.008999999612569809,0,1
6.367999590002,30.384,velocity_sine,1,2,103.8603515625,103.91131591796875,-7.0410990715026855,0.14218565821647644,1,1
6.367999590002,30.384,velocity_sine,1,1,-8.320930821520411,-129.32318115234375,0.04371320828795433,-0.47403326630592346,2,1
6.367999590002,30.384,velocity_sine,0,4,,0.0,-0.0,-0.017999999225139618,0,1
6.367999590002,30.384,velocity_sine,0,1,,0.0,0.0,-0.008999999612569809,0,1
6.377713344001677,30.393,velocity_sine,1,2,103.8603515625,103.9000244140625,8.64473819732666,0.11587858945131302,1,1
6.377713344001677,30.393,velocity_sine,1,1,-8.13761087466304,-129.32318115234375,0.04371320828795433,-0.47906094789505005,2,1
6.377713344001677,30.393,velocity_sine,0,4,,0.0,-0.0,0.006000000052154064,0,1
6.377713344001677,30.393,velocity_sine,0,1,,0.0,0.0,-0.008999999612569809,0,1
6.387755839037709,30.403,velocity_sine,1,2,103.8603515625,103.9835205078125,2.26958966255188,-0.06907324492931366,1,1
6.387755839037709,30.403,velocity_sine,1,1,-7.914876437587612,-129.32318115234375,0.04371320828795433,-0.4859189987182617,2,1
6.387755839037709,30.403,velocity_sine,0,4,,0.0,-0.0,-0.017999999225139618,0,1
6.387755839037709,30.403,velocity_sine,0,1,,0.0,0.0,-0.008999999612569809,0,1
6.397644504031632,30.413,velocity_sine,1,2,103.8603515625,103.9835205078125,3.6544241905212402,0.1715935319662094,1,1
6.397644504031632,30.413,velocity_sine,1,1,-7.717652276372303,-129.34515380859375,0.04371320828795433,-0.4921712875366211,2,1
6.397644504031632,30.413,velocity_sine,0,4,,0.0,-0.0,0.03200000151991844,0,1
6.397644504031632,30.413,velocity_sine,0,1,,0.0,0.0,-0.008999999612569809,0,1
6.4077988500357606,30.423000000000002,velocity_sine,1,2,103.8603515625,103.87734985351562,2.2750890254974365,0.021878262981772423,1,1
6.4077988500357606,30.423000000000002,velocity_sine,1,1,-7.4692298302421705,-129.34515380859375,-0.04371320828795433,-0.49895179271698,2,1
6.4077988500357606,30.423000000000002,velocity_sine,0,4,,0.0,-0.0,0.03200000151991844,0,1
6.4077988500357606,30.423000000000002,velocity_sine,0,1,,0.0,0.0,-0.008999999612569809,0,1
6.418044458026998,30.433,velocity_sine,1,2,103.8603515625,103.89154052734375,3.7607791423797607,-0.19255705177783966,1,1
6.418044458026998,30.433,velocity_sine,1,1,-7.255192740342803,-129.34515380859375,0.04371320828795433,-0.5074122548103333,2,1
6.418044458026998,30.433,velocity_sine,0,4,,0.0,-0.0,-0.017999999225139618,0,1
6.418044458026998,30.433,velocity_sine,0,1,,0.0,0.0,-0.008999999612569809,0,1
6.4315117170335725,30.447,velocity_sine,1,2,103.8603515625,103.96157836914062,-0.5000790953636169,-0.19255705177783966,1,1
6.4315117170335725,30.447,velocity_sine,1,1,-7.027197653797104,-129.36712646484375,0.04371320828795433,-0.5074122548103333,2,1
6.4315117170335725,30.447,velocity_sine,0,4,,0.0,-0.0,0.006000000052154064,0,1
6.4315117170335725,30.447,velocity_sine,0,1,,0.0,0.0,-0.008999999612569809,0,1
6.43804502801504,30.453,velocity_sine,1,2,103.8603515625,103.96157836914062,-7.501186370849609,0.11473749577999115,1,1
6.43804502801504,30.453,velocity_sine,1,1,-6.772029283342452,-129.36712646484375,0.04371320828795433,-0.5204982161521912,2,1
6.43804502801504,30.453,velocity_sine,0,4,,0.0,-0.0,0.006000000052154064,0,1
6.43804502801504,30.453,velocity_sine,0,1,,0.0,0.0,-0.008999999612569809,0,1
6.447605143010151,30.463,velocity_sine,1,2,103.8603515625,103.865966796875,0.09029179066419601,0.13327939808368683,1,1
6.447605143010151,30.463,velocity_sine,1,1,-6.5155734714203,-129.36712646484375,0.04371320828795433,-0.5256388187408447,2,1
6.447605143010151,30.463,velocity_sine,0,4,,0.0,-0.0,-0.017999999225139618,0,1
6.447605143010151,30.463,velocity_sine,0,1,,0.0,0.0,0.05700000002980232,0,1
6.457555624016095,30.473,velocity_sine,1,2,103.8603515625,103.88302612304688,-0.031601257622241974,0.10239056497812271,1,1
6.457555624016095,30.473,velocity_sine,1,1,-6.233472283255911,-129.38909912109375,0.04371320828795433,-0.5338929891586304,2,1
6.457555624016095,30.473,velocity_sine,0,4,,0.0,-0.0,-0.017999999225139618,0,1
6.457555624016095,30.473,velocity_sine,0,1,,0.0,0.0,-0.008999999612569809,0,1
6.468181379023008,30.483,velocity_sine,1,2,103.8603515625,103.865966796875,-0.33358684182167053,-0.20464010536670685,1,1
6.468181379023008,30.483,velocity_sine,1,1,-5.982362159881759,-129.38909912109375,0.04371320828795433,-0.5376535654067993,2,1
6.468181379023008,30.483,velocity_sine,0,4,,0.0,-0.0,-0.017999999225139618,0,1
6.468181379023008,30.483,velocity_sine,0,1,,0.0,0.0,-0.008999999612569809,0,1
6.47777901502559,30.493,velocity_sine,1,2,103.8603515625,103.86880493164062,-4.735177993774414,0.00462139630690217,1,1
6.47777901502559,30.493,velocity_sine,1,1,-5.715618674361914,-129.38909912109375,0.04371320828795433,-0.5397613644599915,2,1
6.47777901502559,30.493,velocity_sine,0,4,,0.0,-0.0,0.006000000052154064,0,1
6.47777901502559,30.493,velocity_sine,0,1,,0.0,0.0,-0.008999999612569809,0,1
6.4875369319925085,30.503,velocity_sine,1,2,103.8603515625,103.87164306640625,3.9723315238952637,0.0012872391380369663,1,1
6.4875369319925085,30.503,velocity_sine,1,1,-5.715618674361914,-129.38909912109375,0.04371320828795433,-0.5473722815513611,2,1
6.4875369319925085,30.503,velocity_sine,0,4,,0.0,-0.0,0.054999999701976776,0,1
6.4875369319925085,30.503,velocity_sine,0,1,,0.0,0.0,-0.008999999612569809,0,1
6.497336378030013,30.513,velocity_sine,1,2,103.8603515625,103.86318969726562,2.821950674057007,-0.0723377913236618,1,1
6.497336378030013,30.513,velocity_sine,1,1,-5.4358613431570335,-129.41107177734375,0.04371320828795433,-0.5562117099761963,2,1
6.497336378030013,30.513,velocity_sine,0,4,,0.0,-0.0,-0.017999999225139618,0,1
6.497336378030013,30.513,velocity_sine,0,1,,0.0,0.0,-0.008999999612569809,0,1
6.507733563019428,30.523,velocity_sine,1,2,103.8603515625,103.96157836914062,4.500711917877197,0.08481432497501373,1,1
6.507733563019428,30.523,velocity_sine,1,1,-5.11636809643491,-129.41107177734375,0.04371320828795433,-0.5635972619056702,2,1
6.507733563019428,30.523,velocity_sine,0,4,,0.0,-0.0,-0.017999999225139618,0,1
6.507733563019428,30.523,velocity_sine,0,1,,0.0,0.0,-0.008999999612569809,0,1
6.51755959901493,30.533,velocity_sine,1,2,103.8603515625,103.96157836914062,-2.346524953842163,0.2629445195198059,1,1
6.51755959901493,30.533,velocity_sine,1,1,-4.835201236906667,-129.41107177734375,0.04371320828795433,-0.5695123672485352,2,1
6.51755959901493,30.533,velocity_sine,0,4,,0.0,-0.0,0.006000000052154064,0,1
6.51755959901493,30.533,velocity_sine,0,1,,0.0,0.0,-0.008999999612569809,0,1
6.527875169005711,30.543,velocity_sine,1,2,103.8603515625,103.87734985351562,11.301241874694824,0.022195464000105858,1,1
6.527875169005711,30.543,velocity_sine,1,1,-4.500102178801067,-129.43304443359375,0.04371320828795433,-0.5723569393157959,2,1
6.527875169005711,30.543,velocity_sine,0,4,,0.0,-0.0,-0.017999999225139618,0,1
6.527875169005711,30.543,velocity_sine,0,1,,0.0,0.0,-0.07000000029802322,0,1
6.537304457044229,30.553,velocity_sine,1,2,103.8603515625,103.86318969726562,-7.153017044067383,0.013316498138010502,1,1
6.537304457044229,30.553,velocity_sine,1,1,-4.213124142221675,-129.43304443359375,0.04371320828795433,-0.574824869632721,2,1
6.537304457044229,30.553,velocity_sine,0,4,,0.0,-0.0,-0.017999999225139618,0,1
6.537304457044229,30.553,velocity_sine,0,1,,0.0,0.0,0.05000000074505806,0,1
6.547718082030769,30.563,velocity_sine,1,2,103.8603515625,103.87164306640625,-13.489791870117188,0.12413707375526428,1,1
6.547718082030769,30.563,velocity_sine,1,1,-3.876850270021395,-129.43304443359375,0.04371320828795433,-0.5721293687820435,2,1
6.547718082030769,30.563,velocity_sine,0,4,,0.0,-0.0,-0.017999999225139618,0,1
6.547718082030769,30.563,velocity_sine,0,1,,0.0,0.0,-0.008999999612569809,0,1
6.557961476035416,30.573,velocity_sine,1,2,103.8603515625,103.87734985351562,-2.7953925132751465,0.13452671468257904,1,1
6.557961476035416,30.573,velocity_sine,1,1,-3.5688775013728695,-129.45501708984375,0.04371320828795433,-0.5759384036064148,2,1
6.557961476035416,30.573,velocity_sine,0,4,,0.0,-0.0,0.03200000151991844,0,1
6.557961476035416,30.573,velocity_sine,0,1,,0.0,0.0,-0.008999999612569809,0,1
6.568393305991776,30.584,velocity_sine,1,2,103.8603515625,103.87448120117188,9.805435180664062,0.13296082615852356,1,1
6.568393305991776,30.584,velocity_sine,1,1,-3.2690146446306327,-129.45501708984375,0.04371320828795433,-0.5764466524124146,2,1
6.568393305991776,30.584,velocity_sine,0,4,,0.0,-0.0,-0.017999999225139618,0,1
6.568393305991776,30.584,velocity_sine,0,1,,0.0,0.0,-0.008999999612569809,0,1
6.577868619991932,30.593,velocity_sine,1,2,103.8603515625,103.865966796875,-1.605124592781067,0.005332874599844217,1,1
6.577868619991932,30.593,velocity_sine,1,1,-2.959736789376479,-129.45501708984375,0.04371320828795433,-0.5757578015327454,2,1
6.577868619991932,30.593,velocity_sine,0,4,,0.0,-0.0,-0.017999999225139618,0,1
6.577868619991932,30.593,velocity_sine,0,1,,0.0,0.0,-0.008999999612569809,0,1
6.587726867001038,30.603,velocity_sine,1,2,103.8603515625,103.8603515625,-8.57961654663086,0.1879492700099945,1,1
6.587726867001038,30.603,velocity_sine,1,1,-2.603572236379583,-129.4769287109375,0.04371320828795433,-0.5763577222824097,2,1
6.587726867001038,30.603,velocity_sine,0,4,,0.0,-0.0,-0.017999999225139618,0,1
6.587726867001038,30.603,velocity_sine,0,1,,0.0,0.0,-0.008999999612569809,0,1
6.597607957024593,30.613,velocity_sine,1,2,103.8603515625,103.87734985351562,-2.0038394927978516,0.1648656576871872,1,1
6.597607957024593,30.613,velocity_sine,1,1,-2.603572236379583,-129.4769287109375,-0.5682716965675354,-0.578040361404419,2,1
6.597607957024593,30.613,velocity_sine,0,4,,0.0,-0.0,0.008999999612569809,0,1
6.597607957024593,30.613,velocity_sine,0,1,,0.0,0.0,0.05700000002980232,0,1
6.60754087503301,30.623,velocity_sine,1,2,103.8603515625,103.88302612304688,7.543859004974365,0.1046999841928482,1,1
6.60754087503301,30.623,velocity_sine,1,1,-2.2716195751997628,-129.4769287109375,0.04371320828795433,-0.579929530620575,2,1
6.60754087503301,30.623,velocity_sine,0,4,,0.0,-0.0,0.006000000052154064,0,1
6.60754087503301,30.623,velocity_sine,0,1,,0.0,0.0,-0.008999999612569809,0,1
6.617346323037054,30.633,velocity_sine,1,2,103.8603515625,103.96157836914062,2.26958966255188,0.1580793559551239,1,1
6.617346323037054,30.633,velocity_sine,1,1,-1.8995307398195584,-129.4769287109375,-0.1311396211385727,-0.5828585028648376,2,1
6.617346323037054,30.633,velocity_sine,0,4,,0.0,-0.0,0.006000000052154064,0,1
6.617346323037054,30.633,velocity_sine,0,1,,0.0,0.0,-0.008999999612569809,0,1
6.627830100012943,30.643,velocity_sine,1,2,103.8603515625,103.96157836914062,-5.962481498718262,0.03516920283436775,1,1
6.627830100012943,30.643,velocity_sine,1,1,-1.5299894121500923,-129.4989013671875,0.04371320828795433,-0.5832160711288452,2,1
6.627830100012943,30.643,velocity_sine,0,4,,0.0,-0.0,0.054999999701976776,0,1
6.627830100012943,30.643,velocity_sine,0,1,,0.0,0.0,0.05700000002980232,0,1
6.637566788005643,30.653,velocity_sine,1,2,103.8603515625,103.87734985351562,-14.34405517578125,0.1019134595990181,1,1
6.637566788005643,30.653,velocity_sine,1,1,-1.2017935055919828,-129.4989013671875,0.04371320828795433,-0.5840553045272827,2,1
6.637566788005643,30.653,velocity_sine,0,4,,0.0,-0.0,-0.017999999225139618,0,1
6.637566788005643,30.653,velocity_sine,0,1,,0.0,0.0,-0.19900000095367432,0,1
6.648347717011347,30.664,velocity_sine,1,2,103.8603515625,103.86318969726562,-2.761679172515869,0.22587981820106506,1,1
6.648347717011347,30.664,velocity_sine,1,1,-0.8247606903722473,-129.4989013671875,0.04371320828795433,-0.5824992656707764,2,1
6.648347717011347,30.664,velocity_sine,0,4,,0.0,-0.0,-0.017999999225139618,0,1
6.648347717011347,30.664,velocity_sine,0,1,,0.0,0.0,0.05700000002980232,0,1
6.657906948996242,30.673000000000002,velocity_sine,1,2,103.8603515625,103.87734985351562,-1.2211498022079468,0.05249718949198723,1,1
6.657906948996242,30.673000000000002,velocity_sine,1,1,-0.48915003781543237,-129.4989013671875,0.04371320828795433,-0.5816091895103455,2,1
6.657906948996242,30.673000000000002,velocity_sine,0,4,,0.0,-0.0,0.006000000052154064,0,1
6.657906948996242,30.673000000000002,velocity_sine,0,1,,0.0,0.0,-0.008999999612569809,0,1
6.667656391044147,30.683,velocity_sine,1,2,103.8603515625,103.86880493164062,-3.8355207443237305,-0.13233454525470734,1,1
6.667656391044147,30.683,velocity_sine,1,1,-0.11829149424035616,-129.4989013671875,0.04371320828795433,-0.581064760684967,2,1
6.667656391044147,30.683,velocity_sine,0,4,,0.0,-0.0,0.03200000151991844,0,1
6.667656391044147,30.683,velocity_sine,0,1,,0.0,0.0,-0.008999999612569809,0,1
6.677606432000175,30.693,velocity_sine,1,2,103.8603515625,103.8603515625,-7.158191204071045,0.06055523455142975,1,1
6.677606432000175,30.693,velocity_sine,1,1,-0.11829149424035616,-129.4989013671875,0.04371320828795433,-0.5824406743049622,2,1
6.677606432000175,30.693,velocity_sine,0,4,,0.0,-0.0,-0.017999999225139618,0,1
6.677606432000175,30.693,velocity_sine,0,1,,0.0,0.0,-0.008999999612569809,0,1
6.6878717570216395,30.703,velocity_sine,1,2,103.8603515625,103.865966796875,-2.137223720550537,0.09753197431564331,1,1
6.6878717570216395,30.703,velocity_sine,1,1,0.2217644055960585,-129.4989013671875,0.04371320828795433,-0.5835365653038025,2,1
6.6878717570216395,30.703,velocity_sine,0,4,,0.0,-0.0,-0.017999999225139618,0,1
6.6878717570216395,30.703,velocity_sine,0,1,,0.0,0.0,-0.0020000000949949026,0,1
6.697316604026128,30.713,velocity_sine,1,2,103.8603515625,103.96157836914062,4.731517791748047,-0.007935893721878529,1,1
6.697316604026128,30.713,velocity_sine,1,1,0.5446557148047246,-129.4989013671875,0.04371320828795433,-0.5869671702384949,2,1
6.697316604026128,30.713,velocity_sine,0,4,,0.0,-0.0,0.006000000052154064,0,1
6.697316604026128,30.713,velocity_sine,0,1,,0.0,0.0,-0.01600000075995922,0,1
6.707691246003378,30.723,velocity_sine,1,2,103.8603515625,103.96157836914062,0.730884850025177,0.11089189350605011,1,1
6.707691246003378,30.723,velocity_sine,1,1,0.910003924995338,-129.4989013671875,0.04371320828795433,-0.5848696231842041,2,1
6.707691246003378,30.723,velocity_sine,0,4,,0.0,-0.0,-0.017999999225139618,0,1
6.707691246003378,30.723,velocity_sine,0,1,,0.0,0.0,-0.008999999612569809,0,1
6.717770740040578,30.733,velocity_sine,1,2,103.8603515625,103.96157836914062,-1.1155611276626587,0.013528198003768921,1,1
6.717770740040578,30.733,velocity_sine,1,1,1.2311077467198057,-129.4989013671875,-0.04371320828795433,-0.5871837735176086,2,1
6.717770740040578,30.733,velocity_sine,0,4,,0.0,-0.0,-0.017999999225139618,0,1
6.717770740040578,30.733,velocity_sine,0,1,,0.0,0.0,-0.008999999612569809,0,1
6.7277315109968185,30.743,velocity_sine,1,2,103.8603515625,103.96157836914062,2.192654609680176,0.021828141063451767,1,1
6.7277315109968185,30.743,velocity_sine,1,1,1.546972155106265,-129.4989013671875,0.04371320828795433,-0.5847370624542236,2,1
6.7277315109968185,30.743,velocity_sine,0,4,,0.0,-0.0,-0.017999999225139618,0,1
6.7277315109968185,30.743,velocity_sine,0,1,,0.0,0.0,-0.0020000000949949026,0,1
6.7373613670351915,30.753,velocity_sine,1,2,103.8603515625,103.96157836914062,2.346524953842163,0.05286514014005661,1,1
6.7373613670351915,30.753,velocity_sine,1,1,1.9213077597171446,-129.4989013671875,0.04371320828795433,-0.5865761041641235,2,1
6.7373613670351915,30.753,velocity_sine,0,4,,0.0,-0.0,-0.017999999225139618,0,1
6.7373613670351915,30.753,velocity_sine,0,1,,0.0,0.0,-0.008999999612569809,0,1
6.74802095600171,30.763,velocity_sine,1,2,103.8603515625,103.88302612304688,4.671333312988281,0.06389293819665909,1,1
6.74802095600171,30.763,velocity_sine,1,1,2.281618714746402,-129.4989013671875,0.04371320828795433,-0.5789049863815308,2,1
6.74802095600171,30.763,velocity_sine,0,4,,0.0,-0.0,-0.017999999225139618,0,1
6.74802095600171,30.763,velocity_sine,0,1,,0.0,0.0,-0.008999999612569809,0,1
6.7578278470318764,30.773,velocity_sine,1,2,103.8603515625,103.8858642578125,1.394944667816162,-0.18669751286506653,1,1
6.7578278470318764,30.773,velocity_sine,1,1,2.611457807983025,-129.4989013671875,0.04371320828795433,-0.5802456140518188,2,1
6.7578278470318764,30.773,velocity_sine,0,4,,0.0,-0.0,0.006000000052154064,0,1
6.7578278470318764,30.773,velocity_sine,0,1,,0.0,0.0,-0.07699999958276749,0,1
6.767724416044075,30.783,velocity_sine,1,2,103.8603515625,103.865966796875,-0.5263935923576355,0.1311233639717102,1,1
6.767724416044075,30.783,velocity_sine,1,1,2.9755770094904284,-129.5208740234375,0.04371320828795433,-0.5722088813781738,2,1
6.767724416044075,30.783,velocity_sine,0,4,,0.0,-0.0,0.006000000052154064,0,1
6.767724416044075,30.783,velocity_sine,0,1,,0.0,0.0,-0.008999999612569809,0,1
6.777524031989742,30.793,velocity_sine,1,2,103.8603515625,103.84896850585938,5.905218601226807,0.16128674149513245,1,1
6.777524031989742,30.793,velocity_sine,1,1,2.9755770094904284,-129.5208740234375,0.04371320828795433,-0.5687093138694763,2,1
6.777524031989742,30.793,velocity_sine,0,4,,0.0,-0.0,-0.017999999225139618,0,1
6.777524031989742,30.793,velocity_sine,0,1,,0.0,0.0,-0.008999999612569809,0,1
6.787878787028603,30.803,velocity_sine,1,2,103.8603515625,103.84329223632812,-6.6988725662231445,0.1761600226163864,1,1
6.787878787028603,30.803,velocity_sine,1,1,3.2979346831270413,-129.5208740234375,0.04371320828795433,-0.560593843460083,2,1
6.787878787028603,30.803,velocity_sine,0,4,,0.0,-0.0,0.03200000151991844,0,1
6.787878787028603,30.803,velocity_sine,0,1,,0.0,0.0,-0.008999999612569809,0,1
6.797780635999516,30.813,velocity_sine,1,2,103.8603515625,103.93960571289062,-1.6541078090667725,0.0928472951054573,1,1
6.797780635999516,30.813,velocity_sine,1,1,3.603006146430594,-129.5208740234375,0.04371320828795433,-0.5576182007789612,2,1
6.797780635999516,30.813,velocity_sine,0,4,,0.0,-0.0,-0.017999999225139618,0,1
6.797780635999516,30.813,velocity_sine,0,1,,0.0,0.0,-0.008999999612569809,0,1
6.807810736994725,30.823,velocity_sine,1,2,103.8603515625,103.93960571289062,1.5002373456954956,0.08507788926362991,1,1
6.807810736994725,30.823,velocity_sine,1,1,3.9588119498460257,-129.5208740234375,0.04371320828795433,-0.5526661276817322,2,1
6.807810736994725,30.823,velocity_sine,0,4,,0.0,-0.0,0.006000000052154064,0,1
6.807810736994725,30.823,velocity_sine,0,1,,0.0,0.0,-0.008999999612569809,0,1
6.8175844450015575,30.833,velocity_sine,1,2,103.8603515625,103.84896850585938,3.2420685291290283,0.014463178813457489,1,1
6.8175844450015575,30.833,velocity_sine,1,1,4.303080694967486,-129.5208740234375,0.04371320828795433,-0.5467309951782227,2,1
6.8175844450015575,30.833,velocity_sine,0,4,,0.0,-0.0,0.03200000151991844,0,1
6.8175844450015575,30.833,velocity_sine,0,1,,0.0,0.0,-0.008999999612569809,0,1
6.828017637017183,30.843,velocity_sine,1,2,103.8603515625,103.865966796875,6.22389554977417,-0.08573310822248459,1,1
6.828017637017183,30.843,velocity_sine,1,1,4.644747195344747,-129.5208740234375,0.04371320828795433,-0.5385473966598511,2,1
6.828017637017183,30.843,velocity_sine,0,4,,0.0,-0.0,-0.017999999225139618,0,1
6.828017637017183,30.843,velocity_sine,0,1,,0.0,0.0,-0.008999999612569809,0,1
6.837981302989647,30.853,velocity_sine,1,2,103.8603515625,103.865966796875,-2.5428874492645264,0.004980735946446657,1,1
6.837981302989647,30.853,velocity_sine,1,1,4.926539601127049,-129.5208740234375,0.04371320828795433,-0.5322641134262085,2,1
6.837981302989647,30.853,velocity_sine,0,4,,0.0,-0.0,0.006000000052154064,0,1
6.837981302989647,30.853,velocity_sine,0,1,,0.0,0.0,-0.008999999612569809,0,1
6.848120140028186,30.863,velocity_sine,1,2,103.8603515625,103.8603515625,-3.481088638305664,-0.045937854796648026,1,1
6.848120140028186,30.863,velocity_sine,1,1,5.19894491349098,-129.5208740234375,0.04371320828795433,-0.5232646465301514,2,1
6.848120140028186,30.863,velocity_sine,0,4,,0.0,-0.0,-0.017999999225139618,0,1
6.848120140028186,30.863,velocity_sine,0,1,,0.0,0.0,-0.008999999612569809,0,1
6.858010597992688,30.873,velocity_sine,1,2,103.8603515625,103.86880493164062,2.8462634086608887,0.0190897099673748,1,1
6.858010597992688,30.873,velocity_sine,1,1,5.470302327742798,-129.4989013671875,0.04371320828795433,-0.5183680653572083,2,1
6.858010597992688,30.873,velocity_sine,0,4,,0.0,-0.0,-0.017999999225139618,0,1
6.858010597992688,30.873,velocity_sine,0,1,,0.0,0.0,-0.008999999612569809,0,1
6.867702832038049,30.883,velocity_sine,1,2,103.8603515625,103.85467529296875,-2.560767650604248,0.08645957708358765,1,1
6.867702832038049,30.883,velocity_sine,1,1,5.78601407380466,-129.4989013671875,0.04371320828795433,-0.5062869787216187,2,1
6.867702832038049,30.883,velocity_sine,0,4,,0.0,-0.0,0.006000000052154064,0,1
6.867702832038049,30.883,velocity_sine,0,1,,0.0,0.0,-0.008999999612569809,0,1
6.877710310043767,30.893,velocity_sine,1,2,103.8603515625,103.85745239257812,-2.4103496074676514,-0.01762165129184723,1,1
6.877710310043767,30.893,velocity_sine,1,1,5.78601407380466,-129.4989013671875,0.04371320828795433,-0.49648430943489075,2,1
6.877710310043767,30.893,velocity_sine,0,4,,0.0,-0.0,0.006000000052154064,0,1
6.877710310043767,30.893,velocity_sine,0,1,,0.0,0.0,-0.008999999612569809,0,1
6.8876877930015326,30.903,velocity_sine,1,2,103.8603515625,103.84613037109375,-4.454976558685303,0.19375596940517426,1,1
6.8876877930015326,30.903,velocity_sine,1,1,6.05845216599953,-129.4989013671875,0.04371320828795433,-0.4852820038795471,2,1
6.8876877930015326,30.903,velocity_sine,0,4,,0.0,-0.0,-0.017999999225139618,0,1
6.8876877930015326,30.903,velocity_sine,0,1,,0.0,0.0,0.05700000002980232,0,1
6.897606103040744,30.913,velocity_sine,1,2,103.8603515625,103.93960571289062,5.11641263961792,0.19666269421577454,1,1
6.897606103040744,30.913,velocity_sine,1,1,6.305567971664665,-129.4989013671875,0.04371320828795433,-0.4761066734790802,2,1
6.897606103040744,30.913,velocity_sine,0,4,,0.0,-0.0,-0.017999999225139618,0,1
6.897606103040744,30.913,velocity_sine,0,1,,0.0,0.0,-0.008999999612569809,0,1
6.9077057060203515,30.923000000000002,velocity_sine,1,2,103.8603515625,103.93960571289062,-0.9616906046867371,0.08321579545736313,1,1
6.9077057060203515,30.923000000000002,velocity_sine,1,1,6.5979050043368845,-129.4989013671875,0.04371320828795433,-0.4652853310108185,2,1
6.9077057060203515,30.923000000000002,velocity_sine,0,4,,0.0,-0.0,-0.017999999225139618,0,1
6.9077057060203515,30.923000000000002,velocity_sine,0,1,,0.0,0.0,-0.008999999612569809,0,1
6.917336543032434,30.933,velocity_sine,1,2,103.8603515625,103.91763305664062,-5.4239349365234375,-0.1441115140914917,1,1
6.917336543032434,30.933,velocity_sine,1,1,6.880569213641565,-129.4989013671875,0.04371320828795433,-0.4567699730396271,2,1
6.917336543032434,30.933,velocity_sine,0,4,,0.0,-0.0,0.006000000052154064,0,1
6.917336543032434,30.933,velocity_sine,0,1,,0.0,0.0,-0.008999999612569809,0,1
6.927918286004569,30.943,velocity_sine,1,2,103.8603515625,103.84613037109375,-11.741207122802734,-0.09189530462026596,1,1
6.927918286004569,30.943,velocity_sine,1,1,7.1470151340674555,-129.4989013671875,0.04371320828795433,-0.44866371154785156,2,1
6.927918286004569,30.943,velocity_sine,0,4,,0.0,-0.0,-0.017999999225139618,0,1
6.927918286004569,30.943,velocity_sine,0,1,,0.0,0.0,-0.07699999958276749,0,1
6.937899756012484,30.953,velocity_sine,1,2,103.8603515625,103.84613037109375,-6.646636962890625,-0.08340340852737427,1,1
6.937899756012484,30.953,velocity_sine,1,1,7.376076473781595,-129.4989013671875,0.04371320828795433,-0.43616849184036255,2,1
6.937899756012484,30.953,velocity_sine,0,4,,0.0,-0.0,-0.017999999225139618,0,1
6.937899756012484,30.953,velocity_sine,0,1,,0.0,0.0,-0.01600000075995922,0,1
6.948204406013247,30.963,velocity_sine,1,2,103.8603515625,103.83197021484375,-3.6882550716400146,-0.13754451274871826,1,1
6.948204406013247,30.963,velocity_sine,1,1,7.585711854922232,-129.4989013671875,0.04371320828795433,-0.4277847409248352,2,1
6.948204406013247,30.963,velocity_sine,0,4,,0.0,-0.0,-0.017999999225139618,0,1
6.948204406013247,30.963,velocity_sine,0,1,,0.0,0.0,-0.008999999612569809,0,1
6.95766870904481,30.973,velocity_sine,1,2,103.8603515625,103.84613037109375,-0.3148276209831238,0.168465256690979,1,1
6.95766870904481,30.973,velocity_sine,1,1,7.791973792802308,-129.4989013671875,0.04371320828795433,-0.4156161844730377,2,1
6.95766870904481,30.973,velocity_sine,0,4,,0.0,-0.0,0.006000000052154064,0,1
6.95766870904481,30.973,velocity_sine,0,1,,0.0,0.0,-0.008999999612569809,0,1
6.967635762004647,30.983,velocity_sine,1,2,103.8603515625,103.84051513671875,-3.7106523513793945,0.07405329495668411,1,1
6.967635762004647,30.983,velocity_sine,1,1,8.01506164630194,-129.4989013671875,0.04371320828795433,-0.40206360816955566,2,1
6.967635762004647,30.983,velocity_sine,0,4,,0.0,-0.0,-0.017999999225139618,0,1
6.967635762004647,30.983,velocity_sine,0,1,,0.0,0.0,-0.008999999612569809,0,1
6.977603926032316,30.993,velocity_sine,1,2,103.8603515625,103.85745239257812,1.7380207777023315,-0.012657872401177883,1,1
6.977603926032316,30.993,velocity_sine,1,1,8.01506164630194,-129.4989013671875,0.04371320828795433,-0.38948795199394226,2,1
6.977603926032316,30.993,velocity_sine,0,4,,0.0,-0.0,0.006000000052154064,0,1
6.977603926032316,30.993,velocity_sine,0,1,,0.0,0.0,-0.008999999612569809,0,1
6.9876582529977895,31.003,velocity_sine,1,2,103.8603515625,103.865966796875,-0.9730798006057739,0.10921204090118408,1,1
6.9876582529977895,31.003,velocity_sine,1,1,8.217570014032376,-129.4989013671875,4.852166175842285,-0.3713139593601227,2,1
6.9876582529977895,31.003,velocity_sine,0,4,,0.0,-0.0,-0.017999999225139618,0,1
6.9876582529977895,31.003,velocity_sine,0,1,,0.0,0.0,-0.0020000000949949026,0,1
6.997692643024493,31.013,velocity_sine,1,2,103.8603515625,103.84613037109375,1.2408138513565063,0.07540026307106018,1,1
6.997692643024493,31.013,velocity_sine,1,1,8.393559950026034,-129.4989013671875,0.04371320828795433,-0.36072173714637756,2,1
6.997692643024493,31.013,velocity_sine,0,4,,0.0,-0.0,0.006000000052154064,0,1
6.997692643024493,31.013,velocity_sine,0,1,,0.0,0.0,-0.008999999612569809,0,1
7.007707876036875,31.023,velocity_sine,1,2,103.8603515625,103.82345581054688,0.6998379230499268,0.1426238864660263,1,1
7.007707876036875,31.023,velocity_sine,1,1,8.561277426793492,-129.4989013671875,0.04371320828795433,-0.34524810314178467,2,1
7.007707876036875,31.023,velocity_sine,0,4,,0.0,-0.0,0.006000000052154064,0,1
7.007707876036875,31.023,velocity_sine,0,1,,0.0,0.0,0.05700000002980232,0,1
7.017350025009364,31.033,velocity_sine,1,2,103.8603515625,103.93960571289062,4.116035461425781,0.2922568619251251,1,1
7.017350025009364,31.033,velocity_sine,1,1,8.753287137804083,-129.4769287109375,0.04371320828795433,-0.3367513418197632,2,1
7.017350025009364,31.033,velocity_sine,0,4,,0.0,-0.0,-0.017999999225139618,0,1
7.017350025009364,31.033,velocity_sine,0,1,,0.0,0.0,-0.01600000075995922,0,1
7.0278355670161545,31.043,velocity_sine,1,2,103.8603515625,103.91763305664062,-6.654898643493652,-0.02796749770641327,1,1
7.0278355670161545,31.043,velocity_sine,1,1,8.925800460866864,-129.4769287109375,0.04371320828795433,-0.3272218704223633,2,1
7.0278355670161545,31.043,velocity_sine,0,4,,0.0,-0.0,0.03200000151991844,0,1
7.0278355670161545,31.043,velocity_sine,0,1,,0.0,0.0,0.24699999392032623,0,1
7.037384279014077,31.053,velocity_sine,1,2,103.8603515625,103.84051513671875,-3.933565139770508,0.08321774750947952,1,1
7.037384279014077,31.053,velocity_sine,1,1,9.07142732330162,-129.4769287109375,0.1311396211385727,-0.3164186477661133,2,1
7.037384279014077,31.053,velocity_sine,0,4,,0.0,-0.0,0.006000000052154064,0,1
7.037384279014077,31.053,velocity_sine,0,1,,0.0,0.0,-0.008999999612569809,0,1
7.0474203019985,31.063,velocity_sine,1,2,103.8603515625,103.84329223632812,-7.256089687347412,-0.06587310135364532,1,1
7.0474203019985,31.063,velocity_sine,1,1,9.22061483739183,-129.4769287109375,0.04371320828795433,-0.31762176752090454,2,1
7.0474203019985,31.063,velocity_sine,0,4,,0.0,-0.0,-0.017999999225139618,0,1
7.0474203019985,31.063,velocity_sine,0,1,,0.0,0.0,-0.008999999612569809,0,1
7.058691045036539,31.073,velocity_sine,1,2,103.8603515625,103.83767700195312,0.6803798079490662,0.2236674576997757,1,1
7.058691045036539,31.073,velocity_sine,1,1,9.338833699150817,-129.45501708984375,1.2676830291748047,-0.29183754324913025,2,1
7.058691045036539,31.073,velocity_sine,0,4,,0.0,-0.0,0.006000000052154064,0,1
7.058691045036539,31.073,velocity_sine,0,1,,0.0,0.0,-0.0020000000949949026,0,1
7.06720457400661,31.083,velocity_sine,1,2,103.8603515625,103.851806640625,5.624918460845947,0.10911643505096436,1,1
7.06720457400661,31.083,velocity_sine,1,1,9.458556050263999,-129.45501708984375,0.04371320828795433,-0.2729865312576294,2,1
7.06720457400661,31.083,velocity_sine,0,4,,0.0,-0.0,-0.017999999225139618,0,1
7.06720457400661,31.083,velocity_sine,0,1,,0.0,0.0,-0.008999999612569809,0,1
7.077568095002789,31.093,velocity_sine,1,2,103.8603515625,103.8603515625,-2.571831464767456,0.022326812148094177,1,1
7.077568095002789,31.093,velocity_sine,1,1,9.562925530765144,-129.45501708984375,0.04371320828795433,-0.2639998495578766,2,1
7.077568095002789,31.093,velocity_sine,0,4,,0.0,-0.0,-0.017999999225139618,0,1
7.077568095002789,31.093,velocity_sine,0,1,,0.0,0.0,-0.008999999612569809,0,1
7.087722551019397,31.103,velocity_sine,1,2,103.8603515625,103.865966796875,3.342001438140869,0.253363698720932,1,1
7.087722551019397,31.103,velocity_sine,1,1,9.654109995980354,-129.45501708984375,0.04371320828795433,-0.24807724356651306,2,1
7.087722551019397,31.103,velocity_sine,0,4,,0.0,-0.0,0.006000000052154064,0,1
7.087722551019397,31.103,velocity_sine,0,1,,0.0,0.0,-0.0020000000949949026,0,1
7.097313634003513,31.113,velocity_sine,1,2,103.8603515625,103.85467529296875,2.1225478649139404,0.22119870781898499,1,1
7.097313634003513,31.113,velocity_sine,1,1,9.731636738558073,-129.43304443359375,4.589886665344238,-0.23536120355129242,2,1
7.097313634003513,31.113,velocity_sine,0,4,,0.0,-0.0,0.03200000151991844,0,1
7.097313634003513,31.113,velocity_sine,0,1,,0.0,0.0,-0.008999999612569809,0,1
7.107889506034553,31.123,velocity_sine,1,2,103.8603515625,103.85467529296875,0.3285079002380371,0.2803884446620941,1,1
7.107889506034553,31.123,velocity_sine,1,1,9.731636738558073,-129.43304443359375,0.04371320828795433,-0.22015666961669922,2,1
7.107889506034553,31.123,velocity_sine,0,4,,0.0,-0.0,-0.017999999225139618,0,1
7.107889506034553,31.123,velocity_sine,0,1,,0.0,0.0,-0.008999999612569809,0,1
7.117683571006637,31.133,velocity_sine,1,2,103.8603515625,103.8603515625,-1.6213209629058838,0.09257930517196655,1,1
7.117683571006637,31.133,velocity_sine,1,1,9.806620474212421,-129.43304443359375,0.04371320828795433,-0.2107977718114853,2,1
7.117683571006637,31.133,velocity_sine,0,4,,0.0,-0.0,-0.017999999225139618,0,1
7.117683571006637,31.133,velocity_sine,0,1,,0.0,0.0,-0.008999999612569809,0,1
7.127757175010629,31.143,velocity_sine,1,2,103.8603515625,103.93960571289062,3.500553607940674,0.11917594075202942,1,1
7.127757175010629,31.143,velocity_sine,1,1,9.87386581916036,-129.41107177734375,0.04371320828795433,-0.19375860691070557,2,1
7.127757175010629,31.143,velocity_sine,0,4,,0.0,-0.0,0.006000000052154064,0,1
7.127757175010629,31.143,velocity_sine,0,1,,0.0,0.0,-0.008999999612569809,0,1
7.137459237012081,31.153,velocity_sine,1,2,103.8603515625,103.96157836914062,-2.26958966255188,-0.03944056108593941,1,1
7.137459237012081,31.153,velocity_sine,1,1,9.918908445517317,-129.41107177734375,0.04371320828795433,-0.18719111382961273,2,1
7.137459237012081,31.153,velocity_sine,0,4,,0.0,-0.0,0.006000000052154064,0,1
7.137459237012081,31.153,velocity_sine,0,1,,0.0,0.0,0.05700000002980232,0,1
7.1479475640226156,31.163,velocity_sine,1,2,103.8603515625,103.96157836914062,4.80845308303833,0.23518192768096924,1,1
7.1479475640226156,31.163,velocity_sine,1,1,9.959318070045253,-129.41107177734375,0.30599245429039,-0.17379659414291382,2,1
7.1479475640226156,31.163,velocity_sine,0,4,,0.0,-0.0,-0.20100000500679016,0,1
7.1479475640226156,31.163,velocity_sine,0,1,,0.0,0.0,-0.008999999612569809,0,1
7.1576386950328015,31.173,velocity_sine,1,2,103.8603515625,103.8603515625,-7.936583518981934,0.18727582693099976,1,1
7.1576386950328015,31.173,velocity_sine,1,1,9.983811954805748,-129.38909912109375,0.04371320828795433,-0.16618365049362183,2,1
7.1576386950328015,31.173,velocity_sine,0,4,,0.0,-0.0,0.006000000052154064,0,1
7.1576386950328015,31.173,velocity_sine,0,1,,0.0,0.0,-0.008999999612569809,0,1
7.1678276270395145,31.183,velocity_sine,1,2,103.8603515625,103.87164306640625,-2.7872567176818848,-0.06721006333827972,1,1
7.1678276270395145,31.183,velocity_sine,1,1,9.998106145907231,-129.38909912109375,0.04371320828795433,-0.15945115685462952,2,1
7.1678276270395145,31.183,velocity_sine,0,4,,0.0,-0.0,-0.017999999225139618,0,1
7.1678276270395145,31.183,velocity_sine,0,1,,0.0,0.0,-0.0020000000949949026,0,1
7.1779707910027355,31.193,velocity_sine,1,2,103.8603515625,103.84613037109375,-7.2246994972229,0.09667854011058807,1,1
7.1779707910027355,31.193,velocity_sine,1,1,9.999182389751935,-129.38909912109375,0.04371320828795433,-0.13939222693443298,2,1
7.1779707910027355,31.193,velocity_sine,0,4,,0.0,-0.0,-0.017999999225139618,0,1
7.1779707910027355,31.193,velocity_sine,0,1,,0.0,0.0,-0.008999999612569809,0,1
7.187605576997157,31.203,velocity_sine,1,2,103.8603515625,103.87164306640625,0.37808364629745483,0.12265647202730179,1,1
7.187605576997157,31.203,velocity_sine,1,1,9.990156393500826,-129.36712646484375,4.939592361450195,-0.1225758045911789,2,1
7.187605576997157,31.203,velocity_sine,0,4,,0.0,-0.0,-0.017999999225139618,0,1
7.187605576997157,31.203,velocity_sine,0,1,,0.0,0.0,0.05700000002980232,0,1
7.197262414032593,31.213,velocity_sine,1,2,103.8603515625,103.87448120117188,-5.073736190795898,-0.017083968967199326,1,1
7.197262414032593,31.213,velocity_sine,1,1,9.967374803754375,-129.34515380859375,0.6556981205940247,-0.11340026557445526,2,1
7.197262414032593,31.213,velocity_sine,0,4,,0.0,-0.0,0.006000000052154064,0,1
7.197262414032593,31.213,velocity_sine,0,1,,0.0,0.0,-0.0020000000949949026,0,1
7.207969703013077,31.223,velocity_sine,1,2,103.8603515625,103.88018798828125,1.2656080722808838,0.07125365734100342,1,1
7.207969703013077,31.223,velocity_sine,1,1,9.967374803754375,-129.34515380859375,0.04371320828795433,-0.1051255464553833,2,1
7.207969703013077,31.223,velocity_sine,0,4,,0.0,-0.0,-0.017999999225139618,0,1
7.207969703013077,31.223,velocity_sine,0,1,,0.0,0.0,-0.008999999612569809,0,1
7.2174687220249325,31.233,velocity_sine,1,2,103.8603515625,103.96157836914062,-0.2692733705043793,0.14884178340435028,1,1
7.2174687220249325,31.233,velocity_sine,1,1,9.931127668732895,-129.34515380859375,0.04371320828795433,-0.09893324971199036,2,1
7.2174687220249325,31.233,velocity_sine,0,4,,0.0,-0.0,0.054999999701976776,0,1
7.2174687220249325,31.233,velocity_sine,0,1,,0.0,0.0,-0.0020000000949949026,0,1
7.227351495996118,31.243,velocity_sine,1,2,103.8603515625,103.93960571289062,-4.423776626586914,0.10774174332618713,1,1
7.227351495996118,31.243,velocity_sine,1,1,9.881412946992045,-129.32318115234375,4.939592361450195,-0.08832307159900665,2,1
7.227351495996118,31.243,velocity_sine,0,4,,0.0,-0.0,-0.017999999225139618,0,1
7.227351495996118,31.243,velocity_sine,0,1,,0.0,0.0,-0.008999999612569809,0,1
7.237602434004657,31.253,velocity_sine,1,2,103.8603515625,103.91763305664062,-4.269906044006348,-0.06595879793167114,1,1
7.237602434004657,31.253,velocity_sine,1,1,9.815628416284687,-129.32318115234375,0.04371320828795433,-0.07658358663320541,2,1
7.237602434004657,31.253,velocity_sine,0,4,,0.0,-0.0,-0.017999999225139618,0,1
7.237602434004657,31.253,velocity_sine,0,1,,0.0,0.0,-0.008999999612569809,0,1
7.247785765037406,31.263,velocity_sine,1,2,103.8603515625,103.93960571289062,-0.8847553133964539,-0.1625339835882187,1,1
7.247785765037406,31.263,velocity_sine,1,1,9.747646031824761,-129.30120849609375,4.852166175842285,-0.06760334223508835,2,1
7.247785765037406,31.263,velocity_sine,0,4,,0.0,-0.0,-0.20100000500679016,0,1
7.247785765037406,31.263,velocity_sine,0,1,,0.0,0.0,-0.07699999958276749,0,1
7.25774710602127,31.273,velocity_sine,1,2,103.8603515625,103.87448120117188,-1.195616602897644,-0.32076776027679443,1,1
7.25774710602127,31.273,velocity_sine,1,1,9.671406423952545,-129.27923583984375,4.939592361450195,-0.06257659941911697,2,1
7.25774710602127,31.273,velocity_sine,0,4,,0.0,-0.0,-0.017999999225139618,0,1
7.25774710602127,31.273,velocity_sine,0,1,,0.0,0.0,-0.008999999612569809,0,1
7.268125616014004,31.283,velocity_sine,1,2,103.8603515625,103.865966796875,-2.3202688694000244,-0.1650896519422531,1,1
7.268125616014004,31.283,velocity_sine,1,1,9.568181319185117,-129.27923583984375,9.83569049835205,-0.058562856167554855,2,1
7.268125616014004,31.283,velocity_sine,0,4,,0.0,-0.0,0.03200000151991844,0,1
7.268125616014004,31.283,velocity_sine,0,1,,0.0,0.0,-0.008999999612569809,0,1
7.277927396004088,31.293,velocity_sine,1,2,103.8603515625,103.8603515625,6.934030532836914,0.09117239713668823,1,1
7.277927396004088,31.293,velocity_sine,1,1,9.468706722365056,-129.27923583984375,0.04371320828795433,-0.052614424377679825,2,1
7.277927396004088,31.293,velocity_sine,0,4,,0.0,-0.0,0.006000000052154064,0,1
7.277927396004088,31.293,velocity_sine,0,1,,0.0,0.0,-0.008999999612569809,0,1
7.287826940999366,31.303,velocity_sine,1,2,103.8603515625,103.84896850585938,-1.5290248394012451,0.029385022819042206,1,1
7.287826940999366,31.303,velocity_sine,1,1,9.339456811120545,-129.25732421875,0.04371320828795433,-0.04887884482741356,2,1
7.287826940999366,31.303,velocity_sine,0,4,,0.0,-0.0,0.006000000052154064,0,1
7.287826940999366,31.303,velocity_sine,0,1,,0.0,0.0,-0.008999999612569809,0,1
7.297443532035686,31.313,velocity_sine,1,2,103.8603515625,103.851806640625,-1.0084599256515503,-0.030608568340539932,1,1
7.297443532035686,31.313,velocity_sine,1,1,9.339456811120545,-129.25732421875,4.852166175842285,-0.03879888728260994,2,1
7.297443532035686,31.313,velocity_sine,0,4,,0.0,-0.0,0.03200000151991844,0,1
7.297443532035686,31.313,velocity_sine,0,1,,0.0,0.0,-0.008999999612569809,0,1
7.3079002990270965,31.323,velocity_sine,1,2,103.8603515625,103.851806640625,-5.731072425842285,0.06174721196293831,1,1
7.3079002990270965,31.323,velocity_sine,1,1,9.215901229779721,-129.21337890625,1.2676830291748047,-0.02766064740717411,2,1
7.3079002990270965,31.323,velocity_sine,0,4,,0.0,-0.0,0.006000000052154064,0,1
7.3079002990270965,31.323,velocity_sine,0,1,,0.0,0.0,-0.008999999612569809,0,1
7.317812588007655,31.333,velocity_sine,1,2,103.8603515625,103.84051513671875,-2.036461114883423,0.023326385766267776,1,1
7.317812588007655,31.333,velocity_sine,1,1,9.08344838235893,-129.1693115234375,8.69914722442627,-0.03232286125421524,2,1
7.317812588007655,31.333,velocity_sine,0,4,,0.0,-0.0,-0.017999999225139618,0,1
7.317812588007655,31.333,velocity_sine,0,1,,0.0,0.0,-0.01600000075995922,0,1
7.3275959939928725,31.343,velocity_sine,1,2,103.8603515625,103.93960571289062,-1.6541078090667725,0.06425909698009491,1,1
7.3275959939928725,31.343,velocity_sine,1,1,8.916570421471832,-129.08148193359375,8.87399959564209,-0.047282781451940536,2,1
7.3275959939928725,31.343,velocity_sine,0,4,,0.0,-0.0,0.006000000052154064,0,1
7.3275959939928725,31.343,velocity_sine,0,1,,0.0,0.0,-0.008999999612569809,0,1
7.337592251016758,31.353,velocity_sine,1,2,103.8603515625,103.8603515625,1.0289057493209839,0.10878334939479828,1,1
7.337592251016758,31.353,velocity_sine,1,1,8.740803110762872,-129.03753662109375,0.04371320828795433,-0.0818323940038681,2,1
7.337592251016758,31.353,velocity_sine,0,4,,0.0,-0.0,-0.017999999225139618,0,1
7.337592251016758,31.353,velocity_sine,0,1,,0.0,0.0,-0.008999999612569809,0,1
7.3482579630217515,31.363,velocity_sine,1,2,103.8603515625,103.88302612304688,-0.008105619810521603,-0.31153351068496704,1,1
7.3482579630217515,31.363,velocity_sine,1,1,8.58374748372247,-129.10345458984375,-13.595245361328125,-0.12710072100162506,2,1
7.3482579630217515,31.363,velocity_sine,0,4,,0.0,-0.0,0.03200000151991844,0,1
7.3482579630217515,31.363,velocity_sine,0,1,,0.0,0.0,-0.008999999612569809,0,1
7.3574835960171185,31.373,velocity_sine,1,2,103.8603515625,103.87734985351562,-3.3753342628479004,-0.1654777228832245,1,1
7.3574835960171185,31.373,velocity_sine,1,1,8.403847606968466,-129.21337890625,-4.852166175842285,-0.11706505715847015,2,1
7.3574835960171185,31.373,velocity_sine,0,4,,0.0,-0.0,-0.017999999225139618,0,1
7.3574835960171185,31.373,velocity_sine,0,1,,0.0,0.0,-0.008999999612569809,0,1
7.368227934988681,31.383,velocity_sine,1,2,103.8603515625,103.88302612304688,3.3074004650115967,0.13675786554813385,1,1
7.368227934988681,31.383,velocity_sine,1,1,8.210289204919071,-129.1473388671875,10.447675704956055,-0.052455317229032516,2,1
7.368227934988681,31.383,velocity_sine,0,4,,0.0,-0.0,0.03200000151991844,0,1
7.368227934988681,31.383,velocity_sine,0,1,,0.0,0.0,-0.008999999612569809,0,1
7.377981615019962,31.393,velocity_sine,1,2,103.8603515625,103.87734985351562,-9.088898658752441,0.1375586837530136,1,1
7.377981615019962,31.393,velocity_sine,1,1,8.010366455364634,-128.94964599609375,26.09722328186035,-0.004984765779227018,2,1
7.377981615019962,31.393,velocity_sine,0,4,,0.0,-0.0,-0.017999999225139618,0,1
7.377981615019962,31.393,velocity_sine,0,1,,0.0,0.0,-0.008999999612569809,0,1
7.3878848170279525,31.403,velocity_sine,1,2,103.8603515625,103.87734985351562,-7.473268985748291,0.1480027437210083,1,1
7.3878848170279525,31.403,velocity_sine,1,1,7.775849950092023,-128.7957763671875,2.4916529655456543,-0.011734320782124996,2,1
7.3878848170279525,31.403,velocity_sine,0,4,,0.0,-0.0,-0.017999999225139618,0,1
7.3878848170279525,31.403,velocity_sine,0,1,,0.0,0.0,-0.01600000075995922,0,1
7.397397672000807,31.413,velocity_sine,1,2,103.8603515625,103.88018798828125,-8.136225700378418,-0.003001936711370945,1,1
7.397397672000807,31.413,velocity_sine,1,1,7.775849950092023,-128.97161865234375,-29.332000732421875,-0.11905083805322647,2,1
7.397397672000807,31.413,velocity_sine,0,4,,0.0,-0.0,0.006000000052154064,0,1
7.397397672000807,31.413,velocity_sine,0,1,,0.0,0.0,-0.0020000000949949026,0,1
7.407866982044652,31.423000000000002,velocity_sine,1,2,103.8603515625,103.87164306640625,-5.420366287231445,0.03392234444618225,1,1
7.407866982044652,31.423000000000002,velocity_sine,1,1,7.566171304585698,-129.25732421875,-19.540241241455078,-0.13829155266284943,2,1
7.407866982044652,31.423000000000002,velocity_sine,0,4,,0.0,-0.0,0.006000000052154064,0,1
7.407866982044652,31.423000000000002,velocity_sine,0,1,,0.0,0.0,-0.07699999958276749,0,1
7.417500415001996,31.433,velocity_sine,1,2,103.8603515625,103.87734985351562,-0.008495047688484192,0.007706014905124903,1,1
7.417500415001996,31.433,velocity_sine,1,1,7.347100681722429,-129.1912841796875,21.113916397094727,-0.10222864151000977,2,1
7.417500415001996,31.433,velocity_sine,0,4,,0.0,-0.0,-0.017999999225139618,0,1
7.417500415001996,31.433,velocity_sine,0,1,,0.0,0.0,-0.008999999612569809,0,1
7.433615051035304,31.449,velocity_sine,1,2,103.8603515625,103.88302612304688,1.0386258363723755,0.19887712597846985,1,1
7.433615051035304,31.449,velocity_sine,1,1,6.837501607419675,-128.55419921875,45.24382781982422,-0.10222864151000977,2,1
7.433615051035304,31.449,velocity_sine,0,4,,0.0,-0.0,0.006000000052154064,0,1
7.433615051035304,31.449,velocity_sine,0,1,,0.0,0.0,-0.008999999612569809,0,1
7.438110696035437,31.453,velocity_sine,1,2,103.8603515625,103.9835205078125,6.270441055297852,0.19887712597846985,1,1
7.438110696035437,31.453,velocity_sine,1,1,6.837501607419675,-128.4002685546875,40.959930419921875,0.17151546478271484,2,1
7.438110696035437,31.453,velocity_sine,0,4,,0.0,-0.0,0.03200000151991844,0,1
7.438110696035437,31.453,velocity_sine,0,1,,0.0,0.0,-0.008999999612569809,0,1
7.448172237025574,31.463,velocity_sine,1,2,103.8603515625,103.96157836914062,0.19233810901641846,0.02429508976638317,1,1
7.448172237025574,31.463,velocity_sine,1,1,6.563009742755766,-128.22454833984375,-19.45281410217285,0.02923981100320816,2,1
7.448172237025574,31.463,velocity_sine,0,4,,0.0,-0.0,0.006000000052154064,0,1
7.448172237025574,31.463,velocity_sine,0,1,,0.0,0.0,-0.008999999612569809,0,1
7.4580562130431645,31.473,velocity_sine,1,2,103.8603515625,103.865966796875,-8.802471160888672,0.04924780875444412,1,1
7.4580562130431645,31.473,velocity_sine,1,1,6.321380123608991,-128.57611083984375,-63.25410461425781,-0.07517531514167786,2,1
7.4580562130431645,31.473,velocity_sine,0,4,,0.0,-0.0,-0.017999999225139618,0,1
7.4580562130431645,31.473,velocity_sine,0,1,,0.0,0.0,-0.008999999612569809,0,1
7.467942984018009,31.483,velocity_sine,1,2,103.8603515625,103.85745239257812,-20.047958374023438,-0.11240637302398682,1,1
7.467942984018009,31.483,velocity_sine,1,1,6.024513205563111,-129.21337890625,-12.283848762512207,-0.23421069979667664,2,1
7.467942984018009,31.483,velocity_sine,0,4,,0.0,-0.0,-0.017999999225139618,0,1
7.467942984018009,31.483,velocity_sine,0,1,,0.0,0.0,0.05700000002980232,0,1
7.477698216040153,31.493,velocity_sine,1,2,103.8603515625,103.8603515625,-9.2724027633667,0.14406514167785645,1,1
7.477698216040153,31.493,velocity_sine,1,1,5.719894287072599,-129.1693115234375,24.436120986938477,-0.19320064783096313,2,1
7.477698216040153,31.493,velocity_sine,0,4,,0.0,-0.0,0.03200000151991844,0,1
7.477698216040153,31.493,velocity_sine,0,1,,0.0,0.0,-0.008999999612569809,0,1
7.48761310998816,31.503,velocity_sine,1,2,103.8603515625,103.86318969726562,-6.8084259033203125,0.26206889748573303,1,1
7.48761310998816,31.503,velocity_sine,1,1,5.719894287072599,-128.57611083984375,54.33639144897461,0.08866092562675476,2,1
7.48761310998816,31.503,velocity_sine,0,4,,0.0,-0.0,0.006000000052154064,0,1
7.48761310998816,31.503,velocity_sine,0,1,,0.0,0.0,-0.008999999612569809,0,1
7.497724095010199,31.513,velocity_sine,1,2,103.8603515625,103.96157836914062,9.886397361755371,0.17859011888504028,1,1
7.497724095010199,31.513,velocity_sine,1,1,5.435457257798295,-128.1806640625,45.24382781982422,0.1607808917760849,2,1
7.497724095010199,31.513,velocity_sine,0,4,,0.0,-0.0,0.006000000052154064,0,1
7.497724095010199,31.513,velocity_sine,0,1,,0.0,0.0,-0.008999999612569809,0,1
7.50791546999244,31.523,velocity_sine,1,2,103.8603515625,103.96157836914062,4.654582500457764,0.03266237676143646,1,1
7.50791546999244,31.523,velocity_sine,1,1,5.1678256696202425,-128.0706787109375,-23.736709594726562,0.03615981340408325,2,1
7.50791546999244,31.523,velocity_sine,0,4,,0.0,-0.0,0.006000000052154064,0,1
7.50791546999244,31.523,velocity_sine,0,1,,0.0,0.0,-0.008999999612569809,0,1
7.51776105404133,31.533,velocity_sine,1,2,103.8603515625,103.96157836914062,10.501879692077637,-0.11576905101537704,1,1
7.51776105404133,31.533,velocity_sine,1,1,4.8898326992165035,-128.51025390625,-68.23741149902344,-0.0864022895693779,2,1
7.51776105404133,31.533,velocity_sine,0,4,,0.0,-0.0,0.006000000052154064,0,1
7.51776105404133,31.533,velocity_sine,0,1,,0.0,0.0,-0.008999999612569809,0,1
7.527893869031686,31.543,velocity_sine,1,2,103.8603515625,103.93960571289062,-1.0386258363723755,0.1052609533071518,1,1
7.527893869031686,31.543,velocity_sine,1,1,4.554834698524025,-129.1253662109375,-9.398340225219727,-0.21768933534622192,2,1
7.527893869031686,31.543,velocity_sine,0,4,,0.0,-0.0,-0.017999999225139618,0,1
7.527893869031686,31.543,velocity_sine,0,1,,0.0,0.0,0.05700000002980232,0,1
7.537784637010191,31.553,velocity_sine,1,2,103.8603515625,103.93960571289062,-9.655373573303223,-0.08564744889736176,1,1
7.537784637010191,31.553,velocity_sine,1,1,4.270643979681009,-129.01556396484375,32.82905578613281,-0.11068882793188095,2,1
7.537784637010191,31.553,velocity_sine,0,4,,0.0,-0.0,-0.017999999225139618,0,1
7.537784637010191,31.553,velocity_sine,0,1,,0.0,0.0,0.05700000002980232,0,1
7.5481437900452875,31.563,velocity_sine,1,2,103.8603515625,103.93960571289062,-3.3466832637786865,-0.11645945906639099,1,1
7.5481437900452875,31.563,velocity_sine,1,1,3.9237971246433463,-128.55419921875,48.91573715209961,0.13238200545310974,2,1
7.5481437900452875,31.563,velocity_sine,0,4,,0.0,-0.0,0.03200000151991844,0,1
7.5481437900452875,31.563,velocity_sine,0,1,,0.0,0.0,-0.008999999612569809,0,1
7.558120561006945,31.573,velocity_sine,1,2,103.8603515625,103.87734985351562,3.289018154144287,0.044154226779937744,1,1
7.558120561006945,31.573,velocity_sine,1,1,3.619276720089699,-128.0706787109375,45.15639877319336,0.15544568002223969,2,1
7.558120561006945,31.573,velocity_sine,0,4,,0.0,-0.0,0.054999999701976776,0,1
7.558120561006945,31.573,velocity_sine,0,1,,0.0,0.0,-0.008999999612569809,0,1
7.568021068000235,31.583,velocity_sine,1,2,103.8603515625,103.86318969726562,1.405447006225586,0.022733736783266068,1,1
7.568021068000235,31.583,velocity_sine,1,1,3.257712577064569,-127.96087646484375,-21.201343536376953,0.07187024503946304,2,1
7.568021068000235,31.583,velocity_sine,0,4,,0.0,-0.0,-0.017999999225139618,0,1
7.568021068000235,31.583,velocity_sine,0,1,,0.0,0.0,-0.008999999612569809,0,1
7.577614334993996,31.593,velocity_sine,1,2,103.8603515625,103.851806640625,-0.7088404893875122,0.27107691764831543,1,1
7.577614334993996,31.593,velocity_sine,1,1,2.9025772262725704,-128.37835693359375,-60.7187385559082,-0.08653846383094788,2,1
7.577614334993996,31.593,velocity_sine,0,4,,0.0,-0.0,0.006000000052154064,0,1
7.577614334993996,31.593,velocity_sine,0,1,,0.0,0.0,-0.008999999612569809,0,1
7.587916449003387,31.603,velocity_sine,1,2,103.8603515625,103.88018798828125,6.131514072418213,0.13649939000606537,1,1
7.587916449003387,31.603,velocity_sine,1,1,2.9025772262725704,-129.08148193359375,-22.687591552734375,-0.16847831010818481,2,1
7.587916449003387,31.603,velocity_sine,0,4,,0.0,-0.0,-0.017999999225139618,0,1
7.587916449003387,31.603,velocity_sine,0,1,,0.0,0.0,-0.008999999612569809,0,1
7.597768956038635,31.613,velocity_sine,1,2,103.8603515625,103.96157836914062,1.9618487358093262,0.05736977979540825,1,1
7.597768956038635,31.613,velocity_sine,1,1,2.5669997375321927,-129.03753662109375,24.086414337158203,-0.20668987929821014,2,1
7.597768956038635,31.613,velocity_sine,0,4,,0.0,-0.0,-0.017999999225139618,0,1
7.597768956038635,31.613,velocity_sine,0,1,,0.0,0.0,0.05700000002980232,0,1
7.607838350988459,31.623,velocity_sine,1,2,103.8603515625,103.96157836914062,-6.039416790008545,0.03862567991018295,1,1
7.607838350988459,31.623,velocity_sine,1,1,2.1971142585956955,-128.62005615234375,44.01985549926758,0.11587512493133545,2,1
7.607838350988459,31.623,velocity_sine,0,4,,0.0,-0.0,-0.017999999225139618,0,1
7.607838350988459,31.623,velocity_sine,0,1,,0.0,0.0,-0.008999999612569809,0,1
7.617672393040266,31.633,velocity_sine,1,2,103.8603515625,103.93960571289062,-4.731517791748047,-0.06353522837162018,1,1
7.617672393040266,31.633,velocity_sine,1,1,1.888975124142331,-128.1146240234375,58.09572982788086,0.1697012186050415,2,1
7.617672393040266,31.633,velocity_sine,0,4,,0.0,-0.0,-0.017999999225139618,0,1
7.617672393040266,31.633,velocity_sine,0,1,,0.0,0.0,-0.0020000000949949026,0,1
7.628187470021658,31.644,velocity_sine,1,2,103.8603515625,103.96157836914062,5.8088297843933105,0.0853576734662056,1,1
7.628187470021658,31.644,velocity_sine,1,1,1.5137657675276546,-127.85101318359375,-17.529434204101562,0.17620344460010529,2,1
7.628187470021658,31.644,velocity_sine,0,4,,0.0,-0.0,-0.017999999225139618,0,1
7.628187470021658,31.644,velocity_sine,0,1,,0.0,0.0,-0.008999999612569809,0,1
7.638067778025288,31.653,velocity_sine,1,2,103.8603515625,103.86318969726562,-5.651144027709961,0.222971573472023,1,1
7.638067778025288,31.653,velocity_sine,1,1,1.1907079943235601,-128.0926513671875,-43.932430267333984,-0.06916160136461258,2,1
7.638067778025288,31.653,velocity_sine,0,4,,0.0,-0.0,-0.017999999225139618,0,1
7.638067778025288,31.653,velocity_sine,0,1,,0.0,0.0,-0.008999999612569809,0,1
7.647927148034796,31.664,velocity_sine,1,2,103.8603515625,103.85745239257812,2.793052911758423,0.11670753359794617,1,1
7.647927148034796,31.664,velocity_sine,1,1,0.8122343226988149,-128.86181640625,-56.17256546020508,-0.05807619169354439,2,1
7.647927148034796,31.664,velocity_sine,0,4,,0.0,-0.0,0.03200000151991844,0,1
7.647927148034796,31.664,velocity_sine,0,1,,0.0,0.0,-0.008999999612569809,0,1
7.658420664025471,31.673000000000002,velocity_sine,1,2,103.8603515625,103.86318969726562,-5.06634521484375,0.10386653989553452,1,1
7.658420664025471,31.673000000000002,velocity_sine,1,1,0.49737384615214497,-129.01556396484375,7.0380449295043945,-0.31027963757514954,2,1
7.658420664025471,31.673000000000002,velocity_sine,0,4,,0.0,-0.0,0.03200000151991844,0,1
7.658420664025471,31.673000000000002,velocity_sine,0,1,,0.0,0.0,-0.008999999612569809,0,1
7.667813162028324,31.683,velocity_sine,1,2,103.8603515625,103.8603515625,-8.53608512878418,-0.06406690180301666,1,1
7.667813162028324,31.683,velocity_sine,1,1,0.1720867267714874,-128.75189208984375,38.424346923828125,0.07890384644269943,2,1
7.667813162028324,31.683,velocity_sine,0,4,,0.0,-0.0,-0.017999999225139618,0,1
7.667813162028324,31.683,velocity_sine,0,1,,0.0,0.0,0.05700000002980232,0,1
7.677779623016249,31.693,velocity_sine,1,2,103.8603515625,103.85745239257812,2.293152332305908,0.29103660583496094,1,1
7.677779623016249,31.693,velocity_sine,1,1,-0.18861289695579206,-128.31243896484375,56.69690704345703,0.21027445793151855,2,1
7.677779623016249,31.693,velocity_sine,0,4,,0.0,-0.0,0.006000000052154064,0,1
7.677779623016249,31.693,velocity_sine,0,1,,0.0,0.0,0.05700000002980232,0,1
7.687832217023242,31.703,velocity_sine,1,2,103.8603515625,103.87164306640625,2.1453802585601807,0.11748787015676498,1,1
7.687832217023242,31.703,velocity_sine,1,1,-0.5082067574526621,-127.78515625,29.769132614135742,0.16990597546100616,2,1
7.687832217023242,31.703,velocity_sine,0,4,,0.0,-0.0,0.006000000052154064,0,1
7.687832217023242,31.703,velocity_sine,0,1,,0.0,0.0,-0.01600000075995922,0,1
7.697882987034973,31.713,velocity_sine,1,2,103.8603515625,103.84896850585938,-5.273882865905762,0.15742215514183044,1,1
7.697882987034973,31.713,velocity_sine,1,1,-0.5082067574526621,-127.80712890625,-24.34869384765625,0.04061933979392052,2,1
7.697882987034973,31.713,velocity_sine,0,4,,0.0,-0.0,0.03200000151991844,0,1
7.697882987034973,31.713,velocity_sine,0,1,,0.0,0.0,0.05000000074505806,0,1
7.707868814992253,31.723,velocity_sine,1,2,103.8603515625,103.93960571289062,0.11540286988019943,-0.16360823810100555,1,1
7.707868814992253,31.723,velocity_sine,1,1,-0.8577940246113752,-128.4002685546875,-70.68534851074219,-0.07083234190940857,2,1
7.707868814992253,31.723,velocity_sine,0,4,,0.0,-0.0,-0.017999999225139618,0,1
7.707868814992253,31.723,velocity_sine,0,1,,0.0,0.0,-0.008999999612569809,0,1
7.717611374042463,31.733,velocity_sine,1,2,103.8603515625,103.93960571289062,-2.5003955364227295,0.08932964503765106,1,1
7.717611374042463,31.733,velocity_sine,1,1,-1.2388490428251617,-128.90576171875,-40.260520935058594,-0.1288207471370697,2,1
7.717611374042463,31.733,velocity_sine,0,4,,0.0,-0.0,-0.017999999225139618,0,1
7.717611374042463,31.733,velocity_sine,0,1,,0.0,0.0,-0.008999999612569809,0,1
7.728407190996222,31.744,velocity_sine,1,2,103.8603515625,103.96157836914062,1.7310431003570557,0.06548871099948883,1,1
7.728407190996222,31.744,velocity_sine,1,1,-1.611656844476099,-128.8177490234375,31.779939651489258,-0.1673443615436554,2,1
7.728407190996222,31.744,velocity_sine,0,4,,0.0,-0.0,-0.017999999225139618,0,1
7.728407190996222,31.744,velocity_sine,0,1,,0.0,0.0,0.05000000074505806,0,1
7.738047126040328,31.753,velocity_sine,1,2,103.8603515625,103.88018798828125,10.957918167114258,0.187560573220253,1,1
7.738047126040328,31.753,velocity_sine,1,1,-1.9454612241221538,-128.5322265625,40.260520935058594,0.16819551587104797,2,1
7.738047126040328,31.753,velocity_sine,0,4,,0.0,-0.0,-0.017999999225139618,0,1
7.738047126040328,31.753,velocity_sine,0,1,,0.0,0.0,-0.01600000075995922,0,1
7.747891617007554,31.763,velocity_sine,1,2,103.8603515625,103.88864135742188,0.5796247124671936,0.1591845154762268,1,1
7.747891617007554,31.763,velocity_sine,1,1,-2.316523286178697,-127.89495849609375,53.19984817504883,0.1587122529745102,2,1
7.747891617007554,31.763,velocity_sine,0,4,,0.0,-0.0,-0.017999999225139618,0,1
7.747891617007554,31.763,velocity_sine,0,1,,0.0,0.0,-0.008999999612569809,0,1
7.757741729030386,31.773,velocity_sine,1,2,103.8603515625,103.88018798828125,0.20886974036693573,0.2724849283695221,1,1
7.757741729030386,31.773,velocity_sine,1,1,-2.677121665661529,-127.7191162109375,0.04371320828795433,0.14297129213809967,2,1
7.757741729030386,31.773,velocity_sine,0,4,,0.0,-0.0,-0.017999999225139618,0,1
7.757741729030386,31.773,velocity_sine,0,1,,0.0,0.0,-0.008999999612569809,0,1
7.767734950990416,31.783,velocity_sine,1,2,103.8603515625,103.89718627929688,-4.959728717803955,0.055058326572179794,1,1
7.767734950990416,31.783,velocity_sine,1,1,-2.677121665661529,-128.0926513671875,-53.63676071166992,-0.0711384192109108,2,1
7.767734950990416,31.783,velocity_sine,0,4,,0.0,-0.0,-0.017999999225139618,0,1
7.767734950990416,31.783,velocity_sine,0,1,,0.0,0.0,-0.008999999612569809,0,1
7.777635087026283,31.793,velocity_sine,1,2,103.8603515625,103.96157836914062,4.423776626586914,0.377634733915329,1,1
7.777635087026283,31.793,velocity_sine,1,1,-3.005206705097093,-128.64202880859375,-70.77277374267578,-0.07281957566738129,2,1
7.777635087026283,31.793,velocity_sine,0,4,,0.0,-0.0,0.006000000052154064,0,1
7.777635087026283,31.793,velocity_sine,0,1,,0.0,0.0,-0.01600000075995922,0,1
7.787784273037687,31.803,velocity_sine,1,2,103.8603515625,103.9835205078125,6.808988094329834,0.27062761783599854,1,1
7.787784273037687,31.803,velocity_sine,1,1,-3.367027594167387,-128.90576171875,14.381864547729492,-0.28811508417129517,2,1
7.787784273037687,31.803,velocity_sine,0,4,,0.0,-0.0,-0.017999999225139618,0,1
7.787784273037687,31.803,velocity_sine,0,1,,0.0,0.0,-0.008999999612569809,0,1
7.797781052009668,31.813,velocity_sine,1,2,103.8603515625,103.96157836914062,-0.5000790953636169,0.11998797208070755,1,1
7.797781052009668,31.813,velocity_sine,1,1,-3.6678821070635257,-128.62005615234375,35.27699661254883,0.09401169419288635,2,1
7.797781052009668,31.813,velocity_sine,0,4,,0.0,-0.0,0.006000000052154064,0,1
7.797781052009668,31.813,velocity_sine,0,1,,0.0,0.0,-0.008999999612569809,0,1
7.8085202110232785,31.824,velocity_sine,1,2,103.8603515625,103.96157836914062,0.11540286988019943,0.09138121455907822,1,1
7.8085202110232785,31.824,velocity_sine,1,1,-4.021466560786941,-128.13671875,57.39631652832031,0.20919910073280334,2,1
7.8085202110232785,31.824,velocity_sine,0,4,,0.0,-0.0,-0.017999999225139618,0,1
7.8085202110232785,31.824,velocity_sine,0,1,,0.0,0.0,-0.0020000000949949026,0,1
7.818019892030861,31.833,velocity_sine,1,2,103.8603515625,103.89154052734375,2.1513309478759766,-0.026621855795383453,1,1
7.818019892030861,31.833,velocity_sine,1,1,-4.327956937739963,-127.7410888671875,34.22787857055664,0.12559391558170319,2,1
7.818019892030861,31.833,velocity_sine,0,4,,0.0,-0.0,-0.017999999225139618,0,1
7.818019892030861,31.833,velocity_sine,0,1,,0.0,0.0,-0.008999999612569809,0,1
7.828003155009355,31.843,velocity_sine,1,2,103.8603515625,103.88302612304688,5.841830730438232,-0.028656361624598503,1,1
7.828003155009355,31.843,velocity_sine,1,1,-4.6604557198973104,-127.80712890625,-29.856557846069336,-0.001832545269280672,2,1
7.828003155009355,31.843,velocity_sine,0,4,,0.0,-0.0,-0.017999999225139618,0,1
7.828003155009355,31.843,velocity_sine,0,1,,0.0,0.0,-0.008999999612569809,0,1
7.837866912013851,31.853,velocity_sine,1,2,103.8603515625,103.87734985351562,-0.030348023399710655,-0.02248469740152359,1,1
7.837866912013851,31.853,velocity_sine,1,1,-4.992955037692945,-128.33441162109375,-76.01836395263672,-0.08610091358423233,2,1
7.837866912013851,31.853,velocity_sine,0,4,,0.0,-0.0,0.006000000052154064,0,1
7.837866912013851,31.853,velocity_sine,0,1,,0.0,0.0,-0.008999999612569809,0,1
7.847844114003237,31.863,velocity_sine,1,2,103.8603515625,103.89154052734375,-5.427401065826416,0.060325756669044495,1,1
7.847844114003237,31.863,velocity_sine,1,1,-4.992955037692945,-128.92767333984375,-26.184648513793945,-0.24149438738822937,2,1
7.847844114003237,31.863,velocity_sine,0,4,,0.0,-0.0,0.03200000151991844,0,1
7.847844114003237,31.863,velocity_sine,0,1,,0.0,0.0,-0.0020000000949949026,0,1
7.8579229970346205,31.873,velocity_sine,1,2,103.8603515625,103.9835205078125,-2.192654609680176,0.13824999332427979,1,1
7.8579229970346205,31.873,velocity_sine,1,1,-5.2861788635561275,-128.8837890625,24.086414337158203,-0.1788926124572754,2,1
7.8579229970346205,31.873,velocity_sine,0,4,,0.0,-0.0,-0.017999999225139618,0,1
7.8579229970346205,31.873,velocity_sine,0,1,,0.0,0.0,-0.008999999612569809,0,1
7.867689772043377,31.883,velocity_sine,1,2,103.8603515625,103.9835205078125,8.270757675170898,0.22419728338718414,1,1
7.867689772043377,31.883,velocity_sine,1,1,-5.552389932288223,-128.4661865234375,39.298828125,0.1601884365081787,2,1
7.867689772043377,31.883,velocity_sine,0,4,,0.0,-0.0,-0.017999999225139618,0,1
7.867689772043377,31.883,velocity_sine,0,1,,0.0,0.0,0.05700000002980232,0,1
7.877762734016869,31.893,velocity_sine,1,2,103.8603515625,103.93960571289062,5.4241533279418945,0.004876602441072464,1,1
7.877762734016869,31.893,velocity_sine,1,1,-5.861082330729177,-128.0487060546875,59.58197784423828,0.15344496071338654,2,1
7.877762734016869,31.893,velocity_sine,0,4,,0.0,-0.0,-0.017999999225139618,0,1
7.877762734016869,31.893,velocity_sine,0,1,,0.0,0.0,-0.0020000000949949026,0,1
7.887820508040022,31.903,velocity_sine,1,2,103.8603515625,103.91763305664062,-3.500553607940674,0.10403332859277725,1,1
7.887820508040022,31.903,velocity_sine,1,1,-6.115486669059323,-127.6971435546875,-14.294655799865723,0.09534129500389099,2,1
7.887820508040022,31.903,velocity_sine,0,4,,0.0,-0.0,0.054999999701976776,0,1
7.887820508040022,31.903,velocity_sine,0,1,,0.0,0.0,-0.008999999612569809,0,1
7.897878221992869,31.913,velocity_sine,1,2,103.8603515625,103.93960571289062,0.5000790953636169,-0.045769184827804565,1,1
7.897878221992869,31.913,velocity_sine,1,1,-6.37002444268468,-128.0706787109375,-56.69712448120117,-0.06876379996538162,2,1
7.897878221992869,31.913,velocity_sine,0,4,,0.0,-0.0,0.006000000052154064,0,1
7.897878221992869,31.913,velocity_sine,0,1,,0.0,0.0,-0.008999999612569809,0,1
7.908082772046328,31.923000000000002,velocity_sine,1,2,103.8603515625,103.93960571289062,1.5002373456954956,0.21700936555862427,1,1
7.908082772046328,31.923000000000002,velocity_sine,1,1,-6.657886269517277,-128.7738037109375,-58.88278579711914,-0.10125788301229477,2,1
7.908082772046328,31.923000000000002,velocity_sine,0,4,,0.0,-0.0,0.23800000548362732,0,1
7.908082772046328,31.923000000000002,velocity_sine,0,1,,0.0,0.0,-0.008999999612569809,0,1
7.917886186041869,31.933,velocity_sine,1,2,103.8603515625,103.86318969726562,3.7957844734191895,0.06575079262256622,1,1
7.917886186041869,31.933,velocity_sine,1,1,-6.890635265234169,-128.94964599609375,4.939592361450195,-0.3618048429489136,2,1
7.917886186041869,31.933,velocity_sine,0,4,,0.0,-0.0,0.03200000151991844,0,1
7.917886186041869,31.933,velocity_sine,0,1,,0.0,0.0,-0.008999999612569809,0,1
7.928244236041792,31.943,velocity_sine,1,2,103.8603515625,103.85467529296875,-2.3720703125,0.19326695799827576,1,1
7.928244236041792,31.943,velocity_sine,1,1,-7.164013256582846,-128.7738037109375,30.03141212463379,-0.02620827965438366,2,1
7.928244236041792,31.943,velocity_sine,0,4,,0.0,-0.0,-0.017999999225139618,0,1
7.928244236041792,31.943,velocity_sine,0,1,,0.0,0.0,-0.008999999612569809,0,1
7.937887578038499,31.953,velocity_sine,1,2,103.8603515625,103.85745239257812,0.1861974596977234,0.25161680579185486,1,1
7.937887578038499,31.953,velocity_sine,1,1,-7.389523404188417,-128.4002685546875,48.303749084472656,0.20837050676345825,2,1
7.937887578038499,31.953,velocity_sine,0,4,,0.0,-0.0,0.006000000052154064,0,1
7.937887578038499,31.953,velocity_sine,0,1,,0.0,0.0,-0.008999999612569809,0,1
7.9481742340140045,31.963,velocity_sine,1,2,103.8603515625,103.87448120117188,9.797492980957031,-0.020917901769280434,1,1
7.9481742340140045,31.963,velocity_sine,1,1,-7.640232579587178,-127.78515625,40.08566665649414,0.09797222912311554,2,1
7.9481742340140045,31.963,velocity_sine,0,4,,0.0,-0.0,0.006000000052154064,0,1
7.9481742340140045,31.963,velocity_sine,0,1,,0.0,0.0,-0.008999999612569809,0,1
7.958199987013359,31.973,velocity_sine,1,2,103.8603515625,103.96157836914062,-5.0392584800720215,0.13975341618061066,1,1
7.958199987013359,31.973,velocity_sine,1,1,-7.8398607791830255,-127.7410888671875,-25.13553237915039,-0.004928475711494684,2,1
7.958199987013359,31.973,velocity_sine,0,4,,0.0,-0.0,0.054999999701976776,0,1
7.958199987013359,31.973,velocity_sine,0,1,,0.0,0.0,0.05000000074505806,0,1
7.967814905045088,31.983,velocity_sine,1,2,103.8603515625,103.96157836914062,6.655117511749268,0.14264068007469177,1,1
7.967814905045088,31.983,velocity_sine,1,1,-7.8398607791830255,-128.35638427734375,-68.49968719482422,-0.07341936975717545,2,1
7.967814905045088,31.983,velocity_sine,0,4,,0.0,-0.0,-0.017999999225139618,0,1
7.967814905045088,31.983,velocity_sine,0,1,,0.0,0.0,-0.008999999612569809,0,1
7.977675375994295,31.993,velocity_sine,1,2,103.8603515625,103.96157836914062,-2.808136463165283,0.13782280683517456,1,1
7.977675375994295,31.993,velocity_sine,1,1,-8.038800070046419,-128.92767333984375,-29.41942596435547,-0.23311246931552887,2,1
7.977675375994295,31.993,velocity_sine,0,4,,0.0,-0.0,0.054999999701976776,0,1
7.977675375994295,31.993,velocity_sine,0,1,,0.0,0.0,0.05700000002980232,0,1
7.987849850032944,32.003,velocity_sine,1,2,103.8603515625,103.96157836914062,5.654959201812744,0.047728732228279114,1,1
7.987849850032944,32.003,velocity_sine,1,1,-8.258197031165421,-128.8837890625,24.086414337158203,-0.35044217109680176,2,1
7.987849850032944,32.003,velocity_sine,0,4,,0.0,-0.0,0.03200000151991844,0,1
7.987849850032944,32.003,velocity_sine,0,1,,0.0,0.0,0.05000000074505806,0,1
7.997687147988472,32.013,velocity_sine,1,2,103.8603515625,103.96157836914062,4.346841335296631,-0.02694954164326191,1,1
7.997687147988472,32.013,velocity_sine,1,1,-8.436489906351202,-128.5322265625,35.189571380615234,0.1268647015094757,2,1
7.997687147988472,32.013,velocity_sine,0,4,,0.0,-0.0,0.054999999701976776,0,1
7.997687147988472,32.013,velocity_sine,0,1,,0.0,0.0,-0.008999999612569809,0,1
8.008180914039258,32.023,velocity_sine,1,2,103.8603515625,103.9835205078125,12.963808059692383,0.10094856470823288,1,1
8.008180914039258,32.023,velocity_sine,1,1,-8.634308696149608,-128.1146240234375,44.10728454589844,0.15910853445529938,2,1
8.008180914039258,32.023,velocity_sine,0,4,,0.0,-0.0,0.03200000151991844,0,1
8.008180914039258,32.023,velocity_sine,0,1,,0.0,0.0,-0.008999999612569809,0,1
8.017950023000594,32.033,velocity_sine,1,2,103.8603515625,103.88864135742188,0.2824386656284332,0.341037392616272,1,1
8.017950023000594,32.033,velocity_sine,1,1,-8.794428710645958,-127.91693115234375,0.6556981205940247,-0.0017399813514202833,2,1
8.017950023000594,32.033,velocity_sine,0,4,,0.0,-0.0,-0.017999999225139618,0,1
8.017950023000594,32.033,velocity_sine,0,1,,0.0,0.0,0.06400000303983688,0,1
8.027807950042188,32.043,velocity_sine,1,2,103.8603515625,103.89154052734375,13.061639785766602,0.13516369462013245,1,1
8.027807950042188,32.043,velocity_sine,1,1,-8.966495687675081,-128.31243896484375,-58.533077239990234,-0.08331053704023361,2,1
8.027807950042188,32.043,velocity_sine,0,4,,0.0,-0.0,0.23800000548362732,0,1
8.027807950042188,32.043,velocity_sine,0,1,,0.0,0.0,-0.008999999612569809,0,1
8.037692486017477,32.053,velocity_sine,1,2,103.8603515625,103.89718627929688,1.6203453540802002,-0.13562549650669098,1,1
8.037692486017477,32.053,velocity_sine,1,1,-9.127667671602302,-128.8837890625,-59.49477005004883,-0.1466200053691864,2,1
8.037692486017477,32.053,velocity_sine,0,4,,0.0,-0.0,0.054999999701976776,0,1
8.037692486017477,32.053,velocity_sine,0,1,,0.0,0.0,-0.008999999612569809,0,1
8.047851821989752,32.063,velocity_sine,1,2,103.8603515625,103.89718627929688,0.05785859003663063,-0.03828130662441254,1,1
8.047851821989752,32.063,velocity_sine,1,1,-9.127667671602302,-129.01556396484375,9.573410987854004,-0.4401594400405884,2,1
8.047851821989752,32.063,velocity_sine,0,4,,0.0,-0.0,-0.017999999225139618,0,1
8.047851821989752,32.063,velocity_sine,0,1,,0.0,0.0,-0.01600000075995922,0,1
8.057787425001152,32.073,velocity_sine,1,2,103.8603515625,103.9835205078125,4.269906044006348,0.14608824253082275,1,1
8.057787425001152,32.073,velocity_sine,1,1,-9.265855329235784,-128.70794677734375,39.38625717163086,0.004458242561668158,2,1
8.057787425001152,32.073,velocity_sine,0,4,,0.0,-0.0,0.006000000052154064,0,1
8.057787425001152,32.073,velocity_sine,0,1,,0.0,0.0,-0.008999999612569809,0,1
8.06806115602376,32.084,velocity_sine,1,2,103.8603515625,103.96157836914062,-1.1924962997436523,0.1447605937719345,1,1
8.06806115602376,32.084,velocity_sine,1,1,-9.402889605720961,-128.35638427734375,34.22787857055664,0.1555527150630951,2,1
8.06806115602376,32.084,velocity_sine,0,4,,0.0,-0.0,0.006000000052154064,0,1
8.06806115602376,32.084,velocity_sine,0,1,,0.0,0.0,-0.008999999612569809,0,1
8.0777589600184,32.093,velocity_sine,1,2,103.8603515625,103.93960571289062,1.1924962997436523,-0.0011538062244653702,1,1
8.0777589600184,32.093,velocity_sine,1,1,-9.507838614251863,-128.1806640625,-4.240180969238281,0.01353361364454031,2,1
8.0777589600184,32.093,velocity_sine,0,4,,0.0,-0.0,-0.06599999964237213,0,1
8.0777589600184,32.093,velocity_sine,0,1,,0.0,0.0,0.05000000074505806,0,1
8.088080292043742,32.103,velocity_sine,1,2,103.8603515625,103.87164306640625,-2.9427859783172607,-0.02588556706905365,1,1
8.088080292043742,32.103,velocity_sine,1,1,-9.61642789862331,-128.59808349609375,-71.384765625,-0.09000759571790695,2,1
8.088080292043742,32.103,velocity_sine,0,4,,0.0,-0.0,0.054999999701976776,0,1
8.088080292043742,32.103,velocity_sine,0,1,,0.0,0.0,0.05700000002980232,0,1
8.097997520002536,32.113,velocity_sine,1,2,103.8603515625,103.865966796875,3.8053674697875977,0.18859422206878662,1,1
8.097997520002536,32.113,velocity_sine,1,1,-9.700994518614369,-129.01556396484375,-22.7750186920166,-0.31296980381011963,2,1
8.097997520002536,32.113,velocity_sine,0,4,,0.0,-0.0,-0.017999999225139618,0,1
8.097997520002536,32.113,velocity_sine,0,1,,0.0,0.0,-0.008999999612569809,0,1
8.108059121004771,32.123,velocity_sine,1,2,103.8603515625,103.86318969726562,-1.0339490175247192,0.20609405636787415,1,1
8.108059121004771,32.123,velocity_sine,1,1,-9.786133091876296,-128.99359130859375,12.021350860595703,-0.3884022533893585,2,1
8.108059121004771,32.123,velocity_sine,0,4,,0.0,-0.0,0.006000000052154064,0,1
8.108059121004771,32.123,velocity_sine,0,1,,0.0,0.0,0.05700000002980232,0,1
8.117789958021604,32.133,velocity_sine,1,2,103.8603515625,103.88018798828125,2.304732084274292,-0.0315229631960392,1,1
8.117789958021604,32.133,velocity_sine,1,1,-9.858069491522329,-128.7957763671875,29.506853103637695,-0.02455451339483261,2,1
8.117789958021604,32.133,velocity_sine,0,4,,0.0,-0.0,0.006000000052154064,0,1
8.117789958021604,32.133,velocity_sine,0,1,,0.0,0.0,-0.008999999612569809,0,1
8.127852790988982,32.143,velocity_sine,1,2,103.8603515625,103.87734985351562,4.172755241394043,0.22220318019390106,1,1
8.127852790988982,32.143,velocity_sine,1,1,-9.858069491522329,-128.62005615234375,2.753932237625122,0.09354127198457718,2,1
8.127852790988982,32.143,velocity_sine,0,4,,0.0,-0.0,0.006000000052154064,0,1
8.127852790988982,32.143,velocity_sine,0,1,,0.0,0.0,-0.008999999612569809,0,1
8.137695669021923,32.153,velocity_sine,1,2,103.8603515625,103.93960571289062,-2.731201171875,0.20054665207862854,1,1
8.137695669021923,32.153,velocity_sine,1,1,-9.91004062354375,-128.75189208984375,-17.616859436035156,-0.023566918447613716,2,1
8.137695669021923,32.153,velocity_sine,0,4,,0.0,-0.0,0.006000000052154064,0,1
8.137695669021923,32.153,velocity_sine,0,1,,0.0,0.0,-0.008999999612569809,0,1
8.147882516030222,32.163,velocity_sine,1,2,103.8603515625,103.93960571289062,-0.9616906046867371,0.09567815810441971,1,1
8.147882516030222,32.163,velocity_sine,1,1,-9.953839072519012,-128.7957763671875,0.04371320828795433,-0.2709413468837738,2,1
8.147882516030222,32.163,velocity_sine,0,4,,0.0,-0.0,-0.017999999225139618,0,1
8.147882516030222,32.163,velocity_sine,0,1,,0.0,0.0,-0.008999999612569809,0,1
8.157738629030064,32.173,velocity_sine,1,2,103.8603515625,103.93960571289062,2.9620070457458496,0.06761393696069717,1,1
8.157738629030064,32.173,velocity_sine,1,1,-9.979472367360426,-128.7957763671875,0.04371320828795433,-0.2666850686073303,2,1
8.157738629030064,32.173,velocity_sine,0,4,,0.0,-0.0,0.03200000151991844,0,1
8.157738629030064,32.173,velocity_sine,0,1,,0.0,0.0,-0.008999999612569809,0,1
8.168086780991871,32.183,velocity_sine,1,2,103.8603515625,103.96157836914062,6.808988094329834,0.06376080214977264,1,1
8.168086780991871,32.183,velocity_sine,1,1,-9.996480345418941,-128.7957763671875,0.04371320828795433,-0.2686133086681366,2,1
8.168086780991871,32.183,velocity_sine,0,4,,0.0,-0.0,-0.017999999225139618,0,1
8.168086780991871,32.183,velocity_sine,0,1,,0.0,0.0,-0.008999999612569809,0,1
8.17805062799016,32.193,velocity_sine,1,2,103.8603515625,103.89431762695312,4.484462261199951,-0.019274139776825905,1,1
8.17805062799016,32.193,velocity_sine,1,1,-9.999807926290705,-128.7957763671875,0.04371320828795433,-0.27752286195755005,2,1
8.17805062799016,32.193,velocity_sine,0,4,,0.0,-0.0,0.006000000052154064,0,1
8.17805062799016,32.193,velocity_sine,0,1,,0.0,0.0,-0.008999999612569809,0,1
8.188309541030321,32.204,velocity_sine,1,2,103.8603515625,103.9835205078125,10.424944877624512,0.08551865816116333,1,1
8.188309541030321,32.204,velocity_sine,1,1,-9.992704476862567,-128.7957763671875,0.04371320828795433,-0.2910200357437134,2,1
8.188309541030321,32.204,velocity_sine,0,4,,0.0,-0.0,0.006000000052154064,0,1
8.188309541030321,32.204,velocity_sine,0,1,,0.0,0.0,-0.07699999958276749,0,1
8.198075404041447,32.213,velocity_sine,1,2,103.8603515625,103.90847778320312,-6.197470664978027,-0.09170133620500565,1,1
8.198075404041447,32.213,velocity_sine,1,1,-9.9708675598637,-128.7957763671875,-4.852166175842285,-0.3128279447555542,2,1
8.198075404041447,32.213,velocity_sine,0,4,,0.0,-0.0,-0.017999999225139618,0,1
8.198075404041447,32.213,velocity_sine,0,1,,0.0,0.0,-0.0020000000949949026,0,1
8.207861024013255,32.223,velocity_sine,1,2,103.8603515625,103.89718627929688,-1.2917240858078003,-0.04725385084748268,1,1
8.207861024013255,32.223,velocity_sine,1,1,-9.934684889337367,-128.8177490234375,0.04371320828795433,-0.3280240297317505,2,1
8.207861024013255,32.223,velocity_sine,0,4,,0.0,-0.0,-0.017999999225139618,0,1
8.207861024013255,32.223,velocity_sine,0,1,,0.0,0.0,-0.008999999612569809,0,1
8.217695526021998,32.233,velocity_sine,1,2,103.8603515625,103.88302612304688,-4.877195835113525,-0.2038089632987976,1,1
8.217695526021998,32.233,velocity_sine,1,1,-9.934684889337367,-128.8177490234375,-3.6281962394714355,-0.34763461351394653,2,1
8.217695526021998,32.233,velocity_sine,0,4,,0.0,-0.0,-0.017999999225139618,0,1
8.217695526021998,32.233,velocity_sine,0,1,,0.0,0.0,-0.008999999612569809,0,1
8.227746657037642,32.243,velocity_sine,1,2,103.8603515625,103.96157836914062,-5.346999645233154,-0.0005503399297595024,1,1
8.227746657037642,32.243,velocity_sine,1,1,-9.890654900735125,-128.83984375,0.04371320828795433,-0.36986494064331055,2,1
8.227746657037642,32.243,velocity_sine,0,4,,0.0,-0.0,-0.017999999225139618,0,1
8.227746657037642,32.243,velocity_sine,0,1,,0.0,0.0,-0.0020000000949949026,0,1
8.23769906203961,32.253,velocity_sine,1,2,103.8603515625,103.96157836914062,-0.03846762329339981,0.15578317642211914,1,1
8.23769906203961,32.253,velocity_sine,1,1,-9.839166987934055,-128.83984375,0.04371320828795433,-0.38982319831848145,2,1
8.23769906203961,32.253,velocity_sine,0,4,,0.0,-0.0,-0.017999999225139618,0,1
8.23769906203961,32.253,velocity_sine,0,1,,0.0,0.0,-0.008999999612569809,0,1
8.247761244012509,32.263,velocity_sine,1,2,103.8603515625,103.96157836914062,-11.809779167175293,-0.1329098790884018,1,1
8.247761244012509,32.263,velocity_sine,1,1,-9.76336632424015,-128.86181640625,0.04371320828795433,-0.40286749601364136,2,1
8.247761244012509,32.263,velocity_sine,0,4,,0.0,-0.0,-0.017999999225139618,0,1
8.247761244012509,32.263,velocity_sine,0,1,,0.0,0.0,-0.008999999612569809,0,1
8.257805713044945,32.273,velocity_sine,1,2,103.8603515625,103.96157836914062,3.88523006439209,-0.09495127201080322,1,1
8.257805713044945,32.273,velocity_sine,1,1,-9.689960229068662,-128.86181640625,0.04371320828795433,-0.4181743562221527,2,1
8.257805713044945,32.273,velocity_sine,0,4,,0.0,-0.0,0.006000000052154064,0,1
8.257805713044945,32.273,velocity_sine,0,1,,0.0,0.0,-0.008999999612569809,0,1
8.268030702020042,32.283,velocity_sine,1,2,103.8603515625,103.96157836914062,2.1157193183898926,-0.06002092733979225,1,1
8.268030702020042,32.283,velocity_sine,1,1,-9.588621125409674,-128.86181640625,-2.404226541519165,-0.43369704484939575,2,1
8.268030702020042,32.283,velocity_sine,0,4,,0.0,-0.0,0.054999999701976776,0,1
8.268030702020042,32.283,velocity_sine,0,1,,0.0,0.0,-0.008999999612569809,0,1
8.278035446011927,32.293,velocity_sine,1,2,103.8603515625,103.85745239257812,-3.4192440509796143,0.31470808386802673,1,1
8.278035446011927,32.293,velocity_sine,1,1,-9.491886308341803,-128.8837890625,0.04371320828795433,-0.4483658969402313,2,1
8.278035446011927,32.293,velocity_sine,0,4,,0.0,-0.0,-0.017999999225139618,0,1
8.278035446011927,32.293,velocity_sine,0,1,,0.0,0.0,-0.008999999612569809,0,1
8.287842606019694,32.303,velocity_sine,1,2,103.8603515625,103.87734985351562,9.258532524108887,0.25789809226989746,1,1
8.287842606019694,32.303,velocity_sine,1,1,-9.363666487554262,-128.8837890625,-3.6281962394714355,-0.45555439591407776,2,1
8.287842606019694,32.303,velocity_sine,0,4,,0.0,-0.0,0.006000000052154064,0,1
8.287842606019694,32.303,velocity_sine,0,1,,0.0,0.0,-0.008999999612569809,0,1
8.297719018009957,32.313,velocity_sine,1,2,103.8603515625,103.87164306640625,5.535587787628174,0.17578019201755524,1,1
8.297719018009957,32.313,velocity_sine,1,1,-9.225418405959527,-128.90576171875,0.04371320828795433,-0.4747331142425537,2,1
8.297719018009957,32.313,velocity_sine,0,4,,0.0,-0.0,-0.06599999964237213,0,1
8.297719018009957,32.313,velocity_sine,0,1,,0.0,0.0,-0.008999999612569809,0,1
8.307880868029315,32.323,velocity_sine,1,2,103.8603515625,103.86318969726562,-10.41555118560791,0.28630298376083374,1,1
8.307880868029315,32.323,velocity_sine,1,1,-9.225418405959527,-128.90576171875,0.04371320828795433,-0.4899435341358185,2,1
8.307880868029315,32.323,velocity_sine,0,4,,0.0,-0.0,-0.017999999225139618,0,1
8.307880868029315,32.323,velocity_sine,0,1,,0.0,0.0,0.05700000002980232,0,1
8.317701644031331,32.333,velocity_sine,1,2,103.8603515625,103.96157836914062,0.11540286988019943,0.16901448369026184,1,1
8.317701644031331,32.333,velocity_sine,1,1,-9.083849219545755,-128.90576171875,-4.852166175842285,-0.5000683069229126,2,1
8.317701644031331,32.333,velocity_sine,0,4,,0.0,-0.0,0.006000000052154064,0,1
8.317701644031331,32.333,velocity_sine,0,1,,0.0,0.0,-0.008999999612569809,0,1
8.327897098031826,32.343,velocity_sine,1,2,103.8603515625,103.96157836914062,-1.1155611276626587,0.11962690204381943,1,1
8.327897098031826,32.343,velocity_sine,1,1,-8.919340999185366,-128.92767333984375,-2.404226541519165,-0.5145940780639648,2,1
8.327897098031826,32.343,velocity_sine,0,4,,0.0,-0.0,0.006000000052154064,0,1
8.327897098031826,32.343,velocity_sine,0,1,,0.0,0.0,-0.008999999612569809,0,1
8.337788928009104,32.353,velocity_sine,1,2,103.8603515625,103.96157836914062,-7.578121662139893,0.13340486586093903,1,1
8.337788928009104,32.353,velocity_sine,1,1,-8.769282272524356,-128.92767333984375,0.04371320828795433,-0.5296294093132019,2,1
8.337788928009104,32.353,velocity_sine,0,4,,0.0,-0.0,-0.017999999225139618,0,1
8.337788928009104,32.353,velocity_sine,0,1,,0.0,0.0,0.05700000002980232,0,1
8.348310047003906,32.364,velocity_sine,1,2,103.8603515625,103.96157836914062,-6.962639808654785,0.1232881173491478,1,1
8.348310047003906,32.364,velocity_sine,1,1,-8.580462512087983,-128.94964599609375,0.04371320828795433,-0.5405686497688293,2,1
8.348310047003906,32.364,velocity_sine,0,4,,0.0,-0.0,-0.017999999225139618,0,1
8.348310047003906,32.364,velocity_sine,0,1,,0.0,0.0,-0.008999999612569809,0,1
8.358031415031292,32.373,velocity_sine,1,2,103.8603515625,103.88018798828125,0.6860584020614624,0.09631000459194183,1,1
8.358031415031292,32.373,velocity_sine,1,1,-8.40505099582538,-128.94964599609375,0.04371320828795433,-0.5457673668861389,2,1
8.358031415031292,32.373,velocity_sine,0,4,,0.0,-0.0,-0.06599999964237213,0,1
8.358031415031292,32.373,velocity_sine,0,1,,0.0,0.0,-0.008999999612569809,0,1
8.368293996027205,32.384,velocity_sine,1,2,103.8603515625,103.87734985351562,1.3500961065292358,0.29970794916152954,1,1
8.368293996027205,32.384,velocity_sine,1,1,-8.199113512813007,-128.94964599609375,0.04371320828795433,-0.5542458295822144,2,1
8.368293996027205,32.384,velocity_sine,0,4,,0.0,-0.0,0.006000000052154064,0,1
8.368293996027205,32.384,velocity_sine,0,1,,0.0,0.0,-0.008999999612569809,0,1
8.377885479014367,32.393,velocity_sine,1,2,103.8603515625,103.88864135742188,-2.9982614517211914,0.15687716007232666,1,1
8.377885479014367,32.393,velocity_sine,1,1,-8.009588117578463,-128.97161865234375,0.04371320828795433,-0.5644099116325378,2,1
8.377885479014367,32.393,velocity_sine,0,4,,0.0,-0.0,-0.017999999225139618,0,1
8.377885479014367,32.393,velocity_sine,0,1,,0.0,0.0,-0.01600000075995922,0,1
8.387726243003272,32.403,velocity_sine,1,2,103.8603515625,103.8858642578125,-0.08820906281471252,0.19565562903881073,1,1
8.387726243003272,32.403,velocity_sine,1,1,-7.780030154251172,-128.97161865234375,0.04371320828795433,-0.5774194002151489,2,1
8.387726243003272,32.403,velocity_sine,0,4,,0.0,-0.0,-0.017999999225139618,0,1
8.387726243003272,32.403,velocity_sine,0,1,,0.0,0.0,-0.008999999612569809,0,1
8.39771995600313,32.413,velocity_sine,1,2,103.8603515625,103.88864135742188,3.409024477005005,0.1549677848815918,1,1
8.39771995600313,32.413,velocity_sine,1,1,-7.780030154251172,-128.99359130859375,0.04371320828795433,-0.5945650339126587,2,1
8.39771995600313,32.413,velocity_sine,0,4,,0.0,-0.0,0.006000000052154064,0,1
8.39771995600313,32.413,velocity_sine,0,1,,0.0,0.0,-0.008999999612569809,0,1
8.407827924995217,32.423,velocity_sine,1,2,103.8603515625,103.96157836914062,0.8078200817108154,0.3249874711036682,1,1
8.407827924995217,32.423,velocity_sine,1,1,-7.560247510366617,-128.99359130859375,0.04371320828795433,-0.606645405292511,2,1
8.407827924995217,32.423,velocity_sine,0,4,,0.0,-0.0,0.23800000548362732,0,1
8.407827924995217,32.423,velocity_sine,0,1,,0.0,0.0,-0.008999999612569809,0,1
8.41768996900646,32.433,velocity_sine,1,2,103.8603515625,103.96157836914062,-8.270539283752441,-0.004080853424966335,1,1
8.41768996900646,32.433,velocity_sine,1,1,-7.348413148569348,-129.01556396484375,0.04371320828795433,-0.6156531572341919,2,1
8.41768996900646,32.433,velocity_sine,0,4,,0.0,-0.0,-0.017999999225139618,0,1
8.41768996900646,32.433,velocity_sine,0,1,,0.0,0.0,-0.19900000095367432,0,1
8.433501974039245,32.449,velocity_sine,1,2,103.8603515625,103.86880493164062,-6.143516540527344,0.15183819830417633,1,1
8.433501974039245,32.449,velocity_sine,1,1,-6.827486479907115,-129.03753662109375,0.04371320828795433,-0.6235078573226929,2,1
8.433501974039245,32.449,velocity_sine,0,4,,0.0,-0.0,-0.017999999225139618,0,1
8.433501974039245,32.449,velocity_sine,0,1,,0.0,0.0,-0.008999999612569809,0,1
8.43743304302916,32.453,velocity_sine,1,2,103.8603515625,103.93960571289062,-7.655056953430176,0.15183819830417633,1,1
8.43743304302916,32.453,velocity_sine,1,1,-6.827486479907115,-129.03753662109375,0.04371320828795433,-0.6235078573226929,2,1
8.43743304302916,32.453,velocity_sine,0,4,,0.0,-0.0,0.03200000151991844,0,1
8.43743304302916,32.453,velocity_sine,0,1,,0.0,0.0,-0.008999999612569809,0,1
8.44794213899877,32.463,velocity_sine,1,2,103.8603515625,103.84613037109375,-5.513400554656982,-0.01190944667905569,1,1
8.44794213899877,32.463,velocity_sine,1,1,-6.579234553842829,-129.03753662109375,0.04371320828795433,-0.6308717727661133,2,1
8.44794213899877,32.463,velocity_sine,0,4,,0.0,-0.0,-0.017999999225139618,0,1
8.44794213899877,32.463,velocity_sine,0,1,,0.0,0.0,-0.008999999612569809,0,1
8.457662035012618,32.473,velocity_sine,1,2,103.8603515625,103.8603515625,6.798985004425049,0.07693856209516525,1,1
8.457662035012618,32.473,velocity_sine,1,1,-6.328704530312391,-129.05950927734375,0.04371320828795433,-0.6351879835128784,2,1
8.457662035012618,32.473,velocity_sine,0,4,,0.0,-0.0,0.006000000052154064,0,1
8.457662035012618,32.473,velocity_sine,0,1,,0.0,0.0,-0.008999999612569809,0,1
8.467948630044702,32.483,velocity_sine,1,2,103.8603515625,103.87448120117188,-1.2520092725753784,-0.2619211971759796,1,1
8.467948630044702,32.483,velocity_sine,1,1,-6.034016766469983,-129.05950927734375,0.04371320828795433,-0.6356222629547119,2,1
8.467948630044702,32.483,velocity_sine,0,4,,0.0,-0.0,-0.017999999225139618,0,1
8.467948630044702,32.483,velocity_sine,0,1,,0.0,0.0,-0.008999999612569809,0,1
8.477639251039363,32.493,velocity_sine,1,2,103.8603515625,103.91763305664062,5.039477348327637,0.15750735998153687,1,1
8.477639251039363,32.493,velocity_sine,1,1,-5.770590013557419,-129.05950927734375,0.04371320828795433,-0.6420353651046753,2,1
8.477639251039363,32.493,velocity_sine,0,4,,0.0,-0.0,-0.017999999225139618,0,1
8.477639251039363,32.493,velocity_sine,0,1,,0.0,0.0,-0.008999999612569809,0,1
8.487587588024326,32.503,velocity_sine,1,2,103.8603515625,103.84896850585938,1.3680435419082642,0.15942418575286865,1,1
8.487587588024326,32.503,velocity_sine,1,1,-5.466581946469995,-129.08148193359375,0.04371320828795433,-0.643680989742279,2,1
8.487587588024326,32.503,velocity_sine,0,4,,0.0,-0.0,-0.017999999225139618,0,1
8.487587588024326,32.503,velocity_sine,0,1,,0.0,0.0,-0.008999999612569809,0,1
8.497274752007797,32.513,velocity_sine,1,2,103.8603515625,103.93960571289062,3.3466832637786865,0.08261660486459732,1,1
8.497274752007797,32.513,velocity_sine,1,1,-5.195607031443757,-129.08148193359375,-2.404226541519165,-0.6494112610816956,2,1
8.497274752007797,32.513,velocity_sine,0,4,,0.0,-0.0,-0.017999999225139618,0,1
8.497274752007797,32.513,velocity_sine,0,1,,0.0,0.0,0.05000000074505806,0,1
8.507864300045185,32.523,velocity_sine,1,2,103.8603515625,103.93960571289062,3.19281268119812,0.1111941933631897,1,1
8.507864300045185,32.523,velocity_sine,1,1,-5.195607031443757,-129.10345458984375,0.04371320828795433,-0.6607821583747864,2,1
8.507864300045185,32.523,velocity_sine,0,4,,0.0,-0.0,-0.017999999225139618,0,1
8.507864300045185,32.523,velocity_sine,0,1,,0.0,0.0,-0.0020000000949949026,0,1
8.517325518012512,32.533,velocity_sine,1,2,103.8603515625,103.93960571289062,-2.8850717544555664,0.11213024705648422,1,1
8.517325518012512,32.533,velocity_sine,1,1,-4.891214068057604,-129.10345458984375,0.04371320828795433,-0.6623452305793762,2,1
8.517325518012512,32.533,velocity_sine,0,4,,0.0,-0.0,0.006000000052154064,0,1
8.517325518012512,32.533,velocity_sine,0,1,,0.0,0.0,-0.008999999612569809,0,1
8.528014212031849,32.543,velocity_sine,1,2,103.8603515625,103.93960571289062,-1.4233020544052124,-0.15619675815105438,1,1
8.528014212031849,32.543,velocity_sine,1,1,-4.570111987836479,-129.10345458984375,0.04371320828795433,-0.6646804213523865,2,1
8.528014212031849,32.543,velocity_sine,0,4,,0.0,-0.0,-0.017999999225139618,0,1
8.528014212031849,32.543,velocity_sine,0,1,,0.0,0.0,-0.008999999612569809,0,1
8.537585908023175,32.553,velocity_sine,1,2,103.8603515625,103.93960571289062,-1.5771725177764893,0.036186665296554565,1,1
8.537585908023175,32.553,velocity_sine,1,1,-4.262692504434988,-129.1253662109375,0.04371320828795433,-0.6683370471000671,2,1
8.537585908023175,32.553,velocity_sine,0,4,,0.0,-0.0,0.054999999701976776,0,1
8.537585908023175,32.553,velocity_sine,0,1,,0.0,0.0,-0.008999999612569809,0,1
8.547974246030208,32.563,velocity_sine,1,2,103.8603515625,103.96157836914062,-2.26958966255188,0.12277210503816605,1,1
8.547974246030208,32.563,velocity_sine,1,1,-3.9253092803353673,-129.1253662109375,-0.21856604516506195,-0.6714776158332825,2,1
8.547974246030208,32.563,velocity_sine,0,4,,0.0,-0.0,-0.017999999225139618,0,1
8.547974246030208,32.563,velocity_sine,0,1,,0.0,0.0,-0.008999999612569809,0,1
8.557563375041354,32.573,velocity_sine,1,2,103.8603515625,103.8603515625,6.021511077880859,-0.07745039463043213,1,1
8.557563375041354,32.573,velocity_sine,1,1,-3.6254236748488196,-129.1473388671875,0.04371320828795433,-0.6745587587356567,2,1
8.557563375041354,32.573,velocity_sine,0,4,,0.0,-0.0,0.006000000052154064,0,1
8.557563375041354,32.573,velocity_sine,0,1,,0.0,0.0,-0.008999999612569809,0,1
8.5679025700083,32.583,velocity_sine,1,2,103.8603515625,103.86318969726562,-0.9722748398780823,0.11753891408443451,1,1
8.5679025700083,32.583,velocity_sine,1,1,-3.2857523441582925,-129.1473388671875,0.04371320828795433,-0.6741044521331787,2,1
8.5679025700083,32.583,velocity_sine,0,4,,0.0,-0.0,-0.017999999225139618,0,1
8.5679025700083,32.583,velocity_sine,0,1,,0.0,0.0,-0.008999999612569809,0,1
8.577814589021727,32.593,velocity_sine,1,2,103.8603515625,103.93960571289062,-3.577488899230957,0.147818922996521,1,1
8.577814589021727,32.593,velocity_sine,1,1,-2.969255743058042,-129.1693115234375,0.04371320828795433,-0.6769963502883911,2,1
8.577814589021727,32.593,velocity_sine,0,4,,0.0,-0.0,0.006000000052154064,0,1
8.577814589021727,32.593,velocity_sine,0,1,,0.0,0.0,0.05700000002980232,0,1
8.587564762041438,32.603,velocity_sine,1,2,103.8603515625,103.85467529296875,4.179605960845947,0.2363794445991516,1,1
8.587564762041438,32.603,velocity_sine,1,1,-2.6056389703666922,-129.1693115234375,0.04371320828795433,-0.6771889328956604,2,1
8.587564762041438,32.603,velocity_sine,0,4,,0.0,-0.0,-0.017999999225139618,0,1
8.587564762041438,32.603,velocity_sine,0,1,,0.0,0.0,-0.07699999958276749,0,1
8.597612557001412,32.613,velocity_sine,1,2,103.8603515625,103.93960571289062,7.347534656524658,0.12039460241794586,1,1
8.597612557001412,32.613,velocity_sine,1,1,-2.300639755281313,-129.1693115234375,0.04371320828795433,-0.6781970858573914,2,1
8.597612557001412,32.613,velocity_sine,0,4,,0.0,-0.0,0.006000000052154064,0,1
8.597612557001412,32.613,velocity_sine,0,1,,0.0,0.0,-0.008999999612569809,0,1
8.608035109005868,32.623,velocity_sine,1,2,103.8603515625,103.96157836914062,7.116728782653809,0.2788786292076111,1,1
8.608035109005868,32.623,velocity_sine,1,1,-2.300639755281313,-129.1912841796875,-1.1802566051483154,-0.6805679798126221,2,1
8.608035109005868,32.623,velocity_sine,0,4,,0.0,-0.0,-0.017999999225139618,0,1
8.608035109005868,32.623,velocity_sine,0,1,,0.0,0.0,0.05700000002980232,0,1
8.61739537602989,32.633,velocity_sine,1,2,103.8603515625,103.96157836914062,-4.5776472091674805,-0.1364193856716156,1,1
8.61739537602989,32.633,velocity_sine,1,1,-1.9512595015577905,-129.1912841796875,0.04371320828795433,-0.6854323148727417,2,1
8.61739537602989,32.633,velocity_sine,0,4,,0.0,-0.0,0.054999999701976776,0,1
8.61739537602989,32.633,velocity_sine,0,1,,0.0,0.0,-0.008999999612569809,0,1
8.627623200998642,32.643,velocity_sine,1,2,103.8603515625,103.96157836914062,-10.578814506530762,-0.10455388575792313,1,1
8.627623200998642,32.643,velocity_sine,1,1,-1.5950613779562954,-129.1912841796875,-4.502460479736328,-0.6833994388580322,2,1
8.627623200998642,32.643,velocity_sine,0,4,,0.0,-0.0,-0.017999999225139618,0,1
8.627623200998642,32.643,velocity_sine,0,1,,0.0,0.0,-0.01600000075995922,0,1
8.637599000008777,32.653,velocity_sine,1,2,103.8603515625,103.96157836914062,5.885765075683594,0.06332308799028397,1,1
8.637599000008777,32.653,velocity_sine,1,1,-1.2778353289633257,-129.21337890625,-0.5682716965675354,-0.6822834610939026,2,1
8.637599000008777,32.653,velocity_sine,0,4,,0.0,-0.0,-0.017999999225139618,0,1
8.637599000008777,32.653,velocity_sine,0,1,,0.0,0.0,-0.008999999612569809,0,1
8.647578606032766,32.663,velocity_sine,1,2,103.8603515625,103.96157836914062,-7.039575099945068,0.1219918429851532,1,1
8.647578606032766,32.663,velocity_sine,1,1,-0.9637012268935284,-129.21337890625,0.04371320828795433,-0.6827563047409058,2,1
8.647578606032766,32.663,velocity_sine,0,4,,0.0,-0.0,0.03200000151991844,0,1
8.647578606032766,32.663,velocity_sine,0,1,,0.0,0.0,-0.0020000000949949026,0,1
8.657327466993593,32.673,velocity_sine,1,2,103.8603515625,103.96157836914062,1.8079782724380493,0.11148694902658463,1,1
8.657327466993593,32.673,velocity_sine,1,1,-0.6502846943255289,-129.2353515625,-0.5682716965675354,-0.6807125210762024,2,1
8.657327466993593,32.673,velocity_sine,0,4,,0.0,-0.0,-0.017999999225139618,0,1
8.657327466993593,32.673,velocity_sine,0,1,,0.0,0.0,-0.008999999612569809,0,1
8.66762846900383,32.683,velocity_sine,1,2,103.8603515625,103.96157836914062,1.8849135637283325,0.027239171788096428,1,1
8.66762846900383,32.683,velocity_sine,1,1,-0.27415844870410244,-129.2353515625,0.04371320828795433,-0.6764756441116333,2,1
8.66762846900383,32.683,velocity_sine,0,4,,0.0,-0.0,0.006000000052154064,0,1
8.66762846900383,32.683,velocity_sine,0,1,,0.0,0.0,0.05700000002980232,0,1
8.67743663204601,32.693,velocity_sine,1,2,103.8603515625,103.96157836914062,-0.03846762329339981,0.08792919665575027,1,1
8.67743663204601,32.693,velocity_sine,1,1,0.04187985198759714,-129.2353515625,0.04371320828795433,-0.6748829483985901,2,1
8.67743663204601,32.693,velocity_sine,0,4,,0.0,-0.0,-0.017999999225139618,0,1
8.67743663204601,32.693,velocity_sine,0,1,,0.0,0.0,-0.01600000075995922,0,1
8.68786996504059,32.703,velocity_sine,1,2,103.8603515625,103.851806640625,-4.591200351715088,0.22906488180160522,1,1
8.68786996504059,32.703,velocity_sine,1,1,0.42089710934715,-129.2353515625,0.04371320828795433,-0.6699715852737427,2,1
8.68786996504059,32.703,velocity_sine,0,4,,0.0,-0.0,0.006000000052154064,0,1
8.68786996504059,32.703,velocity_sine,0,1,,0.0,0.0,-0.008999999612569809,0,1
8.697704165999312,32.713,velocity_sine,1,2,103.8603515625,103.96157836914062,7.039793491363525,0.046763062477111816,1,1
8.697704165999312,32.713,velocity_sine,1,1,0.7616435694526063,-129.2353515625,0.04371320828795433,-0.6690578460693359,2,1
8.697704165999312,32.713,velocity_sine,0,4,,0.0,-0.0,0.054999999701976776,0,1
8.697704165999312,32.713,velocity_sine,0,1,,0.0,0.0,0.05700000002980232,0,1
8.7078048310359,32.723,velocity_sine,1,2,103.8603515625,103.88018798828125,14.143054962158203,-0.002916886005550623,1,1
8.7078048310359,32.723,velocity_sine,1,1,1.1299206392891994,-129.25732421875,0.04371320828795433,-0.6682344079017639,2,1
8.7078048310359,32.723,velocity_sine,0,4,,0.0,-0.0,0.03200000151991844,0,1
8.7078048310359,32.723,velocity_sine,0,1,,0.0,0.0,-0.008999999612569809,0,1
8.717343725031242,32.733,velocity_sine,1,2,103.8603515625,103.96157836914062,-2.192654609680176,0.059154950082302094,1,1
8.717343725031242,32.733,velocity_sine,1,1,1.4452169895054812,-129.25732421875,0.04371320828795433,-0.6720728874206543,2,1
8.717343725031242,32.733,velocity_sine,0,4,,0.0,-0.0,-0.017999999225139618,0,1
8.717343725031242,32.733,velocity_sine,0,1,,0.0,0.0,-0.008999999612569809,0,1
8.72791896603303,32.743,velocity_sine,1,2,103.8603515625,103.96157836914062,8.193821907043457,0.18757940828800201,1,1
8.72791896603303,32.743,velocity_sine,1,1,1.4452169895054812,-129.25732421875,0.04371320828795433,-0.6700748205184937,2,1
8.72791896603303,32.743,velocity_sine,0,4,,0.0,-0.0,-0.017999999225139618,0,1
8.72791896603303,32.743,velocity_sine,0,1,,0.0,0.0,0.05700000002980232,0,1
8.737320060026832,32.753,velocity_sine,1,2,103.8603515625,103.96157836914062,-2.5773308277130127,0.026156816631555557,1,1
8.737320060026832,32.753,velocity_sine,1,1,1.7910797961335558,-129.25732421875,0.04371320828795433,-0.6729176640510559,2,1
8.737320060026832,32.753,velocity_sine,0,4,,0.0,-0.0,0.006000000052154064,0,1
8.737320060026832,32.753,velocity_sine,0,1,,0.0,0.0,0.05700000002980232,0,1
8.747654234990478,32.763,velocity_sine,1,2,103.8603515625,103.91763305664062,2.1157193183898926,-0.09934123605489731,1,1
8.747654234990478,32.763,velocity_sine,1,1,2.149611522241371,-129.25732421875,0.04371320828795433,-0.6691123247146606,2,1
8.747654234990478,32.763,velocity_sine,0,4,,0.0,-0.0,0.054999999701976776,0,1
8.747654234990478,32.763,velocity_sine,0,1,,0.0,0.0,-0.01600000075995922,0,1
8.757352901040576,32.773,velocity_sine,1,2,103.8603515625,103.93960571289062,0.6539496183395386,0.28989824652671814,1,1
8.757352901040576,32.773,velocity_sine,1,1,2.4662109725498205,-129.25732421875,0.04371320828795433,-0.6679326891899109,2,1
8.757352901040576,32.773,velocity_sine,0,4,,0.0,-0.0,0.03200000151991844,0,1
8.757352901040576,32.773,velocity_sine,0,1,,0.0,0.0,-0.008999999612569809,0,1
8.767682978999801,32.783,velocity_sine,1,2,103.8603515625,103.96157836914062,-2.8850717544555664,0.28259068727493286,1,1
8.767682978999801,32.783,velocity_sine,1,1,2.8275314508430673,-129.25732421875,0.04371320828795433,-0.6641232371330261,2,1
8.767682978999801,32.783,velocity_sine,0,4,,0.0,-0.0,0.054999999701976776,0,1
8.767682978999801,32.783,velocity_sine,0,1,,0.0,0.0,-0.008999999612569809,0,1
8.777408415044192,32.793,velocity_sine,1,2,103.8603515625,103.86880493164062,7.270090579986572,0.15871936082839966,1,1
8.777408415044192,32.793,velocity_sine,1,1,3.1324638184240876,-129.25732421875,0.04371320828795433,-0.6627974510192871,2,1
8.777408415044192,32.793,velocity_sine,0,4,,0.0,-0.0,0.054999999701976776,0,1
8.777408415044192,32.793,velocity_sine,0,1,,0.0,0.0,-0.0020000000949949026,0,1
8.787948660028633,32.803,velocity_sine,1,2,103.8603515625,103.87164306640625,1.2889604568481445,-0.01739494502544403,1,1
8.787948660028633,32.803,velocity_sine,1,1,3.489125409192045,-129.25732421875,0.04371320828795433,-0.659522294998169,2,1
8.787948660028633,32.803,velocity_sine,0,4,,0.0,-0.0,-0.017999999225139618,0,1
8.787948660028633,32.803,velocity_sine,0,1,,0.0,0.0,-0.01600000075995922,0,1
8.797723019029945,32.813,velocity_sine,1,2,103.8603515625,103.96157836914062,-4.5776472091674805,-0.07680821418762207,1,1
8.797723019029945,32.813,velocity_sine,1,1,3.8049843757510953,-129.25732421875,0.04371320828795433,-0.6553624868392944,2,1
8.797723019029945,32.813,velocity_sine,0,4,,0.0,-0.0,-0.017999999225139618,0,1
8.797723019029945,32.813,velocity_sine,0,1,,0.0,0.0,-0.008999999612569809,0,1
8.807752638997044,32.823,velocity_sine,1,2,103.8603515625,103.88018798828125,0.029749581590294838,0.07125913351774216,1,1
8.807752638997044,32.823,velocity_sine,1,1,4.147836304430523,-129.25732421875,0.04371320828795433,-0.6536438465118408,2,1
8.807752638997044,32.823,velocity_sine,0,4,,0.0,-0.0,-0.017999999225139618,0,1
8.807752638997044,32.823,velocity_sine,0,1,,0.0,0.0,-0.008999999612569809,0,1
8.817482793994714,32.833,velocity_sine,1,2,103.8603515625,103.96157836914062,1.1155611276626587,0.009987980127334595,1,1
8.817482793994714,32.833,velocity_sine,1,1,4.147836304430523,-129.25732421875,0.04371320828795433,-0.6500287652015686,2,1
8.817482793994714,32.833,velocity_sine,0,4,,0.0,-0.0,0.006000000052154064,0,1
8.817482793994714,32.833,velocity_sine,0,1,,0.0,0.0,-0.0020000000949949026,0,1
8.827722662012093,32.843,velocity_sine,1,2,103.8603515625,103.93960571289062,-1.2694315910339355,-0.05189940705895424,1,1
8.827722662012093,32.843,velocity_sine,1,1,4.453649909079646,-129.25732421875,0.04371320828795433,-0.6428898572921753,2,1
8.827722662012093,32.843,velocity_sine,0,4,,0.0,-0.0,0.03200000151991844,0,1
8.827722662012093,32.843,velocity_sine,0,1,,0.0,0.0,-0.0020000000949949026,0,1
8.837338171026204,32.853,velocity_sine,1,2,103.8603515625,103.93960571289062,-4.1929707527160645,0.12964358925819397,1,1
8.837338171026204,32.853,velocity_sine,1,1,4.7383437677056826,-129.25732421875,0.04371320828795433,-0.6371523141860962,2,1
8.837338171026204,32.853,velocity_sine,0,4,,0.0,-0.0,-0.06599999964237213,0,1
8.837338171026204,32.853,velocity_sine,0,1,,0.0,0.0,-0.008999999612569809,0,1
8.847787965030875,32.863,velocity_sine,1,2,103.8603515625,103.96157836914062,11.425102233886719,0.2166048139333725,1,1
8.847787965030875,32.863,velocity_sine,1,1,5.063597986328277,-129.25732421875,0.04371320828795433,-0.6309964060783386,2,1
8.847787965030875,32.863,velocity_sine,0,4,,0.0,-0.0,-0.017999999225139618,0,1
8.847787965030875,32.863,velocity_sine,0,1,,0.0,0.0,-0.008999999612569809,0,1
8.857529881992377,32.873,velocity_sine,1,2,103.8603515625,103.93960571289062,-0.8078200817108154,0.11406420916318893,1,1
8.857529881992377,32.873,velocity_sine,1,1,5.346008051639747,-129.25732421875,0.04371320828795433,-0.6184232234954834,2,1
8.857529881992377,32.873,velocity_sine,0,4,,0.0,-0.0,0.006000000052154064,0,1
8.857529881992377,32.873,velocity_sine,0,1,,0.0,0.0,-0.008999999612569809,0,1
8.86766055301996,32.883,velocity_sine,1,2,103.8603515625,103.93960571289062,-5.270064353942871,-0.04444070905447006,1,1
8.86766055301996,32.883,velocity_sine,1,1,5.658840436680067,-129.25732421875,0.04371320828795433,-0.6175037622451782,2,1
8.86766055301996,32.883,velocity_sine,0,4,,0.0,-0.0,0.006000000052154064,0,1
8.86766055301996,32.883,velocity_sine,0,1,,0.0,0.0,-0.01600000075995922,0,1
8.877369038003962,32.893,velocity_sine,1,2,103.8603515625,103.865966796875,-4.067654132843018,-0.035389989614486694,1,1
8.877369038003962,32.893,velocity_sine,1,1,5.915266307925783,-129.25732421875,0.04371320828795433,-0.6053064465522766,2,1
8.877369038003962,32.893,velocity_sine,0,4,,0.0,-0.0,0.006000000052154064,0,1
8.877369038003962,32.893,velocity_sine,0,1,,0.0,0.0,-0.008999999612569809,0,1
8.88716950599337,32.903,velocity_sine,1,2,103.8603515625,103.85745239257812,4.241743564605713,-0.02933182567358017,1,1
8.88716950599337,32.903,velocity_sine,1,1,6.214645570295309,-129.25732421875,0.04371320828795433,-0.6054021716117859,2,1
8.88716950599337,32.903,velocity_sine,0,4,,0.0,-0.0,0.006000000052154064,0,1
8.88716950599337,32.903,velocity_sine,0,1,,0.0,0.0,-0.008999999612569809,0,1
8.897432997997385,32.913,velocity_sine,1,2,103.8603515625,103.91763305664062,-8.809085845947266,0.059092164039611816,1,1
8.897432997997385,32.913,velocity_sine,1,1,6.507467294596053,-129.25732421875,0.04371320828795433,-0.5928159952163696,2,1
8.897432997997385,32.913,velocity_sine,0,4,,0.0,-0.0,-0.017999999225139618,0,1
8.897432997997385,32.913,velocity_sine,0,1,,0.0,0.0,-0.008999999612569809,0,1
8.907928588043433,32.923,velocity_sine,1,2,103.8603515625,103.91763305664062,0.5000790953636169,-0.12463463842868805,1,1
8.907928588043433,32.923,velocity_sine,1,1,6.748051966524786,-129.25732421875,0.04371320828795433,-0.5854670405387878,2,1
8.907928588043433,32.923,velocity_sine,0,4,,0.0,-0.0,0.006000000052154064,0,1
8.907928588043433,32.923,velocity_sine,0,1,,0.0,0.0,-0.008999999612569809,0,1
8.917461651028134,32.933,velocity_sine,1,2,103.8603515625,103.91763305664062,8.732369422912598,-0.08097042143344879,1,1
8.917461651028134,32.933,velocity_sine,1,1,6.987171716550149,-129.25732421875,0.04371320828795433,-0.5791829824447632,2,1
8.917461651028134,32.933,velocity_sine,0,4,,0.0,-0.0,0.03200000151991844,0,1
8.917461651028134,32.933,velocity_sine,0,1,,0.0,0.0,-0.008999999612569809,0,1
8.92784052103525,32.943,velocity_sine,1,2,103.8603515625,103.89566040039062,-6.116352081298828,-0.08876480162143707,1,1
8.92784052103525,32.943,velocity_sine,1,1,6.987171716550149,-129.25732421875,4.939592361450195,-0.567656397819519,2,1
8.92784052103525,32.943,velocity_sine,0,4,,0.0,-0.0,-0.017999999225139618,0,1
8.92784052103525,32.943,velocity_sine,0,1,,0.0,0.0,-0.008999999612569809,0,1
8.937426374002825,32.953,velocity_sine,1,2,103.8603515625,103.91763305664062,-0.5000790953636169,-0.058524563908576965,1,1
8.937426374002825,32.953,velocity_sine,1,1,7.23139918368703,-129.25732421875,0.04371320828795433,-0.554139256477356,2,1
8.937426374002825,32.953,velocity_sine,0,4,,0.0,-0.0,-0.017999999225139618,0,1
8.937426374002825,32.953,velocity_sine,0,1,,0.0,0.0,-0.008999999612569809,0,1
8.947825372044463,32.963,velocity_sine,1,2,103.8603515625,103.93960571289062,5.11641263961792,0.0574914813041687,1,1
8.947825372044463,32.963,velocity_sine,1,1,7.481249698234651,-129.25732421875,0.04371320828795433,-0.5424730181694031,2,1
8.947825372044463,32.963,velocity_sine,0,4,,0.0,-0.0,0.006000000052154064,0,1
8.947825372044463,32.963,velocity_sine,0,1,,0.0,0.0,-0.0020000000949949026,0,1
8.957514590001665,32.973,velocity_sine,1,2,103.8603515625,103.93960571289062,-3.115877389907837,0.2230605036020279,1,1
8.957514590001665,32.973,velocity_sine,1,1,7.69624292400453,-129.25732421875,0.04371320828795433,-0.5296669602394104,2,1
8.957514590001665,32.973,velocity_sine,0,4,,0.0,-0.0,-0.017999999225139618,0,1
8.957514590001665,32.973,velocity_sine,0,1,,0.0,0.0,-0.008999999612569809,0,1
8.96763925004052,32.983,velocity_sine,1,2,103.8603515625,103.93960571289062,3.8082947731018066,0.15123635530471802,1,1
8.96763925004052,32.983,velocity_sine,1,1,7.92954621517267,-129.25732421875,0.04371320828795433,-0.5222753882408142,2,1
8.96763925004052,32.983,velocity_sine,0,4,,0.0,-0.0,-0.017999999225139618,0,1
8.96763925004052,32.983,velocity_sine,0,1,,0.0,0.0,-0.008999999612569809,0,1
8.977953398018144,32.993,velocity_sine,1,2,103.8603515625,103.84896850585938,0.3759184777736664,0.017558585852384567,1,1
8.977953398018144,32.993,velocity_sine,1,1,8.158930981324149,-129.25732421875,0.04371320828795433,-0.5083608031272888,2,1
8.977953398018144,32.993,velocity_sine,0,4,,0.0,-0.0,0.006000000052154064,0,1
8.977953398018144,32.993,velocity_sine,0,1,,0.0,0.0,-0.008999999612569809,0,1
8.98819312499836,33.003,velocity_sine,1,2,103.8603515625,103.84613037109375,-1.9645251035690308,-0.10727601498365402,1,1
8.98819312499836,33.003,velocity_sine,1,1,8.341602051211986,-129.25732421875,0.04371320828795433,-0.5026448965072632,2,1
8.98819312499836,33.003,velocity_sine,0,4,,0.0,-0.0,0.006000000052154064,0,1
8.98819312499836,33.003,velocity_sine,0,1,,0.0,0.0,0.05700000002980232,0,1
8.997271771018859,33.013,velocity_sine,1,2,103.8603515625,103.91763305664062,3.7313594818115234,0.048846300691366196,1,1
8.997271771018859,33.013,velocity_sine,1,1,8.517036773708902,-129.25732421875,0.04371320828795433,-0.48844799399375916,2,1
8.997271771018859,33.013,velocity_sine,0,4,,0.0,-0.0,0.006000000052154064,0,1
8.997271771018859,33.013,velocity_sine,0,1,,0.0,0.0,-0.008999999612569809,0,1
9.007840348000173,33.023,velocity_sine,1,2,103.8603515625,103.83767700195312,0.31621769070625305,0.0396929569542408,1,1
9.007840348000173,33.023,velocity_sine,1,1,8.695746283066208,-129.25732421875,0.04371320828795433,-0.47496524453163147,2,1
9.007840348000173,33.023,velocity_sine,0,4,,0.0,-0.0,-0.017999999225139618,0,1
9.007840348000173,33.023,velocity_sine,0,1,,0.0,0.0,-0.008999999612569809,0,1
9.017807912023272,33.033,velocity_sine,1,2,103.8603515625,103.91763305664062,-4.5776472091674805,-0.036825403571128845,1,1
9.017807912023272,33.033,velocity_sine,1,1,8.856261446521883,-129.25732421875,0.04371320828795433,-0.4607146680355072,2,1
9.017807912023272,33.033,velocity_sine,0,4,,0.0,-0.0,0.006000000052154064,0,1
9.017807912023272,33.033,velocity_sine,0,1,,0.0,0.0,-0.0020000000949949026,0,1
9.027619731030427,33.043,velocity_sine,1,2,103.8603515625,103.93960571289062,-6.885704517364502,-0.024776466190814972,1,1
9.027619731030427,33.043,velocity_sine,1,1,8.856261446521883,-129.25732421875,0.04371320828795433,-0.4463983178138733,2,1
9.027619731030427,33.043,velocity_sine,0,4,,0.0,-0.0,0.006000000052154064,0,1
9.027619731030427,33.043,velocity_sine,0,1,,0.0,0.0,-0.008999999612569809,0,1
9.037354375002906,33.053,velocity_sine,1,2,103.8603515625,103.93960571289062,-13.96396541595459,-0.0687795877456665,1,1
9.037354375002906,33.053,velocity_sine,1,1,9.008078129615667,-129.25732421875,0.04371320828795433,-0.43313068151474,2,1
9.037354375002906,33.053,velocity_sine,0,4,,0.0,-0.0,-0.017999999225139618,0,1
9.037354375002906,33.053,velocity_sine,0,1,,0.0,0.0,-0.0020000000949949026,0,1
9.047692207037471,33.063,velocity_sine,1,2,103.8603515625,103.96157836914062,11.809779167175293,0.13046911358833313,1,1
9.047692207037471,33.063,velocity_sine,1,1,9.165356101802809,-129.25732421875,0.04371320828795433,-0.4196775257587433,2,1
9.047692207037471,33.063,velocity_sine,0,4,,0.0,-0.0,0.03200000151991844,0,1
9.047692207037471,33.063,velocity_sine,0,1,,0.0,0.0,-0.008999999612569809,0,1
9.057395282026846,33.073,velocity_sine,1,2,103.8603515625,103.93960571289062,0.9616906046867371,0.19075456261634827,1,1
9.057395282026846,33.073,velocity_sine,1,1,9.291123323518391,-129.25732421875,0.04371320828795433,-0.4069686532020569,2,1
9.057395282026846,33.073,velocity_sine,0,4,,0.0,-0.0,-0.017999999225139618,0,1
9.057395282026846,33.073,velocity_sine,0,1,,0.0,0.0,0.05700000002980232,0,1
9.067655157006811,33.083,velocity_sine,1,2,103.8603515625,103.9835205078125,1.5771725177764893,0.22656503319740295,1,1
9.067655157006811,33.083,velocity_sine,1,1,9.4225884762641,-129.2353515625,0.04371320828795433,-0.39589187502861023,2,1
9.067655157006811,33.083,velocity_sine,0,4,,0.0,-0.0,-0.017999999225139618,0,1
9.067655157006811,33.083,velocity_sine,0,1,,0.0,0.0,-0.008999999612569809,0,1
9.077341269003227,33.093,velocity_sine,1,2,103.8603515625,103.86880493164062,-5.937758445739746,0.12748411297798157,1,1
9.077341269003227,33.093,velocity_sine,1,1,9.52400995416127,-129.2353515625,0.04371320828795433,-0.38451945781707764,2,1
9.077341269003227,33.093,velocity_sine,0,4,,0.0,-0.0,-0.017999999225139618,0,1
9.077341269003227,33.093,velocity_sine,0,1,,0.0,0.0,0.05700000002980232,0,1
9.087890119990334,33.103,velocity_sine,1,2,103.8603515625,103.865966796875,-3.7458231449127197,0.010785112157464027,1,1
9.087890119990334,33.103,velocity_sine,1,1,9.63046342105778,-129.2353515625,0.04371320828795433,-0.37722647190093994,2,1
9.087890119990334,33.103,velocity_sine,0,4,,0.0,-0.0,0.006000000052154064,0,1
9.087890119990334,33.103,velocity_sine,0,1,,0.0,0.0,-0.008999999612569809,0,1
9.097845309996046,33.113,velocity_sine,1,2,103.8603515625,103.96157836914062,-4.654582500457764,0.04216600954532623,1,1
9.097845309996046,33.113,velocity_sine,1,1,9.716235751106975,-129.2353515625,0.04371320828795433,-0.3618614077568054,2,1
9.097845309996046,33.113,velocity_sine,0,4,,0.0,-0.0,0.03200000151991844,0,1
9.097845309996046,33.113,velocity_sine,0,1,,0.0,0.0,-0.0020000000949949026,0,1
9.107987573021092,33.123,velocity_sine,1,2,103.8603515625,103.86318969726562,-4.735388278961182,0.004010898061096668,1,1
9.107987573021092,33.123,velocity_sine,1,1,9.785776362437078,-129.2353515625,0.04371320828795433,-0.35580092668533325,2,1
9.107987573021092,33.123,velocity_sine,0,4,,0.0,-0.0,-0.017999999225139618,0,1
9.107987573021092,33.123,velocity_sine,0,1,,0.0,0.0,-0.008999999612569809,0,1
9.117623070022091,33.133,velocity_sine,1,2,103.8603515625,103.93960571289062,2.731201171875,0.1711653172969818,1,1
9.117623070022091,33.133,velocity_sine,1,1,9.85747957733275,-129.21337890625,0.04371320828795433,-0.3472275733947754,2,1
9.117623070022091,33.133,velocity_sine,0,4,,0.0,-0.0,-0.017999999225139618,0,1
9.117623070022091,33.133,velocity_sine,0,1,,0.0,0.0,-0.008999999612569809,0,1
9.127958077006042,33.143,velocity_sine,1,2,103.8603515625,103.96157836914062,2.192654609680176,0.0443945974111557,1,1
9.127958077006042,33.143,velocity_sine,1,1,9.85747957733275,-129.21337890625,0.04371320828795433,-0.34457698464393616,2,1
9.127958077006042,33.143,velocity_sine,0,4,,0.0,-0.0,-0.017999999225139618,0,1
9.127958077006042,33.143,velocity_sine,0,1,,0.0,0.0,0.05700000002980232,0,1
9.137530144012999,33.153,velocity_sine,1,2,103.8603515625,103.96157836914062,-7.808927536010742,-0.05551489070057869,1,1
9.137530144012999,33.153,velocity_sine,1,1,9.910512665586294,-129.21337890625,0.04371320828795433,-0.33545103669166565,2,1
9.137530144012999,33.153,velocity_sine,0,4,,0.0,-0.0,0.006000000052154064,0,1
9.137530144012999,33.153,velocity_sine,0,1,,0.0,0.0,-0.008999999612569809,0,1
9.147804466017988,33.163,velocity_sine,1,2,103.8603515625,103.96157836914062,4.80845308303833,0.023315200582146645,1,1
9.147804466017988,33.163,velocity_sine,1,1,9.953530126779896,-129.21337890625,0.04371320828795433,-0.322674036026001,2,1
9.147804466017988,33.163,velocity_sine,0,4,,0.0,-0.0,-0.017999999225139618,0,1
9.147804466017988,33.163,velocity_sine,0,1,,0.0,0.0,0.05000000074505806,0,1
9.157522489025723,33.173,velocity_sine,1,2,103.8603515625,103.96157836914062,2.8850717544555664,0.31234294176101685,1,1
9.157522489025723,33.173,velocity_sine,1,1,9.979466232599298,-129.21337890625,0.04371320828795433,-0.3086223006248474,2,1
9.157522489025723,33.173,velocity_sine,0,4,,0.0,-0.0,-0.017999999225139618,0,1
9.157522489025723,33.173,velocity_sine,0,1,,0.0,0.0,-0.008999999612569809,0,1
9.167966520995833,33.183,velocity_sine,1,2,103.8603515625,103.8603515625,-7.526754379272461,0.13572479784488678,1,1
9.167966520995833,33.183,velocity_sine,1,1,9.996474144348719,-129.1912841796875,0.04371320828795433,-0.29969924688339233,2,1
9.167966520995833,33.183,velocity_sine,0,4,,0.0,-0.0,-0.017999999225139618,0,1
9.167966520995833,33.183,velocity_sine,0,1,,0.0,0.0,-0.008999999612569809,0,1
9.177575748995878,33.193,velocity_sine,1,2,103.8603515625,103.8603515625,-5.974461555480957,0.14427608251571655,1,1
9.177575748995878,33.193,velocity_sine,1,1,9.99980599261091,-129.1912841796875,0.04371320828795433,-0.2878039479255676,2,1
9.177575748995878,33.193,velocity_sine,0,4,,0.0,-0.0,0.03200000151991844,0,1
9.177575748995878,33.193,velocity_sine,0,1,,0.0,0.0,-0.008999999612569809,0,1
9.188176497002132,33.203,velocity_sine,1,2,103.8603515625,103.87734985351562,4.882367134094238,-0.05436733365058899,1,1
9.188176497002132,33.203,velocity_sine,1,1,9.99040747079282,-129.1912841796875,0.04371320828795433,-0.2772301733493805,2,1
9.188176497002132,33.203,velocity_sine,0,4,,0.0,-0.0,-0.017999999225139618,0,1
9.188176497002132,33.203,velocity_sine,0,1,,0.0,0.0,-0.008999999612569809,0,1
9.197613870026544,33.213,velocity_sine,1,2,103.8603515625,103.93960571289062,-8.039732933044434,-0.29225608706474304,1,1
9.197613870026544,33.213,velocity_sine,1,1,9.969979770161533,-129.1693115234375,4.32760763168335,-0.2576524615287781,2,1
9.197613870026544,33.213,velocity_sine,0,4,,0.0,-0.0,0.03200000151991844,0,1
9.197613870026544,33.213,velocity_sine,0,1,,0.0,0.0,-0.008999999612569809,0,1
9.207633420999628,33.223,velocity_sine,1,2,103.8603515625,103.8858642578125,-0.30230265855789185,-0.09208213537931442,1,1
9.207633420999628,33.223,velocity_sine,1,1,9.935615231272088,-129.1693115234375,0.04371320828795433,-0.25859591364860535,2,1
9.207633420999628,33.223,velocity_sine,0,4,,0.0,-0.0,0.03200000151991844,0,1
9.207633420999628,33.223,velocity_sine,0,1,,0.0,0.0,-0.008999999612569809,0,1
9.217564616003074,33.233,velocity_sine,1,2,103.8603515625,103.96157836914062,-3.4236185550689697,0.005096989683806896,1,1
9.217564616003074,33.233,velocity_sine,1,1,9.935615231272088,-129.1693115234375,0.04371320828795433,-0.253745436668396,2,1
9.217564616003074,33.233,velocity_sine,0,4,,0.0,-0.0,0.054999999701976776,0,1
9.217564616003074,33.233,velocity_sine,0,1,,0.0,0.0,-0.008999999612569809,0,1
9.227186828036793,33.243,velocity_sine,1,2,103.8603515625,103.93960571289062,-0.11540286988019943,0.03185376152396202,1,1
9.227186828036793,33.243,velocity_sine,1,1,9.891142232444729,-129.1473388671875,0.04371320828795433,-0.23678235709667206,2,1
9.227186828036793,33.243,velocity_sine,0,4,,0.0,-0.0,-0.017999999225139618,0,1
9.227186828036793,33.243,velocity_sine,0,1,,0.0,0.0,-0.0020000000949949026,0,1
9.237319333013147,33.253,velocity_sine,1,2,103.8603515625,103.96157836914062,1.8849135637283325,0.18527771532535553,1,1
9.237319333013147,33.253,velocity_sine,1,1,9.830071325023441,-129.1253662109375,0.04371320828795433,-0.22240540385246277,2,1
9.237319333013147,33.253,velocity_sine,0,4,,0.0,-0.0,0.054999999701976776,0,1
9.237319333013147,33.253,velocity_sine,0,1,,0.0,0.0,-0.0020000000949949026,0,1
9.247823779005557,33.263,velocity_sine,1,2,103.8603515625,103.96157836914062,3.6544241905212402,0.08502496778964996,1,1
9.247823779005557,33.263,velocity_sine,1,1,9.76639509819022,-129.1253662109375,0.04371320828795433,-0.20940616726875305,2,1
9.247823779005557,33.263,velocity_sine,0,4,,0.0,-0.0,0.006000000052154064,0,1
9.247823779005557,33.263,velocity_sine,0,1,,0.0,0.0,-0.0020000000949949026,0,1
9.257815268007107,33.273,velocity_sine,1,2,103.8603515625,103.96157836914062,6.885922908782959,0.21480539441108704,1,1
9.257815268007107,33.273,velocity_sine,1,1,9.689261972820905,-129.1253662109375,0.04371320828795433,-0.2054123729467392,2,1
9.257815268007107,33.273,velocity_sine,0,4,,0.0,-0.0,-0.017999999225139618,0,1
9.257815268007107,33.273,velocity_sine,0,1,,0.0,0.0,0.05700000002980232,0,1
9.267824259994086,33.283,velocity_sine,1,2,103.8603515625,103.93960571289062,8.963174819946289,0.056945834308862686,1,1
9.267824259994086,33.283,velocity_sine,1,1,9.606745018847741,-129.10345458984375,0.04371320828795433,-0.19434040784835815,2,1
9.267824259994086,33.283,velocity_sine,0,4,,0.0,-0.0,-0.017999999225139618,0,1
9.267824259994086,33.283,velocity_sine,0,1,,0.0,0.0,-0.008999999612569809,0,1
9.277511994994711,33.293,velocity_sine,1,2,103.8603515625,103.8603515625,5.474692344665527,0.0027208824176341295,1,1
9.277511994994711,33.293,velocity_sine,1,1,9.492887600996298,-129.10345458984375,2.4916529655456543,-0.184753879904747,2,1
9.277511994994711,33.293,velocity_sine,0,4,,0.0,-0.0,0.006000000052154064,0,1
9.277511994994711,33.293,velocity_sine,0,1,,0.0,0.0,-0.0020000000949949026,0,1
9.28757356602,33.303,velocity_sine,1,2,103.8603515625,103.87734985351562,5.515688896179199,-0.21999554336071014,1,1
9.28757356602,33.303,velocity_sine,1,1,9.363707509992285,-129.10345458984375,0.04371320828795433,-0.18124042451381683,2,1
9.28757356602,33.303,velocity_sine,0,4,,0.0,-0.0,0.006000000052154064,0,1
9.28757356602,33.303,velocity_sine,0,1,,0.0,0.0,-0.008999999612569809,0,1
9.297481496992987,33.313,velocity_sine,1,2,103.8603515625,103.93960571289062,-0.9616906046867371,0.023295685648918152,1,1
9.297481496992987,33.313,velocity_sine,1,1,9.22392765422159,-129.08148193359375,1.2676830291748047,-0.1602272093296051,2,1
9.297481496992987,33.313,velocity_sine,0,4,,0.0,-0.0,-0.017999999225139618,0,1
9.297481496992987,33.313,velocity_sine,0,1,,0.0,0.0,-0.008999999612569809,0,1
9.307955917029176,33.323,velocity_sine,1,2,103.8603515625,103.96157836914062,-0.5000790953636169,0.2060907483100891,1,1
9.307955917029176,33.323,velocity_sine,1,1,9.22392765422159,-129.08148193359375,0.04371320828795433,-0.16721485555171967,2,1
9.307955917029176,33.323,velocity_sine,0,4,,0.0,-0.0,-0.017999999225139618,0,1
9.307955917029176,33.323,velocity_sine,0,1,,0.0,0.0,-0.008999999612569809,0,1
9.31800306099467,33.333,velocity_sine,1,2,103.8603515625,103.96157836914062,5.4241533279418945,0.031217295676469803,1,1
9.31800306099467,33.333,velocity_sine,1,1,9.082804392849468,-129.08148193359375,0.04371320828795433,-0.15355762839317322,2,1
9.31800306099467,33.333,velocity_sine,0,4,,0.0,-0.0,-0.017999999225139618,0,1
9.31800306099467,33.333,velocity_sine,0,1,,0.0,0.0,-0.008999999612569809,0,1
9.327915540023241,33.343,velocity_sine,1,2,103.8603515625,103.93960571289062,-3.038942337036133,0.21729135513305664,1,1
9.327915540023241,33.343,velocity_sine,1,1,8.946517747555088,-129.05950927734375,0.04371320828795433,-0.1399339735507965,2,1
9.327915540023241,33.343,velocity_sine,0,4,,0.0,-0.0,0.006000000052154064,0,1
9.327915540023241,33.343,velocity_sine,0,1,,0.0,0.0,0.05700000002980232,0,1
9.337611049995758,33.353,velocity_sine,1,2,103.8603515625,103.96157836914062,6.193505764007568,0.022048097103834152,1,1
9.337611049995758,33.353,velocity_sine,1,1,8.768548819153425,-129.03753662109375,0.6556981205940247,-0.12816672027111053,2,1
9.337611049995758,33.353,velocity_sine,0,4,,0.0,-0.0,0.006000000052154064,0,1
9.337611049995758,33.353,velocity_sine,0,1,,0.0,0.0,-0.008999999612569809,0,1
9.348175640043337,33.363,velocity_sine,1,2,103.8603515625,103.8603515625,2.1587562561035156,0.24694357812404633,1,1
9.348175640043337,33.363,velocity_sine,1,1,8.582421759366076,-129.03753662109375,0.04371320828795433,-0.11984574049711227,2,1
9.348175640043337,33.363,velocity_sine,0,4,,0.0,-0.0,0.006000000052154064,0,1
9.348175640043337,33.363,velocity_sine,0,1,,0.0,0.0,-0.008999999612569809,0,1
9.357576073030941,33.373,velocity_sine,1,2,103.8603515625,103.85745239257812,-2.617271661758423,0.019009150564670563,1,1
9.357576073030941,33.373,velocity_sine,1,1,8.408347461116826,-129.03753662109375,0.04371320828795433,-0.12107034772634506,2,1
9.357576073030941,33.373,velocity_sine,0,4,,0.0,-0.0,0.03200000151991844,0,1
9.357576073030941,33.373,velocity_sine,0,1,,0.0,0.0,-0.008999999612569809,0,1
9.368045464041643,33.383,velocity_sine,1,2,103.8603515625,103.85745239257812,-0.5213180780410767,0.12099696695804596,1,1
9.368045464041643,33.383,velocity_sine,1,1,8.19873657724328,-129.03753662109375,0.04371320828795433,-0.12446846812963486,2,1
9.368045464041643,33.383,velocity_sine,0,4,,0.0,-0.0,-0.017999999225139618,0,1
9.368045464041643,33.383,velocity_sine,0,1,,0.0,0.0,-0.008999999612569809,0,1
9.377829481032677,33.393,velocity_sine,1,2,103.8603515625,103.9835205078125,2.731201171875,-0.0028500333428382874,1,1
9.377829481032677,33.393,velocity_sine,1,1,8.013373640740761,-129.01556396484375,1.2676830291748047,-0.11152305454015732,2,1
9.377829481032677,33.393,velocity_sine,0,4,,0.0,-0.0,0.006000000052154064,0,1
9.377829481032677,33.393,velocity_sine,0,1,,0.0,0.0,0.05700000002980232,0,1
9.3873002770124,33.403,velocity_sine,1,2,103.8603515625,103.87734985351562,5.309045314788818,-0.16804440319538116,1,1
9.3873002770124,33.403,velocity_sine,1,1,7.817852211098318,-129.01556396484375,0.04371320828795433,-0.09416412562131882,2,1
9.3873002770124,33.403,velocity_sine,0,4,,0.0,-0.0,-0.017999999225139618,0,1
9.3873002770124,33.403,velocity_sine,0,1,,0.0,0.0,-0.008999999612569809,0,1
9.397599767020438,33.413,velocity_sine,1,2,103.8603515625,103.96157836914062,-0.9616906046867371,-0.12993261218070984,1,1
9.397599767020438,33.413,velocity_sine,1,1,7.584799623589237,-128.99359130859375,0.30599245429039,-0.08198657631874084,2,1
9.397599767020438,33.413,velocity_sine,0,4,,0.0,-0.0,0.006000000052154064,0,1
9.397599767020438,33.413,velocity_sine,0,1,,0.0,0.0,-0.008999999612569809,0,1
9.408085128001403,33.423,velocity_sine,1,2,103.8603515625,103.96157836914062,9.19398021697998,0.20490016043186188,1,1
9.408085128001403,33.423,velocity_sine,1,1,7.372239599217959,-128.99359130859375,0.04371320828795433,-0.08752622455358505,2,1
9.408085128001403,33.423,velocity_sine,0,4,,0.0,-0.0,-0.017999999225139618,0,1
9.408085128001403,33.423,velocity_sine,0,1,,0.0,0.0,-0.008999999612569809,0,1
9.417907407041639,33.433,velocity_sine,1,2,103.8603515625,103.96157836914062,4.039100646972656,-0.05128144100308418,1,1
9.417907407041639,33.433,velocity_sine,1,1,7.372239599217959,-128.99359130859375,0.04371320828795433,-0.09200939536094666,2,1
9.417907407041639,33.433,velocity_sine,0,4,,0.0,-0.0,0.03200000151991844,0,1
9.417907407041639,33.433,velocity_sine,0,1,,0.0,0.0,-0.008999999612569809,0,1
9.42753561004065,33.443,velocity_sine,1,2,103.8603515625,103.93960571289062,-7.655056953430176,-0.07437583059072495,1,1
9.42753561004065,33.443,velocity_sine,1,1,7.13036838593204,-128.97161865234375,0.30599245429039,-0.0804060697555542,2,1
9.42753561004065,33.443,velocity_sine,0,4,,0.0,-0.0,0.054999999701976776,0,1
9.42753561004065,33.443,velocity_sine,0,1,,0.0,0.0,-0.0020000000949949026,0,1
9.437364290992264,33.453,velocity_sine,1,2,103.8603515625,103.9835205078125,10.578814506530762,0.294928640127182,1,1
9.437364290992264,33.453,velocity_sine,1,1,6.8656487510951045,-128.97161865234375,0.04371320828795433,-0.06571254879236221,2,1
9.437364290992264,33.453,velocity_sine,0,4,,0.0,-0.0,0.006000000052154064,0,1
9.437364290992264,33.453,velocity_sine,0,1,,0.0,0.0,0.06400000303983688,0,1
9.447986751038115,33.463,velocity_sine,1,2,103.8603515625,103.8603515625,-5.155884742736816,0.15952646732330322,1,1
9.447986751038115,33.463,velocity_sine,1,1,6.580396716733837,-128.94964599609375,0.04371320828795433,-0.053531255573034286,2,1
9.447986751038115,33.463,velocity_sine,0,4,,0.0,-0.0,0.006000000052154064,0,1
9.447986751038115,33.463,velocity_sine,0,1,,0.0,0.0,-0.0020000000949949026,0,1
9.457682421023492,33.473,velocity_sine,1,2,103.8603515625,103.865966796875,-3.904843807220459,-0.06275151669979095,1,1
9.457682421023492,33.473,velocity_sine,1,1,6.324170202011711,-128.94964599609375,3.715622663497925,-0.04732191562652588,2,1
9.457682421023492,33.473,velocity_sine,0,4,,0.0,-0.0,-0.017999999225139618,0,1
9.457682421023492,33.473,velocity_sine,0,1,,0.0,0.0,-0.008999999612569809,0,1
9.46828958200058,33.483,velocity_sine,1,2,103.8603515625,103.87164306640625,1.992168664932251,-0.06782195717096329,1,1
9.46828958200058,33.483,velocity_sine,1,1,6.023874982575977,-128.94964599609375,0.04371320828795433,-0.04478061571717262,2,1
9.46828958200058,33.483,velocity_sine,0,4,,0.0,-0.0,0.054999999701976776,0,1
9.46828958200058,33.483,velocity_sine,0,1,,0.0,0.0,0.05700000002980232,0,1
9.477654488000553,33.493,velocity_sine,1,2,103.8603515625,103.93960571289062,-4.731517791748047,0.06423217058181763,1,1
9.477654488000553,33.493,velocity_sine,1,1,5.764623986258323,-128.94964599609375,4.764739513397217,-0.04307737946510315,2,1
9.477654488000553,33.493,velocity_sine,0,4,,0.0,-0.0,0.006000000052154064,0,1
9.477654488000553,33.493,velocity_sine,0,1,,0.0,0.0,-0.01600000075995922,0,1
9.48731807700824,33.503,velocity_sine,1,2,103.8603515625,103.85467529296875,-4.404565811157227,0.03867514058947563,1,1
9.48731807700824,33.503,velocity_sine,1,1,5.764623986258323,-128.92767333984375,0.04371320828795433,-0.034048549830913544,2,1
9.48731807700824,33.503,velocity_sine,0,4,,0.0,-0.0,-0.017999999225139618,0,1
9.48731807700824,33.503,velocity_sine,0,1,,0.0,0.0,-0.008999999612569809,0,1
9.497540131036658,33.513,velocity_sine,1,2,103.8603515625,103.93960571289062,-1.5771725177764893,-0.006876010447740555,1,1
9.497540131036658,33.513,velocity_sine,1,1,5.444810337498617,-128.92767333984375,4.939592361450195,-0.02515714056789875,2,1
9.497540131036658,33.513,velocity_sine,0,4,,0.0,-0.0,0.23800000548362732,0,1
9.497540131036658,33.513,velocity_sine,0,1,,0.0,0.0,-0.008999999612569809,0,1
9.507765621005092,33.523,velocity_sine,1,2,103.8603515625,103.93960571289062,12.271389961242676,0.0014380095526576042,1,1
9.507765621005092,33.523,velocity_sine,1,1,5.170261322837089,-128.90576171875,0.04371320828795433,-0.016193805262446404,2,1
9.507765621005092,33.523,velocity_sine,0,4,,0.0,-0.0,-0.017999999225139618,0,1
9.507765621005092,33.523,velocity_sine,0,1,,0.0,0.0,0.05700000002980232,0,1
9.517277354025282,33.533,velocity_sine,1,2,103.8603515625,103.93960571289062,-7.962798118591309,-0.13319307565689087,1,1
9.517277354025282,33.533,velocity_sine,1,1,4.894676954051339,-128.90576171875,0.04371320828795433,-0.012752058915793896,2,1
9.517277354025282,33.533,velocity_sine,0,4,,0.0,-0.0,-0.017999999225139618,0,1
9.517277354025282,33.533,velocity_sine,0,1,,0.0,0.0,-0.008999999612569809,0,1
9.527888462995179,33.543,velocity_sine,1,2,103.8603515625,103.93960571289062,1.5771725177764893,0.07786736637353897,1,1
9.527888462995179,33.543,velocity_sine,1,1,4.571173351060945,-128.90576171875,0.30599245429039,-0.009088966995477676,2,1
9.527888462995179,33.543,velocity_sine,0,4,,0.0,-0.0,-0.017999999225139618,0,1
9.527888462995179,33.543,velocity_sine,0,1,,0.0,0.0,-0.008999999612569809,0,1
9.537441203021444,33.553,velocity_sine,1,2,103.8603515625,103.93960571289062,-17.887662887573242,-0.018035557121038437,1,1
9.537441203021444,33.553,velocity_sine,1,1,4.266459122570824,-128.90576171875,0.04371320828795433,-0.0025650816969573498,2,1
9.537441203021444,33.553,velocity_sine,0,4,,0.0,-0.0,0.006000000052154064,0,1
9.537441203021444,33.553,velocity_sine,0,1,,0.0,0.0,0.05700000002980232,0,1
9.54791959101567,33.563,velocity_sine,1,2,103.8603515625,103.84329223632812,-6.043352127075195,0.10399162024259567,1,1
9.54791959101567,33.563,velocity_sine,1,1,3.9244110495419533,-128.90576171875,0.04371320828795433,-0.0015969194937497377,2,1
9.54791959101567,33.563,velocity_sine,0,4,,0.0,-0.0,-0.017999999225139618,0,1
9.54791959101567,33.563,velocity_sine,0,1,,0.0,0.0,-0.008999999612569809,0,1
9.557871945027728,33.573,velocity_sine,1,2,103.8603515625,103.865966796875,5.163697242736816,-0.20058105885982513,1,1
9.557871945027728,33.573,velocity_sine,1,1,3.6202627342172122,-128.8837890625,0.04371320828795433,0.004549749195575714,2,1
9.557871945027728,33.573,velocity_sine,0,4,,0.0,-0.0,0.006000000052154064,0,1
9.557871945027728,33.573,velocity_sine,0,1,,0.0,0.0,-0.008999999612569809,0,1
9.568341106001753,33.583,velocity_sine,1,2,103.8603515625,103.851806640625,4.999329566955566,-0.03934410214424133,1,1
9.568341106001753,33.583,velocity_sine,1,1,3.32536679779208,-128.8837890625,0.04371320828795433,0.004366814158856869,2,1
9.568341106001753,33.583,velocity_sine,0,4,,0.0,-0.0,-0.017999999225139618,0,1
9.568341106001753,33.583,velocity_sine,0,1,,0.0,0.0,0.05700000002980232,0,1
9.577687587006949,33.593,velocity_sine,1,2,103.8603515625,103.85745239257812,4.451926231384277,0.010276639834046364,1,1
9.577687587006949,33.593,velocity_sine,1,1,2.957889598238209,-128.8837890625,0.04371320828795433,0.012537029571831226,2,1
9.577687587006949,33.593,velocity_sine,0,4,,0.0,-0.0,0.03200000151991844,0,1
9.577687587006949,33.593,velocity_sine,0,1,,0.0,0.0,-0.008999999612569809,0,1
9.587601479026489,33.603,velocity_sine,1,2,103.8603515625,103.85745239257812,-3.75986647605896,-0.21350793540477753,1,1
9.587601479026489,33.603,velocity_sine,1,1,2.595725066424448,-128.8837890625,0.04371320828795433,0.012323292903602123,2,1
9.587601479026489,33.603,velocity_sine,0,4,,0.0,-0.0,-0.017999999225139618,0,1
9.587601479026489,33.603,velocity_sine,0,1,,0.0,0.0,-0.008999999612569809,0,1
9.597329390002415,33.613,velocity_sine,1,2,103.8603515625,103.91763305664062,-6.039416790008545,-0.09687190502882004,1,1
9.597329390002415,33.613,velocity_sine,1,1,2.595725066424448,-128.8837890625,0.04371320828795433,0.017238780856132507,2,1
9.597329390002415,33.613,velocity_sine,0,4,,0.0,-0.0,-0.017999999225139618,0,1
9.597329390002415,33.613,velocity_sine,0,1,,0.0,0.0,-0.0020000000949949026,0,1
9.608040908002295,33.623,velocity_sine,1,2,103.8603515625,103.93960571289062,4.80845308303833,0.20801474153995514,1,1
9.608040908002295,33.623,velocity_sine,1,1,2.281447794674807,-128.8837890625,0.04371320828795433,0.016622206196188927,2,1
9.608040908002295,33.623,velocity_sine,0,4,,0.0,-0.0,-0.017999999225139618,0,1
9.608040908002295,33.623,velocity_sine,0,1,,0.0,0.0,-0.008999999612569809,0,1
9.61776088399347,33.633,velocity_sine,1,2,103.8603515625,103.96157836914062,-8.116668701171875,-0.13309377431869507,1,1
9.61776088399347,33.633,velocity_sine,1,1,1.9499781348340317,-128.86181640625,0.04371320828795433,0.01973198913037777,2,1
9.61776088399347,33.633,velocity_sine,0,4,,0.0,-0.0,-0.017999999225139618,0,1
9.61776088399347,33.633,velocity_sine,0,1,,0.0,0.0,0.06400000303983688,0,1
9.627717497001868,33.643,velocity_sine,1,2,103.8603515625,103.9835205078125,-6.424093246459961,-0.012931428849697113,1,1
9.627717497001868,33.643,velocity_sine,1,1,1.5814483846445109,-128.86181640625,0.04371320828795433,0.023103246465325356,2,1
9.627717497001868,33.643,velocity_sine,0,4,,0.0,-0.0,0.006000000052154064,0,1
9.627717497001868,33.643,velocity_sine,0,1,,0.0,0.0,-0.008999999612569809,0,1
9.637359215004835,33.653,velocity_sine,1,2,103.8603515625,103.88018798828125,1.9833881855010986,0.06522291898727417,1,1
9.637359215004835,33.653,velocity_sine,1,1,1.1972150706724252,-128.86181640625,0.04371320828795433,0.02134697511792183,2,1
9.637359215004835,33.653,velocity_sine,0,4,,0.0,-0.0,-0.017999999225139618,0,1
9.637359215004835,33.653,velocity_sine,0,1,,0.0,0.0,-0.008999999612569809,0,1
9.648054081015289,33.663,velocity_sine,1,2,103.8603515625,103.87734985351562,-4.879782199859619,0.057639140635728836,1,1
9.648054081015289,33.663,velocity_sine,1,1,0.8247419358725038,-128.86181640625,0.04371320828795433,0.021249711513519287,2,1
9.648054081015289,33.663,velocity_sine,0,4,,0.0,-0.0,-0.20100000500679016,0,1
9.648054081015289,33.663,velocity_sine,0,1,,0.0,0.0,-0.008999999612569809,0,1
9.657784237002488,33.673,velocity_sine,1,2,103.8603515625,103.96157836914062,5.501088619232178,0.13968919217586517,1,1
9.657784237002488,33.673,velocity_sine,1,1,0.4935022576264304,-128.86181640625,0.04371320828795433,0.022900817915797234,2,1
9.657784237002488,33.673,velocity_sine,0,4,,0.0,-0.0,-0.06599999964237213,0,1
9.657784237002488,33.673,velocity_sine,0,1,,0.0,0.0,-0.008999999612569809,0,1
9.667850206024013,33.683,velocity_sine,1,2,103.8603515625,103.8603515625,-6.302981376647949,0.05652395635843277,1,1
9.667850206024013,33.683,velocity_sine,1,1,0.11097209467836483,-128.86181640625,0.04371320828795433,0.022430581972002983,2,1
9.667850206024013,33.683,velocity_sine,0,4,,0.0,-0.0,-0.017999999225139618,0,1
9.667850206024013,33.683,velocity_sine,0,1,,0.0,0.0,-0.0020000000949949026,0,1
9.677345538046211,33.693,velocity_sine,1,2,103.8603515625,103.96157836914062,0.4231438636779785,0.05207008123397827,1,1
9.677345538046211,33.693,velocity_sine,1,1,0.11097209467836483,-128.86181640625,0.04371320828795433,0.02418578788638115,2,1
9.677345538046211,33.693,velocity_sine,0,4,,0.0,-0.0,-0.017999999225139618,0,1
9.677345538046211,33.693,velocity_sine,0,1,,0.0,0.0,-0.008999999612569809,0,1
9.687335574009921,33.703,velocity_sine,1,2,103.8603515625,103.96157836914062,10.194138526916504,0.2932628095149994,1,1
9.687335574009921,33.703,velocity_sine,1,1,-0.2121521702804583,-128.86181640625,0.04371320828795433,0.023430626839399338,2,1
9.687335574009921,33.703,velocity_sine,0,4,,0.0,-0.0,-0.017999999225139618,0,1
9.687335574009921,33.703,velocity_sine,0,1,,0.0,0.0,-0.008999999612569809,0,1
9.697366657026578,33.713,velocity_sine,1,2,103.8603515625,103.96157836914062,0.8078200817108154,0.14699316024780273,1,1
9.697366657026578,33.713,velocity_sine,1,1,-0.5265553743873781,-128.86181640625,0.04371320828795433,0.02514476515352726,2,1
9.697366657026578,33.713,velocity_sine,0,4,,0.0,-0.0,0.006000000052154064,0,1
9.697366657026578,33.713,velocity_sine,0,1,,0.0,0.0,-0.008999999612569809,0,1
9.708079638017807,33.723,velocity_sine,1,2,103.8603515625,103.96157836914062,0.9616906046867371,-0.010109190829098225,1,1
9.708079638017807,33.723,velocity_sine,1,1,-0.8433356894375041,-128.86181640625,0.04371320828795433,0.022657062858343124,2,1
9.708079638017807,33.723,velocity_sine,0,4,,0.0,-0.0,-0.017999999225139618,0,1
9.708079638017807,33.723,velocity_sine,0,1,,0.0,0.0,-0.008999999612569809,0,1
9.717827356013004,33.733,velocity_sine,1,2,103.8603515625,103.96157836914062,-4.731517791748047,-0.0045740194618701935,1,1
9.717827356013004,33.733,velocity_sine,1,1,-1.1780424662852331,-128.86181640625,0.04371320828795433,0.0196927972137928,2,1
9.717827356013004,33.733,velocity_sine,0,4,,0.0,-0.0,0.006000000052154064,0,1
9.717827356013004,33.733,velocity_sine,0,1,,0.0,0.0,-0.008999999612569809,0,1
9.727917762007564,33.743,velocity_sine,1,2,103.8603515625,103.93960571289062,-4.1929707527160645,0.03199194371700287,1,1
9.727917762007564,33.743,velocity_sine,1,1,-1.5476136406795664,-128.86181640625,0.04371320828795433,0.017450707033276558,2,1
9.727917762007564,33.743,velocity_sine,0,4,,0.0,-0.0,-0.017999999225139618,0,1
9.727917762007564,33.743,velocity_sine,0,1,,0.0,0.0,-0.008999999612569809,0,1
9.737600818043575,33.753,velocity_sine,1,2,103.8603515625,103.96157836914062,-4.5776472091674805,0.10815168917179108,1,1
9.737600818043575,33.753,velocity_sine,1,1,-1.8647445116907364,-128.86181640625,0.04371320828795433,0.012080580927431583,2,1
9.737600818043575,33.753,velocity_sine,0,4,,0.0,-0.0,0.03200000151991844,0,1
9.737600818043575,33.753,velocity_sine,0,1,,0.0,0.0,0.05700000002980232,0,1
9.747870752005838,33.763,velocity_sine,1,2,103.8603515625,103.87164306640625,0.3841421902179718,0.0009779941756278276,1,1
9.747870752005838,33.763,velocity_sine,1,1,-2.2313474012630854,-128.86181640625,0.04371320828795433,0.008989336900413036,2,1
9.747870752005838,33.763,velocity_sine,0,4,,0.0,-0.0,0.03200000151991844,0,1
9.747870752005838,33.763,velocity_sine,0,1,,0.0,0.0,-0.008999999612569809,0,1
9.757642957032658,33.773,velocity_sine,1,2,103.8603515625,103.85745239257812,3.760295867919922,0.17189893126487732,1,1
9.757642957032658,33.773,velocity_sine,1,1,-2.5482975810862967,-128.86181640625,0.04371320828795433,0.0020441943779587746,2,1
9.757642957032658,33.773,velocity_sine,0,4,,0.0,-0.0,-0.017999999225139618,0,1
9.757642957032658,33.773,velocity_sine,0,1,,0.0,0.0,-0.008999999612569809,0,1
9.768067363009322,33.783,velocity_sine,1,2,103.8603515625,103.8603515625,6.043454647064209,0.061510391533374786,1,1
9.768067363009322,33.783,velocity_sine,1,1,-2.911664478381451,-128.86181640625,0.04371320828795433,-0.001023103715851903,2,1
9.768067363009322,33.783,velocity_sine,0,4,,0.0,-0.0,0.006000000052154064,0,1
9.768067363009322,33.783,velocity_sine,0,1,,0.0,0.0,-0.008999999612569809,0,1
9.777842923998833,33.793,velocity_sine,1,2,103.8603515625,103.96157836914062,-4.962323188781738,-0.23478424549102783,1,1
9.777842923998833,33.793,velocity_sine,1,1,-3.212225303762433,-128.86181640625,0.04371320828795433,-0.00218541850335896,2,1
9.777842923998833,33.793,velocity_sine,0,4,,0.0,-0.0,-0.017999999225139618,0,1
9.777842923998833,33.793,velocity_sine,0,1,,0.0,0.0,-0.01600000075995922,0,1
9.787892642023508,33.803,velocity_sine,1,2,103.8603515625,103.851806640625,-5.734261512756348,-0.003942244220525026,1,1
9.787892642023508,33.803,velocity_sine,1,1,-3.5136627582786706,-128.8837890625,0.04371320828795433,-0.013533169403672218,2,1
9.787892642023508,33.803,velocity_sine,0,4,,0.0,-0.0,0.006000000052154064,0,1
9.787892642023508,33.803,velocity_sine,0,1,,0.0,0.0,0.05700000002980232,0,1
9.797937872004695,33.813,velocity_sine,1,2,103.8603515625,103.93960571289062,7.578340530395508,-0.14861898124217987,1,1
9.797937872004695,33.813,velocity_sine,1,1,-3.807735426803149,-128.8837890625,0.04371320828795433,-0.018830401822924614,2,1
9.797937872004695,33.813,velocity_sine,0,4,,0.0,-0.0,-0.017999999225139618,0,1
9.797937872004695,33.813,velocity_sine,0,1,,0.0,0.0,-0.008999999612569809,0,1
9.808360244031064,33.823,velocity_sine,1,2,103.8603515625,103.85745239257812,9.167593955993652,0.12855766713619232,1,1
9.808360244031064,33.823,velocity_sine,1,1,-4.153667649104113,-128.8837890625,0.04371320828795433,-0.026293622329831123,2,1
9.808360244031064,33.823,velocity_sine,0,4,,0.0,-0.0,-0.017999999225139618,0,1
9.808360244031064,33.823,velocity_sine,0,1,,0.0,0.0,-0.008999999612569809,0,1
9.817706605012063,33.833,velocity_sine,1,2,103.8603515625,103.93960571289062,2.808136463165283,-0.06354470551013947,1,1
9.817706605012063,33.833,velocity_sine,1,1,-4.153667649104113,-128.8837890625,0.04371320828795433,-0.03264569863677025,2,1
9.817706605012063,33.833,velocity_sine,0,4,,0.0,-0.0,0.006000000052154064,0,1
9.817706605012063,33.833,velocity_sine,0,1,,0.0,0.0,-0.008999999612569809,0,1
9.827693464991171,33.843,velocity_sine,1,2,103.8603515625,103.93960571289062,-5.654740810394287,0.0770825669169426,1,1
9.827693464991171,33.843,velocity_sine,1,1,-4.460955827528096,-128.8837890625,0.04371320828795433,-0.04507986828684807,2,1
9.827693464991171,33.843,velocity_sine,0,4,,0.0,-0.0,-0.017999999225139618,0,1
9.827693464991171,33.843,velocity_sine,0,1,,0.0,0.0,-0.008999999612569809,0,1
9.837767810036894,33.853,velocity_sine,1,2,103.8603515625,103.96157836914062,-1.5002373456954956,0.12832240760326385,1,1
9.837767810036894,33.853,velocity_sine,1,1,-4.800900186939655,-128.8837890625,0.04371320828795433,-0.04963896423578262,2,1
9.837767810036894,33.853,velocity_sine,0,4,,0.0,-0.0,0.054999999701976776,0,1
9.837767810036894,33.853,velocity_sine,0,1,,0.0,0.0,-0.008999999612569809,0,1
9.84761466603959,33.863,velocity_sine,1,2,103.8603515625,103.93960571289062,-4.346841335296631,0.14677183330059052,1,1
9.84761466603959,33.863,velocity_sine,1,1,-5.076527774398203,-128.8837890625,0.04371320828795433,-0.058719150722026825,2,1
9.84761466603959,33.863,velocity_sine,0,4,,0.0,-0.0,-0.017999999225139618,0,1
9.84761466603959,33.863,velocity_sine,0,1,,0.0,0.0,-0.008999999612569809,0,1
9.857395617000293,33.873,velocity_sine,1,2,103.8603515625,103.84896850585938,5.347699165344238,0.18528509140014648,1,1
9.857395617000293,33.873,velocity_sine,1,1,-5.395964712288932,-128.8837890625,0.04371320828795433,-0.06896831840276718,2,1
9.857395617000293,33.873,velocity_sine,0,4,,0.0,-0.0,-0.017999999225139618,0,1
9.857395617000293,33.873,velocity_sine,0,1,,0.0,0.0,-0.008999999612569809,0,1
9.867870278016198,33.883,velocity_sine,1,2,103.8603515625,103.85467529296875,3.4314441680908203,0.16762688755989075,1,1
9.867870278016198,33.883,velocity_sine,1,1,-5.660068074145564,-128.8837890625,0.04371320828795433,-0.07326378673315048,2,1
9.867870278016198,33.883,velocity_sine,0,4,,0.0,-0.0,0.006000000052154064,0,1
9.867870278016198,33.883,velocity_sine,0,1,,0.0,0.0,-0.008999999612569809,0,1
9.877592989010736,33.893,velocity_sine,1,2,103.8603515625,103.93960571289062,-2.808136463165283,0.012559868395328522,1,1
9.877592989010736,33.893,velocity_sine,1,1,-5.9191253456790305,-128.8837890625,0.04371320828795433,-0.0821639746427536,2,1
9.877592989010736,33.893,velocity_sine,0,4,,0.0,-0.0,0.006000000052154064,0,1
9.877592989010736,33.893,velocity_sine,0,1,,0.0,0.0,-0.01600000075995922,0,1
9.887929418997373,33.903,velocity_sine,1,2,103.8603515625,103.851806640625,3.609574556350708,0.032770875841379166,1,1
9.887929418997373,33.903,velocity_sine,1,1,-6.224871047541932,-128.8837890625,0.04371320828795433,-0.09354974329471588,2,1
9.887929418997373,33.903,velocity_sine,0,4,,0.0,-0.0,-0.017999999225139618,0,1
9.887929418997373,33.903,velocity_sine,0,1,,0.0,0.0,-0.008999999612569809,0,1
9.897895750007592,33.913,velocity_sine,1,2,103.8603515625,103.93960571289062,10.194138526916504,0.16493690013885498,1,1
9.897895750007592,33.913,velocity_sine,1,1,-6.475721236982923,-128.8837890625,0.04371320828795433,-0.11310239881277084,2,1
9.897895750007592,33.913,velocity_sine,0,4,,0.0,-0.0,0.03200000151991844,0,1
9.897895750007592,33.913,velocity_sine,0,1,,0.0,0.0,-0.008999999612569809,0,1
9.90774729399709,33.923,velocity_sine,1,2,103.8603515625,103.84896850585938,3.7577123641967773,0.12398626655340195,1,1
9.90774729399709,33.923,velocity_sine,1,1,-6.759218802071595,-128.90576171875,0.04371320828795433,-0.11559616029262543,2,1
9.90774729399709,33.923,velocity_sine,0,4,,0.0,-0.0,0.03200000151991844,0,1
9.90774729399709,33.923,velocity_sine,0,1,,0.0,0.0,-0.008999999612569809,0,1
9.917824004020076,33.933,velocity_sine,1,2,103.8603515625,103.93960571289062,2.9620070457458496,0.23634177446365356,1,1
9.917824004020076,33.933,velocity_sine,1,1,-6.993821442410936,-128.90576171875,0.04371320828795433,-0.12781231105327606,2,1
9.917824004020076,33.933,velocity_sine,0,4,,0.0,-0.0,0.006000000052154064,0,1
9.917824004020076,33.933,velocity_sine,0,1,,0.0,0.0,0.05700000002980232,0,1
9.927851070009638,33.943,velocity_sine,1,2,103.8603515625,103.93960571289062,1.8079782724380493,0.16431111097335815,1,1
9.927851070009638,33.943,velocity_sine,1,1,-6.993821442410936,-128.90576171875,-4.502460479736328,-0.14216028153896332,2,1
9.927851070009638,33.943,velocity_sine,0,4,,0.0,-0.0,-0.017999999225139618,0,1
9.927851070009638,33.943,velocity_sine,0,1,,0.0,0.0,-0.008999999612569809,0,1
9.9375503170304,33.953,velocity_sine,1,2,103.8603515625,103.93960571289062,-4.1929707527160645,-0.12113695591688156,1,1
9.9375503170304,33.953,velocity_sine,1,1,-7.230929121708268,-128.90576171875,0.04371320828795433,-0.15737251937389374,2,1
9.9375503170304,33.953,velocity_sine,0,4,,0.0,-0.0,-0.017999999225139618,0,1
9.9375503170304,33.953,velocity_sine,0,1,,0.0,0.0,-0.0020000000949949026,0,1
9.947634921001736,33.963,velocity_sine,1,2,103.8603515625,103.96157836914062,2.8850717544555664,0.23813018202781677,1,1
9.947634921001736,33.963,velocity_sine,1,1,-7.48535019219513,-128.90576171875,0.04371320828795433,-0.17200495302677155,2,1
9.947634921001736,33.963,velocity_sine,0,4,,0.0,-0.0,-0.017999999225139618,0,1
9.947634921001736,33.963,velocity_sine,0,1,,0.0,0.0,-0.0020000000949949026,0,1
9.957535116991494,33.973,velocity_sine,1,2,103.8603515625,103.96157836914062,-2.731201171875,0.46457576751708984,1,1
9.957535116991494,33.973,velocity_sine,1,1,-7.733392649941393,-128.90576171875,0.04371320828795433,-0.186824232339859,2,1
9.957535116991494,33.973,velocity_sine,0,4,,0.0,-0.0,0.03200000151991844,0,1
9.957535116991494,33.973,velocity_sine,0,1,,0.0,0.0,-0.008999999612569809,0,1
9.967610615014564,33.983,velocity_sine,1,2,103.8603515625,103.93960571289062,0.8078200817108154,0.19724813103675842,1,1
9.967610615014564,33.983,velocity_sine,1,1,-7.931841341508829,-128.90576171875,0.04371320828795433,-0.1930146962404251,2,1
9.967610615014564,33.983,velocity_sine,0,4,,0.0,-0.0,0.23800000548362732,0,1
9.967610615014564,33.983,velocity_sine,0,1,,0.0,0.0,0.05700000002980232,0,1
9.978282377007417,33.993,velocity_sine,1,2,103.8603515625,103.85745239257812,-1.6812878847122192,-0.04486501216888428,1,1
9.978282377007417,33.993,velocity_sine,1,1,-8.160804303963939,-128.90576171875,0.04371320828795433,-0.20544284582138062,2,1
9.978282377007417,33.993,velocity_sine,0,4,,0.0,-0.0,0.006000000052154064,0,1
9.978282377007417,33.993,velocity_sine,0,1,,0.0,0.0,-0.008999999612569809,0,1
9.9875995030161,34.003,velocity_sine,1,2,103.8603515625,103.851806640625,-9.8023042678833,-0.05340411886572838,1,1
9.9875995030161,34.003,velocity_sine,1,1,-8.350143555336803,-128.90576171875,0.04371320828795433,-0.2093488723039627,2,1
9.9875995030161,34.003,velocity_sine,0,4,,0.0,-0.0,0.006000000052154064,0,1
9.9875995030161,34.003,velocity_sine,0,1,,0.0,0.0,-0.008999999612569809,0,1
9.997466927045025,34.013,velocity_sine,1,2,103.8603515625,103.93960571289062,-5.73167610168457,0.05434078350663185,1,1
9.997466927045025,34.013,velocity_sine,1,1,-8.54458922917402,-128.92767333984375,0.04371320828795433,-0.2238936722278595,2,1
9.997466927045025,34.013,velocity_sine,0,4,,0.0,-0.0,-0.017999999225139618,0,1
9.997466927045025,34.013,velocity_sine,0,1,,0.0,0.0,-0.008999999612569809,0,1
10.007800602004863,34.023,velocity_sine,1,2,103.8603515625,103.93960571289062,-1.7310431003570557,0.009577200748026371,1,1
10.007800602004863,34.023,velocity_sine,1,1,-8.54458922917402,-128.92767333984375,0.04371320828795433,-0.24502338469028473,2,1
10.007800602004863,34.023,velocity_sine,0,4,,0.0,-0.0,-0.017999999225139618,0,1
10.007800602004863,34.023,velocity_sine,0,1,,0.0,0.0,-0.008999999612569809,0,1
10.017338695004582,34.033,velocity_sine,1,2,103.8603515625,103.93960571289062,-0.2692733705043793,0.19489818811416626,1,1
10.017338695004582,34.033,velocity_sine,1,1,-8.720760459330375,-128.92767333984375,0.04371320828795433,-0.2591779828071594,2,1
10.017338695004582,34.033,velocity_sine,0,4,,0.0,-0.0,0.006000000052154064,0,1
10.017338695004582,34.033,velocity_sine,0,1,,0.0,0.0,-0.0020000000949949026,0,1
10.027804799028672,34.043,velocity_sine,1,2,103.8603515625,103.93960571289062,-2.192654609680176,0.03591791167855263,1,1
10.027804799028672,34.043,velocity_sine,1,1,-8.895616561444706,-128.92767333984375,0.04371320828795433,-0.27262669801712036,2,1
10.027804799028672,34.043,velocity_sine,0,4,,0.0,-0.0,-0.017999999225139618,0,1
10.027804799028672,34.043,velocity_sine,0,1,,0.0,0.0,-0.008999999612569809,0,1
10.037544652994256,34.053,velocity_sine,1,2,103.8603515625,103.93960571289062,-1.6541078090667725,-0.053362298756837845,1,1
10.037544652994256,34.053,velocity_sine,1,1,-9.042275685448168,-128.92767333984375,0.04371320828795433,-0.2866096794605255,2,1
10.037544652994256,34.053,velocity_sine,0,4,,0.0,-0.0,-0.017999999225139618,0,1
10.037544652994256,34.053,velocity_sine,0,1,,0.0,0.0,-0.008999999612569809,0,1
10.047637172043324,34.063,velocity_sine,1,2,103.8603515625,103.96157836914062,1.8079782724380493,-0.002401827834546566,1,1
10.047637172043324,34.063,velocity_sine,1,1,-9.195939328241149,-128.92767333984375,0.04371320828795433,-0.27849817276000977,2,1
10.047637172043324,34.063,velocity_sine,0,4,,0.0,-0.0,-0.06599999964237213,0,1
10.047637172043324,34.063,velocity_sine,0,1,,0.0,0.0,-0.008999999612569809,0,1
10.05880000203615,34.073,velocity_sine,1,2,103.8603515625,103.88302612304688,6.949887752532959,-0.026065543293952942,1,1
10.05880000203615,34.073,velocity_sine,1,1,-9.339144420152918,-128.94964599609375,0.04371320828795433,-0.28995388746261597,2,1
10.05880000203615,34.073,velocity_sine,0,4,,0.0,-0.0,-0.017999999225139618,0,1
10.05880000203615,34.073,velocity_sine,0,1,,0.0,0.0,-0.008999999612569809,0,1
10.067011310020462,34.083,velocity_sine,1,2,103.8603515625,103.86318969726562,-1.9371511936187744,-0.002548149786889553,1,1
10.067011310020462,34.083,velocity_sine,1,1,-9.461405873989019,-128.94964599609375,0.04371320828795433,-0.2957709729671478,2,1
10.067011310020462,34.083,velocity_sine,0,4,,0.0,-0.0,-0.017999999225139618,0,1
10.067011310020462,34.083,velocity_sine,0,1,,0.0,0.0,-0.008999999612569809,0,1
10.077518242003862,34.093,velocity_sine,1,2,103.8603515625,103.96157836914062,1.7310431003570557,0.12751169502735138,1,1
10.077518242003862,34.093,velocity_sine,1,1,-9.559161228732616,-128.94964599609375,-2.404226541519165,-0.31311169266700745,2,1
10.077518242003862,34.093,velocity_sine,0,4,,0.0,-0.0,0.006000000052154064,0,1
10.077518242003862,34.093,velocity_sine,0,1,,0.0,0.0,-0.01600000075995922,0,1
10.087610791029874,34.103,velocity_sine,1,2,103.8603515625,103.87164306640625,8.583698272705078,0.06281578540802002,1,1
10.087610791029874,34.103,velocity_sine,1,1,-9.65060125576101,-128.94964599609375,0.04371320828795433,-0.3322593569755554,2,1
10.087610791029874,34.103,velocity_sine,0,4,,0.0,-0.0,0.006000000052154064,0,1
10.087610791029874,34.103,velocity_sine,0,1,,0.0,0.0,-0.008999999612569809,0,1
10.097232803003863,34.113,velocity_sine,1,2,103.8603515625,103.96157836914062,0.730884850025177,0.09984661638736725,1,1
10.097232803003863,34.113,velocity_sine,1,1,-9.730393387683943,-128.94964599609375,0.04371320828795433,-0.3444943428039551,2,1
10.097232803003863,34.113,velocity_sine,0,4,,0.0,-0.0,0.03200000151991844,0,1
10.097232803003863,34.113,velocity_sine,0,1,,0.0,0.0,-0.008999999612569809,0,1
10.107742819993291,34.123,velocity_sine,1,2,103.8603515625,103.96157836914062,5.347218036651611,0.31857940554618835,1,1
10.107742819993291,34.123,velocity_sine,1,1,-9.730393387683943,-128.97161865234375,-0.21856604516506195,-0.35879531502723694,2,1
10.107742819993291,34.123,velocity_sine,0,4,,0.0,-0.0,-0.017999999225139618,0,1
10.107742819993291,34.123,velocity_sine,0,1,,0.0,0.0,0.05700000002980232,0,1
10.117320768011268,34.133,velocity_sine,1,2,103.8603515625,103.96157836914062,-4.962323188781738,0.24926356971263885,1,1
10.117320768011268,34.133,velocity_sine,1,1,-9.805716073659614,-128.97161865234375,-4.677313327789307,-0.37334901094436646,2,1
10.117320768011268,34.133,velocity_sine,0,4,,0.0,-0.0,0.006000000052154064,0,1
10.117320768011268,34.133,velocity_sine,0,1,,0.0,0.0,-0.01600000075995922,0,1
10.127830484998412,34.143,velocity_sine,1,2,103.8603515625,103.96157836914062,-4.346841335296631,-0.07569313049316406,1,1
10.127830484998412,34.143,velocity_sine,1,1,-9.871553949796013,-128.97161865234375,0.04371320828795433,-0.38391929864883423,2,1
10.127830484998412,34.143,velocity_sine,0,4,,0.0,-0.0,0.006000000052154064,0,1
10.127830484998412,34.143,velocity_sine,0,1,,0.0,0.0,-0.008999999612569809,0,1
10.137333029997535,34.153,velocity_sine,1,2,103.8603515625,103.93960571289062,1.8849135637283325,0.12528201937675476,1,1
10.137333029997535,34.153,velocity_sine,1,1,-9.918933733467373,-128.99359130859375,0.04371320828795433,-0.39775264263153076,2,1
10.137333029997535,34.153,velocity_sine,0,4,,0.0,-0.0,-0.017999999225139618,0,1
10.137333029997535,34.153,velocity_sine,0,1,,0.0,0.0,-0.07699999958276749,0,1
10.147762145032175,34.163,velocity_sine,1,2,103.8603515625,103.93960571289062,-2.731201171875,-0.07773800939321518,1,1
10.147762145032175,34.163,velocity_sine,1,1,-9.959337583884638,-128.99359130859375,-4.852166175842285,-0.41083282232284546,2,1
10.147762145032175,34.163,velocity_sine,0,4,,0.0,-0.0,0.006000000052154064,0,1
10.147762145032175,34.163,velocity_sine,0,1,,0.0,0.0,-0.008999999612569809,0,1
10.157670927990694,34.173,velocity_sine,1,2,103.8603515625,103.91763305664062,-0.2692733705043793,-0.13137146830558777,1,1
10.157670927990694,34.173,velocity_sine,1,1,-9.983371909270867,-128.99359130859375,0.04371320828795433,-0.4235393702983856,2,1
10.157670927990694,34.173,velocity_sine,0,4,,0.0,-0.0,-0.017999999225139618,0,1
10.157670927990694,34.173,velocity_sine,0,1,,0.0,0.0,-0.008999999612569809,0,1
10.167966029024683,34.183,velocity_sine,1,2,103.8603515625,103.86318969726562,6.514847278594971,-0.06125454977154732,1,1
10.167966029024683,34.183,velocity_sine,1,1,-9.998090949427793,-128.99359130859375,0.04371320828795433,-0.43339255452156067,2,1
10.167966029024683,34.183,velocity_sine,0,4,,0.0,-0.0,-0.017999999225139618,0,1
10.167966029024683,34.183,velocity_sine,0,1,,0.0,0.0,-0.008999999612569809,0,1
10.178052247036248,34.193,velocity_sine,1,2,103.8603515625,103.93960571289062,1.5771725177764893,-0.11855418235063553,1,1
10.178052247036248,34.193,velocity_sine,1,1,-9.999168979852875,-129.01556396484375,-0.21856604516506195,-0.45223745703697205,2,1
10.178052247036248,34.193,velocity_sine,0,4,,0.0,-0.0,-0.017999999225139618,0,1
10.178052247036248,34.193,velocity_sine,0,1,,0.0,0.0,-0.008999999612569809,0,1
10.187594227027148,34.203,velocity_sine,1,2,103.8603515625,103.85745239257812,-5.563869953155518,-0.20080877840518951,1,1
10.187594227027148,34.203,velocity_sine,1,1,-9.987047504947112,-129.01556396484375,0.04371320828795433,-0.4560060203075409,2,1
10.187594227027148,34.203,velocity_sine,0,4,,0.0,-0.0,-0.017999999225139618,0,1
10.187594227027148,34.203,velocity_sine,0,1,,0.0,0.0,0.05700000002980232,0,1
10.19748862204142,34.213,velocity_sine,1,2,103.8603515625,103.93960571289062,4.885388374328613,-0.032793909311294556,1,1
10.19748862204142,34.213,velocity_sine,1,1,-9.966000681934265,-129.01556396484375,0.04371320828795433,-0.46786537766456604,2,1
10.19748862204142,34.213,velocity_sine,0,4,,0.0,-0.0,0.006000000052154064,0,1
10.19748862204142,34.213,velocity_sine,0,1,,0.0,0.0,-0.0020000000949949026,0,1
10.207825854013208,34.223,velocity_sine,1,2,103.8603515625,103.93960571289062,-4.500711917877197,0.14857275784015656,1,1
10.207825854013208,34.223,velocity_sine,1,1,-9.966000681934265,-129.03753662109375,-1.1802566051483154,-0.4831292927265167,2,1
10.207825854013208,34.223,velocity_sine,0,4,,0.0,-0.0,0.054999999701976776,0,1
10.207825854013208,34.223,velocity_sine,0,1,,0.0,0.0,-0.008999999612569809,0,1
10.217420263041276,34.233,velocity_sine,1,2,103.8603515625,103.93960571289062,-2.5003955364227295,0.0030992126557976007,1,1
10.217420263041276,34.233,velocity_sine,1,1,-9.931621449070672,-129.03753662109375,0.04371320828795433,-0.49604177474975586,2,1
10.217420263041276,34.233,velocity_sine,0,4,,0.0,-0.0,-0.017999999225139618,0,1
10.217420263041276,34.233,velocity_sine,0,1,,0.0,0.0,-0.008999999612569809,0,1
10.227718280046247,34.243,velocity_sine,1,2,103.8603515625,103.96157836914062,15.041059494018555,0.03614950552582741,1,1
10.227718280046247,34.243,velocity_sine,1,1,-9.881578747020999,-129.05950927734375,0.04371320828795433,-0.5057508945465088,2,1
10.227718280046247,34.243,velocity_sine,0,4,,0.0,-0.0,0.006000000052154064,0,1
10.227718280046247,34.243,velocity_sine,0,1,,0.0,0.0,-0.008999999612569809,0,1
10.23730354203144,34.253,velocity_sine,1,2,103.8603515625,103.96157836914062,6.501246929168701,0.24434621632099152,1,1
10.23730354203144,34.253,velocity_sine,1,1,-9.82633084740842,-129.05950927734375,0.04371320828795433,-0.5215643048286438,2,1
10.23730354203144,34.253,velocity_sine,0,4,,0.0,-0.0,-0.017999999225139618,0,1
10.23730354203144,34.253,velocity_sine,0,1,,0.0,0.0,-0.008999999612569809,0,1
10.247735932993237,34.263,velocity_sine,1,2,103.8603515625,103.96157836914062,4.269906044006348,-0.007368421647697687,1,1
10.247735932993237,34.263,velocity_sine,1,1,-9.750598230481874,-129.08148193359375,0.04371320828795433,-0.5292765498161316,2,1
10.247735932993237,34.263,velocity_sine,0,4,,0.0,-0.0,0.006000000052154064,0,1
10.247735932993237,34.263,velocity_sine,0,1,,0.0,0.0,-0.008999999612569809,0,1
10.257581496029161,34.273,velocity_sine,1,2,103.8603515625,103.87734985351562,2.3546454906463623,-0.08651897311210632,1,1
10.257581496029161,34.273,velocity_sine,1,1,-9.672415544443702,-129.08148193359375,0.04371320828795433,-0.5380775928497314,2,1
10.257581496029161,34.273,velocity_sine,0,4,,0.0,-0.0,-0.017999999225139618,0,1
10.257581496029161,34.273,velocity_sine,0,1,,0.0,0.0,0.05700000002980232,0,1
10.267728156992234,34.283,velocity_sine,1,2,103.8603515625,103.88302612304688,-1.9493640661239624,0.1077602356672287,1,1
10.267728156992234,34.283,velocity_sine,1,1,-9.567263311213074,-129.08148193359375,0.04371320828795433,-0.5464585423469543,2,1
10.267728156992234,34.283,velocity_sine,0,4,,0.0,-0.0,0.03200000151991844,0,1
10.267728156992234,34.283,velocity_sine,0,1,,0.0,0.0,-0.008999999612569809,0,1
10.277569041994866,34.293,velocity_sine,1,2,103.8603515625,103.89154052734375,-5.137938022613525,0.18329067528247833,1,1
10.277569041994866,34.293,velocity_sine,1,1,-9.450628595368324,-129.10345458984375,-4.852166175842285,-0.5563026666641235,2,1
10.277569041994866,34.293,velocity_sine,0,4,,0.0,-0.0,0.006000000052154064,0,1
10.277569041994866,34.293,velocity_sine,0,1,,0.0,0.0,-0.008999999612569809,0,1
10.287615063018166,34.303,velocity_sine,1,2,103.8603515625,103.9835205078125,2.808136463165283,0.11017177999019623,1,1
10.287615063018166,34.303,velocity_sine,1,1,-9.450628595368324,-129.10345458984375,0.04371320828795433,-0.5696951746940613,2,1
10.287615063018166,34.303,velocity_sine,0,4,,0.0,-0.0,-0.017999999225139618,0,1
10.287615063018166,34.303,velocity_sine,0,1,,0.0,0.0,-0.008999999612569809,0,1
10.297224159992766,34.313,velocity_sine,1,2,103.8603515625,103.96157836914062,1.2694315910339355,0.13983659446239471,1,1
10.297224159992766,34.313,velocity_sine,1,1,-9.331763289670553,-129.1253662109375,-4.764739513397217,-0.5860809683799744,2,1
10.297224159992766,34.313,velocity_sine,0,4,,0.0,-0.0,0.006000000052154064,0,1
10.297224159992766,34.313,velocity_sine,0,1,,0.0,0.0,0.05700000002980232,0,1
10.308058900001924,34.323,velocity_sine,1,2,103.8603515625,103.96157836914062,-2.9620070457458496,0.03869231790304184,1,1
10.308058900001924,34.323,velocity_sine,1,1,-9.191592776447028,-129.1253662109375,-1.1802566051483154,-0.5969456434249878,2,1
10.308058900001924,34.323,velocity_sine,0,4,,0.0,-0.0,0.03200000151991844,0,1
10.308058900001924,34.323,velocity_sine,0,1,,0.0,0.0,-0.0020000000949949026,0,1
10.3173578120186,34.333,velocity_sine,1,2,103.8603515625,103.93960571289062,0.8078200817108154,-0.12417814135551453,1,1
10.3173578120186,34.333,velocity_sine,1,1,-9.050737925173504,-129.1473388671875,0.04371320828795433,-0.6045979261398315,2,1
10.3173578120186,34.333,velocity_sine,0,4,,0.0,-0.0,-0.017999999225139618,0,1
10.3173578120186,34.333,velocity_sine,0,1,,0.0,0.0,-0.008999999612569809,0,1
10.327781205996871,34.343,velocity_sine,1,2,103.8603515625,103.93960571289062,4.116035461425781,-0.10599056631326675,1,1
10.327781205996871,34.343,velocity_sine,1,1,-8.89376252080205,-129.1473388671875,-1.1802566051483154,-0.6114283204078674,2,1
10.327781205996871,34.343,velocity_sine,0,4,,0.0,-0.0,-0.06599999964237213,0,1
10.327781205996871,34.343,velocity_sine,0,1,,0.0,0.0,-0.008999999612569809,0,1
10.337543532019481,34.353,velocity_sine,1,2,103.8603515625,103.865966796875,-9.396742820739746,-0.21248845756053925,1,1
10.337543532019481,34.353,velocity_sine,1,1,-8.7346246288447,-129.1693115234375,0.04371320828795433,-0.6186289191246033,2,1
10.337543532019481,34.353,velocity_sine,0,4,,0.0,-0.0,-0.017999999225139618,0,1
10.337543532019481,34.353,velocity_sine,0,1,,0.0,0.0,-0.008999999612569809,0,1
10.348219673032872,34.363,velocity_sine,1,2,103.8603515625,103.86318969726562,3.67885160446167,0.026317790150642395,1,1
10.348219673032872,34.363,velocity_sine,1,1,-8.543205773667802,-129.1693115234375,0.04371320828795433,-0.6274319887161255,2,1
10.348219673032872,34.363,velocity_sine,0,4,,0.0,-0.0,-0.017999999225139618,0,1
10.348219673032872,34.363,velocity_sine,0,1,,0.0,0.0,-0.008999999612569809,0,1
10.357842085009906,34.373,velocity_sine,1,2,103.8603515625,103.87448120117188,11.439804077148438,0.1951117366552353,1,1
10.357842085009906,34.373,velocity_sine,1,1,-8.366895474150798,-129.1693115234375,0.04371320828795433,-0.6358347535133362,2,1
10.357842085009906,34.373,velocity_sine,0,4,,0.0,-0.0,0.03200000151991844,0,1
10.357842085009906,34.373,velocity_sine,0,1,,0.0,0.0,-0.008999999612569809,0,1
10.367572279996239,34.383,velocity_sine,1,2,103.8603515625,103.85467529296875,0.6986852288246155,0.18501247465610504,1,1
10.367572279996239,34.383,velocity_sine,1,1,-8.158955394980843,-129.1912841796875,0.04371320828795433,-0.6499884128570557,2,1
10.367572279996239,34.383,velocity_sine,0,4,,0.0,-0.0,-0.017999999225139618,0,1
10.367572279996239,34.383,velocity_sine,0,1,,0.0,0.0,-0.008999999612569809,0,1
10.377392165013589,34.393,velocity_sine,1,2,103.8603515625,103.96157836914062,-2.731201171875,0.04673522338271141,1,1
10.377392165013589,34.393,velocity_sine,1,1,-8.158955394980843,-129.21337890625,-4.852166175842285,-0.6594969630241394,2,1
10.377392165013589,34.393,velocity_sine,0,4,,0.0,-0.0,-0.0430000014603138,0,1
10.377392165013589,34.393,velocity_sine,0,1,,0.0,0.0,-0.008999999612569809,0,1
10.387653593032155,34.403,velocity_sine,1,2,103.8603515625,103.96157836914062,3.038942337036133,-0.016318105161190033,1,1
10.387653593032155,34.403,velocity_sine,1,1,-7.962561696877111,-129.2353515625,0.04371320828795433,-0.6710459589958191,2,1
10.387653593032155,34.403,velocity_sine,0,4,,0.0,-0.0,-0.017999999225139618,0,1
10.387653593032155,34.403,velocity_sine,0,1,,0.0,0.0,-0.008999999612569809,0,1
10.397464531008154,34.413,velocity_sine,1,2,103.8603515625,103.96157836914062,-0.8078200817108154,-0.033512014895677567,1,1
10.397464531008154,34.413,velocity_sine,1,1,-7.763799760331139,-129.2353515625,0.04371320828795433,-0.6757100820541382,2,1
10.397464531008154,34.413,velocity_sine,0,4,,0.0,-0.0,0.006000000052154064,0,1
10.397464531008154,34.413,velocity_sine,0,1,,0.0,0.0,-0.01600000075995922,0,1
10.408135773031972,34.423,velocity_sine,1,2,103.8603515625,103.96157836914062,-2.8850717544555664,0.20297910273075104,1,1
10.408135773031972,34.423,velocity_sine,1,1,-7.519181934843976,-129.25732421875,0.04371320828795433,-0.6791331768035889,2,1
10.408135773031972,34.423,velocity_sine,0,4,,0.0,-0.0,0.054999999701976776,0,1
10.408135773031972,34.423,velocity_sine,0,1,,0.0,0.0,-0.07699999958276749,0,1
10.417442739009857,34.433,velocity_sine,1,2,103.8603515625,103.93960571289062,-7.962798118591309,0.07010886818170547,1,1
10.417442739009857,34.433,velocity_sine,1,1,-7.292383079704681,-129.25732421875,0.04371320828795433,-0.6844682097434998,2,1
10.417442739009857,34.433,velocity_sine,0,4,,0.0,-0.0,-0.017999999225139618,0,1
10.417442739009857,34.433,velocity_sine,0,1,,0.0,0.0,-0.008999999612569809,0,1
10.427740596001968,34.443,velocity_sine,1,2,103.8603515625,103.93960571289062,0.11540286988019943,0.16756200790405273,1,1
10.427740596001968,34.443,velocity_sine,1,1,-7.043883337910729,-129.27923583984375,-1.1802566051483154,-0.6876667737960815,2,1
10.427740596001968,34.443,velocity_sine,0,4,,0.0,-0.0,0.03200000151991844,0,1
10.427740596001968,34.443,velocity_sine,0,1,,0.0,0.0,-0.008999999612569809,0,1
10.437240837025456,34.453,velocity_sine,1,2,103.8603515625,103.8603515625,11.843997955322266,0.22906216979026794,1,1
10.437240837025456,34.453,velocity_sine,1,1,-6.812298984321927,-129.27923583984375,-4.240180969238281,-0.6938469409942627,2,1
10.437240837025456,34.453,velocity_sine,0,4,,0.0,-0.0,-0.017999999225139618,0,1
10.437240837025456,34.453,velocity_sine,0,1,,0.0,0.0,0.05700000002980232,0,1
10.448391493991949,34.464,velocity_sine,1,2,103.8603515625,103.84896850585938,2.8460628986358643,0.1689869463443756,1,1
10.448391493991949,34.464,velocity_sine,1,1,-6.536822690866422,-129.30120849609375,0.04371320828795433,-0.6995095014572144,2,1
10.448391493991949,34.464,velocity_sine,0,4,,0.0,-0.0,-0.017999999225139618,0,1
10.448391493991949,34.464,velocity_sine,0,1,,0.0,0.0,-0.008999999612569809,0,1
10.457746642001439,34.473,velocity_sine,1,2,103.8603515625,103.91763305664062,-5.962481498718262,0.03803989663720131,1,1
10.457746642001439,34.473,velocity_sine,1,1,-6.270067927283343,-129.32318115234375,0.04371320828795433,-0.7019686102867126,2,1
10.457746642001439,34.473,velocity_sine,0,4,,0.0,-0.0,0.23800000548362732,0,1
10.457746642001439,34.473,velocity_sine,0,1,,0.0,0.0,0.06400000303983688,0,1
10.467550726025365,34.483,velocity_sine,1,2,103.8603515625,103.84329223632812,3.2925524711608887,0.3564293384552002,1,1
10.467550726025365,34.483,velocity_sine,1,1,-5.983590967843408,-129.34515380859375,-0.04371320828795433,-0.698358416557312,2,1
10.467550726025365,34.483,velocity_sine,0,4,,0.0,-0.0,0.03200000151991844,0,1
10.467550726025365,34.483,velocity_sine,0,1,,0.0,0.0,-0.0020000000949949026,0,1
10.477409625018481,34.493,velocity_sine,1,2,103.8603515625,103.96157836914062,4.1929707527160645,0.1674363762140274,1,1
10.477409625018481,34.493,velocity_sine,1,1,-5.726419699934827,-129.36712646484375,-1.1802566051483154,-0.6945275068283081,2,1
10.477409625018481,34.493,velocity_sine,0,4,,0.0,-0.0,-0.017999999225139618,0,1
10.477409625018481,34.493,velocity_sine,0,1,,0.0,0.0,0.05700000002980232,0,1
10.487621179025155,34.503,velocity_sine,1,2,103.8603515625,103.93960571289062,-4.731517791748047,0.2185692936182022,1,1
10.487621179025155,34.503,velocity_sine,1,1,-5.726419699934827,-129.38909912109375,-4.677313327789307,-0.6922507286071777,2,1
10.487621179025155,34.503,velocity_sine,0,4,,0.0,-0.0,0.03200000151991844,0,1
10.487621179025155,34.503,velocity_sine,0,1,,0.0,0.0,-0.008999999612569809,0,1
10.497265622019768,34.513,velocity_sine,1,2,103.8603515625,103.91763305664062,-2.4234602451324463,-0.2590361535549164,1,1
10.497265622019768,34.513,velocity_sine,1,1,-5.43693713075718,-129.38909912109375,-0.21856604516506195,-0.6888856887817383,2,1
10.497265622019768,34.513,velocity_sine,0,4,,0.0,-0.0,-0.017999999225139618,0,1
10.497265622019768,34.513,velocity_sine,0,1,,0.0,0.0,-0.0020000000949949026,0,1
10.507720555993728,34.523,velocity_sine,1,2,103.8603515625,103.91763305664062,-8.039732933044434,-0.007965825498104095,1,1
10.507720555993728,34.523,velocity_sine,1,1,-5.120914016766051,-129.41107177734375,0.04371320828795433,-0.6872875690460205,2,1
10.507720555993728,34.523,velocity_sine,0,4,,0.0,-0.0,-0.017999999225139618,0,1
10.507720555993728,34.523,velocity_sine,0,1,,0.0,0.0,-0.008999999612569809,0,1
10.517338509031106,34.533,velocity_sine,1,2,103.8603515625,103.93960571289062,-1.8849135637283325,0.038960665464401245,1,1
10.517338509031106,34.533,velocity_sine,1,1,-4.835134330107741,-129.41107177734375,0.04371320828795433,-0.6880195140838623,2,1
10.517338509031106,34.533,velocity_sine,0,4,,0.0,-0.0,0.006000000052154064,0,1
10.517338509031106,34.533,velocity_sine,0,1,,0.0,0.0,-0.0020000000949949026,0,1
10.527812859043479,34.543,velocity_sine,1,2,103.8603515625,103.93960571289062,-1.8079782724380493,-0.0350261889398098,1,1
10.527812859043479,34.543,velocity_sine,1,1,-4.511568926541406,-129.43304443359375,-0.5682716965675354,-0.693988025188446,2,1
10.527812859043479,34.543,velocity_sine,0,4,,0.0,-0.0,0.006000000052154064,0,1
10.527812859043479,34.543,velocity_sine,0,1,,0.0,0.0,-0.01600000075995922,0,1
10.537267054023687,34.553,velocity_sine,1,2,103.8603515625,103.96157836914062,-5.0392584800720215,0.1968391239643097,1,1
10.537267054023687,34.553,velocity_sine,1,1,-4.212394001894698,-129.43304443359375,0.04371320828795433,-0.7014859318733215,2,1
10.537267054023687,34.553,velocity_sine,0,4,,0.0,-0.0,0.03200000151991844,0,1
10.537267054023687,34.553,velocity_sine,0,1,,0.0,0.0,-0.008999999612569809,0,1
10.548406259040348,34.564,velocity_sine,1,2,103.8603515625,103.8603515625,-0.29575058817863464,0.2555277347564697,1,1
10.548406259040348,34.564,velocity_sine,1,1,-3.8785249308577137,-129.45501708984375,-4.852166175842285,-0.70501708984375,2,1
10.548406259040348,34.564,velocity_sine,0,4,,0.0,-0.0,-0.017999999225139618,0,1
10.548406259040348,34.564,velocity_sine,0,1,,0.0,0.0,-0.008999999612569809,0,1
10.557961093029007,34.573,velocity_sine,1,2,103.8603515625,103.93960571289062,0.8078200817108154,0.032605770975351334,1,1
10.557961093029007,34.573,velocity_sine,1,1,-3.554374565502989,-129.4769287109375,0.04371320828795433,-0.7104637622833252,2,1
10.557961093029007,34.573,velocity_sine,0,4,,0.0,-0.0,0.054999999701976776,0,1
10.557961093029007,34.573,velocity_sine,0,1,,0.0,0.0,0.05700000002980232,0,1
10.567799623007886,34.583,velocity_sine,1,2,103.8603515625,103.85467529296875,1.544152021408081,0.026255372911691666,1,1
10.567799623007886,34.583,velocity_sine,1,1,-3.1969301216765693,-129.4989013671875,-0.04371320828795433,-0.7072767019271851,2,1
10.567799623007886,34.583,velocity_sine,0,4,,0.0,-0.0,0.006000000052154064,0,1
10.567799623007886,34.583,velocity_sine,0,1,,0.0,0.0,-0.008999999612569809,0,1
10.577518798003439,34.593,velocity_sine,1,2,103.8603515625,103.93960571289062,-0.03846762329339981,0.2410297989845276,1,1
10.577518798003439,34.593,velocity_sine,1,1,-3.1969301216765693,-129.5208740234375,0.04371320828795433,-0.7040798664093018,2,1
10.577518798003439,34.593,velocity_sine,0,4,,0.0,-0.0,0.03200000151991844,0,1
10.577518798003439,34.593,velocity_sine,0,1,,0.0,0.0,-0.01600000075995922,0,1
10.587836643040646,34.603,velocity_sine,1,2,103.8603515625,103.96157836914062,8.424628257751465,0.23080703616142273,1,1
10.587836643040646,34.603,velocity_sine,1,1,-2.8824988895861154,-129.5208740234375,-0.04371320828795433,-0.7036479115486145,2,1
10.587836643040646,34.603,velocity_sine,0,4,,0.0,-0.0,0.03200000151991844,0,1
10.587836643040646,34.603,velocity_sine,0,1,,0.0,0.0,-0.008999999612569809,0,1
10.597348045033868,34.613,velocity_sine,1,2,103.8603515625,103.93960571289062,-1.3463667631149292,0.06672763079404831,1,1
10.597348045033868,34.613,velocity_sine,1,1,-2.5695822495679637,-129.5428466796875,-4.764739513397217,-0.6990538239479065,2,1
10.597348045033868,34.613,velocity_sine,0,4,,0.0,-0.0,0.054999999701976776,0,1
10.597348045033868,34.613,velocity_sine,0,1,,0.0,0.0,-0.008999999612569809,0,1
10.607924156996887,34.623,velocity_sine,1,2,103.8603515625,103.93960571289062,-10.578814506530762,-0.01385335624217987,1,1
10.607924156996887,34.623,velocity_sine,1,1,-2.2110826188183594,-129.56494140625,-0.21856604516506195,-0.6959192752838135,2,1
10.607924156996887,34.623,velocity_sine,0,4,,0.0,-0.0,-0.017999999225139618,0,1
10.607924156996887,34.623,velocity_sine,0,1,,0.0,0.0,-0.008999999612569809,0,1
10.617662678007036,34.633,velocity_sine,1,2,103.8603515625,103.93960571289062,4.423776626586914,-0.08623814582824707,1,1
10.617662678007036,34.633,velocity_sine,1,1,-1.8864756923815866,-129.56494140625,0.04371320828795433,-0.6960557699203491,2,1
10.617662678007036,34.633,velocity_sine,0,4,,0.0,-0.0,-0.017999999225139618,0,1
10.617662678007036,34.633,velocity_sine,0,1,,0.0,0.0,-0.008999999612569809,0,1
10.627416978997644,34.643,velocity_sine,1,2,103.8603515625,103.84896850585938,8.773653984069824,0.115729920566082,1,1
10.627416978997644,34.643,velocity_sine,1,1,-1.5195980768317083,-129.5869140625,-4.764739513397217,-0.6953160166740417,2,1
10.627416978997644,34.643,velocity_sine,0,4,,0.0,-0.0,-0.017999999225139618,0,1
10.627416978997644,34.643,velocity_sine,0,1,,0.0,0.0,-0.008999999612569809,0,1
10.637935823004227,34.653,velocity_sine,1,2,103.8603515625,103.865966796875,8.063336372375488,-0.06623568385839462,1,1
10.637935823004227,34.653,velocity_sine,1,1,-1.1457397336094708,-129.5869140625,-4.852166175842285,-0.6949598789215088,2,1
10.637935823004227,34.653,velocity_sine,0,4,,0.0,-0.0,-0.017999999225139618,0,1
10.637935823004227,34.653,velocity_sine,0,1,,0.0,0.0,-0.008999999612569809,0,1
10.647873651003465,34.663,velocity_sine,1,2,103.8603515625,103.87734985351562,7.189180850982666,-0.06891234964132309,1,1
10.647873651003465,34.663,velocity_sine,1,1,-0.8096234287449833,-129.60888671875,-4.852166175842285,-0.6961257457733154,2,1
10.647873651003465,34.663,velocity_sine,0,4,,0.0,-0.0,-0.017999999225139618,0,1
10.647873651003465,34.663,velocity_sine,0,1,,0.0,0.0,-0.008999999612569809,0,1
10.657737047004048,34.673,velocity_sine,1,2,103.8603515625,103.96157836914062,7.116728782653809,0.04696846380829811,1,1
10.657737047004048,34.673,velocity_sine,1,1,-0.43556599911641736,-129.63079833984375,0.04371320828795433,-0.6932910680770874,2,1
10.657737047004048,34.673,velocity_sine,0,4,,0.0,-0.0,-0.017999999225139618,0,1
10.657737047004048,34.673,velocity_sine,0,1,,0.0,0.0,-0.008999999612569809,0,1
10.667665237037,34.683,velocity_sine,1,2,103.8603515625,103.96157836914062,6.116570472717285,0.11135242879390717,1,1
10.667665237037,34.683,velocity_sine,1,1,-0.1207508404302611,-129.63079833984375,0.04371320828795433,-0.6976173520088196,2,1
10.667665237037,34.683,velocity_sine,0,4,,0.0,-0.0,0.006000000052154064,0,1
10.667665237037,34.683,velocity_sine,0,1,,0.0,0.0,-0.008999999612569809,0,1
10.677353222039528,34.693,velocity_sine,1,2,103.8603515625,103.93960571289062,-6.808769226074219,-0.06462054699659348,1,1
10.677353222039528,34.693,velocity_sine,1,1,-0.1207508404302611,-129.65277099609375,-3.6281962394714355,-0.6938465237617493,2,1
10.677353222039528,34.693,velocity_sine,0,4,,0.0,-0.0,-0.017999999225139618,0,1
10.677353222039528,34.693,velocity_sine,0,1,,0.0,0.0,0.05700000002980232,0,1
10.687663593038451,34.703,velocity_sine,1,2,103.8603515625,103.96157836914062,-1.4233020544052124,-0.3376612365245819,1,1
10.687663593038451,34.703,velocity_sine,1,1,0.21252917068106852,-129.67474365234375,0.04371320828795433,-0.6875637769699097,2,1
10.687663593038451,34.703,velocity_sine,0,4,,0.0,-0.0,-0.20100000500679016,0,1
10.687663593038451,34.703,velocity_sine,0,1,,0.0,0.0,0.06400000303983688,0,1
10.697278339997865,34.713,velocity_sine,1,2,103.8603515625,103.96157836914062,-4.731517791748047,-0.1914690136909485,1,1
10.697278339997865,34.713,velocity_sine,1,1,0.5376472732903379,-129.67474365234375,-2.404226541519165,-0.6829543709754944,2,1
10.697278339997865,34.713,velocity_sine,0,4,,0.0,-0.0,-0.017999999225139618,0,1
10.697278339997865,34.713,velocity_sine,0,1,,0.0,0.0,0.05700000002980232,0,1
10.707771746034268,34.723,velocity_sine,1,2,103.8603515625,103.96157836914062,3.19281268119812,0.12022597342729568,1,1
10.707771746034268,34.723,velocity_sine,1,1,0.910063743166921,-129.69671630859375,0.04371320828795433,-0.6798985004425049,2,1
10.707771746034268,34.723,velocity_sine,0,4,,0.0,-0.0,0.054999999701976776,0,1
10.707771746034268,34.723,velocity_sine,0,1,,0.0,0.0,-0.008999999612569809,0,1
10.717452659038827,34.733,velocity_sine,1,2,103.8603515625,103.93960571289062,2.808136463165283,0.14049027860164642,1,1
10.717452659038827,34.733,velocity_sine,1,1,1.2388994513077716,-129.71868896484375,-3.6281962394714355,-0.671442985534668,2,1
10.717452659038827,34.733,velocity_sine,0,4,,0.0,-0.0,-0.017999999225139618,0,1
10.717452659038827,34.733,velocity_sine,0,1,,0.0,0.0,-0.0020000000949949026,0,1
10.72784807003336,34.743,velocity_sine,1,2,103.8603515625,103.96157836914062,5.039477348327637,-0.026588978245854378,1,1
10.72784807003336,34.743,velocity_sine,1,1,1.6040666889202724,-129.74066162109375,0.04371320828795433,-0.6652133464813232,2,1
10.72784807003336,34.743,velocity_sine,0,4,,0.0,-0.0,0.006000000052154064,0,1
10.72784807003336,34.743,velocity_sine,0,1,,0.0,0.0,0.05700000002980232,0,1
10.73732946603559,34.753,velocity_sine,1,2,103.8603515625,103.86318969726562,5.665090560913086,0.12325258553028107,1,1
10.73732946603559,34.753,velocity_sine,1,1,1.9301019783667317,-129.74066162109375,-4.764739513397217,-0.6559826135635376,2,1
10.73732946603559,34.753,velocity_sine,0,4,,0.0,-0.0,0.006000000052154064,0,1
10.73732946603559,34.753,velocity_sine,0,1,,0.0,0.0,-0.008999999612569809,0,1
10.747959550004452,34.763,velocity_sine,1,2,103.8603515625,103.86318969726562,-1.4396954774856567,-0.0707160234451294,1,1
10.747959550004452,34.763,velocity_sine,1,1,2.2882947987542206,-129.76263427734375,0.04371320828795433,-0.6464422345161438,2,1
10.747959550004452,34.763,velocity_sine,0,4,,0.0,-0.0,-0.017999999225139618,0,1
10.747959550004452,34.763,velocity_sine,0,1,,0.0,0.0,-0.01600000075995922,0,1
10.757964093005285,34.773,velocity_sine,1,2,103.8603515625,103.93960571289062,-4.731517791748047,-0.05996527150273323,1,1
10.757964093005285,34.773,velocity_sine,1,1,2.6076432582370894,-129.78460693359375,0.04371320828795433,-0.6364704966545105,2,1
10.757964093005285,34.773,velocity_sine,0,4,,0.0,-0.0,-0.017999999225139618,0,1
10.757964093005285,34.773,velocity_sine,0,1,,0.0,0.0,-0.0020000000949949026,0,1
10.768067652999889,34.783,velocity_sine,1,2,103.8603515625,103.87448120117188,8.111889839172363,0.031710829585790634,1,1
10.768067652999889,34.783,velocity_sine,1,1,2.9139477446065727,-129.80657958984375,-0.1311396211385727,-0.6333783864974976,2,1
10.768067652999889,34.783,velocity_sine,0,4,,0.0,-0.0,-0.25,0,1
10.768067652999889,34.783,velocity_sine,0,1,,0.0,0.0,-0.0020000000949949026,0,1
10.777804351004306,34.793,velocity_sine,1,2,103.8603515625,103.93960571289062,-1.9618487358093262,0.0004456229507923126,1,1
10.777804351004306,34.793,velocity_sine,1,1,3.214846719151232,-129.80657958984375,-2.404226541519165,-0.6287045478820801,2,1
10.777804351004306,34.793,velocity_sine,0,4,,0.0,-0.0,-0.017999999225139618,0,1
10.777804351004306,34.793,velocity_sine,0,1,,0.0,0.0,-0.0020000000949949026,0,1
10.7876028350438,34.803,velocity_sine,1,2,103.8603515625,103.85467529296875,-2.9437694549560547,0.06361082941293716,1,1
10.7876028350438,34.803,velocity_sine,1,1,3.566450756878525,-129.8284912109375,0.04371320828795433,-0.6169489622116089,2,1
10.7876028350438,34.803,velocity_sine,0,4,,0.0,-0.0,-0.017999999225139618,0,1
10.7876028350438,34.803,velocity_sine,0,1,,0.0,0.0,-0.008999999612569809,0,1
10.797253651020583,34.813,velocity_sine,1,2,103.8603515625,103.93960571289062,5.039477348327637,0.05612910911440849,1,1
10.797253651020583,34.813,velocity_sine,1,1,3.566450756878525,-129.8504638671875,0.04371320828795433,-0.6083173155784607,2,1
10.797253651020583,34.813,velocity_sine,0,4,,0.0,-0.0,0.006000000052154064,0,1
10.797253651020583,34.813,velocity_sine,0,1,,0.0,0.0,-0.008999999612569809,0,1
10.807745264028199,34.823,velocity_sine,1,2,103.8603515625,103.93960571289062,-3.038942337036133,-0.01896483823657036,1,1
10.807745264028199,34.823,velocity_sine,1,1,3.8748696482643137,-129.8504638671875,0.04371320828795433,-0.5999504923820496,2,1
10.807745264028199,34.823,velocity_sine,0,4,,0.0,-0.0,0.054999999701976776,0,1
10.807745264028199,34.823,velocity_sine,0,1,,0.0,0.0,0.05700000002980232,0,1
10.817367765994277,34.833,velocity_sine,1,2,103.8603515625,103.96157836914062,2.26958966255188,0.16623550653457642,1,1
10.817367765994277,34.833,velocity_sine,1,1,4.17686581937671,-129.8724365234375,0.04371320828795433,-0.5828170776367188,2,1
10.817367765994277,34.833,velocity_sine,0,4,,0.0,-0.0,0.006000000052154064,0,1
10.817367765994277,34.833,velocity_sine,0,1,,0.0,0.0,-0.008999999612569809,0,1
10.827222777006682,34.843,velocity_sine,1,2,103.8603515625,103.93960571289062,0.5000790953636169,0.163969486951828,1,1
10.827222777006682,34.843,velocity_sine,1,1,4.510797191755743,-129.8724365234375,-2.404226541519165,-0.5776869058609009,2,1
10.827222777006682,34.843,velocity_sine,0,4,,0.0,-0.0,0.006000000052154064,0,1
10.827222777006682,34.843,velocity_sine,0,1,,0.0,0.0,-0.01600000075995922,0,1
10.837458797032014,34.853,velocity_sine,1,2,103.8603515625,103.96157836914062,2.192654609680176,0.11598274111747742,1,1
10.837458797032014,34.853,velocity_sine,1,1,4.847728800259493,-129.8944091796875,0.04371320828795433,-0.5710961222648621,2,1
10.837458797032014,34.853,velocity_sine,0,4,,0.0,-0.0,-0.017999999225139618,0,1
10.837458797032014,34.853,velocity_sine,0,1,,0.0,0.0,-0.008999999612569809,0,1
10.847813581000082,34.863,velocity_sine,1,2,103.8603515625,103.87734985351562,2.7696011066436768,0.12525315582752228,1,1
10.847813581000082,34.863,velocity_sine,1,1,5.127257123845325,-129.8944091796875,0.04371320828795433,-0.5646160244941711,2,1
10.847813581000082,34.863,velocity_sine,0,4,,0.0,-0.0,0.054999999701976776,0,1
10.847813581000082,34.863,velocity_sine,0,1,,0.0,0.0,-0.008999999612569809,0,1
10.857335143024102,34.873,velocity_sine,1,2,103.8603515625,103.96157836914062,1.9618487358093262,0.21614238619804382,1,1
10.857335143024102,34.873,velocity_sine,1,1,5.401237110966248,-129.8944091796875,-4.852166175842285,-0.5570569634437561,2,1
10.857335143024102,34.873,velocity_sine,0,4,,0.0,-0.0,0.054999999701976776,0,1
10.857335143024102,34.873,velocity_sine,0,1,,0.0,0.0,-0.008999999612569809,0,1
10.86792312801117,34.883,velocity_sine,1,2,103.8603515625,103.87448120117188,-10.812623977661133,0.17429780960083008,1,1
10.86792312801117,34.883,velocity_sine,1,1,5.710416121946954,-129.8944091796875,0.04371320828795433,-0.5567672252655029,2,1
10.86792312801117,34.883,velocity_sine,0,4,,0.0,-0.0,-0.017999999225139618,0,1
10.86792312801117,34.883,velocity_sine,0,1,,0.0,0.0,-0.008999999612569809,0,1
10.878078245033976,34.893,velocity_sine,1,2,103.8603515625,103.96157836914062,-0.4231438636779785,0.03337084874510765,1,1
10.878078245033976,34.893,velocity_sine,1,1,5.980152492426924,-129.91650390625,0.04371320828795433,-0.5515316128730774,2,1
10.878078245033976,34.893,velocity_sine,0,4,,0.0,-0.0,-0.017999999225139618,0,1
10.878078245033976,34.893,velocity_sine,0,1,,0.0,0.0,-0.08299999684095383,0,1
10.887885255040601,34.903,velocity_sine,1,2,103.8603515625,103.865966796875,-4.992364883422852,0.1041879877448082,1,1
10.887885255040601,34.903,velocity_sine,1,1,6.235553965491125,-129.91650390625,0.04371320828795433,-0.5527123212814331,2,1
10.887885255040601,34.903,velocity_sine,0,4,,0.0,-0.0,-0.017999999225139618,0,1
10.887885255040601,34.903,velocity_sine,0,1,,0.0,0.0,-0.008999999612569809,0,1
10.897361351002473,34.913,velocity_sine,1,2,103.8603515625,103.93960571289062,-2.808136463165283,0.15169094502925873,1,1
10.897361351002473,34.913,velocity_sine,1,1,6.523609236673359,-129.91650390625,0.04371320828795433,-0.54893958568573,2,1
10.897361351002473,34.913,velocity_sine,0,4,,0.0,-0.0,-0.017999999225139618,0,1
10.897361351002473,34.913,velocity_sine,0,1,,0.0,0.0,-0.008999999612569809,0,1
10.907892187999096,34.923,velocity_sine,1,2,103.8603515625,103.93960571289062,4.885388374328613,-0.034668292850255966,1,1
10.907892187999096,34.923,velocity_sine,1,1,6.523609236673359,-129.91650390625,0.04371320828795433,-0.5483301877975464,2,1
10.907892187999096,34.923,velocity_sine,0,4,,0.0,-0.0,-0.017999999225139618,0,1
10.907892187999096,34.923,velocity_sine,0,1,,0.0,0.0,-0.008999999612569809,0,1
10.917304372997023,34.933,velocity_sine,1,2,103.8603515625,103.93960571289062,-1.1155611276626587,0.17055591940879822,1,1
10.917304372997023,34.933,velocity_sine,1,1,6.7841879711672295,-129.91650390625,0.04371320828795433,-0.5415186285972595,2,1
10.917304372997023,34.933,velocity_sine,0,4,,0.0,-0.0,-0.017999999225139618,0,1
10.917304372997023,34.933,velocity_sine,0,1,,0.0,0.0,-0.008999999612569809,0,1
10.92819781403523,34.943,velocity_sine,1,2,103.8603515625,103.93960571289062,-8.578280448913574,-0.051206447184085846,1,1
10.92819781403523,34.943,velocity_sine,1,1,7.04757560256718,-129.91650390625,0.04371320828795433,-0.535712480545044,2,1
10.92819781403523,34.943,velocity_sine,0,4,,0.0,-0.0,-0.04100000113248825,0,1
10.92819781403523,34.943,velocity_sine,0,1,,0.0,0.0,-0.008999999612569809,0,1
10.937405714008491,34.953,velocity_sine,1,2,103.8603515625,103.93960571289062,12.040584564208984,-0.015924550592899323,1,1
10.937405714008491,34.953,velocity_sine,1,1,7.289701908068411,-129.91650390625,0.04371320828795433,-0.533871591091156,2,1
10.937405714008491,34.953,velocity_sine,0,4,,0.0,-0.0,0.03200000151991844,0,1
10.937405714008491,34.953,velocity_sine,0,1,,0.0,0.0,-0.008999999612569809,0,1
10.94850703701377,34.963,velocity_sine,1,2,103.8603515625,103.85745239257812,-2.011544704437256,-0.13162575662136078,1,1
10.94850703701377,34.963,velocity_sine,1,1,7.5317397590213915,-129.91650390625,0.04371320828795433,-0.528846025466919,2,1
10.94850703701377,34.963,velocity_sine,0,4,,0.0,-0.0,0.006000000052154064,0,1
10.94850703701377,34.963,velocity_sine,0,1,,0.0,0.0,0.05700000002980232,0,1
10.958035532035865,34.973,velocity_sine,1,2,103.8603515625,103.86318969726562,-7.959946632385254,-0.06207827851176262,1,1
10.958035532035865,34.973,velocity_sine,1,1,7.756141337680012,-129.91650390625,0.04371320828795433,-0.5199000239372253,2,1
10.958035532035865,34.973,velocity_sine,0,4,,0.0,-0.0,0.006000000052154064,0,1
10.958035532035865,34.973,velocity_sine,0,1,,0.0,0.0,-0.008999999612569809,0,1
10.967979020031635,34.983,velocity_sine,1,2,103.8603515625,103.87734985351562,-4.302800178527832,-0.01781325973570347,1,1
10.967979020031635,34.983,velocity_sine,1,1,7.980369995807337,-129.91650390625,0.04371320828795433,-0.5245586633682251,2,1
10.967979020031635,34.983,velocity_sine,0,4,,0.0,-0.0,0.054999999701976776,0,1
10.967979020031635,34.983,velocity_sine,0,1,,0.0,0.0,-0.008999999612569809,0,1
10.977512774989009,34.993,velocity_sine,1,2,103.8603515625,103.96157836914062,-6.424093246459961,-0.13151027262210846,1,1
10.977512774989009,34.993,velocity_sine,1,1,8.202037322763099,-129.91650390625,0.04371320828795433,-0.5148857831954956,2,1
10.977512774989009,34.993,velocity_sine,0,4,,0.0,-0.0,-0.017999999225139618,0,1
10.977512774989009,34.993,velocity_sine,0,1,,0.0,0.0,-0.01600000075995922,0,1
10.98782401700737,35.003,velocity_sine,1,2,103.8603515625,103.93960571289062,4.731517791748047,0.024717343971133232,1,1
10.98782401700737,35.003,velocity_sine,1,1,8.202037322763099,-129.91650390625,0.04371320828795433,-0.5081930756568909,2,1
10.98782401700737,35.003,velocity_sine,0,4,,0.0,-0.0,0.006000000052154064,0,1
10.98782401700737,35.003,velocity_sine,0,1,,0.0,0.0,-0.07000000029802322,0,1
10.997624384996016,35.013,velocity_sine,1,2,103.8603515625,103.96157836914062,2.9620070457458496,0.1076020672917366,1,1
10.997624384996016,35.013,velocity_sine,1,1,8.397035564262074,-129.91650390625,0.04371320828795433,-0.49399012327194214,2,1
10.997624384996016,35.013,velocity_sine,0,4,,0.0,-0.0,0.006000000052154064,0,1
10.997624384996016,35.013,velocity_sine,0,1,,0.0,0.0,-0.008999999612569809,0,1
11.007890061009675,35.023,velocity_sine,1,2,103.8603515625,103.93960571289062,-1.9618487358093262,0.16877640783786774,1,1
11.007890061009675,35.023,velocity_sine,1,1,8.597878988107515,-129.91650390625,0.04371320828795433,-0.48067712783813477,2,1
11.007890061009675,35.023,velocity_sine,0,4,,0.0,-0.0,0.006000000052154064,0,1
11.007890061009675,35.023,velocity_sine,0,1,,0.0,0.0,-0.008999999612569809,0,1
11.01750932703726,35.033,velocity_sine,1,2,103.8603515625,103.91763305664062,4.654582500457764,0.18977238237857819,1,1
11.01750932703726,35.033,velocity_sine,1,1,8.757375395426791,-129.91650390625,0.04371320828795433,-0.46550554037094116,2,1
11.01750932703726,35.033,velocity_sine,0,4,,0.0,-0.0,-0.017999999225139618,0,1
11.01750932703726,35.033,velocity_sine,0,1,,0.0,0.0,0.05700000002980232,0,1
11.027371612028219,35.043,velocity_sine,1,2,103.8603515625,103.96157836914062,9.19398021697998,0.05692373216152191,1,1
11.027371612028219,35.043,velocity_sine,1,1,8.928789597902258,-129.91650390625,0.04371320828795433,-0.4570978283882141,2,1
11.027371612028219,35.043,velocity_sine,0,4,,0.0,-0.0,0.03200000151991844,0,1
11.027371612028219,35.043,velocity_sine,0,1,,0.0,0.0,-0.07699999958276749,0,1
11.037844770005904,35.053,velocity_sine,1,2,103.8603515625,103.84896850585938,-0.666650116443634,0.15784482657909393,1,1
11.037844770005904,35.053,velocity_sine,1,1,9.094083051997185,-129.91650390625,0.04371320828795433,-0.44591936469078064,2,1
11.037844770005904,35.053,velocity_sine,0,4,,0.0,-0.0,-0.017999999225139618,0,1
11.037844770005904,35.053,velocity_sine,0,1,,0.0,0.0,0.23999999463558197,0,1
11.047908264037687,35.063,velocity_sine,1,2,103.8603515625,103.86318969726562,-0.8601633310317993,0.05724465101957321,1,1
11.047908264037687,35.063,velocity_sine,1,1,9.227166525012413,-129.91650390625,0.04371320828795433,-0.439757764339447,2,1
11.047908264037687,35.063,velocity_sine,0,4,,0.0,-0.0,0.006000000052154064,0,1
11.047908264037687,35.063,velocity_sine,0,1,,0.0,0.0,-0.008999999612569809,0,1
11.057566624018364,35.073,velocity_sine,1,2,103.8603515625,103.93960571289062,-7.424251079559326,-0.0996478796005249,1,1
11.057566624018364,35.073,velocity_sine,1,1,9.36821106716949,-129.91650390625,0.04371320828795433,-0.42983341217041016,2,1
11.057566624018364,35.073,velocity_sine,0,4,,0.0,-0.0,0.006000000052154064,0,1
11.057566624018364,35.073,velocity_sine,0,1,,0.0,0.0,-0.008999999612569809,0,1
11.068183493043762,35.083,velocity_sine,1,2,103.8603515625,103.96157836914062,-9.732308387756348,-0.0004768306389451027,1,1
11.068183493043762,35.083,velocity_sine,1,1,9.36821106716949,-129.91650390625,0.04371320828795433,-0.4171421229839325,2,1
11.068183493043762,35.083,velocity_sine,0,4,,0.0,-0.0,-0.017999999225139618,0,1
11.068183493043762,35.083,velocity_sine,0,1,,0.0,0.0,-0.008999999612569809,0,1
11.077590539003722,35.093,velocity_sine,1,2,103.8603515625,103.96157836914062,-7.116510391235352,0.15651927888393402,1,1
11.077590539003722,35.093,velocity_sine,1,1,9.487154557255232,-129.91650390625,0.04371320828795433,-0.407632976770401,2,1
11.077590539003722,35.093,velocity_sine,0,4,,0.0,-0.0,0.006000000052154064,0,1
11.077590539003722,35.093,velocity_sine,0,1,,0.0,0.0,-0.008999999612569809,0,1
11.087592918018345,35.103,velocity_sine,1,2,103.8603515625,103.96157836914062,-0.6539496183395386,-0.07573769986629486,1,1
11.087592918018345,35.103,velocity_sine,1,1,9.595865284544226,-129.8944091796875,0.04371320828795433,-0.3930520713329315,2,1
11.087592918018345,35.103,velocity_sine,0,4,,0.0,-0.0,0.03200000151991844,0,1
11.087592918018345,35.103,velocity_sine,0,1,,0.0,0.0,-0.008999999612569809,0,1
11.097247730998788,35.113,velocity_sine,1,2,103.8603515625,103.87734985351562,-5.2184906005859375,-0.011061146855354309,1,1
11.097247730998788,35.113,velocity_sine,1,1,9.696794419398909,-129.8944091796875,0.04371320828795433,-0.37704214453697205,2,1
11.097247730998788,35.113,velocity_sine,0,4,,0.0,-0.0,0.006000000052154064,0,1
11.097247730998788,35.113,velocity_sine,0,1,,0.0,0.0,-0.008999999612569809,0,1
11.108235029038042,35.123,velocity_sine,1,2,103.8603515625,103.87734985351562,3.616795063018799,0.06668827682733536,1,1
11.108235029038042,35.123,velocity_sine,1,1,9.781649813101374,-129.8944091796875,0.04371320828795433,-0.3698674440383911,2,1
11.108235029038042,35.123,velocity_sine,0,4,,0.0,-0.0,0.006000000052154064,0,1
11.108235029038042,35.123,velocity_sine,0,1,,0.0,0.0,-0.008999999612569809,0,1
11.11755342799006,35.133,velocity_sine,1,2,103.8603515625,103.9835205078125,4.423776626586914,0.17500567436218262,1,1
11.11755342799006,35.133,velocity_sine,1,1,9.848349185467715,-129.8944091796875,4.939592361450195,-0.35656875371932983,2,1
11.11755342799006,35.133,velocity_sine,0,4,,0.0,-0.0,-0.017999999225139618,0,1
11.11755342799006,35.133,velocity_sine,0,1,,0.0,0.0,-0.008999999612569809,0,1
11.12794956000289,35.143,velocity_sine,1,2,103.8603515625,103.87734985351562,2.0632123947143555,0.22673335671424866,1,1
11.12794956000289,35.143,velocity_sine,1,1,9.904416345467752,-129.8944091796875,4.589886665344238,-0.3503624200820923,2,1
11.12794956000289,35.143,velocity_sine,0,4,,0.0,-0.0,-0.017999999225139618,0,1
11.12794956000289,35.143,velocity_sine,0,1,,0.0,0.0,-0.008999999612569809,0,1
11.137555972032715,35.153,velocity_sine,1,2,103.8603515625,103.96157836914062,0.3462086021900177,0.17335571348667145,1,1
11.137555972032715,35.153,velocity_sine,1,1,9.943811763611572,-129.8944091796875,0.04371320828795433,-0.3393695652484894,2,1
11.137555972032715,35.153,velocity_sine,0,4,,0.0,-0.0,0.006000000052154064,0,1
11.137555972032715,35.153,velocity_sine,0,1,,0.0,0.0,-0.008999999612569809,0,1
11.147754381003324,35.163,velocity_sine,1,2,103.8603515625,103.93960571289062,-14.656383514404297,0.178995743393898,1,1
11.147754381003324,35.163,velocity_sine,1,1,9.943811763611572,-129.8944091796875,0.04371320828795433,-0.32674703001976013,2,1
11.147754381003324,35.163,velocity_sine,0,4,,0.0,-0.0,0.006000000052154064,0,1
11.147754381003324,35.163,velocity_sine,0,1,,0.0,0.0,-0.008999999612569809,0,1
11.157494204991963,35.173,velocity_sine,1,2,103.8603515625,103.96157836914062,-1.6541078090667725,0.22844940423965454,1,1
11.157494204991963,35.173,velocity_sine,1,1,9.974262593661601,-129.8724365234375,0.04371320828795433,-0.3009696900844574,2,1
11.157494204991963,35.173,velocity_sine,0,4,,0.0,-0.0,-0.017999999225139618,0,1
11.157494204991963,35.173,velocity_sine,0,1,,0.0,0.0,-0.008999999612569809,0,1
11.167710137029644,35.183,velocity_sine,1,2,103.8603515625,103.96157836914062,0.2692733705043793,-0.0040527163073420525,1,1
11.167710137029644,35.183,velocity_sine,1,1,9.994222212101308,-129.8724365234375,0.04371320828795433,-0.28766337037086487,2,1
11.167710137029644,35.183,velocity_sine,0,4,,0.0,-0.0,-0.017999999225139618,0,1
11.167710137029644,35.183,velocity_sine,0,1,,0.0,0.0,-0.008999999612569809,0,1
11.177610813989304,35.193,velocity_sine,1,2,103.8603515625,103.96157836914062,-3.115877389907837,0.07304099947214127,1,1
11.177610813989304,35.193,velocity_sine,1,1,9.99997697288984,-129.8724365234375,0.04371320828795433,-0.2781088352203369,2,1
11.177610813989304,35.193,velocity_sine,0,4,,0.0,-0.0,-0.06599999964237213,0,1
11.177610813989304,35.193,velocity_sine,0,1,,0.0,0.0,-0.008999999612569809,0,1
11.187723101000302,35.203,velocity_sine,1,2,103.8603515625,103.96157836914062,1.4233020544052124,0.06760525703430176,1,1
11.187723101000302,35.203,velocity_sine,1,1,9.993527358023217,-129.8504638671875,0.04371320828795433,-0.26804041862487793,2,1
11.187723101000302,35.203,velocity_sine,0,4,,0.0,-0.0,-0.017999999225139618,0,1
11.187723101000302,35.203,velocity_sine,0,1,,0.0,0.0,0.05700000002980232,0,1
11.197536883992143,35.213,velocity_sine,1,2,103.8603515625,103.86318969726562,-4.433409214019775,0.045830484479665756,1,1
11.197536883992143,35.213,velocity_sine,1,1,9.976954537910807,-129.8504638671875,0.04371320828795433,-0.25333935022354126,2,1
11.197536883992143,35.213,velocity_sine,0,4,,0.0,-0.0,0.23800000548362732,0,1
11.197536883992143,35.213,velocity_sine,0,1,,0.0,0.0,-0.008999999612569809,0,1
11.207969986018725,35.223,velocity_sine,1,2,103.8603515625,103.93960571289062,-0.4231438636779785,-0.1205826848745346,1,1
11.207969986018725,35.223,velocity_sine,1,1,9.950599200569348,-129.8504638671875,4.32760763168335,-0.2525201141834259,2,1
11.207969986018725,35.223,velocity_sine,0,4,,0.0,-0.0,0.03200000151991844,0,1
11.207969986018725,35.223,velocity_sine,0,1,,0.0,0.0,-0.008999999612569809,0,1
11.21767262002686,35.233,velocity_sine,1,2,103.8603515625,103.8603515625,1.5527994632720947,0.03126238286495209,1,1
11.21767262002686,35.233,velocity_sine,1,1,9.912763622103148,-129.8504638671875,0.04371320828795433,-0.24102072417736053,2,1
11.21767262002686,35.233,velocity_sine,0,4,,0.0,-0.0,-0.017999999225139618,0,1
11.21767262002686,35.233,velocity_sine,0,1,,0.0,0.0,-0.07699999958276749,0,1
11.228102626046166,35.243,velocity_sine,1,2,103.8603515625,103.85467529296875,-7.678627967834473,-0.06989897042512894,1,1
11.228102626046166,35.243,velocity_sine,1,1,9.856137186099472,-129.8504638671875,4.852166175842285,-0.23498448729515076,2,1
11.228102626046166,35.243,velocity_sine,0,4,,0.0,-0.0,-0.017999999225139618,0,1
11.228102626046166,35.243,velocity_sine,0,1,,0.0,0.0,-0.008999999612569809,0,1
11.23763281403808,35.253,velocity_sine,1,2,103.8603515625,103.91763305664062,-2.5773308277130127,0.04384087771177292,1,1
11.23763281403808,35.253,velocity_sine,1,1,9.796202362202195,-129.8284912109375,0.04371320828795433,-0.219565287232399,2,1
11.23763281403808,35.253,velocity_sine,0,4,,0.0,-0.0,0.006000000052154064,0,1
11.23763281403808,35.253,velocity_sine,0,1,,0.0,0.0,-0.008999999612569809,0,1
11.247659219021443,35.263,velocity_sine,1,2,103.8603515625,103.84051513671875,-3.1362712383270264,-0.017423955723643303,1,1
11.247659219021443,35.263,velocity_sine,1,1,9.715876206994585,-129.8284912109375,0.04371320828795433,-0.2045699954032898,2,1
11.247659219021443,35.263,velocity_sine,0,4,,0.0,-0.0,-0.017999999225139618,0,1
11.247659219021443,35.263,velocity_sine,0,1,,0.0,0.0,-0.01600000075995922,0,1
11.257405284035485,35.273,velocity_sine,1,2,103.8603515625,103.93960571289062,6.270441055297852,0.07061121612787247,1,1
11.257405284035485,35.273,velocity_sine,1,1,9.715876206994585,-129.80657958984375,0.04371320828795433,-0.19772718846797943,2,1
11.257405284035485,35.273,velocity_sine,0,4,,0.0,-0.0,-0.017999999225139618,0,1
11.257405284035485,35.273,velocity_sine,0,1,,0.0,0.0,-0.008999999612569809,0,1
11.267643218045123,35.283,velocity_sine,1,2,103.8603515625,103.91763305664062,1.9618487358093262,0.08703741431236267,1,1
11.267643218045123,35.283,velocity_sine,1,1,9.63029124490237,-129.80657958984375,0.1311396211385727,-0.18651500344276428,2,1
11.267643218045123,35.283,velocity_sine,0,4,,0.0,-0.0,-0.017999999225139618,0,1
11.267643218045123,35.283,velocity_sine,0,1,,0.0,0.0,0.05700000002980232,0,1
11.277523517026566,35.293,velocity_sine,1,2,103.8603515625,103.93960571289062,1.0386258363723755,-0.019973304122686386,1,1
11.277523517026566,35.293,velocity_sine,1,1,9.53884470956214,-129.80657958984375,0.04371320828795433,-0.17578084766864777,2,1
11.277523517026566,35.293,velocity_sine,0,4,,0.0,-0.0,-0.0430000014603138,0,1
11.277523517026566,35.293,velocity_sine,0,1,,0.0,0.0,-0.008999999612569809,0,1
11.287679716013372,35.303,velocity_sine,1,2,103.8603515625,103.96157836914062,0.3462086021900177,0.2003752440214157,1,1
11.287679716013372,35.303,velocity_sine,1,1,9.417242354321555,-129.78460693359375,0.04371320828795433,-0.1684512197971344,2,1
11.287679716013372,35.303,velocity_sine,0,4,,0.0,-0.0,-0.017999999225139618,0,1
11.287679716013372,35.303,velocity_sine,0,1,,0.0,0.0,0.05700000002980232,0,1
11.297281860024668,35.313,velocity_sine,1,2,103.8603515625,103.93960571289062,-3.4236185550689697,-0.0066849347203969955,1,1
11.297281860024668,35.313,velocity_sine,1,1,9.306508600632128,-129.78460693359375,3.715622663497925,-0.15666721761226654,2,1
11.297281860024668,35.313,velocity_sine,0,4,,0.0,-0.0,-0.017999999225139618,0,1
11.297281860024668,35.313,velocity_sine,0,1,,0.0,0.0,0.05700000002980232,0,1
11.30783451802563,35.323,velocity_sine,1,2,103.8603515625,103.96157836914062,-2.192654609680176,0.2649840712547302,1,1
11.30783451802563,35.323,velocity_sine,1,1,9.162213939422237,-129.78460693359375,0.04371320828795433,-0.14844350516796112,2,1
11.30783451802563,35.323,velocity_sine,0,4,,0.0,-0.0,0.006000000052154064,0,1
11.30783451802563,35.323,velocity_sine,0,1,,0.0,0.0,-0.008999999612569809,0,1
11.317562900017947,35.333,velocity_sine,1,2,103.8603515625,103.865966796875,1.7311732769012451,-0.057069920003414154,1,1
11.317562900017947,35.333,velocity_sine,1,1,9.023676110952488,-129.76263427734375,0.04371320828795433,-0.1401541829109192,2,1
11.317562900017947,35.333,velocity_sine,0,4,,0.0,-0.0,-0.017999999225139618,0,1
11.317562900017947,35.333,velocity_sine,0,1,,0.0,0.0,-0.008999999612569809,0,1
11.328720099001657,35.344,velocity_sine,1,2,103.8603515625,103.87164306640625,-0.5614726543426514,-0.2605751156806946,1,1
11.328720099001657,35.344,velocity_sine,1,1,8.858097428932393,-129.76263427734375,4.852166175842285,-0.13936027884483337,2,1
11.328720099001657,35.344,velocity_sine,0,4,,0.0,-0.0,-0.017999999225139618,0,1
11.328720099001657,35.344,velocity_sine,0,1,,0.0,0.0,0.05700000002980232,0,1
11.337286897993181,35.353,velocity_sine,1,2,103.8603515625,103.93960571289062,-8.809085845947266,-0.19771768152713776,1,1
11.337286897993181,35.353,velocity_sine,1,1,8.683336838951796,-129.76263427734375,0.04371320828795433,-0.12665477395057678,2,1
11.337286897993181,35.353,velocity_sine,0,4,,0.0,-0.0,-0.017999999225139618,0,1
11.337286897993181,35.353,velocity_sine,0,1,,0.0,0.0,-0.008999999612569809,0,1
11.3479119730182,35.363,velocity_sine,1,2,103.8603515625,103.84896850585938,-8.20138168334961,0.034443825483322144,1,1
11.3479119730182,35.363,velocity_sine,1,1,8.516052633019354,-129.74066162109375,0.04371320828795433,-0.12306506931781769,2,1
11.3479119730182,35.363,velocity_sine,0,4,,0.0,-0.0,-0.017999999225139618,0,1
11.3479119730182,35.363,velocity_sine,0,1,,0.0,0.0,-0.008999999612569809,0,1
11.357369734032545,35.373,velocity_sine,1,2,103.8603515625,103.93960571289062,5.11641263961792,0.1207568421959877,1,1
11.357369734032545,35.373,velocity_sine,1,1,8.338629124566003,-129.74066162109375,0.04371320828795433,-0.1126658096909523,2,1
11.357369734032545,35.373,velocity_sine,0,4,,0.0,-0.0,-0.017999999225139618,0,1
11.357369734032545,35.373,velocity_sine,0,1,,0.0,0.0,-0.008999999612569809,0,1
11.367670906998683,35.383,velocity_sine,1,2,103.8603515625,103.93960571289062,-0.2692733705043793,0.11856542527675629,1,1
11.367670906998683,35.383,velocity_sine,1,1,8.338629124566003,-129.71868896484375,4.852166175842285,-0.10147935897111893,2,1
11.367670906998683,35.383,velocity_sine,0,4,,0.0,-0.0,-0.017999999225139618,0,1
11.367670906998683,35.383,velocity_sine,0,1,,0.0,0.0,-0.008999999612569809,0,1
11.377398879034445,35.393,velocity_sine,1,2,103.8603515625,103.96157836914062,7.193664073944092,0.1465531438589096,1,1
11.377398879034445,35.393,velocity_sine,1,1,8.143794246278448,-129.71868896484375,0.04371320828795433,-0.09232121706008911,2,1
11.377398879034445,35.393,velocity_sine,0,4,,0.0,-0.0,-0.017999999225139618,0,1
11.377398879034445,35.393,velocity_sine,0,1,,0.0,0.0,-0.008999999612569809,0,1
11.387887035030872,35.403,velocity_sine,1,2,103.8603515625,103.93960571289062,-5.962481498718262,0.17612388730049133,1,1
11.387887035030872,35.403,velocity_sine,1,1,7.920955377529152,-129.71868896484375,0.04371320828795433,-0.08473332971334457,2,1
11.387887035030872,35.403,velocity_sine,0,4,,0.0,-0.0,-0.017999999225139618,0,1
11.387887035030872,35.403,velocity_sine,0,1,,0.0,0.0,0.05700000002980232,0,1
11.397394569998141,35.413,velocity_sine,1,2,103.8603515625,103.93960571289062,-4.80845308303833,-0.07869082689285278,1,1
11.397394569998141,35.413,velocity_sine,1,1,7.71533561912535,-129.69671630859375,0.04371320828795433,-0.08161471039056778,2,1
11.397394569998141,35.413,velocity_sine,0,4,,0.0,-0.0,-0.017999999225139618,0,1
11.397394569998141,35.413,velocity_sine,0,1,,0.0,0.0,-0.0020000000949949026,0,1
11.407923393009696,35.423,velocity_sine,1,2,103.8603515625,103.91763305664062,-7.808927536010742,-0.07815735787153244,1,1
11.407923393009696,35.423,velocity_sine,1,1,7.474547664566787,-129.69671630859375,4.589886665344238,-0.07884440571069717,2,1
11.407923393009696,35.423,velocity_sine,0,4,,0.0,-0.0,-0.017999999225139618,0,1
11.407923393009696,35.423,velocity_sine,0,1,,0.0,0.0,-0.008999999612569809,0,1
11.417594787024427,35.433,velocity_sine,1,2,103.8603515625,103.85745239257812,3.488966464996338,-0.11831672489643097,1,1
11.417594787024427,35.433,velocity_sine,1,1,7.249107218066634,-129.69671630859375,0.04371320828795433,-0.06808408349752426,2,1
11.417594787024427,35.433,velocity_sine,0,4,,0.0,-0.0,-0.017999999225139618,0,1
11.417594787024427,35.433,velocity_sine,0,1,,0.0,0.0,-0.008999999612569809,0,1
11.428092802001629,35.443,velocity_sine,1,2,103.8603515625,103.84896850585938,-3.1352827548980713,0.04903826862573624,1,1
11.428092802001629,35.443,velocity_sine,1,1,6.994059051243365,-129.67474365234375,2.4916529655456543,-0.0633309930562973,2,1
11.428092802001629,35.443,velocity_sine,0,4,,0.0,-0.0,0.006000000052154064,0,1
11.428092802001629,35.443,velocity_sine,0,1,,0.0,0.0,-0.008999999612569809,0,1
11.437774927006103,35.453,velocity_sine,1,2,103.8603515625,103.96157836914062,-1.8849135637283325,0.13762399554252625,1,1
11.437774927006103,35.453,velocity_sine,1,1,6.748286826632733,-129.67474365234375,4.939592361450195,-0.05179983004927635,2,1
11.437774927006103,35.453,velocity_sine,0,4,,0.0,-0.0,0.03200000151991844,0,1
11.437774927006103,35.453,velocity_sine,0,1,,0.0,0.0,-0.008999999612569809,0,1
11.44777107401751,35.463,velocity_sine,1,2,103.8603515625,103.86318969726562,-3.7712604999542236,-0.019996264949440956,1,1
11.44777107401751,35.463,velocity_sine,1,1,6.466766603135414,-129.67474365234375,0.04371320828795433,-0.05325692519545555,2,1
11.44777107401751,35.463,velocity_sine,0,4,,0.0,-0.0,0.23800000548362732,0,1
11.44777107401751,35.463,velocity_sine,0,1,,0.0,0.0,-0.008999999612569809,0,1
11.457379500032403,35.473,velocity_sine,1,2,103.8603515625,103.93960571289062,-2.5773308277130127,-0.06247488781809807,1,1
11.457379500032403,35.473,velocity_sine,1,1,6.466766603135414,-129.65277099609375,0.04371320828795433,-0.04479682072997093,2,1
11.457379500032403,35.473,velocity_sine,0,4,,0.0,-0.0,-0.017999999225139618,0,1
11.457379500032403,35.473,velocity_sine,0,1,,0.0,0.0,-0.008999999612569809,0,1
11.467659362999257,35.483,velocity_sine,1,2,103.8603515625,103.96157836914062,-0.9616906046867371,-0.0259404256939888,1,1
11.467659362999257,35.483,velocity_sine,1,1,6.208441873470877,-129.65277099609375,0.04371320828795433,-0.03836807236075401,2,1
11.467659362999257,35.483,velocity_sine,0,4,,0.0,-0.0,-0.017999999225139618,0,1
11.467659362999257,35.483,velocity_sine,0,1,,0.0,0.0,-0.008999999612569809,0,1
11.477522078028414,35.493,velocity_sine,1,2,103.8603515625,103.93960571289062,-0.5000790953636169,0.14082284271717072,1,1
11.477522078028414,35.493,velocity_sine,1,1,5.952220868354136,-129.65277099609375,0.04371320828795433,-0.03486615791916847,2,1
11.477522078028414,35.493,velocity_sine,0,4,,0.0,-0.0,-0.017999999225139618,0,1
11.477522078028414,35.493,velocity_sine,0,1,,0.0,0.0,-0.008999999612569809,0,1
11.487869338016026,35.503,velocity_sine,1,2,103.8603515625,103.96157836914062,6.116570472717285,0.14693301916122437,1,1
11.487869338016026,35.503,velocity_sine,1,1,5.641663763156975,-129.63079833984375,0.04371320828795433,-0.02841143123805523,2,1
11.487869338016026,35.503,velocity_sine,0,4,,0.0,-0.0,0.006000000052154064,0,1
11.487869338016026,35.503,velocity_sine,0,1,,0.0,0.0,-0.008999999612569809,0,1
11.49752672604518,35.513,velocity_sine,1,2,103.8603515625,103.93960571289062,-4.5776472091674805,0.26958203315734863,1,1
11.49752672604518,35.513,velocity_sine,1,1,5.370877365388309,-129.63079833984375,0.04371320828795433,-0.02560904622077942,2,1
11.49752672604518,35.513,velocity_sine,0,4,,0.0,-0.0,0.03200000151991844,0,1
11.49752672604518,35.513,velocity_sine,0,1,,0.0,0.0,-0.008999999612569809,0,1
11.50799667800311,35.523,velocity_sine,1,2,103.8603515625,103.96157836914062,6.962858200073242,0.03909190744161606,1,1
11.50799667800311,35.523,velocity_sine,1,1,5.050936841837245,-129.63079833984375,0.04371320828795433,-0.01854575052857399,2,1
11.50799667800311,35.523,velocity_sine,0,4,,0.0,-0.0,0.03200000151991844,0,1
11.50799667800311,35.523,velocity_sine,0,1,,0.0,0.0,-0.07699999958276749,0,1
11.517494525003713,35.533,velocity_sine,1,2,103.8603515625,103.86318969726562,2.147420644760132,0.10256373882293701,1,1
11.517494525003713,35.533,velocity_sine,1,1,4.764047987018495,-129.60888671875,0.04371320828795433,-0.01187116652727127,2,1
11.517494525003713,35.533,velocity_sine,0,4,,0.0,-0.0,0.006000000052154064,0,1
11.517494525003713,35.533,velocity_sine,0,1,,0.0,0.0,-0.0020000000949949026,0,1
11.527549373044167,35.543,velocity_sine,1,2,103.8603515625,103.87164306640625,-2.5210559368133545,0.0761471688747406,1,1
11.527549373044167,35.543,velocity_sine,1,1,4.441353851404755,-129.60888671875,4.589886665344238,-0.015096009708940983,2,1
11.527549373044167,35.543,velocity_sine,0,4,,0.0,-0.0,-0.017999999225139618,0,1
11.527549373044167,35.543,velocity_sine,0,1,,0.0,0.0,-0.008999999612569809,0,1
11.537902173993643,35.553,velocity_sine,1,2,103.8603515625,103.93960571289062,1.0386258363723755,0.024530693888664246,1,1
11.537902173993643,35.553,velocity_sine,1,1,4.142061386781577,-129.60888671875,0.04371320828795433,-0.007956989109516144,2,1
11.537902173993643,35.553,velocity_sine,0,4,,0.0,-0.0,-0.017999999225139618,0,1
11.537902173993643,35.553,velocity_sine,0,1,,0.0,0.0,-0.008999999612569809,0,1
11.548247920989525,35.563,velocity_sine,1,2,103.8603515625,103.88864135742188,-0.6842604279518127,-0.15816321969032288,1,1
11.548247920989525,35.563,velocity_sine,1,1,3.8468400944548797,-129.60888671875,0.04371320828795433,-0.006285164039582014,2,1
11.548247920989525,35.563,velocity_sine,0,4,,0.0,-0.0,0.006000000052154064,0,1
11.548247920989525,35.563,velocity_sine,0,1,,0.0,0.0,-0.008999999612569809,0,1
11.557459338044282,35.573,velocity_sine,1,2,103.8603515625,103.96157836914062,9.19398021697998,0.06998486816883087,1,1
11.557459338044282,35.573,velocity_sine,1,1,3.547661431337279,-129.5869140625,4.852166175842285,-0.003961846232414246,2,1
11.557459338044282,35.573,velocity_sine,0,4,,0.0,-0.0,0.03200000151991844,0,1
11.557459338044282,35.573,velocity_sine,0,1,,0.0,0.0,0.05700000002980232,0,1
11.567803421989083,35.583,velocity_sine,1,2,103.8603515625,103.865966796875,4.602759838104248,0.28769946098327637,1,1
11.567803421989083,35.583,velocity_sine,1,1,3.2100863337896413,-129.5869140625,0.21856604516506195,0.0008212992688640952,2,1
11.567803421989083,35.583,velocity_sine,0,4,,0.0,-0.0,-0.017999999225139618,0,1
11.567803421989083,35.583,velocity_sine,0,1,,0.0,0.0,-0.008999999612569809,0,1
11.577718236017972,35.593,velocity_sine,1,2,103.8603515625,103.96157836914062,-3.962165117263794,0.03631853312253952,1,1
11.577718236017972,35.593,velocity_sine,1,1,2.90386649841048,-129.56494140625,0.04371320828795433,0.004442728124558926,2,1
11.577718236017972,35.593,velocity_sine,0,4,,0.0,-0.0,-0.017999999225139618,0,1
11.577718236017972,35.593,velocity_sine,0,1,,0.0,0.0,-0.008999999612569809,0,1
11.58757360704476,35.603,velocity_sine,1,2,103.8603515625,103.93960571289062,-9.34763240814209,0.10585935413837433,1,1
11.58757360704476,35.603,velocity_sine,1,1,2.6018424258103563,-129.56494140625,0.04371320828795433,0.004429773893207312,2,1
11.58757360704476,35.603,velocity_sine,0,4,,0.0,-0.0,-0.017999999225139618,0,1
11.58757360704476,35.603,velocity_sine,0,1,,0.0,0.0,-0.008999999612569809,0,1
11.597422507009469,35.613,velocity_sine,1,2,103.8603515625,103.9835205078125,3.2697479724884033,0.2685792148113251,1,1
11.597422507009469,35.613,velocity_sine,1,1,2.6018424258103563,-129.56494140625,0.04371320828795433,0.0004825335054192692,2,1
11.597422507009469,35.613,velocity_sine,0,4,,0.0,-0.0,-0.017999999225139618,0,1
11.597422507009469,35.613,velocity_sine,0,1,,0.0,0.0,0.05700000002980232,0,1
11.608809970028233,35.623,velocity_sine,1,2,103.8603515625,103.96157836914062,-2.731201171875,0.02195623144507408,1,1
11.608809970028233,35.623,velocity_sine,1,1,2.278424180770302,-129.56494140625,0.1311396211385727,0.004981447942554951,2,1
11.608809970028233,35.623,velocity_sine,0,4,,0.0,-0.0,0.006000000052154064,0,1
11.608809970028233,35.623,velocity_sine,0,1,,0.0,0.0,-0.008999999612569809,0,1
11.617511263990309,35.633,velocity_sine,1,2,103.8603515625,103.96157836914062,-1.1155611276626587,0.07786738872528076,1,1
11.617511263990309,35.633,velocity_sine,1,1,1.9285803931581456,-129.56494140625,2.4916529655456543,0.007653652690351009,2,1
11.617511263990309,35.633,velocity_sine,0,4,,0.0,-0.0,-0.017999999225139618,0,1
11.617511263990309,35.633,velocity_sine,0,1,,0.0,0.0,-0.008999999612569809,0,1
11.62768599804258,35.643,velocity_sine,1,2,103.8603515625,103.96157836914062,6.962858200073242,0.11444354802370071,1,1
11.62768599804258,35.643,velocity_sine,1,1,1.5903142968077302,-129.5428466796875,0.6556981205940247,0.007862413302063942,2,1
11.62768599804258,35.643,velocity_sine,0,4,,0.0,-0.0,-0.017999999225139618,0,1
11.62768599804258,35.643,velocity_sine,0,1,,0.0,0.0,-0.008999999612569809,0,1
11.63744363602018,35.653,velocity_sine,1,2,103.8603515625,103.96157836914062,1.6541078090667725,0.15569929778575897,1,1
11.63744363602018,35.653,velocity_sine,1,1,1.2762567043569704,-129.5428466796875,0.04371320828795433,0.006415862124413252,2,1
11.63744363602018,35.653,velocity_sine,0,4,,0.0,-0.0,-0.017999999225139618,0,1
11.63744363602018,35.653,velocity_sine,0,1,,0.0,0.0,-0.008999999612569809,0,1
11.647696558036841,35.663,velocity_sine,1,2,103.8603515625,103.96157836914062,-1.8079782724380493,0.011794154532253742,1,1
11.647696558036841,35.663,velocity_sine,1,1,0.9004835283236128,-129.5428466796875,0.04371320828795433,0.006992997135967016,2,1
11.647696558036841,35.663,velocity_sine,0,4,,0.0,-0.0,-0.017999999225139618,0,1
11.647696558036841,35.663,velocity_sine,0,1,,0.0,0.0,-0.008999999612569809,0,1
11.6573828200344,35.673,velocity_sine,1,2,103.8603515625,103.88018798828125,3.9928650856018066,0.004785769619047642,1,1
11.6573828200344,35.673,velocity_sine,1,1,0.5801568425104767,-129.5428466796875,0.04371320828795433,0.0037360992282629013,2,1
11.6573828200344,35.673,velocity_sine,0,4,,0.0,-0.0,-0.017999999225139618,0,1
11.6573828200344,35.673,velocity_sine,0,1,,0.0,0.0,0.05000000074505806,0,1
11.667943834036123,35.683,velocity_sine,1,2,103.8603515625,103.86880493164062,4.745523929595947,0.11075307428836823,1,1
11.667943834036123,35.683,velocity_sine,1,1,0.20735837043453859,-129.5428466796875,0.04371320828795433,0.0013093907618895173,2,1
11.667943834036123,35.683,velocity_sine,0,4,,0.0,-0.0,-0.25,0,1
11.667943834036123,35.683,velocity_sine,0,1,,0.0,0.0,-0.008999999612569809,0,1
11.678021185041871,35.693,velocity_sine,1,2,103.8603515625,103.96157836914062,2.26958966255188,-0.02702620066702366,1,1
11.678021185041871,35.693,velocity_sine,1,1,-0.12252834638602858,-129.5208740234375,0.04371320828795433,0.0019518400076776743,2,1
11.678021185041871,35.693,velocity_sine,0,4,,0.0,-0.0,0.054999999701976776,0,1
11.678021185041871,35.693,velocity_sine,0,1,,0.0,0.0,-0.07699999958276749,0,1
11.687595285009593,35.703,velocity_sine,1,2,103.8603515625,103.87164306640625,-4.6837897300720215,0.12258207052946091,1,1
11.687595285009593,35.703,velocity_sine,1,1,-0.4390509919722582,-129.5208740234375,0.04371320828795433,0.0006721949321217835,2,1
11.687595285009593,35.703,velocity_sine,0,4,,0.0,-0.0,0.03200000151991844,0,1
11.687595285009593,35.703,velocity_sine,0,1,,0.0,0.0,0.05700000002980232,0,1
11.697280005028006,35.713,velocity_sine,1,2,103.8603515625,103.865966796875,0.5597707033157349,0.33441466093063354,1,1
11.697280005028006,35.713,velocity_sine,1,1,-0.8094665190071635,-129.5208740234375,0.04371320828795433,-0.0031286024022847414,2,1
11.697280005028006,35.713,velocity_sine,0,4,,0.0,-0.0,0.23800000548362732,0,1
11.697280005028006,35.713,velocity_sine,0,1,,0.0,0.0,-0.008999999612569809,0,1
11.707766738021746,35.723,velocity_sine,1,2,103.8603515625,103.96157836914062,10.732685089111328,0.23331502079963684,1,1
11.707766738021746,35.723,velocity_sine,1,1,-0.8094665190071635,-129.5208740234375,0.04371320828795433,-0.00041396121378056705,2,1
11.707766738021746,35.723,velocity_sine,0,4,,0.0,-0.0,0.006000000052154064,0,1
11.707766738021746,35.723,velocity_sine,0,1,,0.0,0.0,-0.008999999612569809,0,1
11.717378751025535,35.733,velocity_sine,1,2,103.8603515625,103.93960571289062,3.88523006439209,0.060015205293893814,1,1
11.717378751025535,35.733,velocity_sine,1,1,-1.1652008544635675,-129.5208740234375,0.6556981205940247,-0.002027957234531641,2,1
11.717378751025535,35.733,velocity_sine,0,4,,0.0,-0.0,-0.017999999225139618,0,1
11.717378751025535,35.733,velocity_sine,0,1,,0.0,0.0,-0.07000000029802322,0,1
11.727779482025653,35.743,velocity_sine,1,2,103.8603515625,103.93960571289062,2.654266119003296,-0.13543511927127838,1,1
11.727779482025653,35.743,velocity_sine,1,1,-1.530479905392682,-129.5208740234375,0.04371320828795433,-0.0030679390765726566,2,1
11.727779482025653,35.743,velocity_sine,0,4,,0.0,-0.0,0.006000000052154064,0,1
11.727779482025653,35.743,velocity_sine,0,1,,0.0,0.0,-0.01600000075995922,0,1
11.737485471996479,35.753,velocity_sine,1,2,103.8603515625,103.96157836914062,2.9620070457458496,-0.12203498929738998,1,1
11.737485471996479,35.753,velocity_sine,1,1,-1.8539938973014687,-129.5208740234375,0.04371320828795433,-0.0068144905380904675,2,1
11.737485471996479,35.753,velocity_sine,0,4,,0.0,-0.0,-0.017999999225139618,0,1
11.737485471996479,35.753,velocity_sine,0,1,,0.0,0.0,-0.0020000000949949026,0,1
11.74763919704128,35.763,velocity_sine,1,2,103.8603515625,103.93960571289062,-6.501028537750244,-0.0022586765699088573,1,1
11.74763919704128,35.763,velocity_sine,1,1,-2.221118144395638,-129.5208740234375,0.04371320828795433,-0.009532647207379341,2,1
11.74763919704128,35.763,velocity_sine,0,4,,0.0,-0.0,-0.017999999225139618,0,1
11.74763919704128,35.763,velocity_sine,0,1,,0.0,0.0,-0.008999999612569809,0,1
11.757471765042283,35.773,velocity_sine,1,2,103.8603515625,103.96157836914062,8.116887092590332,0.0882381945848465,1,1
11.757471765042283,35.773,velocity_sine,1,1,-2.534100669588813,-129.5208740234375,0.04371320828795433,-0.011587398126721382,2,1
11.757471765042283,35.773,velocity_sine,0,4,,0.0,-0.0,0.03200000151991844,0,1
11.757471765042283,35.773,velocity_sine,0,1,,0.0,0.0,-0.008999999612569809,0,1
11.76794669602532,35.783,velocity_sine,1,2,103.8603515625,103.8603515625,-12.53218936920166,0.04343853145837784,1,1
11.76794669602532,35.783,velocity_sine,1,1,-2.897504697290585,-129.5208740234375,0.04371320828795433,-0.015060664154589176,2,1
11.76794669602532,35.783,velocity_sine,0,4,,0.0,-0.0,0.006000000052154064,0,1
11.76794669602532,35.783,velocity_sine,0,1,,0.0,0.0,-0.01600000075995922,0,1
11.777985174034256,35.793,velocity_sine,1,2,103.8603515625,103.96157836914062,4.423776626586914,0.27866071462631226,1,1
11.777985174034256,35.793,velocity_sine,1,1,-3.2040268384213717,-129.5208740234375,0.04371320828795433,-0.020668748766183853,2,1
11.777985174034256,35.793,velocity_sine,0,4,,0.0,-0.0,0.03200000151991844,0,1
11.777985174034256,35.793,velocity_sine,0,1,,0.0,0.0,-0.0020000000949949026,0,1
11.787963047041558,35.803,velocity_sine,1,2,103.8603515625,103.87164306640625,1.24050772190094,0.12022804468870163,1,1
11.787963047041558,35.803,velocity_sine,1,1,-3.504628517259433,-129.5208740234375,0.04371320828795433,-0.02245466783642769,2,1
11.787963047041558,35.803,velocity_sine,0,4,,0.0,-0.0,0.03200000151991844,0,1
11.787963047041558,35.803,velocity_sine,0,1,,0.0,0.0,-0.07699999958276749,0,1
11.797862962994259,35.813,velocity_sine,1,2,103.8603515625,103.96157836914062,-8.116668701171875,-0.1916653960943222,1,1
11.797862962994259,35.813,velocity_sine,1,1,-3.7982015416259953,-129.5208740234375,0.04371320828795433,-0.029948832467198372,2,1
11.797862962994259,35.813,velocity_sine,0,4,,0.0,-0.0,-0.017999999225139618,0,1
11.797862962994259,35.813,velocity_sine,0,1,,0.0,0.0,-0.01600000075995922,0,1
11.807619518018328,35.823,velocity_sine,1,2,103.8603515625,103.88018798828125,-0.9880287647247314,-0.006896765902638435,1,1
11.807619518018328,35.823,velocity_sine,1,1,-4.1419029165712145,-129.5208740234375,0.04371320828795433,-0.039097655564546585,2,1
11.807619518018328,35.823,velocity_sine,0,4,,0.0,-0.0,-0.017999999225139618,0,1
11.807619518018328,35.823,velocity_sine,0,1,,0.0,0.0,-0.008999999612569809,0,1
11.817351125995629,35.833,velocity_sine,1,2,103.8603515625,103.96157836914062,0.03846762329339981,0.21381711959838867,1,1
11.817351125995629,35.833,velocity_sine,1,1,-4.1419029165712145,-129.5208740234375,0.04371320828795433,-0.04214373603463173,2,1
11.817351125995629,35.833,velocity_sine,0,4,,0.0,-0.0,0.006000000052154064,0,1
11.817351125995629,35.833,velocity_sine,0,1,,0.0,0.0,-0.008999999612569809,0,1
11.827239620033652,35.843,velocity_sine,1,2,103.8603515625,103.96157836914062,6.808988094329834,0.1792295277118683,1,1
11.827239620033652,35.843,velocity_sine,1,1,-4.449381620437754,-129.5208740234375,0.04371320828795433,-0.05298566073179245,2,1
11.827239620033652,35.843,velocity_sine,0,4,,0.0,-0.0,0.006000000052154064,0,1
11.827239620033652,35.843,velocity_sine,0,1,,0.0,0.0,-0.008999999612569809,0,1
11.83747841604054,35.853,velocity_sine,1,2,103.8603515625,103.96157836914062,-7.193445682525635,0.11790858209133148,1,1
11.83747841604054,35.853,velocity_sine,1,1,-4.786451932806349,-129.5208740234375,0.04371320828795433,-0.06032256409525871,2,1
11.83747841604054,35.853,velocity_sine,0,4,,0.0,-0.0,-0.017999999225139618,0,1
11.83747841604054,35.853,velocity_sine,0,1,,0.0,0.0,-0.0020000000949949026,0,1
11.847623374022078,35.863,velocity_sine,1,2,103.8603515625,103.96157836914062,-2.4234602451324463,0.08541508764028549,1,1
11.847623374022078,35.863,velocity_sine,1,1,-5.0655341629241875,-129.5208740234375,0.04371320828795433,-0.06878794729709625,2,1
11.847623374022078,35.863,velocity_sine,0,4,,0.0,-0.0,-0.017999999225139618,0,1
11.847623374022078,35.863,velocity_sine,0,1,,0.0,0.0,-0.008999999612569809,0,1
11.857595917012077,35.873,velocity_sine,1,2,103.8603515625,103.93960571289062,-7.424251079559326,-0.14266018569469452,1,1
11.857595917012077,35.873,velocity_sine,1,1,-5.338380737196902,-129.5208740234375,0.04371320828795433,-0.07695965468883514,2,1
11.857595917012077,35.873,velocity_sine,0,4,,0.0,-0.0,-0.017999999225139618,0,1
11.857595917012077,35.873,velocity_sine,0,1,,0.0,0.0,-0.008999999612569809,0,1
11.867711619997863,35.883,velocity_sine,1,2,103.8603515625,103.93960571289062,-3.6544241905212402,-0.12519162893295288,1,1
11.867711619997863,35.883,velocity_sine,1,1,-5.605568947416975,-129.5428466796875,0.04371320828795433,-0.08938653022050858,2,1
11.867711619997863,35.883,velocity_sine,0,4,,0.0,-0.0,0.006000000052154064,0,1
11.867711619997863,35.883,velocity_sine,0,1,,0.0,0.0,-0.008999999612569809,0,1
11.87738639098825,35.893,velocity_sine,1,2,103.8603515625,103.96157836914062,1.0386258363723755,0.07713005691766739,1,1
11.87738639098825,35.893,velocity_sine,1,1,-5.914161805810911,-129.5428466796875,0.04371320828795433,-0.0966251939535141,2,1
11.87738639098825,35.893,velocity_sine,0,4,,0.0,-0.0,-0.017999999225139618,0,1
11.87738639098825,35.893,velocity_sine,0,1,,0.0,0.0,-0.008999999612569809,0,1
11.887150169990491,35.903,velocity_sine,1,2,103.8603515625,103.87164306640625,-4.77346658706665,0.18295443058013916,1,1
11.887150169990491,35.903,velocity_sine,1,1,-6.213313399049985,-129.5428466796875,-0.5682716965675354,-0.10353073477745056,2,1
11.887150169990491,35.903,velocity_sine,0,4,,0.0,-0.0,-0.017999999225139618,0,1
11.887150169990491,35.903,velocity_sine,0,1,,0.0,0.0,-0.008999999612569809,0,1
11.897275310999248,35.913,velocity_sine,1,2,103.8603515625,103.96157836914062,-0.03846762329339981,0.19142287969589233,1,1
11.897275310999248,35.913,velocity_sine,1,1,-6.502915054425907,-129.5428466796875,0.04371320828795433,-0.11875850707292557,2,1
11.897275310999248,35.913,velocity_sine,0,4,,0.0,-0.0,-0.017999999225139618,0,1
11.897275310999248,35.913,velocity_sine,0,1,,0.0,0.0,-0.008999999612569809,0,1
11.90760171203874,35.923,velocity_sine,1,2,103.8603515625,103.87734985351562,0.29264241456985474,0.18020297586917877,1,1
11.90760171203874,35.923,velocity_sine,1,1,-6.74058399952159,-129.5428466796875,0.04371320828795433,-0.12153160572052002,2,1
11.90760171203874,35.923,velocity_sine,0,4,,0.0,-0.0,-0.017999999225139618,0,1
11.90760171203874,35.923,velocity_sine,0,1,,0.0,0.0,-0.008999999612569809,0,1
11.917382332030684,35.933,velocity_sine,1,2,103.8603515625,103.96157836914062,2.731201171875,0.08961775153875351,1,1
11.917382332030684,35.933,velocity_sine,1,1,-6.97989230771814,-129.5428466796875,0.04371320828795433,-0.13135270774364471,2,1
11.917382332030684,35.933,velocity_sine,0,4,,0.0,-0.0,0.054999999701976776,0,1
11.917382332030684,35.933,velocity_sine,0,1,,0.0,0.0,-0.008999999612569809,0,1
11.927941942994948,35.943,velocity_sine,1,2,103.8603515625,103.96157836914062,2.4234602451324463,0.18697552382946014,1,1
11.927941942994948,35.943,velocity_sine,1,1,-6.97989230771814,-129.5428466796875,0.04371320828795433,-0.1453443318605423,2,1
11.927941942994948,35.943,velocity_sine,0,4,,0.0,-0.0,0.006000000052154064,0,1
11.927941942994948,35.943,velocity_sine,0,1,,0.0,0.0,-0.008999999612569809,0,1
11.937254190037493,35.953,velocity_sine,1,2,103.8603515625,103.9835205078125,-5.193129062652588,0.1376764476299286,1,1
11.937254190037493,35.953,velocity_sine,1,1,-7.2333324791946065,-129.5428466796875,0.04371320828795433,-0.15704283118247986,2,1
11.937254190037493,35.953,velocity_sine,0,4,,0.0,-0.0,-0.017999999225139618,0,1
11.937254190037493,35.953,velocity_sine,0,1,,0.0,0.0,-0.0020000000949949026,0,1
11.947606139001437,35.963,velocity_sine,1,2,103.8603515625,103.96157836914062,-2.5773308277130127,0.05825236812233925,1,1
11.947606139001437,35.963,velocity_sine,1,1,-7.4757234885388035,-129.5428466796875,0.04371320828795433,-0.1716955453157425,2,1
11.947606139001437,35.963,velocity_sine,0,4,,0.0,-0.0,-0.017999999225139618,0,1
11.947606139001437,35.963,velocity_sine,0,1,,0.0,0.0,-0.008999999612569809,0,1
11.957524179015309,35.973,velocity_sine,1,2,103.8603515625,103.93960571289062,-0.11540286988019943,-0.009087339043617249,1,1
11.957524179015309,35.973,velocity_sine,1,1,-7.690352082752385,-129.56494140625,0.04371320828795433,-0.18551352620124817,2,1
11.957524179015309,35.973,velocity_sine,0,4,,0.0,-0.0,-0.017999999225139618,0,1
11.957524179015309,35.973,velocity_sine,0,1,,0.0,0.0,-0.008999999612569809,0,1
11.968083219020627,35.983,velocity_sine,1,2,103.8603515625,103.93960571289062,-1.5771725177764893,-0.06941568106412888,1,1
11.968083219020627,35.983,velocity_sine,1,1,-7.888880441069766,-129.56494140625,-0.21856604516506195,-0.19712765514850616,2,1
11.968083219020627,35.983,velocity_sine,0,4,,0.0,-0.0,-0.017999999225139618,0,1
11.968083219020627,35.983,velocity_sine,0,1,,0.0,0.0,-0.008999999612569809,0,1
11.977693748020101,35.993,velocity_sine,1,2,103.8603515625,103.96157836914062,7.655275821685791,-0.11093498021364212,1,1
11.977693748020101,35.993,velocity_sine,1,1,-8.084098247027496,-129.56494140625,0.04371320828795433,-0.2036479264497757,2,1
11.977693748020101,35.993,velocity_sine,0,4,,0.0,-0.0,0.03200000151991844,0,1
11.977693748020101,35.993,velocity_sine,0,1,,0.0,0.0,-0.008999999612569809,0,1
11.987826644035522,36.003,velocity_sine,1,2,103.8603515625,103.87164306640625,5.037652015686035,0.16594138741493225,1,1
11.987826644035522,36.003,velocity_sine,1,1,-8.297565583871325,-129.56494140625,-2.404226541519165,-0.2156529575586319,2,1
11.987826644035522,36.003,velocity_sine,0,4,,0.0,-0.0,0.006000000052154064,0,1
11.987826644035522,36.003,velocity_sine,0,1,,0.0,0.0,-0.008999999612569809,0,1
11.997462932020426,36.013,velocity_sine,1,2,103.8603515625,103.87164306640625,-2.0133252143859863,0.21273551881313324,1,1
11.997462932020426,36.013,velocity_sine,1,1,-8.472067352777037,-129.56494140625,0.04371320828795433,-0.23048433661460876,2,1
11.997462932020426,36.013,velocity_sine,0,4,,0.0,-0.0,0.006000000052154064,0,1
11.997462932020426,36.013,velocity_sine,0,1,,0.0,0.0,-0.008999999612569809,0,1
12.007367226004135,36.023,velocity_sine,1,2,103.8603515625,103.85745239257812,1.6311458349227905,0.16257549822330475,1,1
12.007367226004135,36.023,velocity_sine,1,1,-8.66409993389679,-129.56494140625,0.04371320828795433,-0.23507629334926605,2,1
12.007367226004135,36.023,velocity_sine,0,4,,0.0,-0.0,-0.06599999964237213,0,1
12.007367226004135,36.023,velocity_sine,0,1,,0.0,0.0,-0.0020000000949949026,0,1
12.018484199012164,36.033,velocity_sine,1,2,103.8603515625,103.9835205078125,1.5771725177764893,0.130165234208107,1,1
12.018484199012164,36.033,velocity_sine,1,1,-8.81746558445162,-129.5869140625,0.04371320828795433,-0.25347015261650085,2,1
12.018484199012164,36.033,velocity_sine,0,4,,0.0,-0.0,-0.017999999225139618,0,1
12.018484199012164,36.033,velocity_sine,0,1,,0.0,0.0,-0.01600000075995922,0,1
12.027365371992346,36.043,velocity_sine,1,2,103.8603515625,103.87164306640625,-6.825817108154297,0.011292021721601486,1,1
12.027365371992346,36.043,velocity_sine,1,1,-8.97476913452898,-129.5869140625,-4.852166175842285,-0.2592119574546814,2,1
12.027365371992346,36.043,velocity_sine,0,4,,0.0,-0.0,-0.017999999225139618,0,1
12.027365371992346,36.043,velocity_sine,0,1,,0.0,0.0,-0.008999999612569809,0,1
12.037244389008265,36.053,velocity_sine,1,2,103.8603515625,103.93960571289062,0.19233810901641846,0.12031479924917221,1,1
12.037244389008265,36.053,velocity_sine,1,1,-9.123040453386611,-129.5869140625,0.04371320828795433,-0.27130845189094543,2,1
12.037244389008265,36.053,velocity_sine,0,4,,0.0,-0.0,0.03200000151991844,0,1
12.037244389008265,36.053,velocity_sine,0,1,,0.0,0.0,-0.008999999612569809,0,1
12.047660258016549,36.063,velocity_sine,1,2,103.8603515625,103.88302612304688,4.173209190368652,0.2913244068622589,1,1
12.047660258016549,36.063,velocity_sine,1,1,-9.247870782093392,-129.5869140625,0.04371320828795433,-0.2869248390197754,2,1
12.047660258016549,36.063,velocity_sine,0,4,,0.0,-0.0,0.03200000151991844,0,1
12.047660258016549,36.063,velocity_sine,0,1,,0.0,0.0,0.05700000002980232,0,1
12.05735616903985,36.073,velocity_sine,1,2,103.8603515625,103.9835205078125,-1.8849135637283325,0.2525455355644226,1,1
12.05735616903985,36.073,velocity_sine,1,1,-9.364354106947774,-129.60888671875,0.04371320828795433,-0.30102166533470154,2,1
12.05735616903985,36.073,velocity_sine,0,4,,0.0,-0.0,0.054999999701976776,0,1
12.05735616903985,36.073,velocity_sine,0,1,,0.0,0.0,-0.008999999612569809,0,1
12.067652983998414,36.083,velocity_sine,1,2,103.8603515625,104.0054931640625,10.501879692077637,0.19783878326416016,1,1
12.067652983998414,36.083,velocity_sine,1,1,-9.471035922497778,-129.60888671875,-0.04371320828795433,-0.31023091077804565,2,1
12.067652983998414,36.083,velocity_sine,0,4,,0.0,-0.0,-0.017999999225139618,0,1
12.067652983998414,36.083,velocity_sine,0,1,,0.0,0.0,-0.008999999612569809,0,1
12.077485502988566,36.093,velocity_sine,1,2,103.8603515625,103.96157836914062,2.346524953842163,0.13458551466464996,1,1
12.077485502988566,36.093,velocity_sine,1,1,-9.471035922497778,-129.60888671875,0.04371320828795433,-0.31562504172325134,2,1
12.077485502988566,36.093,velocity_sine,0,4,,0.0,-0.0,0.006000000052154064,0,1
12.077485502988566,36.093,velocity_sine,0,1,,0.0,0.0,-0.008999999612569809,0,1
12.087896173004992,36.103,velocity_sine,1,2,103.8603515625,103.96157836914062,0.19233810901641846,0.037642598152160645,1,1
12.087896173004992,36.103,velocity_sine,1,1,-9.575315174558627,-129.60888671875,-2.404226541519165,-0.32529696822166443,2,1
12.087896173004992,36.103,velocity_sine,0,4,,0.0,-0.0,-0.017999999225139618,0,1
12.087896173004992,36.103,velocity_sine,0,1,,0.0,0.0,-0.008999999612569809,0,1
12.097567838034593,36.113,velocity_sine,1,2,103.8603515625,103.9835205078125,7.347534656524658,0.2833092510700226,1,1
12.097567838034593,36.113,velocity_sine,1,1,-9.664726035945359,-129.63079833984375,0.04371320828795433,-0.33711084723472595,2,1
12.097567838034593,36.113,velocity_sine,0,4,,0.0,-0.0,-0.017999999225139618,0,1
12.097567838034593,36.113,velocity_sine,0,1,,0.0,0.0,-0.008999999612569809,0,1
12.10794341104338,36.123,velocity_sine,1,2,103.8603515625,103.9835205078125,1.2694315910339355,0.28416895866394043,1,1
12.10794341104338,36.123,velocity_sine,1,1,-9.754263985956088,-129.63079833984375,0.04371320828795433,-0.3496091067790985,2,1
12.10794341104338,36.123,velocity_sine,0,4,,0.0,-0.0,-0.017999999225139618,0,1
12.10794341104338,36.123,velocity_sine,0,1,,0.0,0.0,-0.008999999612569809,0,1
12.117404188029468,36.133,velocity_sine,1,2,103.8603515625,103.96157836914062,-11.040426254272461,-0.03647780045866966,1,1
12.117404188029468,36.133,velocity_sine,1,1,-9.821178370676945,-129.63079833984375,0.04371320828795433,-0.3669123649597168,2,1
12.117404188029468,36.133,velocity_sine,0,4,,0.0,-0.0,-0.017999999225139618,0,1
12.117404188029468,36.133,velocity_sine,0,1,,0.0,0.0,-0.008999999612569809,0,1
12.128068627032917,36.143,velocity_sine,1,2,103.8603515625,103.96157836914062,3.577488899230957,-0.06088320165872574,1,1
12.128068627032917,36.143,velocity_sine,1,1,-9.882446289131693,-129.65277099609375,-2.404226541519165,-0.3762703239917755,2,1
12.128068627032917,36.143,velocity_sine,0,4,,0.0,-0.0,0.03200000151991844,0,1
12.128068627032917,36.143,velocity_sine,0,1,,0.0,0.0,-0.008999999612569809,0,1
12.137651433993597,36.153,velocity_sine,1,2,103.8603515625,103.88302612304688,-10.150192260742188,0.1294165700674057,1,1
12.137651433993597,36.153,velocity_sine,1,1,-9.929699104293109,-129.65277099609375,-2.404226541519165,-0.3913268744945526,2,1
12.137651433993597,36.153,velocity_sine,0,4,,0.0,-0.0,-0.017999999225139618,0,1
12.137651433993597,36.153,velocity_sine,0,1,,0.0,0.0,-0.008999999612569809,0,1
12.148263945011422,36.163,velocity_sine,1,2,103.8603515625,103.89154052734375,-3.444068670272827,0.297723650932312,1,1
12.148263945011422,36.163,velocity_sine,1,1,-9.966766839619195,-129.65277099609375,0.04371320828795433,-0.3976529836654663,2,1
12.148263945011422,36.163,velocity_sine,0,4,,0.0,-0.0,-0.017999999225139618,0,1
12.148263945011422,36.163,velocity_sine,0,1,,0.0,0.0,-0.008999999612569809,0,1
12.157840310013853,36.173,velocity_sine,1,2,103.8603515625,103.89718627929688,5.216257095336914,0.23272080719470978,1,1
12.157840310013853,36.173,velocity_sine,1,1,-9.988120137658633,-129.65277099609375,-0.04371320828795433,-0.4120017886161804,2,1
12.157840310013853,36.173,velocity_sine,0,4,,0.0,-0.0,-0.017999999225139618,0,1
12.157840310013853,36.173,velocity_sine,0,1,,0.0,0.0,-0.008999999612569809,0,1
12.168116216023918,36.183,velocity_sine,1,2,103.8603515625,103.91421508789062,1.8222357034683228,0.017350148409605026,1,1
12.168116216023918,36.183,velocity_sine,1,1,-9.999313825022021,-129.65277099609375,0.04371320828795433,-0.419786661863327,2,1
12.168116216023918,36.183,velocity_sine,0,4,,0.0,-0.0,-0.017999999225139618,0,1
12.168116216023918,36.183,velocity_sine,0,1,,0.0,0.0,-0.0020000000949949026,0,1
12.177752624033019,36.193,velocity_sine,1,2,103.8603515625,103.96157836914062,-3.8082947731018066,0.11548265814781189,1,1
12.177752624033019,36.193,velocity_sine,1,1,-9.997900936409534,-129.67474365234375,0.04371320828795433,-0.4328003227710724,2,1
12.177752624033019,36.193,velocity_sine,0,4,,0.0,-0.0,-0.017999999225139618,0,1
12.177752624033019,36.193,velocity_sine,0,1,,0.0,0.0,-0.008999999612569809,0,1
12.187775592028629,36.203,velocity_sine,1,2,103.8603515625,104.0054931640625,0.8078200817108154,0.13071031868457794,1,1
12.187775592028629,36.203,velocity_sine,1,1,-9.997900936409534,-129.67474365234375,0.04371320828795433,-0.4460383653640747,2,1
12.187775592028629,36.203,velocity_sine,0,4,,0.0,-0.0,0.006000000052154064,0,1
12.187775592028629,36.203,velocity_sine,0,1,,0.0,0.0,-0.008999999612569809,0,1
12.197361015016213,36.213,velocity_sine,1,2,103.8603515625,103.9835205078125,-5.4239349365234375,-0.19394882023334503,1,1
12.197361015016213,36.213,velocity_sine,1,1,-9.985376377547505,-129.69671630859375,0.04371320828795433,-0.4595031440258026,2,1
12.197361015016213,36.213,velocity_sine,0,4,,0.0,-0.0,-0.0430000014603138,0,1
12.197361015016213,36.213,velocity_sine,0,1,,0.0,0.0,-0.01600000075995922,0,1
12.207908603013493,36.223,velocity_sine,1,2,103.8603515625,103.9835205078125,7.809145927429199,0.05021413415670395,1,1
12.207908603013493,36.223,velocity_sine,1,1,-9.957969184689881,-129.69671630859375,0.04371320828795433,-0.47213801741600037,2,1
12.207908603013493,36.223,velocity_sine,0,4,,0.0,-0.0,-0.017999999225139618,0,1
12.207908603013493,36.223,velocity_sine,0,1,,0.0,0.0,-0.008999999612569809,0,1
12.217909169034101,36.233,velocity_sine,1,2,103.8603515625,103.96157836914062,-0.8078200817108154,0.29378044605255127,1,1
12.217909169034101,36.233,velocity_sine,1,1,-9.922443284577236,-129.69671630859375,0.04371320828795433,-0.48498013615608215,2,1
12.217909169034101,36.233,velocity_sine,0,4,,0.0,-0.0,0.006000000052154064,0,1
12.217909169034101,36.233,velocity_sine,0,1,,0.0,0.0,0.05700000002980232,0,1
12.227695028996095,36.243,velocity_sine,1,2,103.8603515625,103.88302612304688,11.23702621459961,0.020245656371116638,1,1
12.227695028996095,36.243,velocity_sine,1,1,-9.867997800004662,-129.71868896484375,0.04371320828795433,-0.49279290437698364,2,1
12.227695028996095,36.243,velocity_sine,0,4,,0.0,-0.0,0.006000000052154064,0,1
12.227695028996095,36.243,velocity_sine,0,1,,0.0,0.0,-0.008999999612569809,0,1
12.237847512005828,36.253,velocity_sine,1,2,103.8603515625,103.9000244140625,-0.440228670835495,0.030267562717199326,1,1
12.237847512005828,36.253,velocity_sine,1,1,-9.800240436426835,-129.71868896484375,0.04371320828795433,-0.5054590702056885,2,1
12.237847512005828,36.253,velocity_sine,0,4,,0.0,-0.0,0.03200000151991844,0,1
12.237847512005828,36.253,velocity_sine,0,1,,0.0,0.0,-0.01600000075995922,0,1
12.247767035034485,36.263,velocity_sine,1,2,103.8603515625,103.88864135742188,1.145053505897522,0.15216954052448273,1,1
12.247767035034485,36.263,velocity_sine,1,1,-9.730879339355944,-129.71868896484375,0.04371320828795433,-0.5078755617141724,2,1
12.247767035034485,36.263,velocity_sine,0,4,,0.0,-0.0,-0.017999999225139618,0,1
12.247767035034485,36.263,velocity_sine,0,1,,0.0,0.0,-0.008999999612569809,0,1
12.257629109022673,36.273,velocity_sine,1,2,103.8603515625,103.88302612304688,-0.24297718703746796,0.16725769639015198,1,1
12.257629109022673,36.273,velocity_sine,1,1,-9.636970394717576,-129.74066162109375,0.04371320828795433,-0.5166365504264832,2,1
12.257629109022673,36.273,velocity_sine,0,4,,0.0,-0.0,-0.017999999225139618,0,1
12.257629109022673,36.273,velocity_sine,0,1,,0.0,0.0,-0.008999999612569809,0,1
12.26782974199159,36.283,velocity_sine,1,2,103.8603515625,103.96157836914062,0.8847553133964539,-0.08609648793935776,1,1
12.26782974199159,36.283,velocity_sine,1,1,-9.547239443767602,-129.74066162109375,0.04371320828795433,-0.5215088129043579,2,1
12.26782974199159,36.283,velocity_sine,0,4,,0.0,-0.0,-0.017999999225139618,0,1
12.26782974199159,36.283,velocity_sine,0,1,,0.0,0.0,-0.008999999612569809,0,1
12.27777003403753,36.293,velocity_sine,1,2,103.8603515625,103.96157836914062,7.655275821685791,0.06706085056066513,1,1
12.27777003403753,36.293,velocity_sine,1,1,-9.448408709653904,-129.74066162109375,0.04371320828795433,-0.531435489654541,2,1
12.27777003403753,36.293,velocity_sine,0,4,,0.0,-0.0,-0.017999999225139618,0,1
12.27777003403753,36.293,velocity_sine,0,1,,0.0,0.0,-0.008999999612569809,0,1
12.287625847035088,36.303,velocity_sine,1,2,103.8603515625,103.9835205078125,6.347376346588135,0.18054737150669098,1,1
12.287625847035088,36.303,velocity_sine,1,1,-9.448408709653904,-129.76263427734375,-4.240180969238281,-0.5444474220275879,2,1
12.287625847035088,36.303,velocity_sine,0,4,,0.0,-0.0,-0.017999999225139618,0,1
12.287625847035088,36.303,velocity_sine,0,1,,0.0,0.0,-0.008999999612569809,0,1
12.29727872699732,36.313,velocity_sine,1,2,103.8603515625,103.9835205078125,9.501721382141113,0.28268834948539734,1,1
12.29727872699732,36.313,velocity_sine,1,1,-9.33164027451779,-129.76263427734375,-0.1311396211385727,-0.5593559741973877,2,1
12.29727872699732,36.313,velocity_sine,0,4,,0.0,-0.0,0.23800000548362732,0,1
12.29727872699732,36.313,velocity_sine,0,1,,0.0,0.0,-0.008999999612569809,0,1
12.307943676016293,36.323,velocity_sine,1,2,103.8603515625,103.9835205078125,3.2697479724884033,0.3659864366054535,1,1
12.307943676016293,36.323,velocity_sine,1,1,-9.190464408408925,-129.78460693359375,-2.404226541519165,-0.5674712061882019,2,1
12.307943676016293,36.323,velocity_sine,0,4,,0.0,-0.0,0.03200000151991844,0,1
12.307943676016293,36.323,velocity_sine,0,1,,0.0,0.0,-0.01600000075995922,0,1
12.317399994994048,36.333,velocity_sine,1,2,103.8603515625,103.96157836914062,-6.193287372589111,-0.07264244556427002,1,1
12.317399994994048,36.333,velocity_sine,1,1,-9.05200476348131,-129.80657958984375,0.04371320828795433,-0.5805098414421082,2,1
12.317399994994048,36.333,velocity_sine,0,4,,0.0,-0.0,-0.017999999225139618,0,1
12.317399994994048,36.333,velocity_sine,0,1,,0.0,0.0,-0.008999999612569809,0,1
12.327840892015956,36.343,velocity_sine,1,2,103.8603515625,103.96157836914062,0.6539496183395386,-0.1294785737991333,1,1
12.327840892015956,36.343,velocity_sine,1,1,-8.892678382351644,-129.80657958984375,-4.852166175842285,-0.5843435525894165,2,1
12.327840892015956,36.343,velocity_sine,0,4,,0.0,-0.0,0.03200000151991844,0,1
12.327840892015956,36.343,velocity_sine,0,1,,0.0,0.0,-0.008999999612569809,0,1
12.337320304010063,36.353,velocity_sine,1,2,103.8603515625,103.86880493164062,3.660876989364624,0.44685256481170654,1,1
12.337320304010063,36.353,velocity_sine,1,1,-8.733467121832453,-129.80657958984375,0.04371320828795433,-0.593437671661377,2,1
12.337320304010063,36.353,velocity_sine,0,4,,0.0,-0.0,-0.017999999225139618,0,1
12.337320304010063,36.353,velocity_sine,0,1,,0.0,0.0,-0.01600000075995922,0,1
12.347955778008327,36.363,velocity_sine,1,2,103.8603515625,103.88302612304688,-2.910665988922119,0.10761934518814087,1,1
12.347955778008327,36.363,velocity_sine,1,1,-8.550443062062635,-129.8284912109375,0.04371320828795433,-0.5974458456039429,2,1
12.347955778008327,36.363,velocity_sine,0,4,,0.0,-0.0,-0.017999999225139618,0,1
12.347955778008327,36.363,velocity_sine,0,1,,0.0,0.0,-0.008999999612569809,0,1
12.35800647904398,36.373,velocity_sine,1,2,103.8603515625,103.9835205078125,-2.346524953842163,0.0802312046289444,1,1
12.35800647904398,36.373,velocity_sine,1,1,-8.373008237088282,-129.8284912109375,0.04371320828795433,-0.6101973056793213,2,1
12.35800647904398,36.373,velocity_sine,0,4,,0.0,-0.0,0.006000000052154064,0,1
12.35800647904398,36.373,velocity_sine,0,1,,0.0,0.0,0.05700000002980232,0,1
12.36792173300637,36.383,velocity_sine,1,2,103.8603515625,103.9000244140625,-0.6262248158454895,0.06668462604284286,1,1
12.36792173300637,36.383,velocity_sine,1,1,-8.194372148320872,-129.8284912109375,0.04371320828795433,-0.6177699565887451,2,1
12.36792173300637,36.383,velocity_sine,0,4,,0.0,-0.0,0.054999999701976776,0,1
12.36792173300637,36.383,velocity_sine,0,1,,0.0,0.0,-0.008999999612569809,0,1
12.377471759042237,36.393,velocity_sine,1,2,103.8603515625,103.9835205078125,-2.8850717544555664,0.07235367596149445,1,1
12.377471759042237,36.393,velocity_sine,1,1,-7.972927040592226,-129.8504638671875,0.04371320828795433,-0.6221863627433777,2,1
12.377471759042237,36.393,velocity_sine,0,4,,0.0,-0.0,-0.017999999225139618,0,1
12.377471759042237,36.393,velocity_sine,0,1,,0.0,0.0,-0.008999999612569809,0,1
12.387667533010244,36.403,velocity_sine,1,2,103.8603515625,104.0054931640625,-2.4234602451324463,0.2906278669834137,1,1
12.387667533010244,36.403,velocity_sine,1,1,-7.972927040592226,-129.8504638671875,0.04371320828795433,-0.6334313154220581,2,1
12.387667533010244,36.403,velocity_sine,0,4,,0.0,-0.0,0.006000000052154064,0,1
12.387667533010244,36.403,velocity_sine,0,1,,0.0,0.0,-0.008999999612569809,0,1
12.39728685899172,36.413,velocity_sine,1,2,103.8603515625,104.0054931640625,8.193821907043457,0.2127518504858017,1,1
12.39728685899172,36.413,velocity_sine,1,1,-7.763466212225922,-129.8724365234375,0.04371320828795433,-0.6484688520431519,2,1
12.39728685899172,36.413,velocity_sine,0,4,,0.0,-0.0,-0.017999999225139618,0,1
12.39728685899172,36.413,velocity_sine,0,1,,0.0,0.0,-0.008999999612569809,0,1
12.40800328599289,36.423,velocity_sine,1,2,103.8603515625,104.0054931640625,-2.808136463165283,0.09435874223709106,1,1
12.40800328599289,36.423,velocity_sine,1,1,-7.522533931447075,-129.8724365234375,-4.502460479736328,-0.6515259742736816,2,1
12.40800328599289,36.423,velocity_sine,0,4,,0.0,-0.0,0.006000000052154064,0,1
12.40800328599289,36.423,velocity_sine,0,1,,0.0,0.0,-0.0020000000949949026,0,1
12.417406074004248,36.433,velocity_sine,1,2,103.8603515625,103.9835205078125,-0.5000790953636169,-0.037176620215177536,1,1
12.417406074004248,36.433,velocity_sine,1,1,-7.29416325123732,-129.8944091796875,0.04371320828795433,-0.6607723832130432,2,1
12.417406074004248,36.433,velocity_sine,0,4,,0.0,-0.0,-0.017999999225139618,0,1
12.417406074004248,36.433,velocity_sine,0,1,,0.0,0.0,-0.008999999612569809,0,1
12.427766008011531,36.443,velocity_sine,1,2,103.8603515625,103.9835205078125,0.2692733705043793,-0.03357015550136566,1,1
12.427766008011531,36.443,velocity_sine,1,1,-7.04290015258973,-129.8944091796875,-0.1311396211385727,-0.6643494367599487,2,1
12.427766008011531,36.443,velocity_sine,0,4,,0.0,-0.0,0.006000000052154064,0,1
12.427766008011531,36.443,velocity_sine,0,1,,0.0,0.0,-0.0020000000949949026,0,1
12.437422374030575,36.453,velocity_sine,1,2,103.8603515625,103.9835205078125,0.5000790953636169,0.18644696474075317,1,1
12.437422374030575,36.453,velocity_sine,1,1,-6.806760136473281,-129.91650390625,0.04371320828795433,-0.6720720529556274,2,1
12.437422374030575,36.453,velocity_sine,0,4,,0.0,-0.0,-0.017999999225139618,0,1
12.437422374030575,36.453,velocity_sine,0,1,,0.0,0.0,-0.008999999612569809,0,1
12.448573602014221,36.464,velocity_sine,1,2,103.8603515625,103.90847778320312,7.992758750915527,0.19861796498298645,1,1
12.448573602014221,36.464,velocity_sine,1,1,-6.527883332397723,-129.91650390625,-4.677313327789307,-0.6771388053894043,2,1
12.448573602014221,36.464,velocity_sine,0,4,,0.0,-0.0,0.006000000052154064,0,1
12.448573602014221,36.464,velocity_sine,0,1,,0.0,0.0,-0.008999999612569809,0,1
12.457563659991138,36.473,velocity_sine,1,2,103.8603515625,104.0054931640625,1.5771725177764893,-0.04865734279155731,1,1
12.457563659991138,36.473,velocity_sine,1,1,-6.258795467746595,-129.9384765625,0.04371320828795433,-0.6855154037475586,2,1
12.457563659991138,36.473,velocity_sine,0,4,,0.0,-0.0,-0.017999999225139618,0,1
12.457563659991138,36.473,velocity_sine,0,1,,0.0,0.0,-0.008999999612569809,0,1
12.467602468037512,36.483,velocity_sine,1,2,103.8603515625,103.89431762695312,9.727340698242188,-0.08324708044528961,1,1
12.467602468037512,36.483,velocity_sine,1,1,-5.976162103421229,-129.9384765625,0.04371320828795433,-0.686853289604187,2,1
12.467602468037512,36.483,velocity_sine,0,4,,0.0,-0.0,-0.017999999225139618,0,1
12.467602468037512,36.483,velocity_sine,0,1,,0.0,0.0,-0.0020000000949949026,0,1
12.47736659803195,36.493,velocity_sine,1,2,103.8603515625,103.9835205078125,-4.5776472091674805,0.17122782766819,1,1
12.47736659803195,36.493,velocity_sine,1,1,-5.976162103421229,-129.9384765625,0.04371320828795433,-0.6920022964477539,2,1
12.47736659803195,36.493,velocity_sine,0,4,,0.0,-0.0,0.03200000151991844,0,1
12.47736659803195,36.493,velocity_sine,0,1,,0.0,0.0,-0.008999999612569809,0,1
12.48785737901926,36.503,velocity_sine,1,2,103.8603515625,103.9835205078125,5.962700366973877,0.2232920080423355,1,1
12.48785737901926,36.503,velocity_sine,1,1,-5.70428349981504,-129.96044921875,-0.5682716965675354,-0.6981840133666992,2,1
12.48785737901926,36.503,velocity_sine,0,4,,0.0,-0.0,0.006000000052154064,0,1
12.48785737901926,36.503,velocity_sine,0,1,,0.0,0.0,-0.0020000000949949026,0,1
12.497480482037645,36.513,velocity_sine,1,2,103.8603515625,103.9835205078125,5.11641263961792,0.20752596855163574,1,1
12.497480482037645,36.513,velocity_sine,1,1,-5.4296111872101545,-129.98236083984375,0.04371320828795433,-0.7022431492805481,2,1
12.497480482037645,36.513,velocity_sine,0,4,,0.0,-0.0,-0.017999999225139618,0,1
12.497480482037645,36.513,velocity_sine,0,1,,0.0,0.0,-0.008999999612569809,0,1
12.50778360903496,36.523,velocity_sine,1,2,103.8603515625,103.9835205078125,-5.654740810394287,-0.07494176179170609,1,1
12.50778360903496,36.523,velocity_sine,1,1,-5.111578892468771,-129.98236083984375,-1.1802566051483154,-0.7001439929008484,2,1
12.50778360903496,36.523,velocity_sine,0,4,,0.0,-0.0,0.006000000052154064,0,1
12.50778360903496,36.523,velocity_sine,0,1,,0.0,0.0,-0.01600000075995922,0,1
12.517465081997216,36.533,velocity_sine,1,2,103.8603515625,103.9835205078125,-5.73167610168457,0.06051468476653099,1,1
12.517465081997216,36.533,velocity_sine,1,1,-4.830629186233336,-130.00433349609375,0.04371320828795433,-0.701434850692749,2,1
12.517465081997216,36.533,velocity_sine,0,4,,0.0,-0.0,-0.25,0,1
12.517465081997216,36.533,velocity_sine,0,1,,0.0,0.0,-0.008999999612569809,0,1
12.527777557028458,36.543,velocity_sine,1,2,103.8603515625,103.9835205078125,-8.501344680786133,0.10934800654649734,1,1
12.527777557028458,36.543,velocity_sine,1,1,-4.503283992704426,-130.02630615234375,-4.240180969238281,-0.7065514326095581,2,1
12.527777557028458,36.543,velocity_sine,0,4,,0.0,-0.0,0.23800000548362732,0,1
12.527777557028458,36.543,velocity_sine,0,1,,0.0,0.0,0.06400000303983688,0,1
12.537445805035532,36.553,velocity_sine,1,2,103.8603515625,103.9835205078125,-4.962323188781738,0.08947968482971191,1,1
12.537445805035532,36.553,velocity_sine,1,1,-4.209676924389893,-130.02630615234375,0.04371320828795433,-0.7067593336105347,2,1
12.537445805035532,36.553,velocity_sine,0,4,,0.0,-0.0,-0.017999999225139618,0,1
12.537445805035532,36.553,velocity_sine,0,1,,0.0,0.0,-0.07699999958276749,0,1
12.548680851003155,36.564,velocity_sine,1,2,103.8603515625,103.89718627929688,14.198627471923828,0.1945292353630066,1,1
12.548680851003155,36.564,velocity_sine,1,1,-3.866972003196531,-130.04827880859375,0.04371320828795433,-0.6966893076896667,2,1
12.548680851003155,36.564,velocity_sine,0,4,,0.0,-0.0,-0.017999999225139618,0,1
12.548680851003155,36.564,velocity_sine,0,1,,0.0,0.0,-0.008999999612569809,0,1
12.557420016033575,36.573,velocity_sine,1,2,103.8603515625,103.9835205078125,-2.192654609680176,0.06538990885019302,1,1
12.557420016033575,36.573,velocity_sine,1,1,-3.539062756127031,-130.07025146484375,0.04371320828795433,-0.6961457133293152,2,1
12.557420016033575,36.573,velocity_sine,0,4,,0.0,-0.0,0.03200000151991844,0,1
12.557420016033575,36.573,velocity_sine,0,1,,0.0,0.0,0.05700000002980232,0,1
12.567650826997124,36.583,velocity_sine,1,2,103.8603515625,103.89431762695312,-2.010861873626709,0.20059248805046082,1,1
12.567650826997124,36.583,velocity_sine,1,1,-3.210780201849319,-130.07025146484375,0.04371320828795433,-0.6917885541915894,2,1
12.567650826997124,36.583,velocity_sine,0,4,,0.0,-0.0,-0.017999999225139618,0,1
12.567650826997124,36.583,velocity_sine,0,1,,0.0,0.0,-0.008999999612569809,0,1
12.577326629019808,36.593,velocity_sine,1,2,103.8603515625,103.96157836914062,5.578023910522461,0.12097937613725662,1,1
12.577326629019808,36.593,velocity_sine,1,1,-2.9107942312421398,-130.09222412109375,0.04371320828795433,-0.6932342052459717,2,1
12.577326629019808,36.593,velocity_sine,0,4,,0.0,-0.0,-0.017999999225139618,0,1
12.577326629019808,36.593,velocity_sine,0,1,,0.0,0.0,-0.008999999612569809,0,1
12.587835905025713,36.603,velocity_sine,1,2,103.8603515625,103.9835205078125,-5.73167610168457,0.0056546772830188274,1,1
12.587835905025713,36.603,velocity_sine,1,1,-2.9107942312421398,-130.09222412109375,0.04371320828795433,-0.690190315246582,2,1
12.587835905025713,36.603,velocity_sine,0,4,,0.0,-0.0,0.03200000151991844,0,1
12.587835905025713,36.603,velocity_sine,0,1,,0.0,0.0,-0.008999999612569809,0,1
12.597358399012592,36.613,velocity_sine,1,2,103.8603515625,103.9835205078125,3.19281268119812,0.16910643875598907,1,1
12.597358399012592,36.613,velocity_sine,1,1,-2.5695732931631032,-130.11419677734375,0.04371320828795433,-0.6919626593589783,2,1
12.597358399012592,36.613,velocity_sine,0,4,,0.0,-0.0,-0.017999999225139618,0,1
12.597358399012592,36.613,velocity_sine,0,1,,0.0,0.0,0.05700000002980232,0,1
12.607998972991481,36.623,velocity_sine,1,2,103.8603515625,103.96157836914062,-4.269906044006348,0.09699735045433044,1,1
12.607998972991481,36.623,velocity_sine,1,1,-2.2119134320545317,-130.13616943359375,-4.502460479736328,-0.6882463693618774,2,1
12.607998972991481,36.623,velocity_sine,0,4,,0.0,-0.0,-0.017999999225139618,0,1
12.607998972991481,36.623,velocity_sine,0,1,,0.0,0.0,-0.008999999612569809,0,1
12.617462846043054,36.633,velocity_sine,1,2,103.8603515625,103.9835205078125,-1.5771725177764893,0.25430580973625183,1,1
12.617462846043054,36.633,velocity_sine,1,1,-1.8790973733059124,-130.15814208984375,-4.764739513397217,-0.6835830807685852,2,1
12.617462846043054,36.633,velocity_sine,0,4,,0.0,-0.0,-0.017999999225139618,0,1
12.617462846043054,36.633,velocity_sine,0,1,,0.0,0.0,-0.008999999612569809,0,1
12.627294511999935,36.643,velocity_sine,1,2,103.8603515625,103.9835205078125,2.731201171875,0.35392868518829346,1,1
12.627294511999935,36.643,velocity_sine,1,1,-1.5239242167697367,-130.1800537109375,0.04371320828795433,-0.6832353472709656,2,1
12.627294511999935,36.643,velocity_sine,0,4,,0.0,-0.0,-0.017999999225139618,0,1
12.627294511999935,36.643,velocity_sine,0,1,,0.0,0.0,-0.008999999612569809,0,1
12.638385827012826,36.653,velocity_sine,1,2,103.8603515625,103.8603515625,-1.4686822891235352,0.14708450436592102,1,1
12.638385827012826,36.653,velocity_sine,1,1,-1.1460635265713293,-130.1800537109375,0.04371320828795433,-0.6708458065986633,2,1
12.638385827012826,36.653,velocity_sine,0,4,,0.0,-0.0,-0.017999999225139618,0,1
12.638385827012826,36.653,velocity_sine,0,1,,0.0,0.0,-0.008999999612569809,0,1
12.647428485041019,36.663,velocity_sine,1,2,103.8603515625,103.87448120117188,9.393876075744629,0.15978871285915375,1,1
12.647428485041019,36.663,velocity_sine,1,1,-0.7973345805260599,-130.2020263671875,-3.6281962394714355,-0.6633394360542297,2,1
12.647428485041019,36.663,velocity_sine,0,4,,0.0,-0.0,-0.017999999225139618,0,1
12.647428485041019,36.663,velocity_sine,0,1,,0.0,0.0,-0.008999999612569809,0,1
12.657311409013346,36.673,velocity_sine,1,2,103.8603515625,103.93960571289062,-7.885862827301025,0.030319198966026306,1,1
12.657311409013346,36.673,velocity_sine,1,1,-0.4462309696723346,-130.2239990234375,0.04371320828795433,-0.6610601544380188,2,1
12.657311409013346,36.673,velocity_sine,0,4,,0.0,-0.0,0.006000000052154064,0,1
12.657311409013346,36.673,velocity_sine,0,1,,0.0,0.0,-0.01600000075995922,0,1
12.667722409009002,36.683,velocity_sine,1,2,103.8603515625,103.93960571289062,-2.731201171875,-0.1365780383348465,1,1
12.667722409009002,36.683,velocity_sine,1,1,-0.12927070665087717,-130.2459716796875,-4.764739513397217,-0.6512966156005859,2,1
12.667722409009002,36.683,velocity_sine,0,4,,0.0,-0.0,0.006000000052154064,0,1
12.667722409009002,36.683,velocity_sine,0,1,,0.0,0.0,-0.008999999612569809,0,1
12.677382993046194,36.693,velocity_sine,1,2,103.8603515625,103.96157836914062,6.885922908782959,0.1983335167169571,1,1
12.677382993046194,36.693,velocity_sine,1,1,0.192220550274923,-130.26806640625,-2.404226541519165,-0.6424564719200134,2,1
12.677382993046194,36.693,velocity_sine,0,4,,0.0,-0.0,0.006000000052154064,0,1
12.677382993046194,36.693,velocity_sine,0,1,,0.0,0.0,-0.008999999612569809,0,1
12.68771100701997,36.703,velocity_sine,1,2,103.8603515625,103.96157836914062,-3.6544241905212402,0.12110123038291931,1,1
12.68771100701997,36.703,velocity_sine,1,1,0.192220550274923,-130.2900390625,0.04371320828795433,-0.6320195198059082,2,1
12.68771100701997,36.703,velocity_sine,0,4,,0.0,-0.0,-0.017999999225139618,0,1
12.68771100701997,36.703,velocity_sine,0,1,,0.0,0.0,-0.008999999612569809,0,1
12.697371311020106,36.713,velocity_sine,1,2,103.8603515625,103.96157836914062,-9.270697593688965,0.12555336952209473,1,1
12.697371311020106,36.713,velocity_sine,1,1,0.5377272686253486,-130.31201171875,-2.404226541519165,-0.6277063488960266,2,1
12.697371311020106,36.713,velocity_sine,0,4,,0.0,-0.0,0.006000000052154064,0,1
12.697371311020106,36.713,velocity_sine,0,1,,0.0,0.0,-0.008999999612569809,0,1
12.708002747036517,36.723,velocity_sine,1,2,103.8603515625,103.96157836914062,2.9620070457458496,0.11777503788471222,1,1
12.708002747036517,36.723,velocity_sine,1,1,0.9123084906312131,-130.33392333984375,0.04371320828795433,-0.6157242655754089,2,1
12.708002747036517,36.723,velocity_sine,0,4,,0.0,-0.0,-0.017999999225139618,0,1
12.708002747036517,36.723,velocity_sine,0,1,,0.0,0.0,-0.19200000166893005,0,1
12.717516584030818,36.733,velocity_sine,1,2,103.8603515625,103.9835205078125,14.50251293182373,0.123539999127388,1,1
12.717516584030818,36.733,velocity_sine,1,1,1.2501023383524692,-130.33392333984375,-1.1802566051483154,-0.6098743677139282,2,1
12.717516584030818,36.733,velocity_sine,0,4,,0.0,-0.0,-0.017999999225139618,0,1
12.717516584030818,36.733,velocity_sine,0,1,,0.0,0.0,-0.008999999612569809,0,1
12.7279167540255,36.743,velocity_sine,1,2,103.8603515625,103.96157836914062,-8.809085845947266,0.30406904220581055,1,1
12.7279167540255,36.743,velocity_sine,1,1,1.6021688703162704,-130.35589599609375,-2.404226541519165,-0.6014856696128845,2,1
12.7279167540255,36.743,velocity_sine,0,4,,0.0,-0.0,0.006000000052154064,0,1
12.7279167540255,36.743,velocity_sine,0,1,,0.0,0.0,-0.008999999612569809,0,1
12.737467291008215,36.753,velocity_sine,1,2,103.8603515625,103.87164306640625,5.631028175354004,-0.08147581666707993,1,1
12.737467291008215,36.753,velocity_sine,1,1,1.9364967504060053,-130.37786865234375,-1.1802566051483154,-0.5916761755943298,2,1
12.737467291008215,36.753,velocity_sine,0,4,,0.0,-0.0,0.03200000151991844,0,1
12.737467291008215,36.753,velocity_sine,0,1,,0.0,0.0,-0.008999999612569809,0,1
12.74853979999898,36.763,velocity_sine,1,2,103.8603515625,103.87164306640625,5.290295600891113,-0.021195117384195328,1,1
12.74853979999898,36.763,velocity_sine,1,1,2.301780547101102,-130.39984130859375,-0.04371320828795433,-0.5864101648330688,2,1
12.74853979999898,36.763,velocity_sine,0,4,,0.0,-0.0,-0.017999999225139618,0,1
12.74853979999898,36.763,velocity_sine,0,1,,0.0,0.0,-0.008999999612569809,0,1
12.757393581036013,36.773,velocity_sine,1,2,103.8603515625,103.9835205078125,-5.577805519104004,-0.02736164629459381,1,1
12.757393581036013,36.773,velocity_sine,1,1,2.633526849184726,-130.39984130859375,-2.404226541519165,-0.5756296515464783,2,1
12.757393581036013,36.773,velocity_sine,0,4,,0.0,-0.0,-0.25,0,1
12.757393581036013,36.773,velocity_sine,0,1,,0.0,0.0,-0.008999999612569809,0,1
12.767805462994147,36.783,velocity_sine,1,2,103.8603515625,103.87448120117188,-2.1524300575256348,0.2335362434387207,1,1
12.767805462994147,36.783,velocity_sine,1,1,2.9743751097099818,-130.42181396484375,0.04371320828795433,-0.5734690427780151,2,1
12.767805462994147,36.783,velocity_sine,0,4,,0.0,-0.0,-0.017999999225139618,0,1
12.767805462994147,36.783,velocity_sine,0,1,,0.0,0.0,-0.008999999612569809,0,1
12.777726428990718,36.793,velocity_sine,1,2,103.8603515625,103.96157836914062,6.424311637878418,0.21606439352035522,1,1
12.777726428990718,36.793,velocity_sine,1,1,3.276585255883523,-130.44378662109375,0.04371320828795433,-0.5667622089385986,2,1
12.777726428990718,36.793,velocity_sine,0,4,,0.0,-0.0,0.006000000052154064,0,1
12.777726428990718,36.793,velocity_sine,0,1,,0.0,0.0,-0.008999999612569809,0,1
12.787665609037504,36.803,velocity_sine,1,2,103.8603515625,103.93960571289062,10.040267944335938,0.2292480617761612,1,1
12.787665609037504,36.803,velocity_sine,1,1,3.276585255883523,-130.44378662109375,0.04371320828795433,-0.561159610748291,2,1
12.787665609037504,36.803,velocity_sine,0,4,,0.0,-0.0,0.006000000052154064,0,1
12.787665609037504,36.803,velocity_sine,0,1,,0.0,0.0,-0.008999999612569809,0,1
12.797621951031033,36.813,velocity_sine,1,2,103.8603515625,103.93960571289062,6.347376346588135,0.07894807308912277,1,1
12.797621951031033,36.813,velocity_sine,1,1,3.59543486126416,-130.46575927734375,-4.677313327789307,-0.545883059501648,2,1
12.797621951031033,36.813,velocity_sine,0,4,,0.0,-0.0,0.03200000151991844,0,1
12.797621951031033,36.813,velocity_sine,0,1,,0.0,0.0,-0.008999999612569809,0,1
12.807837872998789,36.823,velocity_sine,1,2,103.8603515625,103.93960571289062,3.7313594818115234,0.18718041479587555,1,1
12.807837872998789,36.823,velocity_sine,1,1,3.956896819904874,-130.48773193359375,0.04371320828795433,-0.5441912412643433,2,1
12.807837872998789,36.823,velocity_sine,0,4,,0.0,-0.0,-0.017999999225139618,0,1
12.807837872998789,36.823,velocity_sine,0,1,,0.0,0.0,-0.0020000000949949026,0,1
12.81736590701621,36.833,velocity_sine,1,2,103.8603515625,103.93960571289062,-0.8078200817108154,0.0882006287574768,1,1
12.81736590701621,36.833,velocity_sine,1,1,4.244873408685131,-130.48773193359375,0.04371320828795433,-0.5402735471725464,2,1
12.81736590701621,36.833,velocity_sine,0,4,,0.0,-0.0,0.006000000052154064,0,1
12.81736590701621,36.833,velocity_sine,0,1,,0.0,0.0,-0.008999999612569809,0,1
12.827840808022302,36.843,velocity_sine,1,2,103.8603515625,103.93960571289062,8.347692489624023,-0.007813583128154278,1,1
12.827840808022302,36.843,velocity_sine,1,1,4.57405097582195,-130.50970458984375,0.04371320828795433,-0.5312133431434631,2,1
12.827840808022302,36.843,velocity_sine,0,4,,0.0,-0.0,-0.017999999225139618,0,1
12.827840808022302,36.843,velocity_sine,0,1,,0.0,0.0,-0.008999999612569809,0,1
12.83734904503217,36.853,velocity_sine,1,2,103.8603515625,103.8603515625,-5.388269901275635,-0.04205045849084854,1,1
12.83734904503217,36.853,velocity_sine,1,1,4.867556202596657,-130.50970458984375,-4.852166175842285,-0.5310249328613281,2,1
12.83734904503217,36.853,velocity_sine,0,4,,0.0,-0.0,-0.017999999225139618,0,1
12.83734904503217,36.853,velocity_sine,0,1,,0.0,0.0,0.05700000002980232,0,1
12.848396076005884,36.864,velocity_sine,1,2,103.8603515625,103.84329223632812,1.085134744644165,-0.04050244018435478,1,1
12.848396076005884,36.864,velocity_sine,1,1,5.18760752730108,-130.50970458984375,0.04371320828795433,-0.5315394997596741,2,1
12.848396076005884,36.864,velocity_sine,0,4,,0.0,-0.0,-0.017999999225139618,0,1
12.848396076005884,36.864,velocity_sine,0,1,,0.0,0.0,-0.0020000000949949026,0,1
12.85772251902381,36.873,velocity_sine,1,2,103.8603515625,103.93960571289062,-1.0386258363723755,0.09284012764692307,1,1
12.85772251902381,36.873,velocity_sine,1,1,5.478529222826945,-130.50970458984375,0.04371320828795433,-0.5262428522109985,2,1
12.85772251902381,36.873,velocity_sine,0,4,,0.0,-0.0,0.006000000052154064,0,1
12.85772251902381,36.873,velocity_sine,0,1,,0.0,0.0,-0.008999999612569809,0,1
12.867847670044284,36.883,velocity_sine,1,2,103.8603515625,103.86880493164062,3.4052467346191406,-0.015498154796659946,1,1
12.867847670044284,36.883,velocity_sine,1,1,5.786032676821296,-130.50970458984375,0.04371320828795433,-0.5281076431274414,2,1
12.867847670044284,36.883,velocity_sine,0,4,,0.0,-0.0,-0.017999999225139618,0,1
12.867847670044284,36.883,velocity_sine,0,1,,0.0,0.0,-0.008999999612569809,0,1
12.877399999997579,36.893,velocity_sine,1,2,103.8603515625,103.96157836914062,0.6539496183395386,0.10260581970214844,1,1
12.877399999997579,36.893,velocity_sine,1,1,5.786032676821296,-130.5316162109375,0.04371320828795433,-0.526953399181366,2,1
12.877399999997579,36.893,velocity_sine,0,4,,0.0,-0.0,-0.017999999225139618,0,1
12.877399999997579,36.893,velocity_sine,0,1,,0.0,0.0,-0.0020000000949949026,0,1
12.88768602500204,36.903,velocity_sine,1,2,103.8603515625,103.93960571289062,-10.34800910949707,0.014245077036321163,1,1
12.88768602500204,36.903,velocity_sine,1,1,6.049587951355766,-130.5316162109375,0.04371320828795433,-0.5266173481941223,2,1
12.88768602500204,36.903,velocity_sine,0,4,,0.0,-0.0,-0.017999999225139618,0,1
12.88768602500204,36.903,velocity_sine,0,1,,0.0,0.0,-0.008999999612569809,0,1
12.89733085903572,36.913,velocity_sine,1,2,103.8603515625,103.96157836914062,11.194296836853027,0.017042210325598717,1,1
12.89733085903572,36.913,velocity_sine,1,1,6.303759196391309,-130.5316162109375,0.04371320828795433,-0.5278921723365784,2,1
12.89733085903572,36.913,velocity_sine,0,4,,0.0,-0.0,-0.017999999225139618,0,1
12.89733085903572,36.913,velocity_sine,0,1,,0.0,0.0,-0.008999999612569809,0,1
12.90771166299237,36.923,velocity_sine,1,2,103.8603515625,103.96157836914062,3.115877389907837,0.09684355556964874,1,1
12.90771166299237,36.923,velocity_sine,1,1,6.5909933208017835,-130.5316162109375,0.04371320828795433,-0.522500216960907,2,1
12.90771166299237,36.923,velocity_sine,0,4,,0.0,-0.0,-0.017999999225139618,0,1
12.90771166299237,36.923,velocity_sine,0,1,,0.0,0.0,-0.008999999612569809,0,1
12.917302074027248,36.933,velocity_sine,1,2,103.8603515625,103.9835205078125,7.424469947814941,0.37788084149360657,1,1
12.917302074027248,36.933,velocity_sine,1,1,6.831279582014211,-130.5316162109375,0.04371320828795433,-0.5234804153442383,2,1
12.917302074027248,36.933,velocity_sine,0,4,,0.0,-0.0,-0.017999999225139618,0,1
12.917302074027248,36.933,velocity_sine,0,1,,0.0,0.0,-0.008999999612569809,0,1
12.927717462996952,36.943,velocity_sine,1,2,103.8603515625,103.96157836914062,-0.3462086021900177,0.016541438177227974,1,1
12.927717462996952,36.943,velocity_sine,1,1,7.09398814554233,-130.5316162109375,0.04371320828795433,-0.512999415397644,2,1
12.927717462996952,36.943,velocity_sine,0,4,,0.0,-0.0,-0.017999999225139618,0,1
12.927717462996952,36.943,velocity_sine,0,1,,0.0,0.0,-0.008999999612569809,0,1
12.937300280027557,36.953,velocity_sine,1,2,103.8603515625,103.96157836914062,5.8088297843933105,0.08230830729007721,1,1
12.937300280027557,36.953,velocity_sine,1,1,7.324298457710867,-130.5316162109375,0.04371320828795433,-0.5067206621170044,2,1
12.937300280027557,36.953,velocity_sine,0,4,,0.0,-0.0,0.054999999701976776,0,1
12.937300280027557,36.953,velocity_sine,0,1,,0.0,0.0,-0.008999999612569809,0,1
12.947977603995241,36.963,velocity_sine,1,2,103.8603515625,103.88302612304688,-3.3559951782226562,-0.06230102479457855,1,1
12.947977603995241,36.963,velocity_sine,1,1,7.572650193284471,-130.5316162109375,0.04371320828795433,-0.509102463722229,2,1
12.947977603995241,36.963,velocity_sine,0,4,,0.0,-0.0,0.006000000052154064,0,1
12.947977603995241,36.963,velocity_sine,0,1,,0.0,0.0,-0.008999999612569809,0,1
12.957911773992237,36.973,velocity_sine,1,2,103.8603515625,103.93960571289062,-2.346524953842163,0.09628863632678986,1,1
12.957911773992237,36.973,velocity_sine,1,1,7.787038117326752,-130.5316162109375,0.04371320828795433,-0.4947521388530731,2,1
12.957911773992237,36.973,velocity_sine,0,4,,0.0,-0.0,-0.017999999225139618,0,1
12.957911773992237,36.973,velocity_sine,0,1,,0.0,0.0,-0.07699999958276749,0,1
12.967617743997835,36.983,velocity_sine,1,2,103.8603515625,103.8603515625,6.162454605102539,0.11642567813396454,1,1
12.967617743997835,36.983,velocity_sine,1,1,8.020466736249979,-130.5316162109375,0.04371320828795433,-0.49248456954956055,2,1
12.967617743997835,36.983,velocity_sine,0,4,,0.0,-0.0,-0.017999999225139618,0,1
12.967617743997835,36.983,velocity_sine,0,1,,0.0,0.0,-0.0020000000949949026,0,1
12.977476332045626,36.993,velocity_sine,1,2,103.8603515625,103.96157836914062,12.348325729370117,0.0980454757809639,1,1
12.977476332045626,36.993,velocity_sine,1,1,8.020466736249979,-130.5316162109375,0.04371320828795433,-0.48362717032432556,2,1
12.977476332045626,36.993,velocity_sine,0,4,,0.0,-0.0,-0.017999999225139618,0,1
12.977476332045626,36.993,velocity_sine,0,1,,0.0,0.0,-0.08299999684095383,0,1
12.987660845043138,37.003,velocity_sine,1,2,103.8603515625,103.96157836914062,-4.731517791748047,0.10423015058040619,1,1
12.987660845043138,37.003,velocity_sine,1,1,8.215437705217955,-130.5316162109375,0.04371320828795433,-0.47872433066368103,2,1
12.987660845043138,37.003,velocity_sine,0,4,,0.0,-0.0,-0.017999999225139618,0,1
12.987660845043138,37.003,velocity_sine,0,1,,0.0,0.0,0.05700000002980232,0,1
12.997333300998434,37.013,velocity_sine,1,2,103.8603515625,103.93960571289062,-12.65606689453125,0.015089135617017746,1,1
12.997333300998434,37.013,velocity_sine,1,1,8.393479311207805,-130.5316162109375,0.04371320828795433,-0.4615553319454193,2,1
12.997333300998434,37.013,velocity_sine,0,4,,0.0,-0.0,0.006000000052154064,0,1
12.997333300998434,37.013,velocity_sine,0,1,,0.0,0.0,-0.008999999612569809,0,1
13.007954819011502,37.023,velocity_sine,1,2,103.8603515625,103.93960571289062,3.88523006439209,-0.1881476193666458,1,1
13.007954819011502,37.023,velocity_sine,1,1,8.591491740818181,-130.50970458984375,0.21856604516506195,-0.45473596453666687,2,1
13.007954819011502,37.023,velocity_sine,0,4,,0.0,-0.0,0.054999999701976776,0,1
13.007954819011502,37.023,velocity_sine,0,1,,0.0,0.0,-0.008999999612569809,0,1
13.01750074699521,37.033,velocity_sine,1,2,103.8603515625,103.93960571289062,-4.346841335296631,0.004403605591505766,1,1
13.01750074699521,37.033,velocity_sine,1,1,8.758878542388933,-130.50970458984375,0.04371320828795433,-0.44207340478897095,2,1
13.01750074699521,37.033,velocity_sine,0,4,,0.0,-0.0,0.006000000052154064,0,1
13.01750074699521,37.033,velocity_sine,0,1,,0.0,0.0,0.05700000002980232,0,1
13.027808442013338,37.043,velocity_sine,1,2,103.8603515625,103.96157836914062,6.03963565826416,0.06954275816679001,1,1
13.027808442013338,37.043,velocity_sine,1,1,8.929379203888141,-130.50970458984375,0.04371320828795433,-0.43225112557411194,2,1
13.027808442013338,37.043,velocity_sine,0,4,,0.0,-0.0,0.006000000052154064,0,1
13.027808442013338,37.043,velocity_sine,0,1,,0.0,0.0,-0.008999999612569809,0,1
13.037333420012146,37.053,velocity_sine,1,2,103.8603515625,103.96157836914062,-6.347157955169678,0.1395963728427887,1,1
13.037333420012146,37.053,velocity_sine,1,1,9.069955150519705,-130.50970458984375,0.04371320828795433,-0.41712456941604614,2,1
13.037333420012146,37.053,velocity_sine,0,4,,0.0,-0.0,0.006000000052154064,0,1
13.037333420012146,37.053,velocity_sine,0,1,,0.0,0.0,-0.008999999612569809,0,1
13.04857164202258,37.064,velocity_sine,1,2,103.8603515625,103.87734985351562,-2.2792465686798096,0.09882745146751404,1,1
13.04857164202258,37.064,velocity_sine,1,1,9.221310396267064,-130.50970458984375,0.04371320828795433,-0.41145849227905273,2,1
13.04857164202258,37.064,velocity_sine,0,4,,0.0,-0.0,-0.017999999225139618,0,1
13.04857164202258,37.064,velocity_sine,0,1,,0.0,0.0,0.05700000002980232,0,1
13.057428229018115,37.073,velocity_sine,1,2,103.8603515625,103.96157836914062,4.9625420570373535,0.1792125701904297,1,1
13.057428229018115,37.073,velocity_sine,1,1,9.351628054833801,-130.50970458984375,0.04371320828795433,-0.3933778703212738,2,1
13.057428229018115,37.073,velocity_sine,0,4,,0.0,-0.0,0.006000000052154064,0,1
13.057428229018115,37.073,velocity_sine,0,1,,0.0,0.0,-0.008999999612569809,0,1
13.068196063046344,37.083,velocity_sine,1,2,103.8603515625,103.85745239257812,-3.899259567260742,-0.05524246022105217,1,1
13.068196063046344,37.083,velocity_sine,1,1,9.469985520883961,-130.50970458984375,0.04371320828795433,-0.3876643180847168,2,1
13.068196063046344,37.083,velocity_sine,0,4,,0.0,-0.0,0.006000000052154064,0,1
13.068196063046344,37.083,velocity_sine,0,1,,0.0,0.0,-0.0020000000949949026,0,1
13.077546371030621,37.093,velocity_sine,1,2,103.8603515625,103.96157836914062,-1.8849135637283325,-0.04099135100841522,1,1
13.077546371030621,37.093,velocity_sine,1,1,9.469985520883961,-130.50970458984375,0.04371320828795433,-0.37888315320014954,2,1
13.077546371030621,37.093,velocity_sine,0,4,,0.0,-0.0,0.006000000052154064,0,1
13.077546371030621,37.093,velocity_sine,0,1,,0.0,0.0,-0.008999999612569809,0,1
13.087809152028058,37.103,velocity_sine,1,2,103.8603515625,103.93960571289062,-0.5000790953636169,0.1402474194765091,1,1
13.087809152028058,37.103,velocity_sine,1,1,9.575842142595409,-130.50970458984375,4.589886665344238,-0.36317935585975647,2,1
13.087809152028058,37.103,velocity_sine,0,4,,0.0,-0.0,-0.017999999225139618,0,1
13.087809152028058,37.103,velocity_sine,0,1,,0.0,0.0,-0.008999999612569809,0,1
13.097431384027004,37.113,velocity_sine,1,2,103.8603515625,103.96157836914062,-0.2692733705043793,0.1915406435728073,1,1
13.097431384027004,37.113,velocity_sine,1,1,9.664037061794836,-130.50970458984375,0.04371320828795433,-0.34992358088493347,2,1
13.097431384027004,37.113,velocity_sine,0,4,,0.0,-0.0,0.054999999701976776,0,1
13.097431384027004,37.113,velocity_sine,0,1,,0.0,0.0,-0.008999999612569809,0,1
13.107694315025583,37.123,velocity_sine,1,2,103.8603515625,103.96157836914062,-6.501028537750244,0.0683358758687973,1,1
13.107694315025583,37.123,velocity_sine,1,1,9.753230830329823,-130.50970458984375,0.04371320828795433,-0.33731338381767273,2,1
13.107694315025583,37.123,velocity_sine,0,4,,0.0,-0.0,0.006000000052154064,0,1
13.107694315025583,37.123,velocity_sine,0,1,,0.0,0.0,0.05700000002980232,0,1
13.117648774001282,37.133,velocity_sine,1,2,103.8603515625,103.96157836914062,-9.732308387756348,-0.05297737196087837,1,1
13.117648774001282,37.133,velocity_sine,1,1,9.81934810282019,-130.50970458984375,0.04371320828795433,-0.31862524151802063,2,1
13.117648774001282,37.133,velocity_sine,0,4,,0.0,-0.0,-0.017999999225139618,0,1
13.117648774001282,37.133,velocity_sine,0,1,,0.0,0.0,-0.008999999612569809,0,1
13.127918548008893,37.143,velocity_sine,1,2,103.8603515625,103.865966796875,-12.785736083984375,-0.0472758412361145,1,1
13.127918548008893,37.143,velocity_sine,1,1,9.884419817408881,-130.48773193359375,0.04371320828795433,-0.29842376708984375,2,1
13.127918548008893,37.143,velocity_sine,0,4,,0.0,-0.0,0.006000000052154064,0,1
13.127918548008893,37.143,velocity_sine,0,1,,0.0,0.0,-0.008999999612569809,0,1
13.137374665995594,37.153,velocity_sine,1,2,103.8603515625,103.85467529296875,11.719502449035645,0.16379237174987793,1,1
13.137374665995594,37.153,velocity_sine,1,1,9.928321233925528,-130.48773193359375,0.04371320828795433,-0.2789680063724518,2,1
13.137374665995594,37.153,velocity_sine,0,4,,0.0,-0.0,0.006000000052154064,0,1
13.137374665995594,37.153,velocity_sine,0,1,,0.0,0.0,0.05700000002980232,0,1
13.148443929036148,37.164,velocity_sine,1,2,103.8603515625,103.851806640625,-0.7845140695571899,0.22309274971485138,1,1
13.148443929036148,37.164,velocity_sine,1,1,9.965647245734758,-130.48773193359375,0.04371320828795433,-0.27927449345588684,2,1
13.148443929036148,37.164,velocity_sine,0,4,,0.0,-0.0,0.03200000151991844,0,1
13.148443929036148,37.164,velocity_sine,0,1,,0.0,0.0,-0.008999999612569809,0,1
13.1574493960361,37.173,velocity_sine,1,2,103.8603515625,103.96157836914062,6.501246929168701,-0.005455030128359795,1,1
13.1574493960361,37.173,velocity_sine,1,1,9.988348732034794,-130.48773193359375,4.939592361450195,-0.26492998003959656,2,1
13.1574493960361,37.173,velocity_sine,0,4,,0.0,-0.0,-0.017999999225139618,0,1
13.1574493960361,37.173,velocity_sine,0,1,,0.0,0.0,-0.008999999612569809,0,1
13.167964502994437,37.183,velocity_sine,1,2,103.8603515625,103.8858642578125,2.5647635459899902,0.15205928683280945,1,1
13.167964502994437,37.183,velocity_sine,1,1,9.999131504935717,-130.48773193359375,0.04371320828795433,-0.2612306773662567,2,1
13.167964502994437,37.183,velocity_sine,0,4,,0.0,-0.0,-0.017999999225139618,0,1
13.167964502994437,37.183,velocity_sine,0,1,,0.0,0.0,-0.008999999612569809,0,1
13.177507025015075,37.193,velocity_sine,1,2,103.8603515625,103.96157836914062,3.115877389907837,0.11036064475774765,1,1
13.177507025015075,37.193,velocity_sine,1,1,9.998076202516566,-130.46575927734375,0.04371320828795433,-0.2457265853881836,2,1
13.177507025015075,37.193,velocity_sine,0,4,,0.0,-0.0,-0.017999999225139618,0,1
13.177507025015075,37.193,velocity_sine,0,1,,0.0,0.0,-0.008999999612569809,0,1
13.187613270012662,37.203,velocity_sine,1,2,103.8603515625,103.93960571289062,0.19233810901641846,0.066546231508255,1,1
13.187613270012662,37.203,velocity_sine,1,1,9.998076202516566,-130.46575927734375,4.32760763168335,-0.229429230093956,2,1
13.187613270012662,37.203,velocity_sine,0,4,,0.0,-0.0,-0.017999999225139618,0,1
13.187613270012662,37.203,velocity_sine,0,1,,0.0,0.0,-0.01600000075995922,0,1
13.197366709006019,37.213,velocity_sine,1,2,103.8603515625,103.93960571289062,10.501879692077637,-0.028352884575724602,1,1
13.197366709006019,37.213,velocity_sine,1,1,9.985716778837883,-130.46575927734375,0.04371320828795433,-0.21432654559612274,2,1
13.197366709006019,37.213,velocity_sine,0,4,,0.0,-0.0,0.006000000052154064,0,1
13.197366709006019,37.213,velocity_sine,0,1,,0.0,0.0,-0.008999999612569809,0,1
13.207772811001632,37.223,velocity_sine,1,2,103.8603515625,103.93960571289062,2.808136463165283,0.07685006409883499,1,1
13.207772811001632,37.223,velocity_sine,1,1,9.958727420341067,-130.44378662109375,3.715622663497925,-0.20919154584407806,2,1
13.207772811001632,37.223,velocity_sine,0,4,,0.0,-0.0,0.23800000548362732,0,1
13.207772811001632,37.223,velocity_sine,0,1,,0.0,0.0,-0.008999999612569809,0,1
13.217759039020166,37.233,velocity_sine,1,2,103.8603515625,103.93960571289062,-4.500711917877197,0.06978633999824524,1,1
13.217759039020166,37.233,velocity_sine,1,1,9.922836638126583,-130.44378662109375,0.04371320828795433,-0.19799119234085083,2,1
13.217759039020166,37.233,velocity_sine,0,4,,0.0,-0.0,-0.017999999225139618,0,1
13.217759039020166,37.233,velocity_sine,0,1,,0.0,0.0,-0.0020000000949949026,0,1
13.227751519996673,37.243,velocity_sine,1,2,103.8603515625,103.93960571289062,0.4231438636779785,0.07794106751680374,1,1
13.227751519996673,37.243,velocity_sine,1,1,9.86868364929187,-130.44378662109375,0.04371320828795433,-0.19455431401729584,2,1
13.227751519996673,37.243,velocity_sine,0,4,,0.0,-0.0,-0.017999999225139618,0,1
13.227751519996673,37.243,velocity_sine,0,1,,0.0,0.0,-0.008999999612569809,0,1
13.237544864998199,37.253,velocity_sine,1,2,103.8603515625,103.93960571289062,-2.808136463165283,-0.040543001145124435,1,1
13.237544864998199,37.253,velocity_sine,1,1,9.81304979655224,-130.44378662109375,0.04371320828795433,-0.18064673244953156,2,1
13.237544864998199,37.253,velocity_sine,0,4,,0.0,-0.0,0.006000000052154064,0,1
13.237544864998199,37.253,velocity_sine,0,1,,0.0,0.0,-0.008999999612569809,0,1
13.248280157044064,37.263,velocity_sine,1,2,103.8603515625,103.8603515625,-3.128129243850708,-0.09455498307943344,1,1
13.248280157044064,37.263,velocity_sine,1,1,9.731254814242709,-130.42181396484375,4.852166175842285,-0.1732422262430191,2,1
13.248280157044064,37.263,velocity_sine,0,4,,0.0,-0.0,0.03200000151991844,0,1
13.248280157044064,37.263,velocity_sine,0,1,,0.0,0.0,-0.008999999612569809,0,1
13.257614125031978,37.273,velocity_sine,1,2,103.8603515625,103.93960571289062,-3.2697479724884033,-0.05531066283583641,1,1
13.257614125031978,37.273,velocity_sine,1,1,9.647427078065473,-130.42181396484375,1.2676830291748047,-0.1583554595708847,2,1
13.257614125031978,37.273,velocity_sine,0,4,,0.0,-0.0,-0.017999999225139618,0,1
13.257614125031978,37.273,velocity_sine,0,1,,0.0,0.0,0.05700000002980232,0,1
13.268387790012639,37.283,velocity_sine,1,2,103.8603515625,103.85467529296875,0.495476633310318,0.052322760224342346,1,1
13.268387790012639,37.283,velocity_sine,1,1,9.543304987350899,-130.39984130859375,0.04371320828795433,-0.15621095895767212,2,1
13.268387790012639,37.283,velocity_sine,0,4,,0.0,-0.0,0.006000000052154064,0,1
13.268387790012639,37.283,velocity_sine,0,1,,0.0,0.0,-0.008999999612569809,0,1
13.277620336040854,37.293,velocity_sine,1,2,103.8603515625,103.93960571289062,-2.4234602451324463,-0.15625448524951935,1,1
13.277620336040854,37.293,velocity_sine,1,1,9.543304987350899,-130.39984130859375,0.04371320828795433,-0.1546044796705246,2,1
13.277620336040854,37.293,velocity_sine,0,4,,0.0,-0.0,-0.25,0,1
13.277620336040854,37.293,velocity_sine,0,1,,0.0,0.0,-0.008999999612569809,0,1
13.288051174022257,37.303,velocity_sine,1,2,103.8603515625,103.96157836914062,-1.1924962997436523,0.18499518930912018,1,1
13.288051174022257,37.303,velocity_sine,1,1,9.439723898206053,-130.39984130859375,4.852166175842285,-0.14672023057937622,2,1
13.288051174022257,37.303,velocity_sine,0,4,,0.0,-0.0,0.006000000052154064,0,1
13.288051174022257,37.303,velocity_sine,0,1,,0.0,0.0,-0.008999999612569809,0,1
13.297720485017635,37.313,velocity_sine,1,2,103.8603515625,103.96157836914062,-4.423776626586914,0.18568843603134155,1,1
13.297720485017635,37.313,velocity_sine,1,1,9.326524762679043,-130.37786865234375,4.764739513397217,-0.13250364363193512,2,1
13.297720485017635,37.313,velocity_sine,0,4,,0.0,-0.0,-0.017999999225139618,0,1
13.297720485017635,37.313,velocity_sine,0,1,,0.0,0.0,-0.0020000000949949026,0,1
13.307762338023167,37.323,velocity_sine,1,2,103.8603515625,103.96157836914062,-7.116510391235352,0.19400449097156525,1,1
13.307762338023167,37.323,velocity_sine,1,1,9.180460912248684,-130.37786865234375,0.04371320828795433,-0.12672065198421478,2,1
13.307762338023167,37.323,velocity_sine,0,4,,0.0,-0.0,-0.017999999225139618,0,1
13.307762338023167,37.323,velocity_sine,0,1,,0.0,0.0,-0.008999999612569809,0,1
13.317883943032939,37.333,velocity_sine,1,2,103.8603515625,103.9000244140625,6.926936149597168,-0.0762014389038086,1,1
13.317883943032939,37.333,velocity_sine,1,1,9.024153719824794,-130.35589599609375,0.04371320828795433,-0.11774519830942154,2,1
13.317883943032939,37.333,velocity_sine,0,4,,0.0,-0.0,-0.017999999225139618,0,1
13.317883943032939,37.333,velocity_sine,0,1,,0.0,0.0,-0.008999999612569809,0,1
13.327892853994854,37.343,velocity_sine,1,2,103.8603515625,103.8858642578125,2.4115567207336426,-0.11428152769804001,1,1
13.327892853994854,37.343,velocity_sine,1,1,8.881455172459152,-130.35589599609375,0.04371320828795433,-0.1139078140258789,2,1
13.327892853994854,37.343,velocity_sine,0,4,,0.0,-0.0,-0.017999999225139618,0,1
13.327892853994854,37.343,velocity_sine,0,1,,0.0,0.0,-0.008999999612569809,0,1
13.337519524036907,37.353,velocity_sine,1,2,103.8603515625,103.86318969726562,-1.8746873140335083,0.20572078227996826,1,1
13.337519524036907,37.353,velocity_sine,1,1,8.728339939203744,-130.35589599609375,0.04371320828795433,-0.10539527982473373,2,1
13.337519524036907,37.353,velocity_sine,0,4,,0.0,-0.0,0.03200000151991844,0,1
13.337519524036907,37.353,velocity_sine,0,1,,0.0,0.0,-0.01600000075995922,0,1
13.348122327006422,37.363,velocity_sine,1,2,103.8603515625,103.8603515625,4.0679545402526855,0.22219450771808624,1,1
13.348122327006422,37.363,velocity_sine,1,1,8.544669120801512,-130.35589599609375,0.04371320828795433,-0.09978078305721283,2,1
13.348122327006422,37.363,velocity_sine,0,4,,0.0,-0.0,0.006000000052154064,0,1
13.348122327006422,37.363,velocity_sine,0,1,,0.0,0.0,0.05700000002980232,0,1
13.35752068599686,37.373,velocity_sine,1,2,103.8603515625,103.96157836914062,-4.269906044006348,-0.07348562777042389,1,1
13.35752068599686,37.373,velocity_sine,1,1,8.362292502140408,-130.33392333984375,0.04371320828795433,-0.08242766559123993,2,1
13.35752068599686,37.373,velocity_sine,0,4,,0.0,-0.0,-0.017999999225139618,0,1
13.35752068599686,37.373,velocity_sine,0,1,,0.0,0.0,-0.008999999612569809,0,1
13.367870401008986,37.383,velocity_sine,1,2,103.8603515625,103.86318969726562,8.22021770477295,-0.2758072316646576,1,1
13.367870401008986,37.383,velocity_sine,1,1,8.15439003648902,-130.33392333984375,0.04371320828795433,-0.079473577439785,2,1
13.367870401008986,37.383,velocity_sine,0,4,,0.0,-0.0,0.006000000052154064,0,1
13.367870401008986,37.383,velocity_sine,0,1,,0.0,0.0,-0.008999999612569809,0,1
13.377672392001841,37.393,velocity_sine,1,2,103.8603515625,103.96157836914062,1.4233020544052124,0.08311863243579865,1,1
13.377672392001841,37.393,velocity_sine,1,1,8.15439003648902,-130.31201171875,0.04371320828795433,-0.07734600454568863,2,1
13.377672392001841,37.393,velocity_sine,0,4,,0.0,-0.0,0.006000000052154064,0,1
13.377672392001841,37.393,velocity_sine,0,1,,0.0,0.0,-0.008999999612569809,0,1
13.387593538034707,37.403,velocity_sine,1,2,103.8603515625,103.93960571289062,-4.116035461425781,-0.07960119843482971,1,1
13.387593538034707,37.403,velocity_sine,1,1,7.956884105579698,-130.31201171875,0.04371320828795433,-0.06806574016809464,2,1
13.387593538034707,37.403,velocity_sine,0,4,,0.0,-0.0,-0.017999999225139618,0,1
13.387593538034707,37.403,velocity_sine,0,1,,0.0,0.0,-0.008999999612569809,0,1
13.397495476994663,37.413,velocity_sine,1,2,103.8603515625,103.93960571289062,2.5773308277130127,-0.2420489341020584,1,1
13.397495476994663,37.413,velocity_sine,1,1,7.719898219099005,-130.2900390625,0.04371320828795433,-0.05678577348589897,2,1
13.397495476994663,37.413,velocity_sine,0,4,,0.0,-0.0,-0.017999999225139618,0,1
13.397495476994663,37.413,velocity_sine,0,1,,0.0,0.0,0.05700000002980232,0,1
13.407689148036297,37.423,velocity_sine,1,2,103.8603515625,103.96157836914062,4.346841335296631,0.05898641422390938,1,1
13.407689148036297,37.423,velocity_sine,1,1,7.514955046210293,-130.2900390625,0.04371320828795433,-0.05250464752316475,2,1
13.407689148036297,37.423,velocity_sine,0,4,,0.0,-0.0,0.03200000151991844,0,1
13.407689148036297,37.423,velocity_sine,0,1,,0.0,0.0,-0.008999999612569809,0,1
13.417683581996243,37.433,velocity_sine,1,2,103.8603515625,103.9835205078125,3.2697479724884033,0.18978992104530334,1,1
13.417683581996243,37.433,velocity_sine,1,1,7.302015758202739,-130.2900390625,0.04371320828795433,-0.04371340200304985,2,1
13.417683581996243,37.433,velocity_sine,0,4,,0.0,-0.0,0.006000000052154064,0,1
13.417683581996243,37.433,velocity_sine,0,1,,0.0,0.0,0.05700000002980232,0,1
13.427702532033436,37.443,velocity_sine,1,2,103.8603515625,103.96157836914062,8.886240005493164,0.11221913248300552,1,1
13.427702532033436,37.443,velocity_sine,1,1,7.083066654672596,-130.26806640625,0.04371320828795433,-0.037285029888153076,2,1
13.427702532033436,37.443,velocity_sine,0,4,,0.0,-0.0,-0.017999999225139618,0,1
13.427702532033436,37.443,velocity_sine,0,1,,0.0,0.0,0.05700000002980232,0,1
13.437234103039373,37.453,velocity_sine,1,2,103.8603515625,103.87734985351562,-1.045998215675354,0.05814551189541817,1,1
13.437234103039373,37.453,velocity_sine,1,1,6.807112370612281,-130.26806640625,0.04371320828795433,-0.03133315220475197,2,1
13.437234103039373,37.453,velocity_sine,0,4,,0.0,-0.0,0.006000000052154064,0,1
13.437234103039373,37.453,velocity_sine,0,1,,0.0,0.0,-0.008999999612569809,0,1
13.447363793035038,37.463,velocity_sine,1,2,103.8603515625,103.86880493164062,-6.550271034240723,-0.0004063621163368225,1,1
13.447363793035038,37.463,velocity_sine,1,1,6.533530265520077,-130.26806640625,4.852166175842285,-0.028903979808092117,2,1
13.447363793035038,37.463,velocity_sine,0,4,,0.0,-0.0,0.006000000052154064,0,1
13.447363793035038,37.463,velocity_sine,0,1,,0.0,0.0,0.05700000002980232,0,1
13.458178465021774,37.473,velocity_sine,1,2,103.8603515625,103.96157836914062,2.192654609680176,0.017317766323685646,1,1
13.458178465021774,37.473,velocity_sine,1,1,6.280138370804408,-130.2459716796875,0.04371320828795433,-0.019196730107069016,2,1
13.458178465021774,37.473,velocity_sine,0,4,,0.0,-0.0,-0.017999999225139618,0,1
13.458178465021774,37.473,velocity_sine,0,1,,0.0,0.0,-0.008999999612569809,0,1
13.467869816988241,37.483,velocity_sine,1,2,103.8603515625,103.87448120117188,4.866212368011475,-0.020255636423826218,1,1
13.467869816988241,37.483,velocity_sine,1,1,6.016086826302544,-130.2459716796875,0.04371320828795433,-0.02007526345551014,2,1
13.467869816988241,37.483,velocity_sine,0,4,,0.0,-0.0,0.03200000151991844,0,1
13.467869816988241,37.483,velocity_sine,0,1,,0.0,0.0,-0.008999999612569809,0,1
13.477946366008837,37.493,velocity_sine,1,2,103.8603515625,103.93960571289062,2.5003955364227295,-0.0439017117023468,1,1
13.477946366008837,37.493,velocity_sine,1,1,5.714987028402048,-130.2239990234375,0.04371320828795433,-0.017554132267832756,2,1
13.477946366008837,37.493,velocity_sine,0,4,,0.0,-0.0,0.03200000151991844,0,1
13.477946366008837,37.493,velocity_sine,0,1,,0.0,0.0,-0.008999999612569809,0,1
13.48826218699105,37.503,velocity_sine,1,2,103.8603515625,103.93960571289062,1.0386258363723755,0.11014658212661743,1,1
13.48826218699105,37.503,velocity_sine,1,1,5.443644233120523,-130.2239990234375,0.04371320828795433,-0.011537706479430199,2,1
13.48826218699105,37.503,velocity_sine,0,4,,0.0,-0.0,-0.017999999225139618,0,1
13.48826218699105,37.503,velocity_sine,0,1,,0.0,0.0,-0.008999999612569809,0,1
13.497581987990998,37.513,velocity_sine,1,2,103.8603515625,103.93960571289062,-8.347474098205566,-0.11461332440376282,1,1
13.497581987990998,37.513,velocity_sine,1,1,5.443644233120523,-130.2239990234375,0.04371320828795433,-0.003296635113656521,2,1
13.497581987990998,37.513,velocity_sine,0,4,,0.0,-0.0,-0.017999999225139618,0,1
13.497581987990998,37.513,velocity_sine,0,1,,0.0,0.0,-0.008999999612569809,0,1
13.507591391040478,37.523,velocity_sine,1,2,103.8603515625,103.93960571289062,-3.7313594818115234,0.1468515396118164,1,1
13.507591391040478,37.523,velocity_sine,1,1,5.169262068258407,-130.2020263671875,0.04371320828795433,0.0012305241543799639,2,1
13.507591391040478,37.523,velocity_sine,0,4,,0.0,-0.0,0.006000000052154064,0,1
13.507591391040478,37.523,velocity_sine,0,1,,0.0,0.0,-0.01600000075995922,0,1
13.517419661046006,37.533,velocity_sine,1,2,103.8603515625,103.96157836914062,3.115877389907837,0.09937270730733871,1,1
13.517419661046006,37.533,velocity_sine,1,1,4.837613273665092,-130.1800537109375,4.32760763168335,0.001603307668119669,2,1
13.517419661046006,37.533,velocity_sine,0,4,,0.0,-0.0,-0.017999999225139618,0,1
13.517419661046006,37.533,velocity_sine,0,1,,0.0,0.0,0.05700000002980232,0,1
13.528129876998719,37.543,velocity_sine,1,2,103.8603515625,103.96157836914062,2.9620070457458496,0.2747586965560913,1,1
13.528129876998719,37.543,velocity_sine,1,1,4.505612056313529,-130.1800537109375,0.04371320828795433,0.0036686549428850412,2,1
13.528129876998719,37.543,velocity_sine,0,4,,0.0,-0.0,0.006000000052154064,0,1
13.528129876998719,37.543,velocity_sine,0,1,,0.0,0.0,0.05700000002980232,0,1
13.537839082011487,37.553,velocity_sine,1,2,103.8603515625,103.87734985351562,0.24974572658538818,-0.0404827818274498,1,1
13.537839082011487,37.553,velocity_sine,1,1,4.193144785291521,-130.1800537109375,0.04371320828795433,0.00651033828034997,2,1
13.537839082011487,37.553,velocity_sine,0,4,,0.0,-0.0,0.03200000151991844,0,1
13.537839082011487,37.553,velocity_sine,0,1,,0.0,0.0,-0.008999999612569809,0,1
13.548026570992079,37.563,velocity_sine,1,2,103.8603515625,103.87164306640625,-17.959135055541992,0.23948423564434052,1,1
13.548026570992079,37.563,velocity_sine,1,1,3.8567625181868515,-130.1800537109375,0.04371320828795433,0.004939537961035967,2,1
13.548026570992079,37.563,velocity_sine,0,4,,0.0,-0.0,-0.25,0,1
13.548026570992079,37.563,velocity_sine,0,1,,0.0,0.0,-0.008999999612569809,0,1
13.557730667002033,37.573,velocity_sine,1,2,103.8603515625,103.93960571289062,-6.654898643493652,0.27984848618507385,1,1
13.557730667002033,37.573,velocity_sine,1,1,3.5513108971542544,-130.15814208984375,0.30599245429039,0.010711387731134892,2,1
13.557730667002033,37.573,velocity_sine,0,4,,0.0,-0.0,-0.017999999225139618,0,1
13.557730667002033,37.573,velocity_sine,0,1,,0.0,0.0,-0.008999999612569809,0,1
13.567665008013137,37.583,velocity_sine,1,2,103.8603515625,103.86318969726562,-13.464092254638672,0.17467167973518372,1,1
13.567665008013137,37.583,velocity_sine,1,1,3.199394949868362,-130.15814208984375,0.6556981205940247,0.015652230009436607,2,1
13.567665008013137,37.583,velocity_sine,0,4,,0.0,-0.0,-0.017999999225139618,0,1
13.567665008013137,37.583,velocity_sine,0,1,,0.0,0.0,-0.008999999612569809,0,1
13.577717612031847,37.593,velocity_sine,1,2,103.8603515625,103.9835205078125,-1.0386258363723755,0.13072142004966736,1,1
13.577717612031847,37.593,velocity_sine,1,1,3.199394949868362,-130.11419677734375,4.589886665344238,0.015112173743546009,2,1
13.577717612031847,37.593,velocity_sine,0,4,,0.0,-0.0,-0.017999999225139618,0,1
13.577717612031847,37.593,velocity_sine,0,1,,0.0,0.0,-0.008999999612569809,0,1
13.587880344013683,37.603,velocity_sine,1,2,103.8603515625,103.96157836914062,-2.9620070457458496,-0.056027062237262726,1,1
13.587880344013683,37.603,velocity_sine,1,1,2.87621124075845,-130.09222412109375,3.715622663497925,0.0027729454450309277,2,1
13.587880344013683,37.603,velocity_sine,0,4,,0.0,-0.0,-0.017999999225139618,0,1
13.587880344013683,37.603,velocity_sine,0,1,,0.0,0.0,-0.0020000000949949026,0,1
13.597310373035725,37.613,velocity_sine,1,2,103.8603515625,103.96157836914062,1.7310431003570557,-0.10078305751085281,1,1
13.597310373035725,37.613,velocity_sine,1,1,2.5694079774674083,-130.09222412109375,0.04371320828795433,-0.009218228980898857,2,1
13.597310373035725,37.613,velocity_sine,0,4,,0.0,-0.0,-0.017999999225139618,0,1
13.597310373035725,37.613,velocity_sine,0,1,,0.0,0.0,0.05700000002980232,0,1
13.607288897037506,37.623,velocity_sine,1,2,103.8603515625,103.96157836914062,3.8082947731018066,0.07660369575023651,1,1
13.607288897037506,37.623,velocity_sine,1,1,2.210008885034604,-130.11419677734375,-3.6281962394714355,-0.020100224763154984,2,1
13.607288897037506,37.623,velocity_sine,0,4,,0.0,-0.0,-0.017999999225139618,0,1
13.607288897037506,37.623,velocity_sine,0,1,,0.0,0.0,-0.008999999612569809,0,1
13.617699988011736,37.633,velocity_sine,1,2,103.8603515625,103.865966796875,-1.191994547843933,0.19666598737239838,1,1
13.617699988011736,37.633,velocity_sine,1,1,1.831267827335761,-130.11419677734375,0.04371320828795433,-0.02211669832468033,2,1
13.617699988011736,37.633,velocity_sine,0,4,,0.0,-0.0,-0.017999999225139618,0,1
13.617699988011736,37.633,velocity_sine,0,1,,0.0,0.0,-0.008999999612569809,0,1
13.627984730002936,37.643,velocity_sine,1,2,103.8603515625,103.865966796875,-2.257138729095459,-0.025835398584604263,1,1
13.627984730002936,37.643,velocity_sine,1,1,1.5104878846729748,-130.09222412109375,4.589886665344238,0.0037882307078689337,2,1
13.627984730002936,37.643,velocity_sine,0,4,,0.0,-0.0,0.006000000052154064,0,1
13.627984730002936,37.643,velocity_sine,0,1,,0.0,0.0,-0.07699999958276749,0,1
13.637835172994528,37.653,velocity_sine,1,2,103.8603515625,103.84613037109375,-1.6624048948287964,0.1174083724617958,1,1
13.637835172994528,37.653,velocity_sine,1,1,1.1883752368207718,-130.07025146484375,1.2676830291748047,0.00884543638676405,2,1
13.637835172994528,37.653,velocity_sine,0,4,,0.0,-0.0,-0.017999999225139618,0,1
13.637835172994528,37.653,velocity_sine,0,1,,0.0,0.0,0.05700000002980232,0,1
13.648111439018976,37.663,velocity_sine,1,2,103.8603515625,103.84051513671875,0.1434888243675232,0.24258658289909363,1,1
13.648111439018976,37.663,velocity_sine,1,1,0.8067315633407296,-130.04827880859375,4.764739513397217,0.008262180723249912,2,1
13.648111439018976,37.663,velocity_sine,0,4,,0.0,-0.0,0.03200000151991844,0,1
13.648111439018976,37.663,velocity_sine,0,1,,0.0,0.0,-0.008999999612569809,0,1
13.657706549041905,37.673,velocity_sine,1,2,103.8603515625,103.93960571289062,-4.346841335296631,0.030740886926651,1,1
13.657706549041905,37.673,velocity_sine,1,1,0.4928625605057074,-130.04827880859375,0.04371320828795433,-0.004840439651161432,2,1
13.657706549041905,37.673,velocity_sine,0,4,,0.0,-0.0,0.006000000052154064,0,1
13.657706549041905,37.673,velocity_sine,0,1,,0.0,0.0,-0.0020000000949949026,0,1
13.667949663009495,37.683,velocity_sine,1,2,103.8603515625,103.8603515625,-11.31196117401123,-0.09201077371835709,1,1
13.667949663009495,37.683,velocity_sine,1,1,0.10927790604719455,-130.04827880859375,0.04371320828795433,-0.01550423912703991,2,1
13.667949663009495,37.683,velocity_sine,0,4,,0.0,-0.0,0.054999999701976776,0,1
13.667949663009495,37.683,velocity_sine,0,1,,0.0,0.0,-0.008999999612569809,0,1
13.677480351994745,37.693,velocity_sine,1,2,103.8603515625,103.93960571289062,4.116035461425781,-0.21600881218910217,1,1
13.677480351994745,37.693,velocity_sine,1,1,0.10927790604719455,-130.04827880859375,0.04371320828795433,-0.021674655377864838,2,1
13.677480351994745,37.693,velocity_sine,0,4,,0.0,-0.0,0.006000000052154064,0,1
13.677480351994745,37.693,velocity_sine,0,1,,0.0,0.0,0.05700000002980232,0,1
13.68766587699065,37.703,velocity_sine,1,2,103.8603515625,103.96157836914062,1.8849135637283325,-0.1171519085764885,1,1
13.68766587699065,37.703,velocity_sine,1,1,-0.21781578079624198,-130.04827880859375,0.04371320828795433,-0.00649166340008378,2,1
13.68766587699065,37.703,velocity_sine,0,4,,0.0,-0.0,0.006000000052154064,0,1
13.68766587699065,37.703,velocity_sine,0,1,,0.0,0.0,-0.008999999612569809,0,1
13.697708121035248,37.713,velocity_sine,1,2,103.8603515625,103.96157836914062,2.5003955364227295,0.17346085608005524,1,1
13.697708121035248,37.713,velocity_sine,1,1,-0.5359616971542082,-130.04827880859375,0.04371320828795433,0.005262607242912054,2,1
13.697708121035248,37.713,velocity_sine,0,4,,0.0,-0.0,-0.017999999225139618,0,1
13.697708121035248,37.713,velocity_sine,0,1,,0.0,0.0,-0.008999999612569809,0,1
13.707699399034027,37.723,velocity_sine,1,2,103.8603515625,103.96157836914062,1.8849135637283325,0.2891455590724945,1,1
13.707699399034027,37.723,velocity_sine,1,1,-0.8553129918368378,-130.04827880859375,0.04371320828795433,0.005396733060479164,2,1
13.707699399034027,37.723,velocity_sine,0,4,,0.0,-0.0,0.03200000151991844,0,1
13.707699399034027,37.723,velocity_sine,0,1,,0.0,0.0,0.05700000002980232,0,1
13.717835862014908,37.733,velocity_sine,1,2,103.8603515625,103.96157836914062,4.039100646972656,0.27804872393608093,1,1
13.717835862014908,37.733,velocity_sine,1,1,-1.2354306562309145,-130.04827880859375,0.04371320828795433,0.0008612059755250812,2,1
13.717835862014908,37.733,velocity_sine,0,4,,0.0,-0.0,-0.017999999225139618,0,1
13.717835862014908,37.733,velocity_sine,0,1,,0.0,0.0,-0.008999999612569809,0,1
13.728134691016749,37.743,velocity_sine,1,2,103.8603515625,103.93960571289062,-5.577805519104004,0.07265782356262207,1,1
13.728134691016749,37.743,velocity_sine,1,1,-1.547448521195838,-130.04827880859375,0.04371320828795433,0.005547365173697472,2,1
13.728134691016749,37.743,velocity_sine,0,4,,0.0,-0.0,0.006000000052154064,0,1
13.728134691016749,37.743,velocity_sine,0,1,,0.0,0.0,-0.008999999612569809,0,1
13.737519214046188,37.753,velocity_sine,1,2,103.8603515625,103.96157836914062,2.4234602451324463,-0.04485025256872177,1,1
13.737519214046188,37.753,velocity_sine,1,1,-1.8724673166075712,-130.04827880859375,0.04371320828795433,0.0017480324022471905,2,1
13.737519214046188,37.753,velocity_sine,0,4,,0.0,-0.0,0.006000000052154064,0,1
13.737519214046188,37.753,velocity_sine,0,1,,0.0,0.0,0.05700000002980232,0,1
13.747937367996201,37.763,velocity_sine,1,2,103.8603515625,103.96157836914062,1.1924962997436523,-0.06388556212186813,1,1
13.747937367996201,37.763,velocity_sine,1,1,-2.219290188300828,-130.04827880859375,0.04371320828795433,0.006191089749336243,2,1
13.747937367996201,37.763,velocity_sine,0,4,,0.0,-0.0,-0.017999999225139618,0,1
13.747937367996201,37.763,velocity_sine,0,1,,0.0,0.0,-0.008999999612569809,0,1
13.757570640009362,37.773,velocity_sine,1,2,103.8603515625,103.865966796875,-2.3768575191497803,0.23991908133029938,1,1
13.757570640009362,37.773,velocity_sine,1,1,-2.5522053877245647,-130.04827880859375,0.04371320828795433,0.0015792414778843522,2,1
13.757570640009362,37.773,velocity_sine,0,4,,0.0,-0.0,-0.017999999225139618,0,1
13.757570640009362,37.773,velocity_sine,0,1,,0.0,0.0,-0.008999999612569809,0,1
13.767881482024677,37.783,velocity_sine,1,2,103.8603515625,103.87164306640625,-3.6414051055908203,0.26298680901527405,1,1
13.767881482024677,37.783,velocity_sine,1,1,-2.9053151012587524,-130.04827880859375,0.04371320828795433,0.004438348114490509,2,1
13.767881482024677,37.783,velocity_sine,0,4,,0.0,-0.0,0.006000000052154064,0,1
13.767881482024677,37.783,velocity_sine,0,1,,0.0,0.0,-0.0020000000949949026,0,1
13.778317368996795,37.793,velocity_sine,1,2,103.8603515625,103.96157836914062,-0.8078200817108154,0.0513535812497139,1,1
13.778317368996795,37.793,velocity_sine,1,1,-3.2059167844083487,-130.04827880859375,0.04371320828795433,-0.001417228952050209,2,1
13.778317368996795,37.793,velocity_sine,0,4,,0.0,-0.0,0.03200000151991844,0,1
13.778317368996795,37.793,velocity_sine,0,1,,0.0,0.0,-0.008999999612569809,0,1
13.787297319038771,37.803,velocity_sine,1,2,103.8603515625,103.87448120117188,0.9082911014556885,0.09535258263349533,1,1
13.787297319038771,37.803,velocity_sine,1,1,-3.527748528953147,-130.04827880859375,0.04371320828795433,-0.0032574476208537817,2,1
13.787297319038771,37.803,velocity_sine,0,4,,0.0,-0.0,-0.017999999225139618,0,1
13.787297319038771,37.803,velocity_sine,0,1,,0.0,0.0,-0.008999999612569809,0,1
13.797508993011434,37.813,velocity_sine,1,2,103.8603515625,103.93960571289062,-1.7310431003570557,-0.08836912363767624,1,1
13.797508993011434,37.813,velocity_sine,1,1,-3.8446492992964707,-130.04827880859375,0.04371320828795433,-0.007504579611122608,2,1
13.797508993011434,37.813,velocity_sine,0,4,,0.0,-0.0,0.006000000052154064,0,1
13.797508993011434,37.813,velocity_sine,0,1,,0.0,0.0,-0.008999999612569809,0,1
13.807664932042826,37.823,velocity_sine,1,2,103.8603515625,103.87164306640625,-5.8655548095703125,-0.08346275985240936,1,1
13.807664932042826,37.823,velocity_sine,1,1,-4.145585317143583,-130.04827880859375,0.04371320828795433,-0.013685230165719986,2,1
13.807664932042826,37.823,velocity_sine,0,4,,0.0,-0.0,-0.017999999225139618,0,1
13.807664932042826,37.823,velocity_sine,0,1,,0.0,0.0,-0.008999999612569809,0,1
13.817603010043968,37.833,velocity_sine,1,2,103.8603515625,103.96157836914062,1.6541078090667725,0.05873849615454674,1,1
13.817603010043968,37.833,velocity_sine,1,1,-4.437764616551621,-130.04827880859375,0.04371320828795433,-0.022454306483268738,2,1
13.817603010043968,37.833,velocity_sine,0,4,,0.0,-0.0,0.03200000151991844,0,1
13.817603010043968,37.833,velocity_sine,0,1,,0.0,0.0,0.05700000002980232,0,1
13.827845232037362,37.843,velocity_sine,1,2,103.8603515625,103.96157836914062,-0.11540286988019943,0.008023004978895187,1,1
13.827845232037362,37.843,velocity_sine,1,1,-4.437764616551621,-130.04827880859375,0.04371320828795433,-0.023720070719718933,2,1
13.827845232037362,37.843,velocity_sine,0,4,,0.0,-0.0,-0.017999999225139618,0,1
13.827845232037362,37.843,velocity_sine,0,1,,0.0,0.0,-0.0020000000949949026,0,1
13.837347636988852,37.853,velocity_sine,1,2,103.8603515625,103.93960571289062,-1.1155611276626587,-0.02128172107040882,1,1
13.837347636988852,37.853,velocity_sine,1,1,-4.741700525637729,-130.04827880859375,0.04371320828795433,-0.03547169640660286,2,1
13.837347636988852,37.853,velocity_sine,0,4,,0.0,-0.0,0.006000000052154064,0,1
13.837347636988852,37.853,velocity_sine,0,1,,0.0,0.0,-0.01600000075995922,0,1
13.847668939037248,37.863,velocity_sine,1,2,103.8603515625,103.93960571289062,1.1155611276626587,0.07726695388555527,1,1
13.847668939037248,37.863,velocity_sine,1,1,-5.061210617620501,-130.04827880859375,0.04371320828795433,-0.04152578115463257,2,1
13.847668939037248,37.863,velocity_sine,0,4,,0.0,-0.0,-0.017999999225139618,0,1
13.847668939037248,37.863,velocity_sine,0,1,,0.0,0.0,-0.008999999612569809,0,1
13.857315256027505,37.873,velocity_sine,1,2,103.8603515625,103.93960571289062,-0.5000790953636169,-0.1684509664773941,1,1
13.857315256027505,37.873,velocity_sine,1,1,-5.3426341888827755,-130.04827880859375,0.04371320828795433,-0.053620290011167526,2,1
13.857315256027505,37.873,velocity_sine,0,4,,0.0,-0.0,-0.017999999225139618,0,1
13.857315256027505,37.873,velocity_sine,0,1,,0.0,0.0,-0.008999999612569809,0,1
13.868002518021967,37.883,velocity_sine,1,2,103.8603515625,103.93960571289062,0.3462086021900177,-0.07577313482761383,1,1
13.868002518021967,37.883,velocity_sine,1,1,-5.652398965746473,-130.04827880859375,0.04371320828795433,-0.06317473202943802,2,1
13.868002518021967,37.883,velocity_sine,0,4,,0.0,-0.0,0.054999999701976776,0,1
13.868002518021967,37.883,velocity_sine,0,1,,0.0,0.0,-0.008999999612569809,0,1
13.877489553997293,37.893,velocity_sine,1,2,103.8603515625,103.96157836914062,-0.11540286988019943,0.03610112518072128,1,1
13.877489553997293,37.893,velocity_sine,1,1,-5.922428443229958,-130.04827880859375,0.04371320828795433,-0.07340212166309357,2,1
13.877489553997293,37.893,velocity_sine,0,4,,0.0,-0.0,-0.017999999225139618,0,1
13.877489553997293,37.893,velocity_sine,0,1,,0.0,0.0,-0.008999999612569809,0,1
13.88842721900437,37.904,velocity_sine,1,2,103.8603515625,103.865966796875,6.746544361114502,0.1841968595981598,1,1
13.88842721900437,37.904,velocity_sine,1,1,-6.219283578900853,-130.04827880859375,0.04371320828795433,-0.08171742409467697,2,1
13.88842721900437,37.904,velocity_sine,0,4,,0.0,-0.0,-0.017999999225139618,0,1
13.88842721900437,37.904,velocity_sine,0,1,,0.0,0.0,-0.008999999612569809,0,1
13.89764732203912,37.913,velocity_sine,1,2,103.8603515625,103.96157836914062,13.502354621887207,0.04941161349415779,1,1
13.89764732203912,37.913,velocity_sine,1,1,-6.483240788461164,-130.04827880859375,0.04371320828795433,-0.09284920990467072,2,1
13.89764732203912,37.913,velocity_sine,0,4,,0.0,-0.0,0.23800000548362732,0,1
13.89764732203912,37.913,velocity_sine,0,1,,0.0,0.0,-0.008999999612569809,0,1
13.907725264027249,37.923,velocity_sine,1,2,103.8603515625,103.87164306640625,-2.788271427154541,-0.179348886013031,1,1
13.907725264027249,37.923,velocity_sine,1,1,-6.7556285920350465,-130.04827880859375,0.04371320828795433,-0.09442918002605438,2,1
13.907725264027249,37.923,velocity_sine,0,4,,0.0,-0.0,-0.017999999225139618,0,1
13.907725264027249,37.923,velocity_sine,0,1,,0.0,0.0,-0.008999999612569809,0,1
13.917878828011453,37.933,velocity_sine,1,2,103.8603515625,103.96157836914062,6.732052803039551,0.3156180679798126,1,1
13.917878828011453,37.933,velocity_sine,1,1,-6.9936315871411665,-130.07025146484375,-4.852166175842285,-0.10827437043190002,2,1
13.917878828011453,37.933,velocity_sine,0,4,,0.0,-0.0,0.006000000052154064,0,1
13.917878828011453,37.933,velocity_sine,0,1,,0.0,0.0,-0.0020000000949949026,0,1
13.927763284998946,37.943,velocity_sine,1,2,103.8603515625,103.93960571289062,-2.654266119003296,-0.015390312299132347,1,1
13.927763284998946,37.943,velocity_sine,1,1,-6.9936315871411665,-130.07025146484375,0.04371320828795433,-0.11947889626026154,2,1
13.927763284998946,37.943,velocity_sine,0,4,,0.0,-0.0,-0.017999999225139618,0,1
13.927763284998946,37.943,velocity_sine,0,1,,0.0,0.0,-0.008999999612569809,0,1
13.937673540029209,37.953,velocity_sine,1,2,103.8603515625,103.93960571289062,5.885765075683594,0.022167973220348358,1,1
13.937673540029209,37.953,velocity_sine,1,1,-7.228943612033771,-130.07025146484375,0.04371320828795433,-0.1319155991077423,2,1
13.937673540029209,37.953,velocity_sine,0,4,,0.0,-0.0,-0.017999999225139618,0,1
13.937673540029209,37.953,velocity_sine,0,1,,0.0,0.0,-0.01600000075995922,0,1
13.947376094001811,37.963,velocity_sine,1,2,103.8603515625,103.96157836914062,4.9625420570373535,0.17612715065479279,1,1
13.947376094001811,37.963,velocity_sine,1,1,-7.4879854425078864,-130.07025146484375,0.04371320828795433,-0.13961093127727509,2,1
13.947376094001811,37.963,velocity_sine,0,4,,0.0,-0.0,0.006000000052154064,0,1
13.947376094001811,37.963,velocity_sine,0,1,,0.0,0.0,-0.008999999612569809,0,1
13.957754653005395,37.973,velocity_sine,1,2,103.8603515625,103.87734985351562,2.438527822494507,0.04233284294605255,1,1
13.957754653005395,37.973,velocity_sine,1,1,-7.738889409271179,-130.07025146484375,0.04371320828795433,-0.14773528277873993,2,1
13.957754653005395,37.973,velocity_sine,0,4,,0.0,-0.0,0.006000000052154064,0,1
13.957754653005395,37.973,velocity_sine,0,1,,0.0,0.0,0.05700000002980232,0,1
13.967822906037327,37.983,velocity_sine,1,2,103.8603515625,103.865966796875,4.438594818115234,0.08742755651473999,1,1
13.967822906037327,37.983,velocity_sine,1,1,-7.936114238608113,-130.07025146484375,0.04371320828795433,-0.15942925214767456,2,1
13.967822906037327,37.983,velocity_sine,0,4,,0.0,-0.0,-0.017999999225139618,0,1
13.967822906037327,37.983,velocity_sine,0,1,,0.0,0.0,-0.008999999612569809,0,1
13.978745222033467,37.993,velocity_sine,1,2,103.8603515625,103.87734985351562,-9.781964302062988,0.025677358731627464,1,1
13.978745222033467,37.993,velocity_sine,1,1,-8.158943533916238,-130.07025146484375,0.04371320828795433,-0.1772742122411728,2,1
13.978745222033467,37.993,velocity_sine,0,4,,0.0,-0.0,0.054999999701976776,0,1
13.978745222033467,37.993,velocity_sine,0,1,,0.0,0.0,-0.0020000000949949026,0,1
13.987273319042288,38.003,velocity_sine,1,2,103.8603515625,103.865966796875,-7.703670978546143,-0.059387292712926865,1,1
13.987273319042288,38.003,velocity_sine,1,1,-8.36205404290603,-130.07025146484375,-2.404226541519165,-0.17729197442531586,2,1
13.987273319042288,38.003,velocity_sine,0,4,,0.0,-0.0,-0.017999999225139618,0,1
13.987273319042288,38.003,velocity_sine,0,1,,0.0,0.0,0.05700000002980232,0,1
13.997423616994638,38.013,velocity_sine,1,2,103.8603515625,103.93960571289062,-4.5776472091674805,-0.03926752135157585,1,1
13.997423616994638,38.013,velocity_sine,1,1,-8.538748811236651,-130.09222412109375,0.04371320828795433,-0.1979420930147171,2,1
13.997423616994638,38.013,velocity_sine,0,4,,0.0,-0.0,-0.017999999225139618,0,1
13.997423616994638,38.013,velocity_sine,0,1,,0.0,0.0,-0.008999999612569809,0,1
14.007837022014428,38.023,velocity_sine,1,2,103.8603515625,103.96157836914062,-4.5776472091674805,-0.06148446723818779,1,1
14.007837022014428,38.023,velocity_sine,1,1,-8.538748811236651,-130.09222412109375,0.04371320828795433,-0.20675545930862427,2,1
14.007837022014428,38.023,velocity_sine,0,4,,0.0,-0.0,-0.017999999225139618,0,1
14.007837022014428,38.023,velocity_sine,0,1,,0.0,0.0,-0.008999999612569809,0,1
14.017509369004983,38.033,velocity_sine,1,2,103.8603515625,103.93960571289062,1.9618487358093262,0.04083394631743431,1,1
14.017509369004983,38.033,velocity_sine,1,1,-8.72160044440177,-130.09222412109375,0.04371320828795433,-0.22718490660190582,2,1
14.017509369004983,38.033,velocity_sine,0,4,,0.0,-0.0,-0.017999999225139618,0,1
14.017509369004983,38.033,velocity_sine,0,1,,0.0,0.0,-0.008999999612569809,0,1
14.028033562994096,38.043,velocity_sine,1,2,103.8603515625,103.96157836914062,9.732527732849121,0.1626843512058258,1,1
14.028033562994096,38.043,velocity_sine,1,1,-8.896770463406629,-130.09222412109375,0.04371320828795433,-0.23026809096336365,2,1
14.028033562994096,38.043,velocity_sine,0,4,,0.0,-0.0,0.006000000052154064,0,1
14.028033562994096,38.043,velocity_sine,0,1,,0.0,0.0,-0.008999999612569809,0,1
14.037379693007097,38.053,velocity_sine,1,2,103.8603515625,103.9835205078125,5.270282745361328,0.36378276348114014,1,1
14.037379693007097,38.053,velocity_sine,1,1,-9.04512867256677,-130.11419677734375,0.04371320828795433,-0.2499735802412033,2,1
14.037379693007097,38.053,velocity_sine,0,4,,0.0,-0.0,-0.017999999225139618,0,1
14.037379693007097,38.053,velocity_sine,0,1,,0.0,0.0,-0.0020000000949949026,0,1
14.047740879992489,38.063,velocity_sine,1,2,103.8603515625,103.96157836914062,-2.192654609680176,0.222880557179451,1,1
14.047740879992489,38.063,velocity_sine,1,1,-9.192102953455063,-130.11419677734375,0.04371320828795433,-0.25743749737739563,2,1
14.047740879992489,38.063,velocity_sine,0,4,,0.0,-0.0,0.006000000052154064,0,1
14.047740879992489,38.063,velocity_sine,0,1,,0.0,0.0,-0.0020000000949949026,0,1
14.057451829023194,38.073,velocity_sine,1,2,103.8603515625,103.88302612304688,3.0571908950805664,0.33743563294410706,1,1
14.057451829023194,38.073,velocity_sine,1,1,-9.31668053083759,-130.11419677734375,0.04371320828795433,-0.2711731195449829,2,1
14.057451829023194,38.073,velocity_sine,0,4,,0.0,-0.0,0.006000000052154064,0,1
14.057451829023194,38.073,velocity_sine,0,1,,0.0,0.0,-0.008999999612569809,0,1
14.068457221030258,38.084,velocity_sine,1,2,103.8603515625,103.87448120117188,1.428092122077942,0.2132256180047989,1,1
14.068457221030258,38.084,velocity_sine,1,1,-9.44724443608528,-130.11419677734375,0.04371320828795433,-0.2754092514514923,2,1
14.068457221030258,38.084,velocity_sine,0,4,,0.0,-0.0,-0.017999999225139618,0,1
14.068457221030258,38.084,velocity_sine,0,1,,0.0,0.0,-0.07699999958276749,0,1
14.078060678031761,38.093,velocity_sine,1,2,103.8603515625,103.96157836914062,-8.424409866333008,0.083063043653965,1,1
14.078060678031761,38.093,velocity_sine,1,1,-9.553142054814174,-130.11419677734375,0.04371320828795433,-0.29609784483909607,2,1
14.078060678031761,38.093,velocity_sine,0,4,,0.0,-0.0,-0.017999999225139618,0,1
14.078060678031761,38.093,velocity_sine,0,1,,0.0,0.0,-0.008999999612569809,0,1
14.087632324022707,38.103,velocity_sine,1,2,103.8603515625,103.8858642578125,1.0795948505401611,0.046576857566833496,1,1
14.087632324022707,38.103,velocity_sine,1,1,-9.657322538863495,-130.13616943359375,0.04371320828795433,-0.29798635840415955,2,1
14.087632324022707,38.103,velocity_sine,0,4,,0.0,-0.0,0.054999999701976776,0,1
14.087632324022707,38.103,velocity_sine,0,1,,0.0,0.0,-0.01600000075995922,0,1
14.097378409001976,38.113,velocity_sine,1,2,103.8603515625,103.96157836914062,8.424628257751465,0.3780309855937958,1,1
14.097378409001976,38.113,velocity_sine,1,1,-9.657322538863495,-130.13616943359375,0.04371320828795433,-0.3137056529521942,2,1
14.097378409001976,38.113,velocity_sine,0,4,,0.0,-0.0,0.006000000052154064,0,1
14.097378409001976,38.113,velocity_sine,0,1,,0.0,0.0,-0.01600000075995922,0,1
14.107916228997055,38.123,velocity_sine,1,2,103.8603515625,103.9835205078125,5.11641263961792,0.2479517161846161,1,1
14.107916228997055,38.123,velocity_sine,1,1,-9.736603883610599,-130.13616943359375,0.04371320828795433,-0.33037516474723816,2,1
14.107916228997055,38.123,velocity_sine,0,4,,0.0,-0.0,-0.017999999225139618,0,1
14.107916228997055,38.123,velocity_sine,0,1,,0.0,0.0,0.05700000002980232,0,1
14.117417472996749,38.133,velocity_sine,1,2,103.8603515625,103.96157836914062,-6.424093246459961,-0.052634097635746,1,1
14.117417472996749,38.133,velocity_sine,1,1,-9.807022045413028,-130.15814208984375,0.04371320828795433,-0.336494505405426,2,1
14.117417472996749,38.133,velocity_sine,0,4,,0.0,-0.0,0.006000000052154064,0,1
14.117417472996749,38.133,velocity_sine,0,1,,0.0,0.0,-0.008999999612569809,0,1
14.127928372006863,38.143,velocity_sine,1,2,103.8603515625,103.93960571289062,8.193821907043457,0.032596614211797714,1,1
14.127928372006863,38.143,velocity_sine,1,1,-9.872538692749421,-130.15814208984375,0.04371320828795433,-0.3363470733165741,2,1
14.127928372006863,38.143,velocity_sine,0,4,,0.0,-0.0,0.054999999701976776,0,1
14.127928372006863,38.143,velocity_sine,0,1,,0.0,0.0,0.05700000002980232,0,1
14.137453310017008,38.153,velocity_sine,1,2,103.8603515625,103.93960571289062,2.8850717544555664,0.24052037298679352,1,1
14.137453310017008,38.153,velocity_sine,1,1,-9.919856153971187,-130.15814208984375,0.04371320828795433,-0.35074523091316223,2,1
14.137453310017008,38.153,velocity_sine,0,4,,0.0,-0.0,-0.017999999225139618,0,1
14.137453310017008,38.153,velocity_sine,0,1,,0.0,0.0,-0.0020000000949949026,0,1
14.147770904004574,38.163,velocity_sine,1,2,103.8603515625,103.93960571289062,-7.655056953430176,0.27863162755966187,1,1
14.147770904004574,38.163,velocity_sine,1,1,-9.959483096620318,-130.15814208984375,0.04371320828795433,-0.36536210775375366,2,1
14.147770904004574,38.163,velocity_sine,0,4,,0.0,-0.0,-0.0430000014603138,0,1
14.147770904004574,38.163,velocity_sine,0,1,,0.0,0.0,-0.008999999612569809,0,1
14.157464280026034,38.173,velocity_sine,1,2,103.8603515625,103.93960571289062,3.2697479724884033,-0.11093197762966156,1,1
14.157464280026034,38.173,velocity_sine,1,1,-9.983538508340326,-130.1800537109375,0.04371320828795433,-0.38053449988365173,2,1
14.157464280026034,38.173,velocity_sine,0,4,,0.0,-0.0,0.03200000151991844,0,1
14.157464280026034,38.173,velocity_sine,0,1,,0.0,0.0,0.05700000002980232,0,1
14.16800211003283,38.183,velocity_sine,1,2,103.8603515625,103.87164306640625,-0.4834269881248474,-0.17896239459514618,1,1
14.16800211003283,38.183,velocity_sine,1,1,-9.998073123943021,-130.1800537109375,-4.764739513397217,-0.38567742705345154,2,1
14.16800211003283,38.183,velocity_sine,0,4,,0.0,-0.0,0.03200000151991844,0,1
14.16800211003283,38.183,velocity_sine,0,1,,0.0,0.0,-0.008999999612569809,0,1
14.178073870018125,38.193,velocity_sine,1,2,103.8603515625,103.93960571289062,-1.6541078090667725,0.10381754487752914,1,1
14.178073870018125,38.193,velocity_sine,1,1,-9.999202324883058,-130.1800537109375,0.04371320828795433,-0.39754337072372437,2,1
14.178073870018125,38.193,velocity_sine,0,4,,0.0,-0.0,0.03200000151991844,0,1
14.178073870018125,38.193,velocity_sine,0,1,,0.0,0.0,-0.008999999612569809,0,1
14.187839974008966,38.203,velocity_sine,1,2,103.8603515625,103.8603515625,-0.7153263092041016,0.03988117724657059,1,1
14.187839974008966,38.203,velocity_sine,1,1,-9.98985691612733,-130.2020263671875,0.04371320828795433,-0.4090934097766876,2,1
14.187839974008966,38.203,velocity_sine,0,4,,0.0,-0.0,-0.017999999225139618,0,1
14.187839974008966,38.203,velocity_sine,0,1,,0.0,0.0,-0.008999999612569809,0,1
14.197602901025675,38.213,velocity_sine,1,2,103.8603515625,103.96157836914062,0.6539496183395386,0.05047766491770744,1,1
14.197602901025675,38.213,velocity_sine,1,1,-9.96585851897543,-130.2020263671875,0.04371320828795433,-0.41707533597946167,2,1
14.197602901025675,38.213,velocity_sine,0,4,,0.0,-0.0,0.006000000052154064,0,1
14.197602901025675,38.213,velocity_sine,0,1,,0.0,0.0,-0.008999999612569809,0,1
14.20775046403287,38.223,velocity_sine,1,2,103.8603515625,103.93960571289062,-12.040584564208984,-0.0050685834139585495,1,1
14.20775046403287,38.223,velocity_sine,1,1,-9.96585851897543,-130.2020263671875,0.04371320828795433,-0.4342811703681946,2,1
14.20775046403287,38.223,velocity_sine,0,4,,0.0,-0.0,-0.017999999225139618,0,1
14.20775046403287,38.223,velocity_sine,0,1,,0.0,0.0,-0.008999999612569809,0,1
14.217630763014313,38.233,velocity_sine,1,2,103.8603515625,103.93960571289062,-6.039416790008545,-0.07685518264770508,1,1
14.217630763014313,38.233,velocity_sine,1,1,-9.931896019536968,-130.2239990234375,0.04371320828795433,-0.4424726068973541,2,1
14.217630763014313,38.233,velocity_sine,0,4,,0.0,-0.0,0.006000000052154064,0,1
14.217630763014313,38.233,velocity_sine,0,1,,0.0,0.0,-0.008999999612569809,0,1
14.227835905039683,38.243,velocity_sine,1,2,103.8603515625,103.93960571289062,-2.808136463165283,0.025416076183319092,1,1
14.227835905039683,38.243,velocity_sine,1,1,-9.880423024576004,-130.2239990234375,0.04371320828795433,-0.45569267868995667,2,1
14.227835905039683,38.243,velocity_sine,0,4,,0.0,-0.0,0.006000000052154064,0,1
14.227835905039683,38.243,velocity_sine,0,1,,0.0,0.0,-0.008999999612569809,0,1
14.237520565045998,38.253,velocity_sine,1,2,103.8603515625,103.93960571289062,4.500711917877197,-0.1208159551024437,1,1
14.237520565045998,38.253,velocity_sine,1,1,-9.82541102836988,-130.2239990234375,0.04371320828795433,-0.4656933844089508,2,1
14.237520565045998,38.253,velocity_sine,0,4,,0.0,-0.0,0.03200000151991844,0,1
14.237520565045998,38.253,velocity_sine,0,1,,0.0,0.0,-0.008999999612569809,0,1
14.248311862989794,38.263,velocity_sine,1,2,103.8603515625,103.85745239257812,-15.450021743774414,0.10163263976573944,1,1
14.248311862989794,38.263,velocity_sine,1,1,-9.748509866871812,-130.2459716796875,-4.764739513397217,-0.4738873839378357,2,1
14.248311862989794,38.263,velocity_sine,0,4,,0.0,-0.0,0.03200000151991844,0,1
14.248311862989794,38.263,velocity_sine,0,1,,0.0,0.0,-0.008999999612569809,0,1
14.257520464016125,38.273,velocity_sine,1,2,103.8603515625,103.85745239257812,-3.4097061157226562,-0.007449427619576454,1,1
14.257520464016125,38.273,velocity_sine,1,1,-9.667089347412723,-130.2459716796875,-1.1802566051483154,-0.48613202571868896,2,1
14.257520464016125,38.273,velocity_sine,0,4,,0.0,-0.0,0.03200000151991844,0,1
14.257520464016125,38.273,velocity_sine,0,1,,0.0,0.0,-0.008999999612569809,0,1
14.26840647100471,38.283,velocity_sine,1,2,103.8603515625,103.87164306640625,13.203682899475098,-0.10051015019416809,1,1
14.26840647100471,38.283,velocity_sine,1,1,-9.566708721407531,-130.26806640625,0.04371320828795433,-0.49478450417518616,2,1
14.26840647100471,38.283,velocity_sine,0,4,,0.0,-0.0,-0.017999999225139618,0,1
14.26840647100471,38.283,velocity_sine,0,1,,0.0,0.0,-0.0020000000949949026,0,1
14.277611655998044,38.293,velocity_sine,1,2,103.8603515625,103.93960571289062,-6.808769226074219,-0.05915502831339836,1,1
14.277611655998044,38.293,velocity_sine,1,1,-9.464337931751501,-130.26806640625,0.04371320828795433,-0.5059972405433655,2,1
14.277611655998044,38.293,velocity_sine,0,4,,0.0,-0.0,-0.017999999225139618,0,1
14.277611655998044,38.293,velocity_sine,0,1,,0.0,0.0,-0.008999999612569809,0,1
14.287708954012487,38.303,velocity_sine,1,2,103.8603515625,103.86318969726562,-9.81198501586914,0.08946073055267334,1,1
14.287708954012487,38.303,velocity_sine,1,1,-9.343795513538648,-130.26806640625,-4.852166175842285,-0.5201080441474915,2,1
14.287708954012487,38.303,velocity_sine,0,4,,0.0,-0.0,-0.017999999225139618,0,1
14.287708954012487,38.303,velocity_sine,0,1,,0.0,0.0,-0.01600000075995922,0,1
14.29737331502838,38.313,velocity_sine,1,2,103.8603515625,103.96157836914062,2.192654609680176,0.09086916595697403,1,1
14.29737331502838,38.313,velocity_sine,1,1,-9.223531486711996,-130.2900390625,0.04371320828795433,-0.5338031649589539,2,1
14.29737331502838,38.313,velocity_sine,0,4,,0.0,-0.0,0.006000000052154064,0,1
14.29737331502838,38.313,velocity_sine,0,1,,0.0,0.0,-0.008999999612569809,0,1
14.307890135038178,38.323,velocity_sine,1,2,103.8603515625,103.96157836914062,7.039793491363525,-0.014748063869774342,1,1
14.307890135038178,38.323,velocity_sine,1,1,-9.223531486711996,-130.2900390625,0.04371320828795433,-0.5452352166175842,2,1
14.307890135038178,38.323,velocity_sine,0,4,,0.0,-0.0,-0.017999999225139618,0,1
14.307890135038178,38.323,velocity_sine,0,1,,0.0,0.0,-0.008999999612569809,0,1
14.317532866029069,38.333,velocity_sine,1,2,103.8603515625,103.96157836914062,2.0387840270996094,-0.0067673008888959885,1,1
14.317532866029069,38.333,velocity_sine,1,1,-9.083225560557796,-130.31201171875,0.04371320828795433,-0.549969494342804,2,1
14.317532866029069,38.333,velocity_sine,0,4,,0.0,-0.0,0.006000000052154064,0,1
14.317532866029069,38.333,velocity_sine,0,1,,0.0,0.0,-0.0020000000949949026,0,1
14.327803792024497,38.343,velocity_sine,1,2,103.8603515625,103.93960571289062,4.269906044006348,0.16117745637893677,1,1
14.327803792024497,38.343,velocity_sine,1,1,-8.922608616656097,-130.31201171875,0.04371320828795433,-0.564710259437561,2,1
14.327803792024497,38.343,velocity_sine,0,4,,0.0,-0.0,-0.017999999225139618,0,1
14.327803792024497,38.343,velocity_sine,0,1,,0.0,0.0,0.05700000002980232,0,1
14.337365279032383,38.353,velocity_sine,1,2,103.8603515625,103.93960571289062,-4.962323188781738,-0.04617428034543991,1,1
14.337365279032383,38.353,velocity_sine,1,1,-8.770372916009956,-130.33392333984375,-4.240180969238281,-0.5788231492042542,2,1
14.337365279032383,38.353,velocity_sine,0,4,,0.0,-0.0,0.054999999701976776,0,1
14.337365279032383,38.353,velocity_sine,0,1,,0.0,0.0,0.05700000002980232,0,1
14.34764598403126,38.363,velocity_sine,1,2,103.8603515625,103.93960571289062,8.655433654785156,-0.06563086062669754,1,1
14.34764598403126,38.363,velocity_sine,1,1,-8.589845580525088,-130.33392333984375,0.04371320828795433,-0.5828593373298645,2,1
14.34764598403126,38.363,velocity_sine,0,4,,0.0,-0.0,0.006000000052154064,0,1
14.34764598403126,38.363,velocity_sine,0,1,,0.0,0.0,0.05700000002980232,0,1
14.35758542403346,38.373,velocity_sine,1,2,103.8603515625,103.865966796875,-3.0109970569610596,0.008482673205435276,1,1
14.35758542403346,38.373,velocity_sine,1,1,-8.416564007284169,-130.35589599609375,-4.240180969238281,-0.5908073782920837,2,1
14.35758542403346,38.373,velocity_sine,0,4,,0.0,-0.0,-0.017999999225139618,0,1
14.35758542403346,38.373,velocity_sine,0,1,,0.0,0.0,-0.0020000000949949026,0,1
14.36791708500823,38.383,velocity_sine,1,2,103.8603515625,103.85467529296875,-10.406100273132324,0.05402024835348129,1,1
14.36791708500823,38.383,velocity_sine,1,1,-8.242056380480685,-130.35589599609375,0.04371320828795433,-0.5979859232902527,2,1
14.36791708500823,38.383,velocity_sine,0,4,,0.0,-0.0,-0.017999999225139618,0,1
14.36791708500823,38.383,velocity_sine,0,1,,0.0,0.0,-0.0020000000949949026,0,1
14.377458403992932,38.393,velocity_sine,1,2,103.8603515625,103.93960571289062,-9.732308387756348,0.040108904242515564,1,1
14.377458403992932,38.393,velocity_sine,1,1,-8.057777405193503,-130.35589599609375,0.04371320828795433,-0.6044501066207886,2,1
14.377458403992932,38.393,velocity_sine,0,4,,0.0,-0.0,0.03200000151991844,0,1
14.377458403992932,38.393,velocity_sine,0,1,,0.0,0.0,-0.008999999612569809,0,1
14.388352857029531,38.404,velocity_sine,1,2,103.8603515625,103.84896850585938,7.07512092590332,-0.05277528241276741,1,1
14.388352857029531,38.404,velocity_sine,1,1,-7.831601367247869,-130.37786865234375,0.04371320828795433,-0.6102737188339233,2,1
14.388352857029531,38.404,velocity_sine,0,4,,0.0,-0.0,-0.017999999225139618,0,1
14.388352857029531,38.404,velocity_sine,0,1,,0.0,0.0,0.05700000002980232,0,1
14.39763393503381,38.413,velocity_sine,1,2,103.8603515625,103.93960571289062,0.8078200817108154,-0.058676861226558685,1,1
14.39763393503381,38.413,velocity_sine,1,1,-7.614646588671317,-130.37786865234375,0.04371320828795433,-0.6230968832969666,2,1
14.39763393503381,38.413,velocity_sine,0,4,,0.0,-0.0,-0.017999999225139618,0,1
14.39763393503381,38.413,velocity_sine,0,1,,0.0,0.0,-0.07699999958276749,0,1
14.40779011399718,38.423,velocity_sine,1,2,103.8603515625,103.84613037109375,-2.4770679473876953,0.00414619967341423,1,1
14.40779011399718,38.423,velocity_sine,1,1,-7.376371878609716,-130.39984130859375,0.04371320828795433,-0.6272922158241272,2,1
14.40779011399718,38.423,velocity_sine,0,4,,0.0,-0.0,-0.017999999225139618,0,1
14.40779011399718,38.423,velocity_sine,0,1,,0.0,0.0,0.05000000074505806,0,1
14.41770028002793,38.433,velocity_sine,1,2,103.8603515625,103.93960571289062,-6.193287372589111,-0.10567962378263474,1,1
14.41770028002793,38.433,velocity_sine,1,1,-7.149295267742933,-130.39984130859375,0.04371320828795433,-0.6298447251319885,2,1
14.41770028002793,38.433,velocity_sine,0,4,,0.0,-0.0,0.054999999701976776,0,1
14.41770028002793,38.433,velocity_sine,0,1,,0.0,0.0,-0.008999999612569809,0,1
14.427704531990457,38.443,velocity_sine,1,2,103.8603515625,103.93960571289062,0.19233810901641846,0.05404982343316078,1,1
14.427704531990457,38.443,velocity_sine,1,1,-7.149295267742933,-130.42181396484375,-4.764739513397217,-0.6395262479782104,2,1
14.427704531990457,38.443,velocity_sine,0,4,,0.0,-0.0,0.03200000151991844,0,1
14.427704531990457,38.443,velocity_sine,0,1,,0.0,0.0,-0.008999999612569809,0,1
14.437516252044588,38.453,velocity_sine,1,2,103.8603515625,103.93960571289062,-7.655056953430176,0.02032277174293995,1,1
14.437516252044588,38.453,velocity_sine,1,1,-6.911279503296454,-130.44378662109375,0.04371320828795433,-0.6436865329742432,2,1
14.437516252044588,38.453,velocity_sine,0,4,,0.0,-0.0,-0.017999999225139618,0,1
14.437516252044588,38.453,velocity_sine,0,1,,0.0,0.0,-0.008999999612569809,0,1
14.44761329999892,38.463,velocity_sine,1,2,103.8603515625,103.93960571289062,-0.730884850025177,-0.016059543937444687,1,1
14.44761329999892,38.463,velocity_sine,1,1,-6.633117300540342,-130.44378662109375,0.04371320828795433,-0.6528838872909546,2,1
14.44761329999892,38.463,velocity_sine,0,4,,0.0,-0.0,-0.017999999225139618,0,1
14.44761329999892,38.463,velocity_sine,0,1,,0.0,0.0,-0.008999999612569809,0,1
14.457582466013264,38.473,velocity_sine,1,2,103.8603515625,103.96157836914062,4.80845308303833,0.18759527802467346,1,1
14.457582466013264,38.473,velocity_sine,1,1,-6.39141505553148,-130.46575927734375,0.04371320828795433,-0.6538906693458557,2,1
14.457582466013264,38.473,velocity_sine,0,4,,0.0,-0.0,-0.017999999225139618,0,1
14.457582466013264,38.473,velocity_sine,0,1,,0.0,0.0,0.05700000002980232,0,1
14.46763498999644,38.483,velocity_sine,1,2,103.8603515625,103.96157836914062,-2.1157193183898926,0.2089671790599823,1,1
14.46763498999644,38.483,velocity_sine,1,1,-6.143509020787064,-130.48773193359375,-4.764739513397217,-0.6595152020454407,2,1
14.46763498999644,38.483,velocity_sine,0,4,,0.0,-0.0,-0.017999999225139618,0,1
14.46763498999644,38.483,velocity_sine,0,1,,0.0,0.0,-0.0020000000949949026,0,1
14.477383901015855,38.493,velocity_sine,1,2,103.8603515625,103.84051513671875,-7.349373817443848,0.28699642419815063,1,1
14.477383901015855,38.493,velocity_sine,1,1,-5.840241455526819,-130.48773193359375,0.04371320828795433,-0.6600311398506165,2,1
14.477383901015855,38.493,velocity_sine,0,4,,0.0,-0.0,-0.017999999225139618,0,1
14.477383901015855,38.493,velocity_sine,0,1,,0.0,0.0,-0.0020000000949949026,0,1
14.488132729020435,38.503,velocity_sine,1,2,103.8603515625,103.84613037109375,-4.232372283935547,0.11505898833274841,1,1
14.488132729020435,38.503,velocity_sine,1,1,-5.529102364132785,-130.50970458984375,-0.21856604516506195,-0.6591858267784119,2,1
14.488132729020435,38.503,velocity_sine,0,4,,0.0,-0.0,0.006000000052154064,0,1
14.488132729020435,38.503,velocity_sine,0,1,,0.0,0.0,0.05700000002980232,0,1
14.497902449045796,38.513,velocity_sine,1,2,103.8603515625,103.93960571289062,-0.19233810901641846,0.1554030478000641,1,1
14.497902449045796,38.513,velocity_sine,1,1,-5.2395671686931795,-130.5316162109375,-2.404226541519165,-0.661525309085846,2,1
14.497902449045796,38.513,velocity_sine,0,4,,0.0,-0.0,0.03200000151991844,0,1
14.497902449045796,38.513,velocity_sine,0,1,,0.0,0.0,-0.008999999612569809,0,1
14.507781385036651,38.523,velocity_sine,1,2,103.8603515625,103.8603515625,2.216385841369629,0.1756630390882492,1,1
14.507781385036651,38.523,velocity_sine,1,1,-4.923227954054894,-130.5316162109375,-4.240180969238281,-0.6614959836006165,2,1
14.507781385036651,38.523,velocity_sine,0,4,,0.0,-0.0,0.03200000151991844,0,1
14.507781385036651,38.523,velocity_sine,0,1,,0.0,0.0,-0.008999999612569809,0,1
14.517623332038056,38.533,velocity_sine,1,2,103.8603515625,103.93960571289062,-5.346999645233154,-0.07499711960554123,1,1
14.517623332038056,38.533,velocity_sine,1,1,-4.639852571457585,-130.5535888671875,-4.764739513397217,-0.6577531099319458,2,1
14.517623332038056,38.533,velocity_sine,0,4,,0.0,-0.0,-0.017999999225139618,0,1
14.517623332038056,38.533,velocity_sine,0,1,,0.0,0.0,-0.008999999612569809,0,1
14.527697446988896,38.543,velocity_sine,1,2,103.8603515625,103.93960571289062,2.26958966255188,0.07914891839027405,1,1
14.527697446988896,38.543,velocity_sine,1,1,-4.639852571457585,-130.5755615234375,0.04371320828795433,-0.6529058814048767,2,1
14.527697446988896,38.543,velocity_sine,0,4,,0.0,-0.0,0.054999999701976776,0,1
14.527697446988896,38.543,velocity_sine,0,1,,0.0,0.0,-0.008999999612569809,0,1
14.537620737042744,38.553,velocity_sine,1,2,103.8603515625,103.93960571289062,-0.4231438636779785,0.05566643550992012,1,1
14.537620737042744,38.553,velocity_sine,1,1,-4.339883991877231,-130.5975341796875,-4.502460479736328,-0.6498555541038513,2,1
14.537620737042744,38.553,velocity_sine,0,4,,0.0,-0.0,0.03200000151991844,0,1
14.537620737042744,38.553,velocity_sine,0,1,,0.0,0.0,0.05000000074505806,0,1
14.548256832000334,38.563,velocity_sine,1,2,103.8603515625,103.96157836914062,2.1157193183898926,0.32534059882164,1,1
14.548256832000334,38.563,velocity_sine,1,1,-3.9915073107456926,-130.61962890625,-0.04371320828795433,-0.6517022252082825,2,1
14.548256832000334,38.563,velocity_sine,0,4,,0.0,-0.0,0.03200000151991844,0,1
14.548256832000334,38.563,velocity_sine,0,1,,0.0,0.0,0.05700000002980232,0,1
14.557478508038912,38.573,velocity_sine,1,2,103.8603515625,103.93960571289062,-3.7313594818115234,0.12789490818977356,1,1
14.557478508038912,38.573,velocity_sine,1,1,-3.676798236839487,-130.61962890625,-4.502460479736328,-0.646728515625,2,1
14.557478508038912,38.573,velocity_sine,0,4,,0.0,-0.0,-0.017999999225139618,0,1
14.557478508038912,38.573,velocity_sine,0,1,,0.0,0.0,0.05700000002980232,0,1
14.567755455034785,38.583,velocity_sine,1,2,103.8603515625,103.93960571289062,-4.731517791748047,0.023529915139079094,1,1
14.567755455034785,38.583,velocity_sine,1,1,-3.342757036759015,-130.6416015625,-1.1802566051483154,-0.6394621729850769,2,1
14.567755455034785,38.583,velocity_sine,0,4,,0.0,-0.0,-0.017999999225139618,0,1
14.567755455034785,38.583,velocity_sine,0,1,,0.0,0.0,-0.008999999612569809,0,1
14.577944696997292,38.593,velocity_sine,1,2,103.8603515625,103.82913208007812,-5.163209438323975,0.08478207141160965,1,1
14.577944696997292,38.593,velocity_sine,1,1,-2.98174068139966,-130.66357421875,-4.764739513397217,-0.6362988352775574,2,1
14.577944696997292,38.593,velocity_sine,0,4,,0.0,-0.0,-0.017999999225139618,0,1
14.577944696997292,38.593,velocity_sine,0,1,,0.0,0.0,-0.008999999612569809,0,1
14.58795633399859,38.603,velocity_sine,1,2,103.8603515625,103.84051513671875,1.6748242378234863,-0.024761730805039406,1,1
14.58795633399859,38.603,velocity_sine,1,1,-2.6656801399031664,-130.68548583984375,0.04371320828795433,-0.6256312131881714,2,1
14.58795633399859,38.603,velocity_sine,0,4,,0.0,-0.0,-0.017999999225139618,0,1
14.58795633399859,38.603,velocity_sine,0,1,,0.0,0.0,-0.008999999612569809,0,1
14.597378798993304,38.613,velocity_sine,1,2,103.8603515625,103.93960571289062,7.963016510009766,0.093358114361763,1,1
14.597378798993304,38.613,velocity_sine,1,1,-2.2963060799096366,-130.70745849609375,-0.1311396211385727,-0.6230508685112,2,1
14.597378798993304,38.613,velocity_sine,0,4,,0.0,-0.0,-0.017999999225139618,0,1
14.597378798993304,38.613,velocity_sine,0,1,,0.0,0.0,-0.008999999612569809,0,1
14.607807032007258,38.623,velocity_sine,1,2,103.8603515625,103.93960571289062,-4.039100646972656,0.19884249567985535,1,1
14.607807032007258,38.623,velocity_sine,1,1,-2.2963060799096366,-130.72943115234375,-4.764739513397217,-0.6128684878349304,2,1
14.607807032007258,38.623,velocity_sine,0,4,,0.0,-0.0,-0.017999999225139618,0,1
14.607807032007258,38.623,velocity_sine,0,1,,0.0,0.0,-0.008999999612569809,0,1
14.61746622301871,38.633,velocity_sine,1,2,103.8603515625,103.96157836914062,5.962700366973877,0.018024839460849762,1,1
14.61746622301871,38.633,velocity_sine,1,1,-1.9586158848075443,-130.75140380859375,-4.852166175842285,-0.6114524602890015,2,1
14.61746622301871,38.633,velocity_sine,0,4,,0.0,-0.0,-0.017999999225139618,0,1
14.61746622301871,38.633,velocity_sine,0,1,,0.0,0.0,-0.008999999612569809,0,1
14.62788540899055,38.643,velocity_sine,1,2,103.8603515625,103.93960571289062,-6.347157955169678,-0.05440426617860794,1,1
14.62788540899055,38.643,velocity_sine,1,1,-1.593499880014588,-130.77337646484375,-0.21856604516506195,-0.6017609238624573,2,1
14.62788540899055,38.643,velocity_sine,0,4,,0.0,-0.0,-0.017999999225139618,0,1
14.62788540899055,38.643,velocity_sine,0,1,,0.0,0.0,-0.008999999612569809,0,1
14.63740816299105,38.653,velocity_sine,1,2,103.8603515625,103.96157836914062,4.80845308303833,0.16435402631759644,1,1
14.63740816299105,38.653,velocity_sine,1,1,-1.2645714373448258,-130.79534912109375,-4.502460479736328,-0.5910768508911133,2,1
14.63740816299105,38.653,velocity_sine,0,4,,0.0,-0.0,0.006000000052154064,0,1
14.63740816299105,38.653,velocity_sine,0,1,,0.0,0.0,-0.008999999612569809,0,1
14.647372781008016,38.663,velocity_sine,1,2,103.8603515625,103.96157836914062,1.5771725177764893,0.23577482998371124,1,1
14.647372781008016,38.663,velocity_sine,1,1,-0.9040346923248381,-130.79534912109375,0.04371320828795433,-0.5886772274971008,2,1
14.647372781008016,38.663,velocity_sine,0,4,,0.0,-0.0,-0.2240000069141388,0,1
14.647372781008016,38.663,velocity_sine,0,1,,0.0,0.0,-0.008999999612569809,0,1
14.657479898014572,38.673,velocity_sine,1,2,103.8603515625,103.96157836914062,-4.885388374328613,0.1817619949579239,1,1
14.657479898014572,38.673,velocity_sine,1,1,-0.5880142899498216,-130.81732177734375,-1.1802566051483154,-0.5858680605888367,2,1
14.657479898014572,38.673,velocity_sine,0,4,,0.0,-0.0,0.006000000052154064,0,1
14.657479898014572,38.673,velocity_sine,0,1,,0.0,0.0,0.06400000303983688,0,1
14.668117095017806,38.683,velocity_sine,1,2,103.8603515625,103.93960571289062,-2.4234602451324463,0.15382234752178192,1,1
14.668117095017806,38.683,velocity_sine,1,1,-0.2662373017481496,-130.83929443359375,-4.764739513397217,-0.5801944136619568,2,1
14.668117095017806,38.683,velocity_sine,0,4,,0.0,-0.0,-0.0430000014603138,0,1
14.668117095017806,38.683,velocity_sine,0,1,,0.0,0.0,-0.008999999612569809,0,1
14.677657433028799,38.693,velocity_zero,1,2,103.8603515625,103.8603515625,0.6156159043312073,0.03720187395811081,1,1
14.677657433028799,38.693,velocity_zero,1,1,0.0,-130.83929443359375,-0.5682716965675354,-0.5782452821731567,2,1
14.677657433028799,38.693,velocity_zero,0,4,,0.0,-0.0,-0.017999999225139618,0,1
14.677657433028799,38.693,velocity_zero,0,1,,0.0,0.0,-0.01600000075995922,0,1
14.68772386299679,38.703,velocity_zero,1,2,103.8603515625,103.85467529296875,-10.832369804382324,-0.010820865631103516,1,1
14.68772386299679,38.703,velocity_zero,1,1,0.0,-130.86126708984375,0.04371320828795433,-0.5811970829963684,2,1
14.68772386299679,38.703,velocity_zero,0,4,,0.0,-0.0,-0.017999999225139618,0,1
14.68772386299679,38.703,velocity_zero,0,1,,0.0,0.0,-0.008999999612569809,0,1
14.697255534003489,38.713,velocity_zero,1,2,103.8603515625,103.91763305664062,-5.346999645233154,-0.020365962758660316,1,1
14.697255534003489,38.713,velocity_zero,1,1,0.0,-130.86126708984375,0.04371320828795433,-0.5787959694862366,2,1
14.697255534003489,38.713,velocity_zero,0,4,,0.0,-0.0,-0.017999999225139618,0,1
14.697255534003489,38.713,velocity_zero,0,1,,0.0,0.0,0.05700000002980232,0,1
14.707702421990689,38.723,velocity_zero,1,2,103.8603515625,103.91763305664062,-0.19233810901641846,-0.017707359045743942,1,1
14.707702421990689,38.723,velocity_zero,1,1,0.0,-130.8831787109375,0.04371320828795433,-0.5825672745704651,2,1
14.707702421990689,38.723,velocity_zero,0,4,,0.0,-0.0,0.054999999701976776,0,1
14.707702421990689,38.723,velocity_zero,0,1,,0.0,0.0,-0.01600000075995922,0,1
14.717376361018978,38.733,velocity_zero,1,2,103.8603515625,103.89566040039062,-9.424568176269531,-0.016857348382472992,1,1
14.717376361018978,38.733,velocity_zero,1,1,0.0,-130.8831787109375,0.04371320828795433,-0.5877833962440491,2,1
14.717376361018978,38.733,velocity_zero,0,4,,0.0,-0.0,0.006000000052154064,0,1
14.717376361018978,38.733,velocity_zero,0,1,,0.0,0.0,-0.008999999612569809,0,1
14.727890515991021,38.743,velocity_zero,1,2,103.8603515625,103.91763305664062,-0.730884850025177,-0.19895637035369873,1,1
14.727890515991021,38.743,velocity_zero,1,1,0.0,-130.8831787109375,0.04371320828795433,-0.5911898016929626,2,1
14.727890515991021,38.743,velocity_zero,0,4,,0.0,-0.0,-0.017999999225139618,0,1
14.727890515991021,38.743,velocity_zero,0,1,,0.0,0.0,0.05700000002980232,0,1
14.737391930015292,38.753,velocity_zero,1,2,103.8603515625,103.91763305664062,-5.654740810394287,-0.035246383398771286,1,1
14.737391930015292,38.753,velocity_zero,1,1,0.0,-130.9051513671875,-4.240180969238281,-0.593619167804718,2,1
14.737391930015292,38.753,velocity_zero,0,4,,0.0,-0.0,0.03200000151991844,0,1
14.737391930015292,38.753,velocity_zero,0,1,,0.0,0.0,-0.008999999612569809,0,1
14.747815323993564,38.763,velocity_zero,1,2,103.8603515625,103.93960571289062,0.8078200817108154,0.09546433389186859,1,1
14.747815323993564,38.763,velocity_zero,1,1,0.0,-130.9051513671875,0.04371320828795433,-0.6012706756591797,2,1
14.747815323993564,38.763,velocity_zero,0,4,,0.0,-0.0,0.03200000151991844,0,1
14.747815323993564,38.763,velocity_zero,0,1,,0.0,0.0,-0.008999999612569809,0,1
14.757232699019369,38.773,velocity_zero,1,2,103.8603515625,103.851806640625,-2.7299234867095947,0.1207885593175888,1,1
14.757232699019369,38.773,velocity_zero,1,1,0.0,-130.9051513671875,0.04371320828795433,-0.6043352484703064,2,1
14.757232699019369,38.773,velocity_zero,0,4,,0.0,-0.0,0.03200000151991844,0,1
14.757232699019369,38.773,velocity_zero,0,1,,0.0,0.0,-0.008999999612569809,0,1
14.76807174802525,38.783,velocity_zero,1,2,103.8603515625,103.85467529296875,-8.843433380126953,0.08545084297657013,1,1
14.76807174802525,38.783,velocity_zero,1,1,0.0,-130.9051513671875,0.04371320828795433,-0.6176809668540955,2,1
14.76807174802525,38.783,velocity_zero,0,4,,0.0,-0.0,0.03200000151991844,0,1
14.76807174802525,38.783,velocity_zero,0,1,,0.0,0.0,-0.0020000000949949026,0,1
14.777873698039912,38.793,velocity_zero,1,2,103.8603515625,103.91763305664062,-5.4239349365234375,0.03740524873137474,1,1
14.777873698039912,38.793,velocity_zero,1,1,0.0,-130.9051513671875,0.04371320828795433,-0.6202870011329651,2,1
14.777873698039912,38.793,velocity_zero,0,4,,0.0,-0.0,0.006000000052154064,0,1
14.777873698039912,38.793,velocity_zero,0,1,,0.0,0.0,-0.008999999612569809,0,1
14.787612029002048,38.803,velocity_zero,1,2,103.8603515625,103.84896850585938,6.90986442565918,-0.09143802523612976,1,1
14.787612029002048,38.803,velocity_zero,1,1,0.0,-130.9051513671875,0.04371320828795433,-0.6300143003463745,2,1
14.787612029002048,38.803,velocity_zero,0,4,,0.0,-0.0,-0.017999999225139618,0,1
14.787612029002048,38.803,velocity_zero,0,1,,0.0,0.0,-0.008999999612569809,0,1
14.797568342008162,38.813,velocity_zero,1,2,103.8603515625,103.93960571289062,-0.19233810901641846,0.12098149210214615,1,1
14.797568342008162,38.813,velocity_zero,1,1,0.0,-130.9051513671875,0.04371320828795433,-0.6363688707351685,2,1
14.797568342008162,38.813,velocity_zero,0,4,,0.0,-0.0,0.006000000052154064,0,1
14.797568342008162,38.813,velocity_zero,0,1,,0.0,0.0,-0.008999999612569809,0,1
14.807790957042016,38.823,velocity_zero,1,2,103.8603515625,103.93960571289062,2.5773308277130127,0.2669375240802765,1,1
14.807790957042016,38.823,velocity_zero,1,1,0.0,-130.9051513671875,0.04371320828795433,-0.6398139595985413,2,1
14.807790957042016,38.823,velocity_zero,0,4,,0.0,-0.0,-0.017999999225139618,0,1
14.807790957042016,38.823,velocity_zero,0,1,,0.0,0.0,0.05000000074505806,0,1
14.817706322006416,38.833,velocity_zero,1,2,103.8603515625,103.96157836914062,-0.11540286988019943,0.14605388045310974,1,1
14.817706322006416,38.833,velocity_zero,1,1,0.0,-130.9051513671875,0.04371320828795433,-0.644959568977356,2,1
14.817706322006416,38.833,velocity_zero,0,4,,0.0,-0.0,-0.017999999225139618,0,1
14.817706322006416,38.833,velocity_zero,0,1,,0.0,0.0,-0.008999999612569809,0,1
14.827823327039368,38.843,velocity_zero,1,2,103.8603515625,103.96157836914062,1.5002373456954956,0.17934934794902802,1,1
14.827823327039368,38.843,velocity_zero,1,1,0.0,-130.9051513671875,0.04371320828795433,-0.6516696214675903,2,1
14.827823327039368,38.843,velocity_zero,0,4,,0.0,-0.0,0.006000000052154064,0,1
14.827823327039368,38.843,velocity_zero,0,1,,0.0,0.0,-0.0020000000949949026,0,1
14.837402027042117,38.853,velocity_zero,1,2,103.8603515625,103.93960571289062,-6.501028537750244,0.13389509916305542,1,1
14.837402027042117,38.853,velocity_zero,1,1,0.0,-130.9051513671875,0.04371320828795433,-0.6561718583106995,2,1
14.837402027042117,38.853,velocity_zero,0,4,,0.0,-0.0,0.006000000052154064,0,1
14.837402027042117,38.853,velocity_zero,0,1,,0.0,0.0,0.05700000002980232,0,1
14.847810693026986,38.863,velocity_zero,1,2,103.8603515625,103.93960571289062,-3.577488899230957,-0.08363991975784302,1,1
14.847810693026986,38.863,velocity_zero,1,1,0.0,-130.9051513671875,0.04371320828795433,-0.6592194437980652,2,1
14.847810693026986,38.863,velocity_zero,0,4,,0.0,-0.0,-0.017999999225139618,0,1
14.847810693026986,38.863,velocity_zero,0,1,,0.0,0.0,-0.07699999958276749,0,1
14.857647269032896,38.873,velocity_zero,1,2,103.8603515625,103.93960571289062,-1.1924962997436523,0.2100020945072174,1,1
14.857647269032896,38.873,velocity_zero,1,1,0.0,-130.9051513671875,0.04371320828795433,-0.6597421169281006,2,1
14.857647269032896,38.873,velocity_zero,0,4,,0.0,-0.0,-0.017999999225139618,0,1
14.857647269032896,38.873,velocity_zero,0,1,,0.0,0.0,0.06400000303983688,0,1
14.8678762660129,38.883,velocity_zero,1,2,103.8603515625,103.93960571289062,-3.962165117263794,0.2051805704832077,1,1
14.8678762660129,38.883,velocity_zero,1,1,0.0,-130.9051513671875,0.04371320828795433,-0.6622928977012634,2,1
14.8678762660129,38.883,velocity_zero,0,4,,0.0,-0.0,0.03200000151991844,0,1
14.8678762660129,38.883,velocity_zero,0,1,,0.0,0.0,-0.008999999612569809,0,1
14.877967734006234,38.893,velocity_zero,1,2,103.8603515625,103.82345581054688,-1.8463038206100464,0.07079579681158066,1,1
14.877967734006234,38.893,velocity_zero,1,1,0.0,-130.9051513671875,0.04371320828795433,-0.6635475158691406,2,1
14.877967734006234,38.893,velocity_zero,0,4,,0.0,-0.0,-0.017999999225139618,0,1
14.877967734006234,38.893,velocity_zero,0,1,,0.0,0.0,-0.008999999612569809,0,1
14.888006512017455,38.903,velocity_zero,1,2,103.8603515625,103.84051513671875,-5.490790367126465,0.11856709420681,1,1
14.888006512017455,38.903,velocity_zero,1,1,0.0,-130.9051513671875,0.04371320828795433,-0.66573566198349,2,1
14.888006512017455,38.903,velocity_zero,0,4,,0.0,-0.0,-0.017999999225139618,0,1
14.888006512017455,38.903,velocity_zero,0,1,,0.0,0.0,0.05700000002980232,0,1
14.89777082198998,38.913,velocity_zero,1,2,103.8603515625,103.93960571289062,2.1157193183898926,-0.05508416146039963,1,1
14.89777082198998,38.913,velocity_zero,1,1,0.0,-130.9051513671875,0.04371320828795433,-0.6675208210945129,2,1
14.89777082198998,38.913,velocity_zero,0,4,,0.0,-0.0,-0.017999999225139618,0,1
14.89777082198998,38.913,velocity_zero,0,1,,0.0,0.0,-0.008999999612569809,0,1
14.90773790399544,38.923,velocity_zero,1,2,103.8603515625,103.93960571289062,1.5771725177764893,-0.12199858576059341,1,1
14.90773790399544,38.923,velocity_zero,1,1,0.0,-130.9051513671875,0.04371320828795433,-0.6636368036270142,2,1
14.90773790399544,38.923,velocity_zero,0,4,,0.0,-0.0,0.006000000052154064,0,1
14.90773790399544,38.923,velocity_zero,0,1,,0.0,0.0,0.05700000002980232,0,1
14.917363462038338,38.933,velocity_zero,1,2,103.8603515625,103.93960571289062,-10.271074295043945,-0.08761970698833466,1,1
14.917363462038338,38.933,velocity_zero,1,1,0.0,-130.9051513671875,0.04371320828795433,-0.6672462821006775,2,1
14.917363462038338,38.933,velocity_zero,0,4,,0.0,-0.0,0.054999999701976776,0,1
14.917363462038338,38.933,velocity_zero,0,1,,0.0,0.0,-0.008999999612569809,0,1
14.927935086016078,38.943,velocity_zero,1,2,103.8603515625,103.96157836914062,5.885765075683594,0.3183610439300537,1,1
14.927935086016078,38.943,velocity_zero,1,1,0.0,-130.9051513671875,0.04371320828795433,-0.6689010858535767,2,1
14.927935086016078,38.943,velocity_zero,0,4,,0.0,-0.0,0.006000000052154064,0,1
14.927935086016078,38.943,velocity_zero,0,1,,0.0,0.0,-0.01600000075995922,0,1
14.937295923999045,38.953,velocity_zero,1,2,103.8603515625,103.96157836914062,3.3466832637786865,0.20964357256889343,1,1
14.937295923999045,38.953,velocity_zero,1,1,0.0,-130.9051513671875,0.04371320828795433,-0.6648277640342712,2,1
14.937295923999045,38.953,velocity_zero,0,4,,0.0,-0.0,-0.017999999225139618,0,1
14.937295923999045,38.953,velocity_zero,0,1,,0.0,0.0,0.05700000002980232,0,1
14.94794288999401,38.963,velocity_zero,1,2,103.8603515625,103.96157836914062,1.9618487358093262,0.27092868089675903,1,1
14.94794288999401,38.963,velocity_zero,1,1,0.0,-130.9051513671875,0.04371320828795433,-0.6689848303794861,2,1
14.94794288999401,38.963,velocity_zero,0,4,,0.0,-0.0,-0.017999999225139618,0,1
14.94794288999401,38.963,velocity_zero,0,1,,0.0,0.0,-0.008999999612569809,0,1
14.957639813015703,38.973,velocity_zero,1,2,103.8603515625,103.87448120117188,-2.1861207485198975,0.08778475224971771,1,1
14.957639813015703,38.973,velocity_zero,1,1,0.0,-130.9051513671875,0.04371320828795433,-0.6644207239151001,2,1
14.957639813015703,38.973,velocity_zero,0,4,,0.0,-0.0,-0.017999999225139618,0,1
14.957639813015703,38.973,velocity_zero,0,1,,0.0,0.0,-0.008999999612569809,0,1
14.967953881016001,38.983,velocity_zero,1,2,103.8603515625,103.85745239257812,-3.0912065505981445,0.20436054468154907,1,1
14.967953881016001,38.983,velocity_zero,1,1,0.0,-130.9051513671875,0.04371320828795433,-0.6636130213737488,2,1
14.967953881016001,38.983,velocity_zero,0,4,,0.0,-0.0,0.03200000151991844,0,1
14.967953881016001,38.983,velocity_zero,0,1,,0.0,0.0,0.05700000002980232,0,1
14.977944959013257,38.993,velocity_zero,1,2,103.8603515625,103.96157836914062,6.116570472717285,0.09846289455890656,1,1
14.977944959013257,38.993,velocity_zero,1,1,0.0,-130.9051513671875,0.04371320828795433,-0.6661460995674133,2,1
14.977944959013257,38.993,velocity_zero,0,4,,0.0,-0.0,-0.017999999225139618,0,1
14.977944959013257,38.993,velocity_zero,0,1,,0.0,0.0,-0.008999999612569809,0,1
14.987969840003643,39.003,velocity_zero,1,2,103.8603515625,103.85467529296875,-9.19820499420166,0.04619457572698593,1,1
14.987969840003643,39.003,velocity_zero,1,1,0.0,-130.9051513671875,0.04371320828795433,-0.6631931066513062,2,1
14.987969840003643,39.003,velocity_zero,0,4,,0.0,-0.0,-0.017999999225139618,0,1
14.987969840003643,39.003,velocity_zero,0,1,,0.0,0.0,-0.0020000000949949026,0,1
14.99752025702037,39.013,velocity_zero,1,2,103.8603515625,103.93960571289062,2.192654609680176,0.1635509729385376,1,1
14.99752025702037,39.013,velocity_zero,1,1,0.0,-130.9051513671875,0.04371320828795433,-0.6664453744888306,2,1
14.99752025702037,39.013,velocity_zero,0,4,,0.0,-0.0,-0.017999999225139618,0,1
14.99752025702037,39.013,velocity_zero,0,1,,0.0,0.0,-0.008999999612569809,0,1
15.007786192989442,39.023,velocity_zero,1,2,103.8603515625,103.96157836914062,-3.88523006439209,-0.04473119229078293,1,1
15.007786192989442,39.023,velocity_zero,1,1,0.0,-130.9051513671875,0.04371320828795433,-0.658915638923645,2,1
15.007786192989442,39.023,velocity_zero,0,4,,0.0,-0.0,-0.017999999225139618,0,1
15.007786192989442,39.023,velocity_zero,0,1,,0.0,0.0,-0.0020000000949949026,0,1
15.017636676027905,39.033,velocity_zero,1,2,103.8603515625,103.93960571289062,-0.2692733705043793,0.16338859498500824,1,1
15.017636676027905,39.033,velocity_zero,1,1,0.0,-130.9051513671875,0.04371320828795433,-0.6599470376968384,2,1
15.017636676027905,39.033,velocity_zero,0,4,,0.0,-0.0,-0.017999999225139618,0,1
15.017636676027905,39.033,velocity_zero,0,1,,0.0,0.0,0.06400000303983688,0,1
15.027952477044892,39.043,velocity_zero,1,2,103.8603515625,103.96157836914062,8.50156307220459,0.20212635397911072,1,1
15.027952477044892,39.043,velocity_zero,1,1,0.0,-130.9051513671875,0.04371320828795433,-0.6610457301139832,2,1
15.027952477044892,39.043,velocity_zero,0,4,,0.0,-0.0,0.006000000052154064,0,1
15.027952477044892,39.043,velocity_zero,0,1,,0.0,0.0,-0.008999999612569809,0,1
15.037808460008819,39.053,velocity_zero,1,2,103.8603515625,103.93960571289062,-7.578121662139893,0.021146519109606743,1,1
15.037808460008819,39.053,velocity_zero,1,1,0.0,-130.9271240234375,0.04371320828795433,-0.6642542481422424,2,1
15.037808460008819,39.053,velocity_zero,0,4,,0.0,-0.0,-0.017999999225139618,0,1
15.037808460008819,39.053,velocity_zero,0,1,,0.0,0.0,-0.008999999612569809,0,1
15.047568211040925,39.063,velocity_zero,1,2,103.8603515625,103.85467529296875,8.822291374206543,0.1272243708372116,1,1
15.047568211040925,39.063,velocity_zero,1,1,0.0,-130.9271240234375,0.04371320828795433,-0.6615321636199951,2,1
15.047568211040925,39.063,velocity_zero,0,4,,0.0,-0.0,0.03200000151991844,0,1
15.047568211040925,39.063,velocity_zero,0,1,,0.0,0.0,-0.008999999612569809,0,1
15.058537775999866,39.073,velocity_zero,1,2,103.8603515625,103.84613037109375,-2.576090097427368,-0.09099864959716797,1,1
15.058537775999866,39.073,velocity_zero,1,1,0.0,-130.9271240234375,0.04371320828795433,-0.6614683270454407,2,1
15.058537775999866,39.073,velocity_zero,0,4,,0.0,-0.0,0.054999999701976776,0,1
15.058537775999866,39.073,velocity_zero,0,1,,0.0,0.0,-0.008999999612569809,0,1
15.067328158009332,39.083,velocity_zero,1,2,103.8603515625,103.82913208007812,-7.036952972412109,-0.18060198426246643,1,1
15.067328158009332,39.083,velocity_zero,1,1,0.0,-130.9271240234375,0.04371320828795433,-0.6575548648834229,2,1
15.067328158009332,39.083,velocity_zero,0,4,,0.0,-0.0,-0.017999999225139618,0,1
15.067328158009332,39.083,velocity_zero,0,1,,0.0,0.0,-0.07699999958276749,0,1
15.077418542990927,39.093,velocity_zero,1,2,103.8603515625,103.91763305664062,0.3462086021900177,0.12049439549446106,1,1
15.077418542990927,39.093,velocity_zero,1,1,0.0,-130.9271240234375,0.04371320828795433,-0.6545858979225159,2,1
15.077418542990927,39.093,velocity_zero,0,4,,0.0,-0.0,-0.017999999225139618,0,1
15.077418542990927,39.093,velocity_zero,0,1,,0.0,0.0,0.05700000002980232,0,1
15.087619005993474,39.103,velocity_zero,1,2,103.8603515625,103.89566040039062,1.8849135637283325,-0.017535436898469925,1,1
15.087619005993474,39.103,velocity_zero,1,1,0.0,-130.9271240234375,0.04371320828795433,-0.6551828980445862,2,1
15.087619005993474,39.103,velocity_zero,0,4,,0.0,-0.0,0.006000000052154064,0,1
15.087619005993474,39.103,velocity_zero,0,1,,0.0,0.0,-0.008999999612569809,0,1
15.097489056002814,39.113,velocity_zero,1,2,103.8603515625,103.91763305664062,1.5771725177764893,0.05159759894013405,1,1
15.097489056002814,39.113,velocity_zero,1,1,0.0,-130.9271240234375,0.04371320828795433,-0.6549248099327087,2,1
15.097489056002814,39.113,velocity_zero,0,4,,0.0,-0.0,-0.017999999225139618,0,1
15.097489056002814,39.113,velocity_zero,0,1,,0.0,0.0,-0.008999999612569809,0,1
15.107864349032752,39.123,velocity_zero,1,2,103.8603515625,103.93960571289062,0.8847553133964539,-0.010630453005433083,1,1
15.107864349032752,39.123,velocity_zero,1,1,0.0,-130.9271240234375,0.04371320828795433,-0.6533710360527039,2,1
15.107864349032752,39.123,velocity_zero,0,4,,0.0,-0.0,0.006000000052154064,0,1
15.107864349032752,39.123,velocity_zero,0,1,,0.0,0.0,0.05700000002980232,0,1
15.117827344045509,39.133,velocity_zero,1,2,103.8603515625,103.91763305664062,0.19233810901641846,0.0026826965622603893,1,1
15.117827344045509,39.133,velocity_zero,1,1,0.0,-130.9271240234375,0.04371320828795433,-0.6527462005615234,2,1
15.117827344045509,39.133,velocity_zero,0,4,,0.0,-0.0,-0.017999999225139618,0,1
15.117827344045509,39.133,velocity_zero,0,1,,0.0,0.0,-0.008999999612569809,0,1
15.127742587996181,39.143,velocity_zero,1,2,103.8603515625,103.91763305664062,-14.040901184082031,0.1622535139322281,1,1
15.127742587996181,39.143,velocity_zero,1,1,0.0,-130.9271240234375,0.04371320828795433,-0.6552841067314148,2,1
15.127742587996181,39.143,velocity_zero,0,4,,0.0,-0.0,-0.017999999225139618,0,1
15.127742587996181,39.143,velocity_zero,0,1,,0.0,0.0,-0.01600000075995922,0,1
15.137572372041177,39.153,velocity_zero,1,2,103.8603515625,103.91763305664062,1.2694315910339355,0.04228904843330383,1,1
15.137572372041177,39.153,velocity_zero,1,1,0.0,-130.9271240234375,0.04371320828795433,-0.6535932421684265,2,1
15.137572372041177,39.153,velocity_zero,0,4,,0.0,-0.0,-0.017999999225139618,0,1
15.137572372041177,39.153,velocity_zero,0,1,,0.0,0.0,-0.008999999612569809,0,1
15.148042334010825,39.163,velocity_zero,1,2,103.8603515625,103.91763305664062,-1.1924962997436523,-0.013378263451159,1,1
15.148042334010825,39.163,velocity_zero,1,1,0.0,-130.9271240234375,0.04371320828795433,-0.6548172831535339,2,1
15.148042334010825,39.163,velocity_zero,0,4,,0.0,-0.0,-0.017999999225139618,0,1
15.148042334010825,39.163,velocity_zero,0,1,,0.0,0.0,-0.008999999612569809,0,1
15.157384587044362,39.173,velocity_zero,1,2,103.8603515625,103.82913208007812,1.8667559623718262,0.02723090350627899,1,1
15.157384587044362,39.173,velocity_zero,1,1,0.0,-130.9271240234375,0.04371320828795433,-0.6520519256591797,2,1
15.157384587044362,39.173,velocity_zero,0,4,,0.0,-0.0,0.006000000052154064,0,1
15.157384587044362,39.173,velocity_zero,0,1,,0.0,0.0,-0.07699999958276749,0,1
15.167631588003132,39.183,velocity_zero,1,2,103.8603515625,103.84329223632812,7.203516483306885,-0.14893311262130737,1,1
15.167631588003132,39.183,velocity_zero,1,1,0.0,-130.9271240234375,0.04371320828795433,-0.6549253463745117,2,1
15.167631588003132,39.183,velocity_zero,0,4,,0.0,-0.0,0.006000000052154064,0,1
15.167631588003132,39.183,velocity_zero,0,1,,0.0,0.0,-0.0020000000949949026,0,1
15.177807895990554,39.193,velocity_zero,1,2,103.8603515625,103.91763305664062,-2.654266119003296,-0.034355878829956055,1,1
15.177807895990554,39.193,velocity_zero,1,1,0.0,-130.9271240234375,0.04371320828795433,-0.6533649563789368,2,1
15.177807895990554,39.193,velocity_zero,0,4,,0.0,-0.0,0.006000000052154064,0,1
15.177807895990554,39.193,velocity_zero,0,1,,0.0,0.0,-0.0020000000949949026,0,1
15.188125749991741,39.203,velocity_zero,1,2,103.8603515625,103.82623291015625,1.038182258605957,0.07957347482442856,1,1
15.188125749991741,39.203,velocity_zero,1,1,0.0,-130.9271240234375,0.04371320828795433,-0.6545436978340149,2,1
15.188125749991741,39.203,velocity_zero,0,4,,0.0,-0.0,-0.017999999225139618,0,1
15.188125749991741,39.203,velocity_zero,0,1,,0.0,0.0,-0.008999999612569809,0,1
15.197636802040506,39.213,velocity_zero,1,2,103.8603515625,103.93960571289062,10.578814506530762,0.2640056014060974,1,1
15.197636802040506,39.213,velocity_zero,1,1,0.0,-130.9271240234375,0.04371320828795433,-0.6502521634101868,2,1
15.197636802040506,39.213,velocity_zero,0,4,,0.0,-0.0,0.03200000151991844,0,1
15.197636802040506,39.213,velocity_zero,0,1,,0.0,0.0,-0.008999999612569809,0,1
15.207628500997089,39.223,velocity_zero,1,2,103.8603515625,103.865966796875,5.624100208282471,-0.08108951151371002,1,1
15.207628500997089,39.223,velocity_zero,1,1,0.0,-130.9271240234375,0.04371320828795433,-0.649053156375885,2,1
15.207628500997089,39.223,velocity_zero,0,4,,0.0,-0.0,0.03200000151991844,0,1
15.207628500997089,39.223,velocity_zero,0,1,,0.0,0.0,0.05000000074505806,0,1
15.217737091006711,39.233,velocity_zero,1,2,103.8603515625,103.93960571289062,-9.809244155883789,-0.11471615731716156,1,1
15.217737091006711,39.233,velocity_zero,1,1,0.0,-130.9271240234375,0.04371320828795433,-0.6523290276527405,2,1
15.217737091006711,39.233,velocity_zero,0,4,,0.0,-0.0,0.006000000052154064,0,1
15.217737091006711,39.233,velocity_zero,0,1,,0.0,0.0,-0.008999999612569809,0,1
15.227757504035253,39.243,velocity_zero,1,2,103.8603515625,103.91763305664062,-3.577488899230957,0.10391705483198166,1,1
15.227757504035253,39.243,velocity_zero,1,1,0.0,-130.9271240234375,0.04371320828795433,-0.6522917151451111,2,1
15.227757504035253,39.243,velocity_zero,0,4,,0.0,-0.0,-0.017999999225139618,0,1
15.227757504035253,39.243,velocity_zero,0,1,,0.0,0.0,-0.008999999612569809,0,1
15.237289957003668,39.253,velocity_zero,1,2,103.8603515625,103.93960571289062,1.6541078090667725,0.17702774703502655,1,1
15.237289957003668,39.253,velocity_zero,1,1,0.0,-130.9271240234375,0.04371320828795433,-0.6499887704849243,2,1
15.237289957003668,39.253,velocity_zero,0,4,,0.0,-0.0,0.006000000052154064,0,1
15.237289957003668,39.253,velocity_zero,0,1,,0.0,0.0,0.05700000002980232,0,1
15.24769795202883,39.263,velocity_zero,1,2,103.8603515625,103.96157836914062,6.347376346588135,0.060254864394664764,1,1
15.24769795202883,39.263,velocity_zero,1,1,0.0,-130.9271240234375,0.04371320828795433,-0.6536924242973328,2,1
15.24769795202883,39.263,velocity_zero,0,4,,0.0,-0.0,-0.017999999225139618,0,1
15.24769795202883,39.263,velocity_zero,0,1,,0.0,0.0,-0.008999999612569809,0,1
15.257516143028624,39.273,velocity_zero,1,2,103.8603515625,103.91763305664062,-11.578972816467285,0.007977300323545933,1,1
15.257516143028624,39.273,velocity_zero,1,1,0.0,-130.9271240234375,0.04371320828795433,-0.650333046913147,2,1
15.257516143028624,39.273,velocity_zero,0,4,,0.0,-0.0,-0.017999999225139618,0,1
15.257516143028624,39.273,velocity_zero,0,1,,0.0,0.0,-0.008999999612569809,0,1
15.268172587035224,39.283,velocity_zero,1,2,103.8603515625,103.93960571289062,-4.654582500457764,0.018708277493715286,1,1
15.268172587035224,39.283,velocity_zero,1,1,0.0,-130.9271240234375,0.04371320828795433,-0.6505039930343628,2,1
15.268172587035224,39.283,velocity_zero,0,4,,0.0,-0.0,0.006000000052154064,0,1
15.268172587035224,39.283,velocity_zero,0,1,,0.0,0.0,-0.008999999612569809,0,1
15.277507546998095,39.293,velocity_zero,1,2,103.8603515625,103.84329223632812,-2.3542938232421875,0.22678202390670776,1,1
15.277507546998095,39.293,velocity_zero,1,1,0.0,-130.9271240234375,0.04371320828795433,-0.6535575985908508,2,1
15.277507546998095,39.293,velocity_zero,0,4,,0.0,-0.0,-0.017999999225139618,0,1
15.277507546998095,39.293,velocity_zero,0,1,,0.0,0.0,-0.07699999958276749,0,1
15.288196111039724,39.303,velocity_zero,1,2,103.8603515625,103.85467529296875,-5.828386306762695,0.0782991275191307,1,1
15.288196111039724,39.303,velocity_zero,1,1,0.0,-130.9271240234375,0.04371320828795433,-0.6509709358215332,2,1
15.288196111039724,39.303,velocity_zero,0,4,,0.0,-0.0,0.03200000151991844,0,1
15.288196111039724,39.303,velocity_zero,0,1,,0.0,0.0,0.05700000002980232,0,1
15.297704879019875,39.313,velocity_zero,1,2,103.8603515625,103.91763305664062,2.5773308277130127,0.017717955633997917,1,1
15.297704879019875,39.313,velocity_zero,1,1,0.0,-130.9271240234375,0.04371320828795433,-0.6462355256080627,2,1
15.297704879019875,39.313,velocity_zero,0,4,,0.0,-0.0,-0.017999999225139618,0,1
15.297704879019875,39.313,velocity_zero,0,1,,0.0,0.0,-0.008999999612569809,0,1
15.307601779000834,39.323,velocity_zero,1,2,103.8603515625,103.85467529296875,-2.4590415954589844,-0.2141030728816986,1,1
15.307601779000834,39.323,velocity_zero,1,1,0.0,-130.9271240234375,0.04371320828795433,-0.6501550078392029,2,1
15.307601779000834,39.323,velocity_zero,0,4,,0.0,-0.0,0.006000000052154064,0,1
15.307601779000834,39.323,velocity_zero,0,1,,0.0,0.0,-0.008999999612569809,0,1
15.317356340005063,39.333,velocity_zero,1,2,103.8603515625,103.93960571289062,-1.4233020544052124,0.008679410442709923,1,1
15.317356340005063,39.333,velocity_zero,1,1,0.0,-130.9271240234375,0.04371320828795433,-0.648872971534729,2,1
15.317356340005063,39.333,velocity_zero,0,4,,0.0,-0.0,-0.017999999225139618,0,1
15.317356340005063,39.333,velocity_zero,0,1,,0.0,0.0,0.05700000002980232,0,1
15.327805122011341,39.343,velocity_zero,1,2,103.8603515625,103.93960571289062,-3.038942337036133,-0.0920543521642685,1,1
15.327805122011341,39.343,velocity_zero,1,1,0.0,-130.9271240234375,0.04371320828795433,-0.6491146087646484,2,1
15.327805122011341,39.343,velocity_zero,0,4,,0.0,-0.0,-0.017999999225139618,0,1
15.327805122011341,39.343,velocity_zero,0,1,,0.0,0.0,-0.008999999612569809,0,1
15.337595902034082,39.353,velocity_zero,1,2,103.8603515625,103.93960571289062,-9.270697593688965,-0.08722174912691116,1,1
15.337595902034082,39.353,velocity_zero,1,1,0.0,-130.9271240234375,0.04371320828795433,-0.6501129269599915,2,1
15.337595902034082,39.353,velocity_zero,0,4,,0.0,-0.0,-0.017999999225139618,0,1
15.337595902034082,39.353,velocity_zero,0,1,,0.0,0.0,-0.01600000075995922,0,1
15.347801335039549,39.363,velocity_zero,1,2,103.8603515625,103.91763305664062,-2.5003955364227295,-0.15841276943683624,1,1
15.347801335039549,39.363,velocity_zero,1,1,0.0,-130.9271240234375,0.04371320828795433,-0.6481705904006958,2,1
15.347801335039549,39.363,velocity_zero,0,4,,0.0,-0.0,0.03200000151991844,0,1
15.347801335039549,39.363,velocity_zero,0,1,,0.0,0.0,-0.008999999612569809,0,1
15.357293841021601,39.373,velocity_zero,1,2,103.8603515625,103.91763305664062,1.9618487358093262,-0.13155607879161835,1,1
15.357293841021601,39.373,velocity_zero,1,1,0.0,-130.9271240234375,0.04371320828795433,-0.6508936285972595,2,1
15.357293841021601,39.373,velocity_zero,0,4,,0.0,-0.0,-0.017999999225139618,0,1
15.357293841021601,39.373,velocity_zero,0,1,,0.0,0.0,-0.008999999612569809,0,1
15.367915860028006,39.383,velocity_zero,1,2,103.8603515625,103.96157836914062,3.88523006439209,-0.02159380167722702,1,1
15.367915860028006,39.383,velocity_zero,1,1,0.0,-130.9271240234375,0.04371320828795433,-0.6547520756721497,2,1
15.367915860028006,39.383,velocity_zero,0,4,,0.0,-0.0,-0.017999999225139618,0,1
15.367915860028006,39.383,velocity_zero,0,1,,0.0,0.0,-0.008999999612569809,0,1
15.377675500989426,39.393,velocity_zero,1,2,103.8603515625,103.93960571289062,5.962700366973877,0.2460702508687973,1,1
15.377675500989426,39.393,velocity_zero,1,1,0.0,-130.9271240234375,0.04371320828795433,-0.6504544019699097,2,1
15.377675500989426,39.393,velocity_zero,0,4,,0.0,-0.0,0.006000000052154064,0,1
15.377675500989426,39.393,velocity_zero,0,1,,0.0,0.0,0.24699999392032623,0,1
15.38824428000953,39.403,velocity_zero,1,2,103.8603515625,103.84329223632812,-15.828804016113281,0.16589751839637756,1,1
15.38824428000953,39.403,velocity_zero,1,1,0.0,-130.9271240234375,0.04371320828795433,-0.6504013538360596,2,1
15.38824428000953,39.403,velocity_zero,0,4,,0.0,-0.0,-0.017999999225139618,0,1
15.38824428000953,39.403,velocity_zero,0,1,,0.0,0.0,-0.008999999612569809,0,1
15.397993360995315,39.413,velocity_zero,1,2,103.8603515625,103.93960571289062,-1.6541078090667725,-0.028013337403535843,1,1
15.397993360995315,39.413,velocity_zero,1,1,0.0,-130.9271240234375,0.04371320828795433,-0.6543378233909607,2,1
15.397993360995315,39.413,velocity_zero,0,4,,0.0,-0.0,-0.017999999225139618,0,1
15.397993360995315,39.413,velocity_zero,0,1,,0.0,0.0,-0.008999999612569809,0,1
15.407731481012888,39.423,velocity_zero,1,2,103.8603515625,103.84329223632812,-0.8075030446052551,0.03971070796251297,1,1
15.407731481012888,39.423,velocity_zero,1,1,0.0,-130.9271240234375,0.04371320828795433,-0.6488391160964966,2,1
15.407731481012888,39.423,velocity_zero,0,4,,0.0,-0.0,-0.017999999225139618,0,1
15.407731481012888,39.423,velocity_zero,0,1,,0.0,0.0,-0.0020000000949949026,0,1
15.417444524995517,39.433,velocity_zero,1,2,103.8603515625,103.91763305664062,-4.039100646972656,0.08469165861606598,1,1
15.417444524995517,39.433,velocity_zero,1,1,0.0,-130.9271240234375,0.04371320828795433,-0.6483445167541504,2,1
15.417444524995517,39.433,velocity_zero,0,4,,0.0,-0.0,-0.017999999225139618,0,1
15.417444524995517,39.433,velocity_zero,0,1,,0.0,0.0,0.05700000002980232,0,1
15.42772686202079,39.443,velocity_zero,1,2,103.8603515625,103.93960571289062,12.502196311950684,0.1554417908191681,1,1
15.42772686202079,39.443,velocity_zero,1,1,0.0,-130.9271240234375,0.04371320828795433,-0.6526663303375244,2,1
15.42772686202079,39.443,velocity_zero,0,4,,0.0,-0.0,-0.017999999225139618,0,1
15.42772686202079,39.443,velocity_zero,0,1,,0.0,0.0,-0.008999999612569809,0,1
15.437370865023695,39.453,velocity_zero,1,2,103.8603515625,103.91763305664062,3.19281268119812,-0.032398417592048645,1,1
15.437370865023695,39.453,velocity_zero,1,1,0.0,-130.9271240234375,0.04371320828795433,-0.6494511961936951,2,1
15.437370865023695,39.453,velocity_zero,0,4,,0.0,-0.0,-0.017999999225139618,0,1
15.437370865023695,39.453,velocity_zero,0,1,,0.0,0.0,-0.008999999612569809,0,1
15.447707054030616,39.463,velocity_zero,1,2,103.8603515625,103.91763305664062,6.347376346588135,-0.005593602079898119,1,1
15.447707054030616,39.463,velocity_zero,1,1,0.0,-130.9271240234375,0.04371320828795433,-0.6520272493362427,2,1
15.447707054030616,39.463,velocity_zero,0,4,,0.0,-0.0,0.006000000052154064,0,1
15.447707054030616,39.463,velocity_zero,0,1,,0.0,0.0,-0.008999999612569809,0,1
15.457619143009651,39.473,velocity_zero,1,2,103.8603515625,103.89566040039062,11.117362022399902,0.07596852630376816,1,1
15.457619143009651,39.473,velocity_zero,1,1,0.0,-130.9271240234375,0.04371320828795433,-0.6516438722610474,2,1
15.457619143009651,39.473,velocity_zero,0,4,,0.0,-0.0,-0.017999999225139618,0,1
15.457619143009651,39.473,velocity_zero,0,1,,0.0,0.0,-0.07699999958276749,0,1
15.468176009017043,39.483,velocity_zero,1,2,103.8603515625,103.82913208007812,1.6726051568984985,0.14358438551425934,1,1
15.468176009017043,39.483,velocity_zero,1,1,0.0,-130.9271240234375,0.04371320828795433,-0.6515854001045227,2,1
15.468176009017043,39.483,velocity_zero,0,4,,0.0,-0.0,0.006000000052154064,0,1
15.468176009017043,39.483,velocity_zero,0,1,,0.0,0.0,-0.008999999612569809,0,1
15.47776595002506,39.493,velocity_zero,1,2,103.8603515625,103.83477783203125,5.391087532043457,-0.10978717356920242,1,1
15.47776595002506,39.493,velocity_zero,1,1,0.0,-130.9271240234375,0.04371320828795433,-0.652911901473999,2,1
15.47776595002506,39.493,velocity_zero,0,4,,0.0,-0.0,0.03200000151991844,0,1
15.47776595002506,39.493,velocity_zero,0,1,,0.0,0.0,-0.07699999958276749,0,1
15.487913403019775,39.503,velocity_zero,1,2,103.8603515625,103.82345581054688,-13.213827133178711,-0.0754898265004158,1,1
15.487913403019775,39.503,velocity_zero,1,1,0.0,-130.9271240234375,0.04371320828795433,-0.6535806655883789,2,1
15.487913403019775,39.503,velocity_zero,0,4,,0.0,-0.0,0.006000000052154064,0,1
15.487913403019775,39.503,velocity_zero,0,1,,0.0,0.0,0.23999999463558197,0,1
15.497403985995334,39.513,velocity_zero,1,2,103.8603515625,103.91763305664062,3.115877389907837,0.07043322920799255,1,1
15.497403985995334,39.513,velocity_zero,1,1,0.0,-130.9271240234375,0.04371320828795433,-0.6510941386222839,2,1
15.497403985995334,39.513,velocity_zero,0,4,,0.0,-0.0,-0.017999999225139618,0,1
15.497403985995334,39.513,velocity_zero,0,1,,0.0,0.0,-0.008999999612569809,0,1
15.507714237028267,39.523,velocity_zero,1,2,103.8603515625,103.91763305664062,2.654266119003296,0.07047252357006073,1,1
15.507714237028267,39.523,velocity_zero,1,1,0.0,-130.9271240234375,0.04371320828795433,-0.652657687664032,2,1
15.507714237028267,39.523,velocity_zero,0,4,,0.0,-0.0,0.03200000151991844,0,1
15.507714237028267,39.523,velocity_zero,0,1,,0.0,0.0,0.05700000002980232,0,1
15.517471523024142,39.533,velocity_zero,1,2,103.8603515625,103.93960571289062,-1.9618487358093262,0.2669331729412079,1,1
15.517471523024142,39.533,velocity_zero,1,1,0.0,-130.9271240234375,0.04371320828795433,-0.6526520252227783,2,1
15.517471523024142,39.533,velocity_zero,0,4,,0.0,-0.0,0.006000000052154064,0,1
15.517471523024142,39.533,velocity_zero,0,1,,0.0,0.0,-0.008999999612569809,0,1
15.527966391993687,39.543,velocity_zero,1,2,103.8603515625,103.91763305664062,-0.19233810901641846,-0.015206745825707912,1,1
15.527966391993687,39.543,velocity_zero,1,1,0.0,-130.9271240234375,0.04371320828795433,-0.6524158120155334,2,1
15.527966391993687,39.543,velocity_zero,0,4,,0.0,-0.0,-0.017999999225139618,0,1
15.527966391993687,39.543,velocity_zero,0,1,,0.0,0.0,-0.008999999612569809,0,1
15.537808058026712,39.553,velocity_zero,1,2,103.8603515625,103.93960571289062,-0.6539496183395386,0.11780425906181335,1,1
15.537808058026712,39.553,velocity_zero,1,1,0.0,-130.9271240234375,0.04371320828795433,-0.6514183282852173,2,1
15.537808058026712,39.553,velocity_zero,0,4,,0.0,-0.0,-0.017999999225139618,0,1
15.537808058026712,39.553,velocity_zero,0,1,,0.0,0.0,-0.008999999612569809,0,1
15.547883946041111,39.563,velocity_zero,1,2,103.8603515625,103.91763305664062,7.809145927429199,0.15940451622009277,1,1
15.547883946041111,39.563,velocity_zero,1,1,0.0,-130.9271240234375,0.04371320828795433,-0.6552309989929199,2,1
15.547883946041111,39.563,velocity_zero,0,4,,0.0,-0.0,-0.017999999225139618,0,1
15.547883946041111,39.563,velocity_zero,0,1,,0.0,0.0,-0.008999999612569809,0,1
15.557565580005758,39.573,velocity_zero,1,2,103.8603515625,103.81784057617188,0.8726044297218323,0.12412689626216888,1,1
15.557565580005758,39.573,velocity_zero,1,1,0.0,-130.9271240234375,0.04371320828795433,-0.6545935869216919,2,1
15.557565580005758,39.573,velocity_zero,0,4,,0.0,-0.0,0.03200000151991844,0,1
15.557565580005758,39.573,velocity_zero,0,1,,0.0,0.0,-0.008999999612569809,0,1
15.567914223007392,39.583,velocity_zero,1,2,103.8603515625,103.82345581054688,-3.4915597438812256,0.027283182367682457,1,1
15.567914223007392,39.583,velocity_zero,1,1,0.0,-130.9271240234375,0.04371320828795433,-0.6519580483436584,2,1
15.567914223007392,39.583,velocity_zero,0,4,,0.0,-0.0,-0.017999999225139618,0,1
15.567914223007392,39.583,velocity_zero,0,1,,0.0,0.0,-0.008999999612569809,0,1
15.577967588033061,39.593,velocity_zero,1,2,103.8603515625,103.91763305664062,5.8088297843933105,0.15214872360229492,1,1
15.577967588033061,39.593,velocity_zero,1,1,0.0,-130.9271240234375,0.04371320828795433,-0.6550492644309998,2,1
15.577967588033061,39.593,velocity_zero,0,4,,0.0,-0.0,-0.017999999225139618,0,1
15.577967588033061,39.593,velocity_zero,0,1,,0.0,0.0,-0.008999999612569809,0,1
15.587828010029625,39.603,velocity_zero,1,2,103.8603515625,103.82913208007812,4.246697425842285,0.12278492003679276,1,1
15.587828010029625,39.603,velocity_zero,1,1,0.0,-130.9271240234375,0.04371320828795433,-0.6528695821762085,2,1
15.587828010029625,39.603,velocity_zero,0,4,,0.0,-0.0,0.006000000052154064,0,1
15.587828010029625,39.603,velocity_zero,0,1,,0.0,0.0,-0.0020000000949949026,0,1
15.597402862040326,39.613,velocity_zero,1,2,103.8603515625,103.91763305664062,-4.885388374328613,0.06341692060232162,1,1
15.597402862040326,39.613,velocity_zero,1,1,0.0,-130.9271240234375,0.04371320828795433,-0.6523702144622803,2,1
15.597402862040326,39.613,velocity_zero,0,4,,0.0,-0.0,0.006000000052154064,0,1
15.597402862040326,39.613,velocity_zero,0,1,,0.0,0.0,-0.008999999612569809,0,1
15.60770200099796,39.623,velocity_zero,1,2,103.8603515625,103.91763305664062,1.6541078090667725,0.12606920301914215,1,1
15.60770200099796,39.623,velocity_zero,1,1,0.0,-130.9271240234375,0.04371320828795433,-0.6535897850990295,2,1
15.60770200099796,39.623,velocity_zero,0,4,,0.0,-0.0,-0.017999999225139618,0,1
15.60770200099796,39.623,velocity_zero,0,1,,0.0,0.0,-0.008999999612569809,0,1
15.617407671001274,39.633,velocity_zero,1,2,103.8603515625,103.89566040039062,-16.425893783569336,-0.21731838583946228,1,1
15.617407671001274,39.633,velocity_zero,1,1,0.0,-130.9271240234375,0.04371320828795433,-0.6547567844390869,2,1
15.617407671001274,39.633,velocity_zero,0,4,,0.0,-0.0,0.03200000151991844,0,1
15.617407671001274,39.633,velocity_zero,0,1,,0.0,0.0,-0.008999999612569809,0,1
15.627733820991125,39.643,velocity_zero,1,2,103.8603515625,103.91763305664062,-2.0387840270996094,-0.13988687098026276,1,1
15.627733820991125,39.643,velocity_zero,1,1,0.0,-130.9271240234375,0.04371320828795433,-0.6544644236564636,2,1
15.627733820991125,39.643,velocity_zero,0,4,,0.0,-0.0,0.006000000052154064,0,1
15.627733820991125,39.643,velocity_zero,0,1,,0.0,0.0,-0.008999999612569809,0,1
15.637313421990257,39.653,velocity_zero,1,2,103.8603515625,103.93960571289062,4.500711917877197,0.05074649676680565,1,1
15.637313421990257,39.653,velocity_zero,1,1,0.0,-130.9271240234375,0.04371320828795433,-0.6585005521774292,2,1
15.637313421990257,39.653,velocity_zero,0,4,,0.0,-0.0,-0.0430000014603138,0,1
15.637313421990257,39.653,velocity_zero,0,1,,0.0,0.0,-0.008999999612569809,0,1
15.648236540029757,39.663,velocity_zero,1,2,103.8603515625,103.91763305664062,-10.886555671691895,0.29078322649002075,1,1
15.648236540029757,39.663,velocity_zero,1,1,0.0,-130.9271240234375,0.04371320828795433,-0.6524447202682495,2,1
15.648236540029757,39.663,velocity_zero,0,4,,0.0,-0.0,0.006000000052154064,0,1
15.648236540029757,39.663,velocity_zero,0,1,,0.0,0.0,-0.008999999612569809,0,1
15.657445221033413,39.673,velocity_zero,1,2,103.8603515625,103.84051513671875,10.66213321685791,0.3071286380290985,1,1
15.657445221033413,39.673,velocity_zero,1,1,0.0,-130.9271240234375,0.04371320828795433,-0.6531548500061035,2,1
15.657445221033413,39.673,velocity_zero,0,4,,0.0,-0.0,-0.017999999225139618,0,1
15.657445221033413,39.673,velocity_zero,0,1,,0.0,0.0,-0.008999999612569809,0,1
15.668350624036975,39.684,velocity_zero,1,2,103.8603515625,103.83767700195312,2.4465231895446777,0.21289801597595215,1,1
15.668350624036975,39.684,velocity_zero,1,1,0.0,-130.9271240234375,0.04371320828795433,-0.6571195721626282,2,1
15.668350624036975,39.684,velocity_zero,0,4,,0.0,-0.0,-0.017999999225139618,0,1
15.668350624036975,39.684,velocity_zero,0,1,,0.0,0.0,0.05700000002980232,0,1
15.678101830009837,39.693,velocity_zero,1,2,103.8603515625,103.91763305664062,6.270441055297852,0.29081520438194275,1,1
15.678101830009837,39.693,velocity_zero,1,1,0.0,-130.9271240234375,0.04371320828795433,-0.6560356616973877,2,1
15.678101830009837,39.693,velocity_zero,0,4,,0.0,-0.0,-0.017999999225139618,0,1
15.678101830009837,39.693,velocity_zero,0,1,,0.0,0.0,-0.008999999612569809,0,1
15.714447161008138,39.73,disabled,1,2,103.8603515625,103.83767700195312,-7.877388954162598,-0.0,0,1
15.714447161008138,39.73,disabled,1,1,0.0,-130.69036865234375,596.922119140625,-0.6560356616973877,0,1
15.714447161008138,39.73,disabled,0,4,,0.0,-0.0,-0.017999999225139618,0,1
15.714447161008138,39.73,disabled,0,1,,0.0,0.0,-0.008999999612569809,0,1
15.717564835038502,39.733,disabled,1,2,103.8603515625,103.83477783203125,0.1549922376871109,-0.0,0,1
15.717564835038502,39.733,disabled,1,1,0.0,-130.71240234375,-13.9605131149292,-0.0,0,1
15.717564835038502,39.733,disabled,0,4,,0.0,-0.0,0.006000000052154064,0,1
15.717564835038502,39.733,disabled,0,1,,0.0,0.0,-0.008999999612569809,0,1
15.727659679017961,39.743,disabled,1,2,103.8603515625,103.83197021484375,-1.4202415943145752,-0.0,0,1
15.727659679017961,39.743,disabled,1,1,0.0,-130.705078125,10.985676765441895,-0.0,0,1
15.727659679017961,39.743,disabled,0,4,,0.0,-0.0,-0.017999999225139618,0,1
15.727659679017961,39.743,disabled,0,1,,0.0,0.0,-0.008999999612569809,0,1
15.737387470027898,39.753,disabled,1,2,103.8603515625,103.84051513671875,1.5005953311920166,-0.0,0,1
15.737387470027898,39.753,disabled,1,1,0.0,-130.68548583984375,-4.958120346069336,-0.0,0,1
15.737387470027898,39.753,disabled,0,4,,0.0,-0.0,-0.017999999225139618,0,1
15.737387470027898,39.753,disabled,0,1,,0.0,0.0,-0.008999999612569809,0,1
15.747853154025506,39.763,disabled,1,2,103.8603515625,103.83197021484375,7.355523586273193,-0.0,0,1
15.747853154025506,39.763,disabled,1,1,0.0,-130.67822265625,1.1094877187117769e-12,-0.0,0,1
15.747853154025506,39.763,disabled,0,4,,0.0,-0.0,-0.017999999225139618,0,1
15.747853154025506,39.763,disabled,0,1,,0.0,0.0,-0.008999999612569809,0,1
15.757886731997132,39.773,disabled,1,2,103.8603515625,103.83477783203125,2.204953670501709,-0.0,0,1
15.757886731997132,39.773,disabled,1,1,0.0,-130.6806640625,0.0023811236023902893,-0.0,0,1
15.757886731997132,39.773,disabled,0,4,,0.0,-0.0,-0.017999999225139618,0,1
15.757886731997132,39.773,disabled,0,1,,0.0,0.0,-0.008999999612569809,0,1
15.768000381009188,39.783,disabled,1,2,103.8603515625,103.82623291015625,-5.1474714279174805,-0.0,0,1
15.768000381009188,39.783,disabled,1,1,0.0,-130.6806640625,-0.0,-0.0,0,1
15.768000381009188,39.783,disabled,0,4,,0.0,-0.0,-0.017999999225139618,0,1
15.768000381009188,39.783,disabled,0,1,,0.0,0.0,-0.008999999612569809,0,1
15.777354046003893,39.793,disabled,1,2,103.8603515625,103.83477783203125,-1.2274153232574463,-0.0,0,1
15.777354046003893,39.793,disabled,1,1,0.0,-130.6806640625,-0.0,-0.0,0,1
15.777354046003893,39.793,disabled,0,4,,0.0,-0.0,0.054999999701976776,0,1
15.777354046003893,39.793,disabled,0,1,,0.0,0.0,-0.008999999612569809,0,1
15.787675697996747,39.803,disabled,1,2,103.8603515625,103.84051513671875,2.81059193611145,-0.0,0,1
15.787675697996747,39.803,disabled,1,1,0.0,-130.6806640625,-0.0,-0.0,0,1
15.787675697996747,39.803,disabled,0,4,,0.0,-0.0,-0.017999999225139618,0,1
15.787675697996747,39.803,disabled,0,1,,0.0,0.0,-0.008999999612569809,0,1
15.797346922045108,39.813,disabled,1,2,103.8603515625,103.82913208007812,-6.84125280380249,-0.0,0,1
15.797346922045108,39.813,disabled,1,1,0.0,-130.6806640625,-0.0,-0.0,0,1
15.797346922045108,39.813,disabled,0,4,,0.0,-0.0,-0.017999999225139618,0,1
15.797346922045108,39.813,disabled,0,1,,0.0,0.0,-0.008999999612569809,0,1
15.807574757025577,39.823,disabled,1,2,103.8603515625,103.83767700195312,-0.6194787621498108,-0.0,0,1
15.807574757025577,39.823,disabled,1,1,0.0,-130.6806640625,-0.0,-0.0,0,1
15.807574757025577,39.823,disabled,0,4,,0.0,-0.0,-0.017999999225139618,0,1
15.807574757025577,39.823,disabled,0,1,,0.0,0.0,-0.01600000075995922,0,1
15.817272240994498,39.833,disabled,1,2,103.8603515625,103.83767700195312,3.4559402465820312,-0.0,0,1
15.817272240994498,39.833,disabled,1,1,0.0,-130.6806640625,-0.0,-0.0,0,1
15.817272240994498,39.833,disabled,0,4,,0.0,-0.0,0.006000000052154064,0,1
15.817272240994498,39.833,disabled,0,1,,0.0,0.0,-0.008999999612569809,0,1
15.827609021042008,39.843,disabled,1,2,103.8603515625,103.83767700195312,8.241900444030762,-0.0,0,1
15.827609021042008,39.843,disabled,1,1,0.0,-130.6806640625,-0.0,-0.0,0,1
15.827609021042008,39.843,disabled,0,4,,0.0,-0.0,-0.017999999225139618,0,1
15.827609021042008,39.843,disabled,0,1,,0.0,0.0,-0.008999999612569809,0,1
15.837585462024435,39.853,disabled,1,2,103.8603515625,103.84051513671875,5.174037933349609,-0.0,0,1
15.837585462024435,39.853,disabled,1,1,0.0,-130.6806640625,-0.0,-0.0,0,1
15.837585462024435,39.853,disabled,0,4,,0.0,-0.0,-0.017999999225139618,0,1
15.837585462024435,39.853,disabled,0,1,,0.0,0.0,-0.01600000075995922,0,1
15.847658534010407,39.863,disabled,1,2,103.8603515625,103.83477783203125,3.756746768951416,-0.0,0,1
15.847658534010407,39.863,disabled,1,1,0.0,-130.6806640625,-0.0,-0.0,0,1
15.847658534010407,39.863,disabled,0,4,,0.0,-0.0,0.006000000052154064,0,1
15.847658534010407,39.863,disabled,0,1,,0.0,0.0,-0.008999999612569809,0,1
15.857610509032384,39.873,disabled,1,2,103.8603515625,103.83767700195312,-0.2456289827823639,-0.0,0,1
15.857610509032384,39.873,disabled,1,1,0.0,-130.6806640625,-0.0,-0.0,0,1
15.857610509032384,39.873,disabled,0,4,,0.0,-0.0,-0.017999999225139618,0,1
15.857610509032384,39.873,disabled,0,1,,0.0,0.0,-0.008999999612569809,0,1
15.867730689991731,39.883,disabled,1,2,103.8603515625,103.83767700195312,5.064181327819824,-0.0,0,1
15.867730689991731,39.883,disabled,1,1,0.0,-130.6806640625,-0.0,-0.0,0,1
15.867730689991731,39.883,disabled,0,4,,0.0,-0.0,-0.017999999225139618,0,1
15.867730689991731,39.883,disabled,0,1,,0.0,0.0,-0.008999999612569809,0,1
15.877530888014007,39.893,disabled,1,2,103.8603515625,103.84051513671875,5.166398048400879,-0.0,0,1
15.877530888014007,39.893,disabled,1,1,0.0,-130.6806640625,-0.0,-0.0,0,1
15.877530888014007,39.893,disabled,0,4,,0.0,-0.0,-0.017999999225139618,0,1
15.877530888014007,39.893,disabled,0,1,,0.0,0.0,-0.008999999612569809,0,1
15.88770826702239,39.903,disabled,1,2,103.8603515625,103.83767700195312,3.386625289916992,-0.0,0,1
15.88770826702239,39.903,disabled,1,1,0.0,-130.6806640625,-0.0,-0.0,0,1
15.88770826702239,39.903,disabled,0,4,,0.0,-0.0,0.006000000052154064,0,1
15.88770826702239,39.903,disabled,0,1,,0.0,0.0,-0.008999999612569809,0,1
15.897550694993697,39.913,disabled,1,2,103.8603515625,103.83477783203125,5.941585540771484,-0.0,0,1
15.897550694993697,39.913,disabled,1,1,0.0,-130.6806640625,-0.0,-0.0,0,1
15.897550694993697,39.913,disabled,0,4,,0.0,-0.0,-0.017999999225139618,0,1
15.897550694993697,39.913,disabled,0,1,,0.0,0.0,-0.01600000075995922,0,1
15.907685334037524,39.923,disabled,1,2,103.8603515625,103.83477783203125,0.5197043418884277,-0.0,0,1
15.907685334037524,39.923,disabled,1,1,0.0,-130.6806640625,-0.0,-0.0,0,1
15.907685334037524,39.923,disabled,0,4,,0.0,-0.0,-0.0430000014603138,0,1
15.907685334037524,39.923,disabled,0,1,,0.0,0.0,0.05700000002980232,0,1
15.917573657992762,39.933,disabled,1,2,103.8603515625,103.82913208007812,-5.832220077514648,-0.0,0,1
15.917573657992762,39.933,disabled,1,1,0.0,-130.6806640625,-0.0,-0.0,0,1
15.917573657992762,39.933,disabled,0,4,,0.0,-0.0,0.23800000548362732,0,1
15.917573657992762,39.933,disabled,0,1,,0.0,0.0,-0.008999999612569809,0,1
15.927661016990896,39.943,disabled,1,2,103.8603515625,103.83197021484375,-5.027101993560791,-0.0,0,1
15.927661016990896,39.943,disabled,1,1,0.0,-130.6806640625,-0.0,-0.0,0,1
15.927661016990896,39.943,disabled,0,4,,0.0,-0.0,-0.017999999225139618,0,1
15.927661016990896,39.943,disabled,0,1,,0.0,0.0,-0.008999999612569809,0,1
15.93729459104361,39.953,disabled,1,2,103.8603515625,103.83767700195312,-0.3323853313922882,-0.0,0,1
15.93729459104361,39.953,disabled,1,1,0.0,-130.6806640625,-0.0,-0.0,0,1
15.93729459104361,39.953,disabled,0,4,,0.0,-0.0,0.03200000151991844,0,1
15.93729459104361,39.953,disabled,0,1,,0.0,0.0,0.05700000002980232,0,1
15.94781805301318,39.963,disabled,1,2,103.8603515625,103.84051513671875,-0.35451582074165344,-0.0,0,1
15.94781805301318,39.963,disabled,1,1,0.0,-130.6806640625,-0.0,-0.0,0,1
15.94781805301318,39.963,disabled,0,4,,0.0,-0.0,-0.017999999225139618,0,1
15.94781805301318,39.963,disabled,0,1,,0.0,0.0,0.05700000002980232,0,1
15.957545614044648,39.973,disabled,1,2,103.8603515625,103.83477783203125,-2.303091526031494,-0.0,0,1
15.957545614044648,39.973,disabled,1,1,0.0,-130.6806640625,-0.0,-0.0,0,1
15.957545614044648,39.973,disabled,0,4,,0.0,-0.0,-0.017999999225139618,0,1
15.957545614044648,39.973,disabled,0,1,,0.0,0.0,-0.008999999612569809,0,1
15.967553252994549,39.983,disabled,1,2,103.8603515625,103.82913208007812,-4.838698387145996,-0.0,0,1
15.967553252994549,39.983,disabled,1,1,0.0,-130.6806640625,-0.0,-0.0,0,1
15.967553252994549,39.983,disabled,0,4,,0.0,-0.0,0.054999999701976776,0,1
15.967553252994549,39.983,disabled,0,1,,0.0,0.0,-0.008999999612569809,0,1
15.97759807301918,39.993,disabled,1,2,103.8603515625,103.83767700195312,4.202240467071533,-0.0,0,1
15.97759807301918,39.993,disabled,1,1,0.0,-130.6806640625,-0.0,-0.0,0,1
15.97759807301918,39.993,disabled,0,4,,0.0,-0.0,0.03200000151991844,0,1
15.97759807301918,39.993,disabled,0,1,,0.0,0.0,0.05700000002980232,0,1
15.987454076006543,40.003,disabled,1,2,103.8603515625,103.83197021484375,1.107128620147705,-0.0,0,1
15.987454076006543,40.003,disabled,1,1,0.0,-130.6806640625,-0.0,-0.0,0,1
15.987454076006543,40.003,disabled,0,4,,0.0,-0.0,-0.017999999225139618,0,1
15.987454076006543,40.003,disabled,0,1,,0.0,0.0,0.05700000002980232,0,1
15.997346427000593,40.013,disabled,1,2,103.8603515625,103.82913208007812,-13.73466968536377,-0.0,0,1
15.997346427000593,40.013,disabled,1,1,0.0,-130.6806640625,-0.0,-0.0,0,1
15.997346427000593,40.013,disabled,0,4,,0.0,-0.0,-0.06599999964237213,0,1
15.997346427000593,40.013,disabled,0,1,,0.0,0.0,-0.008999999612569809,0,1
16.00774165801704,40.023,disabled,1,2,103.8603515625,103.83197021484375,-7.878424644470215,-0.0,0,1
16.00774165801704,40.023,disabled,1,1,0.0,-130.6806640625,-0.0,-0.0,0,1
16.00774165801704,40.023,disabled,0,4,,0.0,-0.0,0.054999999701976776,0,1
16.00774165801704,40.023,disabled,0,1,,0.0,0.0,-0.008999999612569809,0,1
16.017561051994562,40.033,disabled,1,2,103.8603515625,103.82913208007812,-7.363829612731934,-0.0,0,1
16.017561051994562,40.033,disabled,1,1,0.0,-130.6806640625,-0.0,-0.0,0,1
16.017561051994562,40.033,disabled,0,4,,0.0,-0.0,-0.06599999964237213,0,1
16.017561051994562,40.033,disabled,0,1,,0.0,0.0,-0.008999999612569809,0,1
16.027883766044397,40.043,disabled,1,2,103.8603515625,103.83477783203125,6.481163501739502,-0.0,0,1
16.027883766044397,40.043,disabled,1,1,0.0,-130.6806640625,-0.0,-0.0,0,1
16.027883766044397,40.043,disabled,0,4,,0.0,-0.0,0.03200000151991844,0,1
16.027883766044397,40.043,disabled,0,1,,0.0,0.0,-0.008999999612569809,0,1
16.03731304401299,40.053,disabled,1,2,103.8603515625,103.83767700195312,-0.3940441906452179,-0.0,0,1
16.03731304401299,40.053,disabled,1,1,0.0,-130.67822265625,4.927110428585754e-28,-0.0,0,1
16.03731304401299,40.053,disabled,0,4,,0.0,-0.0,-0.017999999225139618,0,1
16.03731304401299,40.053,disabled,0,1,,0.0,0.0,-0.008999999612569809,0,1
16.047655734990258,40.063,disabled,1,2,103.8603515625,103.83477783203125,-1.7370885610580444,-0.0,0,1
16.047655734990258,40.063,disabled,1,1,0.0,-130.67822265625,-0.0,-0.0,0,1
16.047655734990258,40.063,disabled,0,4,,0.0,-0.0,-0.017999999225139618,0,1
16.047655734990258,40.063,disabled,0,1,,0.0,0.0,-0.008999999612569809,0,1
16.057613048993517,40.073,disabled,1,2,103.8603515625,103.83767700195312,-1.0618232488632202,-0.0,0,1
16.057613048993517,40.073,disabled,1,1,0.0,-130.6806640625,-0.0,-0.0,0,1
16.057613048993517,40.073,disabled,0,4,,0.0,-0.0,-0.017999999225139618,0,1
16.057613048993517,40.073,disabled,0,1,,0.0,0.0,-0.008999999612569809,0,1
16.06754079804523,40.083,disabled,1,2,103.8603515625,103.83767700195312,-3.4107666015625,-0.0,0,1
16.06754079804523,40.083,disabled,1,1,0.0,-130.6806640625,-0.0,-0.0,0,1
16.06754079804523,40.083,disabled,0,4,,0.0,-0.0,-0.017999999225139618,0,1
16.06754079804523,40.083,disabled,0,1,,0.0,0.0,-0.008999999612569809,0,1
16.07742369204061,40.093,disabled,1,2,103.8603515625,103.83477783203125,-8.116384506225586,-0.0,0,1
16.07742369204061,40.093,disabled,1,1,0.0,-130.6806640625,-0.0,-0.0,0,1
16.07742369204061,40.093,disabled,0,4,,0.0,-0.0,-0.017999999225139618,0,1
16.07742369204061,40.093,disabled,0,1,,0.0,0.0,-0.008999999612569809,0,1
16.08758058201056,40.103,disabled,1,2,103.8603515625,103.83477783203125,-4.710297584533691,-0.0,0,1
16.08758058201056,40.103,disabled,1,1,0.0,-130.67822265625,7.100714460861468e-11,-0.0,0,1
16.08758058201056,40.103,disabled,0,4,,0.0,-0.0,-0.017999999225139618,0,1
16.08758058201056,40.103,disabled,0,1,,0.0,0.0,-0.008999999612569809,0,1
16.097418541030493,40.113,disabled,1,2,103.8603515625,103.84329223632812,8.184289932250977,-0.0,0,1
16.097418541030493,40.113,disabled,1,1,0.0,-130.67822265625,-0.0,-0.0,0,1
16.097418541030493,40.113,disabled,0,4,,0.0,-0.0,-0.017999999225139618,0,1
16.097418541030493,40.113,disabled,0,1,,0.0,0.0,-0.07699999958276749,0,1
16.10785713401856,40.123,disabled,1,2,103.8603515625,103.83477783203125,-0.9817334413528442,-0.0,0,1
16.10785713401856,40.123,disabled,1,1,0.0,-130.67822265625,-0.0,-0.0,0,1
16.10785713401856,40.123,disabled,0,4,,0.0,-0.0,0.006000000052154064,0,1
16.10785713401856,40.123,disabled,0,1,,0.0,0.0,0.05700000002980232,0,1
16.117428390018176,40.133,disabled,1,2,103.8603515625,103.83767700195312,2.083242654800415,-0.0,0,1
16.117428390018176,40.133,disabled,1,1,0.0,-130.67822265625,-0.0,-0.0,0,1
16.117428390018176,40.133,disabled,0,4,,0.0,-0.0,-0.017999999225139618,0,1
16.117428390018176,40.133,disabled,0,1,,0.0,0.0,-0.008999999612569809,0,1
16.127678777032997,40.143,disabled,1,2,103.8603515625,103.83767700195312,-0.4839381277561188,-0.0,0,1
16.127678777032997,40.143,disabled,1,1,0.0,-130.67822265625,-0.0,-0.0,0,1
16.127678777032997,40.143,disabled,0,4,,0.0,-0.0,0.006000000052154064,0,1
16.127678777032997,40.143,disabled,0,1,,0.0,0.0,-0.01600000075995922,0,1
16.137492620036937,40.153,disabled,1,2,103.8603515625,103.84051513671875,1.6265374422073364,-0.0,0,1
16.137492620036937,40.153,disabled,1,1,0.0,-130.67822265625,-0.0,-0.0,0,1
16.137492620036937,40.153,disabled,0,4,,0.0,-0.0,0.03200000151991844,0,1
16.137492620036937,40.153,disabled,0,1,,0.0,0.0,-0.008999999612569809,0,1
16.147662686009426,40.163,disabled,1,2,103.8603515625,103.83767700195312,0.14381997287273407,-0.0,0,1
16.147662686009426,40.163,disabled,1,1,0.0,-130.67822265625,-0.0,-0.0,0,1
16.147662686009426,40.163,disabled,0,4,,0.0,-0.0,0.054999999701976776,0,1
16.147662686009426,40.163,disabled,0,1,,0.0,0.0,-0.008999999612569809,0,1
16.157332808012143,40.173,disabled,1,2,103.8603515625,103.82913208007812,-9.075419425964355,-0.0,0,1
16.157332808012143,40.173,disabled,1,1,0.0,-130.67822265625,-0.0,-0.0,0,1
16.157332808012143,40.173,disabled,0,4,,0.0,-0.0,-0.017999999225139618,0,1
16.157332808012143,40.173,disabled,0,1,,0.0,0.0,0.05700000002980232,0,1
16.167549592035357,40.183,disabled,1,2,103.8603515625,103.82623291015625,-7.706709384918213,-0.0,0,1
16.167549592035357,40.183,disabled,1,1,0.0,-130.67822265625,-0.0,-0.0,0,1
16.167549592035357,40.183,disabled,0,4,,0.0,-0.0,-0.017999999225139618,0,1
16.167549592035357,40.183,disabled,0,1,,0.0,0.0,-0.008999999612569809,0,1
16.177456582023297,40.193,disabled,1,2,103.8603515625,103.83767700195312,6.6979146003723145,-0.0,0,1
16.177456582023297,40.193,disabled,1,1,0.0,-130.67822265625,-0.0,-0.0,0,1
16.177456582023297,40.193,disabled,0,4,,0.0,-0.0,0.006000000052154064,0,1
16.177456582023297,40.193,disabled,0,1,,0.0,0.0,0.05700000002980232,0,1
16.187536567042116,40.203,disabled,1,2,103.8603515625,103.83477783203125,-1.1975728273391724,-0.0,0,1
16.187536567042116,40.203,disabled,1,1,0.0,-130.6806640625,-0.000297825550660491,-0.0,0,1
16.187536567042116,40.203,disabled,0,4,,0.0,-0.0,-0.017999999225139618,0,1
16.187536567042116,40.203,disabled,0,1,,0.0,0.0,0.05000000074505806,0,1
16.197425262012985,40.213,disabled,1,2,103.8603515625,103.83767700195312,-0.012234361842274666,-0.0,0,1
16.197425262012985,40.213,disabled,1,1,0.0,-130.6806640625,-0.0,-0.0,0,1
16.197425262012985,40.213,disabled,0,4,,0.0,-0.0,-0.017999999225139618,0,1
16.197425262012985,40.213,disabled,0,1,,0.0,0.0,0.05700000002980232,0,1
16.20761590701295,40.223,disabled,1,2,103.8603515625,103.83197021484375,-1.3489373922348022,-0.0,0,1
16.20761590701295,40.223,disabled,1,1,0.0,-130.6806640625,-0.0,-0.0,0,1
16.20761590701295,40.223,disabled,0,4,,0.0,-0.0,0.006000000052154064,0,1
16.20761590701295,40.223,disabled,0,1,,0.0,0.0,-0.008999999612569809,0,1
16.217498149024323,40.233,disabled,1,2,103.8603515625,103.84051513671875,2.5766217708587646,-0.0,0,1
16.217498149024323,40.233,disabled,1,1,0.0,-130.67822265625,5.680571568689174e-10,-0.0,0,1
16.217498149024323,40.233,disabled,0,4,,0.0,-0.0,-0.017999999225139618,0,1
16.217498149024323,40.233,disabled,0,1,,0.0,0.0,-0.08299999684095383,0,1
16.22767524799565,40.243,disabled,1,2,103.8603515625,103.83767700195312,5.31215763092041,-0.0,0,1
16.22767524799565,40.243,disabled,1,1,0.0,-130.67822265625,-0.0,-0.0,0,1
16.22767524799565,40.243,disabled,0,4,,0.0,-0.0,-0.017999999225139618,0,1
16.22767524799565,40.243,disabled,0,1,,0.0,0.0,-0.008999999612569809,0,1
16.237280267989263,40.253,disabled,1,2,103.8603515625,103.83197021484375,-4.4865241050720215,-0.0,0,1
16.237280267989263,40.253,disabled,1,1,0.0,-130.67822265625,-0.0,-0.0,0,1
16.237280267989263,40.253,disabled,0,4,,0.0,-0.0,-0.017999999225139618,0,1
16.237280267989263,40.253,disabled,0,1,,0.0,0.0,-0.008999999612569809,0,1
16.24792256503133,40.263,disabled,1,2,103.8603515625,103.84051513671875,-0.18948966264724731,-0.0,0,1
16.24792256503133,40.263,disabled,1,1,0.0,-130.67822265625,-0.0,-0.0,0,1
16.24792256503133,40.263,disabled,0,4,,0.0,-0.0,0.03200000151991844,0,1
16.24792256503133,40.263,disabled,0,1,,0.0,0.0,-0.008999999612569809,0,1
16.257519759004936,40.273,disabled,1,2,103.8603515625,103.83197021484375,-2.977588176727295,-0.0,0,1
16.257519759004936,40.273,disabled,1,1,0.0,-130.67822265625,-0.0,-0.0,0,1
16.257519759004936,40.273,disabled,0,4,,0.0,-0.0,-0.017999999225139618,0,1
16.257519759004936,40.273,disabled,0,1,,0.0,0.0,-0.008999999612569809,0,1
16.26745549304178,40.283,disabled,1,2,103.8603515625,103.83477783203125,0.13487200438976288,-0.0,0,1
16.26745549304178,40.283,disabled,1,1,0.0,-130.67822265625,-0.0,-0.0,0,1
16.26745549304178,40.283,disabled,0,4,,0.0,-0.0,-0.017999999225139618,0,1
16.26745549304178,40.283,disabled,0,1,,0.0,0.0,-0.008999999612569809,0,1
16.277603146038018,40.293,disabled,1,2,103.8603515625,103.83197021484375,-0.24618135392665863,-0.0,0,1
16.277603146038018,40.293,disabled,1,1,0.0,-130.67822265625,-0.0,-0.0,0,1
16.277603146038018,40.293,disabled,0,4,,0.0,-0.0,-0.017999999225139618,0,1
16.277603146038018,40.293,disabled,0,1,,0.0,0.0,-0.01600000075995922,0,1
16.28751147800358,40.303,disabled,1,2,103.8603515625,103.82913208007812,-2.733682632446289,-0.0,0,1
16.28751147800358,40.303,disabled,1,1,0.0,-130.67822265625,-0.0,-0.0,0,1
16.28751147800358,40.303,disabled,0,4,,0.0,-0.0,-0.017999999225139618,0,1
16.28751147800358,40.303,disabled,0,1,,0.0,0.0,-0.008999999612569809,0,1
16.297574682044797,40.313,disabled,1,2,103.8603515625,103.83477783203125,-4.805926322937012,-0.0,0,1
16.297574682044797,40.313,disabled,1,1,0.0,-130.67822265625,-0.0,-0.0,0,1
16.297574682044797,40.313,disabled,0,4,,0.0,-0.0,-0.017999999225139618,0,1
16.297574682044797,40.313,disabled,0,1,,0.0,0.0,-0.008999999612569809,0,1
16.307717537041754,40.323,disabled,1,2,103.8603515625,103.84613037109375,5.954871654510498,-0.0,0,1
16.307717537041754,40.323,disabled,1,1,0.0,-130.67822265625,-0.0,-0.0,0,1
16.307717537041754,40.323,disabled,0,4,,0.0,-0.0,-0.017999999225139618,0,1
16.307717537041754,40.323,disabled,0,1,,0.0,0.0,-0.008999999612569809,0,1
16.317549374012742,40.333,disabled,1,2,103.8603515625,103.83477783203125,-7.364768981933594,-0.0,0,1
16.317549374012742,40.333,disabled,1,1,0.0,-130.67822265625,-0.0,-0.0,0,1
16.317549374012742,40.333,disabled,0,4,,0.0,-0.0,-0.017999999225139618,0,1
16.317549374012742,40.333,disabled,0,1,,0.0,0.0,-0.008999999612569809,0,1
16.327724419010337,40.343,disabled,1,2,103.8603515625,103.83477783203125,2.4381134510040283,-0.0,0,1
16.327724419010337,40.343,disabled,1,1,0.0,-130.67822265625,-0.0,-0.0,0,1
16.327724419010337,40.343,disabled,0,4,,0.0,-0.0,-0.017999999225139618,0,1
16.327724419010337,40.343,disabled,0,1,,0.0,0.0,-0.008999999612569809,0,1
16.33748927002307,40.353,disabled,1,2,103.8603515625,103.83197021484375,-2.677194118499756,-0.0,0,1
16.33748927002307,40.353,disabled,1,1,0.0,-130.67822265625,-0.0,-0.0,0,1
16.33748927002307,40.353,disabled,0,4,,0.0,-0.0,-0.017999999225139618,0,1
16.33748927002307,40.353,disabled,0,1,,0.0,0.0,-0.0020000000949949026,0,1
16.347693210002035,40.363,disabled,1,2,103.8603515625,103.84051513671875,-1.7623211145401,-0.0,0,1
16.347693210002035,40.363,disabled,1,1,0.0,-130.67822265625,-0.0,-0.0,0,1
16.347693210002035,40.363,disabled,0,4,,0.0,-0.0,0.006000000052154064,0,1
16.347693210002035,40.363,disabled,0,1,,0.0,0.0,-0.01600000075995922,0,1
16.35740481002722,40.373,disabled,1,2,103.8603515625,103.84051513671875,0.6612167954444885,-0.0,0,1
16.35740481002722,40.373,disabled,1,1,0.0,-130.67822265625,-0.0,-0.0,0,1
16.35740481002722,40.373,disabled,0,4,,0.0,-0.0,0.006000000052154064,0,1
16.35740481002722,40.373,disabled,0,1,,0.0,0.0,-0.07699999958276749,0,1
16.36803534498904,40.383,disabled,1,2,103.8603515625,103.84051513671875,2.438896417617798,-0.0,0,1
16.36803534498904,40.383,disabled,1,1,0.0,-130.67822265625,-0.0,-0.0,0,1
16.36803534498904,40.383,disabled,0,4,,0.0,-0.0,-0.017999999225139618,0,1
16.36803534498904,40.383,disabled,0,1,,0.0,0.0,0.05700000002980232,0,1
16.37741390703013,40.393,disabled,1,2,103.8603515625,103.83197021484375,-2.817420721054077,-0.0,0,1
16.37741390703013,40.393,disabled,1,1,0.0,-130.67822265625,-0.0,-0.0,0,1
16.37741390703013,40.393,disabled,0,4,,0.0,-0.0,-0.06599999964237213,0,1
16.37741390703013,40.393,disabled,0,1,,0.0,0.0,0.05700000002980232,0,1
16.387287413002923,40.403,disabled,1,2,103.8603515625,103.83197021484375,-8.403603553771973,-0.0,0,1
16.387287413002923,40.403,disabled,1,1,0.0,-130.67822265625,-0.0,-0.0,0,1
16.387287413002923,40.403,disabled,0,4,,0.0,-0.0,0.006000000052154064,0,1
16.387287413002923,40.403,disabled,0,1,,0.0,0.0,-0.008999999612569809,0,1
16.39760833402397,40.413,disabled,1,2,103.8603515625,103.83197021484375,-3.7539916038513184,-0.0,0,1
16.39760833402397,40.413,disabled,1,1,0.0,-130.67822265625,-0.0,-0.0,0,1
16.39760833402397,40.413,disabled,0,4,,0.0,-0.0,-0.017999999225139618,0,1
16.39760833402397,40.413,disabled,0,1,,0.0,0.0,-0.008999999612569809,0,1
16.407721222029068,40.423,disabled,1,2,103.8603515625,103.84613037109375,3.9729795455932617,-0.0,0,1
16.407721222029068,40.423,disabled,1,1,0.0,-130.67822265625,-0.0,-0.0,0,1
16.407721222029068,40.423,disabled,0,4,,0.0,-0.0,-0.017999999225139618,0,1
16.407721222029068,40.423,disabled,0,1,,0.0,0.0,0.05700000002980232,0,1
16.41731535003055,40.433,disabled,1,2,103.8603515625,103.83197021484375,-3.096755027770996,-0.0,0,1
16.41731535003055,40.433,disabled,1,1,0.0,-130.67822265625,-0.0,-0.0,0,1
16.41731535003055,40.433,disabled,0,4,,0.0,-0.0,0.006000000052154064,0,1
16.41731535003055,40.433,disabled,0,1,,0.0,0.0,-0.01600000075995922,0,1
16.43388296099147,40.449,disabled,1,2,103.8603515625,103.83767700195312,2.6107490062713623,-0.0,0,1
16.43388296099147,40.449,disabled,1,1,0.0,-130.67822265625,-0.0,-0.0,0,1
16.43388296099147,40.449,disabled,0,4,,0.0,-0.0,-0.017999999225139618,0,1
16.43388296099147,40.449,disabled,0,1,,0.0,0.0,-0.008999999612569809,0,1
16.43758649204392,40.453,disabled,1,2,103.8603515625,103.83767700195312,2.6107490062713623,-0.0,0,1
16.43758649204392,40.453,disabled,1,1,0.0,-130.67822265625,-0.0,-0.0,0,1
16.43758649204392,40.453,disabled,0,4,,0.0,-0.0,0.054999999701976776,0,1
16.43758649204392,40.453,disabled,0,1,,0.0,0.0,-0.19900000095367432,0,1
16.447756848006975,40.463,disabled,1,2,103.8603515625,103.83767700195312,-0.330782026052475,-0.0,0,1
16.447756848006975,40.463,disabled,1,1,0.0,-130.67822265625,-0.0,-0.0,0,1
16.447756848006975,40.463,disabled,0,4,,0.0,-0.0,0.006000000052154064,0,1
16.447756848006975,40.463,disabled,0,1,,0.0,0.0,-0.008999999612569809,0,1
16.45756023202557,40.473,disabled,1,2,103.8603515625,103.83767700195312,-1.1639668941497803,-0.0,0,1
16.45756023202557,40.473,disabled,1,1,0.0,-130.67822265625,-0.0,-0.0,0,1
16.45756023202557,40.473,disabled,0,4,,0.0,-0.0,0.03200000151991844,0,1
16.45756023202557,40.473,disabled,0,1,,0.0,0.0,-0.008999999612569809,0,1
16.467599040013738,40.483,disabled,1,2,103.8603515625,103.84613037109375,4.405084133148193,-0.0,0,1
16.467599040013738,40.483,disabled,1,1,0.0,-130.67822265625,-0.0,-0.0,0,1
16.467599040013738,40.483,disabled,0,4,,0.0,-0.0,-0.017999999225139618,0,1
16.467599040013738,40.483,disabled,0,1,,0.0,0.0,-0.008999999612569809,0,1
16.477673415036406,40.493,disabled,1,2,103.8603515625,103.82913208007812,-9.689462661743164,-0.0,0,1
16.477673415036406,40.493,disabled,1,1,0.0,-130.67822265625,-0.0,-0.0,0,1
16.477673415036406,40.493,disabled,0,4,,0.0,-0.0,-0.017999999225139618,0,1
16.477673415036406,40.493,disabled,0,1,,0.0,0.0,-0.008999999612569809,0,1
16.48778902803315,40.503,disabled,1,2,103.8603515625,103.84329223632812,7.927785396575928,-0.0,0,1
16.48778902803315,40.503,disabled,1,1,0.0,-130.67822265625,-0.0,-0.0,0,1
16.48778902803315,40.503,disabled,0,4,,0.0,-0.0,0.006000000052154064,0,1
16.48778902803315,40.503,disabled,0,1,,0.0,0.0,-0.07699999958276749,0,1
16.49735681700986,40.513,disabled,1,2,103.8603515625,103.82913208007812,-8.644369125366211,-0.0,0,1
16.49735681700986,40.513,disabled,1,1,0.0,-130.67822265625,-0.0,-0.0,0,1
16.49735681700986,40.513,disabled,0,4,,0.0,-0.0,0.006000000052154064,0,1
16.49735681700986,40.513,disabled,0,1,,0.0,0.0,-0.19900000095367432,0,1
16.507695611042436,40.523,disabled,1,2,103.8603515625,103.84051513671875,2.5130112171173096,-0.0,0,1
16.507695611042436,40.523,disabled,1,1,0.0,-130.67822265625,-0.0,-0.0,0,1
16.507695611042436,40.523,disabled,0,4,,0.0,-0.0,0.006000000052154064,0,1
16.507695611042436,40.523,disabled,0,1,,0.0,0.0,-0.008999999612569809,0,1
16.51730425702408,40.533,disabled,1,2,103.8603515625,103.83767700195312,0.19657102227210999,-0.0,0,1
16.51730425702408,40.533,disabled,1,1,0.0,-130.67822265625,-0.0,-0.0,0,1
16.51730425702408,40.533,disabled,0,4,,0.0,-0.0,0.054999999701976776,0,1
16.51730425702408,40.533,disabled,0,1,,0.0,0.0,-0.008999999612569809,0,1
16.527878686029,40.543,disabled,1,2,103.8603515625,103.83477783203125,1.7218897342681885,-0.0,0,1
16.527878686029,40.543,disabled,1,1,0.0,-130.67822265625,-0.0,-0.0,0,1
16.527878686029,40.543,disabled,0,4,,0.0,-0.0,0.006000000052154064,0,1
16.527878686029,40.543,disabled,0,1,,0.0,0.0,-0.008999999612569809,0,1
16.537374589999672,40.553,disabled,1,2,103.8603515625,103.83477783203125,-1.597538948059082,-0.0,0,1
16.537374589999672,40.553,disabled,1,1,0.0,-130.67822265625,-0.0,-0.0,0,1
16.537374589999672,40.553,disabled,0,4,,0.0,-0.0,-0.017999999225139618,0,1
16.537374589999672,40.553,disabled,0,1,,0.0,0.0,-0.008999999612569809,0,1
16.547622653015424,40.563,disabled,1,2,103.8603515625,103.84051513671875,3.3812625408172607,-0.0,0,1
16.547622653015424,40.563,disabled,1,1,0.0,-130.67822265625,-0.0,-0.0,0,1
16.547622653015424,40.563,disabled,0,4,,0.0,-0.0,-0.017999999225139618,0,1
16.547622653015424,40.563,disabled,0,1,,0.0,0.0,-0.0020000000949949026,0,1
16.557633498043288,40.573,disabled,1,2,103.8603515625,103.83767700195312,3.0525636672973633,-0.0,0,1
16.557633498043288,40.573,disabled,1,1,0.0,-130.67822265625,-0.0,-0.0,0,1
16.557633498043288,40.573,disabled,0,4,,0.0,-0.0,-0.017999999225139618,0,1
16.557633498043288,40.573,disabled,0,1,,0.0,0.0,-0.0020000000949949026,0,1
16.567560955998488,40.583,disabled,1,2,103.8603515625,103.83197021484375,-3.9122304916381836,-0.0,0,1
16.567560955998488,40.583,disabled,1,1,0.0,-130.67822265625,-0.0,-0.0,0,1
16.567560955998488,40.583,disabled,0,4,,0.0,-0.0,-0.017999999225139618,0,1
16.567560955998488,40.583,disabled,0,1,,0.0,0.0,-0.008999999612569809,0,1
16.57786733901594,40.593,disabled,1,2,103.8603515625,103.83477783203125,1.1101512908935547,-0.0,0,1
16.57786733901594,40.593,disabled,1,1,0.0,-130.67822265625,-0.0,-0.0,0,1
16.57786733901594,40.593,disabled,0,4,,0.0,-0.0,-0.017999999225139618,0,1
16.57786733901594,40.593,disabled,0,1,,0.0,0.0,-0.01600000075995922,0,1
16.58772351202788,40.603,disabled,1,2,103.8603515625,103.83767700195312,-5.474880218505859,-0.0,0,1
16.58772351202788,40.603,disabled,1,1,0.0,-130.67822265625,-0.0,-0.0,0,1
16.58772351202788,40.603,disabled,0,4,,0.0,-0.0,0.006000000052154064,0,1
16.58772351202788,40.603,disabled,0,1,,0.0,0.0,-0.008999999612569809,0,1
16.59760515403468,40.613,disabled,1,2,103.8603515625,103.83477783203125,3.3445911407470703,-0.0,0,1
16.59760515403468,40.613,disabled,1,1,0.0,-130.67822265625,-0.0,-0.0,0,1
16.59760515403468,40.613,disabled,0,4,,0.0,-0.0,-0.017999999225139618,0,1
16.59760515403468,40.613,disabled,0,1,,0.0,0.0,0.05700000002980232,0,1
16.607841294026002,40.623,disabled,1,2,103.8603515625,103.83767700195312,-2.964848041534424,-0.0,0,1
16.607841294026002,40.623,disabled,1,1,0.0,-130.67822265625,-0.0,-0.0,0,1
16.607841294026002,40.623,disabled,0,4,,0.0,-0.0,-0.017999999225139618,0,1
16.607841294026002,40.623,disabled,0,1,,0.0,0.0,-0.008999999612569809,0,1
16.61758564703632,40.633,disabled,1,2,103.8603515625,103.83477783203125,-5.056455612182617,-0.0,0,1
16.61758564703632,40.633,disabled,1,1,0.0,-130.67822265625,-0.0,-0.0,0,1
16.61758564703632,40.633,disabled,0,4,,0.0,-0.0,0.006000000052154064,0,1
16.61758564703632,40.633,disabled,0,1,,0.0,0.0,-0.01600000075995922,0,1
16.627926665009,40.643,disabled,1,2,103.8603515625,103.83767700195312,0.7055941820144653,-0.0,0,1
16.627926665009,40.643,disabled,1,1,0.0,-130.67822265625,-0.0,-0.0,0,1
16.627926665009,40.643,disabled,0,4,,0.0,-0.0,-0.017999999225139618,0,1
16.627926665009,40.643,disabled,0,1,,0.0,0.0,-0.07699999958276749,0,1
16.637358998006675,40.653,disabled,1,2,103.8603515625,103.82913208007812,0.4090116024017334,-0.0,0,1
16.637358998006675,40.653,disabled,1,1,0.0,-130.67822265625,-0.0,-0.0,0,1
16.637358998006675,40.653,disabled,0,4,,0.0,-0.0,-0.017999999225139618,0,1
16.637358998006675,40.653,disabled,0,1,,0.0,0.0,-0.008999999612569809,0,1
16.64765947003616,40.663,disabled,1,2,103.8603515625,103.84051513671875,8.339746475219727,-0.0,0,1
16.64765947003616,40.663,disabled,1,1,0.0,-130.67822265625,-0.0,-0.0,0,1
16.64765947003616,40.663,disabled,0,4,,0.0,-0.0,0.054999999701976776,0,1
16.64765947003616,40.663,disabled,0,1,,0.0,0.0,-0.008999999612569809,0,1
16.65732509404188,40.673,disabled,1,2,103.8603515625,103.83767700195312,1.9303406476974487,-0.0,0,1
16.65732509404188,40.673,disabled,1,1,0.0,-130.67822265625,-0.0,-0.0,0,1
16.65732509404188,40.673,disabled,0,4,,0.0,-0.0,0.006000000052154064,0,1
16.65732509404188,40.673,disabled,0,1,,0.0,0.0,-0.008999999612569809,0,1
16.66759336501127,40.683,disabled,1,2,103.8603515625,103.83767700195312,1.6241952180862427,-0.0,0,1
16.66759336501127,40.683,disabled,1,1,0.0,-130.67822265625,-0.0,-0.0,0,1
16.66759336501127,40.683,disabled,0,4,,0.0,-0.0,0.006000000052154064,0,1
16.66759336501127,40.683,disabled,0,1,,0.0,0.0,-0.008999999612569809,0,1
16.677660386019852,40.693,disabled,1,2,103.8603515625,103.83767700195312,-2.728527545928955,-0.0,0,1
16.677660386019852,40.693,disabled,1,1,0.0,-130.67822265625,-0.0,-0.0,0,1
16.677660386019852,40.693,disabled,0,4,,0.0,-0.0,0.03200000151991844,0,1
16.677660386019852,40.693,disabled,0,1,,0.0,0.0,-0.008999999612569809,0,1
16.687953104032204,40.703,disabled,1,2,103.8603515625,103.82623291015625,-8.926833152770996,-0.0,0,1
16.687953104032204,40.703,disabled,1,1,0.0,-130.67822265625,-0.0,-0.0,0,1
16.687953104032204,40.703,disabled,0,4,,0.0,-0.0,0.03200000151991844,0,1
16.687953104032204,40.703,disabled,0,1,,0.0,0.0,-0.008999999612569809,0,1
16.697854191996157,40.713,disabled,1,2,103.8603515625,103.84613037109375,9.269842147827148,-0.0,0,1
16.697854191996157,40.713,disabled,1,1,0.0,-130.67822265625,-0.0,-0.0,0,1
16.697854191996157,40.713,disabled,0,4,,0.0,-0.0,-0.017999999225139618,0,1
16.697854191996157,40.713,disabled,0,1,,0.0,0.0,-0.008999999612569809,0,1
16.707844729011413,40.723,disabled,1,2,103.8603515625,103.83477783203125,-6.4004621505737305,-0.0,0,1
16.707844729011413,40.723,disabled,1,1,0.0,-130.67822265625,-0.0,-0.0,0,1
16.707844729011413,40.723,disabled,0,4,,0.0,-0.0,-0.017999999225139618,0,1
16.707844729011413,40.723,disabled,0,1,,0.0,0.0,-0.008999999612569809,0,1
